Accession	Identifier	Description	Type	Regex
3DID_14-3-3_LIG_0-0	3DID_14-3-3_LIG_0-0	3did structural motif for 14-3-3	pattern	[HR]S.P
3DID_14-3-3_LIG_0-1	3DID_14-3-3_LIG_0-1	3did structural motif for 14-3-3	pattern	[ST].[ST].P
3DID_14-3-3_LIG_0-16	3DID_14-3-3_LIG_0-16	3did structural motif for 14-3-3	pattern	R.{0,2}S.{0,1}S
3DID_14-3-3_LIG_0-18	3DID_14-3-3_LIG_0-18	3did structural motif for 14-3-3	pattern	R.{0,2}S.{0,2}S
3DID_14-3-3_LIG_0-19	3DID_14-3-3_LIG_0-19	3did structural motif for 14-3-3	pattern	[ST]LP
3DID_14-3-3_LIG_0-2	3DID_14-3-3_LIG_0-2	3did structural motif for 14-3-3	pattern	R..S.P
3DID_14-3-3_LIG_0-21	3DID_14-3-3_LIG_0-21	3did structural motif for 14-3-3	pattern	S.P[AGS]
3DID_14-3-3_LIG_0-29	3DID_14-3-3_LIG_0-29	3did structural motif for 14-3-3	pattern	S.{0,2}L.{0,2}P
3DID_14-3-3_LIG_0-35	3DID_14-3-3_LIG_0-35	3did structural motif for 14-3-3	pattern	R..S[ST]
3DID_14-3-3_LIG_0-4	3DID_14-3-3_LIG_0-4	3did structural motif for 14-3-3	pattern	R..[ST].P
3DID_14-3-3_LIG_0-5	3DID_14-3-3_LIG_0-5	3did structural motif for 14-3-3	pattern	R.{0,2}S.P
3DID_14-3-3_LIG_0-59	3DID_14-3-3_LIG_0-59	3did structural motif for 14-3-3	pattern	R[AS].S
3DID_14-3-3_LIG_0-8	3DID_14-3-3_LIG_0-8	3did structural motif for 14-3-3	pattern	[AS].[ST].P
3DID_14-3-3_LIG_0-88	3DID_14-3-3_LIG_0-88	3did structural motif for 14-3-3	pattern	R.{0,2}S.{0,2}A
3DID_14-3-3_LIG_0-9	3DID_14-3-3_LIG_0-9	3did structural motif for 14-3-3	pattern	R[ST].S
3DID_14-3-3_LIG_0-93	3DID_14-3-3_LIG_0-93	3did structural motif for 14-3-3	pattern	S.{0,1}S.{0,2}S
3DID_14-3-3_LIG_1-0	3DID_14-3-3_LIG_1-0	3did structural motif for 14-3-3	pattern	RR..S
3DID_14-3-3_LIG_10-0	3DID_14-3-3_LIG_10-0	3did structural motif for 14-3-3	pattern	LDL
3DID_14-3-3_LIG_10-1	3DID_14-3-3_LIG_10-1	3did structural motif for 14-3-3	pattern	G.LD..D
3DID_14-3-3_LIG_10-7	3DID_14-3-3_LIG_10-7	3did structural motif for 14-3-3	pattern	[LM]..LD
3DID_14-3-3_LIG_11-0	3DID_14-3-3_LIG_11-0	3did structural motif for 14-3-3	pattern	[AS].S.P
3DID_14-3-3_LIG_11-1	3DID_14-3-3_LIG_11-1	3did structural motif for 14-3-3	pattern	SQ..ST
3DID_14-3-3_LIG_11-22	3DID_14-3-3_LIG_11-22	3did structural motif for 14-3-3	pattern	S.{0,1}P.{0,1}S
3DID_14-3-3_LIG_11-24	3DID_14-3-3_LIG_11-24	3did structural motif for 14-3-3	pattern	[GS]S..[GS]
3DID_14-3-3_LIG_11-3	3DID_14-3-3_LIG_11-3	3did structural motif for 14-3-3	pattern	S.{0,1}S.{0,1}P
3DID_14-3-3_LIG_11-38	3DID_14-3-3_LIG_11-38	3did structural motif for 14-3-3	pattern	GS.P
3DID_14-3-3_LIG_11-41	3DID_14-3-3_LIG_11-41	3did structural motif for 14-3-3	pattern	S.P..L
3DID_14-3-3_LIG_11-7	3DID_14-3-3_LIG_11-7	3did structural motif for 14-3-3	pattern	S.AS
3DID_14-3-3_LIG_11-9	3DID_14-3-3_LIG_11-9	3did structural motif for 14-3-3	pattern	SP[AS]
3DID_14-3-3_LIG_4-0	3DID_14-3-3_LIG_4-0	3did structural motif for 14-3-3	pattern	[ST]LP
3DID_14-3-3_LIG_4-11	3DID_14-3-3_LIG_4-11	3did structural motif for 14-3-3	pattern	SAP
3DID_14-3-3_LIG_4-13	3DID_14-3-3_LIG_4-13	3did structural motif for 14-3-3	pattern	Q.{0,1}S.{1,2}N
3DID_14-3-3_LIG_4-3	3DID_14-3-3_LIG_4-3	3did structural motif for 14-3-3	pattern	GSL
3DID_14-3-3_LIG_4-5	3DID_14-3-3_LIG_4-5	3did structural motif for 14-3-3	pattern	RS.P
3DID_14-3-3_LIG_4-8	3DID_14-3-3_LIG_4-8	3did structural motif for 14-3-3	pattern	R.{0,2}SA
3DID_14-3-3_LIG_4-9	3DID_14-3-3_LIG_4-9	3did structural motif for 14-3-3	pattern	Q.{0,1}S.{0,1}A
3DID_14-3-3_LIG_5-0	3DID_14-3-3_LIG_5-0	3did structural motif for 14-3-3	pattern	T.{0,2}LP
3DID_14-3-3_LIG_5-15	3DID_14-3-3_LIG_5-15	3did structural motif for 14-3-3	pattern	T.P.{1,2}S
3DID_14-3-3_LIG_5-4	3DID_14-3-3_LIG_5-4	3did structural motif for 14-3-3	pattern	TWPL
3DID_14-3-3_LIG_7-0	3DID_14-3-3_LIG_7-0	3did structural motif for 14-3-3	pattern	R..S[AS]P
3DID_14-3-3_LIG_7-2	3DID_14-3-3_LIG_7-2	3did structural motif for 14-3-3	pattern	S[AS]P
3DID_14-3-3_LIG_7-3	3DID_14-3-3_LIG_7-3	3did structural motif for 14-3-3	pattern	RS.S
3DID_14-3-3_LIG_7-5	3DID_14-3-3_LIG_7-5	3did structural motif for 14-3-3	pattern	SL.ER
3DID_14-3-3_LIG_8-0	3DID_14-3-3_LIG_8-0	3did structural motif for 14-3-3	pattern	R..S.P
3DID_14-3-3_LIG_8-1	3DID_14-3-3_LIG_8-1	3did structural motif for 14-3-3	pattern	[ST].S.P
3DID_14-3-3_LIG_8-2	3DID_14-3-3_LIG_8-2	3did structural motif for 14-3-3	pattern	RS.S
3DID_14-3-3_LIG_8-20	3DID_14-3-3_LIG_8-20	3did structural motif for 14-3-3	pattern	SAP
3DID_14-3-3_LIG_8-21	3DID_14-3-3_LIG_8-21	3did structural motif for 14-3-3	pattern	SLS
3DID_14-3-3_LIG_8-29	3DID_14-3-3_LIG_8-29	3did structural motif for 14-3-3	pattern	S.SE
3DID_14-3-3_LIG_8-31	3DID_14-3-3_LIG_8-31	3did structural motif for 14-3-3	pattern	SAS
3DID_14-3-3_LIG_8-5	3DID_14-3-3_LIG_8-5	3did structural motif for 14-3-3	pattern	RR.{1,2}S
3DID_14-3-3_LIG_8-6	3DID_14-3-3_LIG_8-6	3did structural motif for 14-3-3	pattern	R.[AS][ST]
3DID_14-3-3_LIG_8-8	3DID_14-3-3_LIG_8-8	3did structural motif for 14-3-3	pattern	R.{0,2}SL
3DID_14-3-3_LIG_8-9	3DID_14-3-3_LIG_8-9	3did structural motif for 14-3-3	pattern	SLP
3DID_2-Hacid_dh_LIG_0-0	3DID_2-Hacid_dh_LIG_0-0	3did structural motif for 2-Hacid_dh	pattern	ALDLS
3DID_2-Hacid_dh_LIG_0-17	3DID_2-Hacid_dh_LIG_0-17	3did structural motif for 2-Hacid_dh	pattern	L.MKSV
3DID_2-Hacid_dh_LIG_0-5	3DID_2-Hacid_dh_LIG_0-5	3did structural motif for 2-Hacid_dh	pattern	A.{0,2}LDL
3DID_2-Hacid_dh_LIG_0-6	3DID_2-Hacid_dh_LIG_0-6	3did structural motif for 2-Hacid_dh	pattern	DLS
3DID_7tm_1_LIG_13-0	3DID_7tm_1_LIG_13-0	3did structural motif for 7tm_1	pattern	RVY.H
3DID_7tm_1_LIG_13-1	3DID_7tm_1_LIG_13-1	3did structural motif for 7tm_1	pattern	FRPR
3DID_7tm_1_LIG_13-2	3DID_7tm_1_LIG_13-2	3did structural motif for 7tm_1	pattern	GWMDF
3DID_7tm_1_LIG_16-0	3DID_7tm_1_LIG_16-0	3did structural motif for 7tm_1	pattern	I...L..C
3DID_7tm_1_LIG_20-0	3DID_7tm_1_LIG_20-0	3did structural motif for 7tm_1	pattern	I...L..C
3DID_7tm_1_LIG_20-1	3DID_7tm_1_LIG_20-1	3did structural motif for 7tm_1	pattern	L...L..Y
3DID_7tm_1_LIG_3-0	3DID_7tm_1_LIG_3-0	3did structural motif for 7tm_1	pattern	RRP.IL
3DID_7tm_1_LIG_7-0	3DID_7tm_1_LIG_7-0	3did structural motif for 7tm_1	pattern	L...L..Y
3DID_7tm_1_LIG_7-1	3DID_7tm_1_LIG_7-1	3did structural motif for 7tm_1	pattern	I...L..C
3DID_7tm_1_LIG_9-0	3DID_7tm_1_LIG_9-0	3did structural motif for 7tm_1	pattern	I...L..C
3DID_7tm_2_LIG_2-0	3DID_7tm_2_LIG_2-0	3did structural motif for 7tm_2	pattern	T..Y...L
3DID_7tm_2_LIG_6-0	3DID_7tm_2_LIG_6-0	3did structural motif for 7tm_2	pattern	M..RE..L
3DID_AAA_2_LIG_3-0	3DID_AAA_2_LIG_3-0	3did structural motif for AAA_2	pattern	EN..L.{0,1}A
3DID_AAA_LIG_0-0	3DID_AAA_LIG_0-0	3did structural motif for AAA	pattern	[AS]A..[AG][AG]A
3DID_AAA_LIG_0-1	3DID_AAA_LIG_0-1	3did structural motif for AAA	pattern	[AG][AG]A[AS].A
3DID_AAA_LIG_0-9	3DID_AAA_LIG_0-9	3did structural motif for AAA	pattern	E.{1,2}E.E.E.E
3DID_AAA_LIG_1-0	3DID_AAA_LIG_1-0	3did structural motif for AAA	pattern	[AG][AG]A[AS].A
3DID_AAA_LIG_1-1	3DID_AAA_LIG_1-1	3did structural motif for AAA	pattern	[AS]A..[AG][AG]A
3DID_AAA_LIG_1-2	3DID_AAA_LIG_1-2	3did structural motif for AAA	pattern	A..[AG].A[AS].A
3DID_AAA_LIG_1-3	3DID_AAA_LIG_1-3	3did structural motif for AAA	pattern	A..[AG][AG].[AS].A
3DID_AAA_LIG_1-4	3DID_AAA_LIG_1-4	3did structural motif for AAA	pattern	A.A.A..AA
3DID_AAA_LIG_1-7	3DID_AAA_LIG_1-7	3did structural motif for AAA	pattern	A.A.A.A.A
3DID_AAA_LIG_2-0	3DID_AAA_LIG_2-0	3did structural motif for AAA	pattern	M..EL..M.R
3DID_AAA_LIG_2-1	3DID_AAA_LIG_2-1	3did structural motif for AAA	pattern	EE..R
3DID_AAA_lid_3_LIG_2-0	3DID_AAA_lid_3_LIG_2-0	3did structural motif for AAA_lid_3	pattern	[KR][LM][DE]
3DID_AAA_lid_3_LIG_2-1	3DID_AAA_lid_3_LIG_2-1	3did structural motif for AAA_lid_3	pattern	E.{0,2}L.{1,2}K
3DID_AAA_lid_3_LIG_2-2	3DID_AAA_lid_3_LIG_2-2	3did structural motif for AAA_lid_3	pattern	[LV].[KR].[FL]
3DID_ABC_membrane_LIG_4-0	3DID_ABC_membrane_LIG_4-0	3did structural motif for ABC_membrane	pattern	RRYQ.{1,2}T
3DID_ACR_tran_LIG_0-0	3DID_ACR_tran_LIG_0-0	3did structural motif for ACR_tran	pattern	G..A...S
3DID_ACR_tran_LIG_2-0	3DID_ACR_tran_LIG_2-0	3did structural motif for ACR_tran	pattern	G..A...S
3DID_AChE_tetra_LIG_0-0	3DID_AChE_tetra_LIG_0-0	3did structural motif for AChE_tetra	pattern	P.PPP..P
3DID_ANAPC10_LIG_0-0	3DID_ANAPC10_LIG_0-0	3did structural motif for ANAPC10	pattern	SV.KS
3DID_ANAPC10_LIG_0-1	3DID_ANAPC10_LIG_0-1	3did structural motif for ANAPC10	pattern	L.SV
3DID_ANAPC3_LIG_0-0	3DID_ANAPC3_LIG_0-0	3did structural motif for ANAPC3	pattern	[DE].VD
3DID_ASF1_hist_chap_LIG_0-0	3DID_ASF1_hist_chap_LIG_0-0	3did structural motif for ASF1_hist_chap	pattern	E..A...R
3DID_ASF1_hist_chap_LIG_4-0	3DID_ASF1_hist_chap_LIG_4-0	3did structural motif for ASF1_hist_chap	pattern	Y.FG
3DID_ASF1_hist_chap_LIG_7-0	3DID_ASF1_hist_chap_LIG_7-0	3did structural motif for ASF1_hist_chap	pattern	KR.{0,1}A
3DID_ASF1_hist_chap_LIG_7-1	3DID_ASF1_hist_chap_LIG_7-1	3did structural motif for ASF1_hist_chap	pattern	R.A.T
3DID_ATG11_LIG_0-0	3DID_ATG11_LIG_0-0	3did structural motif for ATG11	pattern	S.{1,2}F.VV
3DID_ATG11_LIG_0-1	3DID_ATG11_LIG_0-1	3did structural motif for ATG11	pattern	S.[FV].[IV]
3DID_ATG11_LIG_0-3	3DID_ATG11_LIG_0-3	3did structural motif for ATG11	pattern	S.EF
3DID_ATG5_UblA_LIG_0-0	3DID_ATG5_UblA_LIG_0-0	3did structural motif for ATG5_UblA	pattern	R..DR..K
3DID_ATG5_UblA_LIG_1-3	3DID_ATG5_UblA_LIG_1-3	3did structural motif for ATG5_UblA	pattern	D..AH..E
3DID_ATG5_UblA_LIG_2-0	3DID_ATG5_UblA_LIG_2-0	3did structural motif for ATG5_UblA	pattern	R..DR..K
3DID_ATG5_UblB_LIG_0-0	3DID_ATG5_UblB_LIG_0-0	3did structural motif for ATG5_UblB	pattern	R..DR..K
3DID_ATG8_LIG_2-0	3DID_ATG8_LIG_2-0	3did structural motif for ATG8	pattern	I..[DE].E
3DID_ATG8_LIG_2-11	3DID_ATG8_LIG_2-11	3did structural motif for ATG8	pattern	I.{1,2}D.{0,2}E
3DID_ATG8_LIG_2-2	3DID_ATG8_LIG_2-2	3did structural motif for ATG8	pattern	D.{0,1}E.{0,1}E
3DID_ATG8_LIG_6-0	3DID_ATG8_LIG_6-0	3did structural motif for ATG8	pattern	[FW]..[FIV][ST].EE
3DID_ATG8_LIG_6-10	3DID_ATG8_LIG_6-10	3did structural motif for ATG8	pattern	[DE][FW]..[FLV]
3DID_ATG8_LIG_6-17	3DID_ATG8_LIG_6-17	3did structural motif for ATG8	pattern	DD..F..I..E
3DID_ATG8_LIG_6-2	3DID_ATG8_LIG_6-2	3did structural motif for ATG8	pattern	[ST].E.[IL]
3DID_ATG8_LIG_6-22	3DID_ATG8_LIG_6-22	3did structural motif for ATG8	pattern	E.[FIL][DE]
3DID_ATG8_LIG_6-23	3DID_ATG8_LIG_6-23	3did structural motif for ATG8	pattern	D.{1,2}E.{0,1}L
3DID_ATG8_LIG_6-8	3DID_ATG8_LIG_6-8	3did structural motif for ATG8	pattern	[FW][DE].[IL]
3DID_ATP-synt_E_LIG_0-0	3DID_ATP-synt_E_LIG_0-0	3did structural motif for ATP-synt_E	pattern	K..VT..Y
3DID_ATP-synt_E_LIG_0-2	3DID_ATP-synt_E_LIG_0-2	3did structural motif for ATP-synt_E	pattern	F..L...T
3DID_ATP-synt_E_LIG_0-3	3DID_ATP-synt_E_LIG_0-3	3did structural motif for ATP-synt_E	pattern	L..KT..T
3DID_ATP-synt_F6_LIG_0-0	3DID_ATP-synt_F6_LIG_0-0	3did structural motif for ATP-synt_F6	pattern	I..A...V
3DID_ATP-synt_LIG_0-0	3DID_ATP-synt_LIG_0-0	3did structural motif for ATP-synt	pattern	FYTQY
3DID_ATP-synt_LIG_0-67	3DID_ATP-synt_LIG_0-67	3did structural motif for ATP-synt	pattern	DAFY
3DID_ATP-synt_LIG_0-7	3DID_ATP-synt_LIG_0-7	3did structural motif for ATP-synt	pattern	YTQY
3DID_ATP-synt_LIG_2-0	3DID_ATP-synt_LIG_2-0	3did structural motif for ATP-synt	pattern	R..T..[FW].[ST].Y
3DID_ATP-synt_LIG_2-3	3DID_ATP-synt_LIG_2-3	3did structural motif for ATP-synt	pattern	R..T.[AG][FW].[ST]
3DID_ATP-synt_VA_C_LIG_4-0	3DID_ATP-synt_VA_C_LIG_4-0	3did structural motif for ATP-synt_VA_C	pattern	E..AQ..T
3DID_ATP-synt_VA_C_LIG_4-1	3DID_ATP-synt_VA_C_LIG_4-1	3did structural motif for ATP-synt_VA_C	pattern	A..A...E
3DID_ATP-synt_VA_C_LIG_4-2	3DID_ATP-synt_VA_C_LIG_4-2	3did structural motif for ATP-synt_VA_C	pattern	L..N...D
3DID_Acetyltransf_1_LIG_3-0	3DID_Acetyltransf_1_LIG_3-0	3did structural motif for Acetyltransf_1	pattern	K.{0,2}GG.{0,1}K.{0,2}R
3DID_Acetyltransf_1_LIG_3-3	3DID_Acetyltransf_1_LIG_3-3	3did structural motif for Acetyltransf_1	pattern	KGLGK
3DID_Acetyltransf_1_LIG_4-0	3DID_Acetyltransf_1_LIG_4-0	3did structural motif for Acetyltransf_1	pattern	MLGP
3DID_Actin_LIG_1-0	3DID_Actin_LIG_1-0	3did structural motif for Actin	pattern	T..ER..N
3DID_Actin_LIG_1-1	3DID_Actin_LIG_1-1	3did structural motif for Actin	pattern	E...K..E
3DID_Actin_LIG_26-0	3DID_Actin_LIG_26-0	3did structural motif for Actin	pattern	L..Q...F
3DID_Actin_LIG_26-1	3DID_Actin_LIG_26-1	3did structural motif for Actin	pattern	[HR]..L...I
3DID_Actin_LIG_27-0	3DID_Actin_LIG_27-0	3did structural motif for Actin	pattern	KK.E
3DID_Actin_LIG_27-4	3DID_Actin_LIG_27-4	3did structural motif for Actin	pattern	K.{1,2}E.{0,2}S
3DID_Actin_LIG_27-7	3DID_Actin_LIG_27-7	3did structural motif for Actin	pattern	D.IK
3DID_Actin_LIG_4-1	3DID_Actin_LIG_4-1	3did structural motif for Actin	pattern	[KR].G.[AG][GS]
3DID_Actin_LIG_4-15	3DID_Actin_LIG_4-15	3did structural motif for Actin	pattern	[KR].G.[AG]
3DID_Actin_LIG_4-3	3DID_Actin_LIG_4-3	3did structural motif for Actin	pattern	R.{0,1}R.{0,1}V.{0,2}G.{0,1}R
3DID_Actin_LIG_4-4	3DID_Actin_LIG_4-4	3did structural motif for Actin	pattern	[KR]..[KR].G
3DID_Actin_LIG_4-6	3DID_Actin_LIG_4-6	3did structural motif for Actin	pattern	[KR][GS]G
3DID_Actin_LIG_4-7	3DID_Actin_LIG_4-7	3did structural motif for Actin	pattern	S..KY
3DID_Actin_LIG_9-0	3DID_Actin_LIG_9-0	3did structural motif for Actin	pattern	RN.P
3DID_Adap_comp_sub_LIG_0-0	3DID_Adap_comp_sub_LIG_0-0	3did structural motif for Adap_comp_sub	pattern	YM.M
3DID_Adap_comp_sub_LIG_0-1	3DID_Adap_comp_sub_LIG_0-1	3did structural motif for Adap_comp_sub	pattern	D.QRL
3DID_Adap_comp_sub_LIG_4-0	3DID_Adap_comp_sub_LIG_4-0	3did structural motif for Adap_comp_sub	pattern	DWNWE
3DID_Adap_comp_sub_LIG_4-6	3DID_Adap_comp_sub_LIG_4-6	3did structural motif for Adap_comp_sub	pattern	DWNW
3DID_Adap_comp_sub_LIG_4-7	3DID_Adap_comp_sub_LIG_4-7	3did structural motif for Adap_comp_sub	pattern	WNWE
3DID_Adap_comp_sub_LIG_5-0	3DID_Adap_comp_sub_LIG_5-0	3did structural motif for Adap_comp_sub	pattern	DW.WEV
3DID_Adap_comp_sub_LIG_5-1	3DID_Adap_comp_sub_LIG_5-1	3did structural motif for Adap_comp_sub	pattern	DWNWE
3DID_Adap_comp_sub_LIG_5-3	3DID_Adap_comp_sub_LIG_5-3	3did structural motif for Adap_comp_sub	pattern	WNWEV
3DID_Agenet_LIG_0-0	3DID_Agenet_LIG_0-0	3did structural motif for Agenet	pattern	K.T.RKS
3DID_Agenet_LIG_2-0	3DID_Agenet_LIG_2-0	3did structural motif for Agenet	pattern	K.T.RKS
3DID_Alfin_LIG_0-0	3DID_Alfin_LIG_0-0	3did structural motif for Alfin	pattern	RKR
3DID_Alfin_LIG_1-0	3DID_Alfin_LIG_1-0	3did structural motif for Alfin	pattern	RKR
3DID_Amino_oxidase_LIG_3-0	3DID_Amino_oxidase_LIG_3-0	3did structural motif for Amino_oxidase	pattern	P.SFLV
3DID_Amino_oxidase_LIG_3-1	3DID_Amino_oxidase_LIG_3-1	3did structural motif for Amino_oxidase	pattern	R..QT.RK
3DID_Amino_oxidase_LIG_3-24	3DID_Amino_oxidase_LIG_3-24	3did structural motif for Amino_oxidase	pattern	RT.QTA
3DID_Amino_oxidase_LIG_3-29	3DID_Amino_oxidase_LIG_3-29	3did structural motif for Amino_oxidase	pattern	QTARK
3DID_Amino_oxidase_LIG_3-30	3DID_Amino_oxidase_LIG_3-30	3did structural motif for Amino_oxidase	pattern	[AS]RT.QT
3DID_Amino_oxidase_LIG_3-5	3DID_Amino_oxidase_LIG_3-5	3did structural motif for Amino_oxidase	pattern	T.QT.RK
3DID_Ank_2_LIG_0-0	3DID_Ank_2_LIG_0-0	3did structural motif for Ank_2	pattern	PD.Q.F.S
3DID_Ank_2_LIG_4-0	3DID_Ank_2_LIG_4-0	3did structural motif for Ank_2	pattern	[AG]..[FH][WY]..G
3DID_Ank_2_LIG_4-1	3DID_Ank_2_LIG_4-1	3did structural motif for Ank_2	pattern	A..RR..F
3DID_Ank_2_LIG_4-10	3DID_Ank_2_LIG_4-10	3did structural motif for Ank_2	pattern	[AS]..[KR]...[FL]
3DID_Ank_2_LIG_4-13	3DID_Ank_2_LIG_4-13	3did structural motif for Ank_2	pattern	[HR]..T...M
3DID_Ank_2_LIG_4-14	3DID_Ank_2_LIG_4-14	3did structural motif for Ank_2	pattern	[ST]..K...L
3DID_Ank_2_LIG_4-15	3DID_Ank_2_LIG_4-15	3did structural motif for Ank_2	pattern	Q..Y...D
3DID_Ank_2_LIG_4-16	3DID_Ank_2_LIG_4-16	3did structural motif for Ank_2	pattern	K..R...T
3DID_Ank_2_LIG_4-17	3DID_Ank_2_LIG_4-17	3did structural motif for Ank_2	pattern	L...P..P
3DID_Ank_2_LIG_4-18	3DID_Ank_2_LIG_4-18	3did structural motif for Ank_2	pattern	E..L...E
3DID_Ank_2_LIG_4-19	3DID_Ank_2_LIG_4-19	3did structural motif for Ank_2	pattern	[IM]...D..[DE]
3DID_Ank_2_LIG_4-2	3DID_Ank_2_LIG_4-2	3did structural motif for Ank_2	pattern	P..AF..T
3DID_Ank_2_LIG_4-3	3DID_Ank_2_LIG_4-3	3did structural motif for Ank_2	pattern	Q..AM..R
3DID_Ank_2_LIG_4-4	3DID_Ank_2_LIG_4-4	3did structural motif for Ank_2	pattern	F..KA..H
3DID_Ank_2_LIG_4-8	3DID_Ank_2_LIG_4-8	3did structural motif for Ank_2	pattern	F..M...K
3DID_Ank_2_LIG_8-0	3DID_Ank_2_LIG_8-0	3did structural motif for Ank_2	pattern	A..RR..F
3DID_Ank_2_LIG_8-1	3DID_Ank_2_LIG_8-1	3did structural motif for Ank_2	pattern	R..F...Y
3DID_Ank_2_LIG_9-0	3DID_Ank_2_LIG_9-0	3did structural motif for Ank_2	pattern	GQSF.S
3DID_Ank_2_LIG_9-1	3DID_Ank_2_LIG_9-1	3did structural motif for Ank_2	pattern	R..P..Q.FR
3DID_Ank_2_LIG_9-10	3DID_Ank_2_LIG_9-10	3did structural motif for Ank_2	pattern	R.{1,2}P.{0,1}DG
3DID_Ank_2_LIG_9-13	3DID_Ank_2_LIG_9-13	3did structural motif for Ank_2	pattern	QS..[GS]
3DID_Ank_2_LIG_9-15	3DID_Ank_2_LIG_9-15	3did structural motif for Ank_2	pattern	R..P.G
3DID_Ank_2_LIG_9-18	3DID_Ank_2_LIG_9-18	3did structural motif for Ank_2	pattern	R.{1,2}P.{1,2}G
3DID_Ank_LIG_0-0	3DID_Ank_LIG_0-0	3did structural motif for Ank	pattern	T..EDFK
3DID_Ank_LIG_1-0	3DID_Ank_LIG_1-0	3did structural motif for Ank	pattern	QR..P.G
3DID_Ank_LIG_1-2	3DID_Ank_LIG_1-2	3did structural motif for Ank	pattern	R..P.G..FR
3DID_Ank_LIG_2-0	3DID_Ank_LIG_2-0	3did structural motif for Ank	pattern	R..P...S
3DID_Ank_LIG_2-5	3DID_Ank_LIG_2-5	3did structural motif for Ank	pattern	P...[GS]..[FL]
3DID_Ank_LIG_2-6	3DID_Ank_LIG_2-6	3did structural motif for Ank	pattern	L...P..P
3DID_Arf_LIG_1-0	3DID_Arf_LIG_1-0	3did structural motif for Arf	pattern	[FL]..L...L
3DID_Arf_LIG_1-1	3DID_Arf_LIG_1-1	3did structural motif for Arf	pattern	[FH]..[IL]...[FL]
3DID_Arm_LIG_1-0	3DID_Arm_LIG_1-0	3did structural motif for Arm	pattern	[KR][KR].[KR]
3DID_Arm_LIG_1-1	3DID_Arm_LIG_1-1	3did structural motif for Arm	pattern	[KR][KR][KR]
3DID_Arm_LIG_1-10	3DID_Arm_LIG_1-10	3did structural motif for Arm	pattern	K.{0,1}KRK
3DID_Arm_LIG_1-17	3DID_Arm_LIG_1-17	3did structural motif for Arm	pattern	R.{0,2}K.{0,1}R
3DID_Arm_LIG_1-18	3DID_Arm_LIG_1-18	3did structural motif for Arm	pattern	R[KR]R.R
3DID_Arm_LIG_1-25	3DID_Arm_LIG_1-25	3did structural motif for Arm	pattern	P..KR.{0,1}K
3DID_Arm_LIG_1-49	3DID_Arm_LIG_1-49	3did structural motif for Arm	pattern	R[KR]R.R.R
3DID_Arm_LIG_1-7	3DID_Arm_LIG_1-7	3did structural motif for Arm	pattern	KRK
3DID_Arm_LIG_2-0	3DID_Arm_LIG_2-0	3did structural motif for Arm	pattern	[KR][KR]..[KR]
3DID_Arm_LIG_2-1	3DID_Arm_LIG_2-1	3did structural motif for Arm	pattern	[KR]K[KR].[KR]
3DID_Arm_LIG_2-10	3DID_Arm_LIG_2-10	3did structural motif for Arm	pattern	R.{0,2}K.{0,2}R
3DID_Arm_LIG_2-11	3DID_Arm_LIG_2-11	3did structural motif for Arm	pattern	[KR].[KR].[KR]
3DID_Arm_LIG_2-12	3DID_Arm_LIG_2-12	3did structural motif for Arm	pattern	K.{0,1}K.{0,2}R
3DID_Arm_LIG_2-13	3DID_Arm_LIG_2-13	3did structural motif for Arm	pattern	R.{0,2}R.{0,1}R
3DID_Arm_LIG_2-2	3DID_Arm_LIG_2-2	3did structural motif for Arm	pattern	K.{0,2}R.{0,2}R
3DID_Arm_LIG_2-20	3DID_Arm_LIG_2-20	3did structural motif for Arm	pattern	P.K[KR]
3DID_Arm_LIG_2-21	3DID_Arm_LIG_2-21	3did structural motif for Arm	pattern	K.{0,1}K.{0,2}K
3DID_Arm_LIG_2-24	3DID_Arm_LIG_2-24	3did structural motif for Arm	pattern	P.{1,2}K.{0,2}K
3DID_Arm_LIG_2-3	3DID_Arm_LIG_2-3	3did structural motif for Arm	pattern	KR.{0,2}K
3DID_Arm_LIG_2-4	3DID_Arm_LIG_2-4	3did structural motif for Arm	pattern	[KR][KR][KR][KR]
3DID_Arm_LIG_2-6	3DID_Arm_LIG_2-6	3did structural motif for Arm	pattern	RKR
3DID_Arm_LIG_2-65	3DID_Arm_LIG_2-65	3did structural motif for Arm	pattern	KR..E
3DID_Arm_LIG_2-69	3DID_Arm_LIG_2-69	3did structural motif for Arm	pattern	[KR]K[LV]
3DID_Arm_LIG_2-7	3DID_Arm_LIG_2-7	3did structural motif for Arm	pattern	P.K[KR].[KR]
3DID_Arm_LIG_3-0	3DID_Arm_LIG_3-0	3did structural motif for Arm	pattern	[KR][KR].[KR]
3DID_Arm_LIG_3-1	3DID_Arm_LIG_3-1	3did structural motif for Arm	pattern	[KR][KR][KR]
3DID_Arm_LIG_3-12	3DID_Arm_LIG_3-12	3did structural motif for Arm	pattern	RKR
3DID_Arm_LIG_3-19	3DID_Arm_LIG_3-19	3did structural motif for Arm	pattern	P.{1,2}KR.{0,1}R
3DID_Arm_LIG_3-2	3DID_Arm_LIG_3-2	3did structural motif for Arm	pattern	KR.{0,1}R
3DID_Arm_LIG_4-0	3DID_Arm_LIG_4-0	3did structural motif for Arm	pattern	[KR][KR][KR][KR]
3DID_Arm_LIG_4-1	3DID_Arm_LIG_4-1	3did structural motif for Arm	pattern	[KR][KR][KR]
3DID_Arm_LIG_4-15	3DID_Arm_LIG_4-15	3did structural motif for Arm	pattern	RKR
3DID_Arm_LIG_4-2	3DID_Arm_LIG_4-2	3did structural motif for Arm	pattern	[KR][KR].[KR]
3DID_Arm_LIG_4-3	3DID_Arm_LIG_4-3	3did structural motif for Arm	pattern	KRK
3DID_Arm_LIG_4-8	3DID_Arm_LIG_4-8	3did structural motif for Arm	pattern	RKRK
3DID_Arm_LIG_5-0	3DID_Arm_LIG_5-0	3did structural motif for Arm	pattern	KK.K
3DID_Arm_LIG_5-1	3DID_Arm_LIG_5-1	3did structural motif for Arm	pattern	K.{0,1}KK
3DID_Arm_LIG_5-4	3DID_Arm_LIG_5-4	3did structural motif for Arm	pattern	P..K..K
3DID_Arm_LIG_5-5	3DID_Arm_LIG_5-5	3did structural motif for Arm	pattern	SPP
3DID_Arm_LIG_6-0	3DID_Arm_LIG_6-0	3did structural motif for Arm	pattern	[KR][KR].[KR]
3DID_Arm_LIG_6-1	3DID_Arm_LIG_6-1	3did structural motif for Arm	pattern	[KR][KR][KR]
3DID_Arm_LIG_6-12	3DID_Arm_LIG_6-12	3did structural motif for Arm	pattern	P.[KR][KR]
3DID_Arm_LIG_6-13	3DID_Arm_LIG_6-13	3did structural motif for Arm	pattern	[KR][KR]..[KR]
3DID_Arm_LIG_6-14	3DID_Arm_LIG_6-14	3did structural motif for Arm	pattern	R.{0,2}K.{0,2}R
3DID_Arm_LIG_6-2	3DID_Arm_LIG_6-2	3did structural motif for Arm	pattern	K.{0,2}R.{0,1}R
3DID_Arm_LIG_6-26	3DID_Arm_LIG_6-26	3did structural motif for Arm	pattern	P..[KR][KR]
3DID_Arm_LIG_6-4	3DID_Arm_LIG_6-4	3did structural motif for Arm	pattern	RKR
3DID_Arm_LIG_6-76	3DID_Arm_LIG_6-76	3did structural motif for Arm	pattern	RKR.{0,2}E
3DID_Arm_LIG_6-77	3DID_Arm_LIG_6-77	3did structural motif for Arm	pattern	K.{0,2}R.{0,2}E
3DID_Arm_LIG_6-8	3DID_Arm_LIG_6-8	3did structural motif for Arm	pattern	KR.{0,2}K
3DID_Arm_LIG_7-0	3DID_Arm_LIG_7-0	3did structural motif for Arm	pattern	[KR][KR].[KR]
3DID_Arm_LIG_7-1	3DID_Arm_LIG_7-1	3did structural motif for Arm	pattern	[KR][KR][KR]
3DID_Arm_LIG_7-2	3DID_Arm_LIG_7-2	3did structural motif for Arm	pattern	R[KR]R.[KR]
3DID_Arm_LIG_7-24	3DID_Arm_LIG_7-24	3did structural motif for Arm	pattern	[KR].[KR][KR].[KR]
3DID_Arm_LIG_7-9	3DID_Arm_LIG_7-9	3did structural motif for Arm	pattern	R.{0,1}R.{0,1}K
3DID_Arm_LIG_8-2	3DID_Arm_LIG_8-2	3did structural motif for Arm	pattern	[AS].P.[ST]..[FV]
3DID_Asp_LIG_2-0	3DID_Asp_LIG_2-0	3did structural motif for Asp	pattern	PFH.[LV]
3DID_Asp_LIG_2-1	3DID_Asp_LIG_2-1	3did structural motif for Asp	pattern	VV.A
3DID_Asp_LIG_2-2	3DID_Asp_LIG_2-2	3did structural motif for Asp	pattern	EV..V.E
3DID_Asp_LIG_2-4	3DID_Asp_LIG_2-4	3did structural motif for Asp	pattern	EV..V
3DID_B56_LIG_0-0	3DID_B56_LIG_0-0	3did structural motif for B56	pattern	L.PI.E
3DID_B56_LIG_0-1	3DID_B56_LIG_0-1	3did structural motif for B56	pattern	PI.E
3DID_B56_LIG_0-8	3DID_B56_LIG_0-8	3did structural motif for B56	pattern	L.PI
3DID_BAH_LIG_0-0	3DID_BAH_LIG_0-0	3did structural motif for BAH	pattern	K..RKSA
3DID_BAH_LIG_0-2	3DID_BAH_LIG_0-2	3did structural motif for BAH	pattern	A.KSAP
3DID_BAH_LIG_0-4	3DID_BAH_LIG_0-4	3did structural motif for BAH	pattern	R.RKVL
3DID_BET_LIG_2-0	3DID_BET_LIG_2-0	3did structural motif for BET	pattern	P.{0,1}L.{0,2}KI.L
3DID_BET_LIG_2-1	3DID_BET_LIG_2-1	3did structural motif for BET	pattern	K..L.[KR]
3DID_BET_LIG_2-9	3DID_BET_LIG_2-9	3did structural motif for BET	pattern	[ILV].[IL][KR]
3DID_BIR_LIG_2-0	3DID_BIR_LIG_2-0	3did structural motif for BIR	pattern	[IV].[FY][FY].P
3DID_BIR_LIG_2-2	3DID_BIR_LIG_2-2	3did structural motif for BIR	pattern	A[IV].[FY][FY]
3DID_BIR_LIG_2-3	3DID_BIR_LIG_2-3	3did structural motif for BIR	pattern	AR.K
3DID_BRCT_LIG_0-0	3DID_BRCT_LIG_0-0	3did structural motif for BRCT	pattern	D..QVF.F
3DID_BRCT_LIG_1-0	3DID_BRCT_LIG_1-0	3did structural motif for BRCT	pattern	[DE].[DE]..E
3DID_BRCT_LIG_2-0	3DID_BRCT_LIG_2-0	3did structural motif for BRCT	pattern	SP.F
3DID_BRCT_LIG_2-11	3DID_BRCT_LIG_2-11	3did structural motif for BRCT	pattern	SQ.[FY]
3DID_BRCT_LIG_2-12	3DID_BRCT_LIG_2-12	3did structural motif for BRCT	pattern	S.E[FY]
3DID_BRCT_LIG_2-5	3DID_BRCT_LIG_2-5	3did structural motif for BRCT	pattern	ASQEY
3DID_BRCT_LIG_2-9	3DID_BRCT_LIG_2-9	3did structural motif for BRCT	pattern	SQE
3DID_BRCT_LIG_4-0	3DID_BRCT_LIG_4-0	3did structural motif for BRCT	pattern	SP.F
3DID_BRO1_LIG_1-0	3DID_BRO1_LIG_1-0	3did structural motif for BRO1	pattern	D..KE..N
3DID_BRO1_LIG_5-0	3DID_BRO1_LIG_5-0	3did structural motif for BRO1	pattern	NKD.V.V
3DID_BTB_2_LIG_0-0	3DID_BTB_2_LIG_0-0	3did structural motif for BTB_2	pattern	YLPSI
3DID_BTB_2_LIG_1-0	3DID_BTB_2_LIG_1-0	3did structural motif for BTB_2	pattern	QLP..HH
3DID_BTB_LIG_2-0	3DID_BTB_LIG_2-0	3did structural motif for BTB	pattern	S..E..R
3DID_BTB_LIG_2-1	3DID_BTB_LIG_2-1	3did structural motif for BTB	pattern	S..E.P
3DID_Bcl-2_LIG_10-0	3DID_Bcl-2_LIG_10-0	3did structural motif for Bcl-2	pattern	R..GD..N
3DID_Branch_LIG_0-0	3DID_Branch_LIG_0-0	3did structural motif for Branch	pattern	[AG][GS]G
3DID_Branch_LIG_0-2	3DID_Branch_LIG_0-2	3did structural motif for Branch	pattern	E.EG.G
3DID_Brix_LIG_2-0	3DID_Brix_LIG_2-0	3did structural motif for Brix	pattern	E.{0,1}E.V.KA
3DID_Bromodomain_LIG_2-0	3DID_Bromodomain_LIG_2-0	3did structural motif for Bromodomain	pattern	GRGK.{0,1}G
3DID_Bromodomain_LIG_2-1	3DID_Bromodomain_LIG_2-1	3did structural motif for Bromodomain	pattern	[GS].GG
3DID_Bromodomain_LIG_2-2	3DID_Bromodomain_LIG_2-2	3did structural motif for Bromodomain	pattern	G.{0,1}GK.{0,1}G
3DID_Bromodomain_LIG_2-4	3DID_Bromodomain_LIG_2-4	3did structural motif for Bromodomain	pattern	KG.{0,1}GK
3DID_Bromodomain_LIG_2-5	3DID_Bromodomain_LIG_2-5	3did structural motif for Bromodomain	pattern	G.{0,2}GK
3DID_Bromodomain_LIG_2-6	3DID_Bromodomain_LIG_2-6	3did structural motif for Bromodomain	pattern	G[KR][AG]
3DID_Bromodomain_LIG_2-64	3DID_Bromodomain_LIG_2-64	3did structural motif for Bromodomain	pattern	G.G.{0,1}G
3DID_Bromodomain_LIG_2-71	3DID_Bromodomain_LIG_2-71	3did structural motif for Bromodomain	pattern	APRKQ
3DID_Bromodomain_LIG_2-74	3DID_Bromodomain_LIG_2-74	3did structural motif for Bromodomain	pattern	GK..[KR]
3DID_Bromodomain_LIG_2-80	3DID_Bromodomain_LIG_2-80	3did structural motif for Bromodomain	pattern	PRKQL
3DID_Bromodomain_LIG_2-81	3DID_Bromodomain_LIG_2-81	3did structural motif for Bromodomain	pattern	G.{0,1}K..R
3DID_Bromodomain_LIG_2-85	3DID_Bromodomain_LIG_2-85	3did structural motif for Bromodomain	pattern	K.L.K
3DID_Bromodomain_LIG_2-89	3DID_Bromodomain_LIG_2-89	3did structural motif for Bromodomain	pattern	K[AG]..K
3DID_Bromodomain_LIG_2-91	3DID_Bromodomain_LIG_2-91	3did structural motif for Bromodomain	pattern	PRKQ
3DID_Bromodomain_LIG_2-92	3DID_Bromodomain_LIG_2-92	3did structural motif for Bromodomain	pattern	R.{0,1}KQ
3DID_Bromodomain_LIG_6-0	3DID_Bromodomain_LIG_6-0	3did structural motif for Bromodomain	pattern	K.{0,2}G.{0,1}K
3DID_Bromodomain_LIG_6-17	3DID_Bromodomain_LIG_6-17	3did structural motif for Bromodomain	pattern	G.{0,1}K.{0,2}K
3DID_Bromodomain_LIG_6-18	3DID_Bromodomain_LIG_6-18	3did structural motif for Bromodomain	pattern	[AG][KR][AG]
3DID_Bromodomain_LIG_6-2	3DID_Bromodomain_LIG_6-2	3did structural motif for Bromodomain	pattern	[KR][GS].GG.[AG]
3DID_Bromodomain_LIG_6-58	3DID_Bromodomain_LIG_6-58	3did structural motif for Bromodomain	pattern	[AG]K..[KR]
3DID_Bromodomain_LIG_6-7	3DID_Bromodomain_LIG_6-7	3did structural motif for Bromodomain	pattern	[KR][GS].GG
3DID_Bromodomain_LIG_6-71	3DID_Bromodomain_LIG_6-71	3did structural motif for Bromodomain	pattern	K.{1,2}KK
3DID_C1-set_LIG_1-0	3DID_C1-set_LIG_1-0	3did structural motif for C1-set	pattern	D.P.L..WE
3DID_C1-set_LIG_20-0	3DID_C1-set_LIG_20-0	3did structural motif for C1-set	pattern	SAS.KG
3DID_C1-set_LIG_20-1	3DID_C1-set_LIG_20-1	3did structural motif for C1-set	pattern	S.{0,2}TKGP
3DID_C1-set_LIG_5-0	3DID_C1-set_LIG_5-0	3did structural motif for C1-set	pattern	[WY]..G.L.W.T
3DID_C1-set_LIG_8-0	3DID_C1-set_LIG_8-0	3did structural motif for C1-set	pattern	K.DK..E.K
3DID_C1-set_LIG_8-1	3DID_C1-set_LIG_8-1	3did structural motif for C1-set	pattern	TK.DK..E
3DID_C1-set_LIG_8-3	3DID_C1-set_LIG_8-3	3did structural motif for C1-set	pattern	VDK..E.K
3DID_CAF1C_H4-bd_LIG_0-0	3DID_CAF1C_H4-bd_LIG_0-0	3did structural motif for CAF1C_H4-bd	pattern	R..RR..K
3DID_CAF1C_H4-bd_LIG_0-1	3DID_CAF1C_H4-bd_LIG_0-1	3did structural motif for CAF1C_H4-bd	pattern	K..AR..Y
3DID_CAF1C_H4-bd_LIG_0-3	3DID_CAF1C_H4-bd_LIG_0-3	3did structural motif for CAF1C_H4-bd	pattern	R...R..V
3DID_CAF1C_H4-bd_LIG_1-0	3DID_CAF1C_H4-bd_LIG_1-0	3did structural motif for CAF1C_H4-bd	pattern	A..RL..R
3DID_CBFB_NFYA_LIG_0-0	3DID_CBFB_NFYA_LIG_0-0	3did structural motif for CBFB_NFYA	pattern	D.FDF..D
3DID_CBFB_NFYA_LIG_0-17	3DID_CBFB_NFYA_LIG_0-17	3did structural motif for CBFB_NFYA	pattern	DFL.DI
3DID_CBFB_NFYA_LIG_0-43	3DID_CBFB_NFYA_LIG_0-43	3did structural motif for CBFB_NFYA	pattern	FLID.V
3DID_CBFB_NFYA_LIG_0-5	3DID_CBFB_NFYA_LIG_0-5	3did structural motif for CBFB_NFYA	pattern	FDFL.D
3DID_CBF_beta_LIG_0-0	3DID_CBF_beta_LIG_0-0	3did structural motif for CBF_beta	pattern	T..S.E
3DID_CBF_beta_LIG_0-1	3DID_CBF_beta_LIG_0-1	3did structural motif for CBF_beta	pattern	T..ST
3DID_CBF_beta_LIG_1-0	3DID_CBF_beta_LIG_1-0	3did structural motif for CBF_beta	pattern	T..ST
3DID_CC2-LZ_LIG_0-0	3DID_CC2-LZ_LIG_0-0	3did structural motif for CC2-LZ	pattern	ERP
3DID_CC2-LZ_LIG_0-4	3DID_CC2-LZ_LIG_0-4	3did structural motif for CC2-LZ	pattern	R.{0,2}LA
3DID_CDC48_2_LIG_0-0	3DID_CDC48_2_LIG_0-0	3did structural motif for CDC48_2	pattern	G.G.RL
3DID_CDC48_2_LIG_1-0	3DID_CDC48_2_LIG_1-0	3did structural motif for CDC48_2	pattern	W..GF.L.D
3DID_CED4_WHD_LIG_0-0	3DID_CED4_WHD_LIG_0-0	3did structural motif for CED4_WHD	pattern	FNFL
3DID_CED4_WHD_LIG_0-1	3DID_CED4_WHD_LIG_0-1	3did structural motif for CED4_WHD	pattern	P.FNF
3DID_CED4_WHD_LIG_0-2	3DID_CED4_WHD_LIG_0-2	3did structural motif for CED4_WHD	pattern	LFNF
3DID_CED4_WHD_LIG_0-3	3DID_CED4_WHD_LIG_0-3	3did structural motif for CED4_WHD	pattern	FNF.G
3DID_CENP-N_LIG_2-0	3DID_CENP-N_LIG_2-0	3did structural motif for CENP-N	pattern	N..L...L
3DID_CENP-R_LIG_2-0	3DID_CENP-R_LIG_2-0	3did structural motif for CENP-R	pattern	L...E..L
3DID_CENP-T_C_LIG_5-0	3DID_CENP-T_C_LIG_5-0	3did structural motif for CENP-T_C	pattern	Q...Q..M
3DID_CENP-T_C_LIG_5-1	3DID_CENP-T_C_LIG_5-1	3did structural motif for CENP-T_C	pattern	K..Q...D
3DID_CENP-T_C_LIG_5-2	3DID_CENP-T_C_LIG_5-2	3did structural motif for CENP-T_C	pattern	Q...K..K
3DID_CH_LIG_2-0	3DID_CH_LIG_2-0	3did structural motif for CH	pattern	D..L...E
3DID_CH_LIG_2-2	3DID_CH_LIG_2-2	3did structural motif for CH	pattern	A...D..S
3DID_CID_LIG_0-0	3DID_CID_LIG_0-0	3did structural motif for CID	pattern	Y[ST]P[ST]
3DID_CID_LIG_0-3	3DID_CID_LIG_0-3	3did structural motif for CID	pattern	P.{0,1}S.{0,2}YSP
3DID_CID_LIG_0-6	3DID_CID_LIG_0-6	3did structural motif for CID	pattern	PSYS
3DID_CID_LIG_0-8	3DID_CID_LIG_0-8	3did structural motif for CID	pattern	PTS.SY
3DID_CID_LIG_3-0	3DID_CID_LIG_3-0	3did structural motif for CID	pattern	P.SPS
3DID_CID_LIG_3-2	3DID_CID_LIG_3-2	3did structural motif for CID	pattern	S.T.{0,2}S
3DID_COX5A_LIG_0-0	3DID_COX5A_LIG_0-0	3did structural motif for COX5A	pattern	GR..E
3DID_COX5A_LIG_2-0	3DID_COX5A_LIG_2-0	3did structural motif for COX5A	pattern	KAP
3DID_COX5B_LIG_2-0	3DID_COX5B_LIG_2-0	3did structural motif for COX5B	pattern	EE..Y
3DID_COX5B_LIG_2-1	3DID_COX5B_LIG_2-1	3did structural motif for COX5B	pattern	HTF.E
3DID_CSN7a_helixI_LIG_0-0	3DID_CSN7a_helixI_LIG_0-0	3did structural motif for CSN7a_helixI	pattern	R..DY..F
3DID_CbiA_LIG_0-0	3DID_CbiA_LIG_0-0	3did structural motif for CbiA	pattern	N..KE..Q
3DID_CbiA_LIG_2-0	3DID_CbiA_LIG_2-0	3did structural motif for CbiA	pattern	N..KE..Q
3DID_Cbl_N3_LIG_0-0	3DID_Cbl_N3_LIG_0-0	3did structural motif for Cbl_N3	pattern	Y.P.P
3DID_Cbl_N3_LIG_2-0	3DID_Cbl_N3_LIG_2-0	3did structural motif for Cbl_N3	pattern	Y[ST]..P
3DID_Cbl_N3_LIG_2-25	3DID_Cbl_N3_LIG_2-25	3did structural motif for Cbl_N3	pattern	EYTEG
3DID_ChAPs_LIG_0-0	3DID_ChAPs_LIG_0-0	3did structural motif for ChAPs	pattern	K..QA..L
3DID_Chloroa_b-bind_LIG_20-0	3DID_Chloroa_b-bind_LIG_20-0	3did structural motif for Chloroa_b-bind	pattern	L.F.G
3DID_Chromo_LIG_2-0	3DID_Chromo_LIG_2-0	3did structural motif for Chromo	pattern	T.{0,2}ARKS
3DID_Chromo_LIG_2-2	3DID_Chromo_LIG_2-2	3did structural motif for Chromo	pattern	A.{0,1}RK
3DID_Chromo_LIG_2-22	3DID_Chromo_LIG_2-22	3did structural motif for Chromo	pattern	KQT.R.S
3DID_Chromo_LIG_2-48	3DID_Chromo_LIG_2-48	3did structural motif for Chromo	pattern	A.{0,1}R.{0,1}K
3DID_Chromo_LIG_6-0	3DID_Chromo_LIG_6-0	3did structural motif for Chromo	pattern	ARK[ST]
3DID_Chromo_LIG_6-19	3DID_Chromo_LIG_6-19	3did structural motif for Chromo	pattern	T.QT.R..T
3DID_Chromo_LIG_6-24	3DID_Chromo_LIG_6-24	3did structural motif for Chromo	pattern	KQT.R..T
3DID_Chromo_LIG_6-4	3DID_Chromo_LIG_6-4	3did structural motif for Chromo	pattern	A.K[ST]
3DID_Chromo_LIG_6-88	3DID_Chromo_LIG_6-88	3did structural motif for Chromo	pattern	[HR][KR][AS]
3DID_Chromo_shadow_LIG_0-0	3DID_Chromo_shadow_LIG_0-0	3did structural motif for Chromo_shadow	pattern	PVV
3DID_CiPC_LIG_0-0	3DID_CiPC_LIG_0-0	3did structural motif for CiPC	pattern	Q..KD..E
3DID_CiPC_LIG_0-1	3DID_CiPC_LIG_0-1	3did structural motif for CiPC	pattern	S..LG..Q
3DID_CiPC_LIG_3-0	3DID_CiPC_LIG_3-0	3did structural motif for CiPC	pattern	D..EQ..R
3DID_CiPC_LIG_4-0	3DID_CiPC_LIG_4-0	3did structural motif for CiPC	pattern	R..EA..H
3DID_CiPC_LIG_4-1	3DID_CiPC_LIG_4-1	3did structural motif for CiPC	pattern	T..IE..I
3DID_CiPC_LIG_4-2	3DID_CiPC_LIG_4-2	3did structural motif for CiPC	pattern	N..RQ..E
3DID_CiPC_LIG_4-3	3DID_CiPC_LIG_4-3	3did structural motif for CiPC	pattern	D..EQ..R
3DID_Complex1_49kDa_LIG_1-0	3DID_Complex1_49kDa_LIG_1-0	3did structural motif for Complex1_49kDa	pattern	KK.TGL
3DID_Complex1_49kDa_LIG_1-3	3DID_Complex1_49kDa_LIG_1-3	3did structural motif for Complex1_49kDa	pattern	K.{1,2}TG
3DID_Complex1_51K_LIG_2-0	3DID_Complex1_51K_LIG_2-0	3did structural motif for Complex1_51K	pattern	Y..I...N
3DID_Complex1_LYR_2_LIG_2-0	3DID_Complex1_LYR_2_LIG_2-0	3did structural motif for Complex1_LYR_2	pattern	RW.S.E.E
3DID_Cpn60_TCP1_LIG_0-0	3DID_Cpn60_TCP1_LIG_0-0	3did structural motif for Cpn60_TCP1	pattern	P..P.{0,2}G
3DID_Cpn60_TCP1_LIG_0-23	3DID_Cpn60_TCP1_LIG_0-23	3did structural motif for Cpn60_TCP1	pattern	PKA
3DID_Cpn60_TCP1_LIG_3-0	3DID_Cpn60_TCP1_LIG_3-0	3did structural motif for Cpn60_TCP1	pattern	D[LM].S
3DID_Cpn60_TCP1_LIG_3-3	3DID_Cpn60_TCP1_LIG_3-3	3did structural motif for Cpn60_TCP1	pattern	SGQ
3DID_Cpn60_TCP1_LIG_5-0	3DID_Cpn60_TCP1_LIG_5-0	3did structural motif for Cpn60_TCP1	pattern	DLR
3DID_Cpn60_TCP1_LIG_5-3	3DID_Cpn60_TCP1_LIG_5-3	3did structural motif for Cpn60_TCP1	pattern	R.DR
3DID_Cpn60_TCP1_LIG_9-0	3DID_Cpn60_TCP1_LIG_9-0	3did structural motif for Cpn60_TCP1	pattern	[AG].[FY]..[KR].KP
3DID_Cpn60_TCP1_LIG_9-1	3DID_Cpn60_TCP1_LIG_9-1	3did structural motif for Cpn60_TCP1	pattern	[KR][DE]K
3DID_Cpn60_TCP1_LIG_9-10	3DID_Cpn60_TCP1_LIG_9-10	3did structural motif for Cpn60_TCP1	pattern	TF..KEK
3DID_Cpn60_TCP1_LIG_9-11	3DID_Cpn60_TCP1_LIG_9-11	3did structural motif for Cpn60_TCP1	pattern	TFK.KE
3DID_Cpn60_TCP1_LIG_9-3	3DID_Cpn60_TCP1_LIG_9-3	3did structural motif for Cpn60_TCP1	pattern	YQDRD
3DID_Cpn60_TCP1_LIG_9-4	3DID_Cpn60_TCP1_LIG_9-4	3did structural motif for Cpn60_TCP1	pattern	K..YQDR
3DID_Csm1_LIG_2-0	3DID_Csm1_LIG_2-0	3did structural motif for Csm1	pattern	L.{0,1}K.{0,1}R
3DID_Ctf4_C_LIG_0-0	3DID_Ctf4_C_LIG_0-0	3did structural motif for Ctf4_C	pattern	D..L...[DE]
3DID_Ctf8_LIG_2-0	3DID_Ctf8_LIG_2-0	3did structural motif for Ctf8	pattern	W.KY.EG
3DID_Cullin_LIG_0-0	3DID_Cullin_LIG_0-0	3did structural motif for Cullin	pattern	WN.V..W.W
3DID_Cullin_LIG_0-1	3DID_Cullin_LIG_0-1	3did structural motif for Cullin	pattern	K.W..VA.W
3DID_Cullin_LIG_0-23	3DID_Cullin_LIG_0-23	3did structural motif for Cullin	pattern	K.WN.VA
3DID_Cullin_LIG_0-8	3DID_Cullin_LIG_0-8	3did structural motif for Cullin	pattern	WN[AG]V..W
3DID_Cullin_LIG_1-0	3DID_Cullin_LIG_1-0	3did structural motif for Cullin	pattern	N[AG]VA.W
3DID_Cullin_LIG_1-1	3DID_Cullin_LIG_1-1	3did structural motif for Cullin	pattern	[AG]VA.W.W
3DID_Cullin_LIG_5-0	3DID_Cullin_LIG_5-0	3did structural motif for Cullin	pattern	FE.KKW
3DID_Cullin_LIG_5-2	3DID_Cullin_LIG_5-2	3did structural motif for Cullin	pattern	EVK.WN
3DID_Cupin_8_LIG_0-0	3DID_Cupin_8_LIG_0-0	3did structural motif for Cupin_8	pattern	L[IL]..GAD
3DID_Cupin_8_LIG_0-1	3DID_Cupin_8_LIG_0-1	3did structural motif for Cupin_8	pattern	L[IL]..GA.V
3DID_Cupin_8_LIG_0-2	3DID_Cupin_8_LIG_0-2	3did structural motif for Cupin_8	pattern	K.L..[FH]G..V
3DID_Cupin_8_LIG_0-37	3DID_Cupin_8_LIG_0-37	3did structural motif for Cupin_8	pattern	LLE..AD
3DID_Cupin_8_LIG_0-73	3DID_Cupin_8_LIG_0-73	3did structural motif for Cupin_8	pattern	ADV.A
3DID_Cyclin_N_LIG_1-0	3DID_Cyclin_N_LIG_1-0	3did structural motif for Cyclin_N	pattern	EVQ
3DID_Cyclin_N_LIG_4-0	3DID_Cyclin_N_LIG_4-0	3did structural motif for Cyclin_N	pattern	R.{0,1}L.{0,1}F
3DID_Cyclin_N_LIG_4-1	3DID_Cyclin_N_LIG_4-1	3did structural motif for Cyclin_N	pattern	[KR][KR].[FLV]
3DID_Cyclin_N_LIG_4-2	3DID_Cyclin_N_LIG_4-2	3did structural motif for Cyclin_N	pattern	KKL
3DID_Cyclin_N_LIG_4-7	3DID_Cyclin_N_LIG_4-7	3did structural motif for Cyclin_N	pattern	RL.{0,2}E
3DID_DNA_RNApol_7kD_LIG_0-0	3DID_DNA_RNApol_7kD_LIG_0-0	3did structural motif for DNA_RNApol_7kD	pattern	[FL]L.Y.PL
3DID_DNA_RNApol_7kD_LIG_0-1	3DID_DNA_RNApol_7kD_LIG_0-1	3did structural motif for DNA_RNApol_7kD	pattern	L.Y.PL.K
3DID_DNA_RNApol_7kD_LIG_0-2	3DID_DNA_RNApol_7kD_LIG_0-2	3did structural motif for DNA_RNApol_7kD	pattern	L.Y.PLE
3DID_DNA_RNApol_7kD_LIG_2-0	3DID_DNA_RNApol_7kD_LIG_2-0	3did structural motif for DNA_RNApol_7kD	pattern	Y.PLEK
3DID_DNA_RNApol_7kD_LIG_2-1	3DID_DNA_RNApol_7kD_LIG_2-1	3did structural motif for DNA_RNApol_7kD	pattern	P.EK
3DID_DNA_RNApol_7kD_LIG_2-2	3DID_DNA_RNApol_7kD_LIG_2-2	3did structural motif for DNA_RNApol_7kD	pattern	Y.PL
3DID_DNA_RNApol_7kD_LIG_3-0	3DID_DNA_RNApol_7kD_LIG_3-0	3did structural motif for DNA_RNApol_7kD	pattern	Y.PLEK
3DID_DNA_RNApol_7kD_LIG_3-1	3DID_DNA_RNApol_7kD_LIG_3-1	3did structural motif for DNA_RNApol_7kD	pattern	P.EK
3DID_DNA_RNApol_7kD_LIG_3-2	3DID_DNA_RNApol_7kD_LIG_3-2	3did structural motif for DNA_RNApol_7kD	pattern	Y.PL
3DID_DNA_gyraseB_C_LIG_1-0	3DID_DNA_gyraseB_C_LIG_1-0	3did structural motif for DNA_gyraseB_C	pattern	[DE]..M[GS]..[FV]
3DID_DNA_gyraseB_C_LIG_1-2	3DID_DNA_gyraseB_C_LIG_1-2	3did structural motif for DNA_gyraseB_C	pattern	S..DY..S
3DID_DNA_gyraseB_C_LIG_1-6	3DID_DNA_gyraseB_C_LIG_1-6	3did structural motif for DNA_gyraseB_C	pattern	[LM]...[FY]..Y
3DID_DNA_pol3_beta_2_LIG_0-0	3DID_DNA_pol3_beta_2_LIG_0-0	3did structural motif for DNA_pol3_beta_2	pattern	L.L[FV]
3DID_DNA_pol3_beta_2_LIG_1-1	3DID_DNA_pol3_beta_2_LIG_1-1	3did structural motif for DNA_pol3_beta_2	pattern	L.L[FV]
3DID_DNA_pol3_beta_3_LIG_4-0	3DID_DNA_pol3_beta_3_LIG_4-0	3did structural motif for DNA_pol3_beta_3	pattern	QL.L.L
3DID_DNA_pol3_beta_3_LIG_4-3	3DID_DNA_pol3_beta_3_LIG_4-3	3did structural motif for DNA_pol3_beta_3	pattern	QLSLP
3DID_DNA_pol_B_LIG_0-0	3DID_DNA_pol_B_LIG_0-0	3did structural motif for DNA_pol_B	pattern	K.GA
3DID_DSPn_LIG_1-0	3DID_DSPn_LIG_1-0	3did structural motif for DSPn	pattern	VP.L.YP
3DID_Dcc1_LIG_0-0	3DID_Dcc1_LIG_0-0	3did structural motif for Dcc1	pattern	K..TW..LW
3DID_Dcc1_LIG_0-15	3DID_Dcc1_LIG_0-15	3did structural motif for Dcc1	pattern	VRK.VT
3DID_Dcc1_LIG_0-2	3DID_Dcc1_LIG_0-2	3did structural motif for Dcc1	pattern	VTW..LW
3DID_Dcc1_LIG_0-3	3DID_Dcc1_LIG_0-3	3did structural motif for Dcc1	pattern	VRK..TW
3DID_Dcc1_LIG_0-4	3DID_Dcc1_LIG_0-4	3did structural motif for Dcc1	pattern	RK.VTW
3DID_Dcc1_LIG_2-0	3DID_Dcc1_LIG_2-0	3did structural motif for Dcc1	pattern	S..VRK.V
3DID_Dcc1_LIG_2-1	3DID_Dcc1_LIG_2-1	3did structural motif for Dcc1	pattern	VRK.VT
3DID_Dcc1_LIG_2-6	3DID_Dcc1_LIG_2-6	3did structural motif for Dcc1	pattern	S..VRKN
3DID_Dcc1_LIG_2-9	3DID_Dcc1_LIG_2-9	3did structural motif for Dcc1	pattern	SN.VRK
3DID_Dicer_PBD_LIG_0-0	3DID_Dicer_PBD_LIG_0-0	3did structural motif for Dicer_PBD	pattern	Q..V..S.QP
3DID_Dpy-30_LIG_0-0	3DID_Dpy-30_LIG_0-0	3did structural motif for Dpy-30	pattern	Q..ED..W
3DID_Dpy-30_LIG_1-0	3DID_Dpy-30_LIG_1-0	3did structural motif for Dpy-30	pattern	Q..ED..W
3DID_Dynein_light_LIG_1-0	3DID_Dynein_light_LIG_1-0	3did structural motif for Dynein_light	pattern	QT[DE]
3DID_Dynein_light_LIG_1-1	3DID_Dynein_light_LIG_1-1	3did structural motif for Dynein_light	pattern	[AG]TQ
3DID_Dynein_light_LIG_1-20	3DID_Dynein_light_LIG_1-20	3did structural motif for Dynein_light	pattern	V.M.S.E.Q
3DID_Dynein_light_LIG_1-30	3DID_Dynein_light_LIG_1-30	3did structural motif for Dynein_light	pattern	G.Q.D
3DID_Dynein_light_LIG_6-0	3DID_Dynein_light_LIG_6-0	3did structural motif for Dynein_light	pattern	TQT
3DID_Dynein_light_LIG_6-19	3DID_Dynein_light_LIG_6-19	3did structural motif for Dynein_light	pattern	K.T.{0,2}Q
3DID_Dynein_light_LIG_6-21	3DID_Dynein_light_LIG_6-21	3did structural motif for Dynein_light	pattern	[AG].Q.[DE]
3DID_Dynein_light_LIG_6-23	3DID_Dynein_light_LIG_6-23	3did structural motif for Dynein_light	pattern	A.{0,1}T.{0,1}Q
3DID_Dynein_light_LIG_6-5	3DID_Dynein_light_LIG_6-5	3did structural motif for Dynein_light	pattern	QT[DE]
3DID_Dynein_light_LIG_6-54	3DID_Dynein_light_LIG_6-54	3did structural motif for Dynein_light	pattern	[AG]..T[DE]
3DID_Dynein_light_LIG_6-6	3DID_Dynein_light_LIG_6-6	3did structural motif for Dynein_light	pattern	[AG]TQ
3DID_Dynein_light_LIG_6-7	3DID_Dynein_light_LIG_6-7	3did structural motif for Dynein_light	pattern	T.T[DE]
3DID_Dynein_light_LIG_6-70	3DID_Dynein_light_LIG_6-70	3did structural motif for Dynein_light	pattern	R[DE]..T
3DID_Dynein_light_LIG_6-8	3DID_Dynein_light_LIG_6-8	3did structural motif for Dynein_light	pattern	[KR]..QT
3DID_Dynein_light_LIG_7-0	3DID_Dynein_light_LIG_7-0	3did structural motif for Dynein_light	pattern	[GS]..TQ
3DID_Dynein_light_LIG_7-2	3DID_Dynein_light_LIG_7-2	3did structural motif for Dynein_light	pattern	R..G.STE
3DID_Dynein_light_LIG_7-3	3DID_Dynein_light_LIG_7-3	3did structural motif for Dynein_light	pattern	V.TE
3DID_Dynein_light_LIG_7-4	3DID_Dynein_light_LIG_7-4	3did structural motif for Dynein_light	pattern	[AG]TQ
3DID_Dynein_light_LIG_7-6	3DID_Dynein_light_LIG_7-6	3did structural motif for Dynein_light	pattern	R[DE]..T
3DID_EABR_LIG_0-0	3DID_EABR_LIG_0-0	3did structural motif for EABR	pattern	A.GPP
3DID_EABR_LIG_1-0	3DID_EABR_LIG_1-0	3did structural motif for EABR	pattern	A.GPP
3DID_EABR_LIG_1-3	3DID_EABR_LIG_1-3	3did structural motif for EABR	pattern	GPP
3DID_EB1_LIG_2-0	3DID_EB1_LIG_2-0	3did structural motif for EB1	pattern	RPPTP
3DID_EB1_LIG_2-1	3DID_EB1_LIG_2-1	3did structural motif for EB1	pattern	P.{0,1}TP
3DID_EB1_LIG_2-2	3DID_EB1_LIG_2-2	3did structural motif for EB1	pattern	K.{0,1}PT
3DID_EB1_LIG_2-4	3DID_EB1_LIG_2-4	3did structural motif for EB1	pattern	[KR]P[ST]
3DID_EB1_LIG_2-6	3DID_EB1_LIG_2-6	3did structural motif for EB1	pattern	[ST][KR][IL]..P
3DID_EF-hand_7_LIG_1-0	3DID_EF-hand_7_LIG_1-0	3did structural motif for EF-hand_7	pattern	[KR]..K...[AS]
3DID_EF-hand_7_LIG_1-1	3DID_EF-hand_7_LIG_1-1	3did structural motif for EF-hand_7	pattern	K...[ST]..[AS]
3DID_EF-hand_7_LIG_1-15	3DID_EF-hand_7_LIG_1-15	3did structural motif for EF-hand_7	pattern	K..AL..L
3DID_EF-hand_7_LIG_1-2	3DID_EF-hand_7_LIG_1-2	3did structural motif for EF-hand_7	pattern	[KR]...K..[FIL]
3DID_EF-hand_7_LIG_1-3	3DID_EF-hand_7_LIG_1-3	3did structural motif for EF-hand_7	pattern	[KR]...K..[FY]
3DID_EF-hand_7_LIG_1-4	3DID_EF-hand_7_LIG_1-4	3did structural motif for EF-hand_7	pattern	N..[KR]K..[GS]
3DID_EF-hand_7_LIG_1-8	3DID_EF-hand_7_LIG_1-8	3did structural motif for EF-hand_7	pattern	L...L..[KR]
3DID_EF-hand_7_LIG_12-0	3DID_EF-hand_7_LIG_12-0	3did structural motif for EF-hand_7	pattern	[KR]...[AG]..A
3DID_EF-hand_7_LIG_12-1	3DID_EF-hand_7_LIG_12-1	3did structural motif for EF-hand_7	pattern	A..A...[FL]
3DID_EF-hand_7_LIG_13-0	3DID_EF-hand_7_LIG_13-0	3did structural motif for EF-hand_7	pattern	V..Q...M
3DID_EF-hand_7_LIG_3-0	3DID_EF-hand_7_LIG_3-0	3did structural motif for EF-hand_7	pattern	[AS]..[FM][IV]..[KR]
3DID_EF-hand_7_LIG_5-0	3DID_EF-hand_7_LIG_5-0	3did structural motif for EF-hand_7	pattern	[KR]..[LV]K..[IL]
3DID_EF-hand_7_LIG_5-11	3DID_EF-hand_7_LIG_5-11	3did structural motif for EF-hand_7	pattern	R...R..G
3DID_EF-hand_7_LIG_5-12	3DID_EF-hand_7_LIG_5-12	3did structural motif for EF-hand_7	pattern	S...R..K
3DID_EF-hand_7_LIG_5-14	3DID_EF-hand_7_LIG_5-14	3did structural motif for EF-hand_7	pattern	[FV]...A..[FV]
3DID_EF-hand_7_LIG_5-2	3DID_EF-hand_7_LIG_5-2	3did structural motif for EF-hand_7	pattern	[FL]...L..[KR]
3DID_EF-hand_7_LIG_5-3	3DID_EF-hand_7_LIG_5-3	3did structural motif for EF-hand_7	pattern	L..KQ..R
3DID_EF-hand_7_LIG_5-4	3DID_EF-hand_7_LIG_5-4	3did structural motif for EF-hand_7	pattern	W..AM..L
3DID_EF-hand_7_LIG_5-5	3DID_EF-hand_7_LIG_5-5	3did structural motif for EF-hand_7	pattern	S...V..K
3DID_EF-hand_7_LIG_5-9	3DID_EF-hand_7_LIG_5-9	3did structural motif for EF-hand_7	pattern	A..[KR]...A
3DID_EFhand_Ca_insen_LIG_1-0	3DID_EFhand_Ca_insen_LIG_1-0	3did structural motif for EFhand_Ca_insen	pattern	K..IL..M
3DID_EFhand_Ca_insen_LIG_1-1	3DID_EFhand_Ca_insen_LIG_1-1	3did structural motif for EFhand_Ca_insen	pattern	R..K...L
3DID_EFhand_Ca_insen_LIG_1-2	3DID_EFhand_Ca_insen_LIG_1-2	3did structural motif for EFhand_Ca_insen	pattern	L..[FM]...R
3DID_ESSS_LIG_6-0	3DID_ESSS_LIG_6-0	3did structural motif for ESSS	pattern	PE.T.G..Q
3DID_EXOSC1_LIG_0-0	3DID_EXOSC1_LIG_0-0	3did structural motif for EXOSC1	pattern	P..LA..S
3DID_EXOSC1_LIG_2-0	3DID_EXOSC1_LIG_2-0	3did structural motif for EXOSC1	pattern	P..LA..S
3DID_EnY2_LIG_2-0	3DID_EnY2_LIG_2-0	3did structural motif for EnY2	pattern	DFI
3DID_Ephrin_lbd_LIG_1-0	3DID_Ephrin_lbd_LIG_1-0	3did structural motif for Ephrin_lbd	pattern	P..VY..S
3DID_Epimerase_LIG_0-0	3DID_Epimerase_LIG_0-0	3did structural motif for Epimerase	pattern	DE.KR
3DID_Epimerase_LIG_6-0	3DID_Epimerase_LIG_6-0	3did structural motif for Epimerase	pattern	DYR..RF
3DID_Epimerase_LIG_7-0	3DID_Epimerase_LIG_7-0	3did structural motif for Epimerase	pattern	DYR..RF
3DID_Epimerase_LIG_7-1	3DID_Epimerase_LIG_7-1	3did structural motif for Epimerase	pattern	DYR[KR]V
3DID_F1F0-ATPsyn_F_LIG_1-0	3DID_F1F0-ATPsyn_F_LIG_1-0	3did structural motif for F1F0-ATPsyn_F	pattern	D...K..P
3DID_FERM_C_LIG_0-0	3DID_FERM_C_LIG_0-0	3did structural motif for FERM_C	pattern	D.IL..N
3DID_FERM_M_LIG_2-0	3DID_FERM_M_LIG_2-0	3did structural motif for FERM_M	pattern	A..E...S
3DID_FGE-sulfatase_LIG_0-0	3DID_FGE-sulfatase_LIG_0-0	3did structural motif for FGE-sulfatase	pattern	C.PSR
3DID_FGE-sulfatase_LIG_0-2	3DID_FGE-sulfatase_LIG_0-2	3did structural motif for FGE-sulfatase	pattern	C.PS
3DID_FHA_2_LIG_1-0	3DID_FHA_2_LIG_1-0	3did structural motif for FHA_2	pattern	YAG.TD
3DID_FHA_2_LIG_1-1	3DID_FHA_2_LIG_1-1	3did structural motif for FHA_2	pattern	Y..STD
3DID_FHA_2_LIG_1-13	3DID_FHA_2_LIG_1-13	3did structural motif for FHA_2	pattern	STDE
3DID_FHA_2_LIG_1-6	3DID_FHA_2_LIG_1-6	3did structural motif for FHA_2	pattern	Y..ST
3DID_FHA_LIG_0-0	3DID_FHA_LIG_0-0	3did structural motif for FHA	pattern	E.T.{0,1}E
3DID_FHA_LIG_0-10	3DID_FHA_LIG_0-10	3did structural motif for FHA	pattern	PT.PL
3DID_FHA_LIG_0-12	3DID_FHA_LIG_0-12	3did structural motif for FHA	pattern	VT.A
3DID_FHA_LIG_0-13	3DID_FHA_LIG_0-13	3did structural motif for FHA	pattern	E.TQ.[IL]
3DID_FHA_LIG_0-18	3DID_FHA_LIG_0-18	3did structural motif for FHA	pattern	L.{0,2}T.{0,1}E
3DID_FHA_LIG_0-2	3DID_FHA_LIG_0-2	3did structural motif for FHA	pattern	E[LV]T
3DID_FHA_LIG_0-20	3DID_FHA_LIG_0-20	3did structural motif for FHA	pattern	PT.P
3DID_FHA_LIG_0-24	3DID_FHA_LIG_0-24	3did structural motif for FHA	pattern	TQ.[IL]
3DID_FHA_LIG_0-3	3DID_FHA_LIG_0-3	3did structural motif for FHA	pattern	TE.D
3DID_Fer2_4_LIG_0-0	3DID_Fer2_4_LIG_0-0	3did structural motif for Fer2_4	pattern	PWE.FP
3DID_Fer2_4_LIG_0-3	3DID_Fer2_4_LIG_0-3	3did structural motif for Fer2_4	pattern	SPWE.F
3DID_Fibrinogen_C_LIG_0-0	3DID_Fibrinogen_C_LIG_0-0	3did structural motif for Fibrinogen_C	pattern	GPR
3DID_Filamin_LIG_0-0	3DID_Filamin_LIG_0-0	3did structural motif for Filamin	pattern	[ST]..[ST][ST]
3DID_Filamin_LIG_1-0	3DID_Filamin_LIG_1-0	3did structural motif for Filamin	pattern	KR..SS.F
3DID_Filamin_LIG_2-0	3DID_Filamin_LIG_2-0	3did structural motif for Filamin	pattern	[ST][FV].S.LF
3DID_Filamin_LIG_2-1	3DID_Filamin_LIG_2-1	3did structural motif for Filamin	pattern	R.{0,2}S..F
3DID_Filamin_LIG_2-3	3DID_Filamin_LIG_2-3	3did structural motif for Filamin	pattern	[ST][FV]..[ST]L
3DID_Fimbrial_LIG_0-0	3DID_Fimbrial_LIG_0-0	3did structural motif for Fimbrial	pattern	D.T.T..G.V
3DID_Fimbrial_LIG_0-2	3DID_Fimbrial_LIG_0-2	3did structural motif for Fimbrial	pattern	D.TIT..G
3DID_Fimbrial_LIG_0-4	3DID_Fimbrial_LIG_0-4	3did structural motif for Fimbrial	pattern	TIT..G.V
3DID_Focal_AT_LIG_2-0	3DID_Focal_AT_LIG_2-0	3did structural motif for Focal_AT	pattern	L..L[LM]..L
3DID_Focal_AT_LIG_2-2	3DID_Focal_AT_LIG_2-2	3did structural motif for Focal_AT	pattern	T..LD..M
3DID_Focal_AT_LIG_4-0	3DID_Focal_AT_LIG_4-0	3did structural motif for Focal_AT	pattern	L..L[LM]..L
3DID_GCP_C_terminal_LIG_4-0	3DID_GCP_C_terminal_LIG_4-0	3did structural motif for GCP_C_terminal	pattern	[IV]..[KR]...[DE]
3DID_GRIM-19_LIG_6-0	3DID_GRIM-19_LIG_6-0	3did structural motif for GRIM-19	pattern	Q...W..L
3DID_GRIM-19_LIG_6-1	3DID_GRIM-19_LIG_6-1	3did structural motif for GRIM-19	pattern	L...L..G
3DID_GTP_EFTU_LIG_0-0	3DID_GTP_EFTU_LIG_0-0	3did structural motif for GTP_EFTU	pattern	K..V...D
3DID_GYF_LIG_0-0	3DID_GYF_LIG_0-0	3did structural motif for GYF	pattern	PPPG
3DID_GYF_LIG_0-1	3DID_GYF_LIG_0-1	3did structural motif for GYF	pattern	PPGL
3DID_GYF_LIG_0-10	3DID_GYF_LIG_0-10	3did structural motif for GYF	pattern	PGL
3DID_Glyco_transf_41_LIG_1-0	3DID_Glyco_transf_41_LIG_1-0	3did structural motif for Glyco_transf_41	pattern	PV.[ST]
3DID_Glyco_transf_41_LIG_1-1	3DID_Glyco_transf_41_LIG_1-1	3did structural motif for Glyco_transf_41	pattern	P.SSA
3DID_Glycogen_syn_LIG_0-0	3DID_Glycogen_syn_LIG_0-0	3did structural motif for Glycogen_syn	pattern	I..KL..Y
3DID_Gtr1_RagA_LIG_2-0	3DID_Gtr1_RagA_LIG_2-0	3did structural motif for Gtr1_RagA	pattern	E.V.QFG
3DID_Gtr1_RagA_LIG_2-4	3DID_Gtr1_RagA_LIG_2-4	3did structural motif for Gtr1_RagA	pattern	VVQFG
3DID_Guanylate_kin_LIG_0-0	3DID_Guanylate_kin_LIG_0-0	3did structural motif for Guanylate_kin	pattern	Q..EE..[KR]
3DID_Guanylate_kin_LIG_0-1	3DID_Guanylate_kin_LIG_0-1	3did structural motif for Guanylate_kin	pattern	Q...[DE]..G
3DID_Guanylate_kin_LIG_0-11	3DID_Guanylate_kin_LIG_0-11	3did structural motif for Guanylate_kin	pattern	[LM]...T..E
3DID_Guanylate_kin_LIG_0-12	3DID_Guanylate_kin_LIG_0-12	3did structural motif for Guanylate_kin	pattern	E...L..[DE]
3DID_Guanylate_kin_LIG_0-14	3DID_Guanylate_kin_LIG_0-14	3did structural motif for Guanylate_kin	pattern	[KR]..[LM]...T
3DID_Guanylate_kin_LIG_0-2	3DID_Guanylate_kin_LIG_0-2	3did structural motif for Guanylate_kin	pattern	E..L...[LM]
3DID_Guanylate_kin_LIG_2-0	3DID_Guanylate_kin_LIG_2-0	3did structural motif for Guanylate_kin	pattern	R...Y..A
3DID_Guanylate_kin_LIG_4-0	3DID_Guanylate_kin_LIG_4-0	3did structural motif for Guanylate_kin	pattern	Q...[DE]..G
3DID_Guanylate_kin_LIG_4-2	3DID_Guanylate_kin_LIG_4-2	3did structural motif for Guanylate_kin	pattern	[IL]..[DE]...Y
3DID_Guanylate_kin_LIG_4-3	3DID_Guanylate_kin_LIG_4-3	3did structural motif for Guanylate_kin	pattern	E..L...[LM]
3DID_Guanylate_kin_LIG_4-4	3DID_Guanylate_kin_LIG_4-4	3did structural motif for Guanylate_kin	pattern	E..GY..W
3DID_Guanylate_kin_LIG_4-6	3DID_Guanylate_kin_LIG_4-6	3did structural motif for Guanylate_kin	pattern	E...L..[DE]
3DID_Guanylate_kin_LIG_5-0	3DID_Guanylate_kin_LIG_5-0	3did structural motif for Guanylate_kin	pattern	[IL]...S..R
3DID_Guanylate_kin_LIG_5-1	3DID_Guanylate_kin_LIG_5-1	3did structural motif for Guanylate_kin	pattern	[AG]...[ST]..[KR]
3DID_Guanylate_kin_LIG_8-0	3DID_Guanylate_kin_LIG_8-0	3did structural motif for Guanylate_kin	pattern	E..L...[LM]
3DID_Guanylate_kin_LIG_8-11	3DID_Guanylate_kin_LIG_8-11	3did structural motif for Guanylate_kin	pattern	E...L..[DE]
3DID_Guanylate_kin_LIG_8-22	3DID_Guanylate_kin_LIG_8-22	3did structural motif for Guanylate_kin	pattern	S..T...V
3DID_Guanylate_kin_LIG_8-23	3DID_Guanylate_kin_LIG_8-23	3did structural motif for Guanylate_kin	pattern	Y...I..G
3DID_Guanylate_kin_LIG_8-4	3DID_Guanylate_kin_LIG_8-4	3did structural motif for Guanylate_kin	pattern	[LM]...T..E
3DID_Guanylate_kin_LIG_8-7	3DID_Guanylate_kin_LIG_8-7	3did structural motif for Guanylate_kin	pattern	[KR]..[LM]...T
3DID_HEAT_2_LIG_0-0	3DID_HEAT_2_LIG_0-0	3did structural motif for HEAT_2	pattern	Q...E..E
3DID_HEAT_2_LIG_1-0	3DID_HEAT_2_LIG_1-0	3did structural motif for HEAT_2	pattern	L..LE..E
3DID_HEAT_2_LIG_1-1	3DID_HEAT_2_LIG_1-1	3did structural motif for HEAT_2	pattern	Q..LE..E
3DID_HEAT_2_LIG_1-10	3DID_HEAT_2_LIG_1-10	3did structural motif for HEAT_2	pattern	E...E..K
3DID_HEAT_2_LIG_1-2	3DID_HEAT_2_LIG_1-2	3did structural motif for HEAT_2	pattern	E..[FI]...Q
3DID_HEAT_2_LIG_1-4	3DID_HEAT_2_LIG_1-4	3did structural motif for HEAT_2	pattern	[IL]..E...L
3DID_HEAT_2_LIG_1-5	3DID_HEAT_2_LIG_1-5	3did structural motif for HEAT_2	pattern	E..E...E
3DID_HEAT_2_LIG_1-6	3DID_HEAT_2_LIG_1-6	3did structural motif for HEAT_2	pattern	E...L..Q
3DID_HEAT_2_LIG_2-0	3DID_HEAT_2_LIG_2-0	3did structural motif for HEAT_2	pattern	R..LN..V
3DID_HEAT_2_LIG_2-1	3DID_HEAT_2_LIG_2-1	3did structural motif for HEAT_2	pattern	[IL]..E...L
3DID_HEAT_2_LIG_2-2	3DID_HEAT_2_LIG_2-2	3did structural motif for HEAT_2	pattern	K...L..E
3DID_HORMA_LIG_0-0	3DID_HORMA_LIG_0-0	3did structural motif for HORMA	pattern	[AS].YG[LV]S
3DID_HORMA_LIG_0-1	3DID_HORMA_LIG_0-1	3did structural motif for HORMA	pattern	P..Q..Q.W.Q
3DID_HORMA_LIG_0-6	3DID_HORMA_LIG_0-6	3did structural motif for HORMA	pattern	M..K..P..Q..Q
3DID_HORMA_LIG_1-0	3DID_HORMA_LIG_1-0	3did structural motif for HORMA	pattern	R..GI..R
3DID_HRM_LIG_1-0	3DID_HRM_LIG_1-0	3did structural motif for HRM	pattern	E..R...D
3DID_HRM_LIG_2-0	3DID_HRM_LIG_2-0	3did structural motif for HRM	pattern	TN.GS
3DID_HRM_LIG_2-3	3DID_HRM_LIG_2-3	3did structural motif for HRM	pattern	TGSG
3DID_HRM_LIG_2-4	3DID_HRM_LIG_2-4	3did structural motif for HRM	pattern	RRRFF
3DID_HSP20_LIG_2-0	3DID_HSP20_LIG_2-0	3did structural motif for HSP20	pattern	ERT.P.T
3DID_HSP70_LIG_2-0	3DID_HSP70_LIG_2-0	3did structural motif for HSP70	pattern	P.{1,2}LPRP
3DID_HSP70_LIG_2-1	3DID_HSP70_LIG_2-1	3did structural motif for HSP70	pattern	[IL]P.P
3DID_HSP90_LIG_1-0	3DID_HSP90_LIG_1-0	3did structural motif for HSP90	pattern	PS..E.R.K
3DID_HSP90_LIG_1-11	3DID_HSP90_LIG_1-11	3did structural motif for HSP90	pattern	LE.RTK
3DID_HSP90_LIG_1-27	3DID_HSP90_LIG_1-27	3did structural motif for HSP90	pattern	P[ST].[LV]
3DID_HSP90_LIG_1-70	3DID_HSP90_LIG_1-70	3did structural motif for HSP90	pattern	[ST][IL][LV]
3DID_Hist_deacetyl_LIG_4-0	3DID_Hist_deacetyl_LIG_4-0	3did structural motif for Hist_deacetyl	pattern	Y..V...M
3DID_Hist_deacetyl_LIG_4-1	3DID_Hist_deacetyl_LIG_4-1	3did structural motif for Hist_deacetyl	pattern	T..Q...V
3DID_Hist_deacetyl_LIG_4-2	3DID_Hist_deacetyl_LIG_4-2	3did structural motif for Hist_deacetyl	pattern	Q..G...G
3DID_Histone_H2A_C_LIG_0-0	3DID_Histone_H2A_C_LIG_0-0	3did structural motif for Histone_H2A_C	pattern	R.{0,1}S.R
3DID_Histone_H2A_C_LIG_0-1	3DID_Histone_H2A_C_LIG_0-1	3did structural motif for Histone_H2A_C	pattern	[KR]..R.[KR]
3DID_Histone_LIG_0-0	3DID_Histone_LIG_0-0	3did structural motif for Histone	pattern	R.[KR]..P..Y.R
3DID_Histone_LIG_10-0	3DID_Histone_LIG_10-0	3did structural motif for Histone	pattern	YGFGG
3DID_Histone_LIG_10-10	3DID_Histone_LIG_10-10	3did structural motif for Histone	pattern	LYG
3DID_Histone_LIG_10-5	3DID_Histone_LIG_10-5	3did structural motif for Histone	pattern	G.GG
3DID_Histone_LIG_10-6	3DID_Histone_LIG_10-6	3did structural motif for Histone	pattern	LYGFG
3DID_Histone_LIG_16-0	3DID_Histone_LIG_16-0	3did structural motif for Histone	pattern	D..[FW].P
3DID_Histone_LIG_16-1	3DID_Histone_LIG_16-1	3did structural motif for Histone	pattern	[DE][DE][DE]
3DID_Histone_LIG_16-27	3DID_Histone_LIG_16-27	3did structural motif for Histone	pattern	D.D[FY]
3DID_Histone_LIG_19-0	3DID_Histone_LIG_19-0	3did structural motif for Histone	pattern	R..KK..K
3DID_Histone_LIG_19-11	3DID_Histone_LIG_19-11	3did structural motif for Histone	pattern	[LM]...M..R
3DID_Histone_LIG_4-0	3DID_Histone_LIG_4-0	3did structural motif for Histone	pattern	E.{0,2}D.E
3DID_Histone_LIG_5-0	3DID_Histone_LIG_5-0	3did structural motif for Histone	pattern	[KR]R..R
3DID_Histone_LIG_5-12	3DID_Histone_LIG_5-12	3did structural motif for Histone	pattern	[KR]R.[KR]
3DID_Histone_LIG_5-13	3DID_Histone_LIG_5-13	3did structural motif for Histone	pattern	R.[ST].R
3DID_Histone_LIG_5-18	3DID_Histone_LIG_5-18	3did structural motif for Histone	pattern	K.{1,2}LR
3DID_Histone_LIG_8-0	3DID_Histone_LIG_8-0	3did structural motif for Histone	pattern	E.{0,2}ED.DF
3DID_Histone_LIG_9-0	3DID_Histone_LIG_9-0	3did structural motif for Histone	pattern	R.{0,1}R.{1,2}R
3DID_Histone_LIG_9-1	3DID_Histone_LIG_9-1	3did structural motif for Histone	pattern	R.{0,1}R.{0,2}R
3DID_Histone_LIG_9-14	3DID_Histone_LIG_9-14	3did structural motif for Histone	pattern	R.{0,1}LR
3DID_Histone_LIG_9-17	3DID_Histone_LIG_9-17	3did structural motif for Histone	pattern	R[KR][GS]
3DID_Histone_LIG_9-18	3DID_Histone_LIG_9-18	3did structural motif for Histone	pattern	R[KR]R
3DID_Histone_LIG_9-32	3DID_Histone_LIG_9-32	3did structural motif for Histone	pattern	GRS
3DID_Histone_LIG_9-37	3DID_Histone_LIG_9-37	3did structural motif for Histone	pattern	K.{1,2}L.{0,1}R
3DID_Histone_LIG_9-48	3DID_Histone_LIG_9-48	3did structural motif for Histone	pattern	[GS][KR][AS]
3DID_Histone_LIG_9-55	3DID_Histone_LIG_9-55	3did structural motif for Histone	pattern	R.{1,2}R.{0,2}K
3DID_Histone_LIG_9-65	3DID_Histone_LIG_9-65	3did structural motif for Histone	pattern	G.{0,1}R.T
3DID_Histone_LIG_9-68	3DID_Histone_LIG_9-68	3did structural motif for Histone	pattern	RS[GS]
3DID_Histone_LIG_9-69	3DID_Histone_LIG_9-69	3did structural motif for Histone	pattern	G[LM]R
3DID_Histone_LIG_9-76	3DID_Histone_LIG_9-76	3did structural motif for Histone	pattern	M..RS
3DID_Histone_LIG_9-8	3DID_Histone_LIG_9-8	3did structural motif for Histone	pattern	R.[KR][KR]
3DID_Histone_LIG_9-80	3DID_Histone_LIG_9-80	3did structural motif for Histone	pattern	M.LR
3DID_Histone_LIG_9-9	3DID_Histone_LIG_9-9	3did structural motif for Histone	pattern	RS.{0,1}R
3DID_Hormone_recep_LIG_1-0	3DID_Hormone_recep_LIG_1-0	3did structural motif for Hormone_recep	pattern	K...[KR]..Q
3DID_Hormone_recep_LIG_1-1	3DID_Hormone_recep_LIG_1-1	3did structural motif for Hormone_recep	pattern	I..RL..[DE]
3DID_Hormone_recep_LIG_1-4	3DID_Hormone_recep_LIG_1-4	3did structural motif for Hormone_recep	pattern	N..LR..L
3DID_Hormone_recep_LIG_1-9	3DID_Hormone_recep_LIG_1-9	3did structural motif for Hormone_recep	pattern	L...L..K
3DID_Hormone_recep_LIG_3-0	3DID_Hormone_recep_LIG_3-0	3did structural motif for Hormone_recep	pattern	T..DH..Q
3DID_Hormone_recep_LIG_3-1	3DID_Hormone_recep_LIG_3-1	3did structural motif for Hormone_recep	pattern	Q..Q...P
3DID_Hormone_recep_LIG_3-2	3DID_Hormone_recep_LIG_3-2	3did structural motif for Hormone_recep	pattern	V...Q..Q
3DID_Hormone_recep_LIG_3-3	3DID_Hormone_recep_LIG_3-3	3did structural motif for Hormone_recep	pattern	E..I...L
3DID_Hormone_recep_LIG_8-0	3DID_Hormone_recep_LIG_8-0	3did structural motif for Hormone_recep	pattern	E..I...L
3DID_Hormone_recep_LIG_8-1	3DID_Hormone_recep_LIG_8-1	3did structural motif for Hormone_recep	pattern	L..YL..K
3DID_Hormone_recep_LIG_8-2	3DID_Hormone_recep_LIG_8-2	3did structural motif for Hormone_recep	pattern	I..KA..G
3DID_Hormone_recep_LIG_8-3	3DID_Hormone_recep_LIG_8-3	3did structural motif for Hormone_recep	pattern	I..RL..E
3DID_Hormone_recep_LIG_8-4	3DID_Hormone_recep_LIG_8-4	3did structural motif for Hormone_recep	pattern	S..KK..L
3DID_Hormone_recep_LIG_8-6	3DID_Hormone_recep_LIG_8-6	3did structural motif for Hormone_recep	pattern	S...K..L
3DID_ICAP-1_inte_bdg_LIG_0-0	3DID_ICAP-1_inte_bdg_LIG_0-0	3did structural motif for ICAP-1_inte_bdg	pattern	VTT.V.P
3DID_ICAP-1_inte_bdg_LIG_2-0	3DID_ICAP-1_inte_bdg_LIG_2-0	3did structural motif for ICAP-1_inte_bdg	pattern	KS.VTT
3DID_IF4E_LIG_2-0	3DID_IF4E_LIG_2-0	3did structural motif for IF4E	pattern	Y.R..L[LM]
3DID_IF4E_LIG_2-1	3DID_IF4E_LIG_2-1	3did structural motif for IF4E	pattern	R.{0,2}Y.R..L
3DID_IF4E_LIG_2-19	3DID_IF4E_LIG_2-19	3did structural motif for IF4E	pattern	R.{0,2}Y.R
3DID_IF4E_LIG_2-2	3DID_IF4E_LIG_2-2	3did structural motif for IF4E	pattern	Y.R..L
3DID_IF4E_LIG_2-36	3DID_IF4E_LIG_2-36	3did structural motif for IF4E	pattern	YDR.F
3DID_IF4E_LIG_2-67	3DID_IF4E_LIG_2-67	3did structural motif for IF4E	pattern	Y[ST]R
3DID_IF4E_LIG_6-0	3DID_IF4E_LIG_6-0	3did structural motif for IF4E	pattern	S...L..[FL]
3DID_IF4E_LIG_6-1	3DID_IF4E_LIG_6-1	3did structural motif for IF4E	pattern	R..LM..R
3DID_IF4E_LIG_6-4	3DID_IF4E_LIG_6-4	3did structural motif for IF4E	pattern	R...L..Q
3DID_IRF-3_LIG_0-0	3DID_IRF-3_LIG_0-0	3did structural motif for IRF-3	pattern	[DE]L.IS
3DID_IRF-3_LIG_0-1	3DID_IRF-3_LIG_0-1	3did structural motif for IRF-3	pattern	[IL][AS].S
3DID_IRS_LIG_0-0	3DID_IRS_LIG_0-0	3did structural motif for IRS	pattern	NP[LM]Y
3DID_IRS_LIG_0-1	3DID_IRS_LIG_0-1	3did structural motif for IRS	pattern	NP.Y
3DID_IRS_LIG_0-33	3DID_IRS_LIG_0-33	3did structural motif for IRS	pattern	WDT..NP
3DID_IRS_LIG_0-38	3DID_IRS_LIG_0-38	3did structural motif for IRS	pattern	N.[LM]Y
3DID_Ig_2_LIG_3-0	3DID_Ig_2_LIG_3-0	3did structural motif for Ig_2	pattern	LGGP
3DID_Ig_3_LIG_1-0	3DID_Ig_3_LIG_1-0	3did structural motif for Ig_3	pattern	P..R.RF..L
3DID_Insulin_LIG_0-0	3DID_Insulin_LIG_0-0	3did structural motif for Insulin	pattern	SLYQ.E
3DID_Insulin_LIG_0-3	3DID_Insulin_LIG_0-3	3did structural motif for Insulin	pattern	SLYQL
3DID_Insulin_LIG_1-0	3DID_Insulin_LIG_1-0	3did structural motif for Insulin	pattern	E..LH..[IV]
3DID_Insulin_LIG_11-0	3DID_Insulin_LIG_11-0	3did structural motif for Insulin	pattern	S.R..GP.L
3DID_Insulin_LIG_12-0	3DID_Insulin_LIG_12-0	3did structural motif for Insulin	pattern	Y..N...V
3DID_Insulin_LIG_3-0	3DID_Insulin_LIG_3-0	3did structural motif for Insulin	pattern	H..[IV]F..R
3DID_Insulin_LIG_3-1	3DID_Insulin_LIG_3-1	3did structural motif for Insulin	pattern	E..LH..[IV]
3DID_Insulin_LIG_4-0	3DID_Insulin_LIG_4-0	3did structural motif for Insulin	pattern	S..QL..Y
3DID_Insulin_LIG_4-1	3DID_Insulin_LIG_4-1	3did structural motif for Insulin	pattern	L..LE..C
3DID_Insulin_LIG_5-0	3DID_Insulin_LIG_5-0	3did structural motif for Insulin	pattern	PDFRD
3DID_Insulin_LIG_9-0	3DID_Insulin_LIG_9-0	3did structural motif for Insulin	pattern	P.W.MRG
3DID_Insulin_LIG_9-8	3DID_Insulin_LIG_9-8	3did structural motif for Insulin	pattern	WLMRG
3DID_Ion_trans_LIG_1-0	3DID_Ion_trans_LIG_1-0	3did structural motif for Ion_trans	pattern	W..IS..L
3DID_Ion_trans_LIG_8-0	3DID_Ion_trans_LIG_8-0	3did structural motif for Ion_trans	pattern	Y.C.[ST]GS
3DID_Isy1_LIG_0-0	3DID_Isy1_LIG_0-0	3did structural motif for Isy1	pattern	E..RI..L
3DID_Isy1_LIG_0-1	3DID_Isy1_LIG_0-1	3did structural motif for Isy1	pattern	R...L..R
3DID_JHD_LIG_1-0	3DID_JHD_LIG_1-0	3did structural motif for JHD	pattern	GVKKP
3DID_Jak1_Phl_LIG_0-0	3DID_Jak1_Phl_LIG_0-0	3did structural motif for Jak1_Phl	pattern	K.{0,2}I.P
3DID_JmjC_2_LIG_0-0	3DID_JmjC_2_LIG_0-0	3did structural motif for JmjC_2	pattern	NHQHI
3DID_JmjC_2_LIG_0-1	3DID_JmjC_2_LIG_0-1	3did structural motif for JmjC_2	pattern	GG.{1,2}HQH
3DID_JmjC_2_LIG_0-3	3DID_JmjC_2_LIG_0-3	3did structural motif for JmjC_2	pattern	GG.{0,1}NHQ
3DID_JmjC_2_LIG_0-4	3DID_JmjC_2_LIG_0-4	3did structural motif for JmjC_2	pattern	HQHI.K
3DID_JmjC_LIG_0-0	3DID_JmjC_LIG_0-0	3did structural motif for JmjC	pattern	QT.RKS
3DID_JmjC_LIG_0-1	3DID_JmjC_LIG_0-1	3did structural motif for JmjC	pattern	ARKS
3DID_JmjC_LIG_0-9	3DID_JmjC_LIG_0-9	3did structural motif for JmjC	pattern	T.{0,2}K.T
3DID_KOW_LIG_2-0	3DID_KOW_LIG_2-0	3did structural motif for KOW	pattern	F[DE].R
3DID_Kelch_1_LIG_0-0	3DID_Kelch_1_LIG_0-0	3did structural motif for Kelch_1	pattern	D.ET.EF
3DID_Kelch_1_LIG_0-11	3DID_Kelch_1_LIG_0-11	3did structural motif for Kelch_1	pattern	[DE].E..E
3DID_Kelch_1_LIG_0-16	3DID_Kelch_1_LIG_0-16	3did structural motif for Kelch_1	pattern	WRQ..D.G
3DID_Kelch_1_LIG_0-4	3DID_Kelch_1_LIG_0-4	3did structural motif for Kelch_1	pattern	D.ETGE
3DID_Ku_N_LIG_3-0	3DID_Ku_N_LIG_3-0	3did structural motif for Ku_N	pattern	R.R..PTW
3DID_Ku_N_LIG_3-16	3DID_Ku_N_LIG_3-16	3did structural motif for Ku_N	pattern	R.LP.W
3DID_Ku_N_LIG_3-18	3DID_Ku_N_LIG_3-18	3did structural motif for Ku_N	pattern	RKR.LP
3DID_Ku_N_LIG_3-3	3DID_Ku_N_LIG_3-3	3did structural motif for Ku_N	pattern	PTWML
3DID_Ku_N_LIG_3-47	3DID_Ku_N_LIG_3-47	3did structural motif for Ku_N	pattern	R..P.WM
3DID_Ku_N_LIG_4-0	3DID_Ku_N_LIG_4-0	3did structural motif for Ku_N	pattern	L.R.RL
3DID_Kunitz_BPTI_LIG_0-0	3DID_Kunitz_BPTI_LIG_0-0	3did structural motif for Kunitz_BPTI	pattern	GPC
3DID_LAMTOR5_LIG_0-0	3DID_LAMTOR5_LIG_0-0	3did structural motif for LAMTOR5	pattern	I...D..Q
3DID_LAMTOR5_LIG_0-1	3DID_LAMTOR5_LIG_0-1	3did structural motif for LAMTOR5	pattern	I..YA..A
3DID_LAMTOR5_LIG_4-0	3DID_LAMTOR5_LIG_4-0	3did structural motif for LAMTOR5	pattern	E..S...G
3DID_LAMTOR5_LIG_6-0	3DID_LAMTOR5_LIG_6-0	3did structural motif for LAMTOR5	pattern	KR.S.VF
3DID_LSM_LIG_0-0	3DID_LSM_LIG_0-0	3did structural motif for LSM	pattern	E..I...V
3DID_LSM_LIG_0-1	3DID_LSM_LIG_0-1	3did structural motif for LSM	pattern	K..N...I
3DID_LSM_LIG_4-0	3DID_LSM_LIG_4-0	3did structural motif for LSM	pattern	G..YD..K
3DID_LSM_LIG_4-3	3DID_LSM_LIG_4-3	3did structural motif for LSM	pattern	E..I...V
3DID_LSM_LIG_4-4	3DID_LSM_LIG_4-4	3did structural motif for LSM	pattern	K..N...I
3DID_LUC7_LIG_0-0	3DID_LUC7_LIG_0-0	3did structural motif for LUC7	pattern	SK.PQR
3DID_LUC7_LIG_0-40	3DID_LUC7_LIG_0-40	3did structural motif for LUC7	pattern	PQRAN
3DID_Ldl_recept_b_LIG_0-0	3DID_Ldl_recept_b_LIG_0-0	3did structural motif for Ldl_recept_b	pattern	TRGVR
3DID_Lep_receptor_Ig_LIG_0-0	3DID_Lep_receptor_Ig_LIG_0-0	3did structural motif for Lep_receptor_Ig	pattern	T..LDV
3DID_Lipocalin_LIG_0-0	3DID_Lipocalin_LIG_0-0	3did structural motif for Lipocalin	pattern	EDVG
3DID_Lipocalin_LIG_0-1	3DID_Lipocalin_LIG_0-1	3did structural motif for Lipocalin	pattern	FAE
3DID_MAGE_LIG_0-0	3DID_MAGE_LIG_0-0	3did structural motif for MAGE	pattern	Q..WF..G..Y
3DID_MAGE_LIG_0-21	3DID_MAGE_LIG_0-21	3did structural motif for MAGE	pattern	R.G..Y.T..K
3DID_MAP17_LIG_0-0	3DID_MAP17_LIG_0-0	3did structural motif for MAP17	pattern	W..V[LV]..N
3DID_MAPKK1_Int_LIG_0-0	3DID_MAPKK1_Int_LIG_0-0	3did structural motif for MAPKK1_Int	pattern	S..T.WKK
3DID_MAPKK1_Int_LIG_1-0	3DID_MAPKK1_Int_LIG_1-0	3did structural motif for MAPKK1_Int	pattern	S..HW..L
3DID_MAPKK1_Int_LIG_1-1	3DID_MAPKK1_Int_LIG_1-1	3did structural motif for MAPKK1_Int	pattern	Q...R..V
3DID_MAPKK1_Int_LIG_2-0	3DID_MAPKK1_Int_LIG_2-0	3did structural motif for MAPKK1_Int	pattern	L...A..F
3DID_MATH_2_LIG_1-0	3DID_MATH_2_LIG_1-0	3did structural motif for MATH_2	pattern	QD.A.TS
3DID_MATH_2_LIG_1-1	3DID_MATH_2_LIG_1-1	3did structural motif for MATH_2	pattern	E.D.AVT
3DID_MATH_2_LIG_2-0	3DID_MATH_2_LIG_2-0	3did structural motif for MATH_2	pattern	[ST][ST][ST]
3DID_MATH_2_LIG_2-13	3DID_MATH_2_LIG_2-13	3did structural motif for MATH_2	pattern	[DE].T[ST]
3DID_MATH_2_LIG_2-2	3DID_MATH_2_LIG_2-2	3did structural motif for MATH_2	pattern	[AGS].[ST][ST]
3DID_MATH_2_LIG_2-21	3DID_MATH_2_LIG_2-21	3did structural motif for MATH_2	pattern	P..SS
3DID_MATH_2_LIG_2-5	3DID_MATH_2_LIG_2-5	3did structural motif for MATH_2	pattern	[ST][ST][GS]
3DID_MATH_2_LIG_2-62	3DID_MATH_2_LIG_2-62	3did structural motif for MATH_2	pattern	[DE][GS].[ST]
3DID_MBT_LIG_0-4	3DID_MBT_LIG_0-4	3did structural motif for MBT	pattern	HRKV.R
3DID_MCU_LIG_0-0	3DID_MCU_LIG_0-0	3did structural motif for MCU	pattern	G..DR..M
3DID_MCU_LIG_0-2	3DID_MCU_LIG_0-2	3did structural motif for MCU	pattern	Y..RI..Y
3DID_MHC_II_alpha_LIG_2-0	3DID_MHC_II_alpha_LIG_2-0	3did structural motif for MHC_II_alpha	pattern	M.TP..MQ
3DID_MHC_II_alpha_LIG_2-5	3DID_MHC_II_alpha_LIG_2-5	3did structural motif for MHC_II_alpha	pattern	M.TPL.M
3DID_MHC_II_alpha_LIG_2-54	3DID_MHC_II_alpha_LIG_2-54	3did structural motif for MHC_II_alpha	pattern	ATPLL
3DID_MHC_II_alpha_LIG_6-0	3DID_MHC_II_alpha_LIG_6-0	3did structural motif for MHC_II_alpha	pattern	P..KM.M..P
3DID_MHC_II_alpha_LIG_6-16	3DID_MHC_II_alpha_LIG_6-16	3did structural motif for MHC_II_alpha	pattern	P..KMRM
3DID_MHC_II_alpha_LIG_6-5	3DID_MHC_II_alpha_LIG_6-5	3did structural motif for MHC_II_alpha	pattern	V..MRM..P
3DID_MHC_II_beta_LIG_0-0	3DID_MHC_II_beta_LIG_0-0	3did structural motif for MHC_II_beta	pattern	LAT
3DID_MHC_II_beta_LIG_1-0	3DID_MHC_II_beta_LIG_1-0	3did structural motif for MHC_II_beta	pattern	VE..G
3DID_MHC_II_beta_LIG_1-2	3DID_MHC_II_beta_LIG_1-2	3did structural motif for MHC_II_beta	pattern	[GS].[MV].[LM][AG]
3DID_MHC_II_beta_LIG_4-0	3DID_MHC_II_beta_LIG_4-0	3did structural motif for MHC_II_beta	pattern	M.TP..MQ
3DID_MHC_II_beta_LIG_4-37	3DID_MHC_II_beta_LIG_4-37	3did structural motif for MHC_II_beta	pattern	K.RM.TP
3DID_MHC_II_beta_LIG_4-5	3DID_MHC_II_beta_LIG_4-5	3did structural motif for MHC_II_beta	pattern	M.TPL.M
3DID_MHC_II_beta_LIG_4-54	3DID_MHC_II_beta_LIG_4-54	3did structural motif for MHC_II_beta	pattern	ATPLL
3DID_MHC_I_LIG_14-0	3DID_MHC_I_LIG_14-0	3did structural motif for MHC_I	pattern	AG..I
3DID_MHC_I_LIG_6-0	3DID_MHC_I_LIG_6-0	3did structural motif for MHC_I	pattern	VV.GA
3DID_MHC_I_LIG_6-1	3DID_MHC_I_LIG_6-1	3did structural motif for MHC_I	pattern	LPEPL
3DID_MIT_LIG_0-0	3DID_MIT_LIG_0-0	3did structural motif for MIT	pattern	[HR].F..[LV].K
3DID_MIT_LIG_0-1	3DID_MIT_LIG_0-1	3did structural motif for MIT	pattern	E.L.K
3DID_MRG_LIG_2-0	3DID_MRG_LIG_2-0	3did structural motif for MRG	pattern	FQLP
3DID_Med18_LIG_0-0	3DID_Med18_LIG_0-0	3did structural motif for Med18	pattern	FTFT..K
3DID_Med18_LIG_0-6	3DID_Med18_LIG_0-6	3did structural motif for Med18	pattern	FTFT.E
3DID_Med20_LIG_0-0	3DID_Med20_LIG_0-0	3did structural motif for Med20	pattern	AFD
3DID_Menin_LIG_2-0	3DID_Menin_LIG_2-0	3did structural motif for Menin	pattern	RW.FP.R
3DID_Menin_LIG_2-3	3DID_Menin_LIG_2-3	3did structural motif for Menin	pattern	RW.FPA
3DID_Menin_LIG_2-8	3DID_Menin_LIG_2-8	3did structural motif for Menin	pattern	FPARP
3DID_Metallophos_2_LIG_2-0	3DID_Metallophos_2_LIG_2-0	3did structural motif for Metallophos_2	pattern	T..I.{0,1}P
3DID_Methyltransf_PK_LIG_2-0	3DID_Methyltransf_PK_LIG_2-0	3did structural motif for Methyltransf_PK	pattern	PKR
3DID_MitMem_reg_LIG_12-0	3DID_MitMem_reg_LIG_12-0	3did structural motif for MitMem_reg	pattern	H...E..R
3DID_Mob1_phocein_LIG_2-0	3DID_Mob1_phocein_LIG_2-0	3did structural motif for Mob1_phocein	pattern	VQ.PSF
3DID_Mob1_phocein_LIG_2-1	3DID_Mob1_phocein_LIG_2-1	3did structural motif for Mob1_phocein	pattern	RP.F
3DID_Mob1_phocein_LIG_3-0	3DID_Mob1_phocein_LIG_3-0	3did structural motif for Mob1_phocein	pattern	PQ.Q.P.F
3DID_Mob1_phocein_LIG_3-1	3DID_Mob1_phocein_LIG_3-1	3did structural motif for Mob1_phocein	pattern	Q.QRP.F
3DID_Mob1_phocein_LIG_3-13	3DID_Mob1_phocein_LIG_3-13	3did structural motif for Mob1_phocein	pattern	QVQR.S
3DID_Mob1_phocein_LIG_3-15	3DID_Mob1_phocein_LIG_3-15	3did structural motif for Mob1_phocein	pattern	VQ.PSF
3DID_Mob1_phocein_LIG_3-16	3DID_Mob1_phocein_LIG_3-16	3did structural motif for Mob1_phocein	pattern	QV.RP
3DID_Mob1_phocein_LIG_3-2	3DID_Mob1_phocein_LIG_3-2	3did structural motif for Mob1_phocein	pattern	PQ.QRP
3DID_Mob1_phocein_LIG_8-0	3DID_Mob1_phocein_LIG_8-0	3did structural motif for Mob1_phocein	pattern	P..FK..M
3DID_Mob1_phocein_LIG_8-2	3DID_Mob1_phocein_LIG_8-2	3did structural motif for Mob1_phocein	pattern	F..FM..H
3DID_Molybdopterin_LIG_1-0	3DID_Molybdopterin_LIG_1-0	3did structural motif for Molybdopterin	pattern	D...K..V
3DID_MotA_ExbB_LIG_0-0	3DID_MotA_ExbB_LIG_0-0	3did structural motif for MotA_ExbB	pattern	P..DV..V
3DID_MotA_ExbB_LIG_0-1	3DID_MotA_ExbB_LIG_0-1	3did structural motif for MotA_ExbB	pattern	L..FM..A
3DID_MotA_ExbB_LIG_1-0	3DID_MotA_ExbB_LIG_1-0	3did structural motif for MotA_ExbB	pattern	F..VM..L
3DID_MotA_ExbB_LIG_1-2	3DID_MotA_ExbB_LIG_1-2	3did structural motif for MotA_ExbB	pattern	M..LL..F
3DID_MotA_ExbB_LIG_3-0	3DID_MotA_ExbB_LIG_3-0	3did structural motif for MotA_ExbB	pattern	P..DV..V
3DID_MotA_ExbB_LIG_3-1	3DID_MotA_ExbB_LIG_3-1	3did structural motif for MotA_ExbB	pattern	F..VM..L
3DID_MotA_ExbB_LIG_3-2	3DID_MotA_ExbB_LIG_3-2	3did structural motif for MotA_ExbB	pattern	L..FM..A
3DID_Motile_Sperm_LIG_2-0	3DID_Motile_Sperm_LIG_2-0	3did structural motif for Motile_Sperm	pattern	QFYS.P
3DID_Motile_Sperm_LIG_2-2	3DID_Motile_Sperm_LIG_2-2	3did structural motif for Motile_Sperm	pattern	QFYSP
3DID_Motile_Sperm_LIG_2-4	3DID_Motile_Sperm_LIG_2-4	3did structural motif for Motile_Sperm	pattern	FYSPP
3DID_Mt_ATP-synt_B_LIG_0-0	3DID_Mt_ATP-synt_B_LIG_0-0	3did structural motif for Mt_ATP-synt_B	pattern	V...L..R
3DID_NADH-G_4Fe-4S_3_LIG_2-0	3DID_NADH-G_4Fe-4S_3_LIG_2-0	3did structural motif for NADH-G_4Fe-4S_3	pattern	PWE.FP
3DID_NADH-G_4Fe-4S_3_LIG_2-3	3DID_NADH-G_4Fe-4S_3_LIG_2-3	3did structural motif for NADH-G_4Fe-4S_3	pattern	SPWE.F
3DID_NADH-G_4Fe-4S_3_LIG_2-53	3DID_NADH-G_4Fe-4S_3_LIG_2-53	3did structural motif for NADH-G_4Fe-4S_3	pattern	SPWE
3DID_NADHdh_LIG_14-0	3DID_NADHdh_LIG_14-0	3did structural motif for NADHdh	pattern	R..G...S
3DID_NADHdh_LIG_14-1	3DID_NADHdh_LIG_14-1	3did structural motif for NADHdh	pattern	S..FD..R
3DID_NADHdh_LIG_3-0	3DID_NADHdh_LIG_3-0	3did structural motif for NADHdh	pattern	R..G...S
3DID_NADHdh_LIG_3-1	3DID_NADHdh_LIG_3-1	3did structural motif for NADHdh	pattern	L..E...I
3DID_NAGidase_LIG_0-0	3DID_NAGidase_LIG_0-0	3did structural motif for NAGidase	pattern	WVDST
3DID_NAGidase_LIG_0-11	3DID_NAGidase_LIG_0-11	3did structural motif for NAGidase	pattern	YSS
3DID_NAGidase_LIG_0-3	3DID_NAGidase_LIG_0-3	3did structural motif for NAGidase	pattern	DSTPP
3DID_NAGidase_LIG_2-0	3DID_NAGidase_LIG_2-0	3did structural motif for NAGidase	pattern	E..QL..D
3DID_NDUFA12_LIG_0-0	3DID_NDUFA12_LIG_0-0	3did structural motif for NDUFA12	pattern	F..RQKE
3DID_NDUFA12_LIG_0-2	3DID_NDUFA12_LIG_0-2	3did structural motif for NDUFA12	pattern	RQ.E..E.F
3DID_NDUFA12_LIG_0-3	3DID_NDUFA12_LIG_0-3	3did structural motif for NDUFA12	pattern	Q.E..E.F..D
3DID_NDUFB10_LIG_3-0	3DID_NDUFB10_LIG_3-0	3did structural motif for NDUFB10	pattern	L..LE..K
3DID_NDUF_B5_LIG_2-0	3DID_NDUF_B5_LIG_2-0	3did structural motif for NDUF_B5	pattern	W..D.W
3DID_NDUF_B5_LIG_2-1	3DID_NDUF_B5_LIG_2-1	3did structural motif for NDUF_B5	pattern	LD..HP
3DID_NDUF_B7_LIG_3-0	3DID_NDUF_B7_LIG_3-0	3did structural motif for NDUF_B7	pattern	GW.H
3DID_NDUF_C2_LIG_0-0	3DID_NDUF_C2_LIG_0-0	3did structural motif for NDUF_C2	pattern	PA..G.R.{0,1}F
3DID_NDUF_C2_LIG_0-72	3DID_NDUF_C2_LIG_0-72	3did structural motif for NDUF_C2	pattern	GDLKP
3DID_NDUF_C2_LIG_0-73	3DID_NDUF_C2_LIG_0-73	3did structural motif for NDUF_C2	pattern	EGDL.P
3DID_NDUS4_LIG_1-0	3DID_NDUS4_LIG_1-0	3did structural motif for NDUS4	pattern	R.{1,2}G.{0,2}G.S
3DID_NEMO_LIG_0-0	3DID_NEMO_LIG_0-0	3did structural motif for NEMO	pattern	K..ME..V
3DID_NEMO_LIG_0-1	3DID_NEMO_LIG_0-1	3did structural motif for NEMO	pattern	M...V..L
3DID_NEMO_LIG_0-4	3DID_NEMO_LIG_0-4	3did structural motif for NEMO	pattern	G..K...E
3DID_NIF_LIG_0-0	3DID_NIF_LIG_0-0	3did structural motif for NIF	pattern	SP.{0,2}P
3DID_NIF_LIG_0-1	3DID_NIF_LIG_0-1	3did structural motif for NIF	pattern	SP.S
3DID_NIF_LIG_0-2	3DID_NIF_LIG_0-2	3did structural motif for NIF	pattern	SPT
3DID_NMT_C_LIG_1-0	3DID_NMT_C_LIG_1-0	3did structural motif for NMT_C	pattern	G..F..P
3DID_NMT_C_LIG_2-0	3DID_NMT_C_LIG_2-0	3did structural motif for NMT_C	pattern	CF.K
3DID_NMT_LIG_1-0	3DID_NMT_LIG_1-0	3did structural motif for NMT	pattern	G..F..P
3DID_NO_synthase_LIG_0-0	3DID_NO_synthase_LIG_0-0	3did structural motif for NO_synthase	pattern	W..G.I..DT
3DID_NTF2_LIG_0-0	3DID_NTF2_LIG_0-0	3did structural motif for NTF2	pattern	QY.FGD
3DID_NTF2_LIG_0-1	3DID_NTF2_LIG_0-1	3did structural motif for NTF2	pattern	P.P..F.VE
3DID_NTF2_LIG_0-3	3DID_NTF2_LIG_0-3	3did structural motif for NTF2	pattern	FDVE.P
3DID_NTF2_LIG_0-4	3DID_NTF2_LIG_0-4	3did structural motif for NTF2	pattern	L.PP..FD
3DID_NTF2_LIG_2-0	3DID_NTF2_LIG_2-0	3did structural motif for NTF2	pattern	I.FGGP
3DID_NTF2_LIG_2-2	3DID_NTF2_LIG_2-2	3did structural motif for NTF2	pattern	PRI.F.G
3DID_Ndufs5_LIG_1-0	3DID_Ndufs5_LIG_1-0	3did structural motif for Ndufs5	pattern	P..S.{0,2}R..P.P
3DID_Neur_chan_LBD_LIG_4-0	3DID_Neur_chan_LBD_LIG_4-0	3did structural motif for Neur_chan_LBD	pattern	R.P.{0,1}C..N
3DID_Neur_chan_LBD_LIG_4-1	3DID_Neur_chan_LBD_LIG_4-1	3did structural motif for Neur_chan_LBD	pattern	P.CR
3DID_Neur_chan_LBD_LIG_4-2	3DID_Neur_chan_LBD_LIG_4-2	3did structural motif for Neur_chan_LBD	pattern	S.P.C
3DID_Neur_chan_LBD_LIG_4-3	3DID_Neur_chan_LBD_LIG_4-3	3did structural motif for Neur_chan_LBD	pattern	P.{0,2}R.{0,2}C
3DID_Neur_chan_LBD_LIG_4-5	3DID_Neur_chan_LBD_LIG_4-5	3did structural motif for Neur_chan_LBD	pattern	PAC
3DID_NifU_N_LIG_5-0	3DID_NifU_N_LIG_5-0	3did structural motif for NifU_N	pattern	S.TD.Q..P
3DID_NifU_N_LIG_5-1	3DID_NifU_N_LIG_5-1	3did structural motif for NifU_N	pattern	STD.Q..P
3DID_NmrA_LIG_3-0	3DID_NmrA_LIG_3-0	3did structural motif for NmrA	pattern	Y..VR..DR
3DID_Nop16_LIG_3-0	3DID_Nop16_LIG_3-0	3did structural motif for Nop16	pattern	RK.A.K
3DID_Nop52_LIG_0-0	3DID_Nop52_LIG_0-0	3did structural motif for Nop52	pattern	PE.P.D.V
3DID_Nop52_LIG_0-1	3DID_Nop52_LIG_0-1	3did structural motif for Nop52	pattern	D..DNVF
3DID_ORC2_LIG_1-0	3DID_ORC2_LIG_1-0	3did structural motif for ORC2	pattern	D...F..L
3DID_ORMDL_LIG_0-0	3DID_ORMDL_LIG_0-0	3did structural motif for ORMDL	pattern	[LV]...[IL]..[LV]
3DID_ORMDL_LIG_0-3	3DID_ORMDL_LIG_0-3	3did structural motif for ORMDL	pattern	L..IL..W
3DID_ORMDL_LIG_1-0	3DID_ORMDL_LIG_1-0	3did structural motif for ORMDL	pattern	I..TRK.Y
3DID_OSCP_LIG_1-0	3DID_OSCP_LIG_1-0	3did structural motif for OSCP	pattern	I...R..G
3DID_OSCP_LIG_1-1	3DID_OSCP_LIG_1-1	3did structural motif for OSCP	pattern	[KR]..I...N
3DID_OSCP_LIG_10-0	3DID_OSCP_LIG_10-0	3did structural motif for OSCP	pattern	I..ER..G
3DID_OSCP_LIG_10-2	3DID_OSCP_LIG_10-2	3did structural motif for OSCP	pattern	V..I...R
3DID_OSCP_LIG_10-3	3DID_OSCP_LIG_10-3	3did structural motif for OSCP	pattern	E...I..E
3DID_OSCP_LIG_5-0	3DID_OSCP_LIG_5-0	3did structural motif for OSCP	pattern	I...R..G
3DID_PABP_LIG_0-0	3DID_PABP_LIG_0-0	3did structural motif for PABP	pattern	NP.A
3DID_PABP_LIG_1-0	3DID_PABP_LIG_1-0	3did structural motif for PABP	pattern	NP.A..[FW]
3DID_PAC2_LIG_0-0	3DID_PAC2_LIG_0-0	3did structural motif for PAC2	pattern	TRS.Y
3DID_PAH_LIG_0-0	3DID_PAH_LIG_0-0	3did structural motif for PAH	pattern	N..ML..A
3DID_PAN_1_LIG_0-0	3DID_PAN_1_LIG_0-0	3did structural motif for PAN_1	pattern	P.SDFP
3DID_PAN_1_LIG_0-4	3DID_PAN_1_LIG_0-4	3did structural motif for PAN_1	pattern	ISDFP
3DID_PAN_1_LIG_0-5	3DID_PAN_1_LIG_0-5	3did structural motif for PAN_1	pattern	PISDF
3DID_PAN_1_LIG_0-8	3DID_PAN_1_LIG_0-8	3did structural motif for PAN_1	pattern	PISD
3DID_PCI_LIG_2-0	3DID_PCI_LIG_2-0	3did structural motif for PCI	pattern	E..G...E
3DID_PCI_LIG_2-1	3DID_PCI_LIG_2-1	3did structural motif for PCI	pattern	Q...E..K
3DID_PCI_LIG_4-0	3DID_PCI_LIG_4-0	3did structural motif for PCI	pattern	E...Y..E
3DID_PCNA_C_LIG_0-0	3DID_PCNA_C_LIG_0-0	3did structural motif for PCNA_C	pattern	Q..[ILM]..F[FY]
3DID_PCNA_C_LIG_0-1	3DID_PCNA_C_LIG_0-1	3did structural motif for PCNA_C	pattern	Q.SMT..Y
3DID_PCNA_C_LIG_0-12	3DID_PCNA_C_LIG_0-12	3did structural motif for PCNA_C	pattern	MT.FYH
3DID_PCNA_C_LIG_0-19	3DID_PCNA_C_LIG_0-19	3did structural motif for PCNA_C	pattern	[IL]..FF
3DID_PCNA_C_LIG_0-2	3DID_PCNA_C_LIG_0-2	3did structural motif for PCNA_C	pattern	Q..[ILM]..F
3DID_PCNA_C_LIG_0-27	3DID_PCNA_C_LIG_0-27	3did structural motif for PCNA_C	pattern	[IM]T.[FH][FY]
3DID_PCNA_C_LIG_0-4	3DID_PCNA_C_LIG_0-4	3did structural motif for PCNA_C	pattern	K.{0,2}Q.T
3DID_PCNA_C_LIG_0-5	3DID_PCNA_C_LIG_0-5	3did structural motif for PCNA_C	pattern	SMT.FY
3DID_PCNA_C_LIG_0-7	3DID_PCNA_C_LIG_0-7	3did structural motif for PCNA_C	pattern	[ST][LM]..F[FY]
3DID_PCNA_N_LIG_0-0	3DID_PCNA_N_LIG_0-0	3did structural motif for PCNA_N	pattern	[ILM]..[FY][FY]
3DID_PCNA_N_LIG_0-1	3DID_PCNA_N_LIG_0-1	3did structural motif for PCNA_N	pattern	[GS][KR][IL].D.F
3DID_PCNA_N_LIG_0-10	3DID_PCNA_N_LIG_0-10	3did structural motif for PCNA_N	pattern	[IL]..[FHY][FL]
3DID_PCNA_N_LIG_0-22	3DID_PCNA_N_LIG_0-22	3did structural motif for PCNA_N	pattern	[GS][KR][IL].D
3DID_PCNA_N_LIG_0-4	3DID_PCNA_N_LIG_0-4	3did structural motif for PCNA_N	pattern	D.F[FM][KR][LV]
3DID_PCNA_N_LIG_0-6	3DID_PCNA_N_LIG_0-6	3did structural motif for PCNA_N	pattern	Q..[IL]..F
3DID_PCNA_N_LIG_0-7	3DID_PCNA_N_LIG_0-7	3did structural motif for PCNA_N	pattern	T.{0,1}D.{0,1}F
3DID_PCNA_N_LIG_8-0	3DID_PCNA_N_LIG_8-0	3did structural motif for PCNA_N	pattern	Q.SMT..Y
3DID_PCNA_N_LIG_8-1	3DID_PCNA_N_LIG_8-1	3did structural motif for PCNA_N	pattern	Q.SMT.F
3DID_PCNA_N_LIG_8-18	3DID_PCNA_N_LIG_8-18	3did structural motif for PCNA_N	pattern	[ST][LM]..F[FY]
3DID_PCNA_N_LIG_8-2	3DID_PCNA_N_LIG_8-2	3did structural motif for PCNA_N	pattern	Q..[ILM]..F[FY]
3DID_PCNA_N_LIG_8-3	3DID_PCNA_N_LIG_8-3	3did structural motif for PCNA_N	pattern	SMT.FY
3DID_PDZ_6_LIG_0-0	3DID_PDZ_6_LIG_0-0	3did structural motif for PDZ_6	pattern	EAQ.R
3DID_PDZ_LIG_0-0	3DID_PDZ_LIG_0-0	3did structural motif for PDZ	pattern	ET.V
3DID_PDZ_LIG_0-1	3DID_PDZ_LIG_0-1	3did structural motif for PDZ	pattern	TS[IV]
3DID_PDZ_LIG_0-15	3DID_PDZ_LIG_0-15	3did structural motif for PDZ	pattern	P.S.I
3DID_PDZ_LIG_0-17	3DID_PDZ_LIG_0-17	3did structural motif for PDZ	pattern	SR.P.S
3DID_PDZ_LIG_0-18	3DID_PDZ_LIG_0-18	3did structural motif for PDZ	pattern	SR.PT
3DID_PDZ_LIG_0-19	3DID_PDZ_LIG_0-19	3did structural motif for PDZ	pattern	[KR]E[ST]
3DID_PDZ_LIG_0-2	3DID_PDZ_LIG_0-2	3did structural motif for PDZ	pattern	[KR].[ST].V
3DID_PDZ_LIG_0-27	3DID_PDZ_LIG_0-27	3did structural motif for PDZ	pattern	R.PT
3DID_PDZ_LIG_0-28	3DID_PDZ_LIG_0-28	3did structural motif for PDZ	pattern	R.{0,1}E..V
3DID_PDZ_LIG_0-3	3DID_PDZ_LIG_0-3	3did structural motif for PDZ	pattern	PTS.I
3DID_PDZ_LIG_0-37	3DID_PDZ_LIG_0-37	3did structural motif for PDZ	pattern	SR..T
3DID_PDZ_LIG_0-42	3DID_PDZ_LIG_0-42	3did structural motif for PDZ	pattern	SR.P
3DID_PDZ_LIG_0-49	3DID_PDZ_LIG_0-49	3did structural motif for PDZ	pattern	TEV
3DID_PDZ_LIG_0-52	3DID_PDZ_LIG_0-52	3did structural motif for PDZ	pattern	[WY]..[ST].[IV]
3DID_PDZ_LIG_0-53	3DID_PDZ_LIG_0-53	3did structural motif for PDZ	pattern	E.EV
3DID_PDZ_LIG_0-68	3DID_PDZ_LIG_0-68	3did structural motif for PDZ	pattern	VT.V
3DID_PDZ_LIG_0-69	3DID_PDZ_LIG_0-69	3did structural motif for PDZ	pattern	L..S.I
3DID_PDZ_LIG_0-8	3DID_PDZ_LIG_0-8	3did structural motif for PDZ	pattern	R.{0,1}ETQ
3DID_PDZ_LIG_10-0	3DID_PDZ_LIG_10-0	3did structural motif for PDZ	pattern	[IL].[FL][FL]
3DID_PDZ_LIG_3-0	3DID_PDZ_LIG_3-0	3did structural motif for PDZ	pattern	SR.PT
3DID_PDZ_LIG_3-1	3DID_PDZ_LIG_3-1	3did structural motif for PDZ	pattern	SR..T
3DID_PDZ_LIG_3-6	3DID_PDZ_LIG_3-6	3did structural motif for PDZ	pattern	SR.P
3DID_PDZ_LIG_4-0	3DID_PDZ_LIG_4-0	3did structural motif for PDZ	pattern	EFY
3DID_PDZ_LIG_4-1	3DID_PDZ_LIG_4-1	3did structural motif for PDZ	pattern	NE[FY]
3DID_PDZ_LIG_4-11	3DID_PDZ_LIG_4-11	3did structural motif for PDZ	pattern	[FY][WY][FV]
3DID_PDZ_LIG_4-14	3DID_PDZ_LIG_4-14	3did structural motif for PDZ	pattern	ET.V
3DID_PDZ_LIG_4-16	3DID_PDZ_LIG_4-16	3did structural motif for PDZ	pattern	E.{0,1}Y.{0,1}V
3DID_PDZ_LIG_4-4	3DID_PDZ_LIG_4-4	3did structural motif for PDZ	pattern	EF.A
3DID_PDZ_LIG_4-6	3DID_PDZ_LIG_4-6	3did structural motif for PDZ	pattern	T[AS]V
3DID_PDZ_LIG_4-7	3DID_PDZ_LIG_4-7	3did structural motif for PDZ	pattern	[DE][FL].[FV]
3DID_PDZ_LIG_4-9	3DID_PDZ_LIG_4-9	3did structural motif for PDZ	pattern	G.{0,1}T.V
3DID_PDZ_LIG_8-0	3DID_PDZ_LIG_8-0	3did structural motif for PDZ	pattern	ET.[LV]
3DID_PDZ_LIG_8-10	3DID_PDZ_LIG_8-10	3did structural motif for PDZ	pattern	RET
3DID_PDZ_LIG_8-24	3DID_PDZ_LIG_8-24	3did structural motif for PDZ	pattern	P.[ST].[IV]
3DID_PDZ_LIG_8-27	3DID_PDZ_LIG_8-27	3did structural motif for PDZ	pattern	RE.Q
3DID_PDZ_LIG_8-3	3DID_PDZ_LIG_8-3	3did structural motif for PDZ	pattern	TS[IV]
3DID_PDZ_LIG_8-32	3DID_PDZ_LIG_8-32	3did structural motif for PDZ	pattern	RRE
3DID_PHD-1st_NSD_LIG_0-0	3DID_PHD-1st_NSD_LIG_0-0	3did structural motif for PHD-1st_NSD	pattern	ARTK.T
3DID_PHD-1st_NSD_LIG_0-3	3DID_PHD-1st_NSD_LIG_0-3	3did structural motif for PHD-1st_NSD	pattern	T.QT.RK
3DID_PHD_LIG_0-0	3DID_PHD_LIG_0-0	3did structural motif for PHD	pattern	RTKQT
3DID_PHD_LIG_0-1	3DID_PHD_LIG_0-1	3did structural motif for PHD	pattern	Q..RK..G
3DID_PHD_LIG_0-46	3DID_PHD_LIG_0-46	3did structural motif for PHD	pattern	KQTAR
3DID_PHD_LIG_0-7	3DID_PHD_LIG_0-7	3did structural motif for PHD	pattern	T..TA..S
3DID_PHD_LIG_1-0	3DID_PHD_LIG_1-0	3did structural motif for PHD	pattern	R..QT..K
3DID_PHD_LIG_1-1	3DID_PHD_LIG_1-1	3did structural motif for PHD	pattern	Q..RK..G
3DID_PHD_LIG_1-3	3DID_PHD_LIG_1-3	3did structural motif for PHD	pattern	T..TA..S
3DID_PHD_LIG_1-5	3DID_PHD_LIG_1-5	3did structural motif for PHD	pattern	[ST]...[AS]..G
3DID_PHD_LIG_2-0	3DID_PHD_LIG_2-0	3did structural motif for PHD	pattern	RTKQT
3DID_PHD_LIG_2-1	3DID_PHD_LIG_2-1	3did structural motif for PHD	pattern	TKQT.R
3DID_PHD_LIG_2-12	3DID_PHD_LIG_2-12	3did structural motif for PHD	pattern	RTKQ
3DID_PHD_LIG_2-2	3DID_PHD_LIG_2-2	3did structural motif for PHD	pattern	ARTKQ
3DID_PHD_LIG_2-22	3DID_PHD_LIG_2-22	3did structural motif for PHD	pattern	RT..TAR
3DID_PHD_LIG_2-38	3DID_PHD_LIG_2-38	3did structural motif for PHD	pattern	ARTK
3DID_PHD_LIG_2-6	3DID_PHD_LIG_2-6	3did structural motif for PHD	pattern	RT.QTA
3DID_PHD_LIG_3-0	3DID_PHD_LIG_3-0	3did structural motif for PHD	pattern	T..TA..S
3DID_PHD_LIG_3-1	3DID_PHD_LIG_3-1	3did structural motif for PHD	pattern	Q..RK..G
3DID_PHD_LIG_6-0	3DID_PHD_LIG_6-0	3did structural motif for PHD	pattern	RTKQT
3DID_PHD_LIG_6-1	3DID_PHD_LIG_6-1	3did structural motif for PHD	pattern	ARTKQ
3DID_PHD_LIG_6-2	3DID_PHD_LIG_6-2	3did structural motif for PHD	pattern	A.TKQT
3DID_PHD_LIG_6-24	3DID_PHD_LIG_6-24	3did structural motif for PHD	pattern	KQT
3DID_PHD_LIG_6-6	3DID_PHD_LIG_6-6	3did structural motif for PHD	pattern	TKQT
3DID_PH_TFIIH_LIG_0-0	3DID_PH_TFIIH_LIG_0-0	3did structural motif for PH_TFIIH	pattern	D.E[DE]
3DID_PH_TFIIH_LIG_0-1	3DID_PH_TFIIH_LIG_0-1	3did structural motif for PH_TFIIH	pattern	D..[DE].[DE]
3DID_PID_LIG_0-0	3DID_PID_LIG_0-0	3did structural motif for PID	pattern	NP.Y
3DID_PID_LIG_1-0	3DID_PID_LIG_1-0	3did structural motif for PID	pattern	[FY][DE]NP.Y
3DID_PID_LIG_1-1	3DID_PID_LIG_1-1	3did structural motif for PID	pattern	[FY][DE]NP
3DID_PID_LIG_1-10	3DID_PID_LIG_1-10	3did structural motif for PID	pattern	NP.[FY]
3DID_PID_LIG_1-2	3DID_PID_LIG_1-2	3did structural motif for PID	pattern	[DE]NP.Y
3DID_PK_Tyr_Ser-Thr_LIG_2-0	3DID_PK_Tyr_Ser-Thr_LIG_2-0	3did structural motif for PK_Tyr_Ser-Thr	pattern	E..G..E
3DID_PK_Tyr_Ser-Thr_LIG_6-0	3DID_PK_Tyr_Ser-Thr_LIG_6-0	3did structural motif for PK_Tyr_Ser-Thr	pattern	[DE].Y..I
3DID_PK_Tyr_Ser-Thr_LIG_6-1	3DID_PK_Tyr_Ser-Thr_LIG_6-1	3did structural motif for PK_Tyr_Ser-Thr	pattern	D.YE
3DID_PP-binding_LIG_1-0	3DID_PP-binding_LIG_1-0	3did structural motif for PP-binding	pattern	Y...L..T
3DID_PRMT5_TIM_LIG_0-0	3DID_PRMT5_TIM_LIG_0-0	3did structural motif for PRMT5_TIM	pattern	V.G.F.D.D
3DID_PRMT5_TIM_LIG_0-1	3DID_PRMT5_TIM_LIG_0-1	3did structural motif for PRMT5_TIM	pattern	GQF.D.D
3DID_PRMT_C_LIG_0-0	3DID_PRMT_C_LIG_0-0	3did structural motif for PRMT_C	pattern	KA.RKQ
3DID_PRMT_C_LIG_0-1	3DID_PRMT_C_LIG_0-1	3did structural motif for PRMT_C	pattern	G..RPA.P
3DID_PRMT_C_LIG_0-2	3DID_PRMT_C_LIG_0-2	3did structural motif for PRMT_C	pattern	G.APRK
3DID_PTCB-BRCT_LIG_0-0	3DID_PTCB-BRCT_LIG_0-0	3did structural motif for PTCB-BRCT	pattern	VP.[ST]
3DID_PWWP_LIG_0-0	3DID_PWWP_LIG_0-0	3did structural motif for PWWP	pattern	GVKKP
3DID_PWWP_LIG_0-1	3DID_PWWP_LIG_0-1	3did structural motif for PWWP	pattern	GGVKK
3DID_PWWP_LIG_0-23	3DID_PWWP_LIG_0-23	3did structural motif for PWWP	pattern	G.KK
3DID_PWWP_LIG_0-42	3DID_PWWP_LIG_0-42	3did structural motif for PWWP	pattern	GG.K
3DID_PWWP_LIG_0-8	3DID_PWWP_LIG_0-8	3did structural motif for PWWP	pattern	VKKP
3DID_PWWP_LIG_2-0	3DID_PWWP_LIG_2-0	3did structural motif for PWWP	pattern	P.TG..KK
3DID_PWWP_LIG_2-13	3DID_PWWP_LIG_2-13	3did structural motif for PWWP	pattern	TGG.KK
3DID_Paf1_LIG_0-0	3DID_Paf1_LIG_0-0	3did structural motif for Paf1	pattern	D.N.ALR
3DID_Paf1_LIG_0-1	3DID_Paf1_LIG_0-1	3did structural motif for Paf1	pattern	ET.K.ER
3DID_Paf1_LIG_0-4	3DID_Paf1_LIG_0-4	3did structural motif for Paf1	pattern	K..R.[LV].D..S
3DID_Peptidase_C14_LIG_1-1	3DID_Peptidase_C14_LIG_1-1	3did structural motif for Peptidase_C14	pattern	R..Q.V..SD
3DID_Peptidase_C14_LIG_1-6	3DID_Peptidase_C14_LIG_1-6	3did structural motif for Peptidase_C14	pattern	T..DY.LR
3DID_Peptidase_C14_LIG_10-0	3DID_Peptidase_C14_LIG_10-0	3did structural motif for Peptidase_C14	pattern	DEVD
3DID_Peptidase_C14_LIG_10-1	3DID_Peptidase_C14_LIG_10-1	3did structural motif for Peptidase_C14	pattern	V.{1,2}V.{0,1}D
3DID_Peptidase_C14_LIG_10-2	3DID_Peptidase_C14_LIG_10-2	3did structural motif for Peptidase_C14	pattern	E[IV]D
3DID_Peptidase_C14_LIG_10-4	3DID_Peptidase_C14_LIG_10-4	3did structural motif for Peptidase_C14	pattern	VEI
3DID_Peptidase_C14_LIG_2-0	3DID_Peptidase_C14_LIG_2-0	3did structural motif for Peptidase_C14	pattern	R.GQ.VD
3DID_Peptidase_C14_LIG_2-1	3DID_Peptidase_C14_LIG_2-1	3did structural motif for Peptidase_C14	pattern	GQV.D.S
3DID_Peptidase_C14_LIG_4-0	3DID_Peptidase_C14_LIG_4-0	3did structural motif for Peptidase_C14	pattern	DDD
3DID_Peptidase_C14_LIG_5-0	3DID_Peptidase_C14_LIG_5-0	3did structural motif for Peptidase_C14	pattern	FDPA.K
3DID_Peptidase_C14_LIG_5-1	3DID_Peptidase_C14_LIG_5-1	3did structural motif for Peptidase_C14	pattern	D..E..KM..R
3DID_Peptidase_C14_LIG_9-0	3DID_Peptidase_C14_LIG_9-0	3did structural motif for Peptidase_C14	pattern	DEVD
3DID_Peptidase_M10_LIG_1-0	3DID_Peptidase_M10_LIG_1-0	3did structural motif for Peptidase_M10	pattern	Y.R.YY.P
3DID_Peptidase_M10_LIG_1-1	3DID_Peptidase_M10_LIG_1-1	3did structural motif for Peptidase_M10	pattern	RY.R.YY
3DID_Peptidase_M16_C_LIG_2-0	3DID_Peptidase_M16_C_LIG_2-0	3did structural motif for Peptidase_M16_C	pattern	MTN.RK
3DID_Peptidase_M16_C_LIG_5-0	3DID_Peptidase_M16_C_LIG_5-0	3did structural motif for Peptidase_M16_C	pattern	IVE
3DID_Peptidase_M16_LIG_2-0	3DID_Peptidase_M16_LIG_2-0	3did structural motif for Peptidase_M16	pattern	CSLYQ
3DID_Peptidase_M16_LIG_2-1	3DID_Peptidase_M16_LIG_2-1	3did structural motif for Peptidase_M16	pattern	LYQLE
3DID_Peptidase_M16_LIG_2-13	3DID_Peptidase_M16_LIG_2-13	3did structural motif for Peptidase_M16	pattern	KPATR
3DID_Peptidase_M16_LIG_2-21	3DID_Peptidase_M16_LIG_2-21	3did structural motif for Peptidase_M16	pattern	TSICS
3DID_Peptidase_M16_LIG_2-6	3DID_Peptidase_M16_LIG_2-6	3did structural motif for Peptidase_M16	pattern	ICSLY
3DID_Peptidase_M16_LIG_2-7	3DID_Peptidase_M16_LIG_2-7	3did structural motif for Peptidase_M16	pattern	SLYQL
3DID_Peptidase_M1_LIG_1-0	3DID_Peptidase_M1_LIG_1-0	3did structural motif for Peptidase_M1	pattern	H.AFSF
3DID_Peptidase_M1_LIG_1-3	3DID_Peptidase_M1_LIG_1-3	3did structural motif for Peptidase_M1	pattern	H.AFS
3DID_Peptidase_M2_LIG_2-0	3DID_Peptidase_M2_LIG_2-0	3did structural motif for Peptidase_M2	pattern	PK.P
3DID_Peptidase_S8_LIG_6-0	3DID_Peptidase_S8_LIG_6-0	3did structural motif for Peptidase_S8	pattern	DH.A
3DID_Peptidase_S8_LIG_6-1	3DID_Peptidase_S8_LIG_6-1	3did structural motif for Peptidase_S8	pattern	PAP
3DID_Pkinase_LIG_0-0	3DID_Pkinase_LIG_0-0	3did structural motif for Pkinase	pattern	P.RPTT
3DID_Pkinase_LIG_0-1	3DID_Pkinase_LIG_0-1	3did structural motif for Pkinase	pattern	RPT.L.L
3DID_Pkinase_LIG_0-6	3DID_Pkinase_LIG_0-6	3did structural motif for Pkinase	pattern	P.{0,1}TL.L
3DID_Pkinase_LIG_0-7	3DID_Pkinase_LIG_0-7	3did structural motif for Pkinase	pattern	P.{0,1}RP.{1,2}L
3DID_Pkinase_LIG_1-0	3DID_Pkinase_LIG_1-0	3did structural motif for Pkinase	pattern	S.[AS][ST][LV][ST]
3DID_Pkinase_LIG_1-2	3DID_Pkinase_LIG_1-2	3did structural motif for Pkinase	pattern	S.AS.{0,1}T
3DID_Pkinase_LIG_1-28	3DID_Pkinase_LIG_1-28	3did structural motif for Pkinase	pattern	S.[ST][ST]
3DID_Pkinase_LIG_1-29	3DID_Pkinase_LIG_1-29	3did structural motif for Pkinase	pattern	RR.[AS]
3DID_Pkinase_LIG_11-0	3DID_Pkinase_LIG_11-0	3did structural motif for Pkinase	pattern	[KR]R..S
3DID_Pkinase_LIG_11-10	3DID_Pkinase_LIG_11-10	3did structural motif for Pkinase	pattern	[FL].RQ
3DID_Pkinase_LIG_11-18	3DID_Pkinase_LIG_11-18	3did structural motif for Pkinase	pattern	[KR][KR]..[AS]
3DID_Pkinase_LIG_11-48	3DID_Pkinase_LIG_11-48	3did structural motif for Pkinase	pattern	R.R.P
3DID_Pkinase_LIG_11-5	3DID_Pkinase_LIG_11-5	3did structural motif for Pkinase	pattern	K.RR.{0,1}H
3DID_Pkinase_LIG_18-0	3DID_Pkinase_LIG_18-0	3did structural motif for Pkinase	pattern	E..L..R.D
3DID_Pkinase_LIG_18-2	3DID_Pkinase_LIG_18-2	3did structural motif for Pkinase	pattern	P.P.R
3DID_Pkinase_LIG_18-3	3DID_Pkinase_LIG_18-3	3did structural motif for Pkinase	pattern	P.R.D
3DID_Pkinase_LIG_19-0	3DID_Pkinase_LIG_19-0	3did structural motif for Pkinase	pattern	Y.FK
3DID_Pkinase_LIG_19-7	3DID_Pkinase_LIG_19-7	3did structural motif for Pkinase	pattern	WQ.E..E
3DID_Pkinase_LIG_20-0	3DID_Pkinase_LIG_20-0	3did structural motif for Pkinase	pattern	P..FA..L
3DID_Pkinase_LIG_20-2	3DID_Pkinase_LIG_20-2	3did structural motif for Pkinase	pattern	E..HR..A
3DID_Pkinase_LIG_5-0	3DID_Pkinase_LIG_5-0	3did structural motif for Pkinase	pattern	R.RRR.R
3DID_Pkinase_LIG_5-11	3DID_Pkinase_LIG_5-11	3did structural motif for Pkinase	pattern	R.{0,1}R.{0,1}R
3DID_Pkinase_LIG_5-15	3DID_Pkinase_LIG_5-15	3did structural motif for Pkinase	pattern	[KR].RR
3DID_Pkinase_LIG_5-28	3DID_Pkinase_LIG_5-28	3did structural motif for Pkinase	pattern	R[GS]..R
3DID_Pkinase_LIG_5-34	3DID_Pkinase_LIG_5-34	3did structural motif for Pkinase	pattern	GR.{0,1}R
3DID_Pkinase_LIG_5-4	3DID_Pkinase_LIG_5-4	3did structural motif for Pkinase	pattern	RG..RGR
3DID_Pkinase_LIG_5-6	3DID_Pkinase_LIG_5-6	3did structural motif for Pkinase	pattern	R.R.R.R
3DID_Pkinase_LIG_5-8	3DID_Pkinase_LIG_5-8	3did structural motif for Pkinase	pattern	GR.RGR
3DID_Pkinase_LIG_7-0	3DID_Pkinase_LIG_7-0	3did structural motif for Pkinase	pattern	D..G...S
3DID_Pkinase_LIG_7-2	3DID_Pkinase_LIG_7-2	3did structural motif for Pkinase	pattern	T..L...R
3DID_Pkinase_LIG_7-3	3DID_Pkinase_LIG_7-3	3did structural motif for Pkinase	pattern	Q...G..[ST]
3DID_Pkinase_LIG_7-8	3DID_Pkinase_LIG_7-8	3did structural motif for Pkinase	pattern	R...[DE]..[AS]
3DID_Pkinase_LIG_9-0	3DID_Pkinase_LIG_9-0	3did structural motif for Pkinase	pattern	R..RRQ
3DID_Pkinase_LIG_9-1	3DID_Pkinase_LIG_9-1	3did structural motif for Pkinase	pattern	T.RRQ
3DID_Pkinase_LIG_9-2	3DID_Pkinase_LIG_9-2	3did structural motif for Pkinase	pattern	TGRR
3DID_Pkinase_LIG_9-3	3DID_Pkinase_LIG_9-3	3did structural motif for Pkinase	pattern	RT.{1,2}R
3DID_Pkinase_LIG_9-4	3DID_Pkinase_LIG_9-4	3did structural motif for Pkinase	pattern	GR.{0,2}R
3DID_Porin_3_LIG_2-0	3DID_Porin_3_LIG_2-0	3did structural motif for Porin_3	pattern	I...P..F
3DID_PqqF-like_C_4_LIG_0-0	3DID_PqqF-like_C_4_LIG_0-0	3did structural motif for PqqF-like_C_4	pattern	LYQLE
3DID_PqqF-like_C_4_LIG_0-1	3DID_PqqF-like_C_4_LIG_0-1	3did structural motif for PqqF-like_C_4	pattern	SLYQL
3DID_PrmA_LIG_0-0	3DID_PrmA_LIG_0-0	3did structural motif for PrmA	pattern	APR.QL
3DID_Pro_isomerase_LIG_1-0	3DID_Pro_isomerase_LIG_1-0	3did structural motif for Pro_isomerase	pattern	AAP
3DID_Pro_isomerase_LIG_2-0	3DID_Pro_isomerase_LIG_2-0	3did structural motif for Pro_isomerase	pattern	GPI
3DID_Profilin_LIG_0-0	3DID_Profilin_LIG_0-0	3did structural motif for Profilin	pattern	PPP.{0,1}PP
3DID_Profilin_LIG_0-2	3DID_Profilin_LIG_0-2	3did structural motif for Profilin	pattern	PP.{0,1}P.{0,1}PP
3DID_Profilin_LIG_0-4	3DID_Profilin_LIG_0-4	3did structural motif for Profilin	pattern	PP.{0,1}PP.{0,1}P
3DID_Profilin_LIG_0-65	3DID_Profilin_LIG_0-65	3did structural motif for Profilin	pattern	PP.{0,2}PP
3DID_Proteasome_A_N_LIG_1-0	3DID_Proteasome_A_N_LIG_1-0	3did structural motif for Proteasome_A_N	pattern	LK.VMF
3DID_Proteasome_A_N_LIG_2-0	3DID_Proteasome_A_N_LIG_2-0	3did structural motif for Proteasome_A_N	pattern	P.{0,2}DL.G
3DID_Proteasome_A_N_LIG_2-1	3DID_Proteasome_A_N_LIG_2-1	3did structural motif for Proteasome_A_N	pattern	V.{1,2}K.{0,1}D
3DID_Proteasome_A_N_LIG_3-0	3DID_Proteasome_A_N_LIG_3-0	3did structural motif for Proteasome_A_N	pattern	KKANL
3DID_Proteasome_A_N_LIG_3-1	3DID_Proteasome_A_N_LIG_3-1	3did structural motif for Proteasome_A_N	pattern	AK.KA
3DID_Proteasome_A_N_LIG_5-0	3DID_Proteasome_A_N_LIG_5-0	3did structural motif for Proteasome_A_N	pattern	[AS]..K[FV]..[ST]
3DID_Proteasome_A_N_LIG_5-1	3DID_Proteasome_A_N_LIG_5-1	3did structural motif for Proteasome_A_N	pattern	A...A..R
3DID_Proteasome_A_N_LIG_6-0	3DID_Proteasome_A_N_LIG_6-0	3did structural motif for Proteasome_A_N	pattern	Y..F..T..YM
3DID_Proteasome_A_N_LIG_6-19	3DID_Proteasome_A_N_LIG_6-19	3did structural motif for Proteasome_A_N	pattern	Y..FS.T.R
3DID_Proteasome_A_N_LIG_6-9	3DID_Proteasome_A_N_LIG_6-9	3did structural motif for Proteasome_A_N	pattern	Y..F..T.RY
3DID_Proteasome_LIG_15-0	3DID_Proteasome_LIG_15-0	3did structural motif for Proteasome	pattern	E.LSR
3DID_Proteasome_LIG_17-0	3DID_Proteasome_LIG_17-0	3did structural motif for Proteasome	pattern	SK.VSF
3DID_Proteasome_LIG_17-3	3DID_Proteasome_LIG_17-3	3did structural motif for Proteasome	pattern	KS.{0,2}VSF
3DID_Proteasome_LIG_18-0	3DID_Proteasome_LIG_18-0	3did structural motif for Proteasome	pattern	D..QR..F
3DID_Proteasome_LIG_18-4	3DID_Proteasome_LIG_18-4	3did structural motif for Proteasome	pattern	Q...F..E
3DID_Proteasome_LIG_7-0	3DID_Proteasome_LIG_7-0	3did structural motif for Proteasome	pattern	G.F..D..RR
3DID_Proteasome_LIG_7-2	3DID_Proteasome_LIG_7-2	3did structural motif for Proteasome	pattern	V.E.DF..R
3DID_Proton_antipo_M_LIG_1-0	3DID_Proton_antipo_M_LIG_1-0	3did structural motif for Proton_antipo_M	pattern	G..EG..[LV]
3DID_RB_B_LIG_0-0	3DID_RB_B_LIG_0-0	3did structural motif for RB_B	pattern	[IL].C.E
3DID_RCC1_LIG_0-0	3DID_RCC1_LIG_0-0	3did structural motif for RCC1	pattern	D..KD
3DID_RNA_pol_A_CTD_LIG_2-0	3DID_RNA_pol_A_CTD_LIG_2-0	3did structural motif for RNA_pol_A_CTD	pattern	HPSRS
3DID_RNA_pol_L_LIG_1-0	3DID_RNA_pol_L_LIG_1-0	3did structural motif for RNA_pol_L	pattern	KR.{1,2}V.{0,1}F
3DID_RNA_pol_L_LIG_1-1	3DID_RNA_pol_L_LIG_1-1	3did structural motif for RNA_pol_L	pattern	RLV..[DE]
3DID_RNA_pol_L_LIG_1-2	3DID_RNA_pol_L_LIG_1-2	3did structural motif for RNA_pol_L	pattern	R.V.F
3DID_RNA_pol_L_LIG_1-5	3DID_RNA_pol_L_LIG_1-5	3did structural motif for RNA_pol_L	pattern	R.V..[DE]
3DID_RNA_pol_L_LIG_5-0	3DID_RNA_pol_L_LIG_5-0	3did structural motif for RNA_pol_L	pattern	RT[KR]R..Q
3DID_RNA_pol_L_LIG_5-3	3DID_RNA_pol_L_LIG_5-3	3did structural motif for RNA_pol_L	pattern	T[KR]R[LMV]V
3DID_RNA_pol_Rpb1_1_LIG_3-0	3DID_RNA_pol_Rpb1_1_LIG_3-0	3did structural motif for RNA_pol_Rpb1_1	pattern	E..R...[DE]
3DID_RNA_pol_Rpb1_1_LIG_3-1	3DID_RNA_pol_Rpb1_1_LIG_3-1	3did structural motif for RNA_pol_Rpb1_1	pattern	L...A..G
3DID_RNA_pol_Rpb1_1_LIG_3-2	3DID_RNA_pol_Rpb1_1_LIG_3-2	3did structural motif for RNA_pol_Rpb1_1	pattern	E..[DE]...E
3DID_RNA_pol_Rpb1_1_LIG_3-6	3DID_RNA_pol_Rpb1_1_LIG_3-6	3did structural motif for RNA_pol_Rpb1_1	pattern	K...H..D
3DID_RNA_pol_Rpb1_1_LIG_5-0	3DID_RNA_pol_Rpb1_1_LIG_5-0	3did structural motif for RNA_pol_Rpb1_1	pattern	T[FV]..RR.R
3DID_RNA_pol_Rpb1_1_LIG_5-1	3DID_RNA_pol_Rpb1_1_LIG_5-1	3did structural motif for RNA_pol_Rpb1_1	pattern	RLK.VE
3DID_RNA_pol_Rpb1_1_LIG_5-8	3DID_RNA_pol_Rpb1_1_LIG_5-8	3did structural motif for RNA_pol_Rpb1_1	pattern	R.LKK
3DID_RNA_pol_Rpb1_1_LIG_6-0	3DID_RNA_pol_Rpb1_1_LIG_6-0	3did structural motif for RNA_pol_Rpb1_1	pattern	R...K..L
3DID_RNA_pol_Rpb1_1_LIG_9-0	3DID_RNA_pol_Rpb1_1_LIG_9-0	3did structural motif for RNA_pol_Rpb1_1	pattern	RLK.VE
3DID_RNA_pol_Rpb1_1_LIG_9-6	3DID_RNA_pol_Rpb1_1_LIG_9-6	3did structural motif for RNA_pol_Rpb1_1	pattern	RR.{0,1}LK.V
3DID_RNA_pol_Rpb1_3_LIG_0-0	3DID_RNA_pol_Rpb1_3_LIG_0-0	3did structural motif for RNA_pol_Rpb1_3	pattern	PGFSK
3DID_RNA_pol_Rpb1_5_LIG_3-0	3DID_RNA_pol_Rpb1_5_LIG_3-0	3did structural motif for RNA_pol_Rpb1_5	pattern	E..E...V
3DID_RNA_pol_Rpb1_5_LIG_3-1	3DID_RNA_pol_Rpb1_5_LIG_3-1	3did structural motif for RNA_pol_Rpb1_5	pattern	Q..M...N
3DID_RNA_pol_Rpb2_7_LIG_1-0	3DID_RNA_pol_Rpb2_7_LIG_1-0	3did structural motif for RNA_pol_Rpb2_7	pattern	R.KKVE
3DID_RNA_pol_Rpb2_7_LIG_1-12	3DID_RNA_pol_Rpb2_7_LIG_1-12	3did structural motif for RNA_pol_Rpb2_7	pattern	RR.{0,1}LK.V
3DID_RNA_pol_Rpb2_7_LIG_1-13	3DID_RNA_pol_Rpb2_7_LIG_1-13	3did structural motif for RNA_pol_Rpb2_7	pattern	RR.R.KK
3DID_RNA_pol_Rpb2_7_LIG_1-14	3DID_RNA_pol_Rpb2_7_LIG_1-14	3did structural motif for RNA_pol_Rpb2_7	pattern	RRRRL
3DID_RNA_pol_Rpb2_7_LIG_5-0	3DID_RNA_pol_Rpb2_7_LIG_5-0	3did structural motif for RNA_pol_Rpb2_7	pattern	R.KKVE
3DID_RNA_pol_Rpb4_LIG_5-0	3DID_RNA_pol_Rpb4_LIG_5-0	3did structural motif for RNA_pol_Rpb4	pattern	PKR.L.{0,1}F
3DID_RNA_pol_Rpb4_LIG_6-0	3DID_RNA_pol_Rpb4_LIG_6-0	3did structural motif for RNA_pol_Rpb4	pattern	S..D..P.R..F
3DID_RNA_pol_Rpb4_LIG_6-23	3DID_RNA_pol_Rpb4_LIG_6-23	3did structural motif for RNA_pol_Rpb4	pattern	R..FES.S
3DID_RNA_pol_Rpb4_LIG_6-3	3DID_RNA_pol_Rpb4_LIG_6-3	3did structural motif for RNA_pol_Rpb4	pattern	D..PKR..F
3DID_RNA_pol_Rpb8_LIG_3-0	3DID_RNA_pol_Rpb8_LIG_3-0	3did structural motif for RNA_pol_Rpb8	pattern	FP.F.KD
3DID_RNA_pol_Rpb8_LIG_3-6	3DID_RNA_pol_Rpb8_LIG_3-6	3did structural motif for RNA_pol_Rpb8	pattern	P.FSKD
3DID_RNase_PH_LIG_2-0	3DID_RNase_PH_LIG_2-0	3did structural motif for RNase_PH	pattern	GK..P.EE
3DID_RNase_PH_LIG_2-2	3DID_RNase_PH_LIG_2-2	3did structural motif for RNase_PH	pattern	I.LGKI
3DID_RNase_PH_LIG_3-0	3DID_RNase_PH_LIG_3-0	3did structural motif for RNase_PH	pattern	D.RR[IL].G
3DID_RNase_PH_LIG_3-6	3DID_RNase_PH_LIG_3-6	3did structural motif for RNase_PH	pattern	DRRR[IL]
3DID_RNase_PH_LIG_3-8	3DID_RNase_PH_LIG_3-8	3did structural motif for RNase_PH	pattern	RR[IL].GP
3DID_RPN2_N_LIG_1-0	3DID_RPN2_N_LIG_1-0	3did structural motif for RPN2_N	pattern	K..SG..Q
3DID_RPN2_N_LIG_5-1	3DID_RPN2_N_LIG_5-1	3did structural motif for RPN2_N	pattern	E...L..Q
3DID_RPN5_C_LIG_2-0	3DID_RPN5_C_LIG_2-0	3did structural motif for RPN5_C	pattern	L...D..E
3DID_RPN5_C_LIG_2-1	3DID_RPN5_C_LIG_2-1	3did structural motif for RPN5_C	pattern	M..L...D
3DID_RPN5_C_LIG_2-2	3DID_RPN5_C_LIG_2-2	3did structural motif for RPN5_C	pattern	K..E...K
3DID_RPN6_C_helix_LIG_2-0	3DID_RPN6_C_helix_LIG_2-0	3did structural motif for RPN6_C_helix	pattern	K..E...K
3DID_RPN6_C_helix_LIG_2-1	3DID_RPN6_C_helix_LIG_2-1	3did structural motif for RPN6_C_helix	pattern	Y...[IV]..E
3DID_RPN6_C_helix_LIG_2-2	3DID_RPN6_C_helix_LIG_2-2	3did structural motif for RPN6_C_helix	pattern	V...[DE]..[ST]
3DID_RPN6_C_helix_LIG_2-5	3DID_RPN6_C_helix_LIG_2-5	3did structural motif for RPN6_C_helix	pattern	K...E..K
3DID_RPN6_C_helix_LIG_2-6	3DID_RPN6_C_helix_LIG_2-6	3did structural motif for RPN6_C_helix	pattern	E..K...E
3DID_RPN6_C_helix_LIG_2-7	3DID_RPN6_C_helix_LIG_2-7	3did structural motif for RPN6_C_helix	pattern	K..E...E
3DID_RPN6_C_helix_LIG_3-0	3DID_RPN6_C_helix_LIG_3-0	3did structural motif for RPN6_C_helix	pattern	K..E...K
3DID_RPN6_C_helix_LIG_3-1	3DID_RPN6_C_helix_LIG_3-1	3did structural motif for RPN6_C_helix	pattern	Q..KR..E
3DID_RPN6_C_helix_LIG_3-2	3DID_RPN6_C_helix_LIG_3-2	3did structural motif for RPN6_C_helix	pattern	Y...[IV]..E
3DID_RPN6_C_helix_LIG_3-3	3DID_RPN6_C_helix_LIG_3-3	3did structural motif for RPN6_C_helix	pattern	K...E..K
3DID_RPN6_C_helix_LIG_3-6	3DID_RPN6_C_helix_LIG_3-6	3did structural motif for RPN6_C_helix	pattern	[HY]...[IV]..E
3DID_RPN6_C_helix_LIG_4-0	3DID_RPN6_C_helix_LIG_4-0	3did structural motif for RPN6_C_helix	pattern	K..E...K
3DID_RPN6_C_helix_LIG_4-1	3DID_RPN6_C_helix_LIG_4-1	3did structural motif for RPN6_C_helix	pattern	K...E..K
3DID_RRM_1_LIG_3-0	3DID_RRM_1_LIG_3-0	3did structural motif for RRM_1	pattern	S...A..A
3DID_RRM_1_LIG_9-0	3DID_RRM_1_LIG_9-0	3did structural motif for RRM_1	pattern	D..AI.EY
3DID_RRN3_LIG_0-0	3DID_RRN3_LIG_0-0	3did structural motif for RRN3	pattern	Q..R...D
3DID_RRN3_LIG_0-1	3DID_RRN3_LIG_0-1	3did structural motif for RRN3	pattern	S...R..R
3DID_RRN3_LIG_0-2	3DID_RRN3_LIG_0-2	3did structural motif for RRN3	pattern	S..S...R
3DID_RTT107_BRCT_5_LIG_0-0	3DID_RTT107_BRCT_5_LIG_0-0	3did structural motif for RTT107_BRCT_5	pattern	SQE
3DID_RTT107_BRCT_5_LIG_0-1	3DID_RTT107_BRCT_5_LIG_0-1	3did structural motif for RTT107_BRCT_5	pattern	[AS]S.[DE]
3DID_Rab5-bind_LIG_0-0	3DID_Rab5-bind_LIG_0-0	3did structural motif for Rab5-bind	pattern	R..NE..K
3DID_Rab5-bind_LIG_0-1	3DID_Rab5-bind_LIG_0-1	3did structural motif for Rab5-bind	pattern	Q..IM..A
3DID_Rab5-bind_LIG_1-0	3DID_Rab5-bind_LIG_1-0	3did structural motif for Rab5-bind	pattern	R..NE..K
3DID_Rab5-bind_LIG_1-2	3DID_Rab5-bind_LIG_1-2	3did structural motif for Rab5-bind	pattern	M...K..E
3DID_Rab5-bind_LIG_1-5	3DID_Rab5-bind_LIG_1-5	3did structural motif for Rab5-bind	pattern	E..L...T
3DID_Rad51_LIG_1-0	3DID_Rad51_LIG_1-0	3did structural motif for Rad51	pattern	VF.PPF
3DID_Rad51_LIG_1-8	3DID_Rad51_LIG_1-8	3did structural motif for Rad51	pattern	PPFKT
3DID_Rad60-SLD_LIG_0-0	3DID_Rad60-SLD_LIG_0-0	3did structural motif for Rad60-SLD	pattern	A.ER[IV]..[IL]
3DID_Rad60-SLD_LIG_0-4	3DID_Rad60-SLD_LIG_0-4	3did structural motif for Rad60-SLD	pattern	EE.[IV][IV]
3DID_Rad60-SLD_LIG_0-6	3DID_Rad60-SLD_LIG_0-6	3did structural motif for Rad60-SLD	pattern	R[IV][IV]V[IL]
3DID_Ras_LIG_1-0	3DID_Ras_LIG_1-0	3did structural motif for Ras	pattern	E...E..A
3DID_Ras_LIG_2-0	3DID_Ras_LIG_2-0	3did structural motif for Ras	pattern	A...E..Q
3DID_Ras_LIG_6-0	3DID_Ras_LIG_6-0	3did structural motif for Ras	pattern	[FI].R[IM].[AG][AS]
3DID_Ras_LIG_6-3	3DID_Ras_LIG_6-3	3did structural motif for Ras	pattern	L.{1,2}R.{1,2}A
3DID_Recep_L_domain_LIG_0-0	3DID_Recep_L_domain_LIG_0-0	3did structural motif for Recep_L_domain	pattern	Y..N...V
3DID_Recep_L_domain_LIG_0-1	3DID_Recep_L_domain_LIG_0-1	3did structural motif for Recep_L_domain	pattern	E...[HR]..[FV]
3DID_Recep_L_domain_LIG_0-3	3DID_Recep_L_domain_LIG_0-3	3did structural motif for Recep_L_domain	pattern	Y...E..L
3DID_Recep_L_domain_LIG_1-0	3DID_Recep_L_domain_LIG_1-0	3did structural motif for Recep_L_domain	pattern	E..SF..T
3DID_ResIII_LIG_2-0	3DID_ResIII_LIG_2-0	3did structural motif for ResIII	pattern	W..GY..TW
3DID_Response_reg_LIG_1-0	3DID_Response_reg_LIG_1-0	3did structural motif for Response_reg	pattern	S...I..L
3DID_Ribonuc_red_lgC_LIG_2-0	3DID_Ribonuc_red_lgC_LIG_2-0	3did structural motif for Ribonuc_red_lgC	pattern	V..DD..N
3DID_Ribonuc_red_lgC_LIG_2-1	3DID_Ribonuc_red_lgC_LIG_2-1	3did structural motif for Ribonuc_red_lgC	pattern	D..SN..L
3DID_Ribonucleas_3_3_LIG_1-0	3DID_Ribonucleas_3_3_LIG_1-0	3did structural motif for Ribonucleas_3_3	pattern	I..KL..E
3DID_Ribophorin_II_LIG_1-0	3DID_Ribophorin_II_LIG_1-0	3did structural motif for Ribophorin_II	pattern	RLD.S.T
3DID_Ribosomal_L13e_LIG_1-0	3DID_Ribosomal_L13e_LIG_1-0	3did structural motif for Ribosomal_L13e	pattern	W.R..T..L..Y
3DID_Ribosomal_L13e_LIG_1-1	3DID_Ribosomal_L13e_LIG_1-1	3did structural motif for Ribosomal_L13e	pattern	W.R..T..L.R
3DID_Ribosomal_L13e_LIG_1-10	3DID_Ribosomal_L13e_LIG_1-10	3did structural motif for Ribosomal_L13e	pattern	TL.L.RY
3DID_Ribosomal_L13e_LIG_1-12	3DID_Ribosomal_L13e_LIG_1-12	3did structural motif for Ribosomal_L13e	pattern	W.R.NTL
3DID_Ribosomal_L13e_LIG_1-18	3DID_Ribosomal_L13e_LIG_1-18	3did structural motif for Ribosomal_L13e	pattern	R.NT..L.R
3DID_Ribosomal_L13e_LIG_1-2	3DID_Ribosomal_L13e_LIG_1-2	3did structural motif for Ribosomal_L13e	pattern	R..T..L..YR
3DID_Ribosomal_L13e_LIG_1-23	3DID_Ribosomal_L13e_LIG_1-23	3did structural motif for Ribosomal_L13e	pattern	NTL.L.R
3DID_Ribosomal_L13e_LIG_1-24	3DID_Ribosomal_L13e_LIG_1-24	3did structural motif for Ribosomal_L13e	pattern	R.NTL.L
3DID_Ribosomal_L13e_LIG_1-25	3DID_Ribosomal_L13e_LIG_1-25	3did structural motif for Ribosomal_L13e	pattern	L.RYR
3DID_Ribosomal_L13e_LIG_1-3	3DID_Ribosomal_L13e_LIG_1-3	3did structural motif for Ribosomal_L13e	pattern	R..T..L.RY
3DID_Ribosomal_L13e_LIG_1-4	3DID_Ribosomal_L13e_LIG_1-4	3did structural motif for Ribosomal_L13e	pattern	T..L.RYR
3DID_Ribosomal_L13e_LIG_1-5	3DID_Ribosomal_L13e_LIG_1-5	3did structural motif for Ribosomal_L13e	pattern	W.R..TL.L
3DID_Ribosomal_L13e_LIG_1-7	3DID_Ribosomal_L13e_LIG_1-7	3did structural motif for Ribosomal_L13e	pattern	L.L.RYR
3DID_Ribosomal_L13e_LIG_4-0	3DID_Ribosomal_L13e_LIG_4-0	3did structural motif for Ribosomal_L13e	pattern	P.R.[FY]A.K
3DID_Ribosomal_L13e_LIG_4-33	3DID_Ribosomal_L13e_LIG_4-33	3did structural motif for Ribosomal_L13e	pattern	P.RK[FY]
3DID_Ribosomal_L13e_LIG_4-4	3DID_Ribosomal_L13e_LIG_4-4	3did structural motif for Ribosomal_L13e	pattern	FP.R.[FY]A
3DID_Ribosomal_L13e_LIG_4-6	3DID_Ribosomal_L13e_LIG_4-6	3did structural motif for Ribosomal_L13e	pattern	P.RK[FY]A
3DID_Ribosomal_L13e_LIG_4-60	3DID_Ribosomal_L13e_LIG_4-60	3did structural motif for Ribosomal_L13e	pattern	FP.RK
3DID_Ribosomal_L13e_LIG_4-62	3DID_Ribosomal_L13e_LIG_4-62	3did structural motif for Ribosomal_L13e	pattern	K[FY]A.KA
3DID_Ribosomal_L13e_LIG_4-66	3DID_Ribosomal_L13e_LIG_4-66	3did structural motif for Ribosomal_L13e	pattern	RK[FY]A[ILV]
3DID_Ribosomal_L13e_LIG_4-71	3DID_Ribosomal_L13e_LIG_4-71	3did structural motif for Ribosomal_L13e	pattern	K[FY]A[ILV]K
3DID_Ribosomal_L13e_LIG_4-79	3DID_Ribosomal_L13e_LIG_4-79	3did structural motif for Ribosomal_L13e	pattern	RK[FY]A
3DID_Ribosomal_L13e_LIG_4-8	3DID_Ribosomal_L13e_LIG_4-8	3did structural motif for Ribosomal_L13e	pattern	RK[FY]A.K
3DID_Ribosomal_L13e_LIG_4-9	3DID_Ribosomal_L13e_LIG_4-9	3did structural motif for Ribosomal_L13e	pattern	FP.RK[FY]
3DID_Ribosomal_L17_LIG_1-0	3DID_Ribosomal_L17_LIG_1-0	3did structural motif for Ribosomal_L17	pattern	W..F.MM..Y
3DID_Ribosomal_L17_LIG_1-1	3DID_Ribosomal_L17_LIG_1-1	3did structural motif for Ribosomal_L17	pattern	Q.W..F.MM
3DID_Ribosomal_L17_LIG_1-19	3DID_Ribosomal_L17_LIG_1-19	3did structural motif for Ribosomal_L17	pattern	QPW..F.M
3DID_Ribosomal_L17_LIG_1-4	3DID_Ribosomal_L17_LIG_1-4	3did structural motif for Ribosomal_L17	pattern	W..F.MMR
3DID_Ribosomal_L17_LIG_1-49	3DID_Ribosomal_L17_LIG_1-49	3did structural motif for Ribosomal_L17	pattern	DMMR.Y
3DID_Ribosomal_L18A_LIG_16-0	3DID_Ribosomal_L18A_LIG_16-0	3did structural motif for Ribosomal_L18A	pattern	E..VPQT
3DID_Ribosomal_L19_LIG_2-0	3DID_Ribosomal_L19_LIG_2-0	3did structural motif for Ribosomal_L19	pattern	K..M..[FIV]..[DE]
3DID_Ribosomal_L19_LIG_2-2	3DID_Ribosomal_L19_LIG_2-2	3did structural motif for Ribosomal_L19	pattern	K..M.Q.[FW]
3DID_Ribosomal_L23eN_LIG_1-0	3DID_Ribosomal_L23eN_LIG_1-0	3did structural motif for Ribosomal_L23eN	pattern	R.V.WP.Y
3DID_Ribosomal_L23eN_LIG_1-13	3DID_Ribosomal_L23eN_LIG_1-13	3did structural motif for Ribosomal_L23eN	pattern	R.V[KR]WP
3DID_Ribosomal_L23eN_LIG_1-20	3DID_Ribosomal_L23eN_LIG_1-20	3did structural motif for Ribosomal_L23eN	pattern	QPKR.L
3DID_Ribosomal_L23eN_LIG_1-26	3DID_Ribosomal_L23eN_LIG_1-26	3did structural motif for Ribosomal_L23eN	pattern	PKR.L.R
3DID_Ribosomal_L23eN_LIG_1-3	3DID_Ribosomal_L23eN_LIG_1-3	3did structural motif for Ribosomal_L23eN	pattern	R.L.R.V.W
3DID_Ribosomal_L23eN_LIG_1-34	3DID_Ribosomal_L23eN_LIG_1-34	3did structural motif for Ribosomal_L23eN	pattern	L.R.V[KR]W
3DID_Ribosomal_L23eN_LIG_1-5	3DID_Ribosomal_L23eN_LIG_1-5	3did structural motif for Ribosomal_L23eN	pattern	L.R.V.WP
3DID_Ribosomal_L23eN_LIG_1-6	3DID_Ribosomal_L23eN_LIG_1-6	3did structural motif for Ribosomal_L23eN	pattern	V[KR]WP.Y
3DID_Ribosomal_L27e_LIG_1-0	3DID_Ribosomal_L27e_LIG_1-0	3did structural motif for Ribosomal_L27e	pattern	LFEKR
3DID_Ribosomal_L27e_LIG_1-38	3DID_Ribosomal_L27e_LIG_1-38	3did structural motif for Ribosomal_L27e	pattern	N.LFEK
3DID_Ribosomal_L28e_LIG_2-0	3DID_Ribosomal_L28e_LIG_2-0	3did structural motif for Ribosomal_L28e	pattern	[WY]YP..D
3DID_Ribosomal_L2_LIG_1-0	3DID_Ribosomal_L2_LIG_1-0	3did structural motif for Ribosomal_L2	pattern	QAVQ
3DID_Ribosomal_L2_LIG_1-2	3DID_Ribosomal_L2_LIG_1-2	3did structural motif for Ribosomal_L2	pattern	GQ.V
3DID_Ribosomal_L2_LIG_1-3	3DID_Ribosomal_L2_LIG_1-3	3did structural motif for Ribosomal_L2	pattern	A.QP
3DID_Ribosomal_L2_LIG_10-0	3DID_Ribosomal_L2_LIG_10-0	3did structural motif for Ribosomal_L2	pattern	A.QP
3DID_Ribosomal_L30_N_LIG_1-0	3DID_Ribosomal_L30_N_LIG_1-0	3did structural motif for Ribosomal_L30_N	pattern	[HR][FI]VST
3DID_Ribosomal_L30_N_LIG_1-1	3DID_Ribosomal_L30_N_LIG_1-1	3did structural motif for Ribosomal_L30_N	pattern	[HR][FI]V.T
3DID_Ribosomal_L4_LIG_2-0	3DID_Ribosomal_L4_LIG_2-0	3did structural motif for Ribosomal_L4	pattern	L.L.RYR
3DID_Ribosomal_L4_LIG_2-1	3DID_Ribosomal_L4_LIG_2-1	3did structural motif for Ribosomal_L4	pattern	[KR]R..T..L.R
3DID_Ribosomal_L4_LIG_2-3	3DID_Ribosomal_L4_LIG_2-3	3did structural motif for Ribosomal_L4	pattern	RYR
3DID_Ribosomal_L4_LIG_2-7	3DID_Ribosomal_L4_LIG_2-7	3did structural motif for Ribosomal_L4	pattern	R..T..L.R
3DID_Ribosomal_S11_LIG_1-0	3DID_Ribosomal_S11_LIG_1-0	3did structural motif for Ribosomal_S11	pattern	RA.A
3DID_Ribosomal_S11_LIG_1-1	3DID_Ribosomal_S11_LIG_1-1	3did structural motif for Ribosomal_S11	pattern	KA.A
3DID_Ribosomal_S14_LIG_2-0	3DID_Ribosomal_S14_LIG_2-0	3did structural motif for Ribosomal_S14	pattern	K..AD..F
3DID_Ribosomal_S14_LIG_2-1	3DID_Ribosomal_S14_LIG_2-1	3did structural motif for Ribosomal_S14	pattern	K..[IL][IV]..G
3DID_Ribosomal_S14_LIG_5-0	3DID_Ribosomal_S14_LIG_5-0	3did structural motif for Ribosomal_S14	pattern	K..[AS]D..F
3DID_Ribosomal_S15_LIG_0-0	3DID_Ribosomal_S15_LIG_0-0	3did structural motif for Ribosomal_S15	pattern	V.DP
3DID_Ribosomal_S17e_LIG_2-0	3DID_Ribosomal_S17e_LIG_2-0	3did structural motif for Ribosomal_S17e	pattern	[ST]I[IV]E..[DE]
3DID_Ribosomal_S21e_LIG_0-0	3DID_Ribosomal_S21e_LIG_0-0	3did structural motif for Ribosomal_S21e	pattern	P..KDLL
3DID_Ribosomal_S21e_LIG_0-2	3DID_Ribosomal_S21e_LIG_0-2	3did structural motif for Ribosomal_S21e	pattern	PL.KDL
3DID_Ribosomal_S21e_LIG_0-20	3DID_Ribosomal_S21e_LIG_0-20	3did structural motif for Ribosomal_S21e	pattern	L..DLLH
3DID_Ribosomal_S21e_LIG_0-7	3DID_Ribosomal_S21e_LIG_0-7	3did structural motif for Ribosomal_S21e	pattern	PLAKD
3DID_Ribosomal_S21e_LIG_1-0	3DID_Ribosomal_S21e_LIG_1-0	3did structural motif for Ribosomal_S21e	pattern	P..KDLL
3DID_Ribosomal_S21e_LIG_1-2	3DID_Ribosomal_S21e_LIG_1-2	3did structural motif for Ribosomal_S21e	pattern	PL.KDL
3DID_Ribosomal_S21e_LIG_1-7	3DID_Ribosomal_S21e_LIG_1-7	3did structural motif for Ribosomal_S21e	pattern	PLAKD
3DID_Ribosomal_S25_LIG_0-0	3DID_Ribosomal_S25_LIG_0-0	3did structural motif for Ribosomal_S25	pattern	SLV[IV].E
3DID_Ribosomal_S25_LIG_0-1	3DID_Ribosomal_S25_LIG_0-1	3did structural motif for Ribosomal_S25	pattern	V.PEKF
3DID_Ribosomal_S25_LIG_0-6	3DID_Ribosomal_S25_LIG_0-6	3did structural motif for Ribosomal_S25	pattern	VIPEK
3DID_Ribosomal_S25_LIG_0-7	3DID_Ribosomal_S25_LIG_0-7	3did structural motif for Ribosomal_S25	pattern	SL.{0,1}V.{1,2}E
3DID_Ribosomal_S25_LIG_0-9	3DID_Ribosomal_S25_LIG_0-9	3did structural motif for Ribosomal_S25	pattern	PEKFQ
3DID_Ribosomal_S25_LIG_2-0	3DID_Ribosomal_S25_LIG_2-0	3did structural motif for Ribosomal_S25	pattern	SLV[IV].E
3DID_Ribosomal_S2_LIG_0-0	3DID_Ribosomal_S2_LIG_0-0	3did structural motif for Ribosomal_S2	pattern	WQGC
3DID_Ribosomal_S3Ae_LIG_1-0	3DID_Ribosomal_S3Ae_LIG_1-0	3did structural motif for Ribosomal_S3Ae	pattern	T.GM..K..R
3DID_Ribosomal_S4e_LIG_0-0	3DID_Ribosomal_S4e_LIG_0-0	3did structural motif for Ribosomal_S4e	pattern	Y..LL..R
3DID_Ribosomal_S4e_LIG_0-1	3DID_Ribosomal_S4e_LIG_0-1	3did structural motif for Ribosomal_S4e	pattern	E..AE..K
3DID_Ribosomal_S4e_LIG_0-2	3DID_Ribosomal_S4e_LIG_0-2	3did structural motif for Ribosomal_S4e	pattern	A..YA..L
3DID_Ribosomal_S4e_LIG_0-3	3DID_Ribosomal_S4e_LIG_0-3	3did structural motif for Ribosomal_S4e	pattern	K..AA..A
3DID_Ribosomal_S6_LIG_4-0	3DID_Ribosomal_S6_LIG_4-0	3did structural motif for Ribosomal_S6	pattern	V..RL..L
3DID_Ribosomal_S8_LIG_0-0	3DID_Ribosomal_S8_LIG_0-0	3did structural motif for Ribosomal_S8	pattern	L..D.{0,1}L.{0,1}H
3DID_Rpn13_ADRM1_Pru_LIG_0-0	3DID_Rpn13_ADRM1_Pru_LIG_0-0	3did structural motif for Rpn13_ADRM1_Pru	pattern	PP.PF.Y
3DID_Rpn13_ADRM1_Pru_LIG_0-1	3DID_Rpn13_ADRM1_Pru_LIG_0-1	3did structural motif for Rpn13_ADRM1_Pru	pattern	Q.P.P..PF
3DID_Rpn13_ADRM1_Pru_LIG_0-56	3DID_Rpn13_ADRM1_Pru_LIG_0-56	3did structural motif for Rpn13_ADRM1_Pru	pattern	EPFEY
3DID_Rpn9_C_LIG_1-0	3DID_Rpn9_C_LIG_1-0	3did structural motif for Rpn9_C	pattern	M..AI..E
3DID_Rpn9_C_LIG_1-1	3DID_Rpn9_C_LIG_1-1	3did structural motif for Rpn9_C	pattern	I...M..A
3DID_S4_LIG_0-0	3DID_S4_LIG_0-0	3did structural motif for S4	pattern	N.L[IL].RK
3DID_S4_LIG_0-2	3DID_S4_LIG_0-2	3did structural motif for S4	pattern	LL.RKQ
3DID_SAC3_LIG_0-0	3DID_SAC3_LIG_0-0	3did structural motif for SAC3	pattern	T.GFDF
3DID_SAC3_LIG_0-5	3DID_SAC3_LIG_0-5	3did structural motif for SAC3	pattern	TVGFD
3DID_SEA_LIG_0-0	3DID_SEA_LIG_0-0	3did structural motif for SEA	pattern	V.V..T..F.E
3DID_SET_LIG_2-0	3DID_SET_LIG_2-0	3did structural motif for SET	pattern	E..EYE..E
3DID_SET_LIG_2-1	3DID_SET_LIG_2-1	3did structural motif for SET	pattern	V.Y.ERE
3DID_SET_LIG_2-14	3DID_SET_LIG_2-14	3did structural motif for SET	pattern	ENV.YE
3DID_SET_LIG_2-2	3DID_SET_LIG_2-2	3did structural motif for SET	pattern	E..E.EER
3DID_SET_LIG_2-7	3DID_SET_LIG_2-7	3did structural motif for SET	pattern	[DE]..E.[DE]E
3DID_SET_LIG_2-9	3DID_SET_LIG_2-9	3did structural motif for SET	pattern	N.EY.ER
3DID_SET_LIG_3-0	3DID_SET_LIG_3-0	3did structural motif for SET	pattern	P..G.V..P.R
3DID_SET_LIG_3-1	3DID_SET_LIG_3-1	3did structural motif for SET	pattern	GGV..P.R
3DID_SET_LIG_3-12	3DID_SET_LIG_3-12	3did structural motif for SET	pattern	V.KP.RY
3DID_SET_LIG_3-15	3DID_SET_LIG_3-15	3did structural motif for SET	pattern	RTKQT
3DID_SET_LIG_3-2	3DID_SET_LIG_3-2	3did structural motif for SET	pattern	GGV..P
3DID_SET_LIG_3-4	3DID_SET_LIG_3-4	3did structural motif for SET	pattern	RT.QTA
3DID_SET_LIG_3-7	3DID_SET_LIG_3-7	3did structural motif for SET	pattern	V..P.RYR
3DID_SET_LIG_3-8	3DID_SET_LIG_3-8	3did structural motif for SET	pattern	KP.RYR
3DID_SET_LIG_5-0	3DID_SET_LIG_5-0	3did structural motif for SET	pattern	TAR.ST
3DID_SET_LIG_5-12	3DID_SET_LIG_5-12	3did structural motif for SET	pattern	KQTAR
3DID_SET_LIG_5-20	3DID_SET_LIG_5-20	3did structural motif for SET	pattern	TARK
3DID_SET_LIG_5-4	3DID_SET_LIG_5-4	3did structural motif for SET	pattern	QTAR.S
3DID_SF3a60_Prp9_C_LIG_2-0	3DID_SF3a60_Prp9_C_LIG_2-0	3did structural motif for SF3a60_Prp9_C	pattern	A...Q..A
3DID_SGF29_Tudor_LIG_0-0	3DID_SGF29_Tudor_LIG_0-0	3did structural motif for SGF29_Tudor	pattern	RTK
3DID_SH2_LIG_0-4	3DID_SH2_LIG_0-4	3did structural motif for SH2	pattern	[DE]E[IV]
3DID_SH2_LIG_1-0	3DID_SH2_LIG_1-0	3did structural motif for SH2	pattern	YVNV
3DID_SH2_LIG_1-1	3DID_SH2_LIG_1-1	3did structural motif for SH2	pattern	YEE
3DID_SH2_LIG_1-10	3DID_SH2_LIG_1-10	3did structural motif for SH2	pattern	YVN
3DID_SH2_LIG_1-13	3DID_SH2_LIG_1-13	3did structural motif for SH2	pattern	P.Y..V
3DID_SH2_LIG_1-17	3DID_SH2_LIG_1-17	3did structural motif for SH2	pattern	Y[DE]N
3DID_SH2_LIG_1-24	3DID_SH2_LIG_1-24	3did structural motif for SH2	pattern	E.YD
3DID_SH2_LIG_1-28	3DID_SH2_LIG_1-28	3did structural motif for SH2	pattern	YM.M
3DID_SH2_LIG_1-3	3DID_SH2_LIG_1-3	3did structural motif for SH2	pattern	P.YE
3DID_SH2_LIG_1-30	3DID_SH2_LIG_1-30	3did structural motif for SH2	pattern	DY.N
3DID_SH2_LIG_1-34	3DID_SH2_LIG_1-34	3did structural motif for SH2	pattern	Y.N..P
3DID_SH2_LIG_1-5	3DID_SH2_LIG_1-5	3did structural motif for SH2	pattern	P.Y.{0,1}E
3DID_SH2_LIG_1-8	3DID_SH2_LIG_1-8	3did structural motif for SH2	pattern	Y.NV
3DID_SH2_LIG_1-9	3DID_SH2_LIG_1-9	3did structural motif for SH2	pattern	PQY
3DID_SH2_LIG_4-0	3DID_SH2_LIG_4-0	3did structural motif for SH2	pattern	[IL]Y..[IV]
3DID_SH2_LIG_4-1	3DID_SH2_LIG_4-1	3did structural motif for SH2	pattern	E..Y.[DE]
3DID_SH2_LIG_4-10	3DID_SH2_LIG_4-10	3did structural motif for SH2	pattern	P.{0,1}YA
3DID_SH2_LIG_4-11	3DID_SH2_LIG_4-11	3did structural motif for SH2	pattern	[DE]Y..[IL]
3DID_SH2_LIG_4-12	3DID_SH2_LIG_4-12	3did structural motif for SH2	pattern	E.{0,1}E..Y
3DID_SH2_LIG_4-13	3DID_SH2_LIG_4-13	3did structural motif for SH2	pattern	YAQ
3DID_SH2_LIG_4-14	3DID_SH2_LIG_4-14	3did structural motif for SH2	pattern	S..IY
3DID_SH2_LIG_4-15	3DID_SH2_LIG_4-15	3did structural motif for SH2	pattern	YA.P
3DID_SH2_LIG_4-2	3DID_SH2_LIG_4-2	3did structural motif for SH2	pattern	[IV][DE][FY]
3DID_SH2_LIG_4-4	3DID_SH2_LIG_4-4	3did structural motif for SH2	pattern	Y.{0,2}L.{0,1}L
3DID_SH2_LIG_4-6	3DID_SH2_LIG_4-6	3did structural motif for SH2	pattern	Y[DE].[LV]
3DID_SH2_LIG_4-7	3DID_SH2_LIG_4-7	3did structural motif for SH2	pattern	Q.EY
3DID_SH3_1_LIG_0-0	3DID_SH3_1_LIG_0-0	3did structural motif for SH3_1	pattern	P.{0,1}P.{0,2}P.{0,2}P
3DID_SH3_1_LIG_1-0	3DID_SH3_1_LIG_1-0	3did structural motif for SH3_1	pattern	DRS.KP
3DID_SH3_1_LIG_1-1	3DID_SH3_1_LIG_1-1	3did structural motif for SH3_1	pattern	P.{0,1}P..P
3DID_SH3_1_LIG_1-10	3DID_SH3_1_LIG_1-10	3did structural motif for SH3_1	pattern	RS.KP
3DID_SH3_1_LIG_1-13	3DID_SH3_1_LIG_1-13	3did structural motif for SH3_1	pattern	AP.Y
3DID_SH3_1_LIG_1-20	3DID_SH3_1_LIG_1-20	3did structural motif for SH3_1	pattern	PT.P
3DID_SH3_1_LIG_1-25	3DID_SH3_1_LIG_1-25	3did structural motif for SH3_1	pattern	KP.L
3DID_SH3_1_LIG_1-6	3DID_SH3_1_LIG_1-6	3did structural motif for SH3_1	pattern	P.{0,2}P.{1,2}P
3DID_SH3_1_LIG_2-0	3DID_SH3_1_LIG_2-0	3did structural motif for SH3_1	pattern	P.{0,1}P.{0,2}P.{0,2}P
3DID_SH3_1_LIG_2-12	3DID_SH3_1_LIG_2-12	3did structural motif for SH3_1	pattern	P.[ILMV]P
3DID_SH3_1_LIG_2-2	3DID_SH3_1_LIG_2-2	3did structural motif for SH3_1	pattern	P.{0,2}P.{0,1}P
3DID_SH3_1_LIG_2-28	3DID_SH3_1_LIG_2-28	3did structural motif for SH3_1	pattern	P.{0,2}P.{0,2}R
3DID_SH3_1_LIG_2-35	3DID_SH3_1_LIG_2-35	3did structural motif for SH3_1	pattern	D..T.P
3DID_SH3_1_LIG_3-0	3DID_SH3_1_LIG_3-0	3did structural motif for SH3_1	pattern	PP..PR.R
3DID_SH3_1_LIG_3-16	3DID_SH3_1_LIG_3-16	3did structural motif for SH3_1	pattern	PPR..P
3DID_SH3_1_LIG_3-36	3DID_SH3_1_LIG_3-36	3did structural motif for SH3_1	pattern	P[LV]..R
3DID_SH3_1_LIG_3-5	3DID_SH3_1_LIG_3-5	3did structural motif for SH3_1	pattern	PP.PPR
3DID_SH3_1_LIG_3-6	3DID_SH3_1_LIG_3-6	3did structural motif for SH3_1	pattern	PP[LV]..R
3DID_SH3_1_LIG_4-0	3DID_SH3_1_LIG_4-0	3did structural motif for SH3_1	pattern	PP.{0,1}P.{1,2}P
3DID_SH3_1_LIG_4-1	3DID_SH3_1_LIG_4-1	3did structural motif for SH3_1	pattern	P.P.{0,2}P
3DID_SH3_1_LIG_4-8	3DID_SH3_1_LIG_4-8	3did structural motif for SH3_1	pattern	P.{0,2}P.{0,1}P
3DID_SH3_1_LIG_4-9	3DID_SH3_1_LIG_4-9	3did structural motif for SH3_1	pattern	P.{0,1}P.{0,2}P
3DID_SH3_1_LIG_6-0	3DID_SH3_1_LIG_6-0	3did structural motif for SH3_1	pattern	P.{0,1}P.{1,2}P
3DID_SH3_1_LIG_6-2	3DID_SH3_1_LIG_6-2	3did structural motif for SH3_1	pattern	P.{0,2}P.{1,2}P
3DID_SH3_1_LIG_6-40	3DID_SH3_1_LIG_6-40	3did structural motif for SH3_1	pattern	PP[LV]
3DID_SH3_1_LIG_6-70	3DID_SH3_1_LIG_6-70	3did structural motif for SH3_1	pattern	[KR]P..P
3DID_SH3_2_LIG_1-0	3DID_SH3_2_LIG_1-0	3did structural motif for SH3_2	pattern	PPP..P
3DID_SH3_2_LIG_1-1	3DID_SH3_2_LIG_1-1	3did structural motif for SH3_2	pattern	PP.LPS
3DID_SH3_2_LIG_1-13	3DID_SH3_2_LIG_1-13	3did structural motif for SH3_2	pattern	PP.{0,2}P
3DID_SH3_2_LIG_1-77	3DID_SH3_2_LIG_1-77	3did structural motif for SH3_2	pattern	LPSSA
3DID_SH3_2_LIG_2-0	3DID_SH3_2_LIG_2-0	3did structural motif for SH3_2	pattern	R.{0,2}PP.P
3DID_SH3_2_LIG_2-2	3DID_SH3_2_LIG_2-2	3did structural motif for SH3_2	pattern	R.{0,1}P.{0,1}P.{0,1}P
3DID_SH3_2_LIG_2-21	3DID_SH3_2_LIG_2-21	3did structural motif for SH3_2	pattern	R.{0,2}P.{1,2}P
3DID_SH3_2_LIG_2-30	3DID_SH3_2_LIG_2-30	3did structural motif for SH3_2	pattern	R.{0,2}P.{0,2}P
3DID_SH3_2_LIG_2-4	3DID_SH3_2_LIG_2-4	3did structural motif for SH3_2	pattern	PP.P
3DID_SH3_2_LIG_2-45	3DID_SH3_2_LIG_2-45	3did structural motif for SH3_2	pattern	GRRLP
3DID_SH3_9_LIG_0-0	3DID_SH3_9_LIG_0-0	3did structural motif for SH3_9	pattern	P.{0,2}P.{0,2}P.{0,1}R
3DID_SH3_9_LIG_0-1	3DID_SH3_9_LIG_0-1	3did structural motif for SH3_9	pattern	P.{0,2}P.{0,2}P.{0,2}R
3DID_SH3_9_LIG_0-12	3DID_SH3_9_LIG_0-12	3did structural motif for SH3_9	pattern	P.{0,2}P.{0,2}R
3DID_SH3_9_LIG_0-2	3DID_SH3_9_LIG_0-2	3did structural motif for SH3_9	pattern	P..P.{0,1}R.{0,1}R
3DID_SH3_9_LIG_0-20	3DID_SH3_9_LIG_0-20	3did structural motif for SH3_9	pattern	P.{0,1}R.{0,1}R
3DID_SH3_9_LIG_0-3	3DID_SH3_9_LIG_0-3	3did structural motif for SH3_9	pattern	P.{0,2}P.{0,2}P
3DID_SH3_9_LIG_0-5	3DID_SH3_9_LIG_0-5	3did structural motif for SH3_9	pattern	P.{1,2}P.{1,2}R
3DID_SH3_9_LIG_0-53	3DID_SH3_9_LIG_0-53	3did structural motif for SH3_9	pattern	K.{0,2}P.{1,2}P
3DID_SH3_9_LIG_0-6	3DID_SH3_9_LIG_0-6	3did structural motif for SH3_9	pattern	P.{0,2}P.{0,1}R.{0,1}R
3DID_SH3_9_LIG_1-0	3DID_SH3_9_LIG_1-0	3did structural motif for SH3_9	pattern	P.{0,2}P..P
3DID_SH3_9_LIG_1-4	3DID_SH3_9_LIG_1-4	3did structural motif for SH3_9	pattern	P.{0,2}P.{0,2}P
3DID_SHS2_Rpb7-N_LIG_3-0	3DID_SHS2_Rpb7-N_LIG_3-0	3did structural motif for SHS2_Rpb7-N	pattern	G.FD..[IL]D
3DID_SHS2_Rpb7-N_LIG_3-26	3DID_SHS2_Rpb7-N_LIG_3-26	3did structural motif for SHS2_Rpb7-N	pattern	F.[ILV].[IL]D.[DE]
3DID_SHS2_Rpb7-N_LIG_3-3	3DID_SHS2_Rpb7-N_LIG_3-3	3did structural motif for SHS2_Rpb7-N	pattern	FD[LV][LM].D
3DID_SHS2_Rpb7-N_LIG_3-36	3DID_SHS2_Rpb7-N_LIG_3-36	3did structural motif for SHS2_Rpb7-N	pattern	MIDE..L
3DID_SHS2_Rpb7-N_LIG_4-0	3DID_SHS2_Rpb7-N_LIG_4-0	3did structural motif for SHS2_Rpb7-N	pattern	GTG.[FV].[LV]
3DID_SHS2_Rpb7-N_LIG_4-3	3DID_SHS2_Rpb7-N_LIG_4-3	3did structural motif for SHS2_Rpb7-N	pattern	FDV..K.P
3DID_SHS2_Rpb7-N_LIG_5-0	3DID_SHS2_Rpb7-N_LIG_5-0	3did structural motif for SHS2_Rpb7-N	pattern	GTG.[FV].[LV]
3DID_SHS2_Rpb7-N_LIG_5-1	3DID_SHS2_Rpb7-N_LIG_5-1	3did structural motif for SHS2_Rpb7-N	pattern	FD[LV][LM].D
3DID_SIR2_LIG_1-0	3DID_SIR2_LIG_1-0	3did structural motif for SIR2	pattern	RH.K
3DID_SIR2_LIG_1-1	3DID_SIR2_LIG_1-1	3did structural motif for SIR2	pattern	GA.R
3DID_SIR2_LIG_1-11	3DID_SIR2_LIG_1-11	3did structural motif for SIR2	pattern	HKKL.F
3DID_SIR2_LIG_1-2	3DID_SIR2_LIG_1-2	3did structural motif for SIR2	pattern	[GS]..[KR][HKR]
3DID_SIR2_LIG_1-3	3DID_SIR2_LIG_1-3	3did structural motif for SIR2	pattern	[KR][HR].[KR]
3DID_SIR2_LIG_1-7	3DID_SIR2_LIG_1-7	3did structural motif for SIR2	pattern	[AGS].[HKR][HKR][HKR]
3DID_SIR2_LIG_2-0	3DID_SIR2_LIG_2-0	3did structural motif for SIR2	pattern	KR.R
3DID_SIR2_LIG_2-1	3DID_SIR2_LIG_2-1	3did structural motif for SIR2	pattern	[KR][HR][HR]
3DID_SIR2_LIG_3-0	3DID_SIR2_LIG_3-0	3did structural motif for SIR2	pattern	TA..S
3DID_SIR2_LIG_6-0	3DID_SIR2_LIG_6-0	3did structural motif for SIR2	pattern	TAR.ST
3DID_SIR2_LIG_6-21	3DID_SIR2_LIG_6-21	3did structural motif for SIR2	pattern	RKST
3DID_SIR2_LIG_6-29	3DID_SIR2_LIG_6-29	3did structural motif for SIR2	pattern	KK.G
3DID_SIR2_LIG_6-3	3DID_SIR2_LIG_6-3	3did structural motif for SIR2	pattern	G.{1,2}KR
3DID_SIR2_LIG_6-30	3DID_SIR2_LIG_6-30	3did structural motif for SIR2	pattern	KS.G
3DID_SIR2_LIG_6-32	3DID_SIR2_LIG_6-32	3did structural motif for SIR2	pattern	R.{0,1}S.{0,1}G
3DID_SIR2_LIG_6-4	3DID_SIR2_LIG_6-4	3did structural motif for SIR2	pattern	A[KR][KR]
3DID_SIR2_LIG_6-7	3DID_SIR2_LIG_6-7	3did structural motif for SIR2	pattern	RKSTG
3DID_SIR2_LIG_6-8	3DID_SIR2_LIG_6-8	3did structural motif for SIR2	pattern	GA.R
3DID_SKIP_SNW_LIG_0-0	3DID_SKIP_SNW_LIG_0-0	3did structural motif for SKIP_SNW	pattern	A.T.TGI
3DID_SMC_Nse1_LIG_0-0	3DID_SMC_Nse1_LIG_0-0	3did structural motif for SMC_Nse1	pattern	P..D..M.P.S
3DID_SMC_Nse1_LIG_0-32	3DID_SMC_Nse1_LIG_0-32	3did structural motif for SMC_Nse1	pattern	LMGP.S
3DID_SMC_Nse1_LIG_0-41	3DID_SMC_Nse1_LIG_0-41	3did structural motif for SMC_Nse1	pattern	K..P.TD.L
3DID_SMC_Nse1_LIG_0-7	3DID_SMC_Nse1_LIG_0-7	3did structural motif for SMC_Nse1	pattern	D..MGP.S
3DID_SOCS_box_LIG_2-0	3DID_SOCS_box_LIG_2-0	3did structural motif for SOCS_box	pattern	PDVMK
3DID_SOCS_box_LIG_2-1	3DID_SOCS_box_LIG_2-1	3did structural motif for SOCS_box	pattern	PPE..D.M
3DID_SPRY_LIG_2-0	3DID_SPRY_LIG_2-0	3did structural motif for SPRY	pattern	RESE
3DID_SPRY_LIG_4-0	3DID_SPRY_LIG_4-0	3did structural motif for SPRY	pattern	ER..E
3DID_SPRY_LIG_4-2	3DID_SPRY_LIG_4-2	3did structural motif for SPRY	pattern	N.{0,2}VE
3DID_SUFU_C_LIG_0-0	3DID_SUFU_C_LIG_0-0	3did structural motif for SUFU_C	pattern	SYG..S.[GS]
3DID_SUFU_C_LIG_1-0	3DID_SUFU_C_LIG_1-0	3did structural motif for SUFU_C	pattern	SYG.LS
3DID_SUFU_LIG_0-0	3DID_SUFU_LIG_0-0	3did structural motif for SUFU	pattern	SYG.LS
3DID_SWIRM-assoc_1_LIG_2-0	3DID_SWIRM-assoc_1_LIG_2-0	3did structural motif for SWIRM-assoc_1	pattern	L..M...L
3DID_SWIRM-assoc_1_LIG_2-1	3DID_SWIRM-assoc_1_LIG_2-1	3did structural motif for SWIRM-assoc_1	pattern	I..E...M
3DID_SWIRM_LIG_0-0	3DID_SWIRM_LIG_0-0	3did structural motif for SWIRM	pattern	D..FH..L.S
3DID_Sec1_LIG_4-0	3DID_Sec1_LIG_4-0	3did structural motif for Sec1	pattern	RDR..E.R
3DID_Sec61_beta_LIG_0-0	3DID_Sec61_beta_LIG_0-0	3did structural motif for Sec61_beta	pattern	V..YV..L
3DID_Sec61_beta_LIG_0-1	3DID_Sec61_beta_LIG_0-1	3did structural motif for Sec61_beta	pattern	P..VS..W
3DID_Sec61_beta_LIG_1-0	3DID_Sec61_beta_LIG_1-0	3did structural motif for Sec61_beta	pattern	P..VS..W
3DID_SecB_LIG_5-0	3DID_SecB_LIG_5-0	3did structural motif for SecB	pattern	Y.{1,2}KD
3DID_Serpin_LIG_5-0	3DID_Serpin_LIG_5-0	3did structural motif for Serpin	pattern	P.GP.G.{0,1}P
3DID_Serpin_LIG_6-0	3DID_Serpin_LIG_6-0	3did structural motif for Serpin	pattern	LF.G[KR]
3DID_Sgf11_N_LIG_0-0	3DID_Sgf11_N_LIG_0-0	3did structural motif for Sgf11_N	pattern	AEIKG
3DID_Sin3_corepress_LIG_2-0	3DID_Sin3_corepress_LIG_2-0	3did structural motif for Sin3_corepress	pattern	D..Y...S
3DID_Sld5_LIG_0-0	3DID_Sld5_LIG_0-0	3did structural motif for Sld5	pattern	N..L...S
3DID_SlmA-like_C_LIG_0-0	3DID_SlmA-like_C_LIG_0-0	3did structural motif for SlmA-like_C	pattern	LD.P.F.R
3DID_SlmA-like_C_LIG_0-4	3DID_SlmA-like_C_LIG_0-4	3did structural motif for SlmA-like_C	pattern	LD.P.FL
3DID_SlmA-like_C_LIG_1-0	3DID_SlmA-like_C_LIG_1-0	3did structural motif for SlmA-like_C	pattern	PAFLR
3DID_Spc24_LIG_7-0	3DID_Spc24_LIG_7-0	3did structural motif for Spc24	pattern	V..YE..L
3DID_Spc24_LIG_7-3	3DID_Spc24_LIG_7-3	3did structural motif for Spc24	pattern	L..R...L
3DID_Ssu72_LIG_0-0	3DID_Ssu72_LIG_0-0	3did structural motif for Ssu72	pattern	T.PSY
3DID_Ssu72_LIG_0-1	3DID_Ssu72_LIG_0-1	3did structural motif for Ssu72	pattern	T.PS
3DID_Ssu72_LIG_0-13	3DID_Ssu72_LIG_0-13	3did structural motif for Ssu72	pattern	SPT
3DID_Ssu72_LIG_0-4	3DID_Ssu72_LIG_0-4	3did structural motif for Ssu72	pattern	P.{0,1}S.S
3DID_Synaptobrevin_LIG_0-0	3DID_Synaptobrevin_LIG_0-0	3did structural motif for Synaptobrevin	pattern	Q..Q...V
3DID_Syntaxin_LIG_1-0	3DID_Syntaxin_LIG_1-0	3did structural motif for Syntaxin	pattern	[MV]...L..[MV]
3DID_Syntaxin_LIG_1-1	3DID_Syntaxin_LIG_1-1	3did structural motif for Syntaxin	pattern	L..M...M
3DID_Syntaxin_LIG_1-2	3DID_Syntaxin_LIG_1-2	3did structural motif for Syntaxin	pattern	D...E..S
3DID_Syntaxin_LIG_1-3	3DID_Syntaxin_LIG_1-3	3did structural motif for Syntaxin	pattern	[IL]..[MV]...[LM]
3DID_Syntaxin_LIG_1-4	3DID_Syntaxin_LIG_1-4	3did structural motif for Syntaxin	pattern	I..N...M
3DID_TBK1_CCD1_LIG_0-0	3DID_TBK1_CCD1_LIG_0-0	3did structural motif for TBK1_CCD1	pattern	MEKP.P
3DID_TBK1_CCD1_LIG_0-6	3DID_TBK1_CCD1_LIG_0-6	3did structural motif for TBK1_CCD1	pattern	EK..PLR
3DID_TCR_zetazeta_LIG_0-0	3DID_TCR_zetazeta_LIG_0-0	3did structural motif for TCR_zetazeta	pattern	A..VI..I
3DID_TCR_zetazeta_LIG_5-0	3DID_TCR_zetazeta_LIG_5-0	3did structural motif for TCR_zetazeta	pattern	M..T...L
3DID_TEX12_LIG_0-0	3DID_TEX12_LIG_0-0	3did structural motif for TEX12	pattern	N..NK..Q
3DID_TEX12_LIG_0-1	3DID_TEX12_LIG_0-1	3did structural motif for TEX12	pattern	K...F..K
3DID_TFIIB_LIG_0-0	3DID_TFIIB_LIG_0-0	3did structural motif for TFIIB	pattern	M..DN..F
3DID_TFIID-31kDa_LIG_3-0	3DID_TFIID-31kDa_LIG_3-0	3did structural motif for TFIID-31kDa	pattern	G.NVK
3DID_TGF_beta_LIG_0-0	3DID_TGF_beta_LIG_0-0	3did structural motif for TGF_beta	pattern	ELC..RP
3DID_TGF_beta_LIG_0-1	3DID_TGF_beta_LIG_0-1	3did structural motif for TGF_beta	pattern	REL.R.R
3DID_TGF_beta_LIG_0-9	3DID_TGF_beta_LIG_0-9	3did structural motif for TGF_beta	pattern	RE.CRG
3DID_TNF_LIG_2-0	3DID_TNF_LIG_2-0	3did structural motif for TNF	pattern	[WY]..[FL][MV]
3DID_TPR1-like_2nd_LIG_0-0	3DID_TPR1-like_2nd_LIG_0-0	3did structural motif for TPR1-like_2nd	pattern	ELRLG
3DID_TPR1-like_2nd_LIG_0-1	3DID_TPR1-like_2nd_LIG_0-1	3did structural motif for TPR1-like_2nd	pattern	ELRL
3DID_TPR1-like_2nd_LIG_0-13	3DID_TPR1-like_2nd_LIG_0-13	3did structural motif for TPR1-like_2nd	pattern	L.LG
3DID_TPR1-like_2nd_LIG_0-16	3DID_TPR1-like_2nd_LIG_0-16	3did structural motif for TPR1-like_2nd	pattern	L.L.L
3DID_TPR1-like_2nd_LIG_0-2	3DID_TPR1-like_2nd_LIG_0-2	3did structural motif for TPR1-like_2nd	pattern	EL.LG
3DID_TPR1-like_2nd_LIG_0-20	3DID_TPR1-like_2nd_LIG_0-20	3did structural motif for TPR1-like_2nd	pattern	L.L.{0,1}G
3DID_TPR1-like_2nd_LIG_0-28	3DID_TPR1-like_2nd_LIG_0-28	3did structural motif for TPR1-like_2nd	pattern	RLGL
3DID_TPR1-like_2nd_LIG_0-38	3DID_TPR1-like_2nd_LIG_0-38	3did structural motif for TPR1-like_2nd	pattern	LGL
3DID_TPR1-like_2nd_LIG_0-4	3DID_TPR1-like_2nd_LIG_0-4	3did structural motif for TPR1-like_2nd	pattern	EL.L
3DID_TPR1-like_2nd_LIG_0-8	3DID_TPR1-like_2nd_LIG_0-8	3did structural motif for TPR1-like_2nd	pattern	LRLG
3DID_TPR1-like_2nd_LIG_1-0	3DID_TPR1-like_2nd_LIG_1-0	3did structural motif for TPR1-like_2nd	pattern	[DE]..[IL].L
3DID_TPR1-like_2nd_LIG_1-1	3DID_TPR1-like_2nd_LIG_1-1	3did structural motif for TPR1-like_2nd	pattern	EL.L
3DID_TPR_10_LIG_1-0	3DID_TPR_10_LIG_1-0	3did structural motif for TPR_10	pattern	L.SLP
3DID_TPR_10_LIG_2-0	3DID_TPR_10_LIG_2-0	3did structural motif for TPR_10	pattern	E.E.[LM]
3DID_TPR_11_LIG_1-0	3DID_TPR_11_LIG_1-0	3did structural motif for TPR_11	pattern	T.T..T.TT
3DID_TPR_12_LIG_0-0	3DID_TPR_12_LIG_0-0	3did structural motif for TPR_12	pattern	M.T.Q
3DID_TPR_12_LIG_0-1	3DID_TPR_12_LIG_0-1	3did structural motif for TPR_12	pattern	E.E.[LM]
3DID_TPR_12_LIG_0-2	3DID_TPR_12_LIG_0-2	3did structural motif for TPR_12	pattern	E.[LV]D
3DID_TPR_12_LIG_0-7	3DID_TPR_12_LIG_0-7	3did structural motif for TPR_12	pattern	[LM][DE][DE]
3DID_TPR_12_LIG_2-0	3DID_TPR_12_LIG_2-0	3did structural motif for TPR_12	pattern	M..E...M
3DID_TPR_12_LIG_2-3	3DID_TPR_12_LIG_2-3	3did structural motif for TPR_12	pattern	E..E...V
3DID_TPR_16_LIG_2-0	3DID_TPR_16_LIG_2-0	3did structural motif for TPR_16	pattern	MEEVD
3DID_TPR_16_LIG_2-3	3DID_TPR_16_LIG_2-3	3did structural motif for TPR_16	pattern	T.TT.T..T
3DID_TPR_1_LIG_0-0	3DID_TPR_1_LIG_0-0	3did structural motif for TPR_1	pattern	[MV]EEVD
3DID_TPR_1_LIG_0-1	3DID_TPR_1_LIG_0-1	3did structural motif for TPR_1	pattern	EEVD
3DID_TPR_1_LIG_0-18	3DID_TPR_1_LIG_0-18	3did structural motif for TPR_1	pattern	T.T..T.TT
3DID_TPR_1_LIG_0-2	3DID_TPR_1_LIG_0-2	3did structural motif for TPR_1	pattern	[MV]EEV
3DID_TPR_1_LIG_3-0	3DID_TPR_1_LIG_3-0	3did structural motif for TPR_1	pattern	LQYL.E
3DID_TPR_1_LIG_3-4	3DID_TPR_1_LIG_3-4	3did structural motif for TPR_1	pattern	L.YLH
3DID_TPR_8_LIG_0-0	3DID_TPR_8_LIG_0-0	3did structural motif for TPR_8	pattern	MEEVD
3DID_TPR_8_LIG_3-0	3DID_TPR_8_LIG_3-0	3did structural motif for TPR_8	pattern	EEVD
3DID_TPR_EMC2_LIG_0-0	3DID_TPR_EMC2_LIG_0-0	3did structural motif for TPR_EMC2	pattern	Y.V.YL
3DID_TRAF-mep_MATH_LIG_0-0	3DID_TRAF-mep_MATH_LIG_0-0	3did structural motif for TRAF-mep_MATH	pattern	P[IV]Q.[ST]
3DID_TRAF-mep_MATH_LIG_0-1	3DID_TRAF-mep_MATH_LIG_0-1	3did structural motif for TRAF-mep_MATH	pattern	P[IV]Q
3DID_TRAF-mep_MATH_LIG_0-20	3DID_TRAF-mep_MATH_LIG_0-20	3did structural motif for TRAF-mep_MATH	pattern	PV..T..G
3DID_TRAF-mep_MATH_LIG_0-23	3DID_TRAF-mep_MATH_LIG_0-23	3did structural motif for TRAF-mep_MATH	pattern	[GS]P.E
3DID_TRAF-mep_MATH_LIG_0-7	3DID_TRAF-mep_MATH_LIG_0-7	3did structural motif for TRAF-mep_MATH	pattern	P.{0,1}E.{0,2}ENE
3DID_TRAF-mep_MATH_LIG_0-8	3DID_TRAF-mep_MATH_LIG_0-8	3did structural motif for TRAF-mep_MATH	pattern	[IV]QE
3DID_TRF_LIG_0-13	3DID_TRF_LIG_0-13	3did structural motif for TRF	pattern	FN.AP.G
3DID_TRF_LIG_0-34	3DID_TRF_LIG_0-34	3did structural motif for TRF	pattern	FNLAP
3DID_TRF_LIG_0-8	3DID_TRF_LIG_0-8	3did structural motif for TRF	pattern	N..P.GRR
3DID_TRF_LIG_1-0	3DID_TRF_LIG_1-0	3did structural motif for TRF	pattern	E.YRL.P
3DID_TRF_LIG_1-12	3DID_TRF_LIG_1-12	3did structural motif for TRF	pattern	R.F..K.KK
3DID_TRF_LIG_1-13	3DID_TRF_LIG_1-13	3did structural motif for TRF	pattern	RDF..KP
3DID_TRF_LIG_1-3	3DID_TRF_LIG_1-3	3did structural motif for TRF	pattern	E.{0,1}E.YRL
3DID_TRF_LIG_1-8	3DID_TRF_LIG_1-8	3did structural motif for TRF	pattern	[FL]..KY.L.P
3DID_TUDOR_LIG_1-0	3DID_TUDOR_LIG_1-0	3did structural motif for TUDOR	pattern	GR.R.R
3DID_TetR_N_LIG_0-0	3DID_TetR_N_LIG_0-0	3did structural motif for TetR_N	pattern	PAFLR
3DID_Tfb2_LIG_2-0	3DID_Tfb2_LIG_2-0	3did structural motif for Tfb2	pattern	Q..S.S..SS
3DID_Thioredoxin_LIG_4-0	3DID_Thioredoxin_LIG_4-0	3did structural motif for Thioredoxin	pattern	G.{0,1}VC.{0,1}P
3DID_Thioredoxin_LIG_4-1	3DID_Thioredoxin_LIG_4-1	3did structural motif for Thioredoxin	pattern	VC.{0,1}P
3DID_Toprim_LIG_1-0	3DID_Toprim_LIG_1-0	3did structural motif for Toprim	pattern	[LM]..S...Y
3DID_Troponin_LIG_7-0	3DID_Troponin_LIG_7-0	3did structural motif for Troponin	pattern	K..MQ..K
3DID_Trypsin_LIG_18-0	3DID_Trypsin_LIG_18-0	3did structural motif for Trypsin	pattern	T..IPP
3DID_Trypsin_LIG_19-0	3DID_Trypsin_LIG_19-0	3did structural motif for Trypsin	pattern	L.FQC.Q
3DID_Trypsin_LIG_2-0	3DID_Trypsin_LIG_2-0	3did structural motif for Trypsin	pattern	CG..[ST]
3DID_Trypsin_LIG_2-1	3DID_Trypsin_LIG_2-1	3did structural motif for Trypsin	pattern	C.PVCG
3DID_Trypsin_LIG_2-3	3DID_Trypsin_LIG_2-3	3did structural motif for Trypsin	pattern	CG.{1,2}P
3DID_Trypsin_LIG_2-4	3DID_Trypsin_LIG_2-4	3did structural motif for Trypsin	pattern	PVCG
3DID_Trypsin_LIG_20-0	3DID_Trypsin_LIG_20-0	3did structural motif for Trypsin	pattern	EPLYE
3DID_Trypsin_LIG_3-0	3DID_Trypsin_LIG_3-0	3did structural motif for Trypsin	pattern	DFL.E.G
3DID_Trypsin_LIG_5-1	3DID_Trypsin_LIG_5-1	3did structural motif for Trypsin	pattern	GGV
3DID_Trypsin_LIG_5-2	3DID_Trypsin_LIG_5-2	3did structural motif for Trypsin	pattern	S..PI.F
3DID_Trypsin_LIG_7-1	3DID_Trypsin_LIG_7-1	3did structural motif for Trypsin	pattern	PG.Y
3DID_Tudor_2_LIG_0-0	3DID_Tudor_2_LIG_0-0	3did structural motif for Tudor_2	pattern	VKKP.R
3DID_Tudor_2_LIG_0-1	3DID_Tudor_2_LIG_0-1	3did structural motif for Tudor_2	pattern	GV.KP.R
3DID_Tudor_2_LIG_0-20	3DID_Tudor_2_LIG_0-20	3did structural motif for Tudor_2	pattern	GGV.KP
3DID_Tudor_2_LIG_0-4	3DID_Tudor_2_LIG_0-4	3did structural motif for Tudor_2	pattern	KKP.R
3DID_Tudor_2_LIG_0-51	3DID_Tudor_2_LIG_0-51	3did structural motif for Tudor_2	pattern	K..[HR][KR]
3DID_Tyr-DNA_phospho_LIG_0-0	3DID_Tyr-DNA_phospho_LIG_0-0	3did structural motif for Tyr-DNA_phospho	pattern	KLNY
3DID_UCR_14kD_LIG_0-0	3DID_UCR_14kD_LIG_0-0	3did structural motif for UCR_14kD	pattern	K.RK..[FY]..P
3DID_UCR_14kD_LIG_0-1	3DID_UCR_14kD_LIG_0-1	3did structural motif for UCR_14kD	pattern	RK..[FY].PP
3DID_UCR_14kD_LIG_0-20	3DID_UCR_14kD_LIG_0-20	3did structural motif for UCR_14kD	pattern	[ST]RK..[FY].P
3DID_UCR_14kD_LIG_0-28	3DID_UCR_14kD_LIG_0-28	3did structural motif for UCR_14kD	pattern	RK[FL].[FY].P
3DID_UCR_14kD_LIG_0-29	3DID_UCR_14kD_LIG_0-29	3did structural motif for UCR_14kD	pattern	K[FL].[FY].PP
3DID_UCR_14kD_LIG_0-3	3DID_UCR_14kD_LIG_0-3	3did structural motif for UCR_14kD	pattern	K.RK..[FY].P
3DID_UCR_14kD_LIG_0-49	3DID_UCR_14kD_LIG_0-49	3did structural motif for UCR_14kD	pattern	RK[FL]
3DID_UCR_14kD_LIG_0-6	3DID_UCR_14kD_LIG_0-6	3did structural motif for UCR_14kD	pattern	[IL]K.RK..[FY]
3DID_UCR_14kD_LIG_0-7	3DID_UCR_14kD_LIG_0-7	3did structural motif for UCR_14kD	pattern	K.RK[FL]
3DID_UCR_14kD_LIG_0-9	3DID_UCR_14kD_LIG_0-9	3did structural motif for UCR_14kD	pattern	K.RK
3DID_UCR_UQCRX_QCR9_LIG_2-0	3DID_UCR_UQCRX_QCR9_LIG_2-0	3did structural motif for UCR_UQCRX_QCR9	pattern	Y..IR..M
3DID_UEV_LIG_0-0	3DID_UEV_LIG_0-0	3did structural motif for UEV	pattern	P[ST]AP
3DID_UEV_LIG_0-4	3DID_UEV_LIG_0-4	3did structural motif for UEV	pattern	[ST]AP
3DID_UPAR_LY6_LIG_4-0	3DID_UPAR_LY6_LIG_4-0	3did structural motif for UPAR_LY6	pattern	S.KYFS
3DID_UQ_con_LIG_3-0	3DID_UQ_con_LIG_3-0	3did structural motif for UQ_con	pattern	V..PR.FR
3DID_UQ_con_LIG_4-0	3DID_UQ_con_LIG_4-0	3did structural motif for UQ_con	pattern	Q..TGG
3DID_UQ_con_LIG_4-2	3DID_UQ_con_LIG_4-2	3did structural motif for UQ_con	pattern	Q..TG
3DID_USP7_ICP0_bdg_LIG_0-0	3DID_USP7_ICP0_bdg_LIG_0-0	3did structural motif for USP7_ICP0_bdg	pattern	R.CKTK
3DID_USP7_ICP0_bdg_LIG_0-1	3DID_USP7_ICP0_bdg_LIG_0-1	3did structural motif for USP7_ICP0_bdg	pattern	R..K.K
3DID_USP7_ICP0_bdg_LIG_0-2	3DID_USP7_ICP0_bdg_LIG_0-2	3did structural motif for USP7_ICP0_bdg	pattern	CKTK
3DID_USP7_ICP0_bdg_LIG_0-4	3DID_USP7_ICP0_bdg_LIG_0-4	3did structural motif for USP7_ICP0_bdg	pattern	R..KT
3DID_USP7_ICP0_bdg_LIG_0-9	3DID_USP7_ICP0_bdg_LIG_0-9	3did structural motif for USP7_ICP0_bdg	pattern	G.{0,2}K.K
3DID_USP7_ICP0_bdg_LIG_1-0	3DID_USP7_ICP0_bdg_LIG_1-0	3did structural motif for USP7_ICP0_bdg	pattern	R.R..K
3DID_USP7_ICP0_bdg_LIG_1-1	3DID_USP7_ICP0_bdg_LIG_1-1	3did structural motif for USP7_ICP0_bdg	pattern	RKR
3DID_USP7_ICP0_bdg_LIG_1-2	3DID_USP7_ICP0_bdg_LIG_1-2	3did structural motif for USP7_ICP0_bdg	pattern	KR..K
3DID_USP7_ICP0_bdg_LIG_1-3	3DID_USP7_ICP0_bdg_LIG_1-3	3did structural motif for USP7_ICP0_bdg	pattern	R..[HK].K
3DID_USP7_ICP0_bdg_LIG_2-0	3DID_USP7_ICP0_bdg_LIG_2-0	3did structural motif for USP7_ICP0_bdg	pattern	G.{0,1}RK.{0,2}R.{0,2}K
3DID_USP7_ICP0_bdg_LIG_2-1	3DID_USP7_ICP0_bdg_LIG_2-1	3did structural motif for USP7_ICP0_bdg	pattern	RK.{0,2}R.{0,2}K
3DID_USP7_ICP0_bdg_LIG_2-2	3DID_USP7_ICP0_bdg_LIG_2-2	3did structural motif for USP7_ICP0_bdg	pattern	K.{0,2}R.{0,2}KT
3DID_USP7_ICP0_bdg_LIG_2-4	3DID_USP7_ICP0_bdg_LIG_2-4	3did structural motif for USP7_ICP0_bdg	pattern	RK.{0,2}R
3DID_USP7_ICP0_bdg_LIG_2-5	3DID_USP7_ICP0_bdg_LIG_2-5	3did structural motif for USP7_ICP0_bdg	pattern	[KR][KR]..[KR]
3DID_Ufm1_LIG_0-0	3DID_Ufm1_LIG_0-0	3did structural motif for Ufm1	pattern	EWG.E.V
3DID_Ufm1_LIG_0-14	3DID_Ufm1_LIG_0-14	3did structural motif for Ufm1	pattern	WGIEL
3DID_Ufm1_LIG_0-2	3DID_Ufm1_LIG_0-2	3did structural motif for Ufm1	pattern	EWG.EL
3DID_Ufm1_LIG_0-22	3DID_Ufm1_LIG_0-22	3did structural motif for Ufm1	pattern	GIELV
3DID_Ufm1_LIG_0-33	3DID_Ufm1_LIG_0-33	3did structural motif for Ufm1	pattern	WGIE
3DID_Ufm1_LIG_0-34	3DID_Ufm1_LIG_0-34	3did structural motif for Ufm1	pattern	EWGI
3DID_Ufm1_LIG_0-4	3DID_Ufm1_LIG_0-4	3did structural motif for Ufm1	pattern	WG.ELV
3DID_Ufm1_LIG_0-7	3DID_Ufm1_LIG_0-7	3did structural motif for Ufm1	pattern	EWGIE
3DID_V-ATPase_G_LIG_0-0	3DID_V-ATPase_G_LIG_0-0	3did structural motif for V-ATPase_G	pattern	Q.F..K.R..Y
3DID_V-ATPase_G_LIG_0-2	3DID_V-ATPase_G_LIG_0-2	3did structural motif for V-ATPase_G	pattern	F..KPR..Y
3DID_V-ATPase_G_LIG_0-3	3DID_V-ATPase_G_LIG_0-3	3did structural motif for V-ATPase_G	pattern	Q.F..KPR
3DID_V-ATPase_G_LIG_0-9	3DID_V-ATPase_G_LIG_0-9	3did structural motif for V-ATPase_G	pattern	EQ.F..KP
3DID_V-SNARE_C_LIG_0-0	3DID_V-SNARE_C_LIG_0-0	3did structural motif for V-SNARE_C	pattern	L..L...F
3DID_V-SNARE_C_LIG_0-1	3DID_V-SNARE_C_LIG_0-1	3did structural motif for V-SNARE_C	pattern	L..L...V
3DID_V-set_LIG_108-0	3DID_V-set_LIG_108-0	3did structural motif for V-set	pattern	[FY]A..S..V.[FL]
3DID_V-set_LIG_108-1	3DID_V-set_LIG_108-1	3did structural motif for V-set	pattern	FPQ.S
3DID_V-set_LIG_109-0	3DID_V-set_LIG_109-0	3did structural motif for V-set	pattern	SPQL
3DID_V-set_LIG_109-1	3DID_V-set_LIG_109-1	3did structural motif for V-set	pattern	SW.IN
3DID_V-set_LIG_11-0	3DID_V-set_LIG_11-0	3did structural motif for V-set	pattern	AVG..AV
3DID_V-set_LIG_123-0	3DID_V-set_LIG_123-0	3did structural motif for V-set	pattern	IGI..V
3DID_V-set_LIG_13-0	3DID_V-set_LIG_13-0	3did structural motif for V-set	pattern	E..KM..K
3DID_V-set_LIG_135-0	3DID_V-set_LIG_135-0	3did structural motif for V-set	pattern	WGQG
3DID_V-set_LIG_135-1	3DID_V-set_LIG_135-1	3did structural motif for V-set	pattern	WG.G
3DID_V-set_LIG_136-0	3DID_V-set_LIG_136-0	3did structural motif for V-set	pattern	Y.TS.P
3DID_V-set_LIG_136-1	3DID_V-set_LIG_136-1	3did structural motif for V-set	pattern	LI.T
3DID_V-set_LIG_141-0	3DID_V-set_LIG_141-0	3did structural motif for V-set	pattern	KSI..G
3DID_V-set_LIG_151-0	3DID_V-set_LIG_151-0	3did structural motif for V-set	pattern	L..F...F
3DID_V-set_LIG_161-0	3DID_V-set_LIG_161-0	3did structural motif for V-set	pattern	[AG][FM]..WGQ
3DID_V-set_LIG_165-0	3DID_V-set_LIG_165-0	3did structural motif for V-set	pattern	MW..QV
3DID_V-set_LIG_21-0	3DID_V-set_LIG_21-0	3did structural motif for V-set	pattern	E..KM..K
3DID_V-set_LIG_23-0	3DID_V-set_LIG_23-0	3did structural motif for V-set	pattern	E..KM..K
3DID_V-set_LIG_29-0	3DID_V-set_LIG_29-0	3did structural motif for V-set	pattern	IGI..V
3DID_V-set_LIG_31-0	3DID_V-set_LIG_31-0	3did structural motif for V-set	pattern	E..KM..K
3DID_V-set_LIG_32-0	3DID_V-set_LIG_32-0	3did structural motif for V-set	pattern	DYY..S
3DID_V-set_LIG_33-0	3DID_V-set_LIG_33-0	3did structural motif for V-set	pattern	V.N.TRF
3DID_V-set_LIG_33-1	3DID_V-set_LIG_33-1	3did structural motif for V-set	pattern	PF..V.N.T
3DID_V-set_LIG_34-0	3DID_V-set_LIG_34-0	3did structural motif for V-set	pattern	[IL]..[LV][LV]..[IL]
3DID_V-set_LIG_34-1	3DID_V-set_LIG_34-1	3did structural motif for V-set	pattern	V...F..[AS]
3DID_V-set_LIG_34-2	3DID_V-set_LIG_34-2	3did structural motif for V-set	pattern	I..V...F
3DID_V-set_LIG_35-0	3DID_V-set_LIG_35-0	3did structural motif for V-set	pattern	G..AV..G
3DID_V-set_LIG_35-4	3DID_V-set_LIG_35-4	3did structural motif for V-set	pattern	L..F...F
3DID_V-set_LIG_42-0	3DID_V-set_LIG_42-0	3did structural motif for V-set	pattern	Y..V..L..GD
3DID_V-set_LIG_53-0	3DID_V-set_LIG_53-0	3did structural motif for V-set	pattern	PF..V.N.T
3DID_V-set_LIG_61-0	3DID_V-set_LIG_61-0	3did structural motif for V-set	pattern	LD..F
3DID_V-set_LIG_73-0	3DID_V-set_LIG_73-0	3did structural motif for V-set	pattern	G..AV..G
3DID_V-set_LIG_73-1	3DID_V-set_LIG_73-1	3did structural motif for V-set	pattern	I..V...F
3DID_V-set_LIG_75-0	3DID_V-set_LIG_75-0	3did structural motif for V-set	pattern	KRI.I.P
3DID_V-set_LIG_9-0	3DID_V-set_LIG_9-0	3did structural motif for V-set	pattern	E..KM..K
3DID_V-set_LIG_93-0	3DID_V-set_LIG_93-0	3did structural motif for V-set	pattern	RGLT
3DID_V-set_LIG_95-0	3DID_V-set_LIG_95-0	3did structural motif for V-set	pattern	C.[FY].LS
3DID_VHL_C_LIG_2-0	3DID_VHL_C_LIG_2-0	3did structural motif for VHL_C	pattern	PDVMK
3DID_VHL_C_LIG_2-1	3DID_VHL_C_LIG_2-1	3did structural motif for VHL_C	pattern	PPE..D.M
3DID_VHL_C_LIG_2-5	3DID_VHL_C_LIG_2-5	3did structural motif for VHL_C	pattern	SP.E.PD
3DID_VHL_LIG_2-0	3DID_VHL_LIG_2-0	3did structural motif for VHL	pattern	T.I.EFP
3DID_VHS_LIG_0-0	3DID_VHS_LIG_0-0	3did structural motif for VHS	pattern	D[DE]..[LM]
3DID_VHS_LIG_0-12	3DID_VHS_LIG_0-12	3did structural motif for VHS	pattern	[DE].LL
3DID_VHS_LIG_0-13	3DID_VHS_LIG_0-13	3did structural motif for VHS	pattern	DL..I
3DID_VHS_LIG_0-4	3DID_VHS_LIG_0-4	3did structural motif for VHS	pattern	D.{0,1}D.{1,2}L
3DID_VHS_LIG_0-6	3DID_VHS_LIG_0-6	3did structural motif for VHS	pattern	D.{0,1}D.{0,2}L
3DID_VHS_LIG_0-7	3DID_VHS_LIG_0-7	3did structural motif for VHS	pattern	[DE]D.L
3DID_VWA_2_LIG_2-0	3DID_VWA_2_LIG_2-0	3did structural motif for VWA_2	pattern	I..SE..R
3DID_VWA_LIG_0-0	3DID_VWA_LIG_0-0	3did structural motif for VWA	pattern	P.FP..R.P
3DID_VWA_LIG_0-2	3DID_VWA_LIG_0-2	3did structural motif for VWA	pattern	PP..P..RG
3DID_VWA_LIG_0-4	3DID_VWA_LIG_0-4	3did structural motif for VWA	pattern	G.P..R.PP
3DID_VWA_LIG_0-7	3DID_VWA_LIG_0-7	3did structural motif for VWA	pattern	PP..PG.R
3DID_VWA_LIG_0-9	3DID_VWA_LIG_0-9	3did structural motif for VWA	pattern	FPG.R.P
3DID_Vinculin_LIG_2-0	3DID_Vinculin_LIG_2-0	3did structural motif for Vinculin	pattern	A..T[AS]..V
3DID_Vinculin_LIG_2-1	3DID_Vinculin_LIG_2-1	3did structural motif for Vinculin	pattern	L..AK..A
3DID_Vinculin_LIG_2-2	3DID_Vinculin_LIG_2-2	3did structural motif for Vinculin	pattern	[LV]..A[LV]..L
3DID_Vinculin_LIG_2-3	3DID_Vinculin_LIG_2-3	3did structural motif for Vinculin	pattern	A...[LV]..[AS]
3DID_Vinculin_LIG_2-7	3DID_Vinculin_LIG_2-7	3did structural motif for Vinculin	pattern	[LV]..A...[AS]
3DID_Vinculin_LIG_2-9	3DID_Vinculin_LIG_2-9	3did structural motif for Vinculin	pattern	L...V..L
3DID_WD40_LIG_1-0	3DID_WD40_LIG_1-0	3did structural motif for WD40	pattern	Q..[FLV][KR]..W
3DID_WD40_LIG_12-0	3DID_WD40_LIG_12-0	3did structural motif for WD40	pattern	AR[AS]E
3DID_WD40_LIG_12-1	3DID_WD40_LIG_12-1	3did structural motif for WD40	pattern	A.{0,1}R.E
3DID_WD40_LIG_12-10	3DID_WD40_LIG_12-10	3did structural motif for WD40	pattern	[GS]..RS
3DID_WD40_LIG_12-13	3DID_WD40_LIG_12-13	3did structural motif for WD40	pattern	[GS]..R[AS]
3DID_WD40_LIG_12-4	3DID_WD40_LIG_12-4	3did structural motif for WD40	pattern	AR[ST]
3DID_WD40_LIG_12-7	3DID_WD40_LIG_12-7	3did structural motif for WD40	pattern	A.{0,2}R.{1,2}V
3DID_WD40_LIG_16-0	3DID_WD40_LIG_16-0	3did structural motif for WD40	pattern	K..[AG].K
3DID_WD40_LIG_17-0	3DID_WD40_LIG_17-0	3did structural motif for WD40	pattern	V..VL..Q
3DID_WD40_LIG_19-0	3DID_WD40_LIG_19-0	3did structural motif for WD40	pattern	[DE]..DV
3DID_WD40_LIG_19-1	3DID_WD40_LIG_19-1	3did structural motif for WD40	pattern	DV.[GS]
3DID_WD40_LIG_19-2	3DID_WD40_LIG_19-2	3did structural motif for WD40	pattern	[IV]DV
3DID_WD40_LIG_2-0	3DID_WD40_LIG_2-0	3did structural motif for WD40	pattern	[KR]..ARR
3DID_WD40_LIG_2-4	3DID_WD40_LIG_2-4	3did structural motif for WD40	pattern	[KR].A.R
3DID_WD40_LIG_2-6	3DID_WD40_LIG_2-6	3did structural motif for WD40	pattern	R.{0,1}A.{0,2}R
3DID_WD40_LIG_5-0	3DID_WD40_LIG_5-0	3did structural motif for WD40	pattern	AR[AS]E
3DID_WD40_LIG_5-2	3DID_WD40_LIG_5-2	3did structural motif for WD40	pattern	A.{0,2}R.{0,2}V
3DID_WD40_LIG_5-5	3DID_WD40_LIG_5-5	3did structural motif for WD40	pattern	A..E.[FHY]
3DID_WD40_LIG_6-0	3DID_WD40_LIG_6-0	3did structural motif for WD40	pattern	DV.[GS]
3DID_WD40_LIG_6-1	3DID_WD40_LIG_6-1	3did structural motif for WD40	pattern	[DE]..[DE][IV]
3DID_WD40_LIG_6-24	3DID_WD40_LIG_6-24	3did structural motif for WD40	pattern	P.P[DE]
3DID_WD40_LIG_6-39	3DID_WD40_LIG_6-39	3did structural motif for WD40	pattern	ED.L
3DID_WD40_LIG_6-42	3DID_WD40_LIG_6-42	3did structural motif for WD40	pattern	E.{0,1}R.K
3DID_WD40_LIG_6-6	3DID_WD40_LIG_6-6	3did structural motif for WD40	pattern	D[FV][LV]
3DID_WD40_LIG_6-8	3DID_WD40_LIG_6-8	3did structural motif for WD40	pattern	[IV]DV
3DID_WD40_LIG_7-0	3DID_WD40_LIG_7-0	3did structural motif for WD40	pattern	P.{0,1}S.{1,2}K
3DID_WD40_LIG_7-13	3DID_WD40_LIG_7-13	3did structural motif for WD40	pattern	PSV
3DID_WD40_LIG_7-7	3DID_WD40_LIG_7-7	3did structural motif for WD40	pattern	T.ISEQ
3DID_WD40_LIG_7-9	3DID_WD40_LIG_7-9	3did structural motif for WD40	pattern	TP..E.K
3DID_WD40_LIG_8-0	3DID_WD40_LIG_8-0	3did structural motif for WD40	pattern	E..[KR]K..Q
3DID_WD40_LIG_8-1	3DID_WD40_LIG_8-1	3did structural motif for WD40	pattern	[KR]..Q...K
3DID_WD40_LIG_8-15	3DID_WD40_LIG_8-15	3did structural motif for WD40	pattern	A..W...Q
3DID_WD40_LIG_8-2	3DID_WD40_LIG_8-2	3did structural motif for WD40	pattern	L..KR..[DE]
3DID_WD40_LIG_8-3	3DID_WD40_LIG_8-3	3did structural motif for WD40	pattern	R...K..F
3DID_WD40_LIG_8-7	3DID_WD40_LIG_8-7	3did structural motif for WD40	pattern	[KR]...L..[KR]
3DID_WD40_LIG_9-0	3DID_WD40_LIG_9-0	3did structural motif for WD40	pattern	P..KDY
3DID_WD40_LIG_9-1	3DID_WD40_LIG_9-1	3did structural motif for WD40	pattern	PS..D
3DID_WH1_LIG_0-0	3DID_WH1_LIG_0-0	3did structural motif for WH1	pattern	PPPP
3DID_WH1_LIG_1-0	3DID_WH1_LIG_1-0	3did structural motif for WH1	pattern	P.PP
3DID_WH1_LIG_2-0	3DID_WH1_LIG_2-0	3did structural motif for WH1	pattern	PPPP
3DID_WW_LIG_0-0	3DID_WW_LIG_0-0	3did structural motif for WW	pattern	P.{0,1}P.Y
3DID_WW_LIG_0-155	3DID_WW_LIG_0-155	3did structural motif for WW	pattern	P.Y.{0,2}P
3DID_WW_LIG_0-170	3DID_WW_LIG_0-170	3did structural motif for WW	pattern	[AGS]PP
3DID_WW_LIG_0-172	3DID_WW_LIG_0-172	3did structural motif for WW	pattern	PL.{0,1}P
3DID_WW_LIG_0-18	3DID_WW_LIG_0-18	3did structural motif for WW	pattern	P.{0,1}Y.{1,2}P.{0,1}P.Y
3DID_WW_LIG_0-2	3DID_WW_LIG_0-2	3did structural motif for WW	pattern	P.{0,1}PP
3DID_WW_LIG_0-35	3DID_WW_LIG_0-35	3did structural motif for WW	pattern	P.{0,2}PP
3DID_WW_LIG_1-0	3DID_WW_LIG_1-0	3did structural motif for WW	pattern	GPPP
3DID_WW_LIG_1-1	3DID_WW_LIG_1-1	3did structural motif for WW	pattern	PPP
3DID_WW_LIG_2-0	3DID_WW_LIG_2-0	3did structural motif for WW	pattern	PPP.{1,2}PP
3DID_WW_LIG_2-54	3DID_WW_LIG_2-54	3did structural motif for WW	pattern	PP.{0,1}P
3DID_WW_LIG_2-79	3DID_WW_LIG_2-79	3did structural motif for WW	pattern	P..PP.P
3DID_XMAP215_CLASP_TOG_LIG_0-0	3DID_XMAP215_CLASP_TOG_LIG_0-0	3did structural motif for XMAP215_CLASP_TOG	pattern	M..GE..E
3DID_XMAP215_CLASP_TOG_LIG_1-1	3DID_XMAP215_CLASP_TOG_LIG_1-1	3did structural motif for XMAP215_CLASP_TOG	pattern	E..F[ST]..R
3DID_XPC-binding_LIG_0-0	3DID_XPC-binding_LIG_0-0	3did structural motif for XPC-binding	pattern	[IL]...[GS]..[KR]
3DID_YBD_LIG_1-0	3DID_YBD_LIG_1-0	3did structural motif for YBD	pattern	P..F.KEP
3DID_YBD_LIG_1-21	3DID_YBD_LIG_1-21	3did structural motif for YBD	pattern	P.S[FW].K
3DID_YBD_LIG_1-34	3DID_YBD_LIG_1-34	3did structural motif for YBD	pattern	S[FW].K
3DID_YBD_LIG_1-4	3DID_YBD_LIG_1-4	3did structural motif for YBD	pattern	P.SF.KE
3DID_YEATS_LIG_0-0	3DID_YEATS_LIG_0-0	3did structural motif for YEATS	pattern	AR.S
3DID_YEATS_LIG_0-10	3DID_YEATS_LIG_0-10	3did structural motif for YEATS	pattern	A.{0,1}RK
3DID_YEATS_LIG_0-14	3DID_YEATS_LIG_0-14	3did structural motif for YEATS	pattern	QTA
3DID_YEATS_LIG_0-22	3DID_YEATS_LIG_0-22	3did structural motif for YEATS	pattern	[AG].K[AGS]
3DID_YEATS_LIG_0-29	3DID_YEATS_LIG_0-29	3did structural motif for YEATS	pattern	SAP
3DID_YEATS_LIG_0-36	3DID_YEATS_LIG_0-36	3did structural motif for YEATS	pattern	K.{0,2}A.{0,1}R
3DID_YEATS_LIG_0-6	3DID_YEATS_LIG_0-6	3did structural motif for YEATS	pattern	QT.R
3DID_Y_phosphatase_LIG_0-0	3DID_Y_phosphatase_LIG_0-0	3did structural motif for Y_phosphatase	pattern	[DE]Y[LMV]
3DID_Y_phosphatase_LIG_0-1	3DID_Y_phosphatase_LIG_0-1	3did structural motif for Y_phosphatase	pattern	[DE]YY[KR]
3DID_Y_phosphatase_LIG_0-10	3DID_Y_phosphatase_LIG_0-10	3did structural motif for Y_phosphatase	pattern	E.Y.{0,1}D
3DID_Y_phosphatase_LIG_0-17	3DID_Y_phosphatase_LIG_0-17	3did structural motif for Y_phosphatase	pattern	[AG][DE].Y
3DID_Y_phosphatase_LIG_0-18	3DID_Y_phosphatase_LIG_0-18	3did structural motif for Y_phosphatase	pattern	G..Y.{0,1}D
3DID_Y_phosphatase_LIG_0-6	3DID_Y_phosphatase_LIG_0-6	3did structural motif for Y_phosphatase	pattern	D.{0,1}E.{0,1}Y
3DID_Y_phosphatase_LIG_0-8	3DID_Y_phosphatase_LIG_0-8	3did structural motif for Y_phosphatase	pattern	E.{0,1}Y.{0,1}V
3DID_Ydr279_N_LIG_0-0	3DID_Ydr279_N_LIG_0-0	3did structural motif for Ydr279_N	pattern	F.E..LE..T
3DID_fn1_LIG_0-0	3DID_fn1_LIG_0-0	3did structural motif for fn1	pattern	T.S..V.F.E
3DID_fn1_LIG_2-0	3DID_fn1_LIG_2-0	3did structural motif for fn1	pattern	G..G..G.RG
3DID_ubiquitin_LIG_3-0	3DID_ubiquitin_LIG_3-0	3did structural motif for ubiquitin	pattern	E..KA..K
3DID_ubiquitin_LIG_7-0	3DID_ubiquitin_LIG_7-0	3did structural motif for ubiquitin	pattern	CT[FY]EN
3DID_zf-CW_LIG_0-0	3DID_zf-CW_LIG_0-0	3did structural motif for zf-CW	pattern	RTKQ
3DID_zf-UBP_LIG_0-0	3DID_zf-UBP_LIG_0-0	3did structural motif for zf-UBP	pattern	LRGG
