Gene,avg_log2FC
SDR16C5,5.33685856355434
REG1A,11.0471334809875
KYNU,7.88275907185254
HLA-DPA1,7.9729968506692
ALYREF,7.87945523809548
UBE2S,7.09659802015068
SLC40A1,6.18142858947039
SPINK4,4.79182429191385
ELOVL6,2.76312304499344
TYMP,4.1842351689421
PI3,7.27369403846083
LCN2,6.37536607952935
TNIP3,6.2344143228367
MROH6,5.96346861184353
DUOX2,6.8059442862865
DUOXA2,7.02672289940721
ZBTB24,2.26420694699123
REG4,7.94453234449926
INTS7,6.30836768483317
REG3A,5.94330197334018
ZBTB11,5.94330197334018
CXCL1,7.38712496437115
GIMAP7,6.60076304104078
SLC6A14,7.23626931377596
RIN1,6.62083950799287
KRT7,6.58727633382012
NR2F2,7.2527580644243
ZNF593,4.23893628091919
S100P,3.60147215679748
RBM14,7.18399498332231
MUC5B,3.7352352550096
MUC1,5.44897336588881
RNF145,2.02771482375955
HLA-DRA,3.47510999675786
TMOD3,3.49476616660331
LRG1,2.99074736464921
TIMP1,3.56018278509748
TC2N,2.77613010602721
PRAC1,2.48868914707521
MSMO1,2.03721820187436
RPUSD1,5.71178193105573
FAM76A,5.44104651262466
TRMT1L,5.62024638314345
ME1,6.4282911023008
ZNF720,5.96998520688274
PIP5K1C,5.62937893279157
MPV17L2,5.9061193676231
SULT1B1,2.13607097319407
IL1RN,5.06869164850992
E2F2,3.6446325612433
WLS,4.20841305239521
HIPK1,1.5703186986834
TMEM41A,4.68661324764195
XRCC4,3.51512716188429
PRRC1,2.89039894826315
HLA-DPB1,4.59910553894284
FAM84B,3.1454034952626
FAM35A,4.1575837038844
SLC41A2,4.39783580188306
TCF12,3.3358548270726
CDC25B,3.92068907601751
DUS1L,3.83385525103703
FAM84A,2.80034814080987
DHFR,4.06747793675873
C8orf59,4.43168065568661
GNPNAT1,3.81734646867338
API5,3.44524158680427
C4BPB,2.1849225106862
RABL3,3.15030225634082
GARS,2.86073594577499
FAM58A,1.78013130892953
CTNNBIP1,3.25073785751036
KIAA0226L,3.05798365522715
IGLL5,2.21472511314004
SPINK1,3.85990811153008
RAB32,1.62820959726127
MTHFD2L,2.69610434838043
EPHB2,5.60656784827654
L1TD1,6.36183129463342
EPHX4,5.63306298199514
C1orf162,5.60656784827654
HIST2H2AC,5.45337210048067
S100A9,6.05402877869639
DENND4B,5.69739867030623
PVRL4,5.60656784827654
XDH,6.07350595816965
PRKD3,6.12048652711167
BCL11A,5.45337210048067
REG1B,6.97697611492879
BOK,6.6711534693895
CAPN7,6.87485769091095
CPOX,6.56587561651755
RNF168,5.6720693111301
RASGEF1B,5.6720693111301
MAD2L1,6.69135007575379
GZMA,5.92197154110824
CCDC69,5.60656784827654
ZFP62,5.45337210048067
HIST1H2AM,5.45337210048067
LTB,6.5212524884265
PM20D2,6.12048652711167
PRKAR2B,5.63306298199514
BRAF,5.60656784827654
XPO7,6.01569024737603
PLEKHA2,5.6720693111301
ANXA1,7.2229947137514
TGFBR1,6.43481198193974
PBX3,6.8435396794161
CCNY,6.6711534693895
VCL,5.60656784827654
IDE,6.12048652711167
PDCD11,6.16735139486359
CYB5R2,5.45337210048067
SAA2,5.60656784827654
HIPK3,9.04540499891106
RP11-727F15.9,5.45337210048067
RP11-783K16.5,6.29344579967651
KCNE3,6.93093210431292
TULP3,6.1016374899747
TMTC3,6.39656787531887
UNC119B,5.82779783787124
HNRNPA1L2,6.29344579967651
RBM26,9.01953698645474
VCPKMT,5.63306298199514
PYGL,5.69739867030623
NIPA1,6.30996165280021
EDC3,5.82336512240883
RP11-752G15.6,5.60656784827654
TTC23,5.60656784827654
FBXL19-AS1,5.82779783787124
C16orf58,6.21884220386811
PEMT,5.63306298199514
ETV4,6.30996165280021
ARL17A,6.26202575187953
PNPO,6.12048652711167
PRKCA,5.82779783787124
BIRC5,6.7039022075522
SERPINB8,6.07350595816965
DSN1,6.1016374899747
ZNF738,6.26202575187953
PLEKHF1,5.45337210048067
DMKN,5.45337210048067
CD79A,5.60656784827654
CABIN1,6.63875365070644
MORC2-AS1,7.1261929256807
RUNX1,5.60656784827654
AP006748.1,6.21884220386811
RP11-689K5.3,5.63306298199514
HIBCH,1.7295730467229
PLA2G2A,4.29463236723751
OLFM4,2.99888237665243
DGKZ,4.78677143484175
BACE2,3.62547323408742
DTD1,3.36793046083227
SPINK5,2.47371677407726
METAP2,2.21722770466901
DTYMK,3.25306663435093
HGD,3.93621869962165
PDZK1IP1,3.20690593114451
LYAR,3.7384404729102
MUC4,2.59053468363645
MAP7,2.90327671676525
SLC35A2,3.04669967102853
IFITM1,2.12581277806829
FAT1,2.35464223971082
BPTF,2.20096957696452
BOLA3,2.47584535108972
TUBA4A,3.68531838976681
DYNC1LI2,3.63967970843723
CXCL3,5.31741866807526
GCN1L1,6.8170751745308
USP22,5.28698648469002
IFITM3,3.00245933969895
TAF13,4.59910447816673
ABCE1,4.95538818971396
ASRGL1,4.97468900608883
CRLF3,6.80245573428409
GNA13,4.01335126947002
APIP,3.00907267135543
TSTA3,2.27347453972621
UBXN11,2.30776441048437
MCFD2,3.3980592104363
MECOM,3.96052021802595
TMX4,1.51462886883932
AGL,4.08810340180683
DPH5,1.51847534658275
SDCCAG8,4.01933578733593
HNRNPU-AS1,3.6059122121962
PRKAA1,2.35973456079798
DCTN4,3.84008785204626
LTV1,2.66674983140695
C1GALT1,3.4717497579276
ZC3HC1,2.37349456227379
CDKN3,3.25611613753882
TBC1D2B,3.38419842021753
SPAG9,2.39667006770655
GATA6,2.87226423662461
PMEPA1,3.64529559531554
TMSB4Y,3.67983969742837
IQGAP1,3.19397399115013
TFRC,3.17276306140591
EPRS,1.94951064386248
SRD5A3,4.05892336574421
PPP2CB,1.97356541770764
DDX24,2.12050841430949
CCND2,4.14600432356232
MRPL40,1.53627527665578
CAB39,1.76452105293339
XPNPEP1,4.01120890148302
CKLF,3.40943798144847
JOSD2,2.0529710095999
UHMK1,3.36615200598495
ELMOD3,2.85119250049132
SLC25A46,2.73772409107318
ACBD3,2.20018442453275
LIN7C,2.25720385821682
ARL2BP,3.0454839781346
HNRNPL,2.19144719422235
GNAQ,2.98957574886352
TIMM10,2.04648256692206
LYZ,2.43826295768412
SERPINA1,3.86114428273875
NDUFAF2,3.4593424832607
PSMB4,2.98383980022905
GRPEL1,3.16694019543443
TMEM14A,2.55667333143308
XRN2,1.56226581077283
AGR3,2.08967153167249
SET,1.83901633982384
BUB3,2.56168944311873
TATDN1,2.28610439046293
PFDN4,2.03364128304472
RAB14,1.97032434823926
MRPS33,1.75541312534945
IFITM2,2.75389684665549
CHMP4A,1.78654724466687
CDYL,4.90838474027968
ID4,2.35704410057645
MPDU1,1.51974814656678
NUDT2,4.23168576332015
BMPR2,2.5446554696353
FERMT1,4.02195607206757
MPZL1,3.40501342027084
GALNT7,2.45551935087351
SSR1,2.46108639213744
TXNRD1,2.40388009691866
HLA-DQB1,4.02296973329131
MARCH7,2.3292283017676
LETM1,2.17169859604398
TTC39A,3.07072038361816
CCBL2,2.12610031881277
PPP1R12B,1.56344929791287
USP39,3.56086473087122
PTTG1,2.8788354515128
TSPYL1,3.77957941613316
OGDH,3.92329225390758
CREM,3.35966165774154
DCUN1D5,3.6543703333438
EFCAB11,3.24403842674623
LMAN1,3.46403115142733
TXNL4A,2.43717642809084
IGJ,-1.65392407521301
NSUN4,1.92522269718435
LRPPRC,3.61921957547319
MED7,2.79312487581175
HIST1H2BH,3.52347118399594
PTPRK,2.35778082809965
CUL1,3.61079408422703
LDHB,2.19370850307135
TMEM222,2.3523463180074
ITLN1,1.88453562268083
DNAJC10,1.98068334651212
ZBTB38,1.53943448726741
SKIL,1.40312710867907
IBTK,2.89444407585067
HIF1A,1.02047280610088
COPS3,1.5543866265125
HIP1,5.29180480650004
MKLN1,7.50119508064359
GTF2A1,6.122572610002
TRMU,5.75417611738013
SPIRE2,2.9559906490479
SOD3,2.62834019488444
MTHFD2,4.6691446111392
STK39,5.38634476062208
KLHL18,5.00129359419788
RNF123,5.3304177720941
CXCL2,4.96511272561864
CCNB1,5.10932941055427
EPB41L2,5.03148429994268
TULP4,4.58242575742447
UBE2D4,4.64668991697337
UBN2,4.85546137691725
WDR60,5.39370362047525
TAZ,4.99410067640082
UBR5,5.67572562312402
FAS,5.9154706665875
ACY3,5.54983759762869
SYTL2,4.70904128354769
C11orf1,4.51582223009886
PTPN21,4.84633318333402
KLF13,5.09170947205202
FAM214A,5.20452974659876
LINS,6.49032559662506
SPATA33,5.2034508944292
NUFIP2,4.5583161633289
MSI2,4.87930537302906
DHX35,5.24282580261552
NCOA3,4.76851040405672
TMEM238,5.36011532389368
ZNF787,5.25837920295533
CTTN,2.07986754951268
ACAT2,2.38265750824884
PIM3,1.60406693291718
RPL26L1,1.77540932673652
TMEM167A,2.15275766743186
DNAJC16,3.73506021643998
LINC01137,4.47190744594345
PPT1,1.96926921525776
DENND2D,4.73888178479348
ANP32E,4.1600818869932
GATAD2B,3.03874478236607
RRM2,3.73724900236035
WDR92,4.51784879986048
UGGT1,3.98401331744484
NR4A2,4.36445604740292
TTC30B,3.98630709929199
NBEAL2,3.84663447988409
CPEB2,3.76531610679541
CFI,3.82098603070073
C5orf22,3.51736343163668
BDP1,3.17970912579931
POLK,4.434867394899
TMEM173,3.94500698830988
GM2A,4.48489450155407
FGFR4,1.74583138695788
LINC01011,3.76531610679541
NUP153,3.02714832786186
B3GAT2,0.914717584480807
KATNA1,3.97161685261297
FOXK1,1.06212505805004
ZNRF2,2.24498647019066
DBF4,3.82502051528998
CASD1,4.26818383298023
TRIM24,3.84121835363356
ZC3HAV1,3.7129314724392
CASP2,4.64353982069413
MTM1,2.72579722189591
GSR,4.50913374348111
ALDH1B1,4.28358791960377
FAM122A,3.49043419470221
HIATL1,3.55667381286009
USP6NL,4.63634690289706
BMI1,3.86612722023507
MKI67,4.00330924057383
PRKCDBP,3.29169652018207
SAA1,3.98545402074176
CD44,3.61205368168075
PGM2L1,2.91915615892227
YAP1,3.40015126099839
MPZL2,3.54814259718564
C12orf4,2.8806594500408
SP1,4.2878212081925
PAN3,3.5030423446334
PHF11,2.26312027898607
KLF12,3.3426500680067
STRN3,3.22775838353324
PPP1R36,3.65860985641832
SNHG10,4.48315115510119
PARN,4.35005464848052
FANCA,3.83620155058886
DHX40,4.52844051391083
ELAC1,4.45122255724877
MEX3C,3.42750862330836
JAG1,4.1749040980992
RALGAPA2,4.24986493132117
AURKA,3.70913140535165
LMNB2,3.04859629687417
PEX11G,4.67003495441272
NF2,1.59222433391614
RBFOX2,4.57396975819427
PRR5,4.51765179519879
PRAC2,4.07094442723264
CANT1,2.93319985317468
RNF167,1.89753869942006
PARM1,2.34857301983454
NIFK,3.85689482450588
PPAPDC1B,5.02185529331954
DSP,1.35276064483355
STMN1,1.86087508308916
MTPN,3.1049461068209
SRSF3,2.29068856539671
CD68,4.25570740396524
CUL5,2.96972090642134
RPL39,2.43384711410341
DDX21,4.01125602018942
DARS,1.59965910134267
SATB2,1.00300432161211
SKAP2,2.91808717646953
MUC2,2.0348467328525
NUS1,2.23578889981322
MICALL2,1.18136958323325
PAPSS2,2.75954472875868
GLTP,1.99653670272098
AP5M1,2.75348639192842
MYEOV,2.50235568400181
LRRC41,2.29540751340695
CAPN15,2.36331171764777
GLRX,2.6719219895305
MICU2,2.68271966263866
NDUFA3,1.7657304232971
ITGAE,1.76166195375985
ELP2,1.8183587025876
FTH1,-2.82721624620709
LYPLA1,1.78644341160578
USP34,3.02809221131739
PDPK1,2.56902922215189
ESD,1.7148286049532
HNRNPH3,2.34215568676264
POLR2K,2.12272551403855
TOP1,1.7077029426321
CHP1,1.6642921943179
SI,3.28094413146352
SNX7,3.09556436686999
GSTP1,2.04885101071726
LPGAT1,3.91454691607946
AKR1B10,3.47776880302004
HECTD1,2.63881733290785
MICAL3,2.7212517687251
C7orf50,3.6157754915302
FAM3C,3.19286711578311
BTF3L4,3.68525440202158
CDC42SE2,1.87928679177369
USP48,2.15450287691053
AXDND1,2.78204941501209
GPN1,3.13857615508453
SLC39A14,2.98880860086475
CSTF3,2.24188412950286
CARKD,3.13748868188558
NSF,3.1861547982311
HOXB9,2.91076987814095
GATAD2A,2.91556456982327
CD74,2.79717855751988
KALRN,2.15423645210984
C4orf33,2.56247071423261
TRIM2,1.89616646092375
RSBN1L-AS1,3.25754204770729
HNRNPUL2,3.23448483224584
RASL11A,1.29325357537088
NARFL,2.29616701713758
ELAC2,2.86845915775668
LEPREL1,2.42793338183717
CETN3,1.95354964398642
HMGN5,2.25918671859251
UBE2W,0.691235017088244
NPDC1,1.88850970681499
NKIRAS2,2.77035717930761
AP2A1,2.52317194056869
LINC00998,2.37288531261456
SLC44A2,2.72971444986885
TSNAX,2.40701623684466
MCEE,1.37459230084493
CCDC58,1.65477362206844
ATP11B,1.23771474456033
HLA-DMA,1.81853389631195
SC5D,1.51906036992853
ATXN7L3B,1.1904399610402
DENR,0.863901201977054
KLC1,0.941440825897604
KIAA0101,2.29619535818773
DNAJC3,2.23445792079662
EML2,2.57350968521571
ERLEC1,2.51275394501009
GLO1,1.79516028248005
SYNCRIP,2.28238418634757
CTBS,2.42306527598151
FAM118B,2.55943417730185
MGST1,2.14673944271619
MT-ND4L,2.41019398914684
EPAS1,2.03637378448208
FAM129B,2.20511648908915
ALDH3A2,2.18786816319583
CNNM4,2.21311252104727
FCGBP,3.29580724880162
RNF187,5.0819395064009
ZBTB7A,1.77688599948213
FAM192A,1.4740988727247
MT1G,-4.45558967351968
DDX18,1.96738473175024
GLUD1,1.48419344425653
NT5C3A,2.73188457676405
PKP2,3.59562964033587
COTL1,1.03788260079251
PGD,1.59245609453424
DDAH1,0.863585695627624
MFSD1,1.35283214207899
DAZAP1,2.27765047513989
USMG5,2.11657022652332
TUSC2,1.43620041628561
LYRM2,2.38857850395476
TMEM50B,1.75531429684696
APEH,3.38945328013508
MAOA,1.69755913387628
MRPS9,0.966810579917982
HNRNPH1,2.84122496023077
B3GALT6,6.35630137393588
NOL9,4.9544869657266
NMNAT1,6.67292456640391
RP4-635E18.6,6.05592984383174
NPPA-AS1,5.28840173823563
TNFRSF1B,5.20233920930009
CD52,5.76913678672409
MAP3K6,6.35630137393588
CD164L2,6.05592984383174
ZMYM4,5.48280540096519
TFAP2E,4.9959066552575
CLSPN,4.9544869657266
CDC20,6.29703052654873
RP5-1024G6.8,6.05592984383174
CYB5RL,4.9959066552575
TMEM61,5.82693370030659
PCSK9,4.9544869657266
PRKAA2,4.9544869657266
DLEU2L,4.9544869657266
AK4,4.9959066552575
RP11-17E13.2,6.05592984383174
RP11-386I14.4,5.48280540096519
RWDD3,4.9959066552575
LAMTOR5-AS1,4.9544869657266
RP11-88H9.2,5.20233920930009
CD2,5.20233920930009
PHGDH,4.9544869657266
RP11-640M9.1,4.9959066552575
ACP6,8.96289455248606
ADAMTSL4,4.9959066552575
MSTO1,4.9959066552575
RP11-284F21.10,6.35630137393588
ETV3,4.9959066552575
FCER1G,5.76913678672409
SUCO,5.20233920930009
XPR1,4.9959066552575
MR1,5.28840173823563
RGS1,4.9544869657266
MFSD4,5.28840173823563
NEK2,5.4233257851055
SPATA17,4.9544869657266
RP11-285F7.2,5.28840173823563
IBA57,4.9959066552575
HIST3H2A,5.20233920930009
HEATR1,5.20233920930009
AC108488.4,5.28840173823563
GEN1,5.20233920930009
ASXL2,4.9959066552575
SPAST,4.9959066552575
ATL2,6.05592984383174
CHAC2,5.20233920930009
EHBP1,5.28840173823563
ETAA1,4.9544869657266
RAB11FIP5,5.82693370030659
GCFC2,5.20233920930009
RP11-342K6.1,5.20233920930009
LINC01106,5.20233920930009
STEAP3,5.4233257851055
AC068282.3,5.20233920930009
SAP130,6.05592984383174
ZEB2,5.82693370030659
RP11-546J1.1,4.9544869657266
WIPF1,5.82693370030659
SESTD1,5.28840173823563
COL5A2,5.20233920930009
FAM117B,5.82693370030659
LANCL1,4.9959066552575
ARMC9,6.35630137393588
SCLY,4.9959066552575
EDEM1,5.20233920930009
RAD18,4.9959066552575
OSBPL10-AS1,5.28840173823563
FBXL2,5.20233920930009
MLH1,6.35630137393588
ULK4,5.28840173823563
LIMD1,5.4233257851055
RP11-708J19.1,4.9544869657266
ARIH2OS,4.9544869657266
NAT6,4.9959066552575
RAD54L2,5.20233920930009
DNAH1,5.20233920930009
RFT1,4.9959066552575
RP11-884K10.7,5.20233920930009
FAM208A,5.28840173823563
EOGT,4.9959066552575
ZNF654,4.9544869657266
CRYBG3-ENSG00000080200,5.28840173823563
NXPE3,5.28840173823563
ALCAM,4.9544869657266
RP11-59E19.1,5.20233920930009
C3orf17,4.9959066552575
KIAA2018,5.28840173823563
ADPRH,5.20233920930009
EAF2,5.20233920930009
RP11-666A20.4,8.96289455248606
RP11-305K5.1,5.20233920930009
LEKR1,4.9544869657266
C3orf55,4.9959066552575
EIF5A2,6.83237988123556
PIK3CA,5.20233920930009
EPHB3,6.05592984383174
AC069513.4,4.9544869657266
GRK4,4.9959066552575
WFS1,5.48280540096519
RP11-365H22.2,4.9544869657266
PF4,6.05592984383174
SPP1,4.9959066552575
CCSER1,6.05592984383174
DAPP1,4.9959066552575
RP11-286E11.2,4.9544869657266
C4orf21,4.9544869657266
RAB33B,6.05592984383174
ZNF827,4.9544869657266
FHDC1,6.67292456640391
RAPGEF2,4.9544869657266
SAP30,5.4233257851055
LPCAT1,4.9959066552575
FAM105B,5.20233920930009
LMBRD2,5.20233920930009
SKP2,5.28840173823563
WDR70,5.20233920930009
FYB,5.88416659025374
CARD6,6.05592984383174
CTD-2366F13.1,6.67292456640391
PDE4D,5.28840173823563
IPO11,5.28840173823563
CTD-2033C11.1,4.9544869657266
GTF2H2,5.28840173823563
JMY,5.4233257851055
ZFYVE16,4.9959066552575
CKMT2-AS1,5.28840173823563
CTC-428H11.2,5.20233920930009
PPIP5K2,4.9959066552575
PCDHB14,5.28840173823563
STC2,4.9959066552575
TUBB2B,5.20233920930009
GCNT2,4.9544869657266
GMPR,4.9544869657266
ALDH5A1,5.28840173823563
KIAA0319,4.9959066552575
HIST1H3G,5.20233920930009
HIST1H2AG,5.4233257851055
HIST1H2AJ,5.20233920930009
ZKSCAN4,4.9959066552575
LST1,5.20233920930009
TBC1D22B,5.28840173823563
UNC5CL,4.9959066552575
MDFI,4.9959066552575
CUL7,5.28840173823563
SRF,4.9959066552575
CENPQ,4.9544869657266
C6orf141,5.28840173823563
GSTA1,5.88416659025374
GCLC,6.05592984383174
TTK,4.9544869657266
RP11-250B2.6,5.82693370030659
CEP57L1,4.9959066552575
GPR126,4.9959066552575
DAGLB,4.9544869657266
ZNF12,4.9959066552575
RP5-1159O4.2,5.28840173823563
SNX10,5.4233257851055
CPVL,4.9544869657266
PDE1C,4.9544869657266
RP11-379H18.1,5.28840173823563
MRPS24,4.9959066552575
RP11-313P13.5,8.96289455248606
TRIM74,8.96289455248606
GSAP,5.28840173823563
PHTF2,5.82693370030659
ADAM22,5.82693370030659
NPTX2,5.28840173823563
TRIM4,5.4233257851055
EPHB4,5.20233920930009
RP11-325F22.5,5.28840173823563
GPR37,4.9544869657266
CEP41,5.28840173823563
PRSS1,6.05592984383174
AC093673.5,5.28840173823563
ASMTL-AS1,5.20233920930009
MBTPS2,4.9959066552575
EFHC2,5.28840173823563
SUV39H1,8.9387119799991
CLCN5,4.9959066552575
RIBC1,4.9959066552575
PHF8,4.9544869657266
GNL3L,4.9544869657266
FAAH2,4.9959066552575
KIF4A,5.4233257851055
CYSLTR1,5.20233920930009
ITM2A,4.9544869657266
RPA4,5.20233920930009
MORC4,5.28840173823563
VSIG1,4.9544869657266
ACSL4,4.9544869657266
PLS3,5.48280540096519
XPNPEP2,5.82693370030659
ENOX2,5.28840173823563
MTMR1,4.9959066552575
KBTBD11,4.9544869657266
MCPH1,4.9959066552575
DEFA5,6.83237988123556
MFHAS1,4.9959066552575
PPP1R3B,6.35630137393588
SLC35G5,4.9544869657266
RBPMS,5.20233920930009
KAT6A,4.9959066552575
AC090186.1,4.9544869657266
RP11-110G21.1,4.9544869657266
XKR9,5.4233257851055
CASC9,4.9544869657266
RP11-48B3.4,5.82693370030659
SLC10A5,4.9544869657266
E2F5,4.9959066552575
OTUD6B,4.9544869657266
GRHL2,4.9959066552575
FZD6,4.9959066552575
LRP12,4.9544869657266
LRRC6,5.82693370030659
TG,4.9544869657266
SCXA,5.82693370030659
GS1-393G12.12,6.05592984383174
FAM27D1,6.35630137393588
AL591479.1,4.9959066552575
CEP78,5.20233920930009
KIF27,5.82693370030659
NTRK2,5.88416659025374
ROR2,4.9959066552575
IPPK,4.9544869657266
CCDC180,4.9544869657266
MSANTD3,5.28840173823563
KIF12,5.82693370030659
STOM,5.20233920930009
NR6A1,4.9959066552575
FPGS,4.9544869657266
CERCAM,4.9959066552575
DDX31,5.20233920930009
DNLZ,4.9959066552575
SNAPC4,5.20233920930009
NOTCH1,5.28840173823563
RNF208,5.82693370030659
PFKFB3,4.9544869657266
TRDMT1,5.20233920930009
PTPLA,4.9959066552575
RP11-499P20.2,5.20233920930009
APBB1IP,4.9544869657266
RP11-517P14.2,5.28840173823563
MARCH8,4.9959066552575
FAM21A,4.9544869657266
SPOCK2,5.20233920930009
AP3M1,4.9544869657266
SFTPA2,5.20233920930009
LINC00863,4.9959066552575
KIF20B,4.9544869657266
CYP2C18,4.9544869657266
CYP2C9,5.82693370030659
CCNJ,5.20233920930009
ENTPD7,5.28840173823563
SCD,5.4233257851055
ADAM12,5.28840173823563
TNNI2,5.20233920930009
AC090587.5,5.20233920930009
TEAD1,4.9544869657266
SAA4,5.20233920930009
QSER1,4.9959066552575
CKAP5,4.9544869657266
DDB2,4.9544869657266
TCN1,6.05592984383174
FEN1,4.9959066552575
RP11-727F15.12,4.9959066552575
SLC25A45,4.9544869657266
RP11-755F10.1,6.67292456640391
FAM86C1,4.9959066552575
LRTOMT,4.9544869657266
RP11-21L23.3,5.4233257851055
CD3E,5.28840173823563
TRIM29,5.20233920930009
ROBO3,4.9959066552575
ETS1,4.9959066552575
SENCR,5.20233920930009
C11orf45,4.9544869657266
NCAPD3,6.35630137393588
RP11-234B24.2,4.9544869657266
SPSB2,6.35630137393588
C1RL-AS1,5.28840173823563
FOXJ2,5.82693370030659
KLRG1,4.9959066552575
CLEC2B,4.9959066552575
RP11-277P12.20,4.9959066552575
RP11-392P7.6,4.9544869657266
ARNTL2,6.05592984383174
H3F3C,5.28840173823563
TROAP,4.9544869657266
RACGAP1,4.9544869657266
GPD1,6.35630137393588
DIP2B,4.9544869657266
SLC11A2,4.9959066552575
KRT1,4.9959066552575
SUOX,5.28840173823563
RP11-545N8.3,4.9544869657266
MBD6,5.28840173823563
LRIG3,5.20233920930009
PPM1H,4.9959066552575
PHLDA1,6.67292456640391
CSRP2,5.28840173823563
CCDC41,5.20233920930009
FGD6,4.9959066552575
CDK17,5.20233920930009
SART3,4.9959066552575
SELPLG,4.9959066552575
RBM19,6.35630137393588
ORAI1,4.9959066552575
MPHOSPH9,4.9959066552575
GTF2H3,5.20233920930009
PGAM5,5.28840173823563
ZNF268,5.48280540096519
SKA3,4.9959066552575
C1QTNF9B-AS1,4.9544869657266
BRCA2,4.9544869657266
SMAD9,5.28840173823563
SLC25A30-AS1,5.48280540096519
LCP1,4.9959066552575
UTP14C,5.20233920930009
RNF219,4.9959066552575
CHD8,5.82693370030659
RP11-298I3.4,5.28840173823563
LRRC16B,5.28840173823563
RP11-841O20.2,4.9959066552575
AKAP5,4.9544869657266
DPF3,4.9959066552575
FCF1,6.05592984383174
NEK9,5.4233257851055
SPATA7,4.9959066552575
SLC25A29,6.67292456640391
RP11-382B18.4,5.28840173823563
BUB1B,4.9544869657266
NUSAP1,5.4233257851055
RP11-519G16.3,4.9544869657266
RFX7,4.9544869657266
RORA,4.9959066552575
RP11-279F6.1,5.28840173823563
RP11-1007O24.3,4.9544869657266
ARNT2,5.28840173823563
KLHL25,4.9959066552575
DET1,5.20233920930009
CHSY1,5.82693370030659
SOX8,5.28840173823563
TPSAB1,5.20233920930009
SYNGR3,5.28840173823563
SLC9A3R2,5.20233920930009
RAB26,5.28840173823563
RP11-473M20.14,4.9544869657266
ZNF597,4.9959066552575
NAA60-ENSG00000122390,5.20233920930009
TMC7,5.20233920930009
CCP110,4.9544869657266
SULT1A4,4.9959066552575
FAM57B,6.05592984383174
RP11-146F11.1,5.4233257851055
TOX3,4.9959066552575
TK2,6.35630137393588
RP11-61A14.1,5.20233920930009
RP11-61A14.3,6.35630137393588
KIAA0895L,5.28840173823563
DHODH,4.9959066552575
AC009120.6,4.9544869657266
TAF1C,5.20233920930009
SLC7A5,4.9959066552575
CBFA2T3,4.9544869657266
FAM57A,6.35630137393588
HIC1,4.9544869657266
SRR,5.20233920930009
GSG2,6.05592984383174
PLD2,5.20233920930009
DHX33,4.9959066552575
SPAG5,4.9544869657266
RP11-192H23.6,8.96289455248606
DHRS13,4.9959066552575
PHF12,5.28840173823563
LRRC37B,5.28840173823563
CCL2,5.20233920930009
RAD51D,6.35630137393588
NLE1,4.9959066552575
CCL18,4.9959066552575
CDK12,4.9959066552575
DHX58,5.82693370030659
BRCA1,5.20233920930009
SP6,4.9544869657266
PPP1R9B,6.67292456640391
RP11-166P13.4,5.28840173823563
PRR11,4.9544869657266
TANC2,5.20233920930009
CD79B,4.9544869657266
ARSG,5.28840173823563
RP1-193H18.2,4.9544869657266
KCNJ2,4.9544869657266
UBE2O,4.9959066552575
RHBDF2,4.9544869657266
C1QTNF1,5.28840173823563
AATK,5.28840173823563
LPIN2,5.28840173823563
DLGAP1-AS2,5.20233920930009
SPIRE1,6.67292456640391
FAM210A,5.20233920930009
ESCO1,5.20233920930009
ASXL3,5.28840173823563
PSTPIP2,4.9959066552575
TCF4,5.20233920930009
ONECUT2,5.20233920930009
RP11-35G9.3,5.28840173823563
ATP9B,5.20233920930009
TGM3,5.20233920930009
PRNP,5.48280540096519
PLCB1,5.20233920930009
MACROD2,4.9544869657266
TPX2,5.4233257851055
ACTL10,6.35630137393588
NCOA6,4.9544869657266
TGM2,6.67292456640391
ACTR5,4.9959066552575
SLC17A9,4.9959066552575
CTD-3184A7.4,4.9959066552575
TLE6,5.28840173823563
TMIGD2,5.28840173823563
PDE4A,5.82693370030659
ZSWIM4,5.28840173823563
ASF1B,4.9544869657266
RAB3A,6.35630137393588
ZNF429,5.28840173823563
ANKRD27,4.9544869657266
ZNF30,4.9959066552575
C19orf55,5.28840173823563
TYROBP,6.05592984383174
MIA,5.28840173823563
EMP3,5.28840173823563
CA11,4.9959066552575
PLEKHA4,5.28840173823563
ZNF880,4.9959066552575
ZNF28,5.76913678672409
ZNF320,5.82693370030659
LAIR2,4.9959066552575
ZNF419,5.82693370030659
KB-226F1.1,4.9959066552575
CTA-445C9.15,4.9544869657266
MIAT,4.9959066552575
GATSL3,4.9544869657266
APOL1,6.05592984383174
APOBEC3F,5.20233920930009
EP300,5.82693370030659
BRD1,4.9544869657266
DENND6B,5.82693370030659
AP000692.10,6.05592984383174
CHAF1B,4.9544869657266
AP001412.1,4.9544869657266
SH3BGR,6.35630137393588
ZBTB21,5.82693370030659
PKNOX1,5.20233920930009
LINC00205,5.28840173823563
RP11-73M7.1,4.9959066552575
CA14,5.28840173823563
TSACC,4.9544869657266
DRC1,4.9544869657266
C2orf61,6.05592984383174
AC004009.3,4.9544869657266
XXyac-YM21GA2.4,5.28840173823563
RP11-285A1.1,4.9544869657266
EVPLL,5.20233920930009
RIPPLY3,4.9959066552575
RP11-458D21.6,4.9544869657266
ALPPL2,5.20233920930009
RP11-27N21.3,5.82693370030659
PARD3-AS1,5.20233920930009
KLK7,6.05592984383174
RP11-542G1.1,5.20233920930009
LINC00359,4.9959066552575
SRRM1,1.93204907830334
NAA10,0.59050066539089
RABL6,1.4934621827522
TOMM22,3.1413890107185
HSPBP1,0.830661973586489
EFHD2,1.86981380317309
SERPINB5,1.89859903840376
QSOX1,1.94334109761022
MZT2B,1.79381110682205
EPB41L4B,3.13790863988911
PPP1R14B,2.01524934548517
SRA1,1.24143060218086
TLK1,3.55549897719096
PITPNA-AS1,4.28937481429297
STIP1,4.19859724222074
MLEC,1.99008963903209
CETN2,1.484212919354
LBR,1.67531500706836
PARP9,2.84685620975732
TBL1XR1,1.74224761095145
CCDC6,2.96870035033404
DPCD,3.59917641400719
TAF10,1.14804541127966
CLSTN1,2.05817222535395
SNAPIN,1.21388209377644
ITGA6,1.76408113335164
PPP2R5C,2.00488936963915
TUFT1,3.04212566596508
ATF6,2.95830882695818
C1orf53,3.24400157640582
SSSCA1,2.7523402773308
GOLT1B,2.16944984406481
TDG,3.40751614333199
USF2,3.82746751177377
PTMS,1.83150595673348
ELP5,1.33271511125743
SEC61G,2.63769607906454
CSTF2,2.30360336054976
EEF1G,2.46061095904726
NGRN,2.8876022852784
DDX52,2.51182657060365
TPBG,1.96949029377402
NOL7,1.00145644138571
ARPC4,0.692307121525764
EIF3M,1.24109001903354
ANKRD22,4.76676520497475
RCOR1,6.66044128115797
PIGK,1.58348266273224
USP33,1.68765015352602
PRPS2,2.55562008695435
CTR9,2.56468563030699
ABHD2,2.65785908641897
NDUFS8,1.36052672040028
TSPAN8,2.09113735713057
HPRT1,1.0224815537803
MRPS12,1.44775850390006
ZMPSTE24,2.00139179795151
WAPAL,0.686792465834836
SESN2,2.47610374017528
COPS4,1.53349396158814
BCLAF1,1.33744699026698
GMFB,0.936676370320678
SPG7,2.1341338738516
AVL9,5.95327388254788
STEAP2,4.86789568136964
UBE2H,4.40879033999679
GABPA,4.4013560511257
UQCRB,1.7389803584981
PSMD1,1.90553525213318
SMIM4,1.86144075323717
C14orf142,0.965145241014263
LYSMD2,1.766628126494
PYCR1,2.32848374300726
PMAIP1,0.595876982550271
UBE2G2,2.47330177689104
CAPZA1,1.78271375533979
EXOSC3,0.889494299846882
C1orf174,2.06677681536593
KIF1B,4.46894401200625
PGM2,3.07166908224164
UBLCP1,6.6832189981711
PAK1IP1,1.65833876216292
AZGP1,3.87976210799998
CHRAC1,4.1149361801458
NFIB,3.46366602889929
MED17,4.44233414385488
PUS3,4.6388430648788
CKAP4,3.43216238738583
UNG,3.6587941953029
RNASEK,6.39896231199587
SEH1L,5.59850196414138
NPEPL1,3.88885986446962
FUZ,3.9361354316327
USP25,4.25229345418399
EIF3J,1.6432880727913
DNAJA2,2.59031954856731
FAM213B,0.453843257352015
ENSA,1.94836993593194
POLR2E,2.20830388626644
ZG16B,2.64108281954633
DNAJC11,3.7897961590072
SRBD1,2.57876930949098
PNPT1,3.24095176044519
PLEKHA3,3.92359919631616
SH3BP4,3.88386542727253
DTX3L,3.88791213813734
OSBPL11,3.03228388458976
POM121,4.02352031614514
PEX1,3.5778562624452
TBXAS1,3.57120749805928
KIAA1147,3.84424361469403
C7orf13,3.80887891837568
CTPS2,4.09054437005564
OGT,3.88948516177673
ZCCHC6,3.82243234509933
PDZD8,3.81703556981652
DEAF1,2.68762975343392
C1RL,3.38562797447503
ZDHHC20,4.12453324879629
JMJD8,3.04531508410999
RBL2,3.76114181921104
ANKFY1,3.45645892956751
CSE1L,2.986615045359
C19orf77,3.79472269960641
PHLDB3,3.52770429848169
KIAA1671,2.90812415931461
ZC3H7B,2.49619316152011
MCL1,1.2581589009715
CCT6A,1.93136283258756
RNF223,3.2659281720418
PUM1,3.3189759141566
RP1-39G22.7,1.49340033010312
FPGT,3.43544737320886
POLR3C,1.97361493771872
TARS2,1.81785966250262
FLAD1,2.57813025762739
KCTD3,3.20651183349668
FAM98A,3.42954114445771
SP140L,2.22552380539533
PVRL3,1.14841814247404
POGLUT1,2.03326929853115
SEC22A,2.86547129249107
TIPARP,1.42268266339025
B3GNT5,3.08003483243007
ATP13A3,3.10499145064912
C4orf29,2.4066855083631
CDC23,0.711776245450183
MZB1,0.299701781174275
ATAT1,1.91478127968213
PSORS1C1,3.27397623487453
GSTA4,3.33270399817204
ZNF451,1.20645937047374
MRAP2,0.744462061399883
TFB1M,2.8396977302077
FAM221A,2.72743102805285
AC009403.2,3.2753922369432
CASK,2.39353287224901
FAM199X,2.1268712713774
CXorf40A,2.74021573262698
PINX1,2.92099993599796
MTUS1,2.17494362296606
PCM1,1.01074494778855
UTP23,3.06830584664557
ERMP1,2.40137897133379
KIAA2026,3.7421704020832
TBC1D2,2.65848152421482
SGMS1,3.66031045649978
SRGN,0.909815374116381
NPM3,2.29409544551599
CD81,3.10623097182904
SETD8,2.19778931549238
MTMR6,1.40330304732378
RDH11,1.95064840612153
AL928768.3,1.70254174268192
TLN2,1.88730299837711
ESRP2,3.57342827009982
CENPN,2.71619346547086
EPN3,2.51007602650694
SOX9,3.32132861215476
SMAD7,1.96815513842249
RP11-800A18.4,1.64791822781856
TOMM34,2.68661604635596
ATF5,2.23789146520697
SLC5A1,3.41007125769041
ECI1,2.20282096371529
FABP2,3.18984856589362
C14orf2,2.37723490381497
DDX46,3.36651886507701
SUB1,2.18640542770598
PTP4A2,1.24584707213227
PRKACB,1.36483685194078
NPEPPS,1.87620186291497
SLC35B1,1.47443916930043
AP3D1,1.38351205843973
LSM6,1.04019657426058
COPB2,2.46074683014834
TSSC1,2.0577700253312
BRI3BP,0.43500681822144
HMOX2,1.88075240892709
TRMT10C,2.65740951923401
PTGES3,1.92501084281012
MRPL20,0.829608376023206
MYEOV2,2.36308487960171
SDF2L1,2.26033742362898
IL18,1.36989058024292
PLCB3,3.33707566848069
HEPH,1.45569881404025
MT-ND3,1.99484998370215
DDIT4,0.539955820693639
RARS,2.22998595214575
EBPL,2.46402168196967
STT3B,0.905016433875626
PAFAH1B2,1.54324990489857
ARCN1,1.99796615736994
MBD2,2.68738597253716
PSMA4,2.17983723654682
SREBF2,1.79268173344259
PSMD6,1.10164758665108
DHCR24,2.11049842471117
INPP1,2.91663778894943
AKT1S1,2.80671371504246
TMEM126A,0.815947852268411
HSPE1,2.39287426728789
GPX2,3.20844020865847
SRSF2,2.12766759612056
GLRX5,1.85353284678994
MLLT4,2.39043922437427
COPB1,2.02829365516012
ARF6,2.33491662430921
TSSC4,0.736864423510729
GALNT2,2.64564203513176
AKIP1,1.98375634578153
ARRB1,2.54099486620956
SKA2,2.13414372827866
PPA1,1.99618556619381
DBI,1.89759753228218
PRKAR2A,2.1486985061616
C6orf62,2.66392712840253
YWHAG,1.37616025160156
PPFIBP2,1.89280481050316
TBRG1,1.19175510775429
ARHGDIB,2.42438959574174
FAM60A,-0.116067656027914
LSMD1,2.70500684476095
NFYC,1.39245670907756
PAK2,1.08008700420599
UBL4A,2.32916099906533
PLEK2,2.55011936119658
PSMD2,1.1920529575996
SEC61A1,1.90123536701106
RBBP7,0.83710806173296
AMD1,1.46472291376168
FLYWCH2,1.64130725568299
AKIRIN2,2.11825959224787
INIP,1.46897887903855
TXN,2.03667895417732
EIF5B,0.768795672033572
MRPL2,1.18951283343811
MTX2,2.21521834005041
ADSS,0.514432130088066
C2orf72,0.68138326862076
GGH,1.94779209383593
LIMK2,1.26565416873653
NQO1,2.79344694954305
POLDIP2,1.03309283748736
MT2A,-3.1188598698738
GBP3,1.44792086236093
PSEN1,1.78908079608599
TRABD,1.70402121544976
IFI27L2,1.46067100098754
MAP3K13,0.398451285663361
GRB2,1.54418951066972
COX7C,1.18613050117456
COQ4,1.24047861380972
NET1,1.49591637944372
GSTT1,0.890332407847565
CDC42EP5,1.86611011181774
C1orf122,1.32689505014725
EIF4G1,1.74313165018152
SSB,1.25563412089625
GLUL,1.17889248216376
MINK1,1.62144784237418
RUVBL2,0.987708301919342
MRPL52,2.01451110748332
CD2AP,4.85734591625352
SVIP,1.55029602807927
ITGB1,0.726171350520844
IDH2,2.27903780753624
ASL,1.23416039414439
NDUFS6,1.85074715039739
HNRNPR,1.37712092466904
LYPD8,-3.70251577185904
C11orf73,1.46424734483211
ESRP1,1.65507331466113
GOSR1,4.77495234874475
S100A11,2.29756979121024
CASP1,1.70447849161665
ATOX1,0.618693814231186
ARF4,1.76942425489871
UBE2Z,2.75706393033078
GALNT10,4.43934940914845
AKR7A3,1.61805942766121
CHCHD1,1.45405326462201
MRPL46,1.22484266096418
SLC25A33,2.01477969202558
SUMF2,3.09222379548399
ZNF830,4.53812879936277
AP1B1,1.6158272278916
C1orf123,1.69627048737633
NENF,1.33189115136005
RSL24D1,2.40136696391306
TMEM147,1.0714963339518
HSP90B1,1.65268697118295
WTAP,1.49733195295427
NUTF2,1.72378340663984
EIF1AY,1.62115222602794
TROVE2,1.98899010899802
CIAO1,2.73217218018791
QDPR,2.75785953258366
SOS1,4.45439439270388
MAPK13,0.757748340563262
GSDMD,1.77181836807431
RNF149,1.45738352239062
C2orf82,1.312771355824
C1GALT1C1,1.77107286974316
POLR2G,1.61998527814649
MYCBP,2.95298030511743
MRPL35,2.36979553488981
AGPAT9,2.46361568371073
ESF1,1.99649586000698
MIER1,1.14386370184722
MRPS23,1.01491390659368
GPS1,1.3486666118962
APMAP,1.31863700973194
CTSC,1.29212312632163
COG2,2.77248294166706
SLC12A2,3.16048216072407
DCBLD1,3.24716133655263
SEC16A,2.63250844176524
ZMYM5,4.32694030963867
RAB27A,3.55405716374222
RCCD1,4.58011807948833
CECR5,6.34202751922395
SYPL1,0.997749418730506
MRPL21,1.86644678978928
PRDX4,3.23915001213784
TM9SF3,1.32683528186218
AGR2,2.23905000087553
BCL2L15,1.53420209468084
IVNS1ABP,2.18636810311398
VAMP5,2.4891361534208
USO1,0.689697465306354
RPS6KA3,2.18931459852367
EMC8,2.3495311515255
PWP2,1.81855704991757
CCT2,1.52549201687381
LZIC,3.76923362558512
RNF19B,2.9702305382931
GPSM2,3.20929532037412
ZNF281,3.11637477216426
AIDA,0.938042099887446
SCRN3,2.9136535302644
MINA,2.07006098157373
PILRB,1.86923223298671
FBXW2,3.39602676475953
ETV6,3.60225311289109
PUS7L,3.39381761958422
CDK4,3.50155474168593
INTS6,3.68355784631726
EFTUD1,3.04275874971023
LONP2,2.40138030682641
IMPACT,3.20838677484235
SUGP1,2.47674119163512
HOXB13,2.65568129936284
HIBADH,1.18038083416477
SRPK1,1.79637683320744
RMDN1,1.50482176831573
BCCIP,1.16858823185561
MMAB,2.34698846248636
UPF3A,0.827042101886164
SMEK1,1.67098975238747
ST3GAL4,0.579572060060782
HSP90AB1,1.30945842163074
DPM3,1.10778758562051
G3BP1,1.61194858255926
CDC42,1.21453705852731
RPP14,0.620880107812405
AFF4,0.722708515721751
MAGOHB,1.72292514180033
DYRK2,1.55630254394589
PWP1,2.05567271040172
CLPX,0.174172367035049
EPB41,2.40426408047242
DBT,2.64304857670532
SFT2D2,2.78317648680237
HAAO,2.78569164959784
TRIP12,1.90028974356613
SDAD1,2.61248801586468
SEC24B,2.52269325254143
FASTKD3,1.61131083392787
TRAPPC13,2.80717987851089
RAD50,2.34961524805382
C6orf106,3.16777829550587
CFTR,2.81168704275261
ERLIN2,1.08331997678106
APTX,2.76892145350359
ZMYND11,2.63821142853055
HK1,2.84498776125652
SLC35F2,1.86799026748833
R3HDM2,2.05538029798328
ZCCHC8,3.32745899242268
EFNB2,2.71387017947107
TTC5,2.74562968485086
VRK1,0.264798493424486
ATF7IP2,2.67376255436883
POLR2A,2.34171542432044
ASXL1,2.93155542857574
RBM12,2.88611105860543
DPP9,1.35186398585097
MARCH2,1.88026760381376
ASPSCR1,0.630865926770615
GPI,0.876512827845283
CAST,0.570238036763899
SEPT11,2.10694885452177
MRPL41,1.60816637408165
EPHA10,1.50864235559095
TRIM44,1.15268877772008
SRSF6,1.42920256410151
MRPS18B,2.04386406034566
FAM132A,1.18131611502621
ACAP3,2.06282726217245
YRDC,2.95576116484231
B4GALT3,2.64718431540447
UBE2T,3.24278989950979
GEMIN6,2.58909127560392
PPIL3,0.702099843277513
MLPH,1.58408547211093
KIAA1143,1.64718160404833
PTPLB,3.22059540926141
FAIM,1.1086223823108
TSC22D2,1.53622846069217
RP11-44F21.5,2.39645110582752
ANAPC10,1.86696505151322
DCP2,1.86978655263755
PGM3,1.29515383118239
VKORC1L1,1.96849048498009
CALU,1.39619251113671
TRAPPC2,1.33303342587867
TNFRSF10B,2.80217172647097
NSMAF,0.494407797647819
OXR1,1.41270148311849
ACO1,1.71703743039303
RABEPK,2.67579028435398
TOR1B,0.78137705051068
MLLT10,1.05003296146635
PPP3CB,2.91180636430997
SEC23IP,1.8544666979671
ALG8,1.49459572050418
STYK1,1.2417213973224
SPATS2,1.5465057836073
PIP4K2C,1.30792352353399
TBC1D15,2.18660291717841
FBXO21,0.583642680023897
AC084018.1,2.99415383489542
GJB2,2.14887280666723
PDS5B,1.45878770339624
RB1,1.72627283751517
STXBP6,1.46277408051567
RNF40,2.53815659126
TERF2,1.33608954296184
SNORA76,-0.358809432592246
RAB31,2.55597356186655
SNAPC2,1.8304432968042
MIR24-2,1.7494736479713
NUDT19,2.36297863777466
ERF,2.84174355629152
C21orf119,1.6216993013741
NRG4,0.777687986523341
CRELD2,2.66340931882598
ANXA5,1.45151921425067
SH3D19,1.80960980132825
FAM122B,1.43888450597047
RBM18,0.55122881937971
GAS6,0.420648232678813
DEGS2,1.12613058566619
KPNB1,1.58641817480005
CYB5B,0.664306967880858
PARK7,0.970016508296086
MED11,0.869410382119552
PPIB,1.6336110776113
ARL5A,1.67185759249271
MT1H,-7.17690455674577
MTCH2,1.31980374459499
CEACAM3,4.49523415048012
ACSS2,1.68385346395993
ERI3,4.41995636708849
DAP,1.08020539021523
DCTN2,1.16345654563837
BCL10,2.1684640341749
SDC1,1.87655991024771
NFKBIZ,1.50548331785979
SNRPA,1.64512456018631
MPC1,0.45892308466991
SFPQ,0.697969644732593
RPL22L1,1.13696731752221
ITM2C,-1.95302989728116
RAB40C,2.72883613371658
SAFB2,1.54361177802006
RING1,0.159623785595986
MYO1A,1.19114620643383
ATP5G1,1.64719896520394
SLC35D1,1.67761469790371
ANXA7,1.48721650047475
SUMF1,1.85518728400678
FAM211A,2.14155646934926
TXNDC9,1.18998825589618
UNC93B1,0.860947782062
APRT,1.80834619559673
ZC3H15,0.555188121630451
NUDT16,3.09392385824512
MT1M,-5.14242224100679
DERL2,1.25007792396806
TPGS2,1.59623783653971
DDA1,0.511566202450958
C5orf15,1.00122177601259
ARL1,1.23554451058332
MGST3,1.22528696587238
TFF1,1.69926846722458
SREBF1,2.40816605851176
PDIA4,1.30151925165979
RPL37,1.19043216996408
RPL35,1.22688477188539
SLPI,1.52604651294322
CA4,-2.31169671998161
PPP1R16A,0.766417172214315
CCT8,2.43452034625323
IGFBP2,1.65121408867511
LIMA1,0.911279127232817
ARV1,1.48593575695177
SOD1,1.61860515952289
TINAGL1,0.697804774033807
EFCAB4A,0.691781352098286
FBLIM1,2.54607627736308
TMEM248,1.32909758944013
ACTR10,1.49976784049431
YWHAZ,1.47075221976453
PCCB,1.53949533897222
TBC1D7,1.56417216821926
CENPW,1.81702387738118
IFT43,1.56630829854265
SOCS6,1.91176311353213
OTOP2,-3.88411827431483
RAB18,0.446631985722435
PSMA5,1.76820161522976
ALG13,0.801703903482538
GSPT1,0.140592563998761
STARD7,0.470390548618821
NSUN2,1.02004513814393
HIST1H4C,1.72260149566638
GMPR2,1.16456569293933
RNF213,1.90713707822355
ADRM1,1.73102274128229
GNL3,3.17443736557839
RCN1,1.35713151893105
MGST2,0.937126566089479
NHP2L1,0.860346159833923
SHARPIN,0.719984711288291
MRFAP1L1,1.50154042468717
DHX29,1.99911074433787
TUBA1C,1.29558556973298
CKMT1B,1.21166042828621
MRPL36,1.49905185364495
KRT19,1.29117163174445
CAP1,1.57573025618151
PSMC3,1.73617382101113
MFN1,1.64258165691824
RWDD4,1.58214836137778
MARK3,0.882775402587328
SPOP,0.8439822625399
CREG1,1.3148273963759
COX7B,1.63139840154004
OLA1,0.856407585080693
YWHAE,1.18553727570083
SRP9,1.28313650912682
NAA20,0.475256976548454
HDDC2,1.19044737698274
AGTRAP,1.49298874044642
TMEM69,0.170904346751631
PRKRA,0.845118310217712
C7orf55-LUC7L2,1.17961557370583
ATP8B1,1.303493183728
LSM3,1.36044593571714
TSPAN13,1.36212456115448
TIMM8B,1.60974356827926
ADPRHL2,1.31830737482184
NUCB2,1.87611571452032
ACVRL1,1.58690396776955
ERO1L,1.08958202897292
CDC34,1.28445259022477
POMP,1.4998644524636
RPS29,0.937731105378978
POLR3K,0.765274443075604
S100A6,0.814281128910193
TOMM20,1.19186556453768
FAM83H,4.50513942287514
PLEKHB2,1.3393358107104
ISOC2,0.887183314124614
MRPL3,2.1514232419968
ATP6V1B2,1.90300833518206
NME1,2.09035182937918
HEBP2,0.863415957532128
VCP,1.46441394416703
ABHD14B,0.794150442693305
IMPDH2,1.3400677151556
EIF3A,0.881473073462848
CRK,1.07903693755046
MT1E,-2.49665970862639
RP11-357H14.17,1.58241000828001
PDSS1,3.83757550088888
SRI,-2.36367612074925
ZFAND5,0.841068095866303
C12orf75,1.49676971126192
SNRNP25,2.05339994816451
MRPL13,1.40122450055398
GDE1,1.18829368582829
JUP,0.588761397149114
HGS,2.2284419472816
TPM4,1.27319064235629
LSM7,2.01032035204637
CALML4,0.172397564793265
PARP12,2.16161842936807
SNRPC,1.0893614282693
KIAA0907,5.14549127760812
ERAP1,3.36718716623981
SMPD2,4.74591267249331
COBL,3.42652273734402
PTAR1,3.82462149847978
EMC4,2.04206318726439
NGDN,3.52061426669884
HSPB1,-2.04489687558969
TCF7L2,0.39608664589317
LETMD1,0.898642591057825
TIMM50,0.823123261749879
MRPL37,1.25767824855654
DDX3X,1.79346790287042
SLC3A2,1.20156079086681
TMED7,0.59475362748429
AHCYL1,2.14664218157981
PDXK,1.50094517480873
REV1,3.29214437514214
NUP35,5.6934840247839
GYG1,2.67565714911408
ABCF3,3.3770860251836
FOXN3,3.52826782334431
NDUFAF1,5.7070302188804
TAF15,4.49306757251797
WDR83,3.15881876076698
RP4-601K24.1,2.03526555302728
SNHG8,2.29374408443509
NHP2,2.29914909640772
BZW1,2.00110100962376
SLC39A1,-0.142964053033475
STK16,1.45918916810637
TRUB2,3.66421126333474
FARSA,2.22389293335556
WDR61,0.63827035291375
ADH5,0.497101390557777
GPN2,2.81698617530113
COA7,2.64596646846678
STAT1,3.37764072541051
METAP1,2.80625991145383
GALNT11,2.40430882049789
RRS1,3.09702652813136
MYOF,2.87677040520839
GLB1L2,2.62547474692132
CD27-AS1,2.82495116638731
IPO5,2.92328897614844
SEC14L1,3.22259952229783
DNAJC5,2.82694929084955
PPIL2,3.0697802052651
C14orf166,0.803050396337959
ENDOD1,0.945968298523316
ANAPC5,1.75929148555071
CDK11B,1.2539072305875
RP11-345J4.5,1.42181843278363
UQCR10,1.19758884947144
UBE2N,0.859966889715146
WDR77,2.12612541394115
FAM63A,2.72823719793866
CRIM1,2.68641549859757
CASP8,2.38211259866338
FRK,2.08789464922075
PRKAG2,2.666599539119
UBE3C,2.67527809515858
ACOT9,2.61274580597722
GLA,2.30224867839103
DKC1,2.7772705938216
ALG2,2.50989961677112
PTRH1,2.82821007716372
GPN3,2.68734257075319
CGRRF1,2.48765541189115
COQ6,2.44361683643802
SNHG9,2.1940868699165
TIMM21,2.42078220528228
DOHH,3.07594051242762
SEC61B,1.26782656771318
ASS1,1.70867930559529
PPDPF,-1.46735264670549
EMC2,2.07139466773753
ATF1,1.45323663284448
R3HDM4,2.22525289658583
HNRNPU,2.48398335890644
RPSA,1.32532791725822
DLD,1.17062051082474
HSBP1,1.5753143532369
HM13,0.980982100870365
C7orf73,0.675477341737011
CFLAR,1.57530568008914
KIF9,1.70284440733815
PPID,1.18310971766838
ADAM9,1.69937083822315
TJP2,0.908416087788033
UBE2D1,1.55028717531758
CCAR1,1.60996697444331
WIPF2,1.77929780587802
SMAD2,1.30104858425384
PABPC4,2.45958729095771
RNPC3,2.22170720585727
FAM110C,1.62376966244298
WDFY1,1.59805693396952
GIGYF2,2.00509901802755
WDR41,2.22272889859275
POLR1C,2.02113025004975
SLC17A5,1.91471867503244
PTK2,0.328437673152292
SVIL,2.74646368083133
FFAR4,2.11378642222687
ZC3H13,1.7138966402897
DAAM1,0.60434670537758
NFATC2IP,1.65495927340767
YTHDF1,2.71410239344799
MED16,2.96604215740976
SGTA,0.547546288849478
NIPSNAP1,1.09726840342782
MRPL55,0.876287733323986
ZNHIT3,1.07100051483598
ARL6IP5,1.03192760469162
HK2,1.84087722704756
CTD-2228K2.5,1.70510327811037
METRNL,1.2626496774086
YIF1A,1.62256689445249
MRPS26,-0.202041173821572
LRRC47,1.78851173233875
PPP1R8,1.98859274839981
OMA1,1.75839188752029
PIGM,1.22333986075221
METTL13,1.11867198677232
DEGS1,0.635936013833679
SUPT7L,2.25516706987497
SLC4A1AP,0.992759701062925
EIF2AK2,1.62832858017246
LIMS1,1.00424808807841
FAM168B,0.903320523296292
TMEM129,1.27487562979856
ZFR,1.82762637450809
CCDC125,0.799490158447989
LYSMD3,1.58645176903991
AC005355.2,1.63754661845645
ZSCAN16-AS1,2.14875075937637
SLC35B2,1.80642227175554
CDC40,2.18953473673725
PSMG3-AS1,1.11961560458223
CCZ1,1.84785705155376
PRKRIP1,2.52911668306194
CCDC22,0.958671980921262
JPX,1.51140417505456
TMEM185A,1.40381603347724
SLC10A3,1.73197530962724
PHF20L1,1.20956236275092
KIAA1279,1.96686681395237
MINPP1,2.01397680860508
METTL10,-0.310732762418061
TMEM41B,1.78111826072672
TMEM218,0.887336019692744
USP5,1.70287700104223
TMPO,0.258955619751279
DIS3,2.03613017374599
CCNB1IP1,1.57613013283181
NUBPL,0.947809822005324
ATP5S,0.471065510024749
NAA30,1.84350219302138
SEL1L,0.590863286772458
CDC42BPB,0.768358111090009
TSR1,1.83840989923132
CWC25,0.335745684213057
CBX1,1.4276827898245
TRIM25,2.25205518395537
TBCD,0.889883363043243
SH3GL1,2.17709292369018
BCL2L12,1.99769324005421
RCAN1,2.3899380244375
WDR4,1.59059973429129
MCM3AP,2.29234786210433
PA2G4,0.866629825613932
OSTC,1.43979020505011
MRPL47,1.30452927514474
SLC25A39,1.16284837049464
ADAM15,1.83946183895244
SLC38A2,1.0406500233605
COPZ1,0.56440165069671
CCNI,1.48772042701406
C19orf53,1.35816517752533
SLC2A1,1.35148170292185
GBA,1.73635833417943
PHF14,1.17060112077984
RBBP6,1.70292564726676
RNF138,1.15360466674273
LAD1,1.57384921708328
EIF1AX,0.953675251624839
FAR2,1.08785543843733
PSMD4,1.11298712248898
MT1X,-3.83799504741431
IDH3B,1.55453313109022
VDAC1,1.15243101397675
PSMA3,1.28926567003497
EIF2B4,0.848316514506518
PFN2,0.617780109419409
PPP1R35,1.14794949439837
ATP2A2,0.51890515261772
RBM38,0.742134515309686
GEMIN7,0.608990799773072
NDUFA1,1.29242261351812
AIMP1,2.39318871516117
PSMB5,0.960474277466691
C1orf35,0.27043431465814
MORN2,1.01442621344271
SMEK2,0.399017513627562
PTCD3,0.899375407139573
PCID2,0.67280910865599
ATXN10,1.04040158322125
MRPL28,1.31758789578142
RWDD1,1.28764476825489
PHACTR4,1.1899609022404
CHD1,-0.402264185356405
SEC63,1.47625914127053
ARAF,0.50279166244413
LACTB2,0.231445349205487
ZNF24,0.947844325628821
METTL5,0.773033354269844
CKB,-3.04816163977825
SRSF11,0.910745505970444
MGAT4B,1.39543584170682
CLTC,1.02414256205504
NDUFA8,1.45658926987721
MAP2K3,1.05280080174995
IFT20,1.2066313532798
ANKRD10,2.85194366360219
CBR1,0.401953447572399
PPIG,0.306943446778758
MYH9,0.965247458491156
MT-CO2,1.18639565980829
UXT,1.04078209998215
TSPAN6,-0.312727079493129
ECSIT,2.03148667791474
DCTPP1,0.564392054375163
TSFM,1.72329395535437
YY1,1.03611640570721
PKP3,0.465871859427442
UBE2J1,0.463696308811621
STUB1,0.74727147918365
SON,2.4126177945714
ITGB1BP1,1.17687519616364
B3GNT2,2.0333916486139
ORMDL2,1.6120661644016
XBP1,1.28661805714384
NDUFB1,1.46046475860073
KTN1,1.52785625810675
LAMTOR5,1.06435641800582
HSPB11,2.10645267235076
CALM2,1.12112721036523
UAP1,0.482646183947217
SNX17,0.676046092010331
CLINT1,1.93832929882857
DNAJB12,1.74419817549539
PHKB,1.7789338849556
MFSD11,1.58241820769757
CCNK,3.63885342227458
SNRPA1,1.28160569002196
SPR,0.532984761097287
DNAJB11,1.21450310303006
CSDE1,2.1937012813414
RAB13,0.967544440200794
SEC62,2.18575829498332
CLN5,1.75194062239727
FABP1,-1.50283040640928
EIF2S2,1.103729781834
CPSF6,0.619336365285082
HNRNPM,1.03712669638981
ARHGAP44,5.46081478968795
TXN2,0.900404243672047
EIF4H,0.679687976451935
CD59,1.14745338348276
ORC4,1.26807290817434
ATP10B,0.810157455208027
HNRNPUL1,0.876171031075832
SNRPD2,1.15319006044794
PDCD6IP,0.745286615891033
KHDRBS1,2.09302323798172
BID,1.22410484464272
GBAS,0.567664314669362
RARRES3,1.73872885248531
SNRPG,1.83177843942196
FAM49B,1.25403726031349
HOXA10,1.45693770589056
C9orf142,1.11100461424198
RNF34,0.458786471051977
RPS21,1.18001668021364
CAPNS1,1.20509855406405
MRPS18C,1.11247844059919
SP110,3.77042812400672
NARS,0.78868277881913
PSMD3,2.31368663349458
S100A16,1.20895549430759
TSPO,1.42173242580994
SLC25A38,0.472437915339195
SH3RF1,1.05919019633701
MRRF,0.106435803483185
SMPD1,1.35869323796548
NOP56,0.673570533086162
TAPBP,1.08957575534295
SHMT2,2.83487208613675
AP1G1,3.70212109438091
GLMN,5.08042081991032
VSNL1,4.76246036365747
PELI1,4.3813006991812
LBX2-AS1,4.44434361204377
MAP4K4,5.08570889845226
ANAPC1,4.31818079285615
ITGB6,4.53346422013231
PARP3,4.75911750288977
RASA2,7.51536081350101
MBNL1-AS1,5.03717873636329
LSM11,8.05579351343163
MED20,5.20208086266626
MTFR2,4.26383238707205
NFE2L3,4.30693708369841
HOXA3,4.46205455129169
MRPS17-ENSG00000239789,4.37513801594873
SLC25A53,4.61201659164497
AMMECR1,4.69777440971379
RP11-498P14.3,4.32537371065321
ALDOB,4.41242489066985
METTL15,4.53176076826045
AP001258.4,4.29523817024566
INPPL1,4.85671275492711
MAML2,7.9350916643204
PPP2R1B,4.4957344367957
UTP20,4.31818079285615
PUS1,4.39388934788744
MCF2L,4.73801764722884
RP11-187E13.1,4.38302044811982
LRR1,5.7098965388215
UBR7,4.29523817024566
UBR1,4.70998666062546
HYPK,4.30693708369841
RP11-66B24.4,7.36571068143996
ABAT,4.52352662400501
SOCS1,4.33440973202775
CMTM4,5.02572514980955
ENO3,4.45521596703115
TP53,5.28525416684059
TRIM37,5.44920033488145
NECAB3,4.31818079285615
TGIF2,5.58400851332616
ZNF335,5.09290181624933
LONP1,5.3860804285564
ZNF415,7.80867404121644
USP18,4.40917396112859
MORC2,4.66824538025062
RNPEPL1,0.298997633646531
HCCS,1.01017623888712
LTBR,0.645582419075611
ISOC1,1.48463375922094
ACSL3,2.19743995853167
GMDS,1.06712034173687
COX14,1.0998911271884
HMGN1,1.39916055328572
ACOT7,0.788002161482255
WSB2,0.220311405394374
MED6,1.23961216663056
NDUFV2,1.12891324014138
IFT57,0.311787610613371
MRPS21,0.587423827291078
ARPC5L,0.681345070499438
AKR1C3,1.27326565239489
MYLK,2.03416372738472
FYTTD1,3.14399063177085
SMARCA5,5.17278291047726
NBN,2.95216557123863
KIAA1161,4.66505138903783
COX15,3.02559782708025
LINC00543,0.913821496475889
NPTN,2.77235529267137
AC009133.14,2.58242200620751
FKBP3,1.4557393396032
LIPH,-0.365339483947346
CHID1,0.159323312264698
EXOSC8,0.527563999631663
BFAR,0.106354188953032
MRPL45,0.514554532423057
LINC00657,0.518292851510716
MAD2L2,2.9193135415383
MIIP,3.3558178702706
EMC1,3.42506732949778
ZBTB40,2.47276174057302
C1QA,1.80501780503703
SEPN1,2.34261607973292
EYA3,4.16161905994231
AGO4,2.95742886725444
SH3D21,4.14612047913967
C1orf109,3.78757995506488
MYCL,3.86557091264884
RLF,2.64079010152061
COL9A2,3.40263926830716
FOXJ3,4.07240144800108
DPH2,4.04811869803047
RP4-758J24.5,3.55929673514506
ZZZ3,3.09707459712347
SSX2IP,3.29038144740799
HS2ST1,2.5762959645005
RBMXL1,2.08864089515828
F3,2.35072285628324
HENMT1,0.996582738985558
PPM1J,3.02170211157048
SNX27,2.52631215427071
ISG20L2,2.35230848528611
POU2F1,1.41813781830578
NME7,1.81774501390307
RAB7L1,3.8391821699238
RP11-443B7.1,0.872861147885129
AHCTF1,1.77632532437216
NOL10,3.02578775338887
E2F6,3.99228633957881
TRIB2,1.38529178086376
C2orf43,3.58960781671169
ATAD2B,1.49896116867815
KHK,2.10304018189823
CAD,4.08518364880686
PAPOLG,4.08880561620308
PNO1,3.31439818073969
AAK1,2.84188878060704
FAHD2B,3.05184390039383
CCDC74A,4.01444200072029
SPOPL,4.04738592667217
GTDC1,2.74352322740386
SLC25A12,2.08945359037115
AC093818.1,3.4291792091511
RP11-796E10.1,2.9193135415383
RBM45,3.17083950401136
ITGAV,3.01030640914857
C2orf69,0.667934123629066
TMEM237,2.36349564285602
DIS3L2,1.6866349940616
TIGD1,3.361983219233
USP40,3.83082203861191
PER2,1.93548845562789
TRAF3IP1,2.75412869284613
IQSEC1,2.50259459684639
NUP210,2.97332360773945
METTL6,1.76594628611694
OSBPL10,3.80026645445697
EXOG,3.88032454665051
KRBOX1-ENSG00000240747,3.40611908301237
ALS2CL,3.19880352879881
HYAL1,0.963248162143772
TMEM110,2.18359401340393
LINC00960,2.12927908809027
KIAA1524,3.03296874947905
LRRC58,2.05847092039292
ARMC8,2.03742190817444
ACPL2,2.58406795114991
RP11-141C7.4,3.05184390039383
FBXO45,3.39744612722761
LRCH3,2.82446632836486
LMLN,2.85441909289604
HS3ST1,4.04738592667217
PI4K2B,2.68685000056507
STIM2,2.79756340569359
LIMCH1,2.49414012811991
USP46,3.57112738066741
COX18,1.88376714389062
PPM1K,4.12985630493123
TRMT10A,3.17083950401136
C4orf32,2.66235849343604
CCNA2,1.64521530453069
PLK4,1.23472035666484
PET112,2.83567429281149
FBXW7,3.56659337925947
KLHL2,2.56773184380162
DDX60L,3.19904522385123
C5orf17,1.52857993278203
ITGA1,3.31439818073969
ITGA2,2.86201797886277
SMN2,2.47608909638206
ARRDC3,3.29186736096772
LINC01023,3.01474329727036
TCF7,3.85985135261107
SEC24A,2.54820194045672
SMAD5,3.63247230307701
SLC6A7,2.68464966479317
PWWP2A,3.42064867503671
HMMR,3.19995471342109
UIMC1,2.61579398835983
ZNF354A,2.3811359781364
ZKSCAN3,3.32725812381912
C2,2.34888122441222
DXO,2.77416439784421
KIFC1,2.94063524183969
PPIL1,3.3558178702706
RP11-98I9.4,3.3558178702706
RP3-467N11.1,3.75842595711332
RP5-1112D6.4,3.52340389924011
FAM26F,0.760139545040102
HSF2,2.15284027477236
SLC18B1,3.60034574455037
FAM120B,1.00096528478427
USP42,3.19904522385123
CCZ1B,2.76425396472105
HOTAIRM1,4.12985630493123
HOXA7,3.20877479987247
HOXA9,3.40340290876391
FKBP14,2.591130851651
BLVRA,3.98426602034711
TYW1,3.83746006028519
WBSCR16,3.86557091264884
CROT,4.12205371068323
MTERF,4.04738592667217
ZNF789,3.23940130352164
COG5,3.15762553432032
THAP5,2.91068857939382
NUP205,2.62501091293686
OR2A1-AS1,3.67599837779521
ZNF282,3.27809338472677
MNX1,3.17721508592429
KLHL15,4.22087455476288
PDK3,2.55744531608094
SRPX,3.26344020627921
SLC38A5,2.08864089515828
PRAF2,1.79056353469047
SPIN4,4.02568570987802
GDPD2,3.12941981448045
TAF9B,3.40340290876391
PRPS1,3.15762553432032
ZBTB33,3.14884725822679
MTMR9,3.3108637346852
PBK,2.54971116212009
RP11-51J9.5,3.10617741532149
FUT10,3.0207647730741
BRF2,3.75842595711332
HOOK3,3.21404633768513
SPAG1,4.23931118171768
FAM91A1,2.32954649152736
TRMT12,4.03287862767509
CTA-204B4.2,1.85748280734074
CASC7,3.56249927230207
RP11-809O17.1,2.7310334903745
OPLAH,2.34888122441222
LRRC14,3.26125596116467
SMARCA2,1.99240685421062
SLC1A1,4.1987188936214
JAK2,1.88376714389062
LINC00961,3.48824072293982
WDR31,3.45169673699004
AKNA,2.07870746697655
PSMD5,1.58797203040515
GAPVD1,2.17951269233687
MVB12B,3.02170211157048
HMCN2,3.90191196918128
FIBCD1,2.39002656744652
AK8,3.92352258922072
TSC1,3.35730309468049
INPP5E,3.68768786143504
AKR1C1,2.74665818263584
FAM171A1,3.68768786143504
KIAA1217,3.94598041560859
THNSL1,3.3141971945486
PTCHD3P1,4.08880561620308
CCDC7,3.361983219233
ZNF33B,3.40340290876391
SIRT1,3.29186736096772
BTAF1,2.96876087818655
NOC3L,3.80026645445697
TMEM180,3.31439818073969
NHLRC2,2.61134788642952
TRUB1,2.99938926932661
STK32C,3.14884725822679
PIDD,1.79877399570465
RP1-239B22.5,3.35402965889499
DNAJC24,2.77003788005483
SLC39A13,2.86279729952669
OSBP,1.92518683342153
CCDC86,2.99938926932661
AP003068.23,3.6098354628065
SSSCA1-AS1,3.64164585553248
PCNXL3,3.97302231118938
SLC29A2,3.23940130352164
PC,3.44780695699459
PTPRCAP,3.241374402952
TBX10,3.05184390039383
AP001372.2,2.8770939823424
VSTM5,3.4959608293254
SESN3,1.62186349653617
USP28,3.84168614398788
TAGLN,3.99145893814418
RAD51AP1,2.85061313466564
BHLHE41,2.42652724735449
HDAC7,3.41027704745913
ZNF740,3.90699060217975
ITGB7,3.3141971945486
RBMS2,3.2186347754552
CAND1,3.26643097204134
RP11-611E13.2,2.68464966479317
TMTC2,2.63511116271104
PARPBP,3.31521679126495
RASAL1,3.91562115664064
GATC,1.25989296714068
DYNLL1-AS1,3.6047639614457
CDK2AP1,3.2663305404561
hsa-mir-8072,3.44009218783052
SPATA13,3.50112503732312
RGCC,1.03569109216882
PIBF1,3.3141971945486
FARP1,3.65812929103263
TPP2,4.13418122696601
TEX30,2.3091906956738
RP11-66N24.4,3.84086799925058
DTD2,4.13418122696601
RP11-73E17.2,2.34046471841896
STYX,3.56741772928352
DLGAP5,3.44912124141847
TMEM260,4.13129200220481
RP6-65G23.3,2.86022692677974
DCAF4,3.80026645445697
ZC2HC1C,3.21575972506241
IRF2BPL,-0.467831594676078
ALKBH1,2.83567429281149
MOK,3.27000418932394
ZBTB42,2.58670640178773
C14orf80,1.70419723628318
HAUS2,3.40340290876391
CTDSPL2,1.89660762785564
SPATA5L1,3.97302231118938
MAPK6,3.21404633768513
FBXL22,3.31765554321074
ZNF609,3.1475971048524
LOXL1-AS1,2.03705140854924
RPS17L,2.32954649152736
WHAMM,4.08880561620308
AEN,3.28558155209991
ZNF774,3.25115100161985
PRC1,3.10617741532149
TARSL2,2.03705140854924
NPRL3,4.19948568515788
ZNF174,4.22087455476288
PAM16,3.3558178702706
CDR2,3.38607504848973
EARS2,3.15762553432032
EIF3C,3.8656968428262
ZNF48,2.97708416370495
ZNF646,3.51057371353982
MT3,2.40491533238693
GPR56,1.6088205231418
DDX28,4.22087455476288
RP11-252A24.7,3.45169673699004
IRF8,3.35228342421611
GALNS,1.53351423607216
C17orf49,2.90672716623861
CHD3,1.33683445488728
MAP2K4,3.54796111019416
PIGL,2.96511585645827
RASD1,1.58278520159079
NOS2,4.03996620004631
NLK,2.93470224413856
TLCD1,3.99145893814418
TAOK1,3.9508666500479
CPD,2.17665050662163
CCL5,3.2186347754552
THRA,3.90886972912582
LINC00910,3.50695322674154
ATXN7L3,3.53386948593012
RP5-882C2.2,3.75842595711332
RP11-6N17.6,2.91723622911082
HOXB-AS3,2.19994160186125
RP11-294J22.6,3.73446471344276
NAT9,3.91562115664064
EVPL,3.75842595711332
TMC8,4.234429953813
MIB1,0.667934123629066
DSG4,2.591130851651
SLC39A6,4.09299193805329
RP11-49I11.1,4.03287862767509
PIK3C3,3.42506732949778
LIPG,3.37727205805395
GPCPD1,3.56225042431319
FAM83D,3.99145893814418
UBE2C,3.99145893814418
SLC9A8,3.63247230307701
UBE2V1,2.77542774075841
FAM217B,3.51112985843332
LSM14B,3.92352258922072
SS18L1,1.63755750669107
MRGBP,0.901321396688991
SLC2A4RG,1.24101915309404
ARID3A,3.57112738066741
APBA3,2.29913095037576
TNFAIP8L1,2.95865591864173
DUS3L,4.19948568515788
SPC24,3.58960781671169
hsa-mir-1199,3.54796111019416
CTB-55O6.12,3.6098354628065
CYP4F3,2.34495203477547
MED26,2.98028242203957
COLGALT1,3.71882470646603
KIAA0355,2.13161938746412
GRAMD1A,2.86588601789577
ALKBH6,3.7579548315192
ZNF260,3.3558178702706
ZNF780B,3.92352258922072
AKT2,3.42506732949778
ZNF574,3.19904522385123
LIPE-AS1,3.00932717101983
ZC3H4,2.75559122571621
TMEM143,1.56498772436262
FAM83E,3.31874113568597
TEAD2,3.51057371353982
ZNF264,3.31956548571002
ZNF446,2.8472226555632
TRMT2A,1.88028126471723
LZTR1,1.28907782196368
AP000350.4,4.24819238009532
TFIP11,3.0839488933654
MTMR3,3.51428321561483
DUSP18,2.13713397027396
MICALL1,2.88211671296575
UPK3A,2.59843557753633
FLJ27365,4.07240144800108
TUBGCP6,3.48612448633959
RWDD2B,3.74328282304385
LSS,2.56773184380162
C21orf58,3.38575867290286
NOVA1-AS1,1.67258359124236
SHISA9,4.19118787026596
TTTY14,1.71687980453123
AF186192.1,3.64831295324872
AC009065.1,2.86807845359832
MAP2K2,1.02618626408972
GSTO1,1.09469452349497
RPS27L,1.353733201094
NOTCH2,1.21395494896596
PPM1G,0.44622867962095
CCDC25,1.1743872346472
MYO10,0.210270754746479
WDR55,0.867501562848141
TXNL1,0.500143829236399
CTC-228N24.3,2.75305910830197
TRIP6,2.78000596569748
ATG4A,2.37522063707597
YBX2,2.91332553473205
OGFOD3,1.11261125787139
RAC2,3.30733824845679
RPN1,1.16442942433262
PDIA3,1.26090735804058
GPT,1.97995942712261
TMEM165,1.44168441311918
GFPT1,1.92873004535638
TOMM40,1.95056617518449
BSG,-2.2843041890678
MANF,0.666905813778165
SMARCE1,0.632296170755664
AP006222.2,2.54727750408912
VAMP4,2.07655294317787
STAM2,1.70610481386293
MFSD6,2.22398125648129
UMPS,2.05429937929101
FAM134B,2.32164879209999
CCDC167,1.88539176463814
HSPA14,2.60787512782317
DAK,1.45934602765305
NIP7,2.49667826801115
SOCS3,1.5625158026569
TECR,1.56989074537225
EMG1,0.810702631993563
XRCC6BP1,0.993836957324292
P4HB,0.967741271373101
MRPL50,1.62075178938068
CALM3,1.35517871282543
HSD17B7,2.02235064476135
CDC73,2.34788373692885
DENND1B,2.35905518553763
FBXO11,2.7938680401819
ACYP2,2.82945512867155
GPD2,2.47494750272231
MKRN2,2.61567315278203
SEPSECS,2.37996293211045
KDM7A,1.74652144057487
EXOSC1,1.28089884554852
MBNL2,1.01532823877975
STK24,1.51382954377349
NUP50,2.1196457181439
LRRFIP1,0.428367807400711
SEPT2,0.726642687379559
RCHY1,2.48793012147405
AHI1,2.92033330806996
OSBPL8,3.36386605481518
DERL1,1.25239974612524
FAM120AOS,-0.463427485871507
MUC12,0.575979385634867
RP11-14N7.2,0.610652862910353
ALDH1A1,1.90551555319438
PAFAH2,1.17154889947469
FAM46C,1.17267660418453
SP3,2.03179687267861
HOTTIP,1.21344627645636
CCDC132,1.95806943390528
NDUFAF6,2.13469553642241
PITRM1,2.59169032157098
CCDC34,1.08266409009473
TSC2,1.61799380298779
MTMR4,1.90419438335902
ROCK1,1.49484063091538
FAM210B,0.490704049377412
MAFF,1.65080531881905
MT1F,-3.6965967876128
TXNDC17,0.908436629877868
PPIA,1.00557859049203
CCT3,1.95535049385379
CCPG1,0.969355561546453
PLRG1,1.85967892540851
C9orf152,1.10794275095788
SMPD3,1.096450582547
PAFAH1B1,0.701102481801652
STRAP,0.425249047375036
LEFTY1,1.2187876970448
SNHG12,1.27704512560557
ANKRD13C,1.09603134678519
NUAK2,1.56674857359443
RP11-452F19.3,0.904048169791127
TMEM177,2.08511635262373
EPB41L5,0.302061446621143
SSFA2,1.18437427269711
NCKAP1,2.03395754620941
CCDC14,1.30175487525253
DCK,0.881271623962312
SOWAHA,0.288006085709057
YAE1D1,0.677372463126885
DDX56,1.5100574235371
PSMD10,1.92984304475777
CTD-2336O2.1,1.08440141243297
TACC1,1.2822074309498
LAPTM4B,-0.342533908738553
RGP1,2.05954096109348
UCK1,1.27273068614146
H2AFY2,0.694006945940682
BAG3,1.97572105042979
GANAB,2.27216380667502
MARK2,0.336965755111502
NUDT8,1.52644148892597
UCP2,1.45020519669897
CS,1.13418369800361
TRAFD1,0.296239347774121
DLEU1,0.827470213222826
PTPLAD1,0.838958479922678
MESDC1,1.13539592667151
WDR73,1.31636782346521
AP2B1,2.04478681521097
ZADH2,0.57478206057058
ATP9A,-0.315308739407365
VAPB,0.796811447718313
MEF2BNB,0.524549774819478
TUG1,1.31519126516277
CCND3,0.721250216830135
AIFM2,0.710035640414471
MLF2,0.787607897980386
STX18,0.824822394423475
UACA,0.786526547990184
HDGF,1.90557792742066
LAMTOR1,1.47271173392787
UBE2J2,0.563427623889575
MRPS5,0.695909886922622
SEPT9,2.47692976315137
TCIRG1,0.203555615020768
TBCA,1.15552069918136
PNKD,0.429308555032974
ATRAID,0.21341636199683
RANBP1,0.899441982152913
HSPA5,1.28226201184782
MARCKS,1.15813512836548
RAP1B,1.70498886068965
GUCA2A,-3.97310731231835
C12orf44,0.967413515677824
KRTCAP3,0.514991976531496
MRPL12,0.87426474301443
SNRPE,1.41618920408656
RAB10,1.75016451681517
GALNT3,0.103928215924845
PTP4A1,2.09915581669359
AK1,1.34106773326191
MSRB1,-0.530399350140933
BAK1,0.825374493794308
MTDH,0.602786365994028
HP1BP3,0.575494922707628
HADH,-0.116594391336763
GNAS,0.665349825959865
MRPS14,0.42983998865025
TMEM261,0.543472842605748
SMIM15,1.62187499880953
SYNJ2BP,0.281132789019815
CRYZL1,0.535396237693878
TAF12,2.23113436021217
SPTLC2,1.83946642962495
ZBTB8OS,0.80311199123625
SNX4,0.770202396799904
ZFYVE21,1.03385328800703
CCT4,1.30068092331427
SSR4,0.863949706543615
CHCHD5,0.397670286423117
SFXN1,0.371887727764683
GTF2H5,0.307207233718753
TOX4,-0.205747601458639
MRPL16,0.72272310364334
SMAGP,1.1598120732516
GGNBP2,0.515318279295986
CKMT1A,0.89419516084304
STX12,1.92403138048569
TBRG4,2.05282482560786
ARL16,4.20943836570884
ANXA4,1.23938668586617
SCRN2,0.64763888171083
COX11,1.10973117115421
CD46,0.533146912285449
UBE2K,0.800565674268594
POLR2J,1.21217550771477
ZDHHC3,0.94455981750368
BET1,2.21521526366542
UBALD2,2.37841650311261
EPS8L1,1.08238749159126
CBX3,0.438152917085447
PYURF,0.598814609343868
CTNNB1,0.837909378193299
TNIP2,1.3863935898737
SNRNP40,4.41693643521546
CD58,2.72313955368198
GLRX2,1.02101175654747
RSF1,1.43976639395928
TVP23B,1.74504121604256
ARL14EP,3.08580751836291
SURF4,0.558931125019752
PSMC6,1.07867062840867
PSMD11,1.31996799191201
PGK1,1.59818541039061
FH,1.39529958968551
ZNRD1,1.66290564097784
CHCHD3,0.689642558819604
HSPD1,0.756671286000672
SNRNP70,0.970556347256206
RRP7A,0.672643427119464
ANG,1.25944998977633
SRPK2,3.56189220932636
ELOVL1,0.833522655564529
LRRC59,0.165510173514811
CDCP1,1.14174995300599
SGSM3,1.64259689311318
MRPS7,1.32911546042695
PRDX1,1.62701960455423
NIPSNAP3A,0.713906432100793
RPL24,1.28822388321855
TCERG1,4.41168236101047
CTNND1,0.577715006203644
SNRPF,1.36265251068344
SNRPD1,1.2053132598953
SLIRP,1.30293840458592
AIM1,1.09277727127502
CAAP1,0.852061220634873
DEDD2,1.10070835339769
CA7,-1.62544902135871
NDUFA7-ENSG00000267855,0.395413526056295
TIMM17A,0.402756191386414
SRSF1,1.55132891724392
CD320,0.678949002990772
FBL,1.94137379916739
SPTBN1,1.36369512213632
GLYCTK,1.38049774342398
UQCC2,0.882389630587518
MTIF2,3.96651520046124
RP2,2.2064312433824
OBFC1,3.0556796464071
NR2C1,2.56007060102723
HIP1R,2.63749941434463
CSK,2.80612059060618
GALNT1,3.05630390913932
UBE2M,1.94272766907072
RPL22,0.944636267513309
AURKAIP1,0.867768100534862
NDUFA9,0.829852876789266
EIF3E,1.09390710616213
CIRBP,1.14860318118066
PLEKHA1,1.01549073962192
DECR2,0.881531758693942
FAHD1,1.25288888496641
SNRPB2,1.40040500316942
TFF3,0.741992910746878
RPLP1,0.890785322662872
KLF10,1.10949624562768
ACTR3,0.910647006033384
LSM4,1.15095930068029
RP11-295G20.2,2.95758982956032
KRR1,1.40988219170547
FAM104A,2.40185495477959
LASP1,2.39809144794561
MYO5B,2.21418534591147
DENND2A,0.690186194898106
GS1-251I9.4,0.442963668329075
RAB5B,0.871254457795116
FAM204A,0.59764892627888
AP1S1,0.536080264036759
COA6,-0.127203478810084
PFDN6,1.56739188970041
MCTS1,0.372483655748144
ARL2,0.136520675358491
ATP5J2,1.01671662374472
NAB1,2.18930588908711
MIR4458HG,1.82150579035673
ZNF259,1.65541094446759
NOC4L,2.76382543096308
BAG5,2.07301301478874
TXNDC11,1.67797928075896
ATP2C2,2.5516673107657
C19orf66,1.83069691474891
TRAPPC10,2.46201126102251
APEX1,0.595284448020635
MEAF6,-0.116894518562169
FAM114A1,0.132948756647892
FRYL,0.260908301596279
DSTN,1.11403743968914
NDUFS5,0.970523816378066
MTCH1,0.953186430459607
RPS24,0.766203976695835
STRA13,1.4863319294448
TTC22,0.533406408901518
F11R,1.14460935400385
TRAPPC12,0.839648268441066
CAMKMT,1.09960426751483
AC106876.2,0.749728587250694
TRIM27,2.0431708020716
CHMP7,0.811334747787569
BSPRY,1.88672785146409
KLHL36,1.16823059782582
TMEM99,1.87457935041448
NME1-NME2,1.56601184338657
YES1,1.84550380907935
TBC1D22A,1.77658020815006
CCNC,0.280521111939944
TRA2B,0.353785445870516
XRCC5,0.32676163735874
ARL6IP1,1.7863039546182
MZT2A,1.9618324218463
TIMMDC1,0.796247252194082
PSMD14,0.691976115649068
CYC1,1.08170476043414
CEP104,1.18492616026864
TNFRSF25,1.39120564373285
HOOK1,1.54194509121764
MAP3K2,2.20494953157945
AGPS,1.1637712470458
EXOSC7,1.69731768880678
DCUN1D1,1.02131921994849
UGCG,1.64800038188871
FAM107B,1.39752820159144
SLC38A1,1.60882432031015
NAP1L1,0.634205408769583
PRMT5,2.01210834244104
PPP2R5E,2.14467317275896
PSMB6,1.14633575114215
ACTL6A,1.65694842060739
M6PR,1.60204582286507
SS18L2,0.423205937216907
TMUB2,0.399801313819682
CTSB,0.279443417521678
OCIAD1,0.433872663171899
MT-ATP6,1.27119518451233
TRAM1,1.18783959467372
MRPS10,0.5743927206032
RAB5C,1.3550015790578
NDUFB8-ENSG00000166136,0.846364375536522
CLPP,1.16514621895824
ISG20,0.379688459714142
EPHA2,1.22735367227746
DYNC1LI1,0.862307891907439
RAB28,1.86113579829491
CBR4,1.46097027800404
CLCN3,2.12869023129209
B4GALT7,1.57304826061144
UBE4A,0.853771059824412
RNASEH2B,0.39850404560681
IFI27L1,1.02806844781427
ZNF581,0.68067384641634
LGALS1,1.312605257773
TRAPPC1,1.31310676180683
NRARP,0.980943555489257
EDEM2,0.776153945287255
NDUFAB1,1.02432866571335
WBSCR22,1.29232375056982
IRF6,0.65766153497052
SPCS3,0.633239950793
NDUFA5,0.529169317390684
PGGT1B,3.37455946642006
RHOF,0.348276955490154
ARHGEF10L,0.309718569807725
RPA2,1.36102341253235
SNAP47,0.203673959767664
MBOAT2,-0.310589528900988
VRK2,1.29319831102003
CCNT2,0.542819042867319
CCDC51,1.07617707504432
SMC4,0.490661892113369
RP11-83A24.2,1.11998324136752
MRPS30,1.03696870758405
SH3RF2,1.27990008534338
BOD1,1.60546594401709
PRPF4B,0.267235906453339
MAP3K7,0.99372915982098
COA1,0.935481245121041
NAMPT,1.6536772604039
CREB3L2,0.866555792362821
ADCK5,0.673054808993962
SYK,1.17864220344941
PWWP2B,0.848657444221252
TTC9C,0.890099868482322
COG8,0.998355780948065
RABEP1,0.819006321358265
DLGAP4,0.948454423165487
MTG2,0.748261884574194
SWSAP1,0.174657974553631
NR2C2AP,1.13189751945003
ZNF468,0.410603942293061
PUF60,1.02418083409899
PON2,1.82830140857187
PSMB2,1.30463302822117
IDI1,0.781316278926017
ERH,1.10137920491492
PHLDA2,0.814303433758281
COX6A1P2,1.00400305901868
STX19,-0.120411658175623
HMGCS2,-4.29598300743462
C20orf24,0.944226666987931
MYO7B,1.21959144652824
FDPS,1.0570566119271
NDFIP1,0.306748231248832
SFT2D1,1.52171048491163
ARL6IP4,1.09498454798814
LINC00493,1.02009356162793
RBM25,0.323061024411286
DNPH1,1.31950668252311
CHURC1,0.675809092485983
UBA52,0.749434788758047
RABGAP1L,1.57784197531669
ASPH,1.0303565786499
ASCC2,0.895783598230998
COX16,1.216687500632
VPS26A,0.101726437400705
RPL21,0.789236863182509
MYO1C,1.00720007589718
IK,0.366901834701638
ATP5O,1.23256589481544
CEBPG,0.875095716377204
TOMM5,2.61062502627974
SRSF7,0.376229835964506
MGMT,2.76677532841935
LSM2,0.382021122459227
SRP19,0.820180986657517
RHOA,1.1643238978441
PPP1CB,0.542611673832585
ERP29,1.16834372079508
NPLOC4,2.52166354844001
NFU1,0.358996548260983
DHX15,0.356383574188576
C6orf132,0.832959079789141
CAPN5,0.989951117859873
TMEM123,0.364987822408466
RRBP1,1.59812254259362
MESDC2,2.79008946341282
CCL28,1.10552654781877
RPL36,0.647027154595955
DNAJA1,0.38368565052998
TM9SF2,0.63015724866194
NAPRT1,0.939144789164685
SLC25A24,0.878702313722501
HNRNPDL,0.679595616210486
NT5DC1,0.358434490456453
TNFRSF12A,0.78714686763831
EIF4G2,1.06454478105721
C9orf16,0.82216162775996
NUDT14,0.489745608003012
LSM5,1.95241194393994
PGPEP1,2.26424283260877
CEBPD,-0.37109463031724
EIF4E,1.24175454120504
RPL23,1.05733342885229
POLR2L,1.12315889223525
CSNK1A1,3.48934104852346
CCT7,0.420137467518672
ARHGEF12,2.67051040069738
LSM1,0.920364610228437
SUMO1,0.927809410767311
RTCA,-0.123429212193185
PLSCR4,1.26827648320172
PDHB,1.02682904939284
MRPL54,0.796194505945003
CDK2AP2,0.369944034949008
ASF1A,3.57499302730819
SLC25A37,1.35292662193305
BET1L,1.23864737335905
PLEKHA5,4.57920681710265
TOB2,3.19107554540803
CRIPT,-0.416158826212189
MRPL1,0.902759906502231
GTF2F2,0.143050454083275
EMC10,1.25541181116501
TAP1,0.356015940391283
GTPBP6,1.22918767244709
RPLP2,0.676668574585952
PIGR,0.273431338781283
TMEM98,2.14807747198582
EXD3,2.00884162212497
COX20,0.409748935824287
COASY,-0.122698874020476
NAA38,0.518891702859042
SMU1,3.14665850459526
SMARCA4,1.44153335439386
GUCA2B,-7.56841507627999
GALM,1.71219595132839
NGLY1,0.97673908107259
CDKN2B,0.374560428135054
RTCB,0.657958537368261
FGD5-AS1,1.22514081354792
EID1,0.982299494685891
SEC31A,2.38838519503286
FKBP11,1.62500226263447
B3GALT5,2.25245686607007
KRCC1,0.798229283496796
SRSF9,0.410561444355261
PHB,1.54763399539067
UBB,-1.03856081979631
TKT,1.64859822226628
MAGED2,0.59765205738662
PEX2,1.40315786497885
NCL,0.342330033005171
IER3IP1-ENSG00000134049,0.477463781152673
SEC11C,0.981340270580249
CD55,1.38108728000682
MUTYH,1.83044123489812
SEPT10,1.4499481788626
SLAIN2,1.86479628505845
DNAJC21,1.33842531877067
TMLHE,1.24439363236509
ZDHHC16,1.51558440891534
YEATS4,1.77886601473048
NF1,1.50689212085039
RPL37A,0.758776518445015
ENY2,1.34294293088666
RPS20,0.837796902753368
TMEM125,0.947560958408676
PHAX,0.60328864752588
ZFAND3,0.748051465317874
TES,0.51275928356987
C14orf119,0.341776409209231
TMBIM4-ENSG00000155957,1.29922116200663
CEBPZ,1.79011698595364
SLC22A5,0.913363028784272
FTSJ2,1.47094044122056
ARMC1,1.69411532914144
GOLGA3,0.987371573780282
ABHD17C,0.468380507557838
KIF16B,1.41549026568846
TSTD1,0.478216777734013
LPCAT3,0.629607368689432
PIGP,0.967615492923683
SDCBP2,-1.7102972265311
MRPL33,1.02536862065352
UBE2E3,0.500056926007922
ECHS1,1.04247259131042
SSNA1,1.25082640178099
TOMM7,0.712652929638213
KCMF1,1.25303974690455
EIF4E2,0.491939192824293
SLC26A3,0.626051438112819
HINT2,0.323337953019702
PKM,1.3107999867626
TMEM50A,0.799530047910463
TFDP2,0.370509458477201
JMJD1C,1.48560526316887
MICU1,1.00170366307807
ZDHHC24,1.15175631624344
SLC25A10-ENSG00000183048,1.44841458752033
FAM207A,1.10057815418679
RAC1,0.902511464783268
NDUFS2,0.460868862439065
PRPF8,1.5662090821427
SAE1,0.438707914602015
SPCS1,0.661340218269821
RPA3,2.0893769316308
SOD2,0.349542757830464
ZC3H12A,0.585255712874994
SORT1,0.995036894739387
BRE,0.3022656167408
FOSL2,0.668651829525752
TMF1,0.397683001387145
NCK1,0.683418072404658
INTS12,1.02062915819082
THG1L,0.267705891490665
TBPL1,1.28113381760962
CAPRIN1,1.32485728633652
PPP6R3,-0.133877896196035
PCF11,0.332021131408307
DDX54,0.123374358284056
VSIG10,0.304242956646864
MPI,1.36337256604357
HSD17B4,0.938366655669436
PSMA2-ENSG00000106588,1.00478562184036
MRP63,0.452944710693914
KDELR2,0.658229065568882
LEPROTL1,0.773489423866911
GPX1,1.41520797076794
MMADHC,0.414215114099931
TAF9,0.643692290847945
TPRKB,2.11631502259329
NPM1,0.705114016911686
RP3-395M20.12,0.59370139622121
HIST2H2AA3,0.983343091551221
PARP1,0.594540686826125
ASNSD1,-0.327917611844153
FARSB,1.34550523293833
ISY1,0.231193623656661
RP11-294O2.2,0.791579252819547
SIL1,1.7228785290107
NOP16,0.991914932728454
DTNBP1,0.839478786516708
NUB1,0.147936764351669
C8orf33,-0.520412269087167
CACFD1,0.228645053550281
TIMM23,1.38769082505347
BTBD10,1.0236139199326
MRPL49,0.532864590388616
ERGIC2,-0.17822189857988
C12orf45,0.414392049086982
ANKLE2,-0.152799375054265
HSPH1,0.338943195150745
EMC9,1.22915227324927
MAP4K5,0.202240701409793
C16orf91,0.440279661292363
MVD,1.01105858767602
AFMID,0.863405078660843
HDHD2,-0.188954340026704
ITCH,0.64462640892434
ATP5SL,0.594137099366518
FOXA3,1.71396882285176
C21orf2,0.302570863006059
SMIM7,0.523266327609389
COMMD7,0.13278221934831
AK2,1.50484044371946
PTTG1IP,0.442854323623635
PSME2,1.31632509230511
GDI2,0.670916167151241
SRP72,0.950472903354035
SNRNP35,3.12886335412724
RPL36AL,0.858875597412224
TMEM134,0.959996285193935
BABAM1,0.14247959088942
FUCA2,0.254212443850743
CTBP2,0.23991473781587
YBX3,0.599693858421143
NIPA2,1.00875333140048
PSMD7,0.453351911965387
PDHA1,0.751535776615523
ABI1,1.04572422173219
MRPL11,0.781052931973732
TSR3,0.536666394257256
ABCF1,1.93459631905546
RP11-465B22.8,4.92975905141421
ABCC5,4.62851323669842
GMDS-AS1,4.38473567097427
PDSS2,4.3881085295611
REPS1,3.62040124766007
DOCK4,3.93199343606293
IARS,3.99400748994957
FBXW4,4.85325080976596
DENND5B,5.33229489075302
MARS,4.45616356204435
METTL1,6.02085285036419
XPOT,5.76156430721985
GPALPP1,3.91485996444094
VPS18,4.2866396747908
NARG2,5.06693400347537
XPO6,3.89067666885737
RHOT1,3.90048335821568
POLR3F,3.94884208855039
IRGQ,5.43105152152057
SELM,4.33148973513264
GAPDH,0.695503189940724
ATP5I,0.911585237103339
TTC1,0.462711312730168
LGALS9,1.20907905831848
NTPCR,0.759115289593196
CCL20,-0.454151514849607
H1FX,0.408598876588336
ETF1,0.375779403519266
FAM127B,-0.817510855566346
EXOSC4,0.830529360008872
QPRT,-0.349921830076152
SMAP1,1.79685769704962
SYNGR2,1.01710534931768
SUPT4H1,2.05389657513099
TPD52,0.914777940158124
USP16,0.519619171194644
ZCCHC10,0.466923261804569
PDCD6,0.743996180882506
RPS13,0.697979230024272
MYO6,-0.560350731293342
YPEL5,0.978986371165911
C4orf3,0.284068720799121
GTF3C6,0.791011214398091
DYNC2LI1,0.865005257936216
CREB3L1,0.253284366178512
CTDNEP1,4.58435257291265
MTOR,3.24326187715153
SPEN,2.43233185325816
RAVER2,3.48032629370113
FAM69A,3.020511122588
AP4B1,3.74151186690094
CRTC2,1.49070681618378
STX6,3.52873506874362
FBXO28,2.1716908646975
AC097500.2,3.08230583388346
PGAP1,3.22442850146557
TM4SF20,3.14135050261993
PID1,2.33727943736263
PLCL2,3.3765264237271
HSPBAP1,3.2295097816403
RP11-135A1.2,1.69563832305934
MAPK14,3.42349904886119
TINAG,3.32194231436034
ZC3H12D,2.9857095256216
EEPD1,3.09014537675886
CPSF4,2.82756906876531
CDHR3,3.72813717238282
LAMB1,3.68058358976867
SEPT6,1.95215530947246
STAG2,3.24465553970498
IRAK1,2.5053008538964
VPS13B,3.60934176734421
FAM214B,3.92231240128486
RASEF,3.22738200827794
GALNT12,3.4301663167953
FNBP1,1.36698894975212
NUP214,2.01755386821534
ZNF37A,3.10882851027175
C10orf10,3.22847303091686
ZNF503-AS1,2.74207646009628
ATG2A,3.22315898409827
CCDC85B,3.47284715832773
ZW10,3.2382674248037
C2CD5,3.62162809314729
ZNF219,2.8945463707588
SGPP1,2.22519570597385
TRIM69,3.74721516941959
DTWD1,3.66746831668548
MYO5C,3.64406970941059
CSNK1G1,1.60420348475903
PKD1,2.32519459887745
ACLY,2.80541340355519
RP11-700H6.1,3.3995455552185
TRIM47,2.3358999763156
FASTKD5,2.04003334763327
PCNT,3.12443960168885
GSTZ1,-0.136924770660643
CLN3-ENSG00000188603,0.870875999194251
PSMF1,-0.135516221357765
CA2,-1.79346539242581
PCSK1N,-5.76843611742176
C1D,1.21724781484043
SMARCB1,-0.6771527632014
LENG8,3.60601855471025
CALM1,0.917704697872333
S100A13,0.655709476550103
TFG,1.69191546311687
GTF2B,0.970658657346936
BHLHE40,0.845543466026916
ADAP1,0.426438185233717
FAM177A1,0.321547607724558
SERPINB1,0.641190140888052
SEPW1,-1.55807114427699
UBA3,2.18168046879521
ATAD3A,2.23995408203892
RP11-345P4.9,2.22360560400269
SRM,1.68854178739913
C1orf213,2.71972974728454
IFNLR1,3.18642012308862
IFI6,0.747599278837395
AGO3,2.8292240620804
MACF1,2.11238727302831
RP11-191G24.1,0.571441218422201
ALG6,2.8759849176603
ITGB3BP,2.12976309451639
RP4-612B15.3,1.33434810037271
MAGI3,3.03894993375109
WDR3,1.55687702167602
RNF115,2.19919871939706
CHD1L,2.60904001663088
OTUD7B,1.47049522097809
SETDB1,1.67240404337295
FAM189B,0.896376719494022
KLHDC9,2.2070044423894
DEDD,3.07489147407052
POGK,0.227818769232256
NR5A2,1.16371455741849
IKBKE,1.45456922263312
PFKFB2,2.64453442247371
FLVCR1-AS1,2.76862658667084
PSEN2,2.06139848689335
SPRTN,3.09628801758008
RBM34,0.680729104288586
SMYD3,0.321992090395169
ADAM17,2.90336955287325
MAP4K3,2.9352991320224
PREPL,0.809935631796028
MSH2,2.82656469457754
TGFA,1.42267592976572
DGUOK-AS1,1.06523944122478
CCDC142,3.18871236018711
KDM3A,2.47699546592533
KIAA1211L,3.56932169279053
SULT1C2,2.55302229997804
ZC3H6,2.21961919505905
C2orf76,0.144911019593524
GPR39,1.85402380824358
CYTIP,2.29836613739448
ACVR1,2.58530284341874
UBR3,2.26992533741124
MARS2,1.40845717590983
SGOL2,3.45640430030416
ORC2,1.82655707252007
INO80D,0.806012659285201
BARD1,1.72528371625277
RQCD1,2.23955162526291
EAF1,2.76663250140361
ZNF502,2.69559192691145
PCBP4,1.04282838837799
ABHD14A,1.93266649903287
ACTR8,0.275242575537175
ARHGEF3,0.393309289217948
ACOX2,2.27590166103747
ZDHHC23,2.29306882690697
ACAD9,1.33196363769863
CEP70,1.82114202771077
PIK3CB,2.22688017838234
PLSCR2,2.40714609828139
TM4SF1,1.61356052643305
P2RY1,2.51255950928702
PRKCI,2.63132945951557
NCEH1,2.75359072273704
EHHADH,1.69531506490032
OPA1,2.96872450125391
TMEM44-AS1,1.53551889684436
AC093323.3,2.14987743000253
ZCCHC4,1.78115361859169
SEC24D,2.94959707971618
USP53,2.19929888839208
MFSD8,1.36827752856296
NAA15,2.37782323229271
KIAA1430,2.88496708679023
FAM173B,1.13666817233387
RICTOR,2.60126220518864
ZNF131,2.88769288405125
PELO,1.65114723095744
MAP3K1,2.52532008104564
KIF2A,2.09425736900662
PIK3R1,2.1823510286364
AGGF1,1.22632509797198
MSH3,3.03183487076111
TTC37,1.58175396179269
LNPEP,1.43214359744437
JADE2,3.1474658483143
FAM13B,2.89393832316919
CXXC5,3.01489528086123
ARHGAP26,1.52201419385908
FAM114A2,2.25035037181558
STK10,1.91069501296141
UBTD2,2.72416169443427
FAF2,0.478966278075879
RGS14,3.34439803953009
HIST1H2BC,1.64566288389046
HMGN4,3.42241997706417
HIST1H2BJ,0.946277331019738
HCG18,1.25966137770968
UHRF1BP1,3.08682764415925
ETV7,2.52947381453575
NFYA,1.6443600204582
ENPP4,2.31880034314823
ICK,3.32112013786069
LACE1,2.30694795965755
RP3-325F22.5,2.1822947598787
MAP3K5,3.37447273029746
C6orf211,2.76958237835573
SOSTDC1,2.3969770920274
KLHL7,2.71111421796774
HOXA5,2.77236777877837
PLEKHA8,1.39956984337052
ZNF680,1.34803092333989
ZSCAN21,2.23304211446446
RP11-390E23.6,1.82978971794188
KLHDC10,3.07978631885237
TPK1,1.81975254749969
PAXIP1,2.55651280107627
TAB3,1.43516645956573
USP11,1.69897962515663
CCDC120,3.33370035229746
RRAGB,2.45587764083702
RLIM,2.47250629741315
TIMM8A,2.85054479382656
WDR44,2.57511048646523
NEIL2,1.02527059187085
TUSC3,1.78429869358403
NUDT18,2.91367307644684
INTS9,3.06526231402667
WRN,2.33083415387593
RP11-350N15.5,0.997733452749195
PRKDC,2.34296470737439
IMPAD1,3.38056023087873
ZC2HC1A,1.74615781331145
MTERFD1,2.38092219579852
EFR3A,1.88472011809859
FBXL6,0.429320120377421
KLHL9,2.33738414323768
TRMT10B,2.52971316245903
C9orf41,2.76220946052894
PSAT1,2.21653065554753
PHF2,1.8911075550243
CTNNAL1,1.96930230278058
DNAJC25,1.48537041512991
LRSAM1,3.14719140484674
RP11-545E17.3,0.810482544959532
MED27,1.65211022096998
REXO4,3.04149304793156
EGFL7,1.51092093792524
C8G,1.56789109284672
C9orf37,1.53390429841813
DCLRE1C,1.71089694810243
CACNB2,2.53897665176153
CSTF2T,1.68965639267718
RP11-773D16.1,1.59162940428455
TBC1D12,1.76837475493373
CHUK,1.98275203674462
CWF19L1,3.0628912129239
FAM53B,3.46968824757529
DOCK1,1.83995492170351
PGAP2,0.210102953618429
ST5,1.62325168527977
WEE1,1.68326145801999
ATG13,1.30926066884895
INTS5,2.56773373403626
CCDC88B,2.03559939868265
EIF1AD,2.85814545932962
ALDH3B1,1.66293487338845
RP11-660L16.2,2.03269951589933
RNF169,2.6754690673414
RAB30-AS1,0.919708683438791
MTMR2,1.98700427752709
CBL,1.33238372891055
NCAPD2,2.67949975350268
DNM1L,1.36121816658838
SLC48A1,2.09932364356141
LARP4,2.3342250273041
METTL7A,2.59811627195893
TFCP2,2.58811052351493
DGKA,2.38416520011692
MARCH9,1.67798858777782
PTPRB,2.37486562489992
CRY1,0.989727944009613
USP30-AS1,-0.136425419524414
DDX55,1.39101229182963
POLE,2.71910769039698
N4BP2L1,0.546860767375223
MTRF1,1.81772268884667
TUBGCP3,2.91427796089637
RNASE6,1.51283891528343
ARHGEF40,3.25520538674022
MIPOL1,1.70466249654912
SAV1,1.72906295346388
SOCS4,2.24939099330515
EXD2,1.44797547237596
ANGEL1,2.64621781839637
CPSF2,1.96007971835282
ZNF770,2.2070717278778
FAM98B,2.01752074052634
C15orf52,0.559879084669092
IVD,1.17217510679452
EIF3J-AS1,2.07350567011969
AP4E1,2.4328709369158
MTFMT,2.4438989998158
UBL7-AS1,1.77916935463495
PTPN9,2.59885749559576
FAM174B,1.47215168897986
TPSG1,1.51467642237255
PRSS22,1.25269274471199
ZNF263,0.157295618431138
C16orf72,2.97325193139917
XYLT1,1.56296517771848
C16orf62,2.95158593026691
GTF3C1,1.59066311779967
SEZ6L2,1.86795176422307
BOLA2B,-0.535839306404609
AC026471.6,2.70597311616779
PAPD5,1.45857682161528
OGFOD1,0.824151833539717
PSKH1,1.23855027719444
ST3GAL2,2.7121611905647
TMEM231,-0.55733724016984
CMIP,0.750857320475317
KLHDC4,2.52670209658623
RNMTL1,3.16987903744554
WDR81,3.16083462122177
COX10,1.64965962343517
B9D1,2.90385843317093
ATP6V0A1,2.41538076005719
RP11-400F19.6,2.77240951835887
CDC27,3.06732206817198
RNF43,2.82391125992695
RAD51C,1.61695276891181
FTSJ3,3.37941960411844
KPNA2,1.78490251080452
RFNG,2.83631422640626
TYMS,2.20930860245657
RP13-270P17.3,2.00072596103885
RBBP8,2.52342134656129
KIAA1468,2.31304233988805
BCL2,0.992151394305945
TMX3,0.694719973458766
RBFA,1.07820484774855
ZNF343,2.46632089712474
MAFB,-0.395801360676759
STK4,2.86788099343289
STX16,1.74778125728474
CSNK1G2,2.05246792764648
ZNF121,-0.421496344438687
ZNF561,2.31977769425694
DNMT1,2.29983498900875
FBXW9,2.72198580738886
DCAF15,2.18083136273369
AKAP8,1.95694560626952
LPAR2,0.597152743066261
ZNF599,1.32042885050092
AC026806.2,3.35389840235689
ITPKC,2.20891183615297
PPP1R12C,2.56695695441062
CTD-3138B18.5,0.4672412376818
KREMEN1,0.400324613092616
CCDC134,2.13789662722535
BACH1,1.75101246199716
COL6A2,2.21703357137625
TRAPPC2L,0.885766295188241
LGALS8,5.13561544447364
DHX36,3.48518736025958
MCM3,3.61262913416959
IREB2,4.29586727170338
ATP5G3,0.81186550359438
NUDT5,0.161439012250868
RBM8A,0.502121702848196
CXADR,0.456551938557127
AIG1,0.915059609325882
PGLS,0.719550998621932
MRPS16,0.941140987454242
RPS7,0.736891620006546
HSPA9,0.359824630920816
PSMB7,0.294215944485016
ANXA2,0.935042557633251
CALR,0.994901333277109
DCTN3,1.4576988323743
TPP1,1.65111648814997
GDPD3,0.402403767804682
PET100,0.933464852900445
PDCD2,0.427718524159323
SIRT6,0.738866380239369
ATP5D,0.742815640830054
BEST4,-1.12149516704532
EEF1D,0.988060390200411
SLC26A6,-0.193641924428881
PLEC,0.107137326471563
UQCRFS1,0.439114494210849
EEF1B2,0.739782739045719
AP001816.1,2.05351734841625
PCBD2,1.12213045386837
EEF1E1,1.47383223640463
RPF2,1.18008612009024
RHOD,2.12905020920749
PLLP,0.997487744851711
NUP85,1.66994449458115
YTHDF2,-0.620405892828507
ARPC1B,0.265340395891931
C6orf48,-0.429545068537625
SFN,0.563659097912173
ATP5C1,1.6848647434516
AHNAK,0.329321183908324
EML4,0.770445010870143
CDV3,1.71165611221745
LEO1,2.05849671115051
NEDD8,0.781105113134517
C11orf58,0.707105358402645
TMEM256,0.600455545815154
FAM120A,0.730720617795398
SSRP1,0.669261529121514
OSER1,0.592793469768564
HLA-DRB1,0.607816749534934
C12orf10,1.72101926587378
ATP5L,0.795572967509138
EMC6,0.819445169808431
ACTN4,0.839732878566551
RAB8A,-0.105480936796345
TLE1,1.44197439777803
RNF121,1.70924878246029
ATXN3,1.43530148128242
PPCDC,2.08094558593171
TRAF7,1.59322152317022
USB1,1.57219827914153
RANGRF,1.8758172473731
MDH2,0.414727210218897
ENOSF1,0.370834340412241
SH2D3A,0.315630820639121
PIN1,0.866843072662104
PTS,0.769167437510062
C1orf106,0.486329470454626
TEX264,0.594060524436651
DAD1,0.764339162352525
PLP2,0.672994422259154
RPS27A,0.968723714349763
SLC30A5,0.859390860702115
RNF14,1.36262394065416
CUX1,1.35689516772697
MECP2,1.19191970510336
WWP1,0.710638808535474
ADK,1.22871544335925
SMC3,0.925687443305927
POLR2M,1.13974699775862
NAPG,0.251966555013253
ATP6AP2,-0.133383876097477
MPLKIP,0.973416908078226
PDIA6,1.30678585703078
UQCRQ,0.823348292824738
CDC37,0.443334726417232
NME3,2.46547781515364
FAM134A,-0.353918446605393
NCOA4,0.505344320136954
SDHA,0.582295111037286
C1orf52,0.883227711379162
KIAA1715,0.954321464401124
CWC22,1.59015876192123
CTBP1,0.360557906506346
COQ2,0.366445213850245
PPP3CA,0.202443447870552
AP3B1,0.535488593582701
NEDD9,0.635448784837182
HIPK2,-0.277362182758586
TSKU,0.14580273185617
SPG11,1.19130714567464
MAPK7,0.555044506208725
DST,-0.551004314514137
INF2,-0.884818138316014
RFXANK,-0.248057386820199
CYB5R3,0.147111727936436
RAB11A,0.157001444373513
FAU,0.588060077312355
PERP,0.557872004982726
PSENEN,2.01709879040819
MAP7D1,1.11731927699263
YY1AP1,-0.643744127714298
C1orf115,0.847694421630453
PCYOX1,1.26708746233755
DHX30,0.444276141395969
ARSD,1.71965581594841
RBM10,0.340392904819195
EHMT1,1.04920777939078
PPFIA1,1.58438081033737
PABPN1,0.424527206739558
ADAM10,0.999054002386218
ANKRD11,0.784402677587053
DDX27,0.696898211330192
EEF2,0.632300725422401
PSMG3,1.03463416280464
CPNE2,0.793512012335882
FHL2,1.20632190245741
NONO,2.92137770524475
COPS6,0.398842301690949
HSP90AA1,0.609173469907572
SAR1B,2.53801765710192
CHCHD4,0.558324453970498
MXD4,1.16553713667837
CCDC109B,0.895444406085512
CWC27,0.820457433160375
LMNB1,0.22488763289163
UPF3B,0.553884932325959
LAGE3,0.454158466073904
IKBKG,1.1939617670749
VPS37A,1.67318629462215
ADM,0.773125650726172
H2AFX,0.17083032939212
KDM5A,0.51603752157687
DCAF11,0.987579194042045
PNN,0.223559361424142
WDR20,-0.686720063655323
USP3,0.752692962315212
DAPK2,0.431096283735171
ZNF397,0.596196775545029
RPRD1A,0.334828940490733
PAFAH1B3,0.322433524153602
ADSL,1.49528512963391
SUCLG1,0.802924156715666
MRPS15,0.110321078025682
SUMO2,0.932333796223156
EIF5,1.14789530277093
CMTM6,0.995707677844929
IFNGR1,0.430605575449491
NUDT21,1.02219418841548
CFD,0.314471972698875
MRPS35,0.183122435343101
ROMO1,0.503077059448233
AP2S1,0.383103527870105
POP4,0.593959563876156
CCT5,1.03338431389069
AKR1A1,1.03996496361514
PSMB3,0.725528020745252
RBX1,0.533335747744238
UBE2L3,0.690867777601851
RBM5,3.20573648490959
HOXB7,-0.196315579157708
BANF1,0.62507279489029
COX6C,0.974544377884725
ZG16,-0.351317054032837
XRCC6,0.236643328986102
BAX,0.292780988095899
ATPAF2,0.136067975982025
ICAM3,0.138134646394648
MRPL43,2.12802921154274
ASH1L,3.89337900334656
BAIAP2L1,2.29536402782796
ADCY6,1.75016624282092
MIR22HG,1.7067858995752
SPG21,0.976280578053433
TPMT,-0.400509978044904
CLDN3,-1.67679630137683
MRPL24,2.67328309659941
SERPINB6,0.815847582484185
SF3B2,0.288546640001493
ACTB,0.619891678458634
LAPTM4A,0.406239441217168
SEC11A,0.37393203482746
TRMT11,2.55229796799712
COA3,0.875275295818324
FLII,1.16440421629191
GGPS1,0.280424411518458
RSBN1L,0.442237000651396
FBXO7,0.283204532272049
SLC25A11,-0.182647927651924
RNPS1,0.399836754690629
MPC2,0.254876502635734
HNRNPA3,0.453559255340105
ABCC3,0.400939645164629
FXYD3,-0.921981577131162
OAZ1,-1.12372417775575
H2AFZ,2.09910170657596
TUFM,0.206710098039276
TUBB,1.03374026252624
STXBP2,0.116835779152078
MS4A12,1.39702341414698
PTPN18,-0.81000019851556
ORMDL1,0.564112770597954
EIF2AK1,0.497551872584075
ATP13A2,1.88910716135238
HECTD3,1.8214572010689
GRAMD4,1.71458388203491
HMGB2,1.83202790660523
PSMA1,0.896225745444559
C11orf48,0.481520243713993
GGCT,0.594619661099534
DNTTIP1,-0.191108093724915
ECHDC1,2.84259676899232
PROX1,0.562824256534561
TMEM63B,0.657193862510735
DDC,1.56981579676451
AIFM1,1.2728996756455
BCL2L14,1.3974459741661
THOC6,0.738823147815157
DRG2,1.92437816066546
C12orf49,0.635524108911878
HN1,1.00462063542296
HMGN3,0.103957933496871
SMS,-0.111976088152814
HNMT,1.08563858848845
RRAGA,0.396176231985811
U2SURP,1.07862915688393
SMUG1,1.64138422143914
APAF1,1.39854248594397
SULF2,1.48535581103205
COQ9,-0.118433560639573
C19orf60,-0.431762715355782
NUCKS1,0.746159917996577
COX7A2,0.761029998585707
ENTPD5,2.54821280220562
ATP6V1D,0.379918092727843
RPF1,1.02520178602453
TMEM33,1.39351030708784
ULK3,0.286923218578312
NFKBIB,1.1278156371875
BSDC1,0.387746584975924
FKBP1A,-1.46715584756115
LGALS3,-0.600220946212875
MARCH6,0.185824569462647
SEPT8,1.38715151533973
TOR2A,1.44269252255793
CINP,0.557273652207197
UBN1,0.849251778946679
PPP5C,0.948721943521444
RDH13,0.532379926834498
SELT,0.264946440872959
MRPL27,0.517715045829441
ITPA,0.602697603082679
TUBB4B,1.07616917303762
EIF5A,0.844551615582025
DSG2,-0.250055068160935
EPHX2,-0.103983214077307
C19orf10,1.12003112597484
RAB11FIP1,1.65515878650112
SHFM1,0.789623321964888
MT-CO3,0.752622467978436
UBE2F,0.165582170327625
MBD4,-0.522063970313559
ANKMY2,0.656811891192327
YIPF6,0.564377577407224
TCEAL4,0.996326437718553
SMNDC1,0.562238665187224
ARID4A,0.563478454156989
SMG1,0.410731275214182
GALK1,0.508262614445912
BUD31,-0.333632814997754
DNPEP,0.260494773482522
SLC35C1,1.45942923964063
DDT,0.985592373928558
MRPL9,2.38619980687683
TGOLN2,-0.289848312245955
RPS15,0.593678289802605
RTN3,0.700109475921208
FIBP,0.336090262196912
AKIRIN1,0.803795518129414
MAGEF1,0.718497575904963
NQO2,0.229533370545911
TFEB,0.735546408503422
DNAJB9,0.408305303294569
C8orf4,0.623129474969678
IMMP1L,0.620396250811541
EHF,0.269652305405851
MUS81,0.958492954539101
MGAT2,0.459430877532353
KAT8,0.179194527027128
GLG1,-0.559540081270467
HMGXB4,-0.652950990230454
WRB,0.559517998198665
IMP4,0.878538164186741
MRPL18,0.438067321454738
CEACAM6,0.846412393945515
VPS37B,-0.71226306217093
MARVELD3,0.156271413714906
RSU1,0.235450806368138
RPS28,0.541128569716246
VTI1B,0.179743538490329
GADD45GIP1,0.650000062651166
SIKE1,-0.518329579738989
PPP2R5A,0.198998029479644
PREB,0.332621103416077
RNF103,0.485170892959837
RSRC1,0.608754241625425
RBPJ,-0.135798184229706
THOC2,0.887077415948372
FRA10AC1,0.983758367310426
BLOC1S2,-0.517906149797161
UROS,0.45209945233871
PRPF19,0.788086047642881
KAT5,0.718810090966829
POC1B,-0.646609140066472
SUDS3,0.4202090495583
MPHOSPH6,0.643212754571164
SLC38A10,-0.160363520504006
POLD1,0.588479554128744
PRPF31,0.558040265880345
KMT2E,-0.193312234731798
CBLC,-0.154037613520751
CHCHD2,0.612236839784808
ATP5F1,0.519092697752479
MLXIP,1.61576975649333
C14orf1,0.528291776413519
GORASP2,0.253262043882018
CHMP1A,0.657986443356172
CLNS1A,-0.256003738640367
PDCD5,0.979661287731831
MTRNR2L12,-4.46082892496806
TMEM38B,3.16657017624137
ALAS1,-0.255461390177627
COMMD8,0.237811089334244
PANK3,-0.36931574304356
COX6A1,0.570517770705215
CAMK2G,1.34645511307617
POLR2C,0.588654802462941
CAPN1,0.519620746469737
PAIP1,-0.25235659506407
C9orf85,1.86014685100069
DNAJC17,1.44349582543512
TMC4,-0.292108060151156
URM1,0.307737291147129
HSD17B2,-3.79986948710703
CKS1B,0.251087402946606
MIDN,-0.489100833404098
TMEM160,0.117154482913291
CMPK1,0.870581789810678
MRPL23,0.283680093731889
SREK1IP1,0.166625360770984
LMF2,0.324502060223253
XKR8,3.49550417158291
RANBP2,3.57692342892681
TYW5,3.74368782775728
TBC1D5,3.44906574021732
DROSHA,3.98830712741294
POLR3D,3.33988210105051
WDR11,3.96324778572562
RP11-119D9.1,4.12786664601182
CHD4,4.25404467983467
SOCS2,3.65869119020073
C12orf73,3.7023563456611
WDR25,3.69391128373466
ZNF280D,3.4600723873237
E4F1,3.3697143506148
CASP16,3.5402396039409
ZNF18,5.89655825458198
NT5C3B,3.57586630587373
RP13-1032I1.7,3.20332752930461
FASN,3.41237371534909
CENPB,3.60496283613405
UQCC1,3.58590084572435
ZNF544,3.66026628294598
SLC25A17,4.24407797550591
VBP1,0.157303846073201
CDH1,1.24561472830624
PRELID1,0.626117056919217
TMED9,0.647270969060137
NDUFB11,0.256551319005115
TALDO1,0.827879044798947
TMEM176A,-1.76176867977226
NDUFS1,0.232754475242443
PTBP1,1.09304895413224
MYNN,1.36876587694718
C6orf89,1.51005344767973
SLC52A2,0.660975633817369
PBLD,1.03118725895603
COX6B1,0.505318789609293
RAP1A,-0.514073402967342
RPL28,0.703926675715149
RPLP0,0.523939607568067
SSBP1,0.368823916087521
CACYBP,0.835922514402329
FASTK,0.719403802000964
AZIN1,0.138799268900675
EIF1B,-0.355315200393819
SSR2,0.138934365598609
DNAJB4,3.04502136858029
GLS,2.94371567067285
GUF1,3.47270850734705
THAP9-AS1,3.06008784607961
FKBPL,3.08327452117227
AGK,2.88936244175922
SH2D4A,2.92332772853164
DAB2IP,2.95096630967306
PATL1,3.13245316886835
RBM4B,2.56461290851523
CCDC84,2.95505977694464
AC079602.1,2.99679190815821
PSPC1,3.26429065388522
TRPM7,3.03493616088955
MNT,3.08077716095461
KANSL1,2.20176428041936
OVOL2,2.58337613907857
ZFP14,2.79591605361998
KCNK6,3.1685317763016
BTBD1,1.04719595605447
PICK1,1.15518578928047
AAMP,-0.148864602614977
CYB5A,0.298236248185526
C15orf48,1.08284808349549
SLMO2,0.121304742481431
UCHL3,0.327531438305625
EMP2,0.337256297367314
SNX13,0.92389162306465
PNPLA4,0.663018361257593
NOX1,1.51566454696454
HR,1.00416942711569
CDC42EP1,0.645919097828532
AIMP2,-0.39860827589511
OFD1,-0.55914275151519
ERBB2,0.267721488146063
TMEM170A,2.10492581335398
HSPA8,0.552298946030032
CTSE,0.627659258546982
CA1,-6.3960832186257
ZNF644,1.36989756796727
VANGL1,2.00030152127561
RC3H1,1.60024359674001
MAPKAPK2,2.2738670226339
MARC1,1.53010641313646
C2orf68,3.05656722720076
ATG16L1,2.75686799748153
SRGAP3,0.676977440642023
THUMPD3,1.56846319385331
OXNAD1,1.72834233683993
PTPN23,1.50572218151658
FRMD4B,2.11786592334197
FILIP1L,2.21556168438758
ARAP2,2.0823413101826
PDE5A,2.58170096187369
RBM27,2.18050172862929
TRIM41,2.23762505791262
PEX6,2.22426418218101
PPP2R5D,2.30276671429227
CXorf23,1.46952406662697
CXCR3,1.30053926638299
CSPP1,1.47892790633908
SPIN1,1.43605724179887
RABGAP1,1.57609642079191
GTPBP4,1.18574040610893
TCTN3,2.07672742146031
COL17A1,2.68422396265785
RPS6KA4,1.94960106186879
AP5B1,1.04916336183339
LRFN4,0.345219172315427
ACTR6,1.93136419691811
YLPM1,2.9180987357003
BTBD7,1.75204748320747
NMB,2.21468242025691
ZNRF1,2.12564639815432
SYCE1L,2.61114472817488
TMIGD1,1.52781184530814
MAP2K6,2.38134997552367
SLC26A11,2.1616974133914
C18orf21,1.53789876771487
ABCA7,1.70374116704936
SAMD1,2.66606851830652
ZNF224,2.08653107352959
MZF1,2.34301969641469
ANKRD54,2.62140541142392
RRP1,1.36820673256804
CLK1,1.08496316264726
ZKSCAN1,0.606062062533983
NDUFA10,0.127321792616279
YWHAQ,0.632735939060232
FABP5,-2.03477387813861
UNC50,-0.809121628948105
MRPS25,0.204072627044595
C6orf203,-0.356583471401587
EI24,0.828935896778309
VPS29,0.894874033616405
UTP11L,0.886892230516981
ZRANB2,0.591283097837082
HMCES,0.824717124031455
SLBP,1.3643197219211
FADD,0.598142571901449
AGRN,1.76756158680594
CASZ1,1.58930905028264
SMAP2,1.84973624666196
POMGNT1,-0.68651551028701
KTI12,2.86103037970376
LRRC42,1.938047274998
HHLA3,0.930108265866924
GPATCH4,0.713770614845478
DUSP12,2.21885242444606
KLHL20,1.44645091813208
KIAA0040,0.677635780057679
EDEM3,1.01395219475365
IPO9,-0.806368996253307
GOLT1A,0.165142236643514
PIK3C2B,1.31083848797006
BROX,1.74125036647935
ZBTB18,1.93935140483623
ZNF638,1.0099606074832
SFXN5,2.21740180411649
DOK1,2.67685580523395
DUSP2,0.400740402186247
CBWD2,1.53427766182907
EPC2,0.395381335966447
GALNT5,1.56304469621778
USP19,0.229924121615652
CCDC71,1.66729438312733
TCTA,1.17180740900755
GLT8D1,0.488124112556764
ABHD6,2.3441475970206
SHQ1,0.43760248497613
NSUN3,1.66627185540264
ATP6V1A,1.87215194338425
QTRTD1,1.51018550270746
ZNF148,2.32736963861256
SENP2,0.853270719936679
RTP4,0.55271482810365
SENP5,1.8968029642629
MAN2B2,1.39675326724326
BOD1L1,2.39127289493975
ANKRD17,2.09138929910725
EREG,0.452666692164152
UGT8,1.99674898019414
NUDT6,2.53203506220634
SPRY1,0.625200922626561
TBC1D9,0.628240583837829
BRD9,2.39696931931502
OXCT1,1.4321852730737
RAD17,0.807378655852236
ARSB,2.56408305224434
GIN1,1.91154652275428
DMXL1,1.73735064080793
TSPAN17,2.81035088853843
N4BP3,0.155099963512822
MAML1,1.85896514278312
EXOC2,2.54963361230553
FAM8A1,1.24569381884383
RP1-313I6.12,0.148028013421118
NUDT3,1.12809415533818
FBXO9,2.18256897007887
FAM135A,0.451435879384904
SMIM8,1.30645559027633
COQ3,1.92057419448847
PLAGL1,0.769282540667273
MAD1L1,1.12957369329731
EPDR1,0.131032147638465
ZMIZ2,0.823265190470877
CLDN12,1.25767159003931
ANKIB1,1.11446709224758
ORC5,2.1149114087997
RBM28,2.1840234730169
SLC35B4,1.03490951191342
CDK5,0.368848670390341
TBL1X,1.5426302878545
ZFX,1.36970482208199
ELK1,1.18460570340673
HDAC6,2.51492882068879
HUWE1,1.74845425911722
DLG3,2.69050044537148
TSC22D3,-0.60063137986057
HCFC1,2.14545403122951
DNASE1L1,2.41499021383213
CLN8,1.16756694785855
DMTN,2.00045223137589
R3HCC1,1.87526872210718
ENTPD4,2.41843240444758
THAP1,0.375843596053225
MTFR1,1.75848244170299
C8orf44,2.7651590532759
IL7,1.06470393354755
ZNF704,0.643020059390323
NUDCD1,0.44501837250117
MTSS1,1.09249252797845
ZC3H3,0.512824954490341
MFSD3,1.83857490476002
RCL1,0.873472896259637
C9orf72,0.87145479007561
ZCCHC7,1.27345765223105
GNA14,2.01398403093569
NCBP1,1.41591743522159
NEK6,0.75740559533999
PRR26,0.111333520352077
CELF2,0.627805514664593
PARD3,2.14381633960414
GPRIN2,0.746205851004634
IPMK,1.87526471982968
SEC24C,1.9649975520508
SAMD8,1.41970723692024
PTEN,1.1153270989797
LIPA,1.9623245522404
PANK1,1.65982415027626
KAZALD1,0.70328593945475
NOLC1,1.4962197409429
GBF1,1.48310132677541
WBP1L,2.08706620959469
RGS10,1.93461291285935
NAP1L4,1.83794187499332
RRM1,2.1852126544736
IPO7,0.776135676369216
PARVA,2.07769867572026
GTF2H1,2.29796203749236
UEVLD,0.639883486416111
ZDHHC13,0.24803323568015
NXF1,1.66292243847845
TM7SF2,1.55188443180943
DHCR7,1.7589662868206
KCTD14,1.95415048691586
ARHGAP42,1.76022834779324
SIK2,1.9233131467725
C11orf57,2.21693612306063
DCPS,2.2372990831584
NFRKB,0.639105731971896
IPO8,2.18117699640932
RP11-446N19.1,0.979881222330942
AAAS,2.31541800986609
TMEM19,1.68338193327659
ANAPC7,1.5183082949325
PTPN11,2.27798384172531
RITA1,2.43219231735978
SBNO1,2.48971708169403
EP400,2.26943053321265
IFT88,1.07950827047198
LNX2,1.75982679606559
COG6,2.75759385502454
CDADC1,1.89831603386466
ARL11,1.88256414901332
KPNA3,1.04474805010794
BORA,1.28079129275417
DCUN1D2,0.68861148460098
CHAMP1,1.96600549940271
C14orf182,1.40502912957075
FUT8,1.01726489794352
PIGH,-1.13011499952475
SLC39A9,1.6942918103411
MLH3,1.62908048503956
BTBD6,0.445994017438611
PLA2G4F,1.02623499299995
LRRC57,1.89690731772946
CASC4,2.38041443284346
BBS4,2.0836374930664
PML,2.28959443313473
PEX11A,1.20132507384954
ANKS3,0.403963150974052
MPV17L,0.786739927494439
SULT1A3,2.20285333811757
AMFR,1.94665366749966
NOL3,0.994668803000342
ZDHHC1,1.54154156267851
MLKL,1.35495058049819
ATMIN,0.443927413826117
CTU2,-0.340073592351894
C17orf85,0.643041569032639
ATP2A3,0.727869877313674
CASC3,1.6302366950726
CNP,1.14650529334974
TUBG1,0.71395541256668
MRPL10,1.73805335665639
APPBP2,1.70693740282784
CEP95,-0.162664060551333
AMZ2,1.51218317235305
MIF4GD,1.97979138523894
STK35,1.22614248024172
ATRN,2.14359702128769
CTNNBL1,0.959922915705381
ZFP64,1.86290818792911
HDGFRP2,2.11268476839585
CCDC159,2.31412554050084
NACC1,2.05909548566162
RFX1,2.18226590671668
SARS2,0.995135356768944
SAMD4B,0.396829564754553
STRN4,1.71613457334353
DHX34,1.96026550693843
GRWD1,1.58246619424111
ZNF350,1.01373663837704
CNOT3,1.14995989723108
DERL3,0.495177322509599
PIK3IP1,2.03019071629715
MCM5,1.70129844321031
TMEM184B,2.57138637389597
CSNK1E,1.80798188004515
KDELR3,1.10652416372702
IFNAR2,1.52807781727562
DYRK1A,2.00793151334633
MAL2,0.1270967556674
MRPL32,0.227168748746734
GRSF1,-0.225019521049687
MANBAL,0.142179880783934
MORF4L1,0.384550615744929
FAM195A,-0.830427084854265
HSD17B11,-2.39722978020267
ALDH7A1,-0.410091433742819
DCAF13,0.404646296050153
CHKA,0.159636174056487
LYRM5,0.940257482981511
HCFC1R1,0.542557585566711
CHD9,0.618639948441324
PSME3,0.997615449124997
UCKL1,0.867858415095402
BCAT2,1.40485513969282
ARPC5,0.399478454763364
ALDH9A1,-0.209971889880326
TMEM242,-0.215603345915159
PCGF5,0.400952734126071
WIPI1,-0.121634693357447
ABHD12,-0.576297046976341
SUGT1,0.423464639847944
ENO1,0.716110095097335
ATP1B1,0.82976581216169
CUTA,0.635827365046386
C1QBP,0.338464658377023
AC009501.4,-3.67219804757221
NDUFB6,0.76574754372666
INO80C,0.882424092145
LDLRAP1,0.190828422207122
DNTTIP2,0.810469440096195
TNFRSF21,0.13848096836448
YME1L1,-0.197059340796231
MOB2,0.343693526943145
PAK4,0.853989290883595
IFNAR1,0.356063648327424
GMPPA,-1.42023564727617
CISD3,0.548289606218717
POP5,3.47555565964299
C20orf112,3.51210785030638
JOSD1,3.98596910186764
LSM10,0.494885016531494
PKN2,-0.322956517014746
IAH1,0.477759990605005
FAHD2A,0.175982712967768
CMTM8,0.906656481095086
PLXNB1,0.192319226500066
EIF2B5,0.502882803853262
ERGIC1,-0.403232238832735
STARD3NL,0.835286160901188
POLD2,0.286042196796695
VOPP1,-0.179116821013492
SND1,-0.536898618456233
PRR5L,-0.430453300140047
PICALM,0.676163605423074
TRIAP1,0.411240145257304
PGP,0.398778263002486
THUMPD1,-0.216029849156719
LSM12,0.131205189849487
ITGB4,0.793250384187995
STAU1,-0.423205982059533
OGFR,0.364359347333175
TMEM106C,1.13336216647468
RPS8,0.428748678424302
MT-ND5,0.424790146759935
DCTN6,0.660176115625316
DGUOK,-0.353284317445134
RAE1,1.88197858111246
MINOS1,0.69549381555307
SAMHD1,1.04513280000323
EPN1,0.337645606080883
C6orf136,0.298926500246013
RPS25,0.457475445842264
NDUFA12,0.515611148500218
C11orf31,1.00701643115225
LAMTOR2,0.974934579494793
POLR2I,1.30455992439407
EIF3K,0.593356499402257
NDUFB4,0.772694358609178
PLAC8,0.463248156089171
MAF1,0.276522597887001
RPL5,0.579434137057967
HSD17B12,0.44454448284557
CEBPB,0.264296645045026
ALG14,1.14888743587776
C6orf226,1.15332378441576
KIF13B,1.06371415101824
CYBA,0.47639484529184
CD47,-0.276259972498807
NDUFA6,0.604585610714374
UQCR11-ENSG00000127540,0.494091735370347
SF3B14,0.18738858157747
CAT,0.274978116059618
C4orf19,0.102394761807144
FAM45A,0.155678540148136
THOC7,0.164787098531248
RPS6KA1,0.795413629380664
BCKDHB,0.45802919235223
ZNF664,1.16932818463585
CCDC68,1.27763116656509
FKBP2,0.332618672969006
CDC123,0.638124469604728
SLC20A1,-4.21289032729248
FAM105A,-0.35139470734973
ETFB,0.269236341396541
LINC00969,-0.101912679751608
RPS11,1.60754127546719
COX7A2L,0.395797069597403
PDZD11,-0.139708711716722
INTS10,1.03314605689761
TRIB1,1.26078565849086
MRPL42,0.611690175088269
MED24,1.23797172326222
MRPS22,0.709368748832208
EIF4A1,0.468097437098766
SDHC,0.423864957377246
EIF3L,-0.395402795045597
PRDX2,-0.222688208782668
PLSCR1,0.249466798331738
TMEM208,-0.132282411262265
UBL5,0.812439567001304
VSIG2,-3.03653222693709
DNAJC19,0.509875471806755
B3GALT4,0.391331591566006
PTBP3,0.583528655433821
TRIOBP,0.747395353469203
NAGA,0.593978964048588
EBNA1BP2,-0.106901726396353
PIGT,0.425352307373075
ATP6V1F,-0.414284600660024
HIGD2A,-2.37953671970492
TCEB1,0.342568931472145
TMED2,0.533118821812299
MRPS11,-0.109190635631726
SMDT1,0.663926473820607
TM2D1,-0.506048280610277
ZNF655,-0.353317292733783
SDF4,-0.133530475086447
NOC2L,1.11360383410247
COPA,0.938614546574456
GAK,0.439643032321041
KATNBL1,0.133152383461886
CIAPIN1,0.906615567640204
TRPC4AP,1.07698641271613
LSM14A,0.92527472322281
LPP,0.457808672888093
TMEM70,-1.23035351321092
NANS,0.872351948264082
NUDT16L1,-0.173417726997623
HSPA1B,-0.62526806389086
HLA-F,-0.260925644094219
CLCA4,-5.00669467629786
MEP1A,-3.95189216265719
C10orf32,0.937956025474588
OAZ2,0.171673822440484
AES,-0.432395710189464
SNX2,-0.228905050048578
ANXA3,0.796187229029294
CDC26,-0.640635468406328
RPS18,0.364495369375928
RTFDC1,-0.278944922933093
SQRDL,0.674633048601553
SERBP1,0.679361985891472
RFWD2,-0.329689554087279
G3BP2,0.347573742677664
C5orf30,-0.437377438719457
RRAS2,0.699435926258855
TRAP1,0.808417641806134
NSRP1,0.261638963916532
TMEM101,0.330146039889262
PRPF6,0.144329953704048
CBY1,0.656387406647991
MDK,-2.17114741936115
ZDHHC12,0.123513498435398
MALL,0.411930882889427
PTMA,0.753946388733791
PFDN2,-0.448455224936892
ACADM,3.52356684637661
NADSYN1,1.77715661220106
SRRM2,0.315889674311687
PGAM1,0.217625328744661
MYOM1,-4.48799017113803
TMEM179B,1.73063080013571
NRD1,0.196739751034336
DR1,0.310250935635861
TACC2,-0.131837340296093
RAB1B,0.244351042230641
TMEM87A,0.8054233601192
GSS,-0.115530271137166
VAMP3,-0.417150602910979
RPS27,0.448791299726269
PCBD1,0.170878235094071
RP6-109B7.3,0.892635412019167
MRPL51,0.155904286656776
PVRL2,0.210903457597369
DDX1,0.480463285006113
PGM1,-0.417734496583127
POLR3GL,0.464452994526856
SNRNP27,-0.52618544120409
LINC00116,0.294914033330527
BIN1,-0.541895311298779
TMA16,-0.281517373151243
LACTB,-0.305966020312431
RAB1A,1.0393710648333
TSN,1.58395169933488
STAT6,1.17575236024378
KRT20,-1.06228187242502
UGT2B17,-4.44485920005619
FAM162A,-0.301635713977547
SNHG7,0.848067038763472
CGGBP1,-0.132505890693686
SLC30A9,-0.44034733354238
CKS2,0.203707915523439
GFER,-0.124927096461338
DDX39A,0.12712499126447
PSMB9,0.334313569065904
FLNB,0.18789156623612
ETNK1,-0.679427091096792
RIOK3,-0.332512861929669
GID8,-0.431147227046208
SDCBP,1.23181312649539
OAS1,-0.159249879860513
CHMP5,-1.95357746441335
RPL15,0.2885120538058
FZD5,1.19424510253919
TRIM13,1.03466992457749
RPL29,0.475884502925764
SRSF4,1.26340061852901
NDUFAF3,0.422034881889485
FTL,-0.68902795279799
AHSA2,3.6669212437666
XPA,5.17356997339646
TOR4A,3.40534448362783
LPCAT2,3.19032688767115
GSE1,5.43456300763464
ZNF700,4.02250227255974
SNW1,0.135595573916956
CDX1,0.214542649013316
RPL7A,0.640933393984418
C19orf70,0.607779360371879
HNRNPA1,0.416957574104952
ATG3,-1.09404420021524
BECN1,0.52962699130921
NDUFV3,1.08509313120209
TP53TG1,-0.878532955138653
PDXDC1,1.03002364795819
ACTR2,0.978274396469296
SKP1,0.313908311085587
THYN1,-1.60485009654258
C21orf33,-0.479480544988795
LINC00667,0.502410334933589
LGMN,1.88750902390882
ARFRP1,3.23940199360949
TDP2,-2.33641384076217
SMPDL3B,-3.27402559091361
MRTO4,2.57601287226146
SMPD4,2.72612567702894
MRPS27,2.51152695041956
TRIM14,2.46439047621492
ENDOG,2.18603451837363
CAMK1D,2.0534510005031
ST20,2.61829645578955
WDR24,2.46512980942457
PRPF40A,-0.381134065529576
PPP1R15A,-0.443788704613156
CCNG1,-0.176488683760494
YWHAB,0.32364858904055
HMGN2,1.26120274859729
PQBP1,-0.19027097109786
KCTD5,0.800561878045379
TMEM126B,0.177425454317502
GCC2,-0.897290873996164
RNF114,0.308805238454407
RHBDL2,0.438601408231396
TOR1AIP2,2.44886224729876
MFSD9,1.02612859200882
PCYT1A,2.55842688558187
SLC4A4,2.4431734343856
SERPINB9,2.78370440038986
TRIM26,1.99411899514392
MICA,2.37152128749404
TAF8,2.49276234029449
TDRD7,0.892481452546747
RNF214,2.51080618050251
CREBL2,2.07167121591321
TSPAN31,1.83869234492033
DNAL1,2.70852171978412
CIPC,2.1331053507119
PDCD7,2.52116728439436
SNUPN,2.04751637537744
ATXN2L,2.10876251673915
SLC52A3,2.28912288219821
SSBP4,2.61733476693512
YIF1B,2.3474462999493
ZFP36L2,1.96187819759017
HSD17B10,-0.187053295661558
PSMC5,-0.169299787184403
ODC1,1.58498805395508
FAM136A,0.997347580847651
ANKRD9,-0.104215767753939
PPAP2A,-3.36317707320341
TMEM176B,-0.602302418415908
ATF6B,0.185441824270111
SHISA5,0.830428835508784
RPL7L1,0.59543418634603
VMP1,0.222438367928571
CMC1,-0.610239927253372
ATP6V0D1,0.23694131989324
PUSL1,2.03343069576081
ACOT11,1.62441362064093
RP5-1033H22.2,1.82747513171008
VPS45,-0.347417782651124
SLC33A1,2.37047033782215
TMEM184C,1.99502746434274
RNF44,2.26017777302421
RP11-385F7.1,1.61773617190046
IQCE,1.99997242544651
SLC25A43,2.08396124140423
CCAR2,0.993806319448097
TM2D2,1.10053250246726
RDH10,2.30316980233694
TRAPPC9,0.894746222092999
DENND3,2.30258692656408
KLF9,0.613895702861464
IDNK,1.50273007973284
GPR107,0.962154124932697
MICAL2,0.924839455974213
ALKBH3,1.5419417937806
DLAT,1.6548347746747
C12orf43,0.941146483052375
MIPEP,-0.242168127363268
GOT2,0.601527131043075
RAB11FIP4,1.61111105264224
LEPREL4,2.11049570244735
TRAPPC5,1.73205095403832
POLR3H,1.81361955586347
PSMG1,2.1139192384873
RPL41,0.325994858505821
PAPOLA,0.62640299346648
GOLGA4,-0.74056225613017
MATR3,0.382863551747363
SOX4,0.14361232648829
CNPY3,0.600798478030259
IRF7,-0.161871342094411
PEPD,-0.747453175992355
JUND,-3.5621054726147
PPP2CA,0.123346256276952
SMIM19,-0.485162478536875
PFKP,-0.312825654016932
CAPZA2,-0.574152092323483
LAP3,0.891987820977978
PDCD4,0.997174906142251
APH1A,0.747391390361784
CLDN4,-1.43955229734692
SIAE,1.38512522100122
ATPIF1,0.320481637360545
PITHD1,-0.758254558197007
ARFIP1,0.12217665816852
ING2,-0.359217598721741
PSMG4,-0.650266376089946
TRPT1,0.216648430304979
TMPRSS4,-0.246425020480897
USP8,0.104580506604944
ERRFI1,1.5901181665032
PNRC2,2.05277094655361
IL22RA1,1.63359974092453
KIAA0319L,0.850810251755398
FGGY,1.21767929158006
THEM4,0.722975758526373
PBXIP1,0.168039111818436
TOR3A,0.605167972354069
RNF2,0.834003256456654
UCHL5,0.488774670976888
KLHL12,1.82716919608324
TRIM11,0.371806648776366
CMPK2,1.85414181621009
UBXN2A,-0.341635602475308
TRMT61B,1.83623661867792
FANCL,0.794984833739158
XPO1,1.2854836743806
SERTAD2,1.753603789952
SPRED2,2.01177295523937
RTKN,0.489886326936117
MOGS,1.49270912116304
HTRA2,0.826371624150211
CNOT11,2.4105963403238
PKP4,1.70231508111645
RPE,1.39535004157063
ELP6,0.313826934056074
RRP9,0.689750996401023
TOPBP1,-0.310289336786793
SRPRB,1.31088336035053
STAG1,1.52667328018982
PDS5A,0.909524339631366
EXOC1,-0.223764720294474
ENOPH1,1.04688963806527
PAPSS1,1.58918716344378
PRSS12,1.71118325370421
USP38,0.742554185955468
BRIX1,1.38541174964747
FBXO4,0.890846410468933
SMN1,1.95413301772024
MCCC2,1.04179414976496
TNPO1,0.339867673770885
TXNDC15,1.24192022580048
PURA,0.286827702837734
DUSP22,0.273251985246573
WRNIP1,0.783357823207692
HIST1H4H,1.16248287113942
PRSS16,0.931820326499252
RP11-462G2.1,1.39285161800123
CDK19,1.30092807234561
MYB,0.433278935677914
TMEM181,0.142301938675192
PMS2,0.894070142273851
AC003075.4,-0.442828433106217
TWISTNB,1.86454902345417
VPS41,0.549888945043278
RP11-166O4.6,0.531874764482897
BAZ1B,0.148186743480046
DNAJC30,0.793983656210497
ZNF394,0.286378525180663
ZNF800,0.758453326359668
BPGM,1.73472733871415
ASMTL,1.37287626314291
FTSJ1,0.239778053718629
MAGED1,1.72661197208268
ARHGEF9,1.19923223122525
LAS1L,1.28749983849942
DIAPH2,1.89317276683389
SYTL4,0.994602707144302
RAP2C,0.672264898906044
FMR1,1.76963433505001
TMEM187,1.07008701214935
BRCC3,-0.354743424465748
PPP3CC,1.07251257357948
NCOA2,1.24969955550628
KIAA1429,0.898504935016804
ANKRD46,0.606018013420342
NOV,1.10855021527234
ZHX1,1.19301747142604
CDC37L1,1.81205976787174
ZDHHC21,0.830970349649229
TUSC1,1.30086352814081
SLC25A51,-0.322544728558997
NFIL3,0.35817926724139
RP11-395P17.3,1.95160306149401
TMEM203,0.705928569665115
NELFB,0.260129665277203
TMEM236-ENSG00000184040,1.02391901944089
ZNF33A,1.08154131284245
SLC25A16,1.31459909957332
DDX50,0.698290823446434
RNLS,1.68188687782635
CUTC,1.89642888776575
TRIM8,0.667185598729715
PCGF6,1.50029149746696
BBIP1,0.611528899764147
MCMBP,0.447431457278397
FAM175B,1.40500308714195
PPP2R2D,1.27972614989727
CPT1A,1.54408887521588
POLD3,1.36272628552434
SLCO2B1,0.454298469203493
PRKRIR,0.993777172062613
AASDHPPT,1.27586509064407
DDX6,0.734459313235858
C12orf5,1.63007694727484
DNAJC22,1.10413641857987
SPRYD4,0.124441600496944
SRGAP1,-0.641052299402319
TBK1,1.38390059167776
RAB21,0.426538571395809
NUP37,0.279067140910807
ALKBH2,1.95213173160505
UBE3B,2.11870933087375
SFSWAP,1.31196182503392
COG3,1.45198326101896
NRDE2,1.7943222397298
TRMT61A,2.01963039909738
NDN,1.38843872745033
RP11-519G16.5,0.446026200110218
DMXL2,1.48962885854131
STARD5,1.48123403235308
HN1L,0.840255019764476
ZNF205,0.225467825323575
RMI2,0.641690294687555
COG7,0.162973705541653
ERN2,1.76726149967224
ZNF764,0.503920443981154
KATNB1,-0.281341001516703
NFATC3,-1.30583710267757
FUK,0.374806122805868
FBXO31,1.0534481088543
VPS53,1.39934988816961
CAMTA2,1.55450326265755
HNF1B,0.656772383322288
KAT2A,0.801661233180297
HSD17B1,0.530332239704237
RSAD1,1.16679168549909
AXIN2,1.87704156203024
ENTHD2,-0.256020308705874
DLGAP1-AS1,1.5889699399447
LINC00526,1.51578014004587
FECH,-0.192789754599183
TRMT6,1.35794212279772
PDRG1,0.722198613373241
PXMP4,1.38374647845494
TTPAL,0.861768513883631
SPATA2,0.114333083562032
PTPN1,1.44573051545075
MUM1,1.58094734072878
CHAF1A,1.14185982221793
SYNE4,1.26822844315425
XRCC1,0.667149427829987
BCL3,1.25102468805296
ALDH16A1,0.671285429413558
RRAS,1.23552085013439
SELO,1.62889211226606
HDAC10,1.7287399601985
COX8A,0.376518964350701
C16orf13,-0.56952587000026
ILF2,0.774716524585579
YBX1,0.386531813791432
RAB5A,-0.931277412542286
MPG,-1.17842987384797
BLVRB,-0.104293295390327
DUSP11,-0.179100233341464
NIF3L1,-0.751801311647386
BLOC1S4,0.540452869660601
SREK1,-0.442049149590391
F2RL1,-0.884610352092977
MAPKAPK5,-0.157368455339691
RABGGTA,-1.0483949431045
NELFCD,0.104512571497589
LLPH,1.69255031544357
STRADB,1.36935553133383
C22orf39,0.543073937089443
GRHPR,0.410048989274178
SLC25A1,0.25460381678166
NDUFS7,-0.25360455512734
MT-ND4,0.682276139819129
NDUFA13,0.40555928902151
TWF2,-0.517031106474666
SURF1,-0.16355845177529
CSTB,0.464413169106027
CCS,1.10732086440347
DDOST,0.86577433425224
RAB40B,-3.61831051398463
FUCA1,-0.707053732723832
PPCS,0.426087300064805
RPL30,0.569212967527231
PCMT1,0.328535589714914
DYNLL1,0.527361620586742
PMPCB,-0.354444905022288
UBE2I,-0.365069465134211
TUBA1B,0.996037201384785
SLC35F5,0.13311644774141
TUBGCP2,0.600878644244002
SDHAF1,0.370361689611121
ALDOA,0.446736166806022
NAE1,1.34026259880327
BRK1,0.106274201336556
TCEA3,1.01574304022146
SPCS2,0.409433569393843
SRP14,0.357066929402106
MGAT4A,0.72509840139491
ARSE,0.550823500859536
DGAT1,0.579777723737698
GTF3A,0.166452304318622
COMMD1,-0.114834837447874
DNAJC4,-0.530738547056399
PHYH,1.92357180867886
PRKCD,-2.8999055087007
ADIRF,0.647642875491556
RPL7,0.337589463107276
OST4,0.877186667241725
NDUFA2,0.334326781457792
TMX2,-0.382027178105574
CLK3,0.302144431013195
CNDP2,0.237025481259548
RASSF6,0.582650764618938
PTER,0.178858167409118
SH3GLB1,0.186731547329472
CHP2,-2.1914367413062
ATP5E,0.559270571771542
ACAA1,-0.267830862100123
PTPRF,-0.629726309377768
RPL34,0.336228381145117
EPS8,0.32628245607008
IDH1,-0.152745228849341
CYCS,0.40707157379323
MTRNR2L10,-3.86277134898064
NABP2,0.177583882041833
DDX17,-0.455771667161183
CLDN7,-0.669385131613625
EIF4B,1.34964668550096
TMPRSS2,-0.897823717039861
C17orf89,0.51709647411699
TMED3,-0.815797171387033
HDAC2,-0.431595966184248
TMEM87B,0.813974866837572
ATP5J,0.597951207642734
HLA-B,-1.13288785502749
CTNNA1,-0.199434981648491
SSR3,-0.773060111087046
ALKBH7,1.16009949681373
PRADC1,-0.274815727430983
C15orf40,0.111349597262756
TMEM230,-0.324868999060533
VILL,1.40829294588235
RBM3,0.116870126483277
GADD45A,-1.04685776525466
PHGR1,-0.629704102519224
NKTR,0.704765014445844
JKAMP,-0.160340332988653
ETS2,0.281311203065439
SMIM20,0.196196578246912
NIT1,-1.07486613178077
PSMC2,0.800405701612486
PSMC1,-0.810893355193195
WBP5,-3.93866216772584
NR1H2,-3.33216442165532
HRCT1,-1.98268593859081
RPS15A,0.352563342246299
PCBP2,-0.224921889334429
PAQR8,-1.5196230393386
C9orf78,-0.802732992509179
COMMD3,-0.52481928523604
MIB2,0.17611554041402
SZRD1,0.374144633148768
RHOB,-0.640798521802649
MAD2L1BP,-0.194550497837208
HRAS,-0.386311573846857
COPS2,-0.431937669397223
TGIF1,-0.501068105344443
EIF6,0.105152585203272
KLF3,2.05340256912583
CDX2,0.609531635747145
UFM1,0.727182546255574
PLS1,-0.201416181544459
RBCK1,-0.130623628902465
SYAP1,-0.109381651337075
UGDH,-0.63502900666367
PHB2,-0.497844077084171
TPM3,0.689429758497486
RPL31,0.338663051707686
XIST,2.15372808549414
ETFA,-0.151049257165938
PSMC4,-0.16944956562713
SNRPD3,0.129294430420823
PDLIM1,-1.24860773344593
STXBP3,-0.194706653833358
BPNT1,0.309696153003313
CRBN,-0.740238221577768
HINT3,-0.932210495747228
GRINA,0.424019572762874
MGEA5,-0.469397496561023
STK38L,-0.856828319021567
PPP1R12A,-1.49979966806723
OSBPL7,-0.687450746467428
MED15,-0.437633561271061
HINT1,0.521343248647554
ARPC1A,-0.108112710004876
TMEM106B,0.783583557390162
PEX11B,5.05634925180471
ROCK2,2.81515380843883
ZNF514,5.25720927100253
SDF2,-3.27188690372458
RPS14,0.20794318419891
HMGB1,0.468878997417695
TMEM258,0.860143828552795
IMP3,0.14389024489092
SLC9A3R1,0.117680244226086
TSEN34,1.91749665133001
TUBB2A,0.211478193673911
C12orf57,0.360480303246953
ABHD3,-0.962414339124682
GOLGA7,-0.253055652156802
SLC16A3,0.882390303595996
GOLPH3L,0.286565465536087
VDAC3,-0.421774979577994
TMED10,0.611508103978586
CISD2,-0.894450895146914
TMEM167B,2.27638641559798
C9orf69,2.79025438681677
CACUL1,2.54843216085413
WARS,2.58366309440944
USP7,1.76440860665601
HSD3B7,1.99559051211048
ZNF784,2.37871980371453
DMBT1,-0.330453654270256
MT-CO1,0.348230073789462
CWC15,0.312918408510312
GCA,1.04877194112675
TTC3,-0.389034664150653
MTRNR2L8,-4.29409873682412
PITX2,-3.15414198754801
CYP3A5,-3.30674470183014
PTK6,-2.9766123312944
PSMD8,-0.679221310474469
ABHD11,0.26867455805071
SARS,-0.199868559333471
MITD1,0.130448442871448
OAT,0.579668522061735
TNFRSF11A,0.773414622464739
UBE2G1,0.532064390321956
TMCO1,-0.26824093325407
DEK,-0.327575669255642
P2RX4,-0.494973166886907
KXD1,-1.05535704477053
CRELD1,1.79983420838576
TOP2B,2.37679528219675
FNDC3B,2.42251880826875
FBXW11,1.13885829524404
KMT2E-AS1,2.02095701638794
EMD,2.20346760865646
C8orf76,1.75124464374604
GLE1,2.14716415771205
PPFIBP1,2.12876057721653
ZMYM2,1.8719806230736
MAFG,1.96486090563199
DYM,2.40755404382876
CDS2,1.52815087556945
ZNF766,1.56376864799584
TMEM72,2.14673918465554
SELK,-0.509134888255003
RPL27,0.367825213126859
BCAP31,1.19408358518989
EIF3I,0.439104907452507
PFDN1,0.940209975030195
TRIM15,1.57295338052148
KRT18,0.573667446514524
CCNL1,-0.295869425584791
C19orf25,-1.02663090756238
NEK7,1.40401888991047
DDX59,1.10691737188871
UNC5C,1.01886100059183
KIAA1109,1.7337389119191
PDLIM7,0.743910238807284
RPP25,2.29445977682903
ZNF75A,2.08838677191812
NFAT5,1.01137638025096
TK1,1.64820768055846
RAB27B,1.40910634399469
PRR14L,2.18867650958659
NCAPH2,0.70179571560629
GNG5,0.347696014991012
LAMTOR4,-1.31949071631043
FNTA,-0.234876477964081
SERINC2,-1.83969544528525
RPL18A,0.300650160654156
NTHL1,-1.36438122865445
ST13,0.660160394268849
RPS10,0.107421878703917
RPS9,0.288131656250234
HLA-DRB5,1.51540196938257
VPS25,-0.298600671559221
SPSB3,-0.629176238098435
DYNLRB1,-0.394791963239095
VPS13D,1.1320871211094
DCP1A,0.887835795214005
C3orf52,1.79896026641987
MSL2,1.45091291819692
FGFR3,0.518036763979217
TBC1D1,1.26565502207126
CDS1,0.938545049213799
CLPTM1L,0.383415081663206
DDX41,0.372509682216027
ARMCX6,0.440889344696687
IKBKB,1.21650726198489
IFIT3,1.23210247006395
FAM89B,-0.507017208013427
RAD9A,0.985412824396964
CREBZF,1.15229962814736
SSPN,0.657792415175168
FAM179B,1.25315755784353
PLEKHG3,1.22259599260258
FEM1B,1.04396013562673
PITPNA,0.787015808460722
CXCL16,0.622634378564899
SPECC1,1.20436898413021
NMT1,1.50365934462239
PTRH2,-0.840659442071853
SMAD4,0.863901907635981
NXT1,1.78133256523839
GTPBP1,0.307624696356237
ARFGAP3,1.15791827653869
SMIM11,0.693317727354948
C2orf54,-3.26383217451879
VIPR1,-3.29186781241893
FOXP1,-2.63745053180532
ENTPD6,-2.87008964795676
AQP8,-4.24337974123454
SSH2,-0.26354086892457
MED29,0.256455614224459
ATP5B,0.29625168784102
NADK,1.11269438434839
VGLL4,0.575274171721552
GLRX3,0.426575393360708
SH3BGRL3,0.562603714081487
RBM17,0.154697175343546
DHRS1,-0.455941377362749
CPNE8,-0.835530581802365
COMMD10,0.372262635749441
OXA1L,0.561402908443177
FBXO6,0.848759667318422
AGMAT,1.20417341826788
NBPF1,1.21111364090062
TMEM57,1.24452634213375
CTH,0.20559545628256
FNBP1L,0.302235994667119
KIAA1324,1.40495143479285
RP11-277L2.4,1.19275093983456
DCAF8,-0.483289198724274
EIF2D,0.496460019799675
RCOR3,0.657577054805895
ARID4B,0.30752437349514
REL,0.424899485226564
GMCL1,0.949230968427725
TMEM150A,1.03573954877207
RMND5A,-0.756775609946314
UXS1,1.80578496345825
FASTKD1,-0.786998477444504
WDR12,1.28474016878365
HDAC11,-0.236342216484908
HACL1,0.885327831492077
BTD,0.829747917778847
CTDSPL,0.358381700143157
TCAIM,1.53094758903937
SMARCC1,0.486687534233359
MAP4,1.05550283674626
TBC1D23,0.96643598782156
HHLA2,0.350388189766821
ABHD10,0.993034246555319
GFM1,1.64611329635815
ANAPC4,1.26336774477323
IGFBP7,-0.958385945219967
NUP54,0.101890841667628
DCTD,0.114221827174456
C5orf28,1.01335126458834
MOCS2,-1.4631813069118
HMGCR,1.64126079908799
IQGAP2,-0.163563409378008
ELL2,-0.211646854032413
RIOK2,1.20745034193546
C5orf63,0.351540232056281
LYRM7,1.17813982188203
GNPDA1,0.583578771733792
GFOD1,0.54239190740505
PIM1,-0.148912307025369
MAFK,0.407575328826661
PSPH,1.55287200579555
RBM48,1.05368518993395
MCM7,0.206273914910492
TAF6,0.734457894684774
PNPLA8,0.953229186663862
SLC37A3,0.829368557230803
LINC01003,0.254483443001123
VMA21,1.21028901178188
STAU2,0.35428529102889
RNF139,1.45977261016803
SLC27A4,1.33347504902505
C9orf114,0.388905124862174
EXOSC2,0.931700594182127
CLIC3,0.879613973425312
SEPHS1,1.05439103840252
ZWINT,-0.39996166508179
HERC4,0.842072042127008
ZDHHC6,-0.210261007627991
ABLIM1,0.108420870771801
SIRT3,1.06517632028715
TIMM10B,1.130125563973
ZNF143,0.124845021433585
RNF141,0.153833984948324
PDHX,1.11027065373984
EXT2,1.12481304293979
METTL12,-0.431352118526998
PPME1,0.513827919292126
CASP4,0.669764675177174
ARHGAP32,-0.186875188992556
BARX2,1.06888156760083
ADIPOR2,0.9926403913152
DYRK4,-0.268554269741481
YARS2,1.39707077758502
TARBP2,0.908039119897064
MTERFD3,0.909014324887656
MED13L,0.612692023839578
SLC46A3,1.63223967427839
LACC1,-0.476063554408382
ELMSAN1,1.01965749744199
ALDH6A1,1.09809502947106
GOLGA5,1.04941375615605
TMEM62,-0.110782348980837
C15orf65,-0.821130608544901
AP3S2,0.872087584424753
SEMA4B,0.475296873466838
TMEM186,-0.155444259028018
TMEM159,1.03289712920399
SH2B1,-0.545454018112184
SIAH1,0.202508228156843
C16orf80,0.962715780297129
E2F4,0.547338595128825
CTCF,0.202888518982358
CIRH1A,0.944968397573522
NUDT7,1.38257419236234
TIMM22,1.58590480738775
TRIM16,0.299530758449458
SUPT6H,0.150958825013352
NR1D1,1.5151712167892
G6PC3,0.862201459713414
PLEKHM1,1.08244826373678
HOXB5,0.456098848514596
CYB561,0.707451845746377
NOL11,-0.752283732449953
SLC39A11,0.164974498191723
COG1,0.433936583324663
USP14,-0.461678159516351
MGME1,-0.904879053788997
PET117,0.566521923546642
PCIF1,0.390340251170143
ADNP,0.114147858101087
POLRMT,1.14880357033372
SLC35E1,0.653791002134997
URI1,1.3203863933932
ZNF146,0.509538580981297
ARHGEF1,0.438275359344206
ZNF576,0.214916140637373
TMEM191C,1.28513036107864
MAPK1,0.101144855662637
SF3A1,-0.419497964274589
CTA-29F11.1,0.926748826666362
BTG3,0.512452558339621
GART,0.369932257993083
DSCR3,0.595856103110668
PXMP2,-3.3515120973993
CNIH1,-0.556643812330429
DRAP1,0.150270859372049
ZMAT2,2.15325771036596
CDK18,-3.33523410496556
CREB3,0.656690498197976
WASL,-0.616501632885901
RNF11,-0.355541995337591
VAV3,-0.25663417597984
STAMBP,-0.719393559349572
ARHGEF35,-0.809509447131264
MRPS28,-0.387792541562041
CDK10,-0.381500408677392
RAD21,-0.657116424000574
MRPS18A,-0.379641714756676
DSC2,-0.567999245960359
PKIB,-3.0014955502324
RAB20,0.23895382035886
SCP2,-0.297862747238633
PLCD3,-0.193861531873612
EPCAM,-0.617513609358032
DPY30,-0.641797233428849
NECAP2,0.351785903953918
IMPA1,-0.245034945913131
TIMM17B,-0.57642254163432
CST3,-0.378073624378044
PDZD3,-2.77454155174307
MSLN,-3.12052043000238
RAB25,-0.203949166744853
PMF1,-0.616223485158554
PSMA7,0.167113570507455
PNISR,1.95540054218013
UGP2,-0.199597782461175
NAA50,0.30886736519978
CYB5R4,-0.314893433394861
SH3BGRL,1.03671725213388
B2M,-0.922002091711931
ATP6V0E1,0.89192713768521
DDX5,0.673760543205902
SH3BGRL2,0.880450446191219
SLC25A4,-0.774193773857881
TMA7,0.646200678049345
FDX1,-0.859957965110286
PRRC2C,0.69933294011788
DYNC1I2,-0.256388596930724
VPS51,-0.363157786343934
KDELR1,0.809009165948509
CHMP4B,-1.59097138941605
C1orf43,-0.360609403702646
SMPDL3A,-2.85413947701584
TP53INP2,-2.83199036222949
TMEM219,-0.226526911824369
LYPLA2,-0.222451723003067
FAM103A1,-0.256835347051239
SAMD9L,-0.665187128370001
COX5B,0.224435441921576
MRPS34,0.283427660442222
RAN,0.524789810396366
OSTF1,-0.550078689477359
ST6GALNAC6,-0.525182006967143
C4orf48,-0.203645976659334
GALK2,-0.206414028370392
NOP10,0.192512707809916
MRPL14,-0.32090188203523
SGMS2,4.57501845132439
PPP1R13L,3.18707915860709
APOL6,4.57711201609887
CDKN1A,-0.373665722444079
ID3,-1.04033701828834
CGN,0.747285753327531
HSF1,0.649375422643735
NSMCE4A,0.459119031273629
GSDMB,0.534749986878934
H2AFY,-0.480118157116891
REXO2,0.301559284551064
MMEL1,-2.50787941803906
ADIPOR1,-2.77069259837739
P4HA2,-2.26484582049422
LRRC1,-3.13396834442277
C12orf36,-2.71300556495594
TNFRSF1A,-0.300108387893354
EMC3,2.1834310259022
DHRS4L2,-0.642625428432526
NDUFB9,0.169132761511173
CLRN3,0.236921714836686
PREP,0.26445707756852
RXRA,2.34892803724487
HERC2,2.2701123870072
HELZ2,1.93805581265806
CNN2,1.91456493674673
YIPF2,1.26235763338127
SYMPK,1.82499056778935
RPL27A,0.30618585775006
GIPC2,-0.641010210573936
RALB,-0.435580677226792
GTF2F1,-0.342987387349895
C1orf210,-1.06133884800356
EIF4A3,-0.532282632004949
C11orf83,1.53185429292396
MIF,-0.205543414813409
DPM1,-0.22697093151261
MLX,-2.45365569016275
HNRNPA2B1,0.303547704466079
UBE2D3,0.515724168781289
CTSS,-1.69226110909372
BCL7B,0.379903733943295
TMEM259,0.6115058408885
ARL4A,0.17062845203161
CCND1,0.337968324788421
FKBP8,-0.345397822904765
RBMX,-0.366256529320785
MRPL19,-0.226519002492333
PPP4R2,-0.228107642595613
GPBP1,-0.41983897848622
C5orf56,-0.727366932436139
MID1IP1,-1.49344154556054
TTC39B,-0.405354717181951
PPP6C,-0.682007595515542
SDHAF2,-1.10855096533963
OSGEP,-0.435824544873563
BAZ1A,-1.15721722313363
DCAF7,0.290999910560458
SH3KBP1,-0.414061489513425
TMEM54,0.231132299740083
SLC22A18AS,-0.316191120570571
IFT172,-0.884040203469873
VIMP,-0.184384978277937
MTA3,1.52473675039572
AKT1,2.19219173583973
MED13,2.07071293734214
ANXA11,-0.196654125641498
PADI2,-2.67321456570262
NAAA,-2.8378053161466
MFSD10,0.461244984803856
SAR1A,-0.670791820720411
NAPA,-1.48095240437618
VASP,-0.486637541592791
RNF186,-1.8320954653352
SDSL,0.231725070344854
RPS19,0.160231868721933
AHSA1,-1.07485666840563
MPST,-1.12093387479594
SPON2,2.10120298044824
MARVELD2,1.99887494956735
LARS,1.32727380217682
ESYT2,1.53772041998355
PVRL1,1.52067767386607
NBPF10,-0.431451268900335
SERF2,0.19188043596653
HTATIP2,-0.175481449365296
NUDCD2,-0.401538034187072
OCIAD2,-0.266957694119501
IGSF9,1.64597807193945
RP11-490M8.1,1.51893978914848
TFCP2L1,-0.44745564403404
IFRD2,1.50055980187357
PODXL2,0.679281574760376
WDR46,0.281280992981868
IGF2R,0.260920789163081
SMC1A,0.835961591057464
POLE3,0.873871524870783
PRKG1,1.58862560885809
CPSF7,1.19562458065446
CASP5,0.812028425469173
ARHGAP5,0.540716451664755
GAA,0.600411555214329
CCNL2,-0.30228764312221
WDR33,-0.281795636176597
PCNP,0.253644561435603
CYFIP1,0.376988743072274
FDFT1,-0.119672110201937
MRPS36,-0.185140097672962
TMSB4X,-0.298848270279128
PYCARD,0.724323829971043
MTIF3,-0.890051383081695
CBWD1,0.731505808883169
GCNT3,0.752143613941099
RPL17,-0.713801228026359
HERPUD1,-0.770322104097573
MYC,0.107241942969882
ADD3,-0.440966167353644
PRPSAP1,0.194516246198681
IDH3G,-0.410948547309152
NDUFS3,-0.346179138208527
ANAPC11,-0.229600063251994
STPG1,1.10136863643838
HOXD1,0.197264079781039
RUVBL1,0.246538945654709
RNF130,1.54223708803068
SRRT,0.86880017851148
RNF170,1.06840232322872
SQLE,-0.338742369147732
NUTM2A-AS1,1.26985657697552
ING4,1.10083830866478
KIAA1033,1.42352519162728
SLC8B1,1.39360319414098
NHLRC3,0.670158381176834
FLOT2,0.240005245477663
FDXR,0.616704371145385
GGA3,-1.13062011937778
KIAA0195,0.418336644545287
PQLC1,1.17907161672234
KRAS,0.595733782297201
RBM23,0.414506607056895
MPHOSPH8,-0.50365344071642
SLC25A6,-1.13958514590851
ERGIC3,0.177921678161667
WIPI2,-0.603790678499684
MAP3K11,-0.100527883141792
DPP3,-0.420535919407623
FBXO34,-0.449966341156989
SNX9,-2.42168108912019
CTDSP1,-2.52054394347083
TSR2,-2.62079441439432
FUNDC2,-2.37708064425932
EIF4EBP2,-2.76492990881004
LCMT1,-2.60927919158079
PTRHD1,0.101919756572026
RNF5,-2.08399663133521
BAG6,0.206745875674352
ATP5EP2,0.352780146112869
SPINT2,-1.32646936354263
PKIG,-0.259992504628806
SPSB1,0.214865509906623
PEX14,-0.574837136867597
MECR,0.413173918428064
USP1,-0.299947027531343
MTF2,0.283615244284923
GCLM,0.97679619723781
HIST2H2BE,-0.331481179374173
ARL8A,-0.989347639102756
ZC3H11A,0.336110652040136
MIA3,0.596543473181159
LYST,1.47751867178655
PEX13,0.21861100884503
DAPL1,0.106614734715543
DNAJB2,0.6691545646947
XRN1,-0.316158527518224
SH3BP2,0.712409162065446
SEL1L3,1.59783541916219
NIPAL1,-0.298548092293337
CHIC2,0.402849590286483
REST,1.18538922016615
NNT,-0.290141371500764
TMEM161B-AS1,-0.563772625490689
FEM1C,0.598567277725188
PCDH1,0.254945262691983
TBC1D9B,0.635370719301675
TRIM38,-0.137092942708066
PPP1R10,-0.108224750229348
STK38,0.787813213627779
PHIP,0.268865274225494
SNX14,-0.330808269522129
ARHGAP18,-0.627255547489603
VTA1,-0.239914656417884
INTS1,0.412603800189575
NUDT1,1.02260120713405
EIF3B,1.51645863377712
ZNF3,-0.504804018734398
CBLL1,-0.799963686351401
ZYX,-0.359055443496449
RBM33,-0.317427343557304
AP1S2,-1.19512634825995
RBMX2,-0.498863241089773
FAM127A,0.403995871339557
MAP7D3,0.891722019126197
RNF19A,0.496178589695818
SLC35D2,0.625686380267881
SNX30,0.743102097325425
UBAC1,0.5408856727001
FAM188A,0.343484676564984
CUL2,1.13148322379946
ARL3,0.180886539687473
TRIM21,0.548718065085301
FBXO3,0.658130975171864
ZDHHC5,0.473980916577787
PRCP,1.1047079516522
WNK1,1.43797260201152
ITFG2,-0.739006430204905
PTPN6,-0.110520827081897
MED21,0.715179899800484
VDR,0.251692404935178
SARNP,-0.127775141242263
EEA1,0.226379772694496
ATXN2,1.66756894219007
NUPL1,-0.129983626381954
UBL3,-0.300983028905191
TFDP1,0.950878631178281
DNAAF2,-0.528069049733546
MPP5,-0.147366541747595
ACTN1,0.716089877829078
C14orf159,0.229246924183117
ITPK1,0.590730088083971
TRIP4,-0.325701823335769
DPP8,0.461525573643341
MAP2K5,-0.648887133707446
TBL3,0.193481525616723
NOXO1,-0.417880981155834
RP11-304L19.5,0.129057898224728
CORO7,0.784476856640687
COQ7,0.326819668588168
CORO1A,-0.697991617210613
AARS,-0.129302034227138
COG4,1.13663077660556
SLC43A2,0.489535544729064
C17orf59,-0.209817280922705
ADORA2B,0.305481637433266
CTD-2267D19.2,1.2451930334249
TRAPPC8,0.226248752211897
BTBD3,0.782725232167178
MAPRE1,0.467015059614908
CSTF1,0.541088022717626
PNPLA6,-0.266388846725863
XAB2,0.537476611585794
FBXL12,0.748113962094699
FDX1L,0.485374802760823
LDLR,-0.515091525341365
LTBP4,-0.375964857899409
FUT2,1.02084490062628
PPFIA3,1.4844775537011
NUP62,-0.106827811994851
DGCR14,0.597655198578252
HSCB,-0.169837387564439
RSPH1,0.752790845912127
SIK1,-0.476577843667964
AL592183.1,-0.213911729686563
CDIPT,0.12420686781762
RALBP1,-0.74999850966291
MRPL48,-0.769792241388368
GPA33,-1.83119995070874
ID2,-0.692046471598801
ALAD,1.01942387731151
KLF5,1.78555451192169
ZFAND6,-0.837845014347589
RNF13,-0.481410147706751
DYNC1H1,-1.06680020902363
C15orf61,-0.410443040532458
FAM173A,-0.75463207526355
BDH1,0.358556227039852
HUS1,0.321846383580712
SULT1A2,-2.2278076514625
CSRP1,-2.74833160476884
TMEM37,-2.48680630253579
CPM,-2.08177064417605
CD2BP2,-2.30724872527513
PRR15,-0.858772153554678
HIGD1A,-0.344648769211052
ACSL5,1.83911647110819
MYO1D,-0.570852199708495
SCNM1,-1.05024719991687
BCAP29,-1.26617130193789
EFNB1,-1.00973421776864
CHCHD7,-0.128688113069807
MED30,-0.665597446944865
FAM160A2,-0.794166157733107
WBP4,-1.23576504727403
TMEM251,-0.677467032788459
TRADD,-0.955589584745026
LDHD,-0.773042657405155
NR2F6,-0.743882629913084
SLC37A1,-1.13384045198245
PRMT2,0.122277670955299
DNAJC8,-0.364139150662762
METTL21A,-2.56028963092296
PDLIM5,0.407256540632934
BRMS1,0.333938665679967
NCOR1,-1.40972247987724
PMVK,1.31422873131348
AP1M2,0.240119056728679
RAB4A,-0.212158626324889
S100A10,0.299820953181083
PPA2,-0.420593604171671
GPX4,-1.74530854234234
STX4,0.371659834504452
PRELID2,0.851395307065873
NAPEPLD,4.06037802763407
RPS12,0.500712448338243
EPS8L3,-1.11291068005146
RALA,-0.966788294735426
NDUFC1,-0.259721173656741
KIF5B,-1.39358598330331
CSNK1D,-0.850352404532746
MRPS2,0.131967310263181
FABP3,-2.9690228494891
HYI,-1.79714197045395
CIR1,-2.66376884064959
UGT2A3,-2.58026702249968
ABCG2,-2.53513855375949
PTPRR,-2.08813513334852
ANPEP,-2.27722982496607
TRIP10,-2.86635065628087
APOBEC3B,-2.95784323272864
TIMM13,-0.284677031645052
PRKCSH,-1.40708941964061
PSMD13,-0.753285910204788
CCDC64B,1.6150504234516
VAMP2,-0.438938131665571
PTPMT1,-0.519397864226314
CMC2,0.304409099796402
DNAJC7,-0.40326622903059
HADHA,-0.805510041846024
RPS19BP1,-0.718766663893622
SULT1A1,-0.227449460047292
HLA-A,-1.05307968039853
HEPACAM2,-2.53893289957226
AP3S1,-0.833867444397105
CD99,-0.584770442093825
PDLIM2,-3.08174483185187
TXNDC12,0.690844538086097
GNL1,0.88090381748013
LRRC19,1.83028438225653
UBAP1,1.31944911816189
HLA-E,0.117827957322252
IGFBP4,-0.367105011010809
HNRNPAB,-0.2134535953594
ARF5,-2.33454752499745
RPS5,0.141141134250875
CPSF3L,-2.05343829065475
ACTR1B,-2.20457722834296
ARL6IP6,-2.19597343613451
VPS36,-2.86327872453984
YPEL3,-2.16236067008154
UBXN6,-2.38354820180343
BAG1,-0.457673295634643
ID1,-0.936868880347525
NDUFB10,-0.318841128448283
IER2,-1.65974952322572
SCFD1,-0.540006682182913
ZNF511,0.584383648346291
SH3YL1,-0.130757508952095
DDRGK1,0.646465300866174
CORO1B,0.489118997793481
VDAC2,0.215308874136155
ARID1A,0.794451648587063
POGZ,1.62387483085916
IARS2,1.74794564758137
ZER1,1.55680009868381
MOGAT2,1.95665140044329
KHNYN,1.02433121196195
MIS18BP1,1.12772275895069
MBTPS1,1.02259478061458
NUDT9,-1.00730402666588
WSB1,-0.955826883247079
HOOK2,-0.877583423181295
SLC25A5,-0.796027211664194
LGALS3BP,0.366309050425116
CDK11A,-0.647886734787502
COPG1,-0.404495582075605
PPP1R14C,-0.440885188389036
TMX1,-0.836573068996869
TMC5,-1.08684360704125
PINK1,-0.35784495907022
SIGIRR,-2.68711637086778
YKT6,1.35298558811937
ARMCX3,0.181523873127211
CNOT1,0.64204604799258
TPD52L2,1.30721312841632
NEURL1,-0.736438298941779
GPKOW,-2.39640500195511
HLA-G,-2.05720368155271
SGK1,-2.27934985653334
LRCH4,-2.3913167271223
FAM104B,-2.58688362782909
TMEM246,-2.09933587470289
ATG16L2,-2.51337871939987
ORAI3,-1.53108240532432
RNFT1,-2.06103461728393
TICAM1,-2.17894344537333
ILVBL,-1.71076935519129
CLPTM1,-1.7388872072006
TRAPPC6A,-0.572216500480715
KRT8,-0.228091256995656
RBBP4,-0.522797543540839
CCDC23,-0.625846798424127
RABGGTB,-1.03404414139134
IL1R2,-1.42623901516567
MOB4,-0.842827522610715
SHOC2,-0.913914737147178
SCCPDH,0.113271368877361
TAX1BP1,-1.81818774154924
ACP1,-0.240170568212643
MTRNR2L1,-4.17009239225833
GPD1L,0.524626634397606
RREB1,0.543713277398813
LINC00685,0.978439896990526
MYL6B,1.01298010041743
DHRS4,1.31773638603787
UNC45A,1.00453188636932
EEF2K,0.253363288040792
BRD7,1.14773837565328
TOM1L1,1.46296356831289
SDC4,0.339527072142991
CAMSAP3,1.41185037329815
SMIM14,-0.441183703631972
RPS16,0.30976856658928
SHD,0.702083207202073
PIGF,-0.147931243230207
EHD4,-0.248790865371553
CTSZ,-0.361548501841028
GSKIP,-0.273139609353055
JUNB,-1.23805894461973
RPS4Y1,-0.220169469094904
ST14,-0.223172724256226
SAP18,-0.155522649489587
NCSTN,0.281702592003073
GNG12,-2.98717683549294
ACBD6,1.42404667239437
TEX261,0.638692113414864
SLC9A2,0.542202258435514
LYRM4,0.231099792095617
SENP6,1.30872775881675
ASNS,0.785047064838972
PAXIP1-AS1,-0.359634981248035
GOLGA2,1.35792736951408
ANAPC2,0.60783701559283
ZMIZ1,1.12527441955591
FNBP4,0.664343524256922
ADRBK1,1.05803237120701
PRKAB1,0.554434662493338
OSGIN1,0.2206289811725
DDX42,0.924381867551624
GCDH,0.366386731401053
CLASRP,0.949813241013879
SPPL2A,1.15087275289676
SLC2A5,-2.42310222011323
PLK3,-2.50656285309985
RABIF,-1.7560135834849
NLN,-2.62228036878019
RHOBTB3,-1.93622797828061
TAF11,-1.78443606576625
CTDSP2,-1.77194485516032
CWH43,-1.7503632905282
PPP2R1A,-0.863180727824122
TSPAN3,-1.45513142043082
NEAT1,-1.43203937469317
TMEM59,-0.809547123275594
MORF4L2,0.657797122646546
NUDT22,-0.399647786271578
TRAPPC3,-1.2537266071957
MAT2B,-0.601192845722968
SAP30BP,0.210586731809348
AUP1,-0.985780280889875
FKBP4,-0.40237008750992
PCK2,-0.867331065224466
ZNF207,-0.805396073202013
MTFR1L,-1.17704952299154
ZCCHC17,-0.180504459261492
EFCAB14,-0.541395808172591
LMO4,-0.630508764042944
GABPB2,-0.628122445092178
IGSF8,0.161997584715538
PEX19,0.395796627943195
SLC30A1,0.995579625372858
SMYD2,-0.11378974761137
PYCR2,0.374095433666827
ADCK3,0.449041740601378
CPSF3,0.409932732953151
TTC32,0.947208491110314
PHOSPHO2,0.672877837231517
HAT1,0.745215223505782
FAM126B,0.3642084992886
ILKAP,0.441125266671972
HES6,-0.775645711361084
FARP2,-0.16697007635911
WDR82,0.326766475820057
GSK3B,0.211312075469401
CEP63,0.498962701131253
CCDC50,0.131464351681807
FGFBP1,0.949440103088394
POLR2B,-0.787211437014625
SULT1E1,-1.24109529341802
ANTXR2,-0.62159203389034
HELQ,0.988273300677192
SLC39A8,0.312498074893949
IL15,0.370264034983075
OCLN,0.670064429822192
PAPD4,0.131662252883328
MTRNR2L2,-0.255355564586858
TRIM36,-0.368611248966654
CCDC112,0.531428522658333
MTRF1L,-0.221498875881956
BRAT1,0.895668604830598
TMEM243,0.597619848716424
AKAP17A,-0.565345030755015
DCAF10,-0.13380885814858
RP11-395P17.11,0.992405122946587
TMEM254,-0.539914660660891
MARCH5,0.516423327977175
FAM178A,0.394675001268174
PRRG4,0.239498834146294
EHD1,0.285433569219813
EHBP1L1,-0.208585450194413
ORAOV1,-0.67690654679626
COPS7A,-0.455663244307797
MANSC1,0.251088126743725
SLC2A13,-0.149519094920064
USP15,-0.309525785498642
PRDM4,0.899042307218244
ABHD13,-0.498789111764876
KIAA0247,0.887485947245361
CEP170B,0.58599529859003
UBE3A,0.352199563607467
AAGAB,-0.948492415184603
PIAS1,1.08601066000682
C15orf38,0.606796361475411
MLST8,-0.294620181022942
RSPRY1,-0.393375771287211
DEF8,0.179363079120674
MSL1,0.613364717400267
ACBD4,-0.894194028066762
ITGA3,0.451226143796978
RP11-160O5.1,0.14214158085457
SRP68,0.49459796874524
ENDOV,0.106791942495439
FN3KRP,0.173396207590073
PIAS4,-0.712731021958087
KDM4B,0.495460840721029
CEBPA,0.714898674637686
ZNF480,0.295888608406536
PISD,-0.446749793847251
LGALS2,0.195837769073613
RABL2B,0.556473762019953
BRWD1,0.656649203090537
GGT6,-0.726404351770475
TCEA1,-0.13333143058349
FUT3,0.461466940598655
CIB1,0.253046234975872
COX4I1,-0.133840601444547
MEA1,-0.899981966721668
TCP1,-0.315664006284577
PRR13,0.145747803038083
IFI35,-0.879287967111413
ACO2,-0.72620401320161
ZFP36L1,0.232707537104062
ACAA2,-0.402184596646243
FAR1,3.08879431255793
PBX1,-0.825344288213296
TMED4,-0.508673431193101
AMN,-0.320009179082592
PRPF38A,-2.43270936554735
CYP27A1,-1.37086218107892
FIP1L1,-1.88700207965107
MALSU1,-2.39068324670887
ANK3,-1.74481222224041
C11orf49,-1.70690698717833
STX3,-2.16587266974691
CYB561A3,-2.59163305951003
SSH3,-0.965906435071884
CRADD,-1.81490682245337
PPP2R3C,-1.28140978598925
PIGS,-1.47470737722347
ZNF302,-1.63919040396343
PLD3,-1.44404953234359
KLK1,-2.11001062825077
PPHLN1,-0.339715402500964
UPP1,-1.00665099917738
LPCAT4,-0.561790095141621
IDS,1.98598614297763
PSMD12,1.92428908535142
B3GNT3,-0.4289875612653
RPL4,-0.197137971865886
CYB561D2,0.105274346679498
NFE2L2,-0.89069540999838
EIF4EBP1,-0.942422126979277
AP1G2,-0.546759441927978
MT-ND2,0.234084750240932
PCK1,-2.49456215583239
DHRS11,-0.922138885785856
GUSB,0.144923683824369
ZBTB7B,-0.129116644240218
ANKRD39,1.96419937707041
HNRNPD,1.77970899819361
MED31,1.91297351922164
UBE2E1,-0.48655293717429
MCUR1,-0.906616442563856
C21orf59,-0.5272964722252
RPL32,0.17000662024672
KLF4,-2.44723867875287
TRAPPC4,-0.591267701112047
PRSS3,-1.23227458561363
PRKCZ,-1.93458132435926
SAMD13,-2.27882686725809
SCAMP3,-2.27550962237026
RRNAD1,-1.96981180209407
P4HTM,-1.91888167863285
NPRL2,-1.90243004543217
FAM13A,-1.95683320196218
IRF2,-1.69593610155763
NT5E,-1.79243782061431
ZNF277,-1.64712234766687
ATP6V1H,-1.84443925731876
RPP38,-1.95222000812097
VPS37C,-1.46871071380937
AIP,-1.32682397932487
TMEM55B,-1.16047084358196
NDRG2,-2.19262896714832
EIF2S1,-2.02961690747968
ZC3H14,-1.46285868733836
SPNS1,-1.81656947280609
VKORC1,-1.9167170623212
PTPRH,-1.31775341213132
YDJC,-1.42667243310865
ARSA,-1.56131259587067
GRTP1,-0.356445046364127
NDUFB7,-0.218710778441378
DERA,-0.60391069567213
N4BP2L2,-0.60247920683446
CDHR5,-2.01995532812242
PLBD1,-0.13948132595471
PAK1,-0.573265809974283
RPL26,0.10829194178598
HNRNPH2,-0.792660904556887
ACADS,-1.6223247124202
NT5C,-0.780863404421573
COPS5,-0.49113710227353
HMGB3,0.342958988897113
KIAA2013,1.22926252743271
SHROOM1,-0.142704094318405
GPANK1,0.895793138076079
TLE4,-0.225456178349625
MCU,1.35557361650279
SEPP1,-1.04030249391915
EPS8L2,-0.588429921082244
ATP5A1,-0.138884218995735
ATG12,-0.434580411846197
DCXR,0.313002716595359
MUC13,-1.70379227144575
PLGRKT,-0.503981554929302
PNRC1,-0.479397463418153
SLC39A4,-0.977347121565273
CENPV,-1.29334156868607
ZBTB48,-1.15940065022565
RRAGC,-1.51662354307376
SETD9,-1.72217257019338
CCNJL,-1.48885276670989
EDN1,-2.02307122156567
BZW2,-2.09940891656531
PTK2B,-1.39833686075026
NFX1,-1.47019471414071
PIP5K1B,-2.01862506810045
FERMT3,-1.0256370134356
EED,-2.03186493279805
ISCA2,-1.29612984933605
ACYP1,-1.48814168998057
PRR14,-2.1289056099523
ABR,-1.45474724420263
KIF1C,-1.50586334391472
DHRS7B,-2.02122249871044
RARA,-1.19219594837754
OSBPL2,-1.10000330993508
RBBP8NL,-2.35196472085121
MED25,-0.905365851646462
ZNF814,-2.97948434908194
AGPAT3,-2.04176939328877
B3GNT8,-2.5451616987985
DNAJC15,-0.658545344661532
EGLN1,0.899412615699347
PAICS,0.91678723002491
SLC35A4,0.419394057254283
ZNF292,0.309269197185216
BIN3,0.916527679493163
PPIF,0.457390511919005
GSK3A,1.00591679504336
LGALS9B,2.49946856310728
H3F3B,-0.284668356918802
TP53I3,-0.924029240929704
GLTSCR2,0.641415789129856
FLOT1,-0.476938707929454
MYL6,-0.452311559331001
SBDS,-0.493907860786674
DCAF6,-0.814289106018964
UBA5,0.459420732809853
ARAP1,1.2908565709413
RNF26,0.919862865938763
KIF21A,0.56032824614083
RMDN3,0.236984522156725
KNOP1,0.668145399082534
BCL7C,0.417360009916036
COA4,-0.991290976864978
MMP28,-0.439201606219305
CAMTA1,-0.47770218436402
PCBP1,-0.399300819886911
KIAA1522,-0.952763784295706
TIPRL,-0.969551859799988
NGFRAP1,-0.851070781966072
REEP4,-0.681552982425826
DDIT3,-1.5669417290172
UBXN4,-0.450178159874004
TXNIP,-0.894824129886623
RERE,0.497368502285972
MRPL44,0.38855572472453
NR3C2,0.694873678058373
SORBS2,-0.121211810995987
HSPA4,0.496317779989098
RBM22,0.545465754291483
RP11-140K17.3,0.602662361395612
TSPAN12,0.315871166094334
GTF3C5,0.700135175215141
ERCC5,0.457993189436472
INO80E,0.6829743936869
IFT52,-0.248873548366701
NCLN,0.561219563325463
BLOC1S1,-1.14038715138079
HES2,-1.56259267817477
CNKSR1,-1.30328003412757
CDC42BPA,-1.84589585870679
RP11-1399P15.1,-1.25050689222326
PECR,-1.56186549553019
PLCD1,-1.54104545039347
PROM1,-1.26578168072453
NOA1,-1.64062292930417
GAR1,-1.54444868892896
NIPBL,-1.74191958674192
SEMA6A,-2.04897718691255
RUFY1,-2.04373808723774
MUT,-1.87751073382831
AKAP7,-2.30128015996347
FUNDC1,-1.64448339729538
NAT2,-1.95475875591526
TERF1,-1.48665120304149
NSMCE2,-1.09539468612349
MROH1,-1.38240395989671
CELF1,-1.15959723863299
TMCC3,-1.9085164983214
APPL2,-1.00164989861459
SDR39U1,-1.71725103457431
MBIP,-1.72137484219019
MESP1,-1.83736763198833
PHLPP2,-1.63977796222992
CDC42EP4,-1.29788429847348
LAMA1,-1.11801839651759
TNNC2,-1.43228014120295
CCDC94,-0.634948416281395
PLAUR,-1.48034145341362
ZNF524,-1.7834922007952
BAIAP2L2,-1.23841657478827
CNTFR,-1.95377326587973
DHPS,-0.736231617707143
HNF4A,2.33264912268043
TMEM56,3.43686819007115
COMT,-0.864189361382385
DAP3,-1.05492582508862
ACTR1A,-1.66398259984182
SLTM,-0.801910174408209
RCN2,-1.60408764943826
RER1,-0.546723802963966
ZCRB1,0.182810464052392
PDAP1,-0.467544848649839
SRSF5,-0.72962313407931
KRTCAP2,0.177640426146408
DRAM2,-0.745046608550725
FUOM,-0.97162443734478
PPP1R7,0.30028799005299
HNRNPC,-0.5427936658564
MED4,-1.2981451014656
MUL1,-0.420623606882967
SRSF10,0.406296596116696
ODF2L,-0.789007436399029
SLC27A3,0.884378495567795
PRCC,0.934908403520228
DHX9,0.476074405565773
MPV17,0.145181301213543
SMARCAL1,0.233079228014312
TRANK1,0.189816552628415
SLC25A26,-0.328613764586137
CLDND1,-0.148704749257147
SLC25A36,0.126072763289828
GMPS,0.844948120565281
FBXL5,-1.20248197489906
UTP3,-0.3509679679122
NPY1R,0.105774091963729
CNOT8,-0.627139684529053
BTNL8,-0.161505025052452
KIF13A,-0.310646449055342
ITPR3,-0.118267792103493
ACN9,-0.654402213375971
C8orf82,-0.109868620213549
NTMT1,-0.561167021265137
LARP4B,-0.200248232303969
P4HA1,0.726342261442995
BLNK,-0.776359174830533
AP2A2,-1.01330814650864
CCDC82,0.721614677529684
HMBS,-0.655063354221143
VPS26B,-0.512649224727085
ACAD8,-0.453029253884727
NFYB,0.188750552497567
LINC00926,-0.849522463197412
MAP2K1,-0.270166789765289
NME4,-0.984284075150849
TNRC6A,-1.09590330891082
SF3B3,-0.993734867027435
GCSH,1.26373511633345
TMEM107,-0.810788683318372
SCO1,-0.95949901326912
GRB7,-0.672911178215879
LINC00511,0.304409764838633
ARMC7,-0.449444988051192
C18orf8,0.573593730675995
VPS16,-0.332385232183473
TMED1,0.166271420140805
PRKACA,0.599859275736375
PNKP,0.655728523689749
BCL2L13,0.696158221253819
PEX26,0.64265359103927
TCN2,-0.853849221749406
NCF4,-0.421211688011391
NSA2,-0.267863361311148
UQCRH,0.207472942362313
TNFSF10,-0.536201900327839
LINC00035,-0.969984725484572
ZFPL1,-0.261453084385135
TAPBPL,-0.127042854268894
PARP4,-0.574924473723453
ARHGAP27,-0.283806729493357
GNAI3,0.338169668635592
SLC50A1,0.228833954256773
C19orf33,-1.15207870312513
TOLLIP,1.72517663268559
ARRDC4,1.96222598243269
FAM50A,-0.362069318427045
GOT1,-0.798338411612779
ATP2B1,-0.567384595416825
BCKDK,-0.417584879726028
WDR45B,-1.27639119039268
LXN,-0.35879811994307
RETSAT,0.199812659710775
DNAJB6,-0.410132896121458
OTOP3,-2.02115059832418
EAPP,-1.02548122967389
MT1A,-1.01661994868452
TOM1L2,-1.35052319390057
PANK4,-1.40181410037172
NIPAL3,-1.5884613870063
RUSC1,-2.03102345914677
SPAG16,-1.38395381794276
MTMR14,-1.53086519365225
RBM6,-1.76331018472598
FKBP9,-1.86558353166129
ABCB1,-0.69831101427896
HTATSF1,-1.67447433897906
KCTD9,-1.77842075207715
ZNF703,-1.77634835798474
HNF4G,-1.32805846022637
NMRK1,-1.63961694675739
MAPKAP1,-2.4703684439851
CRAT,-1.22380871724183
TMEM80,-1.52526616531328
RDH5,-1.54392569959746
NTAN1,-1.3145560474697
ANKS4B,-1.08631687725615
SPATA2L,-1.09394740071814
SP2,-2.08911920974898
CYTH1,-1.36866113912219
PYGB,-1.66931805867202
USE1,-1.17874729403892
RHPN2,-1.71956707895931
ERCC1,-1.29335182906116
PRRG2,-1.56471536702268
TBCB,-2.04400932668726
HLA-C,-0.69629382907659
NUDC,-0.996439609282679
HIST1H2BK,-2.46641018530187
DHRS7,-2.36902562734632
SCAND1,-0.483696763122692
MFF,-0.78308993743759
PPARG,-1.87310330035208
TPI1,0.234724810111278
MYL12B,0.15724548221115
SLC25A3,0.190696838479477
ERLIN1,1.07236461608608
EIF2B2,1.40392007889853
RPL9,0.151652287650274
EDF1,0.13216667209156
SLC22A18,0.66556276441296
RAB4B,-0.225456320562882
TAX1BP3,0.186330434064021
EIF3D,0.988294017123065
ISCU,-1.74764048509694
NDUFB5,0.112888325810442
DUT,-0.383253441946261
EBP,-1.51792280677103
SERINC3,-0.798338275031648
NCBP2-AS2,-1.32828961735367
GNB1,-1.03960266542301
MEIS1,-0.362721235512447
COX5A,-0.197167934508219
GLOD4,-0.684258334994404
RHOG,-0.209592694889721
CEACAM1,-1.59953839207058
HES4,-1.18418160400725
NUCB1,-0.655267864380666
UQCRC1,-0.387562577323572
MYH14,-0.99611158967838
NFKBIA,-2.73366711658586
NOSTRIN,1.03780240153232
ANO10,0.808190703727254
SIRT2,0.47173622749261
GLTPD1,-1.29377367031363
CDC42SE1,-1.05850262446609
SHC1,-1.25943185333963
LYPLAL1,-2.71062693363969
IRF2BP2,-0.831725029220966
AC007246.3,-0.469113782759575
TMEM127,-1.3933688933204
INSIG2,-1.93171194952354
CASP10,-1.45470136614623
SCAP,-0.739311244753029
SLC25A20,-1.23211124318055
C3orf38,-1.67660436056912
COMMD2,-0.93215779405741
ACAP2,-1.70407755423059
LNX1,-1.37753941593106
BTN3A2,-0.703672563237469
CCHCR1,-0.610657484925549
AGPAT1,-1.88334047667207
VEGFA,-0.309547874665452
PDGFA,-1.21808678804835
MAGIX,-1.6542721120246
PPP2R2A,-0.445571229056323
HRSP12,-1.79956414814559
TYSND1,-2.39377407312134
UNC5B,-1.33251251626013
RBP4,-2.3785886873542
SLC35G1,-1.22107515907197
RELA,-1.15051340619152
FGFR1OP2,-0.855167374786575
PXN,-2.23553755870099
RIPK3,-0.925201824142372
DLST,-1.82709051407028
C15orf39,-0.174049439447624
ITFG3,-1.28662217173348
ROGDI,-1.27967825670883
FOPNL,-2.13836598684012
ARHGAP17,-0.492208434582184
STARD3,-0.694065819061845
HDAC5,-1.34509920634449
TM9SF4,-0.186672369038934
ACP5,-0.510430205274443
CCDC130,-1.6678692289677
ZNF91,-0.961419662706277
SPHK2,-1.80727781103647
ZMAT5,-0.701306673024704
PES1,-1.54102790726014
BIK,-0.486283627766599
CRB3,-1.4417273863056
APOA1BP,0.169490880330282
FAM133B,-1.62400612411109
PPM1A,-0.458330029286323
SH3BP1,-1.49494747882371
CHCHD10,-0.372542484911922
RALY,-0.282576678726474
TST,0.343470463541284
APLP2,-1.63597142934309
SCIN,-2.52373454173632
TMEM44,0.500890065368117
LRPAP1,-0.451529490562245
S100A14,0.109886228166147
ARRDC1,0.198741209571561
RTN4,0.376189104696848
VAMP8,-0.595276879517234
NEURL1B,3.72650963822255
HGSNAT,4.23339250677224
DCAF12,2.36610389458338
PSAP,-0.579660021307622
PTOV1,0.256907282905649
EFNA4,1.06437305636254
DESI2,0.509522257049942
ETFDH,-0.229576467514524
TMEM184A,0.827111696312473
GBA2,-0.125388534736767
SLC39A3,0.604491512285753
DDX49,0.388128410493352
ELOF1,-0.89895739863129
MIEN1,-0.688497464328988
ZFAS1,-0.427350872865365
RAB7A,-1.6825954693904
URAD,-0.30687347530946
PFN1,0.155214011342051
UBE2D2,-1.27617678483581
RAB11B,0.994801492133574
TMEM51,-1.02852336929108
C1orf50,-0.940196568987207
SOWAHC,-1.13909071322248
SACM1L,-1.80760424355237
BBX,-1.07931724232848
GOLGB1,-1.46718200035388
ABTB1,-1.77553754460874
MUC20,0.163715494582278
SLC12A7,-1.13806960041209
PTGER4,-1.33202071289664
HARS2,-2.02675400426072
STK19,-1.4180406230609
OSTM1,-1.00099555331721
TNS3,-0.900713005803897
RP11-792A8.4,-0.327965434140179
PDK4,-1.98790367306887
LMTK2,-1.12930863743734
SLC12A9,-0.797714648087185
CHPF2,-1.06124688045198
KDM5C,-0.710294741016921
MAGT1,-0.363894330107046
PCMTD1,-1.23118691913821
HSDL2,-1.09859190611027
SWI5,-0.483287592174455
CCDC183,-2.0554637213539
UPF2,-1.33800125687573
NEBL,-1.04254814676229
ATE1,-1.68825619565342
SAAL1,-0.744575004201051
TTC17,-0.914579097115902
CD82,-1.8677406330259
HRASLS2,-1.24253272822646
PRKAG1,-0.400363742946901
C12orf65,-1.3237007353733
TPT1-AS1,-1.19190285613146
ACIN1,-0.922221739042403
FAM219B,-1.75055571466151
PDE8A,-0.232057821563655
LRRC28,-0.866338953799784
CTD-2270L9.4,-0.904282009448248
TMEM102,-0.764773835948724
RAPGEFL1,-0.831854704442483
USP32,-1.93460399419092
SMIM5,-1.44960394618908
TWSG1,-0.672076267387447
OSBPL1A,-1.60995669440163
BTBD2,-0.701402069074998
SLC25A23,-0.52563685590003
INSR,-1.80485967526469
ARHGEF18,-0.800923483618388
MAP2K7,-0.708702131362218
PAF1,-0.4888570255708
PRKD2,-0.576662918417025
TOM1,-0.818950881022228
KCTD17,-1.67369454354923
QARS,-2.75942924043094
CNOT2,-0.469230759476934
AMT,0.145139405295268
USP9X,-0.673608277552655
B3GAT3,0.296852282284119
MPPE1,-0.34465711993594
LAMA3,0.675206729698473
KIF3B,0.553092459005679
NRBP1,-0.479824818892575
EIF3G,-0.650216076647865
MT-CYB,0.141320297136395
CPT2,-1.38070745713375
ECI2,-0.65576153800379
RNF126,-0.649432689197389
FMO5,1.13875356583435
RSL1D1,0.415525400515966
TPRG1L,-0.746125007365895
SF3A3,-0.510897154650205
ATPAF1,-0.414088471695103
NRAS,-1.23978467999904
AFTPH,-0.646448304919657
DPH3,-0.22499053279078
UBA7,0.275105187496233
HYAL2,-1.1155582563518
GTPBP8,0.224180240125111
ELMOD2,-0.286949049720977
AGA,0.137703923386803
HDAC3,-0.700396605859742
HSD17B8,-1.33227039206275
DTX2,-0.180471325134093
SLC25A13,-0.274696002523001
MOGAT3,0.267571541138615
VAMP7,-0.368318019932775
ACBD5,-0.932535067665715
ATAD1,-0.931539865101649
SEMA4G,-0.533803762545616
SLK,-1.25563687618173
RIC8A,-0.25125403097381
CARS,-1.0862470874436
COMMD9,0.530682926826929
TMEM223,-0.227784534487723
SERPINH1,-0.169224823528714
NXPE1,-0.209774593418889
NXPE4,-0.42535441692659
UBAC2,0.368588769383296
ING1,-0.217413227555217
CUL4A,-0.299905703047734
TMCO3,-0.930461398561222
MAN2C1,-0.916607855494389
MMP15,0.100734547047058
ZZEF1,0.369725226692232
UBTF,-0.151780378087372
ME2,-1.34376191716592
MALT1,-1.28035760905227
C20orf27,0.499682773951404
SEC23B,-0.400375633243333
LENG1,0.290489731929108
ZNF580,0.277025229983076
U2AF2,-0.407044748925481
BCAS2,-0.672057687972587
GJB1,-0.382729050776999
C19orf24,-0.922798354338027
SERTAD1,-1.12810593214777
SHROOM3,-0.495547393375579
HNRNPF,-0.157281070181382
SP100,-2.05900618476596
TSG101,-0.606162825258327
MSRB2,0.155073715223548
PRR15L,-1.37507253370363
SETD3,1.1237122845377
TMEM199,1.56856167700039
C18orf32,1.35331557488763
TRIM28,1.31892300781092
PPP4C,-0.530953923719582
SQSTM1,-1.77613876183452
TMSB10,-0.284955329228104
MED10,-1.24837180166678
APOBEC1,-0.571105128234504
MVB12A,-0.368980258485952
ASAH1,-1.00866938021516
ATP5H,-0.364686038010381
ESPN,-1.35287155805189
DUSP1,-2.11000211407772
CCDC12,-0.413070497877861
CMAS,-1.16004609625512
COA5,0.717052464719631
FBXO8,1.36250492642719
POF1B,0.742906629943646
U2AF1L4,0.581437188962054
PROSC,-1.57135832148703
PVR,-1.11659500915443
EXOSC10,-0.813603580866456
UBR4,-1.5847437185619
SLC9A1,-0.273335081147824
INADL,-1.41370606639942
BLZF1,-0.663750287529878
PIGC,-0.255682704486559
IER5,-0.985186618088973
REN,-1.66823842526288
PLEKHA6,-0.406670780174371
PGBD2,-1.03918316597299
ASAP2,0.207080672005538
RBKS,-1.24939819764131
SLC3A1,-0.667517044477091
NCK2,-0.48352323228802
IWS1,-1.704573678496
RP11-347P5.1,-1.19044682540403
ATG9A,-0.77918830829904
ANKZF1,-0.603628062762799
B3GNT7,-1.44394388726489
RPUSD3,-0.639863150021961
WDR48,-0.868622057227145
DALRD3,-1.34015872378692
ITGB5,-1.33222244093538
SIAH2,-0.59402764232644
SLC51A,-0.59188414317824
TMEM175,-0.285224056999303
ELF2,-1.22144636308393
ANKRD37,-0.785373396632369
PJA2,-0.573855431293214
PDLIM4,-1.21192409328775
CLK4,-0.38137285997951
BPHL,-1.96932113330728
RXRB,-1.43846471467792
FAM83B,-1.33802889935196
SLC35A1,-1.49300164912206
MICAL1,-1.59339522999823
CNKSR3,-1.11046796183811
SCRN1,-1.19149014719723
CCM2,-1.43886640570441
SAMD9,-0.646960828054259
MOSPD3,-0.532939712368319
POLR2J3,-1.13292961493564
GLOD5,-0.786414118337181
TEX11,-0.929250405029226
ABCB7,-0.670547662237508
BEX4,-1.13817836760823
F8A1,-1.03672840796215
TLN1,-0.343842740769313
ISCA1,-0.813950451358027
TTF1,-0.516546628283203
NSMF,-1.93428055078156
ZNF22,-2.22750869686136
ADAMTS14,-0.280244839044646
PLCE1,-0.617915573479712
ZNF195,-0.185518206975109
GPR137,-0.304635887563534
DPF2,-1.10593330231539
C11orf24,-1.72276996315135
ATN1,-1.87078803622838
NECAP1,-0.538570006876907
KLHL42,-1.81576875684505
MFSD5,-0.902540546162099
LRP1,-1.35546899795538
SCYL2,-0.41666006619639
MAP1LC3B2,0.199558464946557
SPPL3,-1.12598744680855
PCCA,-0.798147970954922
SLC51B,-0.959930425754235
POLG,-0.765688764736439
RHBDF1,-0.527380131954997
LUC7L,-1.92179345607906
IL4R,-1.40682162183624
PHKG2,-1.09670420812385
NUP88,-0.651178945289078
UTP6,-1.53598939735717
PCTP,-1.23482249162644
UNC13D,-1.34653685212507
MBP,-1.60970369859078
PIGU,-0.760854268633564
SRC,-0.747961265625756
BLCAP,-0.240420913543889
LPIN3,-1.35569508896551
TMEM189,-0.972142940372809
SCAMP4,-0.657981600889075
BRD4,-1.98827946828768
ARRDC2,-0.649370718528595
SIPA1L3,-1.1666932723639
CYP2B6,-0.831333509279471
TBC1D17,-1.38261697609836
IL17RA,-1.01911564703338
DGCR2,-1.03706584061332
TXNRD2,-1.1603627231134
PI4KA,-0.422736658475978
THAP7,-0.710218428157541
HMOX1,-1.75568676495595
MKNK2,-0.146390263743266
PHPT1,-1.00881241374639
PPM1B,-0.627938163477985
GOLIM4,-0.194710026642937
STK25,-1.16370108471641
CMBL,-1.10895826101537
TSEN54,0.2648816460083
DUSP23,-2.26338693660877
SIRT7,-0.792044671734757
EDN3,-1.23684199338627
PLA2G10,-0.856756203028736
ECH1,-1.11774838775407
LEPROT,-1.15064668951515
MALAT1,-0.710848265543358
JAGN1,-0.372953701638817
GNB2,-1.30706505332185
HEY1,0.340171024357665
USH1C,-0.749069685171116
MAPK1IP1L,-0.680035484346084
ALDH2,-0.116064262346207
AOC1,-1.83112892973846
ACOT13,-1.02869136879719
AKR7A2,-1.1898163369321
DOK4,-0.941720075330089
STYXL1,0.795351287956286
LTA4H,0.721987165095836
TMEM30B,-0.549310328112472
INPP5K,0.684498034347667
ICT1,-0.712294806162865
NDUFV1,-0.847916789383041
CTSA,-1.16413687403077
NELFE,-0.283467422196881
PEX10,-1.69988724967478
CROCCP2,-0.5514934222849
HSPG2,-1.08142428599242
SSBP3,-0.789584382628297
CYP2J2,-0.797667507592231
FUBP1,-1.24597934767047
WARS2,-0.238753321183763
ARHGEF2,-0.940941034640665
TMEM9,-0.300010315037051
RP11-465N4.4,-0.753034924234122
LGALSL,-1.94838783243987
PCGF1,-0.992612446454747
SNRNP200,-1.2063103570396
BAZ2B,-0.449187744952205
SGPP2,-0.359905038680134
TRNT1,-0.681000865502983
ARL8B,-0.99288746036395
ARIH2,-1.03717242875158
WDR6,-0.73766097293319
GNAI2,0.119964986556683
TOMM70A,-1.01421346955082
SLCO2A1,-0.697412885064039
KCNIP4,-0.972872348754293
DNAJB14,-1.18425121182761
ZNF330,-0.370533347937697
CDKN2AIP,-0.137724341445456
TLR3,-0.756692168139404
ANKH,-1.22595104004984
PLK2,-1.21551873457531
PPWD1,-0.703877872449332
ERAP2,-1.20760432604199
FAM174A,-0.249035559723041
DHX16,-0.997526302085014
NFKBIL1,0.127710507838465
RNF8,-0.883560023523537
PEX7,-1.29306348756396
SNX8,-0.786190773419606
AP5Z1,-0.578009586023231
AOAH,-0.49468797726243
SLC25A40,-1.45297244709219
EXOC4,-0.377006680401421
TMEM140,-0.674501159486094
IQSEC2,-0.531190415358222
RNF113A,0.380823896077296
NKAP,-1.20871709804981
SLITRK4,0.202772731651445
BMP1,-1.48635797497799
ZNF395,-0.177602544104495
ASH2L,-0.750078372251955
WHSC1L1,-0.130115291903877
PTDSS1,-0.81495552180803
DEPTOR,-0.45357282337651
ZNF7,-0.22330361807965
DENND4C,-1.20522884428038
GDA,-0.564082933521517
VPS13A,0.587521919788345
SLC31A2,-1.21659460880213
PDCL,-0.641854420450497
SETX,-0.685633954460124
SURF2,-1.71423227129054
SLC2A6,-1.34214377140823
ENTPD2,-1.23250173140341
MAN1B1,-0.780980063608694
DNAJC9,-0.708651396342818
ZSWIM8,-1.83374045280324
DUSP5,-1.13828336332006
SWAP70,-1.01606428074008
SERGEF,0.41743004685146
ACP2,-0.190433082322363
TMEM216,-1.65849844421041
WDR74,-0.311989626321261
NAALADL1,-0.756855681317598
ZNHIT2,-1.16342500411796
NUMA1,-0.662187990531001
KBTBD3,-0.894852699488546
NLRX1,-0.367161905823902
YAF2,-0.674498069272377
BAZ2A,-0.359489794978351
HNF1A,-0.745758032039261
SPRYD7,-1.85237283090005
DHRS12,-0.103849981960129
TDRD3,-1.18024866548769
METTL17,-0.797073574005706
PPP1R3E,-0.511664394263767
BCL2L2,-1.31489554272289
TINF2,-2.37424543098733
RP11-44N21.1,-0.52224656719806
VWA9,-0.129464261805815
RP11-798K3.2,-0.874794820699372
SMAD3,-1.17028269482346
FBXO22,-0.613947247454866
DNAJA4,-0.575121604600911
RHCG,-0.454663589802907
AMDHD2,-1.21836111491119
UBALD1,-0.605248624489632
CCDC101,0.30208665338778
AC009133.12,-0.473800710780615
PRMT7,0.383176101288701
ACSF3,-1.10586775838088
ARRB2,-0.963580318953377
SUZ12,-0.876826453649933
RFFL,-0.924080883893188
GATA6-AS1,-0.80107000050406
RP11-1151B14.4,-1.47502073488046
PANK2,-1.32181927427863
FRG1B,-0.516896676783544
SYS1,-1.18397215960739
RAB22A,-0.630059315600001
AC009005.2,-1.14984398934323
KLF16,-0.715872576178568
MCOLN1,-1.29330781811607
ZNF414,-0.453744835217693
DOCK6,-0.320440614986407
ADCK4,-0.29855843989066
BBC3,-1.04395076268821
LIN7B,0.125504654058479
TRAPPC2P1,-1.63313952942989
ZNF552,-1.1466008249926
FAM83F,-1.27325709983548
ODF3B,-0.205031683836416
DOPEY2,-0.778867281172459
FAM3B,-1.79367019753478
RP1-17K7.2,-0.221075859214586
FBXW5,-1.93996333868398
GMNN,-0.341878173633321
SNX5,-0.752093239769971
PTGR1,-0.324892267289779
GRN,-1.23777481422162
PLA2G12A,-1.34266980238875
SNHG15,0.23095314552146
MZT1,0.196430495184226
MMP14,0.63291413261782
UBE2A,-0.378611607991851
CNIH4,-1.18475145837287
TMEM66,-0.827896852169303
IFRD1,-0.8605974398372
CDK5RAP3,-1.17721387310113
SEC13,-0.26046332566362
JTB,-0.266936617339032
JUN,-1.36914201095938
LUC7L3,-2.19040019305112
ISG15,-2.80919377996083
CCDC104,0.248862158560635
KIN,-0.515380653141857
RNF6,-0.149726985722309
SUPT20H,0.245331276713738
FURIN,-0.218613770698378
NFE2L1,0.229544086913516
CSNK2A1,-0.90123935290009
DDR1,-1.42567701587681
RAD23B,-1.21375471102356
CNBP,-0.580507647438113
NOP58,0.573558770733922
FBP1,1.26931411632846
RNH1,-0.751853253605693
MRPL34,-0.594882244232684
PDE9A,-2.43532063885675
NCOA7,0.205911324450212
GUCD1,-0.75749276906957
DDAH2,-2.2671294083782
MAP1LC3B,-1.45033682198243
DDX19B,-1.41301681994075
C1orf172,0.311587388477136
YIPF1,-0.7073980659763
MOV10,-1.08790427256674
TMEM18,-0.946778312480947
AZI2,-1.66055583502539
PARL,-1.10613688862062
BDH2,0.420256213891649
C4orf27,-0.170650180699123
THOC3,-0.475105039397643
ABT1,0.128555851255272
RPP21,-0.280551178714338
NDUFAF4,-0.243977929912419
PPIL4,-1.74781384418265
NSUN5,-0.591799899917501
TMEM139,0.389084185282125
RARRES2,-0.825133829713012
DHRSX,-0.506299746249678
GDI1,-0.102786800938856
FBXO25,-0.476103303016354
GTF2E2,0.179975921628829
CPNE3,-0.797498062120823
B4GALT1,-0.594314646128246
FUBP3,-0.866075624462094
ZFYVE27,0.336042944695722
SCYL1,-0.383901684228391
RCE1,0.189300814037753
SUV420H1,-0.600438299491251
RHNO1,-0.14393791114346
U47924.27,-0.265415707515813
WBP11,-0.978208746281524
COQ5,-0.150664622345776
FBXL3,-0.330507641938529
RNASE1,0.180465066245299
RABEP2,-1.49287911677663
OXLD1,-0.392499685802723
DAPK3,-0.929740587905523
KEAP1,-0.134629381272753
GDF15,-1.58091163367972
ACOX1,-0.97696869425432
CUEDC2,0.886170071323363
STX10,0.997866885454149
TOB1,-0.912565916594613
HID1,-1.37074138177619
CAPZB,-0.518741106866425
RP4-758J18.2,-1.08526599503442
WRAP73,-0.649630223344346
PLEKHM2,0.346703099328296
TMEM82,-0.782011159474959
RP11-108M9.4,-0.926969647915819
UBXN10,-0.225533967051535
EIF4G3,-0.799262592063644
CELA3B,-0.110851231969502
DMAP1,-0.503542545480594
TOE1,0.132442635322852
WDR78,-1.25895856537847
RSBN1,-0.991856329849642
TRIM33,-0.807312872956199
BOLA1,-0.345772178833603
SMG5,0.244637615729014
KDM5B,-1.01635281149459
SOX13,-1.15706710507943
MDM4,-0.94180378916702
NSL1,-1.43824795047223
MARC2,-0.462549558449814
RHOU,-0.710541696855754
TMEM131,-1.57300535642911
BCS1L,-1.24823982395098
AGFG1,-0.150735591701022
XYLB,-1.20066145481063
GORASP1,0.26661257018908
QRICH1,0.372925005663444
MST1R,0.186105445063112
MAPKAPK3,-0.670447660208644
IQCB1,-0.149090404389203
RYK,-0.36951549769828
PLD1,-0.910473651730431
TTC14,-0.225505104731141
ECE2,-0.221803350071178
DGKQ,-0.937342155315052
LIAS,-0.798875772459827
KLHL8,0.115723866843323
LARP1B,-1.023949863797
EXOC3,-0.994622209797188
ANKRA2,-0.27222463956935
APC,-0.637072571688991
SIMC1,-0.394337596216277
RMND5B,-0.746374056312541
SIRT5,0.465923549642128
MRS2,-0.621996364321333
GPSM3,-1.02752877101004
CPNE5,0.211727502936105
FOXO3,-0.522595725843136
FIG4,-1.31729188866712
TUBE1,0.107828085208581
GOPC,-0.766008880115312
RPA3-AS1,0.347513812856215
POLM,0.271756170787421
ERV3-1,0.433057405415715
DMTF1,-0.423523192758393
AP4M1,-0.446126498564217
TRIM56,-0.765371520101297
RABL5,-0.381015547871578
TMEM209,-0.769401366210825
KMT2C,-0.134600235219226
PRICKLE3,-0.727755703863163
SPIN2B,-0.212311975074031
RB1CC1,0.137587707088388
KIAA0020,-0.230957118378566
SMC5,-1.39713961863906
WNK2,-1.21387795084887
PSMD5-AS1,-0.831719085184019
PPP2R4,-1.65807945014158
IER5L,-0.556190879917337
PRRC2B,0.265490776688221
BMS1,0.224131384319681
LCOR,-0.235728060568329
SFXN4,-1.36863768592981
LUZP2,0.227069741860021
MACROD1,-0.177001205752612
OVOL1,-0.680197947118125
RBM4,-0.656823115898564
ACER3,0.482082489812445
KMT2A,-1.18227525348311
SLC37A4,-0.72796157351717
VPS11,0.569268404913951
DPAGT1,-1.16512169861011
USP2,-0.379013190607472
IRAK4,-0.215152038450904
DNAJC14,-0.52357134946407
STAT2,-0.846567352963236
TMEM5,-1.18418734051385
VEZT,-0.447089756394701
TPCN1,-0.991245557685352
ATP6V0A2,-0.952168561944843
DGKH,0.664496316800878
SMIM2-AS1,-0.779309522352428
CDC16,-1.24013226606649
METTL3,-1.1363179838612
TIMM9,-0.307802482837172
SYNE2,-2.06618911186266
MTHFD1,-0.686998200147665
TTLL5,-1.66553623881394
TRIP11,-0.651923929031293
BRF1,-0.378014320935843
RPUSD2,-0.624056699241473
ZFYVE19,-0.439345733579573
DLL4,-0.163762215007978
VPS39,0.688902597920273
BLOC1S6,-0.92247678548133
FAM63B,-0.432048731908107
MEF2A,-0.52084918754009
METRN,-0.650178060000602
CPPED1,-0.33196326543586
NUP93,-1.6572526398574
THAP11,-0.498911049510201
DHX38,0.274098121409549
NPIPB15,-0.483326621812677
MON1B,-0.395307627674151
DPEP1,-1.030420786758
RAP1GAP2,-0.954454337693438
CTC-524C5.2,-0.721200291902436
KDM6B,-0.689492154447779
AARSD1,0.101768412555155
RUNDC1,-1.03289257621501
ANKRD40,-0.2037699283579
C17orf67,-1.25359402646927
TIMP2,-0.456362385017835
CCDC137,-0.66940956007145
PCYT2,-0.956160612295922
SECTM1,-0.112354831241083
CXXC1,-0.171138542500969
POFUT1,-0.777590473747901
MOB3A,-0.992706296910101
MPND,-0.560820732689387
RANBP3,-0.490214617547156
KHSRP,-0.210147119882504
C19orf52,-0.164121352540425
PODNL1,-0.80232061301415
LGI4,-0.535919790840845
DYRK1B,-0.956109238302566
TGFB1,-1.13618668750448
PRR24,-0.7350885907626
ZNF83,-1.27102112087118
MYADM,-0.657120568446276
TFPT,-0.679501954764149
LENG9,0.38738728971212
SUV420H2,-0.650367829383195
ZNF587,-0.521216518443009
XXbac-B135H6.15,-0.581402917455401
GAL3ST1,-1.31331729307992
SFI1,-0.196034982215001
IFT27,0.274606209710774
CBX7,-0.429423774840582
PPARA,0.192136175538537
SCAF4,-0.368805258561456
ABCG1,0.350779415078795
AGXT,-0.86253878925094
HDAC1,-0.92520968027482
SMIM22,0.179171372202246
QTRT1,-0.35455434458861
HSD11B2,-0.47490862189896
ST6GALNAC1,-0.814413517775348
TSPAN1,-0.485834656014992
POLE4,-0.438995903453775
FOS,-0.787947183864074
SNF8,-1.6023838493023
IFNGR2,-2.28620891085882
COMMD4,-0.740540890971246
TEN1,-0.838948866376378
TM4SF5,-1.0841146795978
SLC39A7,0.56119667203997
HDHD1,0.622143160568499
ESRRA,0.84656045992228
GOSR2,-0.279657468591621
UBXN1,-0.839065705297088
TMEM128,-1.11273489952052
GUCY2C,-1.96906483441352
EGLN3,-2.10358293209467
BTG1,-1.45061796624133
SDHD,-1.20963949776052
CARD16,-0.458568594277894
CARHSP1,-1.25320668411225
LRP10,-0.461635550863749
RPL19,0.143571653332061
ATP6V0B,-0.344902602059324
ANO9,1.57952579800552
NEK3,0.103082473414528
SNAPC5,0.403232932745522
SPINT1,0.290374873289033
PIH1D1,-0.302507561386316
SERTAD3,-1.419340455195
STK17A,-1.24926654152072
GTF2I,-0.756609939500831
UBE2B,-0.943355770299132
CCDC107,-0.762769767497313
UROD,-1.5997402806172
EGR1,-2.20374833894529
SLC26A2,-0.619264937534697
PHLDB1,-0.202492367306376
MAPKAPK5-AS1,-0.438623522466503
AC010642.1,0.363215396214164
NOTCH2NL,-1.53235672221747
UBE2L6,-1.44906497826868
RCC2,-0.565222382382463
GMEB1,-0.179080049357372
YARS,-0.145994832369283
SZT2,0.68393499913046
LRRC40,-1.10188350936695
TYW3,-0.782709207858408
SLC30A7,-0.139024304813602
CTTNBP2NL,-1.64233964678116
PIP5K1A,-0.400170351315391
S100A4,-1.59291150216153
C1orf27,0.190467847740764
PPP1R15B,0.742833901590847
G0S2,-0.172753153495159
NVL,-0.925562458268093
TMEM63A,-0.133213042179019
ZNF672,-0.796379705485949
TMEM214,1.06448884643768
WDR43,0.733294226807103
NDUFAF7,-0.167866359728339
HNRNPLL,-0.608939925619403
PCBP1-AS1,0.31232678690038
LMAN2L,0.113106301345621
C2orf49,0.842127823112835
AC009506.1,0.603297773195724
CERS6,-0.777512744413183
HOXD-AS1,-0.847398913566496
CREB1,-0.755271003743688
CUL3,0.124293657805983
PDE6D,0.627588239703305
DGKD,-1.47353048936562
ING5,-0.620657212575863
CCDC174,-0.681086649478258
RASSF1,0.967976066620466
BAP1,-0.629929010242706
PBRM1,0.488420590368398
SLMAP,0.929833792959272
FHIT,0.605986916834521
NR1I2,0.598502584134105
PARP14,0.121532622246079
KLHL24,0.357390604489933
PIGX,0.673332315909326
BST1,-0.539562327712209
BMP2K,-0.432748116863901
BMP3,-0.241250209427096
METTL14,-0.925707798994168
UFSP2,-0.887792508812209
CTD-2186M15.3,0.316923579592897
IL6ST,-0.347025693270964
C5orf24,-1.00038796049529
ANKHD1,-0.217555450419359
DIAPH1,-0.657986338863958
SYNPO,-0.234681483477605
CPEB4,0.169000768679502
GRK6,-0.571401421412394
TRIM52-AS1,-1.38456353328484
RIPK1,-0.47266646625155
FARS2,-0.27396047639973
BTN2A1,-0.454379072862009
XXbac-BPG299F13.17,-0.872806518533925
PHF1,0.43273675952465
C6orf222,0.147279794615344
SAYSD1,-0.169049267815393
FOXP4,0.245092765573038
CLIC5,0.398621312342777
EFHC1,0.872055862098846
PRIM2,0.475630967508029
RP1-249H1.4,-1.06753002589026
RSPH3,0.281427855887063
FGFR1OP,-0.501710855642604
GPER1,-0.580875980074059
ZDHHC4,-1.24841141311262
C7orf26,0.58452466216329
AHR,0.459753341521731
CTA-293F17.1,0.193399133763664
NUPL2,-2.21651951340476
TBL2,0.612185439283648
CLIP2,0.347662024479699
LRWD1,-1.2359857763526
GCC1,-0.404112236060656
HILPDA,-1.03741261841394
CNOT4,-0.177559273464833
PHKA2,-0.459232974672088
TBC1D25,-0.387474766832943
OTUD5,0.843181524902641
TFE3,-1.29412814724522
SNX12,0.447489262893396
TMEM164,-0.35150277955227
XIAP,0.539068239240796
ELF4,-0.128850297193138
MOSPD1,-1.08324797419849
RP11-115C21.2,0.143932863289978
SLC20A2,0.330214733053176
YTHDF3,0.43762945966095
LRRCC1,-0.472939968973697
INTS8,0.116376176649197
SYBU,0.696551071572
PARP10,-0.591152273313104
IFT74,0.672810093919996
RP11-220I1.1,-1.08167954938058
PCSK5,-0.865786227370892
C9orf64,0.252058006845377
CTSL,0.474170443907365
SECISBP2,0.533969640525507
C9orf156,-0.589894580282488
PTPN3,0.216858824738043
STRBP,-1.17074489011819
LRRC8A,-0.283391766486557
ABL1,0.79622896520878
RALGDS,-0.735076642970243
LRRC26,-1.05025072329456
NOXA1,1.00113913475743
BEND7,0.949330067837226
WAC-AS1,-0.905516173464795
SLC16A9,-2.51522155454987
EIF5AL1,0.198474454232874
RPP30,-0.618985796007249
DNMBP,-0.67268056448047
ZBED5,-0.968304532872566
LGR4,0.444570410543188
TMEM138,0.210146953236023
SAC3D1,-0.39223189783843
FRMD8,-0.339684843235008
SIPA1,0.645951835172321
LRP5,0.712810741448556
P2RY2,-0.108301300676722
ASB8,-0.886237399066349
KANSL2,-0.118028214390609
SMARCD1,-1.17124206164189
ACVR1B,0.390786646338098
RARG,0.54711624247201
ATF7,0.601983800255939
CALCOCO1,0.451743101374804
ZFC3H1,-1.10528410591778
BRAP,-0.321889381881389
TBX3,0.32956351751075
HRK,-0.345406755031228
OASL,0.141045353805933
DIABLO,-0.622073673223562
OGFOD2,-0.443238836890067
RP11-349K16.1,0.730058328217477
CHFR,-0.39102503145411
CENPJ,-0.394118488747754
SUPT16H,0.244345580374797
FOXA1,-0.544724207266987
GEMIN2,-0.534871363747438
DCAF5,0.9942164175085
VIPAS39,-0.670115361987553
TNFAIP2,-1.2234612922546
SECISBP2L,-0.162591551678871
CLN6,-0.198197044557612
PAQR5,-1.18188739253406
TLE3,0.205411381092386
RPS17,-0.354906332004303
MAN2A2,0.827701362845357
CLCN7,-1.47511257954191
MKL2,-0.842337979134333
ABCC6,-0.597342795137652
POLR3E,0.595777194397885
DCTN5,-0.940257019109737
HIRIP3,-0.261548386126308
ZNF768,0.252954184421678
ZNF747,-0.202808878075316
ZNF668,0.257613940889519
N4BP1,0.20639925685555
NLRC5,-0.858510152137585
CBFB,-0.437166025460991
ACD,0.481788776446664
MLYCD,0.741230972562072
TLDC1,0.445320448859694
GPS2,-1.20508626946211
ADPRM,0.410349102676427
UNC119,0.163017437526441
B4GALNT2,0.2913747596659
COIL,-0.513360192587954
METTL2A,-1.20491396089603
C17orf58,-0.790463301127678
UNK,-0.388537483109281
FN3K,0.235700311733975
MAPRE2,-1.40394225590122
MBD1,0.112326583047313
RNF152,-0.347257239248005
C20orf96,-0.114463362461983
TBC1D20,-0.712830562012038
CRNKL1,0.286049118056652
GGT7,-0.128472090404865
NFS1,0.299093162739987
PHF20,-1.33791071448799
TLDC2,-0.175094366236031
SGK2,-0.377159705331148
STK11,-0.407658906205351
PPP1R14A,-0.585564569140859
CYP2S1,0.564340483853886
ZNF701,-0.187860669087223
ZNF444,-0.59766509943107
ZNF274,-0.457450526329138
ZBTB45,-1.90364735089633
XXbac-B476C20.9,0.691030721750101
SPECC1L,-0.529404381667141
RNF185,-1.14294777833971
MIEF1,-1.16132846798346
L3MBTL2,-0.909692671765792
TCF20,-0.38825923544671
AP001610.9,-0.331265459843139
MT-ND6,0.336790534664274
GFI1B,0.266262828913634
LCN15,-4.15245986071644
CASC18,0.830465283606227
VPS4B,-1.03647443104702
APP,-0.605073185384554
YIPF4,-0.665020610015479
PPAP2C,-1.13433208946382
UBC,-0.409988332528384
CAPN2,-0.986615282044798
GSTM4,0.294583496757636
DLG1,-0.161902301180616
HMGCS1,-0.250091768472466
TGS1,-0.172792076214671
EPC1,0.645486886954783
TRABD2A,-0.115782157430342
POLD4,-0.838364885569157
RPL10,0.139910738082098
GPR160,-1.20948756774524
LINC01133,-0.981475081191965
SLC39A5,-2.15700194894458
GPR108,-1.63975007798824
TMBIM1,-1.17911725434089
MISP,-0.326437151589936
IDH3A,-0.316595078799451
NDUFA11,-0.360256362674662
WDR18,0.809045841673597
CPA6,0.81378528082571
SMIM12,-0.843591499072413
TTC38,-1.45494578891489
ARF1,-0.397288186548111
WDR83OS,-0.499328654960937
HARS,0.165860535120602
COMMD5,0.102191128595545
DHX32,0.409855449564909
MFAP1,-0.696778384569482
ANKRD12,-0.64105224027251
CRYL1,-1.45528865372969
METTL9,-1.49003222101579
UBE2R2,0.3047388315981
C1orf85,-1.05838525003709
MPHOSPH10,-0.393650576547495
GPR35,-0.443209842075186
TMEM115,-0.313816131781824
TPRA1,-0.920430716334142
PLOD2,-0.582804532237153
CASP3,-0.570916202023525
EPB41L4A-AS1,-0.353820368057721
DAXX,-1.81118775609671
IL3RA,-1.28339112555173
WDR45,-1.34873040150003
PLIN2,-0.537548316743369
SLC2A8,-1.41472602204475
PMPCA,-0.407828959837816
LHPP,-0.437779917697505
DDB1,-0.283520657834032
SRPR,-0.441067776518453
METTL7B,-0.888069746599926
WIBG,-1.03729511937914
EPSTI1,-0.906345125612209
NOB1,-0.50880617241524
USP10,-0.843184298885115
EFTUD2,-0.539808067357087
SPATA20,-0.883133279328636
METTL23,-0.480684092093398
PTPN2,-1.11223936072047
HAUS1,-2.11908619634431
MAP1S,-0.104077977410753
TRMT112,-0.156587721834187
GPAA1,-0.870745935851356
AKAP1,-0.114200168345607
ATG4D,0.994312385234214
ACAT1,-1.80382565945273
EFNA1,-2.06405321021472
LITAF,-1.11009783658514
C2orf88,-1.51504933472001
TMUB1,-2.10907067666894
WBP2,-1.48957607333008
CERS2,0.575381844349292
HAX1,-0.952399543714815
TCEB2,-0.129296358514353
TJP3,-0.848690116490022
APITD1,0.207040230166907
PLOD1,-1.41803412313584
SLC25A34,0.702451496927786
FBXO42,-0.391499257835515
PQLC2,0.535089555731662
AIM1L,-0.321999217222114
PIGV,-1.22902938198449
TRNAU1AP,0.339072436216751
KPNA6,0.453042909079581
PHC2,1.27095480097302
INPP5B,0.730627609237436
CCDC24,1.07487868636566
RNF220,0.447093559470038
HPDL,0.82377198046475
NFIA,-0.48733896609735
TRMT13,-0.712171177468482
STRIP1,0.725337916013269
LRIF1,0.764243609680243
PDE4DIP,-0.681868494755681
GPR89A,1.2042457250291
RPRD2,-1.12335236712801
RORC,0.215526278273749
UBAP2L,-0.132392064962182
UBE2Q1,-0.379709654295509
GON4L,-1.57958820456404
MEF2D,0.327795495210225
SMG7,-0.562229934692261
GPATCH2,0.241139860967793
SLC30A10,0.192337968767295
RAB3GAP2,1.10122909020549
CHRM3,0.183465382380271
OPN3,0.438734225088008
RNASEH1,0.13063669384769
KIDINS220,-0.574128778034311
PQLC3,0.500085421742703
SLC35F6,1.04718861174933
GTF3C2,0.469403785897952
BIRC6,-0.151079195034811
TIA1,1.01036363600937
EXOC6B,-2.15531839521334
GGCX,0.663439010101853
CCDC93,0.964894272415568
ERCC3,-0.207306307549915
MGAT5,-0.376689603431838
LY75,0.386332879465899
NABP1,0.941695844206792
ATG7,1.05395881084159
TAMM41,0.594039245193543
SLC4A7,0.120107726490936
EPM2AIP1,-0.183959084300766
CCRL2,-0.469851669878466
USP4,0.420381709643401
NISCH,1.0205964684226
RYBP,-0.882817750399954
GBE1,0.160424689587375
ZBTB11-AS1,0.595333564582327
ASTE1,0.266164678568471
NPHP3,0.80308111705897
RP11-38P22.2,0.19731656888734
MCCC1,0.665067085610176
DVL3,0.199323562868885
VPS8,-0.448150816906323
ZNF595,0.965750470226965
ZNF141,-0.971370125869324
ZNF721,0.899711560950302
ZFYVE28,1.10747207724054
HTT,-0.327066227726192
AASDH,0.61642216481916
UGT2B7,-0.353586586975819
ADH1A,-0.342272522276777
RP11-10L12.4,-0.174508465252638
AP1AR,-0.434470694628488
EXOSC9,-1.06640049598604
BBS7,1.05512533350295
CTSO,0.516552461408677
GPM6A,-0.232799532557045
SSBP2,0.656171137330901
CSNK1G3,-0.181267692214696
CXCL14,-1.82839923051332
FBXO38,0.602047734501918
F12,0.66072606059305
C5orf45,0.118540692632116
MAPK9,1.37618637119911
SLC22A23,0.207809125316545
ATXN1,0.742288145855781
POU5F1,1.07976556281569
AIF1,-0.326867179686795
RGL2,-0.445481890002694
TEAD3,0.826814175807535
UBR2,-1.42563337137363
TMEM30A,1.55061261803414
PRDM1,-1.12449417049839
RP11-425D10.10,0.861137665815631
HBS1L,-0.684394300245877
TNFAIP3,-0.375797352008568
HECA,0.546403630936513
SCAF8,1.70883621030331
PHF10,0.207102399096547
PRKAR1B,-0.37513094318352
TNRC18,-0.649092249099418
CDK13,1.13646828437485
LANCL2,0.561976215043706
GTF2IRD2B,-0.945691244842593
JHDM1D-AS1,0.832855438255398
SLC4A2,0.308607183546276
AGAP3,-1.33627163145674
MID1,-0.46509446676432
GEMIN8,0.920063431892791
ZRSR2,0.399552261083666
TXLNG,0.856240619870106
CXorf24,0.593361888920439
UBQLN2,0.512073661839135
ATRX,0.393300707097662
BEX2,0.498323401187276
TCEAL1,0.951568135493164
RBM41,0.896693989514327
NXT2,0.272387295447223
MMGT1,0.780310213362649
FHL1,-0.451730217393559
DEFB1,0.994787124690256
PSD3,0.297763863590506
ADAMDEC1,-4.41507239291337
DDHD2,-0.215402958299963
RP11-25K19.1,-1.05100831027272
SNX16,-0.125051015042465
CA13,0.524261082260919
TP53INP1,0.569505636630928
GLIPR2,0.687453313676027
RNF38,0.364015642075576
ZBTB5,0.549957936484368
NOL8,0.475531452715508
NINJ1,0.112111182139067
FKBP15,-0.155810887204185
FAM73B,0.235249281549052
ASB6,1.10431628674215
PPP1R26-AS1,-0.515835276710266
DPH7,0.432494791927199
WDR37,0.73897890386835
PLXDC2,0.205876912450567
SGPL1,0.653037898140362
CDHR1,-0.266171890982869
FRAT2,-0.982613520059966
R3HCC1L,-0.44168894125175
C10orf76,-1.37917472611769
NT5C2,-0.114312643869416
STIM1,0.267966969589887
USP47,0.211912846812779
TRAF6,0.420952479435582
NR1H3,0.182099406085794
TMEM109,0.446971027010323
MYRF,-0.832968790883348
LTBP3,-0.584654763459429
RP11-867G23.8,-0.169454707884803
CTD-3074O7.5,1.07502886670226
KDM2A,0.541154892024356
IGHMBP2,0.665164094213727
ME3,-0.13855840442871
KIAA1731,-0.158110976808023
PANX1,1.02217526494531
C11orf71,0.997582373407841
CCDC153,0.399091521273001
STT3A,0.761166326149127
HYLS1,-0.567524118784976
ZBTB44,1.21163777168804
ZNF384,0.810933569595223
CDKN1B,-0.126766990950876
RP11-771K4.1,-0.902030794712782
LINC00938,0.429278987946018
RPAP3,-0.92909402295085
LMBR1L,0.390953576382288
CSAD,0.84549710383459
SMARCC2,1.10183544494419
THAP2,1.20517121044039
GIT2,0.189527890845662
CAMKK2,0.880661378575881
ZNF140,0.82947423148784
CCDC122,-0.396352829397637
SETDB2,-0.106201134615811
CKAP2,-1.7943849709586
SPRY2,-0.982815230873348
DNAJC3-AS1,-0.344084155382306
RAP2A,1.09897357163886
CLYBL,0.368711361300109
BIVM,-0.762297772604487
MCF2L-AS1,-0.123966943615564
TEP1,-0.137062868882143
IRF9,0.920825292835248
C14orf28,1.00463632397255
HSPA2,1.26574554041887
ZFYVE1,0.402653727971225
AREL1,1.3369681054039
MOAP1,0.116164545714832
TRAF3,0.96563468077915
TJP1,-0.825923322375547
DPH6,0.719601712065795
EIF2AK4,0.196108398334382
PIGB,-0.516141134437031
CD276,0.348384186816271
NEIL1,0.438396148912405
CRTC3,0.188890827794708
HDDC3,1.06436786707707
ASB7,1.1960748658071
ALG1,0.830635988522957
DEXI,0.387877405157539
ZC3H7A,-0.253177265571775
LYRM1,0.543892936641784
GGA2,0.175591191670846
SLX1A,1.86798012978339
PRSS36,0.474766917443639
GFOD2,0.470640718717542
CENPT,-0.119368257875154
VAC14,1.3249243819191
ZDHHC7,0.166993755528198
BANP,0.656933879476024
PIEZO1,-0.621184020793402
RPA1,0.338475765357815
AC027763.2,1.35508206243321
DVL2,0.350220121530103
CHRNB1,0.128446901800245
SLC25A35,0.391224624082644
MPRIP,0.640363820927617
BLMH,-0.918683662184028
TEFM,-0.244907656187957
C17orf75,0.972550173189798
CCL4,-1.30992436109894
MRM1,1.24194747884446
SYNRG,-0.831516578110636
MLLT6,-0.113971012948851
PGAP3,1.48822256876574
ORMDL3,-0.393155137237521
EZH1,0.495429939938508
SNX11,0.381926631701523
UTP18,-1.22093316044092
VEZF1,-0.542593384183722
YPEL2,0.706919572815629
NACA2,-0.106446678641846
SMURF2,1.3491302724696
HELZ,1.09459879706959
PITPNC1,-0.486824718232076
MRPL38,-0.625148341905456
SPHK1,1.2243116883154
ENGASE,1.3624123598895
LRRC45,-0.177091474679794
THOC1,-0.789602994295193
CABLES1,0.805222821692205
CTDP1,-0.142674636815245
NDUFAF5,-0.75956208276449
PLAGL2,-0.963791376430529
CDK5RAP1,-0.25059146107298
AAR2,0.738020870815184
B4GALT5,0.205703605300233
EFNA2,0.97010520533966
SF3A2,0.416585642578954
FZR1,-0.252846965571488
TINCR,1.24868428443751
FUT6,0.436978561730561
VMAC,-0.129156954928418
ZNF358,-0.738064662680658
CDKN2D,0.96153673275322
PKN1,0.30338383710727
EPS15L1,1.00682088641815
ARMC6,0.453849779618635
TMEM161A,0.328774490435372
ZNF253,0.246728378141654
CEP89,0.776620021117778
FXYD1,-0.427741154924311
ZNF567,-1.06003945109343
FBXO46,0.575380735392792
DMWD,0.435263018029554
ARHGAP35,-0.361271510954274
SULT2B1,1.10548925413046
RCN3,0.817934777849623
SCAF1,0.206859333223782
C19orf48,-0.241746281597275
ZNF836,0.516298314069882
ZNF600,0.975175760196312
ZNF816,-0.368248365369209
TANGO2,-0.255306272368117
TOP3B,0.767995358606168
SLC35E4,0.876313278910088
XPNPEP3,0.607196677264478
RNU12,-1.61169619465425
FAM118A,-0.479079997276237
ALG12,-0.18978039845101
SBF1,0.177247603276681
ITSN1,0.526430079248335
SETD4,1.29166870266404
MORC3,0.335150567219451
AC069277.2,-0.243856371172591
CLDN8,-0.135054305791712
UBE2V2,-0.235228283348575
CYHR1,0.201717918563165
TPRN,-0.977999458834511
KANSL1-AS1,-0.486861606525528
HOXB6,0.283548253918259
BIRC3,-1.8103910516317
TMEM14C,-2.04252648238687
ZFAND2A,-2.64770686198854
CPNE1,-2.27910806208958
MRPL4,-2.10822720273804
ZNHIT1,-0.488603591474645
TMC6,1.38047549899945
FIS1,-0.5451040741333
RP11-680F8.1,-2.34015559406491
RDH14,0.131451987017114
C6orf47,0.556777065030061
RNASEH2C,0.254098015264422
SUN2,0.289133487309944
RPL36A,-0.539504146993525
TPT1,0.229746876800324
KLF6,-1.69698215451149
BTG2,-2.34023884055238
ATP6V1E1,-1.58282074331538
PLXNB2,-1.50592501762032
EMC7,-0.623575152671914
ASNA1,-1.34619605239958
CAPG,-0.948694598508008
ELMO3,0.417701548266932
RASSF7,-1.20786838926922
ITFG1,-1.31014060286257
CASP7,-0.538523666958368
ARHGEF16,-1.08749250504996
ADTRP,-1.06904727588154
NAT1,-0.251958005213546
JMJD6,-0.39052002208524
SEPHS2,-0.984884518810987
RNF7,-0.856598142535006
ATP5G2,-0.296336468124034
PPP1CC,-0.8840058999561
PFKL,-1.93424304325693
PPP1R2,-0.592359053469457
TMEM14B,-0.872232257503563
ACOT8,1.18017347008116
SLC35A3,-0.93914204958176
UQCRC2,-0.472179580115864
MTMR11,-0.480788081454858
TMEM171,-2.56318590201422
TARDBP,-0.742875589984934
CEBPZ-AS1,-0.439071515402659
SLC44A1,-1.08603439480443
PPP1CA,-0.946020236165138
ECHDC2,-2.02964960603123
KLC4,-2.07139751752108
LAMP2,-1.98741122226118
KLHDC2,-1.45289052950103
CES3,-2.44410112882153
NARF,-1.9266059496328
RAB9A,-0.655275201372051
RHEB,-1.05289794261923
TCF25,-1.33212495923955
THAP4,-0.333522618593
DUSP3,-0.462269611240717
SLC35C2,-0.202268886232167
IRF1,-1.39895093167985
BCAR3,0.58140674769437
LINC00115,0.968642232724623
FAM41C,2.15080607947421
RP11-54O7.17,1.27850434167689
DVL1,2.01175818424552
PER3,1.12478841844293
H6PD,1.18184895193543
DFFA,0.514214940263137
RP1-43E13.2,0.121813906043884
TMCO4,0.630925496367697
RAP1GAP,0.372294165322759
KDM1A,1.13106743513598
MED18,0.292977993441429
STK40,0.816808988155847
EDN2,0.406152094249548
KDM4A,0.183572908164412
FAF1,0.905524216444457
EPS15,0.368184977632801
OSBPL9,0.882164945739225
ZCCHC11,-0.390466652502552
PPAP2B,0.698928951188658
ST6GALNAC3,2.2694336455779
RP11-131L23.1,0.97585320343722
GBP1,-0.375182928823485
RPAP2,0.977304328029551
EVI5,1.24831647050091
PRMT6,1.23767229297656
GSTM3,0.924902307732809
MAN1A2,1.05896891034989
GDAP2,0.484683328457142
NBPF9,1.79214435812453
NBPF14,1.05661755356011
CREB3L4,1.91038376499102
RP11-307C12.11,0.784559877384995
METTL18,1.58655288641289
SCYL3,0.7059830576251
RP11-296O14.3,1.23647891545589
CEP350,1.41317061044188
LAMC2,0.361462945235555
GPR37L1,1.13776090857645
CYB5R1,-0.681781370199277
ATP2B4,1.81813615824808
SLC45A3,-0.357886404702732
TRAF5,1.17254442124193
CAPN8,0.912665605550648
TAF5L,-0.205926637837463
RP5-827C21.4,-0.627371807709534
GPR137B,0.421108945602398
TFB2M,0.652702740265527
CNST,1.9488345140301
TRIM58,1.09733250498214
HS1BP3,0.160032146899441
CAPN13,0.612798183175344
SLC30A6,0.309842680448417
STRN,1.2463980217512
AC073283.4,-1.04391056144627
PPP1R21,1.48373312831569
PUS10,1.3346264827492
RP11-355B11.2,-0.809104768445808
PAX8,-0.344828224710452
RABL2A,1.25628640606716
RP11-395A13.2,1.37778056669842
TANC1,0.836332737411572
WDSUB1,-1.65134722109486
COBLL1,-0.514373296621912
TFPI,1.05419255550085
GULP1,0.79513677500392
RAPH1,1.41327338166862
AC007383.3,1.17448884135606
FASTKD2,0.312634846951632
RP11-105N14.1,1.28658271797363
USP37,-0.610943136350699
SERPINE2,-1.30127388640906
COPS7B,1.33802124374335
NGEF,0.607918410314513
UGT1A8,0.538684081706133
AGAP1,1.27789454172262
D2HGDH,-0.264909551338843
CNTN4,1.3724154956334
OGG1,0.517073813225174
CIDEC,1.52658741975464
TATDN2,0.295058114085015
HRH1,1.58135718151218
TMEM43,0.8037466219554
CMTM7,0.335562287340168
OXSR1,0.856361369074858
LZTFL1,0.713412885696645
NME6,-0.175889608070257
NICN1,1.45951516126037
DAG1,0.649370690607607
XXcos-LUCA11.4,1.8920245296998
RBM15B,0.965621957277563
NEK4,-0.363842940062053
EIF4E3,-0.361867530046142
SLC35A5,1.25797036272103
DIRC2,1.48837187529116
SLC41A3,0.803550903086087
CHCHD6,1.64340862382306
KBTBD12,1.28956081341546
EEFSEC,0.846331321668929
TMCC1,1.43212767383433
NMNAT3,0.48727689135927
RP11-485G4.2,1.71124944334607
HPS3,-0.111676814010177
YEATS2,0.387787337051308
CLCN2,0.642981573886317
AC046143.3,1.28560704880248
PIGG,0.321715951689603
MYL5,-0.905821169724278
NOP14-AS1,0.923635532709198
ACOX3,0.239812957042941
N4BP2,1.61831763405019
ATP8A1,1.63598437617199
THAP6,1.86994198261682
PRKG2,0.275925041995463
FAM175A,0.853264565288385
ADH1B,0.769365003341437
CLGN,0.201532903303822
OTUD4,1.4943690820417
MMAA,0.985041895610702
KIAA0947,-0.837478037974593
AMACR,1.54408054264875
RAI14,1.77598950047737
SKIV2L2,1.33236143063227
SLC38A9,1.72090710307945
MIER3,-1.61106920504628
ZSWIM6,-0.440813453117077
CDK7,0.922680577497831
FCHO2,0.82669626055237
EDIL3,0.369613416985042
NUDT12,1.03793578648023
EFNA5,0.331719218390179
SNX24,0.356152241696468
KDM3B,1.58769653240396
CD14,1.45100611004024
CYFIP2,-0.442992059673346
WWC1,0.62756556030304
RAB24,1.25678495875002
RPP40,1.19001055634349
RIOK1,-0.202383980703191
RANBP9,1.24837136386072
HFE,0.589508454623785
HIST1H2BF,1.23262861611567
HIST1H2AE,1.23025512021318
BTN3A3,0.190008246621207
ZNF165,-0.53511519975457
ZSCAN31,-0.682271794174862
APOM,0.420170809268496
ABHD16A,1.65775999814095
VARS,1.16417588773786
TAPSAR1,-0.123202363400894
VPS52,0.800083614058249
C6orf1,-0.208781222172093
ANKS1A,0.615529213191092
PPARD,-0.715771571422749
KCTD20,0.644544534160729
MOCS1,0.460107191760136
GTPBP2,1.16120086355306
PHF3,0.331755659923844
MTO1,-0.430586132540683
QRSL1,1.57798336745561
RNF146,-0.835923507655447
STXBP5,0.787674837774747
IYD,0.913019322302504
TBP,0.399372271654676
AC147651.3,0.804056184400727
HEATR2,1.16278546436373
CDCA7L,1.32813372716677
RAPGEF5,0.549712076077709
C7orf31,1.11154718322382
HOXA10-AS,0.960925008982336
HOXA13,-0.107422879608186
RP9,-0.804487863140466
HERPUD2,0.749960460404968
NUDCD3,1.53045709993227
PURB,-0.468124079250458
CRCP,0.245287830900522
RFC2,1.26424011285029
GTF2IRD2,0.692275756177966
GATAD1,1.44698168888344
ACHE,0.298399870722709
ALKBH4,0.953832970594171
ATXN7L1,0.54228967874822
AC002467.7,0.996402492695739
AHCYL2,0.514130774211775
CPA2,0.156049329258692
AKR1B1,0.194206328956552
PRKAG2-AS1,0.229343305443162
ACTR3B,1.22191863013129
MOSPD2,0.372878407129897
PIR,-1.06905825000785
XK,-0.879103774536159
CXorf38,-0.881871675756168
KRBOX4,1.07537283110058
GSPT2,0.864626730461535
ZXDA,1.46099461076172
FOXO4,0.979752248543897
FTX,1.03905202922437
BRWD3,1.2259883686441
MCM4,1.28457974425848
LYN,0.200942216723564
UBXN2B,0.993879628233401
FABP4,-1.56762411570508
NIPAL2,0.531407551499437
ANXA13,-0.152561984132448
TOP1MT,1.09247215183743
CPSF1,0.289816206564681
ZNF34,1.21641280381833
DMRT2,-0.164288289113306
GLIS3,0.799551923905302
RP11-390F4.3,0.187775803857356
KDM4C,0.24418424644715
FOCAD,0.810791411064026
PLAA,1.09110772722164
RP11-112J3.16,0.229394115870678
FXN,0.980711334887078
RP11-63P12.7,0.834010221751674
C9orf40,1.17542628069764
S1PR3,1.040583302224
GADD45G,1.37196706660805
SPTLC1,-0.496445873413168
TSTD2,0.621892512540095
TMEM245,1.1340144424782
SUSD1,-0.216550688196087
SLC31A1,-0.155937682825549
PRPF4,-0.223061944383548
RC3H2,-0.281239045106986
DENND1A,0.504883909390718
ZBTB43,0.590624276786036
CDK9,1.42425467488203
ODF2,0.18835159179046
RAPGEF1,0.481130924410064
VAV2,1.66043303260817
ASB13,0.806368402297284
IL15RA,1.08909890821693
TAF3,-0.403185687383377
VIM,-1.71294541941568
ARHGAP21,0.461891733183616
BAMBI,0.337100693043488
MTPAP,0.376675905421311
ARHGAP12,0.403980970242169
PARG,1.59303093906939
UNC5B-AS1,0.736950021583004
SLC29A3,1.13449090399583
PLA2G12B,0.798717743664885
NDST2,0.885245460142921
KAT6B,0.639706381497417
ZNF503,0.304766520967286
LZTS2,0.872959569958338
HPS6,0.121337490617428
SH3PXD2A,-0.554301917355545
VTI1A,1.22499721940842
INPP5F,-0.357849162005377
ZRANB1,1.40394703765428
MTG1,0.794326749268225
PTDSS2,-1.35675783680615
DUSP8,1.07944812999391
OSBPL5,0.647394869372016
NUP98,0.827474346717584
RRP8,1.4801305099348
SBF2,0.597957907913698
ZBED5-AS1,0.458062858462476
PRMT3,1.18678820375696
BDNF-AS,1.20665589463699
RAG1,1.46551038542881
C11orf74,-0.180614247427823
AMBRA1,1.51118388702468
NUP160,0.622834311598768
SYT7,1.20013262036752
BEST1,-0.114712699237539
SCGB2A1,-0.569333669770876
TAF6L,0.461063584265773
CDC42BPG,1.10714060638841
SART1,-0.280102868158376
C11orf80,0.52507142400365
TPCN2,1.20583601930184
PAAF1,0.871757882102595
XRRA1,-0.403131724883305
BUD13,0.704429524008753
RP11-677M14.3,1.3868663939585
FOXRED1,0.923573844773682
SNX19,1.86607057552514
ERP27,1.74545397666904
REP15,-0.632668979642086
KIAA1551,-0.630617351094659
GXYLT1,0.459638236903088
RND1,0.740595911198994
RNF41,-0.311955023666416
PRIM1,0.946560714167355
RASSF3,0.276480816076516
RAB3IP,0.854964364126514
RP11-567C2.1,1.5416334605972
RIC8B,-0.458534836929487
SSH1,1.63666992132912
USP30,0.774728359672747
ANKRD13A,0.763310026979366
C12orf76,0.746509075536556
NAA25,0.478158918644009
USP12,1.38640414541642
SLC7A1,-0.255364729599306
SLC25A30,0.362529923968304
TMTC4,0.623513118739954
ARHGEF7,0.495807998313416
HAUS4,1.09638387835493
HOMEZ,-0.731200237650246
CIDEB,0.484611493585295
TRAPPC6B,0.927204406464439
FBXO33,-0.680465001594445
ZBTB1,1.62399657567978
PTGR2,0.35988273694124
GPATCH2L,1.24486556997694
GALC,0.995589520603073
RPS6KA5,1.13846613032096
CCDC88C,1.51938715619125
DICER1,0.741587989811059
DIO3OS,1.72395342720931
PACS2,0.528655007435159
AQR,0.732344186264678
THBS1,0.863162680996395
ITPKA,0.315738615816068
ZSCAN29,1.10006156874799
TUBGCP4,1.12079319588648
GATM,1.67633713040088
BNIP2,1.26304134295644
VPS13C,0.709219970987438
HERC1,0.553421222193238
PARP16,-0.304614995782429
SIN3A,-0.48778527446858
ZNF592,1.27652012183417
FES,1.43399953740252
PIGQ,1.57852505347699
MAPK8IP3,0.571737780960005
MGRN1,0.318069530797687
ZNF500,1.56768866644189
NAGPA,1.73762103303291
CLEC16A,1.3885097344679
KIAA0556,1.13381470838308
TAOK2,0.398041442020245
ADCY7,-0.359988243684742
CSNK2A2,0.2378678186722
SLC38A7,-0.170229358128803
CTC-479C5.12,1.10576726023361
RP11-96D1.11,1.44448309001797
TMED6,1.01213501584226
ATXN1L,0.930742049861481
SCARF1,0.144923455964044
ZNF232,0.427450277981044
TNK1,1.30391954295643
AC113189.5,0.930405900362228
TOP3A,1.63229178572166
TNFAIP1,0.379066461700028
CCL23,-0.357137029813137
DUSP14,0.422025684022131
GHDC,1.24167404684044
STAT5B,1.52893508095204
FAM134C,0.960865217361153
NAGS,0.762239698181018
HEXIM1,1.72983691153918
RP11-708H21.4,0.434751538348479
ZNF652,-0.50781963324438
KAT7,0.397259884812872
RP11-166P13.3,0.928032042044028
MKS1,1.67959260427756
TUBD1,0.771610495655046
ABCA5,-0.118621645224069
RECQL5,0.681854752387131
CCDC57,0.639487569003225
FOXK2,1.11045319684427
EPB41L3,0.490701432381025
LINC00668,0.470309199537478
RP11-143J12.2,-0.876981223320713
SS18,0.578505030690211
PIGN,2.07672016695382
RP11-635N19.1,0.97932415659289
MAVS,-0.877188026190377
RNF24,0.3169502762913
NANP,0.345525732329043
RALGAPB,1.24637545969923
EYA2,0.363973347008715
ZNFX1,0.637845184302794
COL9A3,1.646843175619
ARFGAP1,1.58590514035076
REXO1,0.556882874895599
ZNF823,1.03677873636325
ZNF439,0.479463876737818
ZNF443,0.268265101571586
AKAP8L,0.907151236654237
HSH2D,1.28836154289032
MAST3,-0.108958064883138
IFI30,0.568016912705751
CRTC1,0.603548086622425
UPF1,1.1761467135279
MAU2,0.770736272800936
ZNF90,0.88168449369146
ZNF430,0.229616585554875
ZNF493,2.04273035043908
ZNF675,-0.345631266998352
GPATCH1,0.757256379765117
PDCD2L,-0.702231831381215
KMT2B,-0.219435166726948
TMEM91,0.967559171911847
ZNF575,1.43951081902329
APOE,-1.01003618298712
MYPOP,-0.618018672498372
KPTN,0.719839093613397
GLTSCR1,0.823596620712118
DBP,1.63482669584213
ZNF160,-0.152559251393614
CTD-3093M3.1,1.02089145809664
CTC-444N24.11,1.44575255374167
ZNF256,1.65786355048554
ZSCAN18,0.630829900482204
HIRA,1.28375450071834
DGCR8,0.622502060274967
CRKL,1.04438984672762
AIFM3,0.623180037754232
THAP7-AS1,0.679354521082963
BCR,1.57542844033439
HPS4,0.679529450912463
CTA-211A9.5,-0.141331586608058
CCDC117,1.30761319783836
RHBDD3,0.787471521287763
MB,0.599003809327442
DNAL4,1.3726757621097
CENPM,1.26158605351523
ATP5L2,0.671707137911124
CHKB,-0.119628746714418
HSPA13,1.15067904333687
NRIP1,-0.479562774954154
MX1,-0.940002810278839
CBS,0.552817115383282
PNRC2-ENSG00000215700,0.142538499876027
SATB2-AS1,0.527095574997363
RP1-80N2.2,-0.640494653107916
CTC-490G23.2,1.71029392806215
STX7,-1.7384334340288
CFDP1,-1.08874508865019
MAX,-1.71498557250262
PNPLA2,-0.928065510643547
LUZP1,-1.25972622249143
PPIH,-1.02232290040711
NASP,-0.747469956679513
FAAH,0.178044267758758
CYR61,-1.62539543189886
DCTN1,-1.60085971613019
STK17B,-0.935305840892592
CYP20A1,-0.995419635185922
IL17RC,-0.410613468332396
TREX1,-0.717205330664196
MAEA,-0.642384570063656
PGRMC2,-1.01553846663666
ZCCHC9,-0.675868521904322
PRRC2A,-0.783831504400726
LMBRD1,-0.980346596847596
EIF2S3,-0.81195149131402
ERICH1,0.154512596817319
PLEKHF2,-1.2121927005176
ATP6V1C1,-0.225574851664803
WAC,-0.83571964173755
ARFGAP2,-0.304686350930309
VWA5A,-1.47977795559083
NR4A1,-1.73157371047897
TMEM8A,-1.05485923732076
NMRAL1,-0.385086139965597
PHF23,-1.32341186619654
EXOC7,-0.659098444213594
C17orf62,-0.387566518815454
TPGS1,-0.712248172733543
SAFB,-1.06378517703454
DGCR6L,-0.833549398653675
OPTN,-2.07953285008258
IL2RG,-1.53132478402246
HIST1H1C,-1.21532388384473
PFDN5,-0.184648052261139
HEBP1,-0.559598202586724
FXR1,-0.226265916657454
UBL7,0.783418090849588
PGS1,0.389974928830894
SEPT7,-1.51336200686664
C19orf43,-0.501934928356902
GTF2A2,-0.313792491591244
A1CF,-1.68036679525301
GPRC5A,-0.171043654878965
MRPL22,-1.09256880938693
SAT1,-0.398693879823659
RELB,0.331526151318712
WDR13,-1.29857972630981
RNF181,-1.00867995900995
DNAJB1,-1.12662108988129
GSTK1,-1.04928630431709
COX17,-0.336893101515376
CYTH2,-0.518324397080636
RPL8,-0.299161920917156
PRDX6,-1.33735905002314
HPCAL1,-2.14035108564368
SLC1A5,-1.6819870448159
GALE,-0.747202507552246
MKRN1,-1.04436670461642
NCBP2,0.281915640121259
NPC2,-0.672383502683302
MAST2,1.20440058616783
DHDDS,-0.130574582654027
TANK,0.370412375751096
REEP3,-0.657848927095856
TMEM220,-1.09943329771642
HAGH,-0.889684614060405
RHOC,-0.124142753789756
DBNL,-1.69898648232514
MYO1B,0.223907186335879
TMEM45B,-1.06410442540132
FA2H,-1.1041403328429
CYP4F12,-1.14371588336814
ERBB3,-0.720850122809327
CLTB,-0.260231624902092
NEU1,1.82036099460672
TNFRSF14,-1.25072428825065
NBEAL1,-0.551138957404302
THOP1,-1.5228138581365
FCGRT,-0.700946374129447
U2AF1,-0.825924372344979
ATP2C1,-0.738564247254163
FNIP2,-0.989800304538973
C10orf118,-0.387031980971799
OAF,-0.20441384002013
MYO1E,-0.757967723977016
HMG20B,0.114327518177084
ETHE1,-0.548065101619927
SPTSSA,-0.403793454367828
RSRC2,-1.70844767749993
AGPAT2,-0.776985848796096
TMEM183A,-1.14147159499182
NAGK,-1.14456671365843
SYF2,-1.37228456671461
CISD1,-1.15736949075717
CAMK2D,-0.542603005882038
SLC35B3,-0.25167431418273
RPS6KB2,0.136329316057092
VWA1,1.07880190141934
SKI,0.20031568501809
HES5,0.888357891106551
TP73-AS1,1.36623785339959
NPHP4,0.892558698654108
RNF207,2.01346890485128
THAP3,2.0456101992157
UTS2,1.56731486975059
UBE4B,1.12220551284031
MTHFR,1.73555570192952
CASP9,1.20907700599943
DDI2,1.99112751101741
CELA3A,1.2368184155661
TCEB3,0.179302761329672
RCAN3,0.237621064283125
TMEM39B,0.856525193367931
ZBTB8A,-0.343264858697092
ADC,0.266454457623186
MANEAL,1.56897825379271
TRIT1,0.773165456401654
RIMKLA,1.06703600928464
SLC6A9,1.4571195711958
EIF2B3,0.108225295537316
TESK2,1.07578408746877
CCDC17,1.63669433419685
BEND5,1.96468631766606
CC2D1B,1.17704068680084
FAM151A,0.380227337283574
LINC01135,1.88015447908532
RP4-794H19.1,1.87731038898017
DOCK7,1.18200998822191
ATG4C,2.1369780323583
CRYZ,1.24596230809106
TTLL7,-0.268881749576392
DNASE2B,1.2909524621417
CLCA1,0.760594217337931
LINC01057,1.44373276778245
DPYD,-0.171277909966977
CDC14A,2.25283333556981
RP4-549L20.3,1.72838928342937
RP11-421L21.3,1.57984995810662
CEPT1,1.78594288772677
SLC16A1,1.99448823543042
LRIG2,-0.523610619171928
IGSF3,1.89068922673159
AL592284.1,2.67548649771925
C1orf56,1.01700751012416
RP11-126K1.2,-0.138892105051291
ZNF687,1.65404225885396
PI4KB,1.13215033025169
OAZ3,0.87741732058542
S100A1,2.2953923830745
HCN3,1.35549394140472
CD1D,0.195178128382537
IFI16,2.17097275941849
PEA15,1.16392843710606
USF1,0.505144065541029
UCK2,1.28467656080706
TBX19,-0.256180137072291
GORAB,0.939359656880355
RALGPS2,0.884624181842743
TOR1AIP1,1.29726932972245
RNASEL,2.4207755045009
BRINP3,1.71296614963983
C1orf116,2.24384701702753
TATDN3,1.63004175429597
ANGEL2,1.60056142663122
DNAH14,0.963357575616932
JMJD4,1.5420826752553
CAPN9,0.291600361475072
TTC13,1.68148717545868
SIPA1L2,1.06536764503004
TBCE,1.31777641367271
B3GALNT2,1.58767504904727
SH3BP5L,-0.148773021535126
RNF144A,1.27816162670347
LINC00570,1.54211469698906
SMC6,1.21211887608878
KCNS3,0.151805196519132
DNMT3A,1.43877599166823
EPT1,0.89224542075665
SLC5A6,0.16339620267939
ZNF513,1.65344213441802
AC097724.3,0.870380623195459
HEATR5B,-0.664289157871701
PKDCC,2.58872708806005
THADA,1.64188692223173
SOCS5,0.446318045314547
CLHC1,-0.860651000671182
RP11-554J4.1,-0.331372716231204
VPS54,-0.121619881434193
PPP3R1,0.870645236717706
AC016700.5,0.580397560119206
C2orf42,0.651241526896617
PAIP2B,1.85927807511987
INO80B,1.40573405459869
THNSL2,1.86103731808194
ANKRD36,2.17007889974273
C2ORF15,1.95173988994517
NPAS2,1.96090630205174
IL18R1,2.55879641475666
ZC3H8,0.420473140177597
TTL,-0.189148484669392
AC079922.3,2.39660801048775
TMEM185B,2.30050967248042
POLR2D,2.58430656029092
MCM6,0.897990568416901
RIF1,1.84144538111395
FMNL2,1.60908918112429
DPP4,0.406055999744586
METTL8,0.50950145476933
CYBRD1,1.86076826368412
MLTK,0.891287370528216
WDR75,2.51014206650058
ANKRD44,2.10641790250789
KCTD18,-0.417018586287292
RNF25,2.22845374882391
STK36,0.627860826062202
STK11IP,1.69129980593339
CAPN10-AS1,1.70005043435785
CAPN10,1.81769930667321
BRPF1,0.91003030702925
TTLL3,1.81844577752103
PRRT3,2.30893618355489
VHL,1.7758052536368
TSEN2,2.14585903159157
XPC,1.80671770273678
ANKRD28,0.988329790176397
SATB1,0.482016179262755
KAT2B,1.30437843227539
NR1D2,1.00780081512102
THRB,0.810283631359496
CNOT10,2.26459550718578
CRTAP,0.777518815344932
CLASP2,0.462117183032704
CSRNP1,1.31854505937537
ENTPD3-AS1,2.66937728593343
ZNF620,1.1212645323995
SEC22C,1.70016230797862
POMGNT2,0.760370293255842
ZNF197,0.430420173921336
ZNF35,0.369604203978048
LAMB2,1.54573973610486
MST1,1.89367116745548
IP6K1,2.20487220059272
HEMK1,0.348630749113888
ACY1,1.74691712463757
CHDH,1.93938413024142
CCDC66,2.26459550718578
ATXN7,1.59948456958442
GPR128,1.5497026041496
TMEM39A,1.78441114036899
FSTL1,0.218015086993857
GTF2E1,1.71538090279993
KPNA1,0.718458941537973
RP11-67L2.2,1.8515400952486
PIK3R4,1.75327431728769
RAB6B,2.47783260377219
AMOTL2,-0.181218846846845
PPP2R3A,1.83639645513515
RP11-319G6.1,2.7152067076326
GK5,0.564410710889341
RP11-91G21.1,0.398032775682798
C3orf58,-0.285811875218338
RAP2B,0.188312157815441
USP13,2.1897179841972
TBCCD1,1.95481052206705
LSG1,0.921656620007018
FAM43A,1.78629617447711
MFI2,2.10168480970884
MFSD7,2.56366933991724
CPLX1,1.66694557418312
IDUA,1.06671234007766
FGFRL1,1.07328821437254
RP11-1398P2.1,2.02641345524747
RGS12,-0.1836383937404
ZBTB49,1.75142395041168
RP11-539L10.3,2.25577569815517
KIAA0232,1.46832938347899
TBC1D14,1.95545517845553
AFAP1,1.97294797516946
SH3TC1,0.562951110484261
LCORL,1.51045759887446
PPARGC1A,2.30030377594626
RP13-497K6.1,1.99448823543042
RFC1,1.72036392688577
NSUN7,0.832567167432822
GNPDA2,2.48559835324066
DCUN1D4,2.22668958549641
SGCB,1.01800034381527
SCFD2,2.52829747508535
CLOCK,1.99397546840336
CEP135,2.03721114831303
CENPC,0.336405654980632
RUFY3,1.08077779473686
AREG,2.21610555881544
AFF1,0.227194518747924
HERC3,2.63471411971925
ARHGEF38,-0.242709519902962
HSPA4L,0.45173831136488
SCLT1,0.869844587899257
LRBA,0.667823487878782
MND1,1.90137937291224
NAF1,0.352984068240865
TMEM192,2.51014206650058
DDX60,1.42239135257879
PRIMPOL,0.985904758486157
SNX25,1.44045976282146
FAM149A,1.71877740895254
CCDC127,2.09327337007845
TTC33,-0.177199398549618
GHR,1.76582862077998
NNT-AS1,1.84006461998905
ARL15,1.46860459562979
MAST4-AS1,1.70562810868737
GFM2,1.20135209308184
COL4A3BP,1.12795911459283
LHFPL2,2.35768264217667
ATG10,1.47697385519065
RASA1,0.458941232770519
TMEM161B,1.99037440132328
FAM172A,1.51455002602951
EPB41L4A,1.86617467382951
MCC,2.49791889135062
YTHDC2,2.01459200886436
CTC-428G20.6,-0.508513313727526
LINC00992,0.767312427751898
TNFAIP8,1.39239719777753
SRFBP1,1.92982500275517
ZNF608,-1.08111017779102
RAPGEF6,0.626613431975033
LEAP2,1.2293673388445
CTB-113I20.2,1.10312837441345
TMCO6,1.78728064154295
ARHGEF37,0.712003694687446
HMGXB3,1.47313310242329
NDST1,1.78746332625279
GPX3,1.38705743374049
SAP30L,2.14340780905404
BNIP1,1.1377688728796
FAM153B,2.08315855875702
FAM193B,1.18967179156302
ZNF354B,0.993438388640447
LINC00847,1.29227307013452
RP3-512B11.3,0.875451197007283
BLOC1S5,1.44504268442361
JARID2,2.52829747508535
HIST1H4E,0.185678945040616
BTN3A1,1.50067376329109
ZNF322,0.147717140986848
HIST1H2BN,1.32837196557171
ZSCAN9,1.91078388532568
TRIM40,1.66402384905808
XXbac-BPG252P9.10,1.05218784353446
DDX39B,1.57317164521421
VWA7,1.2327464134522
PBX2,0.713738197046839
NOTCH4,0.924552023579907
ZNF76,2.10168480970884
FKBP5,0.417215820502217
BRPF3,1.14489051877203
KCNK5,2.72928232546617
BYSL,2.22834996026686
RRP36,2.32134813191267
KIAA1586,0.293095066886837
C6orf57,1.10980653860004
ORC3,1.91611315564851
MDN1,1.91916521091362
FBXL4,1.50131854216542
SESN1,1.81057090928097
AK9,0.978192159170582
MAN1A1,1.94803616936845
L3MBTL3,2.10728283295615
MED23,1.61417948088185
NHSL1,0.749686051510424
LRP11,0.86276069288344
RMND1,2.25283333556981
CCDC170,1.81432945985982
ZDHHC14,0.773839749495018
SYNJ2,0.478928856878489
RP11-514O12.4,0.819115192401882
WDR27,1.95194887324058
WIPF3,1.450888857254
AC004951.6,1.23178280105123
EGFR,1.84906827715619
ZNF713,-0.514608687163935
ZP3,1.78559453858395
UPK3B,2.14614036808511
POMZP3,1.90486427600921
CCDC146,0.92934440220571
FGL2,1.98303531972231
GNAI1,1.36407608694016
AC005076.5,0.145303518397782
GTPBP10,2.17407754265078
PON3,1.00462708138951
TECPR1,0.410399985661438
AC004893.11,0.777775261830527
ZKSCAN5,1.42574552830217
ZSCAN25,2.05392663907201
GPC2,-0.176397601315733
STAG3,1.22371133709977
GIGYF1,0.312673088611956
UFSP1,2.66937728593343
FAM185A,0.579256239580602
RINT1,1.18312808909943
DUS4L,0.96563009406235
IMMP2L,1.6865622482285
CADPS2,1.47276073962582
RP11-448A19.1,2.255584067312
NRF1,1.45658805133066
COPG2,1.57658365669404
RP11-38M8.1,1.94897413815533
C7orf49,2.40705992620518
ADCK2,0.446923971047108
FAM115A,1.63336232090134
ARHGEF5,1.45918852415721
ZNF398,1.38055823508686
LRRC61,0.692710207324319
ZNF775,-0.803826380849213
GIMAP2,0.450376356228559
INSIG1,-0.236923901723343
MNX1-AS1,2.58430656029092
PTPRN2,1.13195905047471
PLCXD1,1.31145000737958
ZBED1,2.22075828190412
WWC3,2.32714344973931
MSL3,0.47036784934492
SCML1,0.717999613829533
KLHL34,2.01318480062792
OTC,1.51490592770146
MED14,0.695398653501138
GPR82,-0.181428431321616
MAOB,0.819898724083555
CHST7,2.51281001247385
PIM2,-0.282076360472514
KLF8,-0.271002100916786
MED12,0.181346544330481
ZMYM3,1.47252638596562
TCEAL3,1.87036966736287
TBC1D8B,1.05096397058072
SOWAHD,2.33195037642284
OCRL,0.992743290270892
MST4,1.58367341417654
CXorf40B,-0.270918479469937
CD99L2,2.24072336305333
MPP1,2.2032977121786
FAM160B2,0.867474217931988
C8orf58,0.873073218384838
TNFRSF10D,2.35895526009442
TNFRSF10A,0.896482130071026
DOCK5,1.42105891180013
ELP3,1.9875884885329
EXTL3,1.25759688921117
AGPAT6,1.5015488784725
STMN2,-0.201634950449437
RP11-317J10.2,-0.156478755543138
GEM,1.12629411261869
RP11-22C11.2,1.18902846402611
DPY19L4,-0.52511876486827
POP1,2.2392102458873
STK3,0.714217243691767
OSR2,1.07706813215312
KB-431C1.4,1.87612425388702
SAMD12,0.417214830423211
TAF2,-0.441333549832521
WDYHV1,1.6617745256992
THEM6,2.63557361626282
GLI4,2.19091329219647
RHPN1,2.35795421289877
RP11-661A12.5,2.1432789627386
TIGD5,2.30893618355489
KIFC2,1.42793347889048
ZNF16,1.60276039107165
C9orf66,1.86820231492483
SPATA6L,1.40411112524986
PPAPDC2,1.02009171864306
UHRF2,2.12229419645098
PTPRD,2.51014206650058
PSIP1,1.15813955130386
CNTLN,0.274638478739154
MLLT3,1.54806533200594
MTAP,0.4308736690841
CDKN2A,2.18166179871397
MOB3B,1.00340724622694
TOPORS,1.0427099947178
PIGO,0.246249138885568
FAM201A,0.989643705518876
FAM27A,2.04585838789458
CBWD6,0.575438680845733
MAMDC2-AS1,1.89581855783712
ABHD17B,1.25956408082993
TRPM6,1.27265784039018
PRUNE2,1.87936869637622
GKAP1,-0.405343143801328
RP11-305L7.6,-0.673196020140032
RNF20,0.152327164099995
SMC2,1.43397436820823
ABCA1,0.973441830955912
ZNF462,1.98487096075309
FAM206A,2.23180278808698
TRIM32,1.84192596079431
NAIF1,2.38120342246439
SLC25A25,1.4381682406579
NUP188,1.6644402440946
GBGT1,2.31149703444285
MED22,1.89410704484699
WDR5,0.836701157088267
PPP1R26,1.96166404665643
TRAF2,0.287580237033244
TUBAL3,2.36922910495569
RP11-295P9.12,2.22792583087832
NMT2,-0.490547893955122
STAM,1.13717444605338
TMEM236,0.598083265729499
MTRNR2L7,1.11198981010115
ZNF248,0.977937808391686
RASSF4,1.99313681782689
MAPK8,0.869544880265374
DKK1,1.91868492517967
CDK1,0.69528997217234
ARID5B,0.948135865290008
HKDC1,1.16841302792278
LRRC20,1.57230999584119
CDH23,1.26263068652907
ECD,2.02116762593267
RP11-178G16.4,1.4833085273005
RP11-182L21.6,1.10824869760745
RP11-137H2.6,1.45099931949838
BMPR1A,0.479108245725799
IFIT2,1.81106063179908
PPP1R3C,0.40697849507153
PIK3AP1,1.38538160678925
SLC25A28,1.85347467345333
SFXN3,0.870725434309005
NFKB2,2.08032396707092
PDCD4-AS1,1.06703446046609
RP11-539I5.1,2.27316669982708
FGFR2,0.101192147582079
RP11-383C5.4,1.97696120174584
EDRF1,1.8960286667
RP11-432J24.2,1.50451254576683
PAOX,-0.331515892356416
SLC25A22,2.25904272778989
KCNQ1,1.84556048914404
TRIM5,-1.57766852019721
TPH1,1.30043945155177
ELP4,1.46800887052204
C11orf96,0.554384022828753
CRY2,1.86766862984909
HARBI1,1.23517387333043
PTPRJ,0.973885248498016
TNKS1BP1,1.99310989904705
CLP1,1.2936634599752
ZFP91,0.14158520645875
FAM111A,-0.820788508754851
PPP1R32,1.75578924985136
FADS3,-1.29222161926452
EML3,1.14820002512539
VEGFB,0.177706958753671
MIR194-2,-0.173119907285526
PPP2R5B,2.21058929311378
SNX15,1.02973943717391
SYVN1,1.56013781919889
KCNK7,-0.1795055760711
KLC2,1.1269494593969
CLCF1,2.21450111880711
UVRAG,0.656270640578905
CTD-2547H18.1,0.389994592246528
AQP11,2.08230923831023
INTS4,0.664564714644506
PIWIL4,0.702861395652579
JRKL,0.205777109507622
CWF19L2,1.5990305460549
ZC3H12C,2.15471862396165
RDX,0.617591545932321
COLCA2,0.381839787374228
CEP164,1.19105848968014
RP11-35P15.1,2.72928232546617
IFT46,1.96946395823648
HYOU1,1.19880386515609
SPA17,1.35327553157809
RPUSD4,0.42664782810958
RAD52,2.68201405495505
ERC1,2.40705992620518
CACNA2D4,-0.345987079794019
PEX5,2.62280725517994
PRR4,2.06425001334118
METTL20,1.3275272571917
TMEM117,1.7122149506546
RP11-579D7.4,2.00035527979189
CACNB3,1.18639019071538
PRPF40B,1.019738172238
BCDIN3D,1.84083540015759
CERS5,1.76310331489699
GALNT6,0.881367340382426
SPRYD3,1.7634002106287
ESYT1,1.65134691551388
MON2,1.35549394140472
SLC35E3,1.48000354333839
CEP290,0.85862722674262
ACACB,2.04085207219821
KCTD10,-0.257667677427051
FAM109A,0.193947399393914
ACAD10,1.56017541752235
HECTD4,1.22960976963365
PLBD2,2.12526477182164
RFC5,1.82633384846743
TMEM120B,1.25026759547124
SETD1B,1.03033045596578
CLIP1,-0.657362713705532
PITPNM2,-0.412957345983029
RILPL2,0.790858923577172
NCOR2,0.842222193168959
EP400NL,-0.151247552723931
FBRSL1,2.66937728593343
STARD13,2.01174003944329
KBTBD7,1.40583205704699
LRCH1,1.63937101650197
FNDC3A,0.484705610282106
KCNRG,1.56897825379271
INTS6-AS1,1.62044946944793
PCDH20,1.3861226520421
RBM26-AS1,1.70374576952924
ADPRHL1,0.658127144522324
PARP2,1.11966132791526
C14orf93,2.17800882951444
MDP1,1.7484851296191
COCH,1.12882378511357
RALGAPA1,-0.344433638732959
SSTR1,1.92598428104362
KLHL28,1.66176525029775
SOS2,0.560565146063849
CDKL1,-0.293048065901754
ATL1,1.01633829371102
NIN,1.61995292721502
GCH1,1.70793808338225
PRKCH,2.35404752921393
SNAPC1,2.2340495048805
ZFYVE26,1.18537131119316
CTD-2566J3.1,1.08235098406055
ADCK1,0.909774522736082
TDP1,0.990638764584486
DICER1-AS1,1.64843881893884
BDKRB2,1.41185231088349
C14orf64,0.841900228402797
CCDC85C,1.31249934866487
TECPR2,2.09327337007845
ASPG,1.20831254196187
CDCA4,1.61056621313334
JAG2,0.173424083600128
FAM189A1,1.4073185995748
ARHGAP11A,-0.830640022606153
SPRED1,1.65147376117567
SRP14-AS1,1.3695431734308
BMF,2.18789259872726
LTK,2.74466920020504
RPAP1,2.13449778384828
MGA,0.100109892585552
CATSPER2,0.540417926727421
SLC28A2,1.47068829587473
FBN1,-0.621863487668498
GABPB1,1.92011763981414
GNB5,1.73555570192952
GLCE,1.9138604474068
THSD4,2.04940482879622
NEO1,1.2059729848279
ARID3B,0.997935517526824
SNX33,1.35952761787471
UBE2Q2,0.829192823922851
CIB2,2.01754467252948
CRABP1,0.775347605105358
VPS33B,1.22929023645717
SLCO3A1,0.758138173963725
MCTP2,0.970497699778577
RP11-4F5.2,0.972499493687649
PCSK6,0.472616943246506
AXIN1,2.21040078383776
RHBDL1,1.17123648206977
UNKL,-0.21921745088691
TELO2,2.15349770124782
CRAMP1L,1.82611155621194
ZNF598,0.615267293313586
MIR940,1.94803616936845
FLYWCH1,1.42253927918228
ZSCAN32,0.944171525571063
ADCY9,0.466467866870064
CDIP1,0.669294376193987
NOMO1,0.866656549755815
RRN3,1.84370617309086
KIAA0430,1.6357146549582
CTD-2288F12.1,1.96618088640923
ACSM1,0.970776964017489
KCTD13,1.74691712463757
SEPT1,1.03140537246362
ZNF771,2.17439818753408
CYLD,2.36990800676797
RPGRIP1L,1.68193596322031
FBXL8,1.97898216771801
FHOD1,0.610928855439638
RANBP10,0.977907766740167
ZNF821,0.775592175649845
WDR59,-0.138020001027998
CHST5,1.73388470433759
WWOX,0.91119669051657
GAN,1.45340623075134
SDR42E1,2.25313635584945
HSDL1,1.86622050643765
KIAA0513,0.721373720149728
C16orf95,0.36964177558352
ZCCHC14,0.728538326364025
ZC3H18,-0.217537035551084
CDT1,2.17439818753408
VPS9D1,0.480954752285688
ZNF276,1.84133768764263
CTNS,0.830968275896868
CYB5D2,0.121299130644635
GLTPD2,1.72749516518562
INCA1,1.91580743091099
MIS12,0.389789692700826
KIAA0753,0.997998070800349
XAF1,1.57461477338851
RP11-589P10.5,0.594222882341434
PER1,0.98886988197259
CTC1,0.567773906925343
RP11-138I1.4,0.512899878591484
MIEF2,0.826366467377666
FAM83G,2.68043337154023
ALDH3A1,0.54664199890054
ULK2,1.67241804764437
KSR1,0.249322021900495
MYO18A,1.72792885661803
GIT1,1.37294842452943
EVI2B,1.89702825666047
CCL14,0.634776086249098
RP11-1407O15.2,2.30893618355489
CTB-58E17.1,1.97234903282831
PCGF2,1.99037440132328
MED1,1.28259896038103
KRT23,0.944047941264588
KRT15,0.295218177966973
VAT1,0.354900312299549
DHX8,1.20573279361725
ASB16-AS1,2.07018596707036
HEXIM2,0.755788866010812
CTD-2020K17.4,1.26384365390966
HOXB2,0.827559548864037
HOXB3,0.145859596982077
NME2,1.19457417724386
MBTD1,1.29801756526617
DGKE,2.1847191021318
PPM1D,1.95017642356471
TLK2,2.17800882951444
CBX4,1.71373750580959
TBC1D16,2.02479531311242
LINC00482,2.07710717972578
C17orf70,1.16504027665926
PPP4R1,2.01429455873342
NPC1,0.981309525194952
C18orf25,1.85156492748786
PHLPP1,-0.363630824839698
LINC00909,1.46059976826021
TSHZ1,0.928430323439006
ADNP2,0.959011753101993
FAM110A,1.77949041279298
PCED1A,0.224542015326815
AP5S1,1.88884869030577
TASP1,2.20514410350061
CSRP2BP,0.221457321241784
ZNF133,0.961541566758908
EPB41L1,0.678250701535292
NDRG3,0.22255986658359
SNX21,2.06807650606487
NCOA5,1.48803376949022
SLC2A10,0.963357575616932
ZBP1,0.421322995330865
SLCO4A1,0.697393922224222
SBNO2,1.02670872138628
MBD3,1.99313681782689
CTB-31O20.2,1.64039432220411
ADAT3,2.16418171286365
DOT1L,0.376914132197097
TLE2,1.45888471737994
ZNF557,0.155310541209527
ZNF559,1.92509207434388
ZNF627,-0.458356155115392
ZNF763,1.78728064154295
ZNF844,1.5601327290535
CTC-425F1.4,-0.46844905946101
NFIX,1.35211611126605
TRMT1,1.13561950637341
MRI1,1.06891648495347
LPHN1,1.14574280443592
ZNF333,1.39105687704139
KLF2,1.10133730954501
CHERP,1.68148717545868
HAUS8,-1.25997862887345
MYO9B,-0.186948229256341
ABHD8,1.80599738464367
GTPBP3,0.782326973025249
CTD-2521M24.9,2.18137701325606
ELL,1.09444607971025
SUGP2,2.68787461772344
SLC25A42,1.5028343453601
GMIP,2.04115862198741
CTD-2626G11.2,1.60255878526527
ZNF100,0.494946521711251
CTB-175P5.4,2.46909375400348
ZNF254,2.24187459653004
CTC-459F4.3,0.151805196519132
C19orf12,1.44130282965342
ETV2,0.837721619133344
NFKBID,-0.909677928461346
THAP8,1.776010771322
ZNF565,0.842207356430345
ZNF566,0.477667874396455
AC092295.7,1.03304433730606
CTD-2162K18.3,0.681396757122813
ZNF585B,1.82877025701909
HKR1,0.813972339263926
ZNF780A,0.72962772454152
CIC,1.56775306102656
SMG9,0.383027244515188
ZNF45,1.70151076836834
ZNF230,1.85845157348664
ZNF234,-0.173119907285526
ZNF235,-1.45556115243993
BCAM,1.72038708887681
BLOC1S3,-0.326017308066667
PPM1N,-0.609128705139685
OPA3,-0.240105182788726
CCDC61,0.832254291191503
PLA2G4C,1.05357514805717
CARD8,1.14662186314046
CTC-241F20.3,2.22004129573665
GYS1,1.78999282246408
C19orf73,-1.274965798116
CTU1,1.38751586996447
ZNF677,0.681171830014895
ZNF525,1.97117059935697
ZNF765,1.49076591749759
ZNF865,-0.411174090936808
ZSCAN5A,1.88879252300572
ZNF71,1.36623785339959
ZNF776,1.23863598637717
TPTEP1,1.78259361224375
C22orf29,0.747392186409707
TPST2,1.66908850332615
PITPNB,-0.24815010302489
CHEK2,0.616894180378394
GAS2L1,0.965264345031452
THOC5,2.16513034089612
INPP5J,0.755788866010812
PATZ1,2.75741806772596
GRAP2,-0.57962531170405
FAM109B,2.07604140582435
CYP2D6,-0.254932402816255
CDPF1,1.45148308671195
ZBED4,2.07736883640851
CPT1B,1.5375752128654
LTN1,1.62963563848683
DONSON,0.846225662282952
RIPK4,0.866707648606323
PRDM15,1.90729123799139
HSF2BP,1.61153550245446
RRP1B,2.19152749637832
POFUT2,2.19091329219647
SLC19A1,1.87936869637622
SPATC1L,1.89581855783712
DIP2A,1.75501628842221
AC145212.1,0.92026175564299
SRSF10-ENSG00000215699,2.70282387802729
GPR98,1.15411895659407
SVOPL,2.75741806772596
DMRTA1,0.777553279080833
FADS6,0.920924636974305
CEACAM8,2.64652359601852
SLC1A7,0.458941232770519
ATXN8OS,1.96896000718054
NOL12,-1.16288548683632
GSN,-1.26301378628405
C1orf63,-1.41328894592069
FBXO32,-2.07570001409385
ENTPD8,-1.66362773994267
PDK2,-1.84584240140086
BCAS1,-1.8020491767263
CNPPD1,-0.69154330725585
PSMG2,-0.480239816582018
RNASET2,-0.53178153140124
VAPA,-0.450524080157618
ACSF2,-0.344351622066055
CHPT1,-1.12589798928592
PPP1R11,-1.67006889035281
SF3B4,-0.503424327645436
LINC00152,-0.942891918167761
RND3,-1.56054848093215
MYD88,-1.93593069013227
ABHD5,-1.40549406411613
WHSC1,-0.964229855361366
SMAD1,-1.19539193632404
MGAT1,-1.02721768123108
OARD1,-0.417818159404073
NFKBIE,-0.495459839418494
SH3GLB2,-1.79836779786662
DPP7,-0.735433345157265
KIAA1598,-1.34544670694454
MRPL17,-0.449706386062549
C11orf86,-0.825454632769316
C2CD2L,-0.420954756558466
SCNN1A,-0.969706536069885
DDX23,-1.21176769654534
ABCD4,-0.753819805511965
GNPTG,-1.04357512395098
AATF,-1.21406539942882
AHCY,-0.647450764021864
OCEL1,-0.34978827972911
UBA2,-0.432628858175941
EXOSC5,-1.15684667826708
C4BPA,-1.83195140454937
PMM1,-1.63414223017028
DECR1,-1.14923466213077
RPS26,-0.268959482531905
NDFIP2,-1.48687338299342
CDHR2,-1.74057443378716
CAMK2N1,-0.34373210018722
EWSR1,-0.367176565109344
GABARAPL2,-1.85202168214393
SNX6,-1.51635521955187
CD151,-0.524824358054577
IP6K2,-1.67871704836206
HPGD,-2.09468678342591
IL10RB,-1.93246017544068
IER3,-1.19826614122711
GABARAP,-1.17577470337134
C9orf89,-0.602527591897392
ISX,-0.860465226262727
GGA1,-0.382106247538277
ATF4,-1.27926077504759
CITED2,-2.05156168855179
ADD1,0.322209541188271
KLHDC3,0.251686664969031
ACSM3,0.728636161372805
NDUFB2,-0.255946283404137
PRAP1,0.40499889916255
EIF1,-0.266049937086575
PEBP1,-1.28072365480716
SUCLA2,-0.65425757378084
H3F3A,0.181036258696018
BNIP3L,-0.257732752409217
EBAG9,-0.264127787714798
TIAL1,0.331315958119951
VIL1,-1.13468347294523
SORL1,-0.61992993529348
HBP1,-1.7166912693689
FBXL15,-1.59987500166266
TERF2IP,-1.78955128401006
CALCOCO2,-1.59613400430892
FOSB,-3.0859410617408
PHF5A,-1.49028214467843
HMGCL,-1.13400342353532
BRD2,-0.833308349215645
SPTAN1,-0.925781691841613
ELF1,-0.453629631791447
RP11-665N17.4,-0.854825764907069
SLC27A2,-0.848350792490395
ANAPC13,0.154698897176776
MIR210HG,-0.126303710597724
DYNLT1,-0.603822772068898
FAM213A,-1.55308474900284
LMAN2,-0.248786206365426
SMCO4,-0.839362717744208
C1orf86,-0.440212873994979
MTERFD2,-0.981573041611818
ARFIP2,-0.412909018356965
FAM200B,-1.04674518194076
IST1,-1.16946121074294
OTUB1,-0.369560925708913
APOPT1,-0.621525639223021
ATG5,-1.59945357615631
PGRMC1,-1.32765244971715
CCL15,-0.727447895698283
ARPC3,-0.229993227041745
TAGLN2,-0.866049132996028
HES1,-1.39146621738117
PPIE,-0.813585222728175
JAK1,-1.41373545567898
KCNK1,-1.34390511104304
ATIC,-0.861996549064745
TRAF3IP2,-1.47094295810325
SLC6A8,-0.985129393655873
LURAP1L,-0.746691090248233
UBQLN1,-0.773656678579419
SURF6,-1.30539338397635
PRPF18,-1.05257853727799
MED19,-0.478431349683487
NUDT15,-1.61527204984511
PSMA6,-0.126531237415888
SEC23A,-1.409498428203
NUMB,-0.518111646270156
GLYR1,-0.666839517229526
VPS4A,-1.02426907599418
RPAIN,-0.64606553958945
TACO1,-1.48227694289245
AFG3L2,-0.737454232240627
GNA11,-1.03036933617644
ELAVL1,-1.04010744096446
CD97,-0.657534096098412
IRF3,-1.08468886683571
SNAP29,-0.466888936592126
PBDC1,0.314896305766936
CEACAM7,-2.12103698928554
CTSD,-0.436665751864918
LAMP1,-1.58795399015225
PIN4,-0.585802435150323
CNOT7,-1.42903067386286
STAP2,-0.791357941770093
TBCC,-0.354583749370112
AKAP9,-1.54399403952419
PHYKPL,-1.19986747362269
IL13RA1,2.56154792482316
RBM7,0.233662798931045
DNM2,-1.56150349828902
RABAC1,-1.03868373691198
CLTA,-0.328293319277939
SPATS2L,-1.22017242525837
C11orf54,-1.46052994651639
RILP,-2.4303827446998
TRIM31,-1.5786485294548
DHRS9,-0.110744932224985
PPIC,-0.707850686682738
SNX3,-0.677280254285725
SDHB,-0.842657899827858
C2orf47,-0.406838723193623
GPRC5C,-1.17048615403786
CHMP2A,-0.835152763244627
FAM32A,-0.441294983641818
EIF3F,-1.36956295089031
SPAG7,-1.10066328529511
MYO15B,-1.31320941580802
PRSS8,-1.89265394364519
CCDC47,-0.821398121631121
LARP7,-2.0082330290325
MAP1LC3A,-1.42588369335408
B9D2,-1.75201614149639
CDA,-1.60730454160653
SIVA1,-1.31409098408843
RPL23A,-0.157342489156725
ITSN2,-0.384352894734297
YBEY,-0.366788035163484
SPIB,-0.434147961723739
CD9,-0.304367966702146
OS9,-1.04863514771075
KIF22,-0.740248088089238
CA12,-1.05105378505946
RFK,-1.09841404094437
MARCH3,0.271118799397293
ADI1,-0.775712442126624
CYSTM1,-0.398060830828602
GNPAT,-0.662532859356059
AVPI1,-1.20841030112989
SLC16A5,-0.789649562125516
ELF3,-0.426922118353574
ANAPC16,-1.50016465911061
ATP1B3,-1.54359249720528
PRMT1,-0.749017324531556
GNB2L1,-0.443776556852664
FRMD1,-0.888154453578246
GIPC1,-1.47823811395351
TWF1,-2.00956827492428
LAMB3,-1.13364811296516
RHOT2,-0.709049735467252
ILK,1.45391610051937
THRAP3,-0.657835663334793
MRPL15,-1.08542385135023
SCAF11,-1.01718265951627
PTPRA,-1.13037286047041
AKAP13,-1.14199832645126
COPE,-0.797794078662259
RPL12,-0.20982015427255
TNIP1,-1.31575067960778
C9orf3,0.663611165832356
AP2M1,-0.932436545131478
SAT2,-1.51000711365122
PRSS23,-0.525846997920106
SLU7,-1.12838536159737
VPS72,-1.06865752718255
ADAR,-1.10980201002158
EPHX1,-1.21441049549632
C1orf131,-1.21934535406596
FKBP1B,-1.39641018232066
IMMT,-1.06304174576755
RAB17,-1.55456451313733
YIPF5,-0.646678537136666
TAP2-ENSG00000204267,-0.977604079983635
GINM1,-1.19411080834808
APEX2,-1.45624555786408
CHMP4C,-1.40400378972561
RAB6A,-1.38368758352224
PNP,-0.92267490073669
RP11-349A22.5,-1.04378685391801
RTF1,-1.06975993815026
CHD2,-1.77755308137405
PCNA,-1.50936334684093
BCL2L1,-1.30374164683015
TBC1D10A,-1.51752629509336
RHBDD2,-1.35120583674271
SNAPC3,-1.79439693807814
PTGES2,-1.46121206637699
MXI1,-1.30751685000404
HSBP1L1,-2.11290857210325
CCNYL1,-0.778861720317189
PSMB10,-0.900348136547204
RPS6,-0.194227095879627
DNAJC1,-0.853686480078796
CHTOP,-1.62141865713965
EIF2A,-1.92018688176624
CC2D1A,-1.54658530246508
GOLM1,-1.17368380744389
C1orf21,-1.49673349840091
REPIN1,-0.409768738446529
STX8,-1.23397031997404
CHMP2B,-2.02552035574099
TMEM9B,-0.582037198889299
NACA,-0.305424877615157
BAD,-1.65083168720948
EMP1,-1.3374918443759
TRPM4,-0.139521048298658
C10orf54,-1.42733220770523
CHMP1B,-0.920273767059154
HSPA1A,-0.886406740397776
RPP25L,0.395160591726039
LMO7,-1.27761290144615
CCNDBP1,-1.3924328439545
EEF1A1,-0.12506967759931
CAMLG,-0.114971138635642
NDRG1,-0.756585063386392
MS4A8,-0.427603530933693
HPS1,-1.16307063975947
LLGL2,-0.921430869033174
NMI,-1.32253725696507
CCDC90B,-1.13551692717498
IL32,-2.10825574239198
CD164,-1.02974658702243
ITM2B,-0.676845291832056
POLR2H,-0.862375548220145
IGBP1,0.612020387609631
RP11-532F12.5,-2.11354214681434
CDKN2B-AS1,0.464591486481908
ACADVL,-1.17910962870988
DPM2,-0.943658927256857
STX5,-0.829716019256034
TAF1D,-1.5990748397334
ECE1,-1.74747915900965
GADD45B,-2.12465106455419
SLC44A3,-2.00627977626403
MIR4435-1HG,-2.24248726222489
SCARB2,-1.95165586211033
CCNH,-1.51099983316796
UBA1,-1.31744340104296
NSFL1C,0.217826100105209
HNRNPK,-0.422880863579716
MAZ,0.460808032378679
ZNF622,-0.559092601229355
MED8,-2.12237861318091
PLXNA2,-1.31027870207539
HIST1H2BD,-1.15813006463484
POP7,-0.912768957326393
SORBS3,-1.0010088740597
TMEM68,-1.0236032782164
HINFP,-1.18960778044881
B4GALNT3,-0.952921150842948
CCDC59,-1.6012362930381
CORO1C,-2.11629731522202
MTHFS,-1.22536341716373
TM2D3,-0.93288853043848
FAM98C,-0.962456565834164
CLMN,1.9146419705252
APOBR,-0.302544644463073
PIGZ,-0.970249552423544
LSR,-1.19848479926105
RPL14,-0.200770719689384
LRRFIP2,-0.748020199497724
AAMDC,-1.86530963680338
KARS,-2.04515301328957
NOSIP,-1.60709989581491
MT-ND1,-0.524638837815186
ZFP36,-2.19685010102988
ABCF2,-0.364246236639731
GHITM,-0.496969929093847
FAM3A,-0.948645489173525
FAM102A,-1.09501817307015
SMIM6,-0.676175933220577
TMEM205,-1.48982560191945
TRAF4,-1.54071560173531
RPL11,-0.211657167696363
CDH17,-0.624375426702002
SUCLG2,-1.48565383565347
DHRS3,-0.671591897013593
GPBP1L1,-0.754650923390282
B4GALT4,-1.26748985799926
ATP6AP1,-1.99182283835099
BTNL3,-1.44261847595282
ADRA2A,-1.61761707139217
ATF3,-2.76978727325695
MXD1,-1.25706049027742
FRG1,-1.61634283070482
POR,-1.22898978583858
TMEM60,-0.862967935218281
NUBP2,-1.95501347247653
LGALS9C,-1.45739468961398
TMEM11,-1.21724637221253
MGLL,-0.904968638225751
FAM3D,-0.903335444234461
IMPA2,-0.229437255195752
PABPC1,-0.994245207512545
HEXB,-1.58060324855274
AK3,-1.21874018916062
PLOD3,-0.796890949198956
MAPK3,-1.49754970488658
GOLPH3,-1.82576263783729
NBR1,-0.664041814788392
RPSAP58,-1.21848361105668
CSNK2B,-1.59320573987882
H1F0,-1.72386896984435
SETD5-AS1,-1.22406345962692
EGLN2,-1.07891802362011
SLC17A4,-0.103963361535938
SSU72,-1.0932519000316
CLDN23,-1.34751246449886
EZR,-0.90798978719628
RPS4X,-0.117138423365589
TMEM141,-0.539339069259402
SNX1,-0.593073386083707
SCAMP2,-0.55239371329212
WASH4P,-0.542924448395462
GLB1,-0.375658813242875
SHKBP1,-0.76497624309386
TTLL12,-0.488889383555517
ERBB2IP,-0.380546060606312
