Gene,expression
AP006222.2,0.163225306
LINC00115,0.010401411
NOC2L,0.213502335
RP11-54O7.17,0.081732096
HES4,1.283803517
ISG15,2.041222221
AGRN,0.273513752
RNF223,0.071948082
C1orf159,0.057978592
RP11-465B22.8,0.686014537
SDF4,0.664527965
B3GALT6,0.029370301
FAM132A,0.118117967
UBE2J2,0.653115875
ACAP3,0.031572875
PUSL1,0.117869212
CPSF3L,0.151788718
GLTPD1,0.372080187
DVL1,0.135201216
AURKAIP1,3.416133212
CCNL2,0.529405254
RP4-758J18.2,0.026860925
MRPL20,1.569719741
VWA1,0.093251825
ATAD3B,0.145126233
ATAD3A,0.105180122
SSU72,1.325710381
AL645728.1,0.046773133
C1orf233,0.016726436
RP11-345P4.9,0.156859198
MIB2,0.203544276
MMP23B,0.111607143
CDK11B,0.390167776
SLC35E2B,0.297382111
CDK11A,0.177752034
SLC35E2,0.008469523
NADK,0.756005317
GNB1,1.635731537
PRKCZ,0.527223972
C1orf86,0.144193483
SKI,0.037484886
MORN1,0.017243282
RER1,1.358571601
PEX10,0.163404011
HES5,0.050415423
RP3-395M20.12,0.043706515
TNFRSF14,0.682793715
FAM213B,0.31360469
MMEL1,0.230594722
ARHGEF16,0.648078617
RP11-168F9.2,0.050415423
TPRG1L,0.595131678
WRAP73,0.240734127
LRRC47,0.152729483
CEP104,0.115201005
C1orf174,0.17921565
LINC01134,0.04114549
RPL22,8.967915874
RNF207,0.037736988
ICMT,0.18058428
ACOT7,0.397121799
HES2,0.075945956
ESPN,0.380366026
TNFRSF25,0.27600936
NOL9,0.085377058
ZBTB48,0.013068752
THAP3,0.05254589
DNAJC11,0.292001388
CAMTA1,1.205793888
VAMP3,0.746700005
PER3,0.31872204
PARK7,2.299260979
ERRFI1,0.296886922
RERE,0.428205257
ENO1,1.890230948
SLC2A5,0.429074681
SPSB1,0.136446402
SLC25A33,0.106758099
TMEM201,0.064142036
CLSTN1,0.565571207
CTNNBIP1,0.096248513
LZIC,0.505839017
NMNAT1,0.133562706
UBE4B,0.106757854
KIF1B,0.426265153
PGD,0.346958117
DFFA,0.103768996
PEX14,0.082891111
CASZ1,0.240090078
TARDBP,0.584684635
RP4-635E18.8,0.093689102
SRM,0.216158864
EXOSC10,0.296688629
RP4-635E18.6,0.077286408
MTOR,0.094895034
UBIAD1,0.042235437
FBXO6,0.012518462
MAD2L2,0.008282534
AGTRAP,0.057928609
MTHFR,0.155612155
CLCN6,0.095697443
NPPA-AS1,0.009340487
KIAA2013,0.814343142
MFN2,0.161131026
MIIP,0.1370158
TNFRSF1B,0.008282534
VPS13D,0.093467132
DHRS3,0.582589838
PRDM2,0.325842695
KAZN,0.045811039
TMEM51,0.124466225
EFHD2,1.801981315
CASP9,0.067133757
DNAJC16,0.14335751
AGMAT,0.128944505
DDI2,0.270251182
PLEKHM2,0.306931814
SLC25A34,0.190452705
TMEM82,0.181652362
FBLIM1,1.279400034
RP11-169K16.9,0.05583847
SPEN,0.430739108
EPHA2,0.139038726
FBXO42,0.026974536
SZRD1,0.443075293
NECAP2,0.204866185
RP4-798A10.2,0.016726436
NBPF1,0.102093923
CROCCP2,0.087116687
RP11-108M9.4,0.125920653
ATP13A2,0.423228164
SDHB,1.37191075
PADI2,0.553160951
RCC2,0.467436837
ARHGEF10L,0.214686249
ALDH4A1,0.053177912
UBR4,0.454437348
RP1-43E13.2,0.053177912
EMC1,0.122982718
MRTO4,0.183199062
AKR7A3,1.016915202
AKR7A2,0.754091979
PQLC2,0.062553218
CAPZB,2.222001727
MINOS1,2.876272409
NBL1,2.485036793
TMCO4,0.352881446
RNF186,0.41101519
OTUD3,0.244287012
PLA2G2A,5.871130946
UBXN10,0.032526672
CAMK2N1,5.622498568
MUL1,0.050253292
CDA,1.080110529
PINK1,0.524805871
DDOST,0.593140661
HP1BP3,0.760171409
EIF4G3,0.641506062
ECE1,1.041266274
RAP1GAP,0.225410677
USP48,0.339875087
HSPG2,0.780131525
CDC42,5.139918992
ZBTB40,0.067338362
C1QA,0.005987909
EPHB2,0.101537605
KDM1A,0.117217262
LUZP1,0.461887495
RP5-1057J7.6,0.143319898
HNRNPR,0.889154393
ZNF436,0.247423384
C1orf213,0.005565747
TCEA3,1.823361216
ASAP3,0.122745549
E2F2,0.241923243
ID3,3.775116329
RPL11,24.15144405
TCEB3,0.453386067
RP5-886K2.3,0.009563594
PITHD1,0.094210875
LYPLA2,0.990368661
GALE,0.852347678
HMGCL,0.332895615
FUCA1,1.574661452
PNRC2,0.09014397
SRSF10,0.287222174
IL22RA1,0.117736937
IFNLR1,0.005987909
STPG1,0.147388236
NIPAL3,0.515742614
RCAN3,0.216684174
RP4-594I10.3,0.029921486
SRRM1,1.664247043
CLIC4,0.408167721
RUNX3,0.019139489
SYF2,1.377359358
C1orf63,2.802943942
TMEM50A,1.520445661
TMEM57,0.093193171
LDLRAP1,0.084027415
SEPN1,0.066771854
MTFR1L,0.298854467
STMN1,0.863049282
PAFAH2,0.19270805
PDIK1L,0.149307215
ZNF593,0.999651308
CNKSR1,0.098073218
SH3BGRL3,10.57873884
UBXN11,0.05316822
CD52,0.016565068
AIM1L,0.202893063
DHDDS,0.33210514
HMGN2,2.921802117
RPS6KA1,0.424050243
ARID1A,0.845051997
PIGV,0.009563594
ZDHHC18,0.176058954
SFN,2.187995431
GPN2,0.077283888
GPATCH3,0.017243282
NUDC,0.557542041
C1orf172,0.208085246
SLC9A1,0.476625665
WDTC1,0.286735386
TMEM222,0.071302474
MAP3K6,0.035900853
CD164L2,0.022171769
WASF2,1.547506407
AHDC1,0.008469523
IFI6,0.532416721
FAM76A,0.206395971
STX12,0.675953227
PPP1R8,0.271904194
THEMIS2,0.019139489
RPA2,0.024622408
SMPDL3B,0.748354764
XKR8,0.022171769
EYA3,0.275298611
PTAFR,0.263267686
DNAJC8,1.151517564
ATPIF1,7.754748303
RP5-1092A3.4,0.116159738
SESN2,0.31884523
MED18,0.189058298
PHACTR4,0.342046667
TRNAU1AP,0.277316217
SNHG12,0.214925692
TAF12,0.179147239
RNU11,0.175755921
GMEB1,0.122533309
YTHDF2,0.413906239
EPB41,0.112767213
SRSF4,0.743631158
MECR,0.005565747
LAPTM5,0.064142036
PUM1,0.355492867
SNRNP40,0.279374236
ZCCHC17,0.13758017
FABP3,0.108385021
SERINC2,2.56352927
TINAGL1,0.184622106
PEF1,0.137648243
PTP4A2,1.939686164
KHDRBS1,1.046326756
TMEM39B,0.084838661
KPNA6,0.164136141
TXLNA,0.088698375
TMEM234,0.045609035
EIF3I,0.951457374
HDAC1,1.260971644
MARCKSL1,1.936473001
BSDC1,0.225918505
ZBTB8A,0.055114638
ZBTB8OS,0.684685086
RBBP4,0.383801365
SYNC,0.046114025
KIAA1522,0.419773838
YARS,0.068276167
S100PBP,0.098008468
TMEM54,11.29035863
RNF19B,0.34922897
AK2,1.06150686
ZNF362,0.106226004
PHC2,0.078866144
SMIM12,0.394674479
ZMYM6NB,0.008469523
ZMYM6,0.136256159
ZMYM1,0.013068752
SFPQ,1.465831127
ZMYM4,0.109984286
KIAA0319L,0.412246175
TFAP2E,0.005987909
PSMB2,1.195057283
CLSPN,0.043935199
AGO4,0.071264021
AGO1,0.05254589
AGO3,0.315001508
ADPRHL2,0.031471302
TRAPPC3,0.815364617
MAP7D1,0.094850188
THRAP3,0.757780657
SH3D21,0.090646436
STK40,0.23276811
LSM10,0.164826302
OSCP1,0.010401411
MRPS15,0.632117004
LINC01137,0.024622408
ZC3H12A,0.16264623
MEAF6,0.225929413
SNIP1,0.142503718
DNALI1,0.011442485
GNL2,0.046135071
C1orf109,0.011131494
CDCA8,0.041644456
EPHA10,0.09271
MANEAL,0.016094147
YRDC,0.045608145
C1orf122,0.865260975
MTF1,0.27455645
INPP5B,0.13091747
SF3A3,0.02328261
UTP11L,0.332920451
RRAGC,0.568610925
MYCBP,0.541949998
RHBDL2,0.110008254
AKIRIN1,0.414055807
NDUFS5,3.708005175
MACF1,0.507945064
KIAA0754,0.029921486
RP11-69E11.4,0.165343915
PABPC4,0.261589154
PPIE,0.112080681
BMP8B,0.136348583
MYCL,0.01403527
MFSD2A,0.046206512
CAP1,3.639324441
PPT1,0.078221951
RLF,0.474024291
RP1-39G22.7,0.049290645
ZMPSTE24,0.279173467
COL9A2,0.091894863
SMAP2,0.180242763
ZNF684,0.03047294
NFYC,0.079389449
SCMH1,0.037736988
GUCA2B,81.02010423
GUCA2A,96.71630701
FOXJ3,0.193751626
RIMKLA,0.094701558
ZMYND12,0.026860925
PPCS,0.617126831
PPIH,0.158997418
YBX1,5.554689109
C1orf50,0.107704771
CCDC23,0.177167745
ERMAP,0.051225309
ZNF691,0.032002048
SLC2A1,0.217429893
EBNA1BP2,0.2507269
TMEM125,0.376181981
C1orf210,0.273526793
RP1-92O14.3,0.010401411
CDC20,0.027828735
ELOVL1,0.845987656
MED8,0.121775894
SZT2,0.010401411
HYI,0.203232045
PTPRF,2.340648426
KDM4A,0.262871869
DPH2,0.085922285
ATP6V0B,2.914145193
B4GALT2,0.1019737
CCDC24,0.213966938
SLC6A9,0.275271211
DMAP1,0.188175579
ERI3,0.368738235
RNF220,0.110813214
TMEM53,0.22234347
RPS8,31.99447888
BEST4,16.8155451
PLK3,0.457526898
BTBD19,0.17902359
HECTD3,0.504259053
UROD,0.401305548
HPDL,0.042928083
MUTYH,0.049602159
TOE1,0.313807161
TESK2,0.112733954
PRDX1,4.502788919
AKR1A1,1.507347112
NASP,0.432388692
CCDC17,0.093689102
GPBP1L1,0.480253611
TMEM69,0.145210133
IPP,0.083994087
MAST2,0.753178017
PIK3R3,0.079387204
TSPAN1,10.0580293
POMGNT1,0.374889818
LRRC41,0.381565968
UQCRH,5.622595449
NSUN4,0.041760695
FAAH,0.10232185
MKNK1,0.283713138
ATPAF1,0.151711231
EFCAB14,0.500946322
PDZK1IP1,1.049245612
STIL,0.119875189
CMPK1,1.334465652
FOXD2-AS1,0.010401411
FOXD2,0.148263769
SPATA6,0.051225309
FAF1,0.096369832
RNF11,0.467046371
TTC39A,0.332635394
EPS15,0.222204275
RP11-191G24.1,0.011131494
OSBPL9,0.105714591
NRD1,0.430397661
TXNDC12,0.251078947
KTI12,0.095010523
BTF3L4,0.68502166
ZFYVE9,0.181156849
CC2D1B,0.058204295
PRPF38A,0.46862864
ZCCHC11,0.077521081
COA7,0.062000498
ZYG11B,0.362034584
ECHDC2,0.481482954
SCP2,3.748815311
CPT2,0.348228703
C1orf123,0.32083561
MAGOH,0.942825691
RP5-1024G6.8,0.022171769
YIPF1,0.087568013
HSPB11,0.612661362
LRRC42,0.290552691
RP4-758J24.5,0.017607122
TMEM59,6.493270668
CYB5RL,0.005987909
MRPL37,0.385473953
SSBP3,0.645707244
ACOT11,0.263284954
FAM151A,0.053177912
TTC4,0.038139989
PARS2,0.011442485
TTC22,0.521539891
DHCR24,0.213613359
TMEM61,0.017607122
PCSK9,0.005565747
USP24,0.316315971
PPAP2B,0.13091747
PRKAA2,0.089559834
OMA1,0.048192101
MYSM1,0.304875587
JUN,5.543437114
LINC01135,0.019045588
RP4-794H19.1,0.03047294
FGGY,0.005987909
HOOK1,0.381117263
CYP2J2,0.141596124
NFIA,0.285369619
TM2D1,0.367596153
INADL,0.366563372
L1TD1,0.029517384
USP1,0.35454662
DOCK7,0.139171485
ATG4C,0.043444534
ALG6,0.02257398
ITGB3BP,0.110474798
EFCAB7,0.008469523
DLEU2L,0.005565747
PGM1,0.186868504
RAVER2,0.058223238
JAK1,1.110949179
AK4,0.067873969
LEPROT,0.562982004
PDE4B,0.037736988
WDR78,0.15649361
MIER1,2.366965742
SLC35D1,0.754276269
SERBP1,1.854906814
GADD45A,0.60200614
GNG12,1.722585169
GNG12-AS1,0.066482289
WLS,0.231983917
LRRC40,0.023089143
SRSF11,1.108994306
ANKRD13C,0.077212515
HHLA3,0.137042533
CTH,0.236646021
ZRANB2,1.080813678
FPGT,0.12362106
RP11-17E13.2,0.022171769
CRYZ,0.029623661
TYW3,0.115621138
ACADM,0.586579295
RABGGTB,0.289922704
ST6GALNAC3,0.149396666
PIGK,0.112716399
ZZZ3,0.352095563
USP33,0.263338796
FAM73A,0.162942299
FUBP1,0.198156272
DNAJB4,0.415897121
GIPC2,0.790207483
RP11-386I14.4,0.011975818
IFI44L,0.392752409
PRKACB,0.903261106
SAMD13,0.234678622
RPF1,0.244094444
GNG5,4.889765549
CTBS,0.209414893
SSX2IP,0.075999342
SYDE2,0.008469523
C1orf52,0.043956693
BCL10,1.234625124
RP11-131L23.1,0.088929994
DDAH1,0.74376543
CYR61,0.31094006
ZNHIT6,0.199732249
ODF2L,0.177640232
CLCA1,0.857736021
CLCA4,16.49514069
RP4-612B15.3,0.017846128
SH3GLB1,2.474613722
Sep-15,0.754889805
HS2ST1,0.093444282
LMO4,0.857810787
PKN2,0.839065259
GTF2B,0.199003054
CCBL2,0.114367024
RBMXL1,0.081148394
GBP3,0.896822285
GBP1,0.274392251
GBP2,0.598717005
GBP4,0.137151635
LRRC8B,0.038278977
LRRC8D,0.231431238
ZNF326,0.863020429
ZNF644,0.464454813
EPHX4,0.014270443
KIAA1107,0.043180203
GLMN,0.083954385
RPAP2,0.240614662
EVI5,0.178196089
RPL5,9.620782869
FAM69A,0.068392968
MTF2,0.215665785
TMED5,0.269510877
DR1,0.460560204
FNBP1L,0.326442014
BCAR3,0.198946379
RP5-1033H22.2,0.009340487
DNTTIP2,0.459554678
GCLM,0.005565747
ABCD3,0.568549928
F3,0.02257398
LINC01057,0.041861001
SLC44A3,0.229295243
CNN3,0.378964424
RP4-639F20.1,0.083836351
ALG14,0.219161701
TMEM56,0.797365341
RWDD3,0.005987909
PTBP2,0.006530553
DPYD,0.033390319
SNX7,0.697671302
FRRS1,0.077639752
AGL,0.150301294
SLC35A3,1.010739861
HIAT1,0.251641201
TRMT13,0.063538095
DBT,0.290621587
RTCA,0.259058804
CDC14A,0.468195888
EXTL2,0.035865924
SLC30A7,0.108492053
DPH5,0.031658291
RP11-421L21.3,0.008469523
RNPC3,0.143024305
PRMT6,0.14418748
VAV3,0.599856328
SLC25A24,0.971205098
FAM102B,0.026990845
HENMT1,0.017430395
PRPF38B,0.627770899
STXBP3,0.532161317
GPSM2,0.063009175
CLCC1,0.120202645
TAF13,0.447457891
TMEM167B,0.111642856
KIAA1324,0.069590284
SARS,0.674223512
SORT1,0.412665811
PSMA5,1.42297185
GNAI3,0.677209594
AMPD2,0.298682767
GSTM4,0.249915216
GSTM3,0.03948508
EPS8L3,1.532504226
AHCYL1,0.677533361
STRIP1,0.011442485
RBM15,0.073560118
RP5-1074L1.4,0.039381092
LAMTOR5-AS1,0.005565747
LAMTOR5,2.531819146
LRIF1,0.333020221
DRAM2,0.457286698
CEPT1,0.217067063
DENND2D,0.248246792
WDR77,0.074915171
ATP5F1,2.207441905
C1orf162,0.013848281
RAP1A,0.69498374
DDX20,0.016939047
KCND3,0.024898414
RP11-88H9.2,0.008282534
CTTNBP2NL,0.604247393
ST7L,0.063169687
CAPZA1,1.881422234
MOV10,0.424051012
RHOC,6.927577524
PPM1J,0.022714345
SLC16A1,0.375406383
MAGI3,0.641210706
PHTF1,0.041644456
RSBN1,0.639301496
PTPN22,0.019139489
BCL2L15,0.485738585
AP4B1,0.042505536
HIPK1,0.270821963
TRIM33,0.220895257
BCAS2,0.099976667
NRAS,0.28075177
CSDE1,2.370838026
SIKE1,0.211802686
TSPAN2,0.093689102
VANGL1,0.206895525
ATP1A1,1.640524927
CD58,0.562799939
IGSF3,0.108107331
CD2,0.008282534
PTGFRN,0.055685663
MAN1A2,0.524777537
FAM46C,0.680568426
GDAP2,0.233467457
WDR3,0.06043539
WARS2,0.086797963
HSD3B1,0.070974336
PHGDH,0.0120963
HMGCS2,2.176085848
REG4,0.166899271
NOTCH2,1.330386022
RP11-423O2.5,0.020856275
RP11-782C8.1,0.006530553
RP11-782C8.3,0.019139489
RP11-435B5.4,0.020241604
RP11-640M9.1,0.191721122
NBPF9,0.167827662
PDE4DIP,0.088991468
NOTCH2NL,1.060653127
NBPF10,1.937612391
TXNIP,7.63402635
POLR3GL,0.150599753
RP11-315I20.1,0.056833682
RBM8A,1.758775714
PEX11B,0.343300979
POLR3C,0.163842966
RNF115,0.140684656
PRKAB2,0.187244562
RP11-337C18.8,0.326209244
FMO5,0.501661077
CHD1L,0.124786478
BCL9,0.247719326
ACP6,0.224335966
NBPF14,0.093311442
RP11-14N7.2,0.146807695
RP11-277L2.4,0.005565747
RP11-277L2.3,0.057977737
RP11-196G18.23,0.064142036
HIST2H2AA3,0.230808609
HIST2H2BE,0.229567099
HIST2H2AC,0.092161173
BOLA1,0.044687545
SF3B4,0.197436189
MTMR11,0.650046422
OTUD7B,0.247287176
VPS45,0.190028652
ANP32E,0.177625539
APH1A,0.490162825
MRPS21,0.797304153
PRPF3,0.16106721
TARS2,0.038710788
ADAMTSL4,0.005987909
MCL1,1.66955303
ENSA,1.209941777
GOLPH3L,0.338066102
CTSS,3.733994297
ARNT,0.307634115
SETDB1,0.015967158
CERS2,0.440556685
FAM63A,0.123459546
PRUNE,0.041405346
C1orf56,0.195226898
CDC42SE1,0.651822064
MLLT11,0.019139489
GABPB2,0.040702417
SCNM1,0.407830381
VPS72,0.157754198
PIP5K1A,0.15881418
PSMD4,1.362393094
ZNF687,0.084968581
PI4KB,0.093951947
SELENBP1,3.985282239
PSMB4,1.302858122
POGZ,0.238990418
CGN,0.84875167
TUFT1,0.182811589
SNX27,0.134490184
MRPL9,0.367082059
OAZ3,0.039177584
THEM4,0.107731617
S100A10,49.88736247
S100A11,7.585880877
S100A9,0.022130815
S100A6,113.6419144
S100A4,0.180062307
S100A16,3.507953913
S100A14,6.647001317
S100A13,1.089585259
CHTOP,0.257378107
SNAPIN,0.364316188
ILF2,0.355954799
INTS3,0.0747621
SLC27A3,0.209176462
GATAD2B,0.199682499
DENND4B,0.068506308
CRTC2,0.463732648
SLC39A1,0.34278718
JTB,1.999868038
RAB13,0.700991597
RPS27,21.05547639
TPM3,6.169352112
C1orf43,0.766850677
UBAP2L,0.02683729
HAX1,0.544070866
IL6R,0.006530553
UBE2Q1,0.416095253
ADAR,0.278291301
PMVK,0.647209511
PBXIP1,0.207884061
PYGO2,0.04045558
SHC1,0.266156053
CKS1B,0.281663828
FLAD1,0.068076021
ZBTB7B,0.868359178
ADAM15,0.480165536
EFNA4,0.334358148
EFNA1,1.313427172
SLC50A1,0.775143655
DPM3,0.63718676
KRTCAP2,0.566782784
MUC1,2.129842534
MTX1,0.267136146
GBA,0.340288725
FAM189B,0.005987909
SCAMP3,0.08615189
CLK2,0.18162243
HCN3,0.008469523
FDPS,1.292661633
RUSC1,0.404111328
ASH1L,0.831429759
MSTO1,0.005987909
YY1AP1,0.342307306
DAP3,0.267272595
GON4L,0.326048755
RIT1,0.433503964
KIAA0907,0.476998108
ARHGEF2,0.497920758
SSR2,1.425178101
LAMTOR2,1.978431035
RAB25,1.661778616
LMNA,1.783208904
SEMA4A,0.05583847
SLC25A44,0.13680223
PMF1,0.427823275
SMG5,0.298652582
C1orf85,0.190642059
CCT3,1.439185095
MEF2D,0.28389795
IQGAP3,0.098008468
APOA1BP,0.654207992
GPATCH4,0.087381354
RP11-284F21.10,0.071605738
RP11-284F21.7,0.019045588
NES,0.083836351
ISG20L2,0.590902547
MRPL24,0.809312332
HDGF,1.094421255
PRCC,0.225988898
ETV3,0.113884849
FCRL5,0.037736988
IFI16,0.019912009
DUSP23,0.797511905
TAGLN2,2.324491425
IGSF9,0.282795229
LINC01133,2.007802642
PIGM,0.133959138
IGSF8,0.250761356
DCAF8,0.144376539
PEX19,0.143168874
COPA,0.33257103
NCSTN,0.384736869
VANGL2,0.020241604
CD84,0.019139489
ITLN1,0.769023175
F11R,0.880453946
TSTD1,2.216663194
USF1,0.058577321
PVRL4,0.067026193
KLHDC9,0.029359705
PFDN2,0.644228233
NIT1,0.456621892
DEDD,0.11723864
UFC1,2.094507794
B4GALT3,0.12395885
NDUFS2,1.76025465
FCER1G,0.016565068
TOMM40L,0.163359166
SDHC,0.861794114
RP11-122G18.5,0.009563594
DUSP12,0.042733563
ATF6,0.209398443
UHMK1,1.019583553
UAP1,0.529075208
HSD17B7,0.157926553
NUF2,0.009563594
PBX1,0.90134934
MGST3,8.446232043
ALDH9A1,0.337879788
TMCO1,1.131100754
UCK2,0.130732365
POGK,0.008282534
TADA1,0.020019218
GPA33,4.190147133
RP11-277B15.3,0.010401411
POU2F1,0.085446927
CREG1,0.208421202
MPZL1,0.271044056
MPC2,2.035905649
DCAF6,0.293902823
TIPRL,0.647511134
SFT2D2,0.418925723
TBX19,0.155009921
ATP1B1,7.536910293
NME7,0.202040619
BLZF1,0.267390675
C1orf112,0.005565747
SCYL3,0.10453902
KIFAP3,0.022884971
GORAB,0.066009272
FMO4,0.045185078
PRRC2C,1.468235187
VAMP4,0.16627568
METTL13,0.062121059
PIGC,0.057392083
SUCO,0.426118284
RP11-296O14.3,0.080539047
PRDX6,6.206903254
KLHL20,0.005987909
RC3H1,0.546510301
RABGAP1L,0.527654367
CACYBP,0.503883772
MRPS14,0.276089579
KIAA0040,0.005565747
RFWD2,0.268424523
SEC16B,0.020241604
RASAL2,0.028711127
RALGPS2,0.512452403
FAM20B,0.27048755
TOR3A,0.005987909
ABL2,0.183569902
SOAT1,0.112315001
AXDND1,0.176725212
TOR1AIP2,0.928680231
TOR1AIP1,0.006530553
CEP350,0.386674911
QSOX1,1.077250816
ACBD6,0.134006427
XPR1,0.015551503
RP11-46A10.4,0.03830361
STX6,0.179487336
MR1,0.01781001
IER5,0.693879972
RP11-309G3.3,0.019139489
GLUL,0.976584715
RNASEL,0.160568456
DHX9,0.165214193
LAMC2,0.876225517
SMG7,0.387544751
ARPC5,3.660517188
RP11-382D12.2,0.009563594
C1orf21,2.053556298
EDEM3,0.854355476
RNF2,0.019049014
TRMT1L,0.193094125
SWT1,0.119284208
IVNS1ABP,1.054172998
TPR,0.620394444
C1orf27,0.300543904
RGS18,0.019139489
RGS1,0.147479795
UCHL5,0.05220679
TROVE2,0.195115035
GLRX2,0.312318081
CDC73,0.282940934
B3GALT2,0.026860925
ZBTB41,0.020241604
DENND1B,0.566918479
C1orf53,0.110563497
NEK7,0.456654906
PTPRC,0.038278977
NR5A2,0.269422756
ZNF281,0.12851163
DDX59,0.239034129
C1orf106,1.344418924
TMEM9,0.149063317
LAD1,0.639729272
CSRP1,0.453644274
NAV1,0.024898414
IPO9,0.061673275
TIMM17A,0.378248257
RNPEP,0.548081661
RP11-465N4.4,0.089073948
ELF3,8.901552253
ARL8A,0.235080514
UBE2T,0.034304363
PPP1R12B,0.084019189
KDM5B,0.575908079
RABIF,0.167081293
KLHL12,0.082044337
ADIPOR1,0.202646958
TMEM183A,0.575915275
LINC01136,0.038139989
BTG2,1.185578704
ATP2B4,0.033925027
ZC3H11A,0.53241932
ZBED6,0.101980867
SNRPE,1.040431185
SOX13,0.124180409
REN,0.208082852
GOLT1A,0.008282534
PLEKHA6,0.759665549
PPP1R15B,0.467901237
PIK3C2B,0.115458058
MDM4,0.438180787
NFASC,0.083836351
RBBP5,0.266588124
DSTYK,0.091200934
NUAK2,0.13229064
CDK18,1.512169895
MFSD4,0.009340487
ELK4,0.048317827
SLC45A3,0.209877899
NUCKS1,0.431660614
RAB7L1,0.011975818
CTSE,2.715136487
IKBKE,0.30035768
EIF2D,0.074583939
MAPKAPK2,0.153464742
PIGR,37.80234843
C1orf116,0.237943503
YOD1,0.085363309
PFKFB2,0.152886734
C4BPB,0.402491889
CD55,1.345100088
CD46,1.353119133
CD34,0.095594983
PLXNA2,1.072954365
LAMB3,0.469945641
G0S2,0.055114638
C1orf74,0.011442485
IRF6,0.63868298
DIEXF,0.065303205
HHAT,0.059326056
RCOR3,0.084143568
TRAF5,0.071271698
SLC30A1,0.134836025
NEK2,0.011131494
LPGAT1,0.375814184
INTS7,0.192373785
PPP2R5A,0.778898122
NENF,0.492680236
ATF3,1.182253112
NSL1,0.107816922
TATDN3,0.029623661
FLVCR1-AS1,0.030675874
FLVCR1,0.051225309
ANGEL2,0.085544809
RPS6KC1,0.037721045
PROX1,1.151832305
SMYD2,0.005987909
KCTD3,0.25873402
GPATCH2,0.228079686
SPATA17,0.02865489
RRP15,0.042849976
LYPLAL1,0.065618657
SLC30A10,0.154780525
EPRS,0.587710497
BPNT1,0.404513149
IARS2,0.748892497
RAB3GAP2,0.117231606
C1orf115,0.590650536
Mar-02,0.0768837
Mar-01,0.12681047
MIA3,0.56668139
AIDA,0.433972909
BROX,0.840352444
RP11-452F19.3,0.081029297
CAPN8,0.091616048
CAPN2,2.627866492
TP53BP2,0.099721911
RP11-504P24.8,0.088929994
FBXO28,0.343722681
DEGS1,0.073953085
NVL,0.278189674
CNIH4,1.239015722
WDR26,0.267296031
CNIH3,0.008469523
LBR,0.446692606
ENAH,0.029921486
SRP9,1.266447966
EPHX1,0.182208625
RP11-285F7.2,0.009340487
TMEM63A,0.249338002
LEFTY1,1.602399318
PYCR2,0.379385286
H3F3A,18.97656779
ACBD3,0.549606953
PARP1,0.15481552
PSEN2,0.018683945
ADCK3,0.200416036
CDC42BPA,0.668529309
SNAP47,0.067357385
JMJD4,0.084783398
ARF1,3.13445838
C1orf35,0.284822208
MRPL55,0.727976717
GUK1,3.925484114
IBA57,0.052990033
TRIM11,0.524165676
HIST3H2A,0.008282534
RNF187,0.445751003
RHOU,0.480530631
RAB4A,0.8387943
NUP133,0.104426445
ABCB10,0.088511917
TAF5L,0.019045588
GALNT2,0.431463943
COG2,0.093633706
CAPN9,0.085506416
ARV1,0.392979793
FAM89A,0.044687545
C1orf131,0.520441978
GNPAT,0.348163914
SPRTN,0.278758717
EGLN1,0.795877125
RP11-295G20.2,0.318237
TSNAX,0.494962702
SIPA1L2,0.338106422
NTPCR,0.307986273
PCNXL2,0.006530553
MLK4,0.071546528
KCNK1,0.410854673
COA6,0.678942395
IRF2BP2,0.562582499
RP11-443B7.1,0.04450249
TOMM20,1.253259098
RBM34,0.077861872
ARID4B,0.317933507
GGPS1,0.198013342
B3GALNT2,0.03830361
LYST,0.102981
GPR137B,0.044267541
LGALS8,0.78302085
HEATR1,0.135895175
MTR,0.020019218
CHRM3,0.472624321
FH,0.446223004
KMO,0.020856275
OPN3,0.419382573
CHML,0.118731003
CEP170,0.042235437
SDCCAG8,0.223503774
ZBTB18,0.018904081
ADSS,0.417150756
DESI2,0.52023688
COX20,0.734017522
HNRNPU-AS1,0.205841936
HNRNPU,0.966023795
EFCAB2,0.131109713
SMYD3,0.169805379
CNST,0.421225795
SCCPDH,0.323312221
AHCTF1,0.269865688
ZNF670,0.008469523
ZNF124,0.087054986
LYPD8,15.28449395
SH3BP5L,0.148870494
ZNF672,0.185407492
ZNF692,0.095016055
FAM110C,0.341930711
SH3YL1,1.199516671
ACP1,0.996326432
TMEM18,0.493944739
TSSC1,0.26329675
TRAPPC12,0.070801972
ADI1,1.708879477
AC108488.4,0.009340487
RNASEH1,0.117061801
RPS7,12.91939612
CMPK2,0.036038687
RSAD2,0.299681784
RNF144A,0.141351144
ID2,1.498248346
KIDINS220,0.297177365
MBOAT2,0.122059618
ASAP2,0.608819294
ITGB1BP1,0.090597947
CPSF3,0.061102548
IAH1,0.258480333
ADAM17,0.085902656
YWHAQ,1.179744478
TAF1B,0.056833682
RRM2,0.028159678
HPCAL1,0.151636939
ODC1,0.682372764
NOL10,0.06291793
RP11-791G15.2,0.032526672
PDIA6,1.066976811
PQLC3,0.019045588
ROCK2,1.547279061
E2F6,0.043783231
LPIN1,0.048175009
TRIB2,0.005565747
FAM84A,0.696029034
NBAS,0.223392286
DDX1,0.447188302
RAD51AP2,0.05583847
VSNL1,0.070937759
SMC6,0.241208101
GEN1,0.059507843
KCNS3,0.100546976
RDH14,0.327024634
LINC00954,0.029921486
TTC32,0.14341125
LAPTM4A,1.593026318
SDC1,0.443565288
PUM2,0.485265194
RHOB,0.646307165
HS1BP3,0.20811889
C2orf43,0.141149097
APOB,0.016726436
ATAD2B,0.27567354
UBXN2A,0.387880107
FKBP1B,0.560483138
SF3B14,1.161972226
TP53I3,0.979188727
ITSN2,0.405925421
NCOA1,0.650739018
PTRHD1,0.889026884
ADCY3,0.029921486
DNAJC27,0.019139489
DNAJC27-AS1,0.008469523
DNMT3A,0.246210355
ASXL2,0.445857192
RAB10,2.188402857
GAREML,0.110639051
HADHA,2.162133907
HADHB,1.030172835
EPT1,0.020019218
SLC35F6,0.178625375
MAPRE3,0.03830361
TMEM214,0.24604697
AGBL5,0.153445511
OST4,3.605100251
KHK,0.008282534
PREB,0.111767686
SLC5A6,0.094237763
ATRAID,1.00721885
CAD,0.022171769
MPV17,0.269866271
GTF3C2,0.504438973
EIF2B4,0.096702109
SNX17,0.626902809
ZNF513,0.236943819
PPM1G,0.766900776
NRBP1,0.706959628
KRTCAP3,0.777833955
IFT172,0.448216368
ZNF512,0.019139489
CCDC121,0.042090266
GPN1,0.061765449
SUPT7L,0.139171229
SLC4A1AP,0.091739426
MRPL33,0.907209072
RBKS,0.235292086
BRE,0.140073091
FOSL2,0.360283106
PPP1CB,3.239802976
SPDYA,0.038139989
TRMT61B,0.008282534
WDR43,0.130975134
YPEL5,0.728152582
CAPN13,0.171996473
XDH,0.147954261
DPY30,0.672473677
SPAST,0.063296223
SLC30A6,0.02557614
YIPF4,0.516310889
BIRC6,0.475058314
LTBP1,0.073425752
RASGRP3,0.037736988
FAM98A,0.101689833
RP11-490M8.1,0.096535185
CRIM1,0.31757495
FEZ2,0.900807978
STRN,0.2882059
HEATR5B,0.111607143
GPATCH11,0.022905519
EIF2AK2,0.627336459
CEBPZ-AS1,0.135647845
CEBPZ,0.245698304
NDUFAF7,0.033616609
PRKD3,0.109354987
QPCT,0.037736988
CDC42EP3,0.04114549
ATL2,0.415223002
HNRNPLL,0.167051083
GALM,0.573155907
SRSF7,1.034656091
GEMIN6,0.229932921
MORN2,0.224539179
SOS1,0.286739532
MAP4K3,0.169919403
AC007246.3,0.291871492
THUMPD2,0.042235437
PKDCC,0.03696804
EML4,0.37955284
COX7A2L,1.288610929
MTA3,0.223212556
OXER1,0.131109713
HAAO,0.032267443
THADA,0.063038403
ZFP36L2,2.301269134
DYNC2LI1,0.213914407
LRPPRC,0.475822939
PPM1B,0.40848613
SLC3A1,0.051225309
PREPL,0.060884791
CAMKMT,0.023529475
SRBD1,0.044757216
EPAS1,0.946227002
PIGF,0.386679076
CRIPT,0.321415303
SOCS5,0.042235437
MCFD2,0.202929875
TTC7A,0.098622575
CALM2,12.42152602
AC073283.4,0.111353507
BCYRN1,0.093173676
EPCAM,28.38583515
MSH2,0.027422022
MSH6,0.047366427
FBXO11,0.293373589
PPP1R21,0.0450708
GPR75-ASB3,0.019139489
CHAC2,0.036993661
ERLEC1,0.532782331
PSME4,0.07994817
ACYP2,0.023172869
SPTBN1,1.681855074
RTN4,2.255940941
RPS27A,22.2576998
MTIF2,0.356268038
CCDC104,0.354087777
SMEK2,0.392664361
RP11-554J4.1,0.020019218
PNPT1,0.113997633
VRK2,0.184320002
FANCL,0.169355574
BCL11A,0.011553656
PAPOLG,0.258047353
REL,0.316442241
PUS10,0.020019218
PEX13,0.106724534
AHSA2,0.222924186
USP34,0.558036275
XPO1,0.360483527
CCT4,0.722063096
COMMD1,0.261622846
B3GNT2,0.534683226
EHBP1,0.026066923
AC009501.4,0.008469523
WDPCP,0.019139489
MDH1,1.176399112
UGP2,3.774577404
VPS54,0.298175229
PELI1,0.036177777
LGALSL,0.357676476
AFTPH,0.740622694
SERTAD2,0.322189926
SLC1A4,0.071353598
CEP68,0.108776984
RAB1A,1.582577068
ACTR2,2.915275812
SPRED2,0.189623282
MEIS1,1.235742171
ETAA1,0.185412417
C1D,0.849448198
WDR92,0.014906234
PNO1,0.041637199
PPP3R1,0.102365109
RP11-474G23.3,0.029921486
PLEK,0.019139489
FBXO48,0.047803934
GFPT1,0.697890503
NFU1,0.576053317
RP11-427H3.3,0.557343262
AAK1,0.214650939
ANXA4,2.795263606
GMCL1,0.300296588
SNRNP27,0.389751281
MXD1,1.755311824
PCBP1-AS1,0.276626884
PCBP1,1.546286741
AC016700.5,0.009563594
C2orf42,0.013068752
TIA1,0.205359884
PCYOX1,0.05576301
SNRPG,1.958110132
FAM136A,0.303844636
TGFA,0.127816232
TEX261,0.302093428
NAGK,0.756938914
MCEE,0.173606066
MPHOSPH10,0.137907461
ZNF638,0.466983049
EXOC6B,0.038139989
SPR,0.403914841
SFXN5,0.12600103
RAB11FIP5,0.017607122
PRADC1,0.119290852
CCT7,0.399070513
TPRKB,0.914825182
DUSP11,0.335799472
STAMBP,0.290926809
DGUOK,0.897652191
DGUOK-AS1,0.025807351
TET3,0.228845708
BOLA3,0.563281358
MOB1A,0.964615682
MTHFD2,0.120881513
SLC4A5,0.073425752
DCTN1,0.04358236
WDR54,0.089872623
RTKN,0.134025565
INO80B,0.079365079
MOGS,0.035053292
MRPL53,0.016726436
CCDC142,0.005565747
TTC31,0.165490416
LBX2-AS1,0.029370301
PCGF1,0.219545051
DQX1,0.051188636
AUP1,0.726594729
HTRA2,0.229632338
DOK1,0.005987909
SEMA4F,0.072156923
HK2,1.392087542
POLE4,1.287774952
MRPL19,0.105653398
GCFC2,0.008282534
RP11-342K6.1,0.008282534
REG1B,0.04995955
REG1A,1.090343822
REG3A,0.237883289
SUCLG1,2.758089629
TRABD2A,0.674828972
TMSB10,86.58512887
KCMF1,0.483639776
TCF7L1,0.019045588
TGOLN2,1.502860646
RETSAT,0.881846247
ELMOD3,0.292160449
CAPG,1.572279063
MAT2A,0.629666451
GGCX,0.073765328
VAMP8,6.142921619
VAMP5,0.30395868
RNF181,1.336977532
TMEM150A,0.038769307
USP39,0.070434064
C2orf68,0.186247495
POLR1A,0.146457378
PTCD3,0.260139446
IMMT,0.479136376
MRPL35,0.474386474
KDM3A,0.219326256
CHMP3,1.408520241
RNF103,0.841194479
RMND5A,0.338972013
LINC00152,0.25655348
KRCC1,0.568933459
FABP1,143.2858252
THNSL2,0.173136487
EIF2AK3,0.037736988
AC062029.1,0.008469523
RPIA,0.269978176
MRPS5,0.467712731
ZNF514,0.371103904
PROM2,0.019912009
FAHD2A,0.057903753
GPAT2,0.080220768
DUSP2,0.153310952
STARD7,0.760644977
TMEM127,0.324957367
CIAO1,0.354101964
SNRNP200,0.78058545
ARID5A,0.056104755
KANSL3,0.197606161
LMAN2L,0.071678389
CNNM4,0.154398281
ANKRD39,0.218318516
FAHD2B,0.015967158
ANKRD36,0.077639752
COX5B,12.84692253
ACTR1B,0.124990357
LINC01125,0.165343915
TMEM131,0.798824584
COA5,0.221025797
UNC50,0.496004772
MGAT4A,0.954186209
KIAA1211L,0.065228509
TSGA10,0.020241604
LIPT1,0.020549071
MITD1,0.605687031
TXNDC9,0.323847062
EIF5B,0.996947556
REV1,0.219405131
PDCL3,0.226681135
NPAS2,0.039057224
RPL31,8.787342223
TBC1D8,0.064508289
CNOT11,0.116626098
RNF149,0.151123636
MAP4K4,0.072587192
IL1R2,0.089248115
SLC9A2,0.656559797
MFSD9,0.343059488
MRPS9,0.280814039
TGFBRAP1,0.265921258
C2orf49,0.146450001
FHL2,0.779820711
NCK2,0.639316086
UXS1,0.370278002
SULT1C2,0.029370301
GCC2,2.73480473
LIMS1,0.313658863
RANBP2,0.414777778
Sep-10,0.463375792
SOWAHC,0.6690835
MALL,2.700233504
LINC00116,0.25967488
LINC01106,0.008282534
BCL2L11,0.143002607
MIR4435-1HG,0.139420737
ANAPC1,0.10896268
TMEM87B,0.445381565
ZC3H6,0.117894987
RGPD8,0.029178338
TTL,0.205829022
CHCHD5,0.756890385
AC079922.3,0.020019218
SLC20A1,3.359832508
NT5DC4,0.019045588
IL1RN,0.03979479
PSD4,0.213709693
PAX8,0.041644456
CBWD2,0.053467612
RABL2A,0.31661477
AC017074.2,0.016939047
SLC35F5,0.222868774
ACTR3,3.288058958
DPP10,0.011442485
DPP10-AS1,0.05120805
DDX18,0.413232979
CCDC93,0.143967985
INSIG2,0.156309405
STEAP3,0.043658166
C2orf76,0.10186409
DBI,5.755419009
TMEM37,0.739964295
TMEM177,0.108304181
PTPN4,0.105408527
EPB41L5,0.134595632
TMEM185B,0.016726436
RALB,1.225679648
TFCP2L1,0.376167034
CLASP1,0.018367767
NIFK-AS1,0.080220768
NIFK,0.45570496
TSN,0.24266702
BIN1,0.068218849
ERCC3,0.049612429
MAP3K2,0.64571888
AC068282.3,0.017846128
IWS1,0.644293166
MYO7B,0.388000266
WDR33,0.219190229
SFT2D3,0.006530553
RP5-935K16.1,0.020019218
POLR2D,0.332011035
RP11-395A13.2,0.136485621
SAP130,0.030641292
UGGT1,0.172814939
HS6ST1,0.057603687
RAB6C,0.044687545
SMPD4,0.230021597
MZT2B,2.526249145
CCDC115,0.430813562
IMP4,0.264619162
PTPN18,0.404246614
FAM168B,0.27251912
PLEKHB2,0.956127645
MZT2A,0.948008835
CCDC74A,0.005987909
GPR39,0.022171769
NCKAP5,0.026990845
MGAT5,0.458584597
CCNT2-AS1,0.006530553
CCNT2,0.093740246
RAB3GAP1,0.462749152
ZRANB3,0.011442485
R3HDM1,0.049060975
UBXN4,0.967149925
MCM6,0.032002048
DARS,0.317653216
HNMT,1.495437067
SPOPL,0.158929154
KYNU,0.101401917
GTDC1,0.015871039
ZEB2,0.017607122
ACVR2A,0.210762645
ORC4,0.354206793
MBD5,0.242996317
EPC2,0.152776328
KIF5C,0.032002048
MMADHC,1.276825749
AC144449.1,0.120792179
RND3,0.866217482
RBM43,0.095460547
NMI,0.212134956
RIF1,0.450020614
ARL5A,0.357459796
STAM2,0.293552392
FMNL2,0.130642841
PRPF40A,1.156133374
ARL6IP6,0.037275507
NR4A2,0.273220823
GPD2,0.570481408
GALNT5,0.343671524
CYTIP,0.069472351
ACVR1,0.009340487
RP11-546J1.1,0.005565747
RP11-1152H14.1,0.042235437
PKP4,0.558493784
DAPL1,0.111796372
TANC1,0.399119976
WDSUB1,0.064234327
BAZ2B,0.704992192
AC009506.1,0.064142036
AC009961.3,0.032469113
Mar-07,0.45905524
LY75,0.157659975
PLA2R1,0.029178338
ITGB6,0.382623338
TANK,0.113359543
PSMD14,0.309452861
IFIH1,0.18405738
GCA,0.287297648
COBLL1,0.312391776
GALNT3,0.717576781
AC009495.2,0.124180409
TTC21B,0.019045588
SCN9A,0.016094147
B3GALT1,0.142201166
STK39,0.270269125
CERS6,0.078541552
NOSTRIN,0.795366525
DHRS9,1.514378411
FASTKD1,0.385521523
PPIG,0.711781931
PHOSPHO2,0.063851807
KLHL23,0.046015633
SSB,0.892401159
METTL5,0.435032456
UBR3,0.049527594
GORASP2,0.241713931
TLK1,0.660701864
DCAF17,0.095085958
DYNC1I2,2.045924347
AC068039.4,0.110639051
SLC25A12,0.005987909
HAT1,0.344794783
DLX2,0.008469523
ITGA6,1.662992381
AC093818.1,0.009340487
PDK1,0.2666081
CDCA7,0.020241604
RP11-796E10.1,0.008282534
SP3,0.41284246
OLA1,0.66387986
CIR1,0.783639114
SCRN3,0.241228615
GPR155,0.019139489
AC010894.3,0.019139489
WIPF1,0.120947069
ATF2,0.224632217
ATP5G3,6.774318824
KIAA1715,0.264064877
HOXD3,0.022905519
HOXD-AS1,0.166478158
HOXD1,0.011131494
MTX2,0.307134512
HNRNPA3,1.22551
NFE2L2,1.270104184
AC079305.10,0.033390319
AGPS,0.190997535
TTC30B,0.014270443
TTC30A,0.020856275
PDE11A,0.063364234
RBM45,0.014457432
PRKRA,0.160479853
PLEKHA3,0.349893313
TTN-AS1,0.135802695
SESTD1,0.009340487
CWC22,0.092874742
UBE2E3,0.295032237
RP11-366L5.1,0.029921486
SSFA2,0.713797146
DNAJC10,0.277912295
NCKAP1,0.648754024
NUP35,0.229901713
FSIP2,0.15237582
AC097500.2,0.009340487
RP11-410E4.1,0.033390319
ZC3H15,1.283293664
ITGAV,0.152712627
FAM171B,0.083836351
GULP1,0.103898692
COL3A1,0.076574369
COL5A2,0.008282534
WDR75,0.245313446
SLC40A1,0.608798335
ASNSD1,0.158829367
ANKAR,0.058884946
ORMDL1,0.496284783
C2orf88,2.066926981
HIBCH,0.578293764
INPP1,0.207957939
MFSD6,0.309107568
AC093388.3,0.019045588
NAB1,0.089992307
GLS,0.693263597
STAT1,0.743520213
MYO1B,0.325739202
NABP1,0.728654421
SLC39A10,0.224991128
DNAH7,0.104622278
STK17B,1.541510959
GTF3C3,0.222161711
PGAP1,0.10503793
ANKRD44,0.047300582
SF3B1,1.155398688
COQ10B,0.41537818
HSPD1,2.000967897
HSPE1,2.828624956
MOB4,0.521174707
MARS2,0.005987909
SATB2,1.849501752
C2orf69,0.242172638
TYW5,0.078796887
C2orf47,0.061398852
SPATS2L,3.161793801
KCTD18,0.076176084
SGOL2,0.064891803
BZW1,1.550318388
RP11-469M7.1,0.013068752
CLK1,0.473894648
PPIL3,0.15962376
NIF3L1,0.081915884
ORC2,0.057865729
FAM126B,0.314949513
NDUFB3,1.782935011
CFLAR,0.767071729
CASP10,0.30224108
CASP8,0.687162642
TRAK2,0.180413177
STRADB,0.159008062
TMEM237,0.005565747
ALS2,0.17082002
FZD7,0.23556318
SUMO1,1.647657862
NOP58,0.176622555
BMPR2,0.46611329
FAM117B,0.096845186
WDR12,0.025477756
NBEAL1,2.01672344
CYP20A1,0.239083652
ABI2,0.124983004
RAPH1,0.682313932
PARD3B,0.216516714
INO80D,0.971569465
NDUFS1,0.530554216
EEF1B2,7.912159326
ZDBF2,0.064142036
FASTKD2,0.179724804
CREB1,0.333684442
METTL21A,1.194542358
CCNYL1,2.441823481
FZD5,0.425518904
IDH1,1.102306146
PIKFYVE,0.116445105
RPE,0.108470828
KANSL1L,0.130655802
AC006994.2,0.008469523
LANCL1,0.005987909
IKZF2,0.0812197
SPAG16,0.330659285
BARD1,0.075210808
ATIC,0.10658194
PECR,0.078882479
XRCC5,1.483184705
SMARCAL1,0.114018691
RPL37A,21.50454258
IGFBP2,0.733745486
ARPC2,7.610300407
AAMP,1.113483954
PNKD,0.723739935
TMBIM1,1.010104455
CTDSP1,0.811729047
VIL1,1.864284685
USP37,0.214441803
RQCD1,0.16680806
ZNF142,0.016726436
BCS1L,0.089900503
RNF25,0.010401411
STK36,0.166546775
CYP27A1,0.197566958
IHH,0.260504471
SLC23A3,0.154394917
CNPPD1,0.557177885
FAM134A,0.344887145
ZFAND2B,0.681690617
ATG9A,0.213381647
ANKZF1,0.183655989
STK16,0.10080158
TUBA4A,1.244967877
DNAJB2,0.347281313
DNPEP,1.117498778
GMPPA,0.138517743
CHPF,0.019049014
EPHA4,0.065618657
SGPP2,0.729044684
FARSB,0.197439539
ACSL3,0.518377331
WDFY1,0.598907163
MRPL44,0.152265964
SERPINE2,0.155585589
CUL3,0.910682051
IRS1,0.095436572
RHBDD1,0.151965988
MFF,0.227156021
TM4SF20,0.038933895
AGFG1,0.31438609
CCL20,2.138096859
PID1,0.009340487
TRIP12,1.183434086
SP110,0.506846062
SP140L,0.13025756
SP100,1.017682765
CAB39,0.872238576
ITM2C,12.5551032
C2orf72,0.232431267
PSMD1,0.667837723
ARMC9,0.029370301
B3GNT7,0.195407038
NCL,1.314986833
PTMA,21.31479455
COPS7B,0.127521512
DIS3L2,0.130040533
TIGD1,0.005565747
EIF4E2,1.191381647
GIGYF2,0.253634428
C2orf82,0.442770045
NGEF,0.327012998
AC106876.2,0.025889656
ATG16L1,0.052483803
DGKD,0.299942793
USP40,0.230551565
UGT1A8,0.026974536
UGT1A10,0.019045588
UGT1A7,0.095018758
ARL4C,0.019139489
SH3BP4,0.057453252
AGAP1,0.334877754
COPS8,0.601771919
MLPH,0.157834503
RAB17,0.383779631
AC104667.3,0.105530062
LRRFIP1,0.686317215
UBE2F,0.284824721
SCLY,0.038514581
ILKAP,0.18751609
HES6,0.161125015
PER2,0.156912337
TRAF3IP1,0.093015902
ASB1,0.047516854
HDAC4,0.056833682
NDUFA10,1.559642825
MYEOV2,1.495412751
DUSP28,0.119413523
RNPEPL1,0.521017195
CAPN10-AS1,0.083836351
GPR35,0.362743918
AC011298.2,0.029921486
C2orf54,0.334157306
MTERFD2,0.231143263
PPP1R7,0.508846924
HDLBP,1.246080473
Sep-02,0.741008227
FARP2,0.27338355
STK25,0.537293236
BOK,0.112787752
THAP4,0.470217033
ATG4B,0.444450361
DTYMK,0.196934027
ING5,0.052026453
D2HGDH,0.179367359
NEU4,0.397500291
CNTN4,0.006530553
TRNT1,0.099644579
CRBN,0.592923174
RP11-97C16.1,0.023089143
SUMF1,0.268341766
SETMAR,0.051108022
AC018816.3,0.009563594
BHLHE40,0.367265801
ARL8B,0.56428883
EDEM1,0.008282534
RAD18,0.005987909
SRGAP3,0.03674661
SETD5-AS1,1.062671528
THUMPD3,0.220088945
SETD5,0.239650464
MTMR14,0.085735878
BRPF1,0.029018594
OGG1,0.037173568
CAMK1,0.020019218
TADA3,0.456218876
ARPC4,1.928722622
RPUSD3,0.058523868
CIDEC,0.036735534
JAGN1,0.23737457
IL17RE,0.150106286
IL17RC,0.069696514
CRELD1,0.042190988
EMC3,0.890145667
FANCD2,0.024898414
BRK1,1.484483725
VHL,0.1878298
TATDN2,0.248847309
SEC13,0.490658872
ATG7,0.153697409
VGLL4,0.406250723
TAMM41,0.043444534
PPARG,1.114629889
TSEN2,0.304783667
MKRN2,0.040017897
RAF1,0.509260804
RPL32,22.17115416
IQSEC1,0.009340487
NUP210,0.052932174
HDAC11,0.2226581
CHCHD4,0.126371774
XPC,0.117748765
LSM3,0.919619803
CCDC174,0.182660259
FGD5-AS1,0.803370056
MRPS25,0.273738035
ZFYVE20,0.109114325
CAPN7,0.344109785
SH3BP5-AS1,0.136419779
METTL6,0.038933685
EAF1,0.313965806
HACL1,0.014457432
BTD,0.052227952
ANKRD28,0.295222623
DPH3,0.163839898
OXNAD1,0.169961277
PLCL2,0.102168731
TBC1D5,0.240753047
SATB1,0.199170189
RAB5A,0.493529675
SGOL1,0.029921486
UBE2E2,0.103339947
UBE2E1,0.203871988
RPL15,17.83454979
NR1D2,0.323237162
THRB,0.274149546
TOP2B,0.379335262
NGLY1,0.238975266
OXSM,0.15982084
SLC4A7,0.061374926
CMC1,0.819636895
AZI2,0.214449721
TGFBR2,0.027931361
STT3B,0.585354645
OSBPL10,0.174451068
OSBPL10-AS1,0.009340487
GPD1L,0.558341319
CMTM8,0.194189565
CMTM6,0.619342465
DYNC1LI1,0.302390608
CNOT10,0.124189925
GLB1,0.30783296
CRTAP,0.236265017
FBXL2,0.008282534
UBP1,0.149331584
RP11-10C24.2,0.042235437
RP11-10C24.3,0.029810252
RP11-10C24.1,0.047366427
PDCD6IP,1.62572338
TRANK1,0.354033403
EPM2AIP1,0.064307994
MLH1,0.046096737
LRRFIP2,0.929328708
GOLGA4,2.90749766
C3orf35,0.088929994
CTDSPL,0.660603684
VILL,1.178415846
PLCD1,0.216717082
ACAA1,1.542271996
MYD88,0.252677294
OXSR1,0.481979598
XYLB,0.017243282
ACVR2B,0.149307215
EXOG,0.008282534
WDR48,0.114334847
GORASP1,0.287795534
CSRNP1,0.03047294
SLC25A38,0.249748888
RPSA,7.848485281
EIF1B,0.734857049
ENTPD3-AS1,0.026974536
RPL14,10.05461798
ZNF621,0.058887738
CTNNB1,1.033477113
ULK4,0.274431232
TRAK1,0.763357658
VIPR1,1.094127243
VIPR1-AS1,0.022905519
SEC22C,0.138764199
SS18L2,0.283823733
NKTR,0.571845925
HIGD1A,6.396184612
ACKR2,0.182215743
KRBOX1-ENSG00000240747,0.005987909
SNRK,0.256506874
SNRK-AS1,0.073081752
ANO10,0.123921418
ABHD5,0.467311448
TCAIM,0.242045605
ZNF445,0.116508944
ZNF197,0.081732096
ZNF502,0.009340487
ZNF501,0.010401411
KIAA1143,0.132539106
TMEM42,0.136965808
ZDHHC3,0.826828339
EXOSC7,0.044757216
CDCP1,0.697767699
LIMD1,0.082749925
SACM1L,0.266311769
LZTFL1,0.029623661
FYCO1,0.030488073
CCRL2,0.038185076
ALS2CL,0.129532728
CCDC12,0.841456682
NBEAL2,0.071258848
SETD2,0.790926653
KIF9,0.196081738
KLHL18,0.394720225
RP11-708J19.1,0.005565747
PTPN23,0.009340487
SCAP,0.177210802
ELP6,0.09972156
SMARCC1,0.300791336
DHX30,0.504477577
MAP4,0.33779404
NME6,0.305743911
PLXNB1,0.504734413
CCDC51,0.174344604
TMA7,4.145196072
TREX1,0.202442866
SHISA5,0.800433231
UQCRC1,2.263733727
SLC26A6,0.128922678
NCKIPSD,0.106528443
IP6K2,0.85473115
PRKAR2A,0.707369772
SLC25A20,0.033617823
ARIH2OS,0.037567795
ARIH2,0.24508705
P4HTM,0.116972547
WDR6,0.274118391
DALRD3,0.05062007
NDUFAF3,0.934406359
IMPDH2,0.592248062
QRICH1,0.08697578
QARS,0.321791902
USP19,0.005987909
CCDC71,0.005565747
C3orf62,0.03628887
USP4,0.519951852
GPX1,1.511838225
RHOA,2.739159074
TCTA,0.14640956
AMT,0.166207037
DAG1,0.099217702
APEH,0.599825676
RNF123,0.123398143
IP6K1,0.14518235
UBA7,0.350828051
MST1R,0.278239533
MON1A,0.053177912
RBM6,0.223135653
RBM5,1.188492202
GNAI2,0.606619291
IFRD2,0.130219753
NAT6,0.005987909
HYAL1,0.005565747
HYAL2,0.095549827
TUSC2,0.157363997
NPRL2,0.111900855
CYB561D2,0.562566651
TMEM115,0.11390327
HEMK1,0.042228631
CISH,0.010401411
MAPKAPK3,0.079058306
MANF,0.476223656
RBM15B,0.079299805
VPRBP,0.097921104
RAD54L2,0.161392375
TEX264,0.287548257
RRP9,0.035909395
PARP3,0.081916191
PCBP4,0.041586493
ABHD14B,0.559389131
ABHD14A,0.017662047
ACY1,0.026860925
RPL29,21.91758171
DUSP7,0.008469523
ALAS1,0.312171113
TWF2,0.443026881
WDR82,0.352337292
GLYCTK,0.916285712
DNAH1,0.028301752
BAP1,0.016726436
PHF7,0.09811617
NISCH,0.267985894
SMIM4,0.251686951
PBRM1,0.545867791
GNL3,0.402548971
GLT8D1,0.213956321
SPCS1,2.170719501
NEK4,0.226330594
TMEM110,0.005987909
SFMBT1,0.039057224
RFT1,0.106534885
PRKCD,0.318832054
TKT,0.836584148
DCP1A,0.29104102
CACNA1D,0.008469523
CHDH,0.074884058
IL17RB,0.073425752
RP11-884K10.7,0.008282534
ACTR8,0.038092419
SELK,1.52209784
WNT5A,0.075356242
CCDC66,0.065303205
FAM208A,0.526597067
ARHGEF3,0.005565747
APPL1,0.182658121
PDE12,0.199702515
ARF4,2.111987177
SLMAP,0.299143656
FLNB,3.10912861
DNASE1L3,0.009563594
ABHD6,0.008282534
RPP14,0.490318436
PDHB,0.408209458
KCTD6,0.109568701
ACOX2,0.008282534
FAM3D,4.452178549
FHIT,0.020241604
CADPS,0.053177912
THOC7,0.775571449
ATXN7,0.230343965
PSMD6,0.470380867
RP11-245J9.4,0.100546976
PRICKLE2,0.010401411
MAGI1,0.017243282
SLC25A26,0.159476938
LRIG1,0.026772156
SUCLG2,1.712193946
EOGT,0.025127398
TMF1,0.717015278
UBA3,0.440061693
ARL6IP5,1.748196613
FRMD4B,0.16796091
FOXP1,0.551735217
EIF4E3,0.342188308
RYBP,0.5832136
SHQ1,0.005987909
GXYLT2,0.064635994
PPP4R2,0.614721564
EBLN2,0.024898414
CNTN3,0.032526672
LINC00960,0.018680974
GBE1,0.050709085
CHMP2B,3.120805413
CGGBP1,0.695029019
RP11-159G9.5,0.033390319
ZNF654,0.17222845
C3orf38,0.256104798
PROS1,0.266312289
STX19,0.689457156
NSUN3,0.053378584
MTRNR2L12,4.594452236
CRYBG3,0.291742527
CRYBG3-ENSG00000080200,0.071226547
MINA,0.1038799
CLDND1,0.112922387
CPOX,0.172702004
DCBLD2,0.032002048
CMSS1,0.128748517
FILIP1L,0.08554244
TBC1D23,0.461892903
NIT2,0.097152968
TOMM70A,0.294454405
GPR128,0.355665225
TFG,1.496483647
ABI3BP,0.033616609
SENP7,0.162571419
TRMT10C,0.272748037
PCNP,0.302610447
ZBTB11,0.092401096
RPL24,10.81036681
CEP97,0.059326056
NXPE3,0.009340487
NFKBIZ,0.678041973
ALCAM,0.005565747
CBLB,0.246540061
BBX,0.079546939
CD47,0.852002544
IFT57,0.513129497
HHLA2,0.17080772
KIAA1524,0.005987909
DZIP3,0.020019218
RETNLB,0.024898414
RP11-59E19.1,0.218130109
PVRL3,0.183212458
ABHD10,0.009340487
C3orf52,0.081764534
RP11-757F18.5,0.059478719
CD200,0.029921486
ATG3,0.299079736
SLC35A5,0.028609182
GTPBP8,0.014457432
C3orf17,0.071844518
WDR52,0.263460085
SPICE1,0.127646998
SIDT1,0.0909149
KIAA2018,0.574335238
NAA50,0.564289633
ATP6V1A,0.32461524
GRAMD1C,0.15355536
ZDHHC23,0.043618083
KIAA1407,0.118135388
QTRTD1,0.024021027
RP11-553L6.5,0.008469523
B4GALT4,0.833509904
TMEM39A,0.009563594
POGLUT1,0.126780137
TIMMDC1,0.34648961
ADPRH,0.008282534
POPDC2,0.020549071
COX17,3.557653935
NR1I2,0.328009644
GSK3B,0.423897844
RP11-18H7.1,0.029921486
LRRC58,0.109869234
NDUFB4,3.759606565
HGD,0.165199053
RABL3,0.31824879
GTF2E1,0.057603687
GOLGB1,1.263659313
IQCB1,0.039158707
EAF2,0.008282534
ILDR1,0.016726436
CCDC58,0.020894143
FAM162A,2.791578384
WDR5B,0.013068752
KPNA1,0.160501064
PARP9,0.44204243
DTX3L,0.474433431
PARP14,0.714597049
HSPBAP1,0.033614255
RP11-67L2.2,0.078199845
PDIA5,0.008469523
SEC22A,0.068962919
ADCY5,0.259134807
PTPLB,0.718652981
MYLK,0.546239336
CCDC14,0.779238956
KALRN,0.362692307
UMPS,0.127763312
ITGB5,0.079142335
MUC13,7.728101671
ZNF148,0.17799493
SNX4,0.593208517
OSBPL11,0.454051359
RP11-379B18.5,0.09811617
RP11-666A20.4,0.224335966
ALDH1L1,0.077547036
TXNRD3,0.008469523
PLXNA1,0.083836351
TPRA1,0.073682078
PODXL2,0.020445342
ABTB1,0.278125147
MGLL,2.179838844
SEC61A1,0.571774115
RUVBL1,0.093237562
EEFSEC,0.019139489
RPN1,0.521158766
RAB7A,1.726274383
ACAD9,0.035528809
ISY1,0.160293791
RP11-434H6.7,0.020019218
CNBP,1.557619063
COPG1,0.47920038
HMCES,0.141265715
H1FX,0.412098071
MBD4,0.190079652
IFT122,0.181014091
TMCC1,0.047676043
PIK3R4,0.254413108
ATP2C1,0.29063086
ASTE1,0.033390319
NEK11,0.124180409
NUDT16,0.767097563
MRPL3,0.824283517
ACPP,0.072839463
DNAJC13,0.371268445
NPHP3,0.12197634
UBA5,0.077369344
CDV3,0.995903043
TOPBP1,0.005565747
SRPRB,0.071966373
SLCO2A1,0.232955389
RYK,0.137274877
ANAPC13,0.198078668
CEP63,0.407424892
PPP2R3A,0.224224242
MSL2,0.072514689
PCCB,0.269425625
STAG1,0.266916282
RP11-85F14.5,0.019139489
NCK1,0.339311233
DBR1,0.046773133
ARMC8,0.120347935
CEP70,0.184405212
FAIM,0.101338018
PIK3CB,0.292508342
MRPS22,0.591752391
COPB2,0.49163293
RP11-319G6.1,0.038369452
RBP2,0.218376992
SLC25A36,0.375755701
ACPL2,0.058575885
ZBTB38,0.546452933
RASA2,0.265481456
RNF7,2.639900928
ATP1B3,2.079259272
TFDP2,0.228483795
RP11-485G4.2,0.052768276
GK5,0.163526949
XRN1,0.767705464
ATR,0.122327296
PLS1,2.697249826
U2SURP,0.616220947
C3orf58,0.144027814
PLOD2,0.202229954
PLSCR4,0.354428658
PLSCR2,0.005565747
PLSCR1,1.242656527
GYG1,0.076672958
HLTF,0.045115919
TM4SF1,0.199166131
COMMD2,0.139408646
RNF13,0.640967456
PFN2,0.216705582
TSC22D2,0.30549381
SERP1,3.326788019
EIF2A,0.593677264
SELT,0.713649383
SIAH2,0.300468597
MBNL1,1.846504501
MBNL1-AS1,0.360676809
P2RY1,0.218811527
RP11-38P22.2,0.222488822
RAP2B,0.400748901
DHX36,0.806070554
PLCH1,0.111607143
C3orf33,0.102158625
SLC33A1,0.21731346
GMPS,0.223160255
RP11-305K5.1,0.028524138
SSR3,1.136962572
TIPARP-AS1,0.147590175
TIPARP,0.175331866
LEKR1,0.005565747
CCNL1,1.812803155
C3orf55,0.005987909
RSRC1,0.230461089
MLF1,0.15389487
GFM1,0.379513711
LXN,1.135680295
RARRES1,1.169991009
MFSD1,0.54915809
RP11-379F4.4,0.053177912
RP11-379F4.9,0.008469523
SCHIP1,0.03047294
SMC4,0.399376498
TRIM59,0.155318327
KPNA4,0.368045045
ARL14,1.642476968
PPM1L,0.229600159
NMD3,0.137097622
SI,0.454972892
RP11-747D18.1,0.124180409
PDCD10,1.352512443
GOLIM4,1.766417047
MECOM,0.049677853
MYNN,0.224061167
LRRC31,0.133870807
SEC62,2.154632495
GPR160,1.026069164
PHC3,0.098567521
PRKCI,0.33872031
SKIL,0.335617869
RPL22L1,0.632753634
EIF5A2,0.12817989
TNIK,0.269258899
PLD1,0.193166213
FNDC3B,1.55580911
TNFSF10,3.482576235
NCEH1,0.267120408
ECT2,0.156385446
NAALADL2,0.006530553
TBL1XR1,1.269526451
LINC00501,0.051108022
ZMAT3,0.049615014
PIK3CA,0.1066067
ZNF639,0.041859843
MFN1,0.064726261
RP11-145M9.4,0.032002048
ACTL6A,0.220802851
MRPL47,0.787572045
NDUFB5,0.879841518
USP13,0.211843603
TTC14,0.336649529
FXR1,0.549399439
DNAJC19,0.375850599
ATP11B,0.39982153
DCUN1D1,0.421470453
B3GNT5,0.653758449
KLHL24,0.317244636
YEATS2,0.020549071
PARL,0.469877128
ABCC5,0.172177358
RP11-778D9.12,0.008469523
EIF2B5,0.196655039
DVL3,0.369554801
AP2M1,1.363744164
ABCF3,0.151408622
ALG3,0.317722135
ECE2,0.008469523
PSMD2,0.500037367
EIF4G1,0.868649131
FAM131A,0.020549071
CLCN2,0.044234127
POLR2H,0.915085003
EPHB3,0.052093255
MAGEF1,0.071131335
VPS8,0.226632041
C3orf70,0.041644456
EHHADH,0.017846128
MAP3K13,0.82269574
TMEM41A,0.212954702
LIPH,0.733939985
SENP2,0.085688802
IGF2BP2,0.279624968
TRA2B,0.721599308
TBCCD1,0.06644726
DNAJB11,0.916240772
RP11-573D15.9,0.118731003
EIF4A2,3.888166434
RFC4,0.049578995
ST6GAL1,0.041644456
RTP4,0.123330667
BCL6,0.060080317
LPP,1.477711878
LEPREL1,0.142808417
IL1RAP,0.019139489
CCDC50,0.152236039
OPA1,0.237033666
RP11-135A1.2,0.017607122
HES1,3.02516349
ATP13A3,0.113329732
TMEM44-AS1,0.009340487
TMEM44,0.137424298
AC046143.3,0.015000076
LSG1,0.069132965
FAM43A,0.018367767
XXYLT1-AS2,0.080510112
ACAP2,0.812305643
PPP1R2,0.705351352
RP11-141C7.4,0.005565747
AC069513.4,0.015129341
LINC00969,1.188415517
MUC20,0.019139489
MUC4,0.758413344
TNK2,0.065204297
TFRC,0.578912743
SLC51A,0.276284476
PCYT1A,0.208797145
TCTEX1D2,0.026772156
UBXN7,0.71326761
RNF168,0.066047771
FBXO45,0.042439053
PIGX,0.125261556
PAK2,1.143111007
SENP5,0.136051703
NCBP2,0.41062692
NCBP2-AS2,0.586936458
PIGZ,0.542758413
MFI2,0.019139489
DLG1,0.5483689
BDH1,0.354605995
FYTTD1,0.321004469
LRCH3,0.038956067
IQCG,0.006530553
RPL35A,12.38602024
LMLN,0.140051449
ZNF595,0.016726436
ZNF141,0.084691107
ZNF721,0.049419942
PIGG,0.069314412
ATP5I,4.145860964
MYL5,0.019045588
PCGF3,0.143969151
RP11-440L14.1,0.017243282
GAK,0.581852925
TMEM175,0.22228653
DGKQ,0.185420475
IDUA,0.013068752
SPON2,0.116483882
CTBP1,0.158688341
MAEA,0.759813
UVSSA,0.059478719
SLBP,0.136868135
RP11-572O17.1,0.03047294
TMEM129,0.257838806
FGFR3,0.404699394
LETM1,0.614940816
WHSC1,0.475033594
NELFA,0.077839367
C4orf48,2.566843021
HAUS3,0.053177912
MXD4,0.533711408
ZFYVE28,0.145940732
RNF4,0.070964494
FAM193A,0.05498027
TNIP2,0.352467492
SH3BP2,0.266947643
ADD1,0.662179869
MFSD10,0.334890259
NOP14-AS1,0.118360757
NOP14,0.130985481
GRK4,0.050658451
HTT,0.103555481
RGS12,0.219540073
LRPAP1,1.0193902
TMEM128,0.158456412
LYAR,0.077553159
ZBTB49,0.05583847
STX18,0.309659941
MSX1,0.008469523
WFS1,0.011975818
MAN2B2,0.294558708
MRFAP1,0.547456318
RP11-539L10.3,0.128859611
AC093323.3,0.029889558
S100P,8.915329676
MRFAP1L1,0.16566723
BLOC1S4,0.231017777
KIAA0232,0.481177241
TBC1D14,0.237868628
TADA2B,0.128874938
GRPEL1,0.40249069
ABLIM2,0.029623661
SH3TC1,0.050415423
ACOX3,0.278974838
WDR1,1.163759135
HS3ST1,0.208133102
RAB28,0.084883308
BOD1L1,0.51710003
CPEB2,0.127929891
FBXL5,0.427789794
FAM200B,0.885506014
CD38,0.302638416
FGFBP1,0.306053153
PROM1,0.729224656
TAPT1,0.244158092
TAPT1-AS1,0.029805198
QDPR,0.109216058
LAP3,1.153647214
MED28,0.266221417
DCAF16,0.049796829
LCORL,0.154894429
PACRGL,0.055114638
KCNIP4,0.137448022
GPR125,0.293479064
PPARGC1A,0.313274511
RP13-497K6.1,0.017243282
DHX15,0.404680728
SOD3,1.414662749
CCDC149,0.206419834
SEPSECS,0.15302488
PI4K2B,0.272106111
ZCCHC4,0.142717382
ANAPC4,0.193393622
SEL1L3,0.53393882
SMIM20,0.569832206
RBPJ,0.234075574
TBC1D19,0.097062839
STIM2,0.071725417
ARAP2,0.657941274
C4orf19,0.213205127
RELL1,0.157764498
PGM2,0.023107313
TBC1D1,0.527666023
KLF3,2.517914609
TLR1,0.041625042
FAM114A1,0.397044844
TMEM156,0.095594983
RFC1,0.188416846
KLB,0.070974336
RPL9,15.41937128
LIAS,0.178288275
UGDH,1.309506193
SMIM14,2.086790215
UBE2K,0.540642459
PDS5A,0.466373313
N4BP2,0.147525822
RBM47,2.191066691
APBB2,0.05583595
LIMCH1,0.157354949
TMEM33,0.478233451
SLC30A9,0.187236107
ATP8A1,0.150893356
GUF1,0.396998802
GNPDA2,0.06468976
COMMD8,0.189367481
ATP10D,0.019139489
NFXL1,0.133261433
NIPAL1,0.499636181
CNGA1,0.09156487
SLAIN2,0.346852876
FRYL,1.227298638
OCIAD1,1.302496144
OCIAD2,1.303531968
DCUN1D4,0.272900668
RP11-365H22.2,0.005565747
SGCB,0.036382771
SPATA18,0.020241604
USP46,0.24019817
FIP1L1,0.420422978
LNX1,0.223365569
RP11-571I18.4,0.093689102
CHIC2,0.209782681
SRD5A3,0.199289636
TMEM165,0.181654833
CLOCK,0.272679182
EXOC1,0.302069118
CEP135,0.016726436
KIAA1211,0.009563594
AASDH,0.332440827
PAICS,0.04557274
SRP72,0.360578803
REST,0.713337676
NOA1,0.14216074
POLR2B,0.534105861
IGFBP7,0.005565747
CENPC,0.132670263
UBA6,0.136746584
YTHDC1,0.42587624
UGT2B17,3.184003469
UGT2B15,0.010401411
UGT2A3,0.374990614
UGT2B7,0.064234327
SULT1B1,2.11806867
SULT1E1,0.269489315
IGJ,26.91818127
UTP3,0.164650145
RUFY3,0.185880119
GRSF1,0.777217482
DCK,0.143389036
SLC4A4,0.530652159
COX18,0.140642471
ANKRD17,0.517961674
RASSF6,1.131587296
CXCL1,0.069323313
PF4,0.022171769
CXCL3,0.188392094
CXCL2,0.022130815
MTHFD2L,0.088570447
EREG,0.035487233
AREG,0.159403686
PARM1,0.815264825
RP11-44F21.5,0.053382981
RCHY1,0.428300136
THAP6,0.25480109
CDKL2,0.038093184
G3BP2,0.842478482
USO1,0.634001594
NAAA,0.762535402
SDAD1,0.078910291
CXCL10,0.419181757
CXCL11,0.083836351
NUP54,0.204788857
SCARB2,0.86469495
SHROOM3,0.88693031
Sep-11,1.715472948
CCNI,2.117395023
CCNG2,0.592299752
CNOT6L,0.618209762
MRPL1,0.300951967
FRAS1,0.013061105
ANXA3,0.756812337
BMP2K,0.798297089
PAQR3,0.062061772
ANTXR2,0.503401383
BMP3,0.197386661
PRKG2,0.10285133
RASGEF1B,0.242571756
RP11-127B20.2,0.020019218
HNRNPD,0.437858438
RP11-127B20.3,0.088929994
HNRNPDL,0.528653493
ENOPH1,0.005565747
SEC31A,0.487262149
THAP9-AS1,0.201677897
LIN54,0.17016349
COPS4,0.187213982
PLAC8,7.991536857
COQ2,0.267660275
HPSE,0.177817711
HELQ,0.005987909
MRPS18C,0.852859287
FAM175A,0.087481239
AGPAT9,0.619353557
CDS1,0.143595008
WDFY3,0.118126362
C4orf36,0.303085115
AFF1,0.48995436
KLHL8,0.412239188
HSD17B11,3.815386156
NUDT9,0.505032097
SPP1,0.005987909
ABCG2,1.46060994
PPM1K,0.045846002
HERC6,0.125401284
HERC5,0.026974536
PYURF,0.943522606
HERC3,0.2583041
FAM13A-AS1,0.051225309
FAM13A,0.425270328
GPRIN3,0.050415423
CCSER1,0.022171769
SMARCAD1,0.065236616
PDLIM5,1.258833489
UNC5C,1.111542308
RP11-710C12.1,0.020241604
RAP1GDS1,0.165343915
EIF4E,0.853419823
METAP1,0.09935902
ADH5,1.142286868
ADH1A,0.008469523
ADH1B,0.042403459
TRMT10A,0.149589503
MTTP,0.016726436
DAPP1,0.099566773
LAMTOR3,0.764097088
DNAJB14,0.555853622
H2AFZ,2.277241003
PPP3CA,0.852226248
AP001816.1,0.247725431
SLC39A8,0.208839886
NFKB1,0.154829454
MANBA,0.19268224
UBE2D3,3.534799061
RP11-10L12.4,0.031558666
CISD2,0.227489326
BDH2,0.434150416
TET2,0.358222976
PPA2,0.872995775
ARHGEF38,0.055114638
INTS12,0.149807909
GSTCD,0.029921486
AIMP1,0.979179777
PAPSS1,0.065697573
SGMS2,0.465320016
RP11-286E11.2,0.005565747
HADH,1.282626934
LEF1,0.020019218
RPL34,25.74692127
OSTC,0.715161853
SEC24B,0.298058444
CCDC109B,0.10332808
CASP6,0.502123863
PLA2G12A,0.352358607
CFI,0.044335054
GAR1,0.104382006
ELOVL6,0.66049035
ENPEP,0.165343915
PITX2,0.381153804
C4orf32,0.044054995
AP1AR,0.154939266
C4orf21,0.005565747
LARP7,1.072462098
CAMK2D,1.029635904
UGT8,0.042533787
SNHG8,0.967828933
PRSS12,0.173676875
RP11-384K6.6,0.016726436
METTL14,0.220386266
SEC24D,0.009340487
USP53,0.751193025
C4orf3,0.867777897
FABP2,1.85741745
PDE5A,0.249621026
MAD2L1,0.049783803
PRDM5,0.034714508
TNIP3,0.086856395
ANXA5,0.218345237
EXOSC9,0.134678075
CCNA2,0.069707783
BBS7,0.069320767
KIAA1109,0.802057865
BBS12,0.118864743
NUDT6,0.024137674
SPATA5,0.156197222
SPRY1,0.070166618
LINC01091,0.033616609
ANKRD50,0.009563594
INTU,0.029921486
PLK4,0.005565747
MFSD8,0.14916662
C4orf29,0.043414473
LARP1B,0.364054484
PGRMC2,0.4741216
JADE1,0.077639752
SCLT1,0.210054079
C4orf33,0.451984415
ELF2,0.271534419
NDUFC1,2.408473742
NAA15,0.158561829
RP11-83A24.2,0.614720375
RAB33B,0.022171769
SETD7,0.008469523
MGST2,0.855246267
MAML3,0.079365079
SCOC,0.573162946
CLGN,0.167498164
ELMOD2,0.257549812
TBC1D9,0.07029358
ZNF330,0.065485619
IL15,0.106932315
INPP4B,0.411148284
USP38,0.553661336
GAB1,0.286046534
SMARCA5,0.629870799
ANAPC10,0.06629171
ABCE1,0.191834871
OTUD4,0.312375732
SMAD1,0.464913502
MMAA,0.107326067
ZNF827,0.129746156
LSM6,0.510700258
SLC10A7,0.09887676
TMEM184C,0.079309482
PRMT10,0.274254747
NR3C2,0.676705346
LRBA,0.220052893
RPS3A,20.61125077
SH3D19,1.089685301
FAM160A1,0.035460368
PET112,0.069800074
FBXW7,0.350358634
ARFIP1,0.469333745
FHDC1,0.038769307
TRIM2,0.356153845
PLRG1,0.530308244
CTSO,0.25063577
FAM198B,0.019139489
TMEM144,0.066043905
ETFDH,0.350333228
PPID,0.284483422
FNIP2,1.197804233
RAPGEF2,0.417956749
NPY1R,0.741056648
NPY5R,0.024898414
TMA16,0.159132624
RP11-294O2.2,0.521375483
TMEM192,0.05238189
KLHL2,0.11671857
MSMO1,0.396542891
DDX60,0.638315413
DDX60L,0.123201306
PALLD,0.074951812
CBR4,0.30388948
SH3RF1,0.428561443
NEK1,0.041644456
CLCN3,0.798407699
C4orf27,0.362479554
RP11-789C1.1,0.017243282
GALNT7,0.86195814
HMGB2,0.484018926
SAP30,0.074234859
FBXO8,0.160811165
HPGD,2.768342018
SPCS3,0.94154874
AGA,0.045614237
DCTD,0.055449994
CDKN2AIP,0.020802823
ING2,0.228889548
RWDD4,0.160927701
TRAPPC11,0.111867817
IRF2,0.614787397
CASP3,0.222700584
PRIMPOL,0.019139489
SLC25A4,0.734654566
KIAA1430,0.111821552
SNX25,0.020856275
LRP2BP,0.088962298
ANKRD37,0.19083313
UFSP2,0.037647861
SORBS2,0.039261973
TLR3,0.617458562
CYP4V2,0.159876493
KLKB1,0.164126171
MTNR1A,0.020241604
FAT1,0.894308206
FRG1,0.182123553
SDHA,0.90390634
PDCD6,1.740364027
C5orf55,0.106421555
EXOC3,0.13802871
CTD-2228K2.5,0.910740061
BRD9,0.219219274
SLC12A7,0.30451418
CLPTM1L,0.223406182
LPCAT1,0.005987909
MRPL36,0.343773213
NDUFS6,2.931617535
KIAA0947,0.314176926
MED10,0.215774964
NSUN2,0.032990443
CTD-2044J15.2,0.064234327
PAPD7,0.009563594
FASTKD3,0.048593791
MIR4458HG,0.251290779
SEMA5A,0.384644005
SNHG18,0.478998154
FAM173B,0.021539413
CCT5,1.445095551
CMBL,1.464272247
Mar-06,0.708142696
DAP,0.514101953
TRIO,0.032002048
FAM105A,0.552584225
FAM105B,0.059491275
ANKH,0.2981175
CTB-40H15.4,0.135076724
ZNF622,0.91343466
FAM134B,0.538776598
MYO10,0.98422028
C5orf17,0.005987909
DROSHA,0.087593472
C5orf22,0.156551119
GOLPH3,0.502693241
CTD-2186M15.3,0.017243282
MTMR12,0.034714508
ZFR,0.907839207
SUB1,3.316309082
TARS,0.512578956
C1QTNF3,0.010401411
RAI14,0.026990845
RAD1,0.251153119
BRIX1,0.205511024
DNAJC21,0.59377563
PRLR,0.008469523
LMBRD2,0.405863853
SKP2,0.019741898
NADK2,0.042086133
NIPBL,1.194761824
WDR70,0.132462943
RICTOR,0.386992453
FYB,0.018680974
DAB2,0.176920949
PTGER4,0.55096411
TTC33,0.06324027
PRKAA1,0.477005865
RPL37,14.18152954
CARD6,0.022171769
OXCT1,0.035669362
C5orf51,0.068618992
FBXO4,0.200485987
GHR,0.099802183
CCDC152,0.037507255
SEPP1,3.827381857
ZNF131,0.01781001
HMGCS1,0.603306018
CCL28,2.486950807
C5orf28,0.005565747
PAIP1,0.235731605
NNT-AS1,0.057881421
NNT,0.134723737
MRPS30,0.098864741
ITGA1,0.047190597
PELO,0.008282534
ITGA2,0.083081442
MOCS2,0.168661037
CTD-2366F13.1,0.038769307
NDUFS4,1.636544431
ARL15,0.141519913
SNX18,0.140351607
GZMA,0.040270303
GPX8,0.011442485
DHX29,0.594297328
SKIV2L2,0.307712397
PPAP2A,1.210134871
SLC38A9,0.016726436
IL6ST,0.216722775
CTD-2031P19.3,0.013068752
MAP3K1,0.062399429
SETD9,0.220337985
MIER3,0.84809488
GPBP1,0.997099752
PLK2,0.21101919
PDE4D,0.225038917
DEPDC1B,0.056833682
ELOVL7,0.122688288
ERCC8,0.095697443
NDUFAF2,0.301784251
SMIM15,0.816403656
ZSWIM6,0.126695401
KIF2A,0.225627591
DIMT1,0.164781302
IPO11,0.066174169
SREK1IP1,0.569378686
CWC27,0.151914694
PPWD1,0.099237141
TRIM23,0.102945989
TRAPPC13,0.044335054
CTC-534A2.2,0.029623661
CTD-2033C11.1,0.005565747
ERBB2IP,1.815209698
SREK1,0.582915063
PIK3R1,0.470027685
SLC30A5,0.037453574
CCNB1,0.073558133
CENPH,0.053896979
MRPS36,1.376915309
CDK7,0.137730247
CCDC125,0.718563113
TAF9,0.685607714
RAD17,0.159564463
MARVELD2,0.168318758
OCLN,0.267454928
SMN2,0.009340487
SERF1A,0.006530553
SMN1,0.005565747
GTF2H2,0.07911131
BDP1,0.157080754
MCCC2,0.073413174
MRPS27,0.105460798
TNPO1,0.299898356
FCHO2,0.334329925
TMEM171,0.523374966
BTF3,5.46025045
ANKRA2,0.133799043
UTP15,0.095436572
ARHGEF28,0.242070165
ENC1,0.135333558
HEXB,0.66923101
GFM2,0.019139489
NSA2,1.308123444
HMGCR,0.543677761
COL4A3BP,0.373491974
POLK,0.171647448
CTC-366B18.4,0.019139489
IQGAP2,1.463814536
F2RL1,0.55350769
AGGF1,0.268100892
WDR41,0.090050686
TBCA,2.014702029
AP3B1,0.41934705
SCAMP1,0.07388645
LHFPL2,0.107127771
ARSB,0.037567795
JMY,0.011131494
PAPD4,0.192348511
CMYA5,0.03047294
SERINC5,0.172182548
ZFYVE16,0.587472147
CTD-2015H6.3,0.060284979
DHFR,0.263584217
MTRNR2L2,0.366156541
MSH3,0.012518462
CKMT2-AS1,0.064455125
ZCCHC9,0.320691019
SSBP2,0.144892157
ATG10,0.093259522
RPS23,15.61639135
TMEM167A,0.668001544
XRCC4,0.430979217
EDIL3,0.076886136
CTD-2269F5.1,0.016726436
COX7C,11.93776372
RASA1,0.010401411
CTC-428H11.2,0.029138809
CCNH,0.284440206
TMEM161B,0.111607143
TMEM161B-AS1,0.097294759
MEF2C,0.159873032
CETN3,0.317573765
POLR3G,0.026565223
LYSMD3,0.167848344
ARRDC3,0.1446019
FAM172A,0.268418518
POU5F2,0.05583847
TTC37,0.375982623
RFESD,0.044687545
RHOBTB3,0.407078872
GLRX,2.064252562
ELL2,0.214757652
CAST,4.512298822
ERAP1,0.200038152
ERAP2,0.414567608
LNPEP,0.064595163
RIOK2,0.179985381
RGMB,0.174747875
CHD1,1.107403071
FAM174A,0.260479896
PAM,0.248049838
GIN1,0.056791056
PPIP5K2,0.658235136
C5orf30,0.191683748
NUDT12,0.069138676
EFNA5,0.109999003
FBXL17,0.153079995
LINC01023,0.062821591
FER,0.085621778
PJA2,0.743600754
MAN2A1,0.319829684
SLC25A46,0.382858953
WDR36,0.134163585
STARD4,0.167603395
EPB41L4A,0.006530553
EPB41L4A-AS1,0.284059168
APC,0.460087679
SRP19,0.28425157
REEP5,1.502045639
DCP2,0.129301128
YTHDC2,0.039633975
TRIM36,0.170849197
CTC-428G20.3,0.169548818
PGGT1B,0.421214006
CTC-428G20.6,0.058356676
CCDC112,0.459282477
FEM1C,0.565078752
TMED7,0.519441349
ATG12,0.471182177
AP3S1,0.624779709
COMMD10,0.144395586
SEMA6A,0.629549145
CTB-118N6.3,0.008469523
LINC00992,0.011442485
DTWD2,0.056833682
DMXL1,0.193660059
TNFAIP8,0.103339947
HSD17B4,0.645164279
SRFBP1,0.311539366
LOX,0.098658248
SNX2,0.529361105
SNX24,0.20841578
PPIC,0.685074951
CSNK1G3,0.491976173
ZNF608,0.182246685
GRAMD3,1.142351039
ALDH7A1,0.224557039
PHAX,0.407266066
LMNB1,0.101533441
Mar-03,0.159811021
C5orf63,0.230086845
PRRC1,0.379485504
CTC-228N24.3,0.089976953
SLC12A2,0.43357077
ISOC1,0.311898959
HINT1,9.837838928
LYRM7,0.149207874
CDC42SE2,0.922106914
FNIP1,0.239771172
P4HA2,0.533775265
PDLIM4,0.21494709
SLC22A4,0.017243282
SLC22A5,0.486683006
C5orf56,0.205552768
IRF1,2.01191661
RAD50,0.481684924
KIF3A,0.199298469
Sep-08,0.157448298
SOWAHA,0.223003175
SHROOM1,0.16324892
UQCRQ,8.272318897
LEAP2,0.139674822
AFF4,0.964389738
ZCCHC10,0.518042916
HSPA4,0.255245188
C5orf15,0.241296329
VDAC1,2.792762957
TCF7,0.119210987
SKP1,4.565496986
PPP2CA,0.489401654
UBE2B,1.336199162
CDKN2AIPNL,0.243939845
AC005355.2,0.188853958
JADE2,0.005987909
SAR1B,0.886061623
SEC24A,0.227980343
CAMLG,0.267418939
DDX46,1.144316132
C5orf24,0.232838807
TXNDC15,0.058078693
PCBD2,0.044757216
H2AFY,1.515966226
CXCL14,0.057603687
SMAD5,0.028822735
AC009014.3,0.099423972
KLHL3,0.1074437
HNRNPA0,0.921068537
RP11-381K20.2,0.019139489
FAM13B,0.054028032
BRD8,0.190424932
CDC23,0.035378909
FAM53C,0.305173193
KDM3B,0.148614087
EGR1,1.549562414
ETF1,0.344459558
HSPA9,0.44349823
CTNNA1,2.526585734
SIL1,0.204731592
MATR3,0.642505543
PAIP2,0.699244721
SLC23A1,0.093689102
MZB1,0.948049881
TMEM173,0.108333921
UBE2D2,1.09480995
CXXC5,0.214337988
PURA,0.402706185
IGIP,0.086922982
CYSTM1,8.807503186
PFDN1,0.860918734
HBEGF,0.3447625
ANKHD1,0.135622048
SRA1,0.534950273
SLC35A4,0.249524947
CD14,0.125135883
NDUFA2,2.237620124
TMCO6,0.032526672
IK,1.467844074
WDR55,0.279467001
DND1,0.073425752
HARS,0.048612529
HARS2,0.051653554
ZMAT2,0.880511579
PCDHB14,0.009340487
TAF7,1.01572463
DIAPH1,0.099761629
HDAC3,0.102762635
ARAP3,0.029921486
PCDH1,0.526548012
KIAA0141,0.146964256
RNF14,0.162716415
GNPDA1,0.127699495
NDFIP1,0.741437528
SPRY4,0.125619128
ARHGAP26,0.63325293
NR3C1,0.144273151
YIPF5,0.605006622
KCTD16,0.020241604
PRELID2,0.524928304
SH3RF2,0.120877143
LARS,0.419569241
RBM27,0.608704848
TCERG1,0.417464692
SPINK1,2.569055777
SPINK5,0.619478973
FBXO38,0.367653472
GRPEL2,0.14825605
CSNK1A1,1.386039653
ARHGEF37,0.035460368
PPARGC1B,0.229219955
PDE6A,0.088991468
SLC26A2,5.991414031
CSF1R,0.029178338
CDX1,2.526715815
SLC6A7,0.008282534
TCOF1,0.030643015
CD74,5.931260406
RPS14,32.53166147
SYNPO,0.321448233
RBM22,0.335725034
DCTN4,0.164977775
ZNF300,0.029921486
TNIP1,0.582183796
CCDC69,0.043431093
GM2A,0.170436224
SLC36A1,0.225429757
ATOX1,0.97891218
G3BP1,0.429950971
FAM114A2,0.017607122
MFAP3,0.063925812
GALNT10,0.291159156
SAP30L,0.300146031
LARP1,0.532686614
FAXDC2,0.071530308
CNOT8,0.287925942
MRPL22,0.658331071
MED7,0.138139843
CYFIP2,0.029921486
ADAM19,0.103339947
C5orf52,0.081029508
THG1L,0.137731064
LSM11,0.345229368
CLINT1,0.50629033
RNF145,0.571137906
UBLCP1,0.312036321
TTC1,0.474163066
PWWP2A,0.533452304
FABP6,0.072564906
CCNJL,0.283458658
C1QTNF2,0.037736988
SLU7,0.670159631
PTTG1,0.151996742
ATP10B,0.518339704
CCNG1,0.493542269
NUDCD2,0.182368361
HMMR,0.005565747
MAT2B,0.318646781
RARS,0.49094103
PANK3,1.334391566
SPDL1,0.058356676
LCP2,0.019139489
RANBP17,0.050415423
NPM1,2.722766713
FBXW11,0.112540644
STK10,0.130668796
UBTD2,0.183726614
NEURL1B,1.054168508
DUSP1,2.392054568
ERGIC1,0.621268638
RPL26L1,0.605528991
ATP6V0E1,3.442676225
CREBRF,0.549389709
STC2,0.005987909
BOD1,0.126393705
CPEB4,0.379034734
SFXN1,0.309814934
THOC3,0.199765663
RP11-844P9.2,0.064142036
SIMC1,0.020241604
KIAA1191,0.274058349
NOP16,0.109620012
HIGD2A,2.858373845
CLTB,4.904154975
FAF2,0.11655302
RNF44,0.192414277
CDHR2,2.199816649
GPRIN1,0.064234327
TSPAN17,0.154425579
UIMC1,0.063643201
FGFR4,0.015328396
NSD1,0.226146186
RAB24,0.008469523
MXD3,0.165343915
PRELID1,6.699953554
LMAN2,0.927981711
RGS14,0.009340487
F12,0.029623661
GRK6,0.120366511
PRR7,0.104077955
PDLIM7,0.149218819
DDX41,0.203020262
FAM193B,0.017243282
TMED9,0.898243917
B4GALT7,0.210216533
N4BP3,0.005565747
RMND5B,0.140840647
NHP2,1.099403105
HNRNPAB,1.851699878
PHYKPL,0.394941498
CLK4,0.519815453
ZNF354A,0.036201412
ZNF354B,0.044687545
RUFY1,0.248416009
HNRNPH1,1.525304764
CANX,1.622135661
MAML1,0.005987909
MGAT4B,2.07329925
SQSTM1,3.07275491
C5orf45,0.112560037
TBC1D9B,0.246150771
RNF130,0.097176679
MAPK9,0.058381593
CNOT6,0.079532476
MGAT1,0.254535727
LINC00847,0.165343915
ZFP62,0.075646519
BTNL8,0.261862282
BTNL3,0.340473257
TRIM41,0.226530213
GNB2L1,9.151668845
TRIM52,0.041625042
TRIM52-AS1,0.081794651
DUSP22,0.052680041
EXOC2,0.195962885
FOXQ1,0.037721045
GMDS,0.775901399
GMDS-AS1,0.247488465
WRNIP1,0.056480068
SERPINB1,3.446886915
SERPINB9,0.095602989
SERPINB6,3.211058039
LINC01011,0.028280092
NQO2,0.072737659
RIPK1,0.160220273
BPHL,0.129985274
TUBB2A,0.362739646
TUBB2B,0.008282534
PSMG4,0.173803322
SLC22A23,0.610951356
FAM50B,0.119686464
PRPF4B,0.76149507
ECI2,0.368033996
CDYL,0.304355193
RPP40,0.048122457
LYRM4,0.098422724
FARS2,0.171345193
RP1-80N2.3,0.05583847
RREB1,0.479607561
SSR1,0.374065174
RIOK1,0.255153183
RP3-512B11.3,0.04114549
DSP,3.104742141
SNRNP48,0.091159285
BLOC1S5,0.070336169
EEF1E1,0.152407862
SLC35B3,0.456722075
GCNT2,0.3119619
PAK1IP1,0.118913901
TMEM14C,0.599816919
TMEM14B,0.658526415
SMIM13,0.159735678
NEDD9,0.541395541
ADTRP,1.43678479
HIVEP1,0.03830361
EDN1,0.700037531
TBC1D7,0.204214007
GFOD1,0.253035258
SIRT5,0.162077355
RP1-223E5.4,0.033616609
NOL7,1.260280907
RANBP9,0.269980145
MCUR1,0.352164437
JARID2,0.3713809
DTNBP1,0.199741093
MYLIP,0.175551241
GMPR,0.01403527
ATXN1,0.170742723
FAM8A1,0.680044468
NUP153,0.131148451
KIF13A,0.168016005
NHLRC1,0.006530553
TPMT,1.345325284
KDM1B,0.259251757
DEK,0.81551918
RP4-625H18.2,0.062500732
ID4,0.218397973
MBOAT1,0.692098944
E2F3,0.04213473
SOX4,0.599309164
DCDC2,0.095594983
MRS2,0.009563594
ALDH5A1,0.009340487
KIAA0319,0.005987909
TDP2,5.526105088
ACOT13,1.616273897
C6orf62,1.20142484
GMNN,1.289717153
LRRC16A,0.310827569
SLC17A4,1.798485929
TRIM38,0.419358538
U91328.20,0.069226282
HIST1H2BB,0.033390319
HIST1H1C,1.897532103
HIST1H4C,1.329033101
HIST1H2BC,0.172150508
HIST1H2AC,1.604669575
HIST1H1E,0.310034851
HIST1H2BD,0.625540039
HIST1H3D,0.160875968
HIST1H4E,0.103339947
HIST1H2BG,0.03047294
HIST1H2AE,0.161792275
HIST1H1D,0.165549664
HIST1H2BH,0.033725425
HIST1H3G,0.049907575
HIST1H4H,0.12429675
BTN3A2,0.279369136
BTN2A2,0.019139489
BTN3A1,0.337279078
BTN2A1,0.210377601
HMGN4,0.005987909
ABT1,0.218263548
ZNF322,0.20445603
RP11-457M11.5,0.18001888
HIST1H2BJ,0.098807173
HIST1H2AG,0.011131494
HIST1H2BK,0.830928541
HIST1H2AH,0.042235437
PRSS16,0.082819502
ZNF184,0.070142037
HIST1H2AJ,0.008282534
HIST1H2AM,0.056738734
RP1-313I6.12,0.262290432
ZNF165,0.198476456
ZSCAN16-AS1,0.02111725
ZKSCAN8,0.008469523
ZKSCAN4,0.044291519
PGBD1,0.008469523
ZKSCAN3,0.038769307
TRIM27,0.12959738
HLA-F,2.232951196
HLA-G,0.033521397
HLA-A,26.99125892
ZNRD1,0.446535834
PPP1R11,0.695315798
TRIM31,2.937426486
TRIM15,1.280483803
TRIM26,0.284575666
HCG18,0.110093387
RPP21,0.036208762
HLA-E,5.871338699
GNL1,0.297475534
ABCF1,0.308269674
PPP1R10,0.85786069
MRPS18B,0.59724906
ATAT1,0.044943976
C6orf136,0.460602533
DHX16,0.443801477
MDC1,0.208862063
TUBB,0.508609231
FLOT1,0.856600157
XXbac-BPG252P9.10,0.052587976
IER3,3.600734955
DDR1,1.015341766
VARS2,0.148803741
PSORS1C1,0.115981591
CCHCR1,0.347614711
XXbac-BPG299F13.17,0.018367767
HCG27,0.017243282
HLA-C,13.00976524
HLA-B,26.66068126
XXbac-BPG181B23.7,0.020241604
MICA,0.119585292
DDX39B,0.030419869
NFKBIL1,0.200295642
TNF,0.019139489
LTB,0.079194448
LST1,0.027422022
PRRC2A,0.18038084
BAG6,0.314958653
APOM,0.026565223
C6orf47,0.173642393
GPANK1,0.250644174
CSNK2B,1.277348374
DDAH2,1.551635569
CLIC1,8.73598223
VWA7,0.037967167
VARS,0.273829723
LSM2,0.718786204
HSPA1A,3.469010783
HSPA1B,1.679577479
C6orf48,0.200943909
NEU1,0.659489334
SLC44A4,2.000593041
C2,0.161573874
CFB,0.163925459
NELFE,0.497507711
SKIV2L,0.053130446
DXO,0.018683945
STK19,0.09419345
ATF6B,0.311332161
FKBPL,0.061669061
PRRT1,0.033616609
PPT2,0.006530553
AGPAT1,0.165637886
RNF5,0.84390974
AGER,0.016726436
PBX2,0.13520355
HLA-DRA,2.436160642
HLA-DRB5,0.744918247
HLA-DRB1,1.195051217
HLA-DQB1,0.03602005
HLA-DOB,0.122906882
TAP2-ENSG00000204267,0.122327744
PSMB8,3.16323257
TAPSAR1,0.083374122
PSMB9,1.456291938
TAP1,0.822616328
HLA-DMA,0.695201004
BRD2,0.493943347
HLA-DPA1,0.870948295
HLA-DPB1,0.648638674
RXRB,0.206041681
SLC39A7,0.605444291
HSD17B8,0.258969175
RING1,0.110579824
VPS52,0.026974536
RPS18,39.87539787
B3GALT4,0.374076416
WDR46,0.178442654
PFDN6,0.975646575
RGL2,0.130783687
TAPBP,3.245051853
ZBTB22,0.026974536
DAXX,0.141399818
KIFC1,0.005565747
PHF1,0.106644211
CUTA,1.109397413
SYNGAP1,0.057603687
ZBTB9,0.011442485
BAK1,0.422999649
LINC00336,0.017243282
ITPR3,0.221041081
UQCC2,0.512694564
LEMD2,0.12831316
HMGA1,0.990992278
C6orf1,0.041644456
NUDT3,0.106769997
RPS10,3.763815455
SPDEF,0.147836148
C6orf106,0.133337382
RP11-140K17.3,0.135851396
SNRPC,0.570337451
UHRF1BP1,0.197595123
TAF11,0.373662304
ANKS1A,0.26507515
ZNF76,0.084655212
DEF6,0.012518462
PPARD,0.275839263
RPL10A,12.55356866
TEAD3,0.133867934
FKBP5,0.185817571
SRPK1,0.500617847
MAPK14,0.210544142
MAPK13,0.505517273
BRPF3,0.23229199
C6orf222,0.065114525
ETV7,0.085352989
KCTD20,0.109653038
STK38,0.515251665
SRSF3,2.414621008
CDKN1A,2.086550393
CPNE5,0.020549071
PPIL1,0.005987909
C6orf89,0.430456202
MTCH1,1.169142589
COX6A1P2,0.24355372
PIM1,0.325819638
TBC1D22B,0.107998735
RNF8,0.394840513
CMTR1,0.098008468
CCDC167,0.111395562
ZFAND3,0.15399137
BTBD9,0.189200501
GLO1,0.191960484
SAYSD1,0.181230635
UNC5CL,0.005987909
OARD1,0.378897386
NFYA,0.047480476
FOXP4,0.152609348
MDFI,0.005987909
TFEB,0.101690352
PRICKLE4,0.008469523
MED20,0.108738776
CCND3,0.284304872
TAF8,0.057814895
RP11-7K24.3,0.155009921
C6orf132,0.439023188
MRPS10,0.286377857
UBR2,0.951157243
TBCC,0.469801238
RPL7L1,0.257242092
C6orf226,0.243825196
CNPY3,0.19269028
PEX6,0.055998131
PPP2R5D,0.27813013
MEA1,0.403460298
KLHDC3,0.35212457
RRP36,0.057853091
CUL7,0.041867159
KLC4,0.406286944
MRPL2,0.433574785
PTK7,0.008469523
SRF,0.005987909
CUL9,0.036424519
DNPH1,1.701224174
ZNF318,0.079365079
ABCC10,0.033616609
TJAP1,0.03830361
POLR1C,0.160632079
YIPF3,0.783291339
XPO5,0.009563594
POLH,0.042235437
GTPBP2,0.226460467
MAD2L1BP,0.384729459
MRPS18A,0.557520187
VEGFA,0.609736563
MRPL14,2.043869987
TMEM63B,0.239752071
SLC29A1,0.019139489
HSP90AB1,5.755191121
SLC35B2,0.099983934
NFKBIE,0.200558176
CDC5L,0.57595716
SUPT3H,0.008469523
CLIC5,0.61767551
ENPP4,0.444077881
MEP1A,0.944148933
GPR116,0.019045588
TNFRSF21,0.174294801
RP11-385F7.1,0.008282534
CD2AP,2.635323837
GPR115,0.095085958
MUT,0.353347628
CENPQ,0.193242413
C6orf141,0.028479975
MCM3,0.282912341
PAQR8,0.842795349
TRAM2,0.020019218
TRAM2-AS1,0.029921486
TMEM14A,0.193794854
GSTA1,0.046014349
GSTA4,0.014270443
ICK,0.028301752
FBXO9,0.434247694
GCLC,0.152864364
LRRC1,0.723848386
TINAG,0.009340487
FAM83B,0.105235049
DST,4.370783667
ZNF451,0.49405924
RAB23,0.093689102
XXbac-BPGBPG55C20.2,0.156182457
MTRNR2L9,0.037736988
PTP4A1,2.124700011
PHF3,0.73555874
LMBRD1,0.519452667
RP11-462G2.1,0.305100405
FAM135A,0.84679788
C6orf57,0.182215743
SMAP1,1.479152968
B3GAT2,0.065208451
OGFRL1,0.195443494
MTO1,0.016726436
EEF1A1,34.85890462
SLC17A5,0.268649498
COX7A2,10.02666433
TMEM30A,0.640253651
SENP6,0.502367469
MYO6,0.850368263
PHIP,0.636438154
HMGN3,0.595035338
HMGN3-AS1,0.032002048
SH3BGRL2,0.975130668
TTK,0.005565747
BCKDHB,0.225737479
RP11-250B2.6,0.017607122
FAM46A,0.908117707
IBTK,0.428808211
TPBG,0.107995844
UBE3D,0.156707081
DOPEY1,0.164598459
PGM3,0.315290474
RWDD2A,0.020241604
ME1,0.125589889
CYB5R4,0.201726455
MRAP2,0.037447145
KIAA1009,0.008469523
RP11-30P6.6,0.3557344
NT5E,0.215039854
SNX14,0.181158597
SYNCRIP,0.439190546
RP1-3J17.3,0.029921486
ZNF292,1.511857748
SMIM8,0.015967158
SLC35A1,0.249302143
RARS2,0.302089415
ORC3,0.301798957
AKIRIN2,0.303638886
RNGTT,0.026974536
PNRC1,1.158488317
PM20D2,0.085481091
UBE2J1,0.892390425
LYRM2,0.883003048
MDN1,0.111891751
MAP3K7,0.337169261
MANEA,0.039381092
UFL1,0.322838729
NDUFAF4,0.202812998
MMS22L,0.008469523
FBXL4,0.077075286
COQ3,0.05478033
PNISR,1.098519116
RP11-98I9.4,0.005987909
USP45,0.039610876
TSTD3,0.032002048
CCNC,0.244347599
ASCC3,0.18386803
RP3-467N11.1,0.008282534
HACE1,0.080510112
PREP,0.457136079
PRDM1,0.189380494
ATG5,0.950089146
AIM1,1.261680498
RTN4IP1,0.021843897
QRSL1,0.093733898
C6orf203,0.110142614
BEND3,0.05583595
PDSS2,0.182064304
SEC63,0.271908714
OSTM1,0.616952818
SNX3,1.721308226
LACE1,0.045495424
FOXO3,0.348706786
SESN1,0.281209636
CEP57L1,0.03907588
CD164,3.433015507
SMPD2,0.246738087
MICAL1,0.325907652
ZBTB24,0.038501265
FIG4,0.075094199
CDC40,0.137833843
CDK19,0.590156177
AMD1,0.864185335
GTF3C6,1.419407456
RPF2,0.285903371
SLC16A10,0.033390319
KIAA1919,0.020856275
RP5-1112D6.4,0.025525816
REV3L,0.017243282
TRAF3IP2,0.083480883
MARCKS,2.235854286
RP1-249H1.4,0.020856275
HDAC2,0.521657853
FRK,0.421026853
NT5DC1,0.238777214
TSPYL1,1.048629197
FAM26F,0.093176838
RWDD1,0.941469303
ZUFSP,0.097050027
KPNA5,0.008469523
GOPC,0.317830551
DCBLD1,0.154774656
NUS1,0.199839003
ASF1A,0.336324346
MAN1A1,0.532067954
TBC1D32,0.029921486
HSF2,0.057207691
SERINC1,0.566147954
PKIB,2.966437617
SMPDL3A,0.526787773
RNF217,0.177339954
HDDC2,0.350542184
NCOA7,1.357682486
HINT3,0.110850901
TRMT11,0.406334228
CENPW,0.15759482
RNF146,0.05011398
ECHDC1,0.807925434
PTPRK,0.234596468
ARHGAP18,0.282521338
L3MBTL3,0.060671616
EPB41L2,0.310093189
AKAP7,0.21339888
MED23,0.182000765
ENPP3,0.020241604
ENPP1,0.179339236
CTGF,0.111607143
STX7,0.768333135
SLC18B1,0.009340487
RPS12,30.58099467
TBPL1,0.109054696
SGK1,0.821574352
ALDH8A1,0.022905519
HBS1L,0.127892225
MYB,0.048391369
AHI1,0.593402943
LINC00271,0.019139489
MTFR2,0.029370301
BCLAF1,0.542785794
MAP7,0.643360431
RP3-325F22.5,0.073361326
MAP3K5,0.094741028
PEX7,0.095149066
IL20RA,0.221838492
IFNGR1,0.447523158
TNFAIP3,0.071746226
PERP,1.955722322
HEBP2,2.569944426
NHSL1,0.663433392
CCDC28A,0.243175799
REPS1,0.064084809
ABRACL,2.016445848
HECA,0.125919558
CITED2,0.625196135
VTA1,0.434961444
GPR126,0.201356225
HIVEP2,0.04114549
AIG1,0.155325012
ADAT2,0.037721045
PEX3,0.008469523
FUCA2,0.276143777
PHACTR2,0.280810984
LTV1,0.085293487
PLAGL1,0.03426883
SF3B5,2.064219588
STX11,0.038369452
UTRN,0.22594826
FBXO30,0.038139989
SHPRH,0.221939097
RAB32,0.754610671
STXBP5,0.395803907
SAMD5,0.040483208
SASH1,0.052435907
TAB2,0.26782655
ZC3H12D,0.024137674
PPIL4,0.23838604
GINM1,0.424749913
KATNA1,0.113539773
LATS1,0.236936815
PCMT1,1.074031777
LRP11,0.039057224
PPP1R14C,0.493715094
IYD,0.091267647
PLEKHG1,0.053409538
RMND1,0.093960979
C6orf211,0.167594375
CCDC170,0.150060024
MTRF1L,0.209422465
CNKSR3,0.487820067
SCAF8,0.290734164
TIAM2,0.1074437
RP11-477D19.2,0.019045588
TFB1M,0.132791226
ARID1B,0.142976048
TMEM242,0.169704369
ZDHHC14,0.082402488
SNX9,0.674199871
GTF2H5,0.623197562
RP11-732M18.3,0.221138749
TULP4,0.462926517
TMEM181,0.30927999
DYNLT1,2.529271476
EZR,4.319511774
RSPH3,0.02557614
TAGAP,0.037736988
SOD2,1.927674829
WTAP,1.057979063
ACAT2,0.521113016
TCP1,1.349218095
MRPL18,0.924495885
IGF2R,0.426957255
MAP3K4,0.271910029
AGPAT4,0.019139489
SFT2D1,0.716749511
MPC1,1.499610937
RNASET2,1.373756266
FGFR1OP,0.541468582
MLLT4,1.01400463
FRMD1,2.028853663
SMOC2,0.029178338
WDR27,0.057977737
C6orf120,0.1245626
PHF10,0.110704895
ERMARD,0.061626721
LINC00574,0.013068752
DLL1,0.020241604
FAM120B,0.073023491
PSMB1,3.627733966
TBP,0.018367767
PDCD2,0.351165644
PDGFA,0.546240083
PRKAR1B,0.03391738
HEATR2,0.037736988
SUN1,0.815701466
GET4,0.038139989
ADAP1,0.698451605
COX19,0.366876726
C7orf50,0.592699005
GPER1,0.136840044
ZFAND2A,1.031633022
AC091729.9,0.006530553
MICALL2,0.663870027
INTS1,0.465572
MAFK,0.231458188
TMEM184A,0.15516731
PSMG3,0.150548268
PSMG3-AS1,0.014270443
MAD1L1,0.119979538
FTSJ2,0.19460875
NUDT1,0.026993989
SNX8,0.128269492
EIF3B,0.442842164
CHST12,0.026565223
LFNG,0.068136335
BRAT1,0.142718323
IQCE,0.211212361
GNA12,0.174663121
FOXK1,0.192887147
AP5Z1,0.164430413
RBAK-RBAKDN,0.180023555
RBAK,0.099839124
WIPI2,0.550336452
TNRC18,0.157517351
ACTB,34.86849254
RNF216,0.265092824
CCZ1,0.212492118
PMS2,0.170418322
AIMP2,0.198539067
EIF2AK1,0.374505777
USP42,0.005987909
RAC1,8.215298365
DAGLB,0.005565747
KDELR2,1.922165417
ZDHHC4,0.123661882
C7orf26,0.08843013
RP11-611L7.1,0.261951699
ZNF12,0.213056361
CCZ1B,0.079070313
C1GALT1,0.266159262
RP5-1159O4.2,0.009340487
RPA3,0.759477309
RPA3-AS1,0.055754163
GLCCI1,0.009563594
ICA1,0.418823866
NDUFA4,4.7265902
PHF14,0.277309338
TMEM106B,0.69948664
SCIN,2.674692957
ARL4A,1.151220644
SOSTDC1,0.009340487
ANKMY2,0.124142006
BZW2,0.409249827
TSPAN13,0.737162337
AGR2,9.949419002
AGR3,3.642240083
AC003075.4,0.012518462
AHR,0.280226661
SNX13,0.793557856
TWISTNB,0.232393161
MACC1,0.020856275
CTA-293F17.1,0.030643015
SP4,0.038274721
CDCA7L,0.053635828
RAPGEF5,0.413794741
TOMM7,4.265973717
KLHL7,0.036038687
NUPL2,0.235215652
MALSU1,0.184683315
TRA2A,0.548710794
CCDC126,0.048223926
FAM221A,0.21792406
MPP6,0.057279478
OSBPL3,0.056833682
CYCS,7.032314941
NFE2L3,0.076621443
HNRNPA2B1,4.942710876
CBX3,0.612354815
SNX10,0.094967846
SKAP2,0.426921859
HOTAIRM1,0.346883165
HOXA3,0.28196058
HOXA4,0.037736988
HOXA5,0.301026845
HOXA6,0.020856275
HOXA7,0.096118268
HOXA9,0.084180526
HOXA10-AS,0.026565223
HOXA10,0.447801276
HOXA11,0.053177912
HOXA13,0.232718726
HOTTIP,0.119841704
HIBADH,0.243269828
TAX1BP1,3.139710789
CTB-113D17.1,0.093689102
CPVL,0.005565747
CHN2,0.076980646
PRR15,0.790828582
WIPF3,0.038139989
SCRN1,0.568460437
FKBP14,0.251052663
PLEKHA8,0.402338714
MTURN,0.041625042
ZNRF2,0.687225825
NOD1,0.040996195
GGCT,0.428925463
GARS,0.18119578
PDE1C,0.005565747
LSM5,1.119805082
AVL9,0.435528484
KBTBD2,0.03047294
FKBP9,0.352606664
NT5C3A,2.301995376
RP9,0.201618452
BBS9,0.023089143
HERPUD2,0.163028439
RP11-379H18.1,0.030871115
Sep-07,1.787656205
EEPD1,0.090948319
KIAA0895,0.03830361
AOAH,0.148272721
EPDR1,0.005987909
STARD3NL,0.049693645
VPS41,0.344424797
YAE1D1,0.215699169
RALA,2.061085002
LINC00265,0.062999612
RP11-467D6.1,0.008469523
CDK13,0.276361937
MPLKIP,0.840927768
PSMA2-ENSG00000106588,0.9518621
MRPL32,0.212699694
STK17A,0.896545381
COA1,0.143999361
BLVRA,0.005565747
MRPS24,0.005987909
URGCP,0.1074437
UBE2D4,0.027737516
AC004951.6,0.080230255
DBNL,0.393486325
POLM,0.032652737
POLD2,0.097196718
YKT6,0.292391492
NUDCD3,0.016726436
DDX56,0.138711496
TMED4,1.144580277
OGDH,0.119880242
ZMIZ2,0.005987909
PPIA,5.53638516
H2AFV,1.480478496
PURB,0.223411113
SNHG15,0.056523877
CCM2,0.527151124
TBRG4,0.223495818
TNS3,0.210132456
HUS1,0.766234265
UPP1,0.575325703
VWC2,0.096760999
DDC,0.09479849
GRB10,0.095697443
COBL,0.268545793
SEC61G,3.14199898
EGFR,0.140586293
LANCL2,0.179097528
VOPP1,0.187616413
GBAS,0.390560108
MRPS17-ENSG00000239789,0.029370301
PSPH,0.005987909
CCT6A,0.677094639
SUMF2,0.325207696
CHCHD2,6.549756176
ZNF736,0.080510112
ZNF680,0.051320437
ZNF107,0.029921486
ZNF138,0.187773788
ZNF273,0.041625042
ZNF117,0.008469523
ERV3-1,0.238769667
ZNF92,0.095895595
VKORC1L1,0.143675931
GUSB,0.496318082
ASL,1.587307282
CRCP,0.343284323
LINC00174,0.020019218
GS1-124K5.3,0.099266355
GS1-124K5.4,0.020241604
RP11-792A8.4,0.077968947
TMEM248,0.846038517
SBDS,1.729496547
TYW1,0.046673543
RP11-166O4.6,0.009340487
POM121,0.108859315
RP11-313P13.5,0.243475454
TRIM74,0.224335966
NSUN5,0.153874121
BAZ1B,0.311356614
BCL7B,0.502306061
TBL2,0.044576657
MLXIPL,0.032002048
DNAJC30,0.138292559
WBSCR22,0.446913512
LINC00035,1.070421928
ABHD11,0.672977345
CLDN3,8.443900654
CLDN4,6.250470024
WBSCR27,0.022171769
WBSCR28,0.066482289
EIF4H,0.875284151
RFC2,0.053845945
CLIP2,0.330492842
GTF2IRD1,0.024511238
GTF2I,1.000158142
GTF2IRD2,0.026974536
WBSCR16,0.153488634
GTF2IRD2B,0.038139989
TRIM73,0.104166966
POM121C,0.180504411
HIP1,0.115958492
RHBDD2,0.129820024
POR,0.266941944
STYXL1,0.164253481
MDH2,1.86425433
HSPB1,7.824540519
YWHAG,0.492712343
DTX2,0.872054278
CCDC146,0.032526672
FGL2,0.140289595
GSAP,0.009340487
PTPN12,0.233041196
RSBN1L-AS1,0.208922882
RSBN1L,0.574975762
TMEM60,0.432675334
PHTF2,0.126626221
MAGI2,0.132027276
GNAI1,0.043587361
CD36,0.019139489
SEMA3C,0.006530553
PCLO,0.105490685
KIAA1324L,0.051225309
AC005076.5,0.011442485
DMTF1,0.170960966
TMEM243,0.070058949
TP53TG1,0.687926452
CROT,0.106147991
ABCB1,1.596129434
RUNDC3B,0.109797082
SLC25A40,0.058980397
DBF4,0.242534953
ADAM22,0.017607122
SRI,24.21571036
STEAP1,0.182787647
STEAP2,0.361308296
GTPBP10,0.128341514
CLDN12,0.200754404
FZD1,0.11525175
MTERF,0.079363974
AKAP9,3.724692175
CYP51A1,0.059326056
KRIT1,0.143367067
ANKIB1,0.033952575
GATAD1,0.333134396
PEX1,0.093766674
RBM48,0.074027126
FAM133B,0.190313457
CDK6,0.200057387
SAMD9,3.505889322
SAMD9L,1.539752865
HEPACAM2,3.053022782
CCDC132,0.467978061
BET1,0.270763897
CASD1,0.076065355
PPP1R9A,0.285880571
PON3,0.023089143
PON2,1.438958024
PDK4,0.278971039
AC002451.3,0.029178338
SLC25A13,0.409134087
SHFM1,2.690416466
ACN9,0.17068614
ASNS,0.106682447
LMTK2,0.74268656
TECPR1,0.029436072
BRI3,5.097264104
BAIAP2L1,0.13796555
NPTX2,0.039261973
TRRAP,0.219266367
ARPC1A,1.410952935
ARPC1B,2.549479426
PDAP1,0.643870997
BUD31,0.814363727
PTCD1,0.169900374
CPSF4,0.016752057
ATP5J2,4.487712792
ZNF789,0.194122826
ZNF394,0.344237309
ZKSCAN5,0.044687545
ZNF655,0.314617782
ZSCAN25,0.008469523
CYP3A5,0.775684065
TRIM4,0.188335075
AZGP1,0.056582965
ZKSCAN1,1.01282246
ZSCAN21,0.042955949
ZNF3,0.198465242
COPS6,0.600013791
MCM7,0.050675454
AP4M1,0.168315997
TAF6,0.040027756
CNPY4,0.151078915
LAMTOR4,5.03154184
C7orf43,0.158283315
STAG3,0.019139489
GATS,0.175291624
PILRB,0.237331084
MEPCE,0.03843333
PPP1R35,0.127117163
TSC22D4,0.499755086
AGFG2,0.072435553
LRCH4,0.162965984
MOSPD3,0.095085958
GNB2,1.581537599
GIGYF1,0.192390338
POP7,0.613546342
EPHB4,0.126569162
SLC12A9,0.224452136
TRIP6,0.176765381
SRRT,0.023418304
UFSP1,0.019139489
ACHE,0.091200934
MUC3A,0.009563594
MUC12,2.80257686
TRIM56,0.318829717
AP1S1,1.209540206
MOGAT3,0.606673923
PLOD3,0.446714093
ZNHIT1,2.792311571
CLDN15,0.24543643
FIS1,1.775435081
RABL5,0.006530553
CUX1,0.275457407
PRKRIP1,0.081843562
ORAI2,0.206679894
ALKBH4,0.055114638
POLR2J,1.685128376
POLR2J3,0.156065145
FAM185A,0.033616609
ARMC10,0.26546833
NAPEPLD,0.750865342
PMPCB,0.38046018
DNAJC2,0.220075487
PSMC2,0.513045573
ORC5,0.0120963
RP11-325F22.5,0.032429629
RP11-325F22.2,0.033390319
KMT2E-AS1,0.177397433
KMT2E,2.480520325
SRPK2,0.612899665
RINT1,0.032002048
ATXN7L1,0.03047294
CDHR3,0.016565068
SYPL1,0.476295643
NAMPT,0.216923847
CCDC71L,0.082711133
PRKAR2B,0.113126987
HBP1,0.475348627
COG5,0.19893641
BCAP29,0.191466264
AC002467.7,0.186898377
CBLL1,0.064176803
SLC26A3,5.697326666
DLD,0.321296981
LAMB1,0.382181024
PNPLA8,0.022809029
THAP5,0.200132632
DNAJB9,0.129378249
DOCK4,0.335390815
ZNF277,0.2964079
IFRD1,0.472591694
TMEM168,0.471643901
C7orf60,0.128281909
LINC00998,0.317710927
FOXP2,0.056039263
TES,1.081832865
CAV1,0.503018109
MET,0.032526672
CAPZA2,1.395518807
CFTR,0.690482001
NAA38,0.552795688
TSPAN12,0.053366931
ING3,0.132669797
FAM3C,0.742831384
AASS,0.098008468
CADPS2,0.009563594
NDUFA5,1.102656222
WASL,2.079652775
RP11-390E23.6,0.163924782
GPR37,0.005565747
ZNF800,0.295464507
GCC1,0.062174113
ARF5,0.634598757
SND1,0.385008847
RBM28,0.040702417
METTL2B,0.123721802
FAM71F2,0.042235437
RP11-274B21.9,0.017243282
CALU,0.209240241
ATP6V1F,0.459425852
IRF5,0.02683729
TNPO3,0.093557681
AHCYL2,0.36974214
RP11-448A19.1,0.097629948
UBE2H,0.403194888
ZC3HC1,0.020894143
KLHDC10,0.126481364
TMEM209,0.019139489
CPA2,0.408136011
CEP41,0.052524518
MEST,0.132453238
MIR29A,0.037736988
RP11-138A9.1,0.059694833
LINC-PINT,0.006530553
MKLN1,0.798790016
CHCHD3,0.670721398
EXOC4,0.151438093
SLC35B4,0.040702417
AKR1B1,0.032002048
AKR1B10,0.517100284
BPGM,0.031183868
C7orf49,0.095085958
TMEM140,0.042235437
RP11-134L10.1,0.037736988
CNOT4,0.31368587
NUP205,0.049251393
C7orf73,1.040332438
MTPN,1.421535228
AC015987.2,0.008469523
CREB3L2,0.088429242
TRIM24,0.452719167
ZC3HAV1,0.262844202
UBN2,0.205283125
C7orf55,0.138676556
C7orf55-LUC7L2,0.209010888
HIPK2,0.493352098
TBXAS1,0.039981779
PARP12,0.41625198
KDM7A,0.470985234
JHDM1D-AS1,0.127741009
SLC37A3,0.114307461
RAB19,0.021538275
MKRN1,1.11682606
DENND2A,0.286692153
ADCK2,0.033367938
NDUFB2,5.026175993
BRAF,0.44018975
RP4-813F11.4,0.009563594
MRPS33,0.781816327
AGK,0.062466076
KIAA1147,0.102119747
SSBP1,1.308915734
PRSS1,0.022171769
GSTK1,3.033187579
TMEM139,0.173879356
CASP2,0.079151486
AC093673.5,0.039261973
ZYX,0.085979392
EPHA1,0.008469523
FAM115A,0.544492916
ARHGEF35,0.266210285
OR2A1-AS1,0.038463397
ARHGEF5,0.099987972
TPK1,0.021351286
CUL1,0.117609458
EZH2,0.032526672
PDIA4,0.908229361
ZNF398,0.180706004
ZNF282,0.022171769
ZNF212,0.011442485
ZNF783,0.050172732
ZNF746,0.019139489
ZNF862,0.057977737
ACTR3C,0.225207082
RARRES2,0.366009702
REPIN1,0.256351747
GIMAP7,0.036442212
TMEM176B,5.962284706
TMEM176A,4.559924636
AOC1,4.502601954
ABCB8,0.04256924
CDK5,0.156194163
SLC4A2,0.180917539
FASTK,0.151762776
TMUB1,0.239953574
AGAP3,0.020019218
ABCF2,0.116414621
CHPF2,0.201548697
NUB1,0.753304001
RHEB,0.960170404
PRKAG2,0.135130678
PRKAG2-AS1,0.019139489
GALNT11,0.148646128
KMT2C,0.794265322
LINC01003,0.032693594
ACTR3B,0.057977737
PAXIP1-AS2,0.04114549
PAXIP1,0.005987909
PAXIP1-AS1,0.014813086
INSIG1,0.131019916
AC009403.2,0.02002318
RBM33,0.301253471
C7orf13,0.075084306
LMBR1,0.117515484
NOM1,0.18872061
MNX1,0.026422022
UBE3C,0.071236108
DNAJB6,1.205960478
PTPRN2,0.040028189
NCAPG2,0.080510112
ESYT2,0.130815609
WDR60,0.070267536
PLCXD1,0.042235437
GTPBP6,0.235693516
LINC00685,0.056417962
IL3RA,0.056621511
SLC25A6,5.957962281
ASMTL-AS1,0.172712947
ASMTL,0.043708955
AKAP17A,0.170879707
DHRSX,0.087642355
ZBED1,0.159911725
CD99,0.906095375
GYG2,0.032526672
ARSD,0.306964381
ARSE,0.185187882
PRKX,0.045185078
HDHD1,0.210212447
STS,0.077622905
PNPLA4,0.314263878
TBL1X,0.227982121
GPR143,0.154837356
MID1,0.089593007
HCCS,0.500925564
MSL3,0.015000076
PRPS2,0.108342925
TMSB4X,64.07575282
RAB9A,0.462226223
TRAPPC2,0.023172869
OFD1,0.19637357
GPM6B,0.088962298
GEMIN8,0.217869511
MOSPD2,0.282142191
PIGA,0.030419869
ZRSR2,0.039942311
AP1S2,0.110680536
CTPS2,0.041888763
SYAP1,0.889997856
TXLNG,0.174514663
RBBP7,0.4377347
REPS2,0.121946883
SCML1,0.031428967
PHKA2,0.057767838
PDHA1,1.047306959
SH3KBP1,2.452598438
CXorf23,0.201420619
MAP7D2,0.026990845
EIF1AX,0.795012035
RPS6KA3,1.033169122
MBTPS2,0.005987909
SMS,0.264345516
PHEX,0.018367767
PRDX4,0.61863193
ACOT9,0.192750388
SAT1,6.392416794
APOO,0.097603463
KLHL15,0.050517971
EIF2S3,0.399663614
ZFX,0.497681771
PDK3,0.142220699
GK,0.379198203
TAB3,0.14523387
TMEM47,0.042235437
PRRG1,0.134921485
DYNLT3,0.290836917
SRPX,0.005565747
RPGR,0.047164768
OTC,0.237462006
TSPAN7,0.190018463
MID1IP1,0.147943309
BCOR,0.010401411
ATP6AP2,0.553183018
CXorf38,0.258881022
MED14,0.374226069
USP9X,0.97582989
DDX3X,1.319757582
CASK,0.370564396
MAOA,1.829334076
EFHC2,0.103029589
FUNDC1,0.270157993
KDM6A,0.194351899
RP6-99M1.2,0.100545271
RP2,0.365797197
JADE3,0.044687545
NDUFB11,2.137835975
RBM10,0.349932827
UBA1,0.85396404
CDK16,0.159701869
USP11,0.009340487
ZNF41,0.032526672
ARAF,0.103284667
TIMP1,0.544223135
ELK1,0.014457432
UXT,1.964234849
SLC38A5,0.005987909
FTSJ1,0.005565747
EBP,0.787643998
RBM3,1.837708726
WDR13,0.409237429
SUV39H1,0.220458554
GLOD5,0.160973047
HDAC6,0.258448929
PCSK1N,1.401649874
TIMM17B,0.739722532
PQBP1,0.560081218
SLC35A2,0.274027426
PIM2,0.008469523
OTUD5,0.148252322
GRIPAP1,0.258803435
TFE3,0.139190666
CCDC120,0.026114818
PRAF2,0.005987909
WDR45,0.461139754
GPKOW,0.271230162
MAGIX,0.324294612
PLP2,0.922957516
PRICKLE3,0.019045588
CCDC22,0.074793927
USP27X,0.020241604
CLCN5,0.005987909
GSPT2,0.058351477
MAGED1,0.150952898
TSPYL2,0.008469523
KDM5C,0.08883573
IQSEC2,0.056402569
SMC1A,0.279968422
RIBC1,0.005987909
HSD17B10,0.682159027
HUWE1,0.362566533
PHF8,0.005565747
TSR2,0.235918363
GNL3L,0.005565747
MAGED2,0.375066756
APEX2,0.16748762
FAM104B,0.067710713
MTRNR2L10,0.005565747
MAGEH1,0.010401411
RRAGB,0.036460849
RP13-188A5.1,0.070974336
UBQLN2,0.035330448
SPIN2B,0.024898414
FAAH2,0.026229513
ZXDB,0.141805822
SPIN4,0.062821591
ARHGEF9,0.024705236
ZC4H2,0.200537137
LAS1L,0.009340487
VSIG4,0.095594983
HEPH,1.562179287
YIPF6,0.474459145
EFNB1,0.406958633
IGBP1,1.575683374
PDZD11,0.152798177
KIF4A,0.011131494
GDPD2,0.163457753
DLG3,0.90186369
TEX11,0.142292619
SNX12,0.076549692
FOXO4,0.063267866
IL2RG,0.418245287
MED12,0.104077955
GJB1,0.323846473
NONO,0.61419616
TAF1,0.118731003
OGT,0.223272185
CXCR3,0.017607122
PIN4,0.525516928
RPS4X,21.65719085
XIST,0.323535727
JPX,0.421319225
FTX,0.064234327
RLIM,0.235279202
ABCB7,0.190867075
UPRT,0.032526672
PBDC1,0.371881099
ATRX,0.854127757
MAGT1,0.538382035
COX7B,7.172002701
ATP7A,0.144199628
PGK1,1.989325906
TAF9B,0.046862261
CYSLTR1,0.008282534
ITM2A,0.005565747
BRWD3,0.019045588
HMGN5,0.300962489
SH3BGRL,1.167406694
HDX,0.029921486
APOOL,0.143922811
POF1B,0.942348489
CHM,0.1925242
DIAPH2,0.559173455
RPA4,0.008282534
TSPAN6,0.534438853
SYTL4,0.743298542
CSTF2,0.334112489
NOX1,0.156198536
TIMM8A,0.039440781
RPL36A,2.113302184
GLA,0.123329174
HNRNPH2,0.54473101
ARMCX4,0.009563594
ARMCX6,0.092811355
ARMCX3,0.386669975
ZMAT1,0.115459636
ARMCX5,0.073672162
RP4-769N13.7,0.076574369
RAB40AL,0.03830361
BEX4,0.010401411
TCEAL8,0.290303239
BEX2,0.095085958
WBP5,0.473235565
NGFRAP1,0.199090692
TCEAL4,0.362250995
TCEAL3,0.140874514
MORF4L2,0.962087823
RAB9B,0.020241604
SLC25A53,0.075349681
FAM199X,0.080861549
RNF128,0.136502794
TBC1D8B,0.271000345
MORC4,0.009340487
RBM41,0.191298326
PRPS1,0.005565747
TSC22D3,0.127561249
MID2,0.006530553
VSIG1,0.005565747
PSMD10,0.066378089
ATG4A,0.093735364
NXT2,0.129225179
ACSL4,0.005565747
TMEM164,0.047954603
AMMECR1,0.12620454
GNG5P2,0.04114549
ALG13,0.628788282
AMOT,0.064142036
PLS3,0.011975818
RP1-241P17.4,0.050339057
SLC6A14,0.061554161
KLHL13,0.041644456
WDR44,0.087048112
IL13RA1,1.152345473
LONRF3,0.038369452
PGRMC1,0.935437911
SLC25A43,0.056651112
SLC25A5,8.749293669
CXorf56,0.047830811
UBE2A,0.942153838
Sep-06,0.081716916
RPL39,23.99014896
UPF3B,0.371081748
RNF113A,0.056656113
NDUFA1,5.423689602
NKAP,0.394450095
ZBTB33,0.154122819
LAMP2,0.685880572
MCTS1,1.019655959
C1GALT1C1,0.429270304
THOC2,0.409856394
XIAP,1.176160139
STAG2,0.435997038
OCRL,0.184541062
XPNPEP2,0.017607122
SASH3,0.166758418
ZDHHC9,0.206707239
UTP14A,0.197406636
ELF4,0.30102986
AIFM1,0.193561026
ZNF280C,0.032002048
RBMX2,0.067911443
ENOX2,0.060448509
MST4,0.151836603
RAP2C,0.168317263
RAP2C-AS1,0.041951107
MBNL3,0.225842153
GPC4,0.011442485
PHF6,0.442711923
HPRT1,0.113770987
FAM122B,0.196606749
MOSPD1,0.313221222
FAM127A,0.057213219
FAM127B,0.287282527
DDX26B,0.017243282
MMGT1,0.077639752
SLC9A6,0.073012842
MAP7D3,0.047190789
HTATSF1,0.363483431
RP11-1114A5.4,0.008469523
RBMX,0.571269667
ATP11C,0.17998151
FMR1,0.632942612
IDS,0.262428793
CXorf40A,0.043894104
TMEM185A,0.051585269
LINC00894,0.163526949
MTM1,0.358679354
MTMR1,0.076129946
CD99L2,0.04171255
HMGB3,0.925826556
VMA21,0.19539699
GABRE,0.135924539
CETN2,0.356393658
NSDHL,0.020549071
ZNF275,0.077639752
FAM58A,0.132504148
SLC6A8,0.860614432
BCAP31,1.450453907
ABCD1,0.006530553
IDH3G,0.892211209
SSR4,5.975845674
NAA10,0.426264181
HCFC1,0.055407851
TMEM187,0.205239619
IRAK1,0.179825507
MECP2,0.27707833
EMD,0.050702897
RPL10,42.14290526
DNASE1L1,0.009340487
TAZ,0.047867364
ATP6AP1,0.51219058
GDI1,0.181756829
FAM50A,0.642338441
PLXNA3,0.038139989
LAGE3,0.344476339
UBL4A,0.194815985
SLC10A3,0.212703103
FAM3A,0.193287267
G6PD,0.073841914
IKBKG,0.23915066
DKC1,0.08709033
MPP1,0.026990845
F8A1,0.032140286
FUNDC2,0.733099563
BRCC3,0.172862471
VBP1,0.879264297
TMLHE,0.048628528
VAMP7,0.032540283
FBXO25,0.207673969
RP11-91J19.4,0.032526672
ERICH1,0.202559495
CLN8,0.091339999
CTD-2336O2.1,0.108625982
KBTBD11-OT1,0.006530553
KBTBD11,0.188962093
MCPH1,0.158880866
CTD-2541M15.4,0.006530553
AGPAT5,0.211343326
DEFB1,0.184085268
DEFA6,0.105676153
DEFA5,0.303644001
CLDN23,0.29229701
MFHAS1,0.086222321
ERI1,0.011442485
PPP1R3B,0.325213997
TNKS,0.061209129
MSRA,0.2960043
PINX1,0.117779015
AF131215.5,0.008469523
MTMR9,0.080458026
SLC35G5,0.005565747
NEIL2,0.005987909
FDFT1,0.820338742
RP11-297N6.4,0.100546976
CTSB,0.867382599
TUSC3,0.005987909
ZDHHC2,0.050415423
CNOT7,0.099798037
VPS37A,0.267730238
MTUS1,0.34712766
PCM1,0.388414274
ASAH1,1.282178975
NAT1,0.096289848
NAT2,0.190031201
PSD3,0.414461727
SH2D4A,0.163528022
INTS10,0.131341565
ATP6V1B2,0.351695845
DOK2,0.045185078
XPO7,0.181534196
DMTN,0.171845499
FAM160B2,0.072296125
NUDT18,0.060736581
HR,0.076524545
REEP4,0.305736233
BMP1,0.11025445
PHYHIP,0.042235437
POLR3D,0.043028044
PIWIL2,0.033390319
SLC39A14,1.202935419
PPP3CC,0.181443154
SORBS3,0.573046519
PDLIM2,0.944350226
CCAR2,0.009340487
RP11-582J16.5,0.03047294
BIN3,0.217057929
TNFRSF10B,0.105962997
TNFRSF10A,0.043793053
CHMP7,0.289548669
R3HCC1,0.096118725
ENTPD4,0.032540283
SLC25A37,0.58255579
DOCK5,0.270024078
KCTD9,0.370655854
PPP2R2A,1.035689614
BNIP3L,0.252957163
TRIM35,0.031354494
PTK2B,0.431296242
EPHX2,0.571057161
CCDC25,0.346386419
PBK,0.005565747
ZNF395,0.226945658
FZD3,0.079443859
INTS9,0.009340487
HMBOX1,0.38050034
KIF13B,0.777555251
TMEM66,1.120735594
LEPROTL1,0.53394694
RP11-51J9.5,0.155625771
DCTN6,0.411533334
RBPMS,0.008282534
GTF2E2,0.219980371
GSR,0.463729617
PPP2CB,1.1392038
WRN,0.047210203
FUT10,0.028386074
MAK16,0.154937889
RP11-150O12.3,0.118731003
ZNF703,0.450636501
ERLIN2,0.060468319
PROSC,0.425784925
BRF2,0.140831557
RAB11FIP1,3.188624498
EIF4EBP1,0.388002165
ASH2L,0.262960462
LSM1,0.666270894
BAG4,0.352834164
PPAPDC1B,0.391369724
WHSC1L1,0.421821578
RP11-350N15.5,0.038514581
FGFR1,0.039177584
TACC1,0.315242017
PLEKHA2,0.087202359
TM2D2,0.120732034
ADAM9,0.420804366
IDO1,0.167672703
C8orf4,0.437256427
GOLGA7,0.22694568
AGPAT6,0.260591833
KAT6A,0.116704325
RP11-231D20.2,0.008469523
IKBKB,0.295336591
POLB,0.016726436
VDAC3,1.551967357
SLC20A2,0.48462273
SMIM19,0.438838614
THAP1,0.053691492
RNF170,0.109266777
HOOK3,0.107724372
FNTA,0.263195263
HGSNAT,0.551739756
SPIDR,0.250280979
CEBPD,0.987445194
PRKDC,0.184436119
MCM4,0.079423546
UBE2V2,0.325665332
PCMTD1,0.344826199
AC090186.1,0.005565747
RP11-110G21.1,0.025807351
RB1CC1,0.765905783
ATP6V1H,0.202707936
TCEA1,1.019634133
LYPLA1,0.842433651
MRPL15,0.500918221
TMEM68,0.167346992
TGS1,0.322741169
LYN,0.22150915
RPS20,8.596473111
CHCHD7,0.536780271
SDR16C5,0.160475564
IMPAD1,0.170167576
UBXN2B,0.044670542
SDCBP,2.009569595
NSMAF,0.097395894
RP11-25K19.1,0.041644456
CA8,0.065618657
RAB2A,2.554394666
CHD7,0.237125024
ASPH,0.346447716
GGH,0.192543417
TTPA,0.020241604
YTHDF3,0.236791546
ARMC1,0.202188694
MTFR1,0.101538885
PDE7A,0.020019218
RRS1,0.111787339
ADHFE1,0.009563594
VCPIP1,0.061689044
C8orf44,0.085785765
COPS5,0.573383349
CSPP1,0.044172345
ARFGEF1,0.325523332
CPA6,0.055495743
NCOA2,0.281797901
TRAM1,1.068733163
LACTB2,0.124914562
XKR9,0.011131494
TRPA1,0.042235437
TERF1,0.110840635
RPL7,14.02348296
RDH10,0.009340487
STAU2,0.310144211
UBE2W,0.314866989
TCEB1,0.857146255
TMEM70,0.427163263
JPH1,0.029921486
CASC9,0.023598864
HNF4G,0.348186195
PEX2,0.38130176
PKIA,0.020856275
ZC2HC1A,0.005987909
IL7,0.086662868
HEY1,0.240296428
MRPS28,0.320281467
TPD52,3.856189741
ZBTB10,0.535393347
RP11-48B3.4,0.017607122
ZNF704,0.217756662
PAG1,0.893132317
FABP5,6.584646841
FABP4,0.206799639
IMPA1,1.996345271
SLC10A5,0.053549869
ZFAND1,0.260448729
CHMP4C,0.410228732
SNX16,0.015000076
LRRCC1,0.040471571
E2F5,0.094917904
C8orf59,0.631426892
CA13,0.368151992
CA1,5.556733028
RP11-317J10.2,0.108813347
CA2,16.31668036
WWP1,0.390317927
RMDN1,0.284797199
CPNE3,0.484110117
RIPK2,0.005987909
OSGIN2,0.057443098
NBN,0.182177923
DECR1,1.9737408
GS1-251I9.4,0.624022343
OTUD6B,0.005565747
TRIQK,0.202372044
RBM12B,0.244415312
PDP1,0.10393007
CDH17,5.085774008
KIAA1429,0.095643648
RP11-22C11.2,0.173795423
ESRP1,0.360014223
DPY19L4,0.134581821
INTS8,0.118094087
CCNE2,0.067593064
NDUFAF6,0.295518541
TP53INP1,1.442869009
PLEKHF2,0.658870296
UQCRB,7.18881609
MTERFD1,0.005565747
PTDSS1,0.10565643
CPQ,0.058223172
MTDH,1.775454136
LAPTM4B,0.358037017
RPL30,15.47948013
C8orf47,0.080510112
HRSP12,0.175548902
POP1,0.025670041
NIPAL2,0.373494589
STK3,0.143546247
OSR2,0.038139989
VPS13B,0.126996666
COX6C,10.37230021
POLR2K,0.884136383
SPAG1,0.174313282
RNF19A,0.866170991
ANKRD46,0.078319197
PABPC1,4.599048126
YWHAZ,5.716056905
ZNF706,1.969558036
GRHL2,0.072861733
RRM2B,0.185274789
KB-431C1.4,0.064092862
UBR5,0.589945945
KLF10,0.450401812
AZIN1,0.474985045
ATP6V1C1,0.107872755
RP11-318M2.2,0.006530553
FZD6,0.015551503
DCAF13,0.120437254
LRP12,0.043705736
OXR1,0.344111302
EIF3E,2.60578751
EMC2,0.28438423
NUDCD1,0.090726209
ENY2,1.903327333
EBAG9,0.301896343
SYBU,0.006530553
EIF3H,1.892584566
UTP23,0.085353595
RAD21,1.35215404
MED30,0.453213367
EXT1,0.210882582
SAMD12,0.228673761
MAL2,2.169291593
NOV,0.099705285
TAF2,0.094834083
MRPL13,1.164063266
SNTB1,0.028711127
RP11-44N11.3,0.059326056
ZHX2,0.103339947
DERL1,0.41916368
TBC1D31,0.010401411
C8orf76,0.325141348
ZHX1,0.33754013
ATAD2,0.140906845
WDYHV1,0.056705752
FBXO32,0.310742384
ANXA13,0.006530553
FAM91A1,0.536337072
RP11-383J24.6,0.041625042
TRMT12,0.005987909
RNF139,0.129230783
TATDN1,0.319127836
RP11-158K1.3,0.053177912
NDUFB9,2.661294245
MTSS1,0.110063176
SQLE,0.016565068
KIAA0196,0.070830282
NSMCE2,0.159443885
TRIB1,0.741817969
FAM84B,0.209727367
CASC8,0.019139489
MYC,0.060892426
FAM49B,0.586318098
EFR3A,0.289770485
LRRC6,0.017607122
PHF20L1,0.700526386
TG,0.005565747
NDRG1,2.280427808
AC083843.1,0.033390319
TRAPPC9,0.098270481
CTA-204B4.2,0.093334574
CHRAC1,0.139589998
CASC7,0.12788396
AGO2,0.041644456
PTK2,0.228072576
DENND3,0.047070184
RP11-809O17.1,0.008282534
SLC45A4,0.051799031
LY6K,0.118731003
THEM6,0.042235437
GLI4,0.180058424
TOP1MT,0.010401411
ZC3H3,0.005565747
GSDMD,1.122295143
MROH6,0.093852536
NAPRT1,1.791207061
EEF1D,4.477130757
TIGD5,0.038139989
RP11-661A12.14,0.006530553
TSTA3,0.821209919
FAM83H,0.385388276
FAM83H-AS1,0.056833682
PUF60,0.706745023
EPPK1,0.008469523
PLEC,1.334744835
PARP10,0.095697443
GRINA,0.469409198
OPLAH,0.005565747
EXOSC4,0.18249125
GPAA1,0.694862979
CYC1,2.560352965
SHARPIN,0.348448803
MAF1,0.246250389
KIAA1875,0.042235437
MROH1,0.135834479
SCXA,0.038156193
HSF1,0.523583193
GS1-393G12.12,0.07801024
DGAT1,1.081845618
SLC52A2,0.129491076
FBXL6,0.114612596
ADCK5,0.085927536
CPSF1,0.127721359
SLC39A4,0.571965809
VPS28,3.331942791
TONSL,0.113036784
CYHR1,0.197399114
KIFC2,0.227680216
FOXH1,0.034714508
PPP1R16A,0.784036548
GPT,0.810826205
MFSD3,0.17612757
LRRC14,0.009340487
C8orf82,0.156377897
ZNF34,0.006530553
RPL8,22.42551392
ZNF7,0.036078535
COMMD5,0.221638234
ZNF16,0.011442485
C8orf33,0.324967769
CBWD1,0.083128753
KANK1,0.104068767
DMRT2,0.039177584
SMARCA2,0.497717775
KIAA0020,0.267443995
RFX3,0.010401411
GLIS3,0.13968987
SLC1A1,0.008282534
SPATA6L,0.042235437
PPAPDC2,0.083202361
RP11-6J24.6,0.013068752
CDC37L1,0.141878126
AK3,0.631217242
RCL1,0.043935199
JAK2,0.4035004
PLGRKT,0.802124876
KIAA1432,0.17997179
ERMP1,0.234407111
KIAA2026,0.152651429
RANBP6,0.202163486
UHRF2,0.155792104
RP11-390F4.3,0.077639752
KDM4C,0.020856275
TMEM261,1.350156478
PTPRD,0.264344524
RP11-75C9.1,0.029623661
LURAP1L,0.267699522
NFIB,0.136401362
ZDHHC21,0.52781627
TTC39B,1.923335606
SNAPC3,0.831351802
PSIP1,0.228009596
RRAGA,0.357790468
HAUS6,0.166021885
PLIN2,0.320342662
DENND4C,0.248750525
RPS6,29.06193738
MLLT3,0.2202974
FOCAD,0.039995764
PTPLAD2,0.009563594
KLHL9,0.139073403
MTAP,0.049950067
CDKN2A,0.008469523
CDKN2B-AS1,1.372371606
CDKN2B,0.572640141
TUSC1,0.009340487
CAAP1,0.428239535
PLAA,0.262045445
IFT74,0.163360502
LRRC19,0.720126019
MOB3B,0.382914177
C9orf72,0.049799874
ACO1,0.303523683
DDX58,0.389283939
TOPORS,0.65634037
TOPORS-AS1,0.038781681
NDUFB6,0.858259046
APTX,0.128972683
DNAJA1,3.04196516
SMU1,0.37505478
B4GALT1,2.077671225
RP11-326F20.5,0.235749086
SPINK4,0.706345349
BAG1,1.224032048
CHMP5,1.796331004
NFX1,0.141230804
PRSS3,2.928833458
UBE2R2,0.852021473
UBAP2,0.318747638
DCAF12,0.219404586
UBAP1,0.265406663
NUDT2,0.526761018
KIAA1161,0.380892083
RPP25L,0.450892194
DCTN3,1.080889595
SIGMAR1,0.128493318
GALT,0.266197973
IL11RA,0.024898414
RP11-195F19.5,0.019139489
VCP,0.635402531
PIGO,0.205051237
STOML2,0.717337708
FAM214B,0.361538224
UNC13B,0.006530553
TESK1,0.115253726
CCDC107,0.858023612
TLN1,0.398223728
CREB3,0.151379754
GBA2,0.347945112
RGP1,0.091602139
HINT2,1.280392655
TMEM8B,0.020019218
FAM221B,0.029921486
HRCT1,2.421250092
LINC00961,0.017607122
GLIPR2,0.020241604
CLTA,3.638645605
GNE,0.157240207
RNF38,0.042928083
MELK,0.036452039
RP11-220I1.1,0.32419342
ZCCHC7,0.097038444
GRHPR,0.396385974
ZBTB5,0.019139489
TOMM5,0.309512397
TRMT10B,0.041672853
EXOSC3,0.175763407
DCAF10,0.156724955
SLC25A51,0.078284034
SHB,0.266984861
ALDH1B1,0.027186615
ANKRD18A,0.095085958
RP11-204M4.2,0.069739036
FAM27D1,0.029370301
CBWD6,0.033095775
CBWD5,0.050415423
AL591479.1,0.005987909
PIP5K1B,0.780805432
FAM122A,0.229356158
FXN,0.149307215
TJP2,0.640317426
FAM189A2,0.029178338
PTAR1,0.332544414
SMC5,0.649380111
KLF9,0.169209788
TMEM2,0.378619195
ABHD17B,0.341841362
C9orf85,0.283783954
GDA,0.234994893
RP11-63P12.6,0.099018013
ZFAND5,0.781283771
ALDH1A1,0.326886163
ANXA1,0.060908606
TRPM6,0.160288687
C9orf40,0.167104099
C9orf41,0.047632366
NMRK1,0.127536116
OSTF1,0.952333528
PCSK5,0.065140957
RFK,1.003153111
GCNT1,0.256813638
PRUNE2,0.202713504
VPS13A,0.406319466
GNA14,0.011975818
GNAQ,0.888018078
CEP78,0.008282534
PSAT1,0.005987909
TLE4,0.973841721
TLE1,0.54437478
RASEF,0.087876805
FRMD3,0.310880434
IDNK,0.011131494
UBQLN1,0.065057282
GKAP1,0.026565223
KIF27,0.055910731
C9orf64,0.13673384
HNRNPK,2.171083486
RP11-575L7.8,0.100546976
RMI1,0.105124536
NTRK2,0.018680974
AGTPBP1,0.053075743
NAA35,0.434945452
GOLM1,3.541947624
ISCA1,0.373027691
ZCCHC6,0.464212696
DAPK1,0.053157068
CTSL,0.010401411
CDK20,0.040036534
SPIN1,0.227638582
NXNL2,0.051225309
CKS2,0.266854816
SECISBP2,0.3283332
SEMA4D,0.017243282
GADD45G,0.072053685
SYK,0.125008477
RP11-305L7.6,0.028609182
AUH,0.174152887
NFIL3,0.11913366
RP11-440G5.2,0.199298469
ROR2,0.005987909
SPTLC1,0.081239093
IARS,0.100354168
NOL8,0.13155132
CENPP,0.03830361
IPPK,0.024611335
BICD2,0.006530553
C9orf89,0.280813666
NINJ1,0.05080574
WNK2,0.159616886
FAM120AOS,0.678822839
FAM120A,1.11091071
PHF2,0.019049014
ZNF169,0.135076724
HIATL1,0.139531999
FBP1,0.092108539
C9orf3,0.105863399
FANCC,0.020241604
ERCC6L2,0.2608195
SLC35D2,0.108820159
CDC14B,0.084170304
ZNF782,0.019045588
RP11-498P14.3,0.047480476
CCDC180,0.005565747
TDRD7,0.127642952
TSTD2,0.118731003
NCBP1,0.182545294
XPA,0.224335966
C9orf156,0.088784624
ANP32B,1.224828319
NANS,2.218508579
TRIM14,0.366763458
CORO2A,0.110444678
TBC1D2,0.113329939
ANKS6,0.307559381
GALNT12,0.108051045
TGFBR1,0.114886071
ALG2,0.191409957
SEC61B,2.951926955
STX17,0.145644288
ERP44,1.009285372
MSANTD3,0.009340487
MRPL50,0.337401491
ZNF189,0.100562787
ALDOB,0.104254359
TMEM246,0.290564078
RNF20,0.016931964
SMC2,0.079365079
NIPSNAP3A,0.50214751
ABCA1,0.258904494
SLC44A1,1.264215597
FSD1L,0.036382771
TMEM38B,0.42655921
ZNF462,0.034348005
RAD23B,0.838084581
KLF4,2.152425428
IKBKAP,0.027333375
FAM206A,0.026860925
CTNNAL1,0.005565747
TMEM245,0.18391776
EPB41L4B,1.121986109
PTPN3,0.089434622
C9orf152,0.401313413
TXN,10.18377302
LPAR1,0.242880223
KIAA0368,0.54853776
PTGR1,0.588011369
DNAJC25,0.005987909
GNG10,0.018367767
UGCG,0.550501574
SUSD1,0.099930498
PTBP3,0.962697237
HSDL2,0.154704017
KIAA1958,0.020549071
INIP,0.149844955
SNX30,0.283276092
FKBP15,0.244397729
SLC31A1,0.25680989
CDC26,0.467431992
PRPF4,0.302927279
WDR31,0.005987909
BSPRY,0.130534114
HDHD3,1.043127427
ALAD,0.349469335
POLE3,0.212185649
RGS3,0.216325472
KIF12,0.017607122
AKNA,0.155477613
ATP6V1G1,1.537913593
TRIM32,0.04114549
RP11-388N2.1,0.051141537
TLR4,0.13091747
CDK5RAP2,0.209621794
MEGF9,0.196917269
FBXW2,0.539521862
PSMD5,0.121284375
PSMD5-AS1,0.059955542
CNTRL,0.145223752
RAB14,1.314276524
GSN,3.624891067
STOM,0.008282534
DAB2IP,0.189681441
NDUFA8,1.126847597
RBM18,0.226999544
MRRF,0.173390064
PDCL,0.183523919
RC3H2,0.379647704
ZBTB6,0.062220247
ZBTB26,0.114734904
RABGAP1,0.229880687
STRBP,0.348354065
DENND1A,0.103532357
NEK6,0.12000703
PSMB7,1.059745384
NR6A1,0.116920293
RPL35,14.44267112
ARPC5L,0.939898855
SCAI,0.029921486
PPP6C,0.18831611
RABEPK,0.024671854
HSPA5,2.105482718
GAPVD1,0.076492462
MAPKAP1,0.145815655
PBX3,0.12919991
MVB12B,0.028893429
ZBTB43,0.116329151
ZBTB34,0.05195779
RALGPS1,0.279244347
SLC2A8,0.022292183
ZNF79,0.029921486
RPL12,18.09428505
LRSAM1,0.278334307
FAM129B,0.73080563
PTRH1,0.030454303
TOR2A,0.046823575
CDK9,0.017243282
FPGS,0.02865489
ENG,0.019139489
AK1,0.684066063
ST6GALNAC6,1.288902799
ST6GALNAC4,0.104219277
DPM2,0.209679771
FAM102A,0.379706795
SLC25A25,0.104622278
RP11-395P17.11,0.25609789
RP11-395P17.3,0.110131371
PTGES2,0.182532106
LCN2,1.683027127
C9orf16,1.34702278
CIZ1,0.112241803
GOLGA2,0.574284861
SWI5,0.283223826
TRUB2,0.285841025
COQ4,1.01084581
SLC27A4,0.2271234
URM1,0.197693022
CERCAM,0.005987909
GLE1,0.15675887
SPTAN1,0.948924957
WDR34,0.18123882
SET,1.083945671
ZDHHC12,1.014793051
RP11-545E17.3,0.083699659
ZER1,0.359729449
TBC1D13,0.068120026
ENDOG,0.436850636
C9orf114,0.036201412
LRRC8A,0.413328238
SH3GLB2,0.481649758
FAM73B,0.064620398
DOLPP1,0.022082056
CRAT,0.393590473
PPP2R4,0.234009594
IER5L,0.334685603
NTMT1,0.264284103
TOR1B,0.083537724
TOR1A,0.020378833
C9orf78,0.725549937
FNBP1,0.332266237
GPR107,0.121396654
HMCN2,0.059908757
ASS1,1.105177127
FUBP3,0.119214918
EXOSC2,0.014457432
ABL1,0.10061703
FIBCD1,0.008282534
NUP214,0.294772877
PRRC2B,0.157049349
POMT1,0.261081237
UCK1,0.277157136
RAPGEF1,0.385679032
MED27,0.017846128
SETX,0.572124871
TTF1,0.481578987
DDX31,0.008282534
AK8,0.009340487
TSC1,0.038092419
GTF3C5,0.212309254
CEL,0.019045588
RALGDS,0.229581989
GBGT1,0.025712805
SURF6,0.133477581
MED22,0.023089143
RPL7A,15.96448964
SURF1,0.72630407
SURF2,0.048506057
SURF4,0.774246495
C9orf96,0.019139489
REXO4,0.114677087
CACFD1,0.152621531
SLC2A6,0.239790099
VAV2,0.212004532
BRD3,0.130242818
WDR5,0.010401411
RXRA,0.66335045
PPP1R26-AS1,0.032002048
PPP1R26,0.041951107
MRPS2,0.176714806
CAMSAP1,0.06050346
UBAC1,0.480910651
NACC2,0.086782025
C9orf69,0.231052039
DNLZ,0.005987909
SNAPC4,0.034832305
SDCCAG3,0.038139989
PMPCA,0.057095931
INPP5E,0.036331332
SEC16A,0.270250324
NOTCH1,0.056706914
EGFL7,0.005565747
AGPAT2,1.601329994
SNHG7,0.238011956
TMEM141,4.127455909
CCDC183,0.060390405
RABL6,1.266617093
PHPT1,2.298879142
MAMDC4,0.026565223
EDF1,7.344314272
TRAF2,0.082989346
FBXW5,1.417088421
C8G,0.067170272
C9orf142,0.241073372
CLIC3,0.089394839
NPDC1,0.079257269
ENTPD2,0.055336466
SAPCD2,0.077639752
UAP1L1,0.083994087
MAN1B1,0.303100359
DPP7,0.061234646
LRRC26,0.047300582
ANAPC2,0.008282534
SSNA1,1.363760528
TPRN,1.091381309
TMEM203,0.11458925
RNF208,0.017607122
TUBB4B,5.260956283
NELFB,0.246791304
TOR4A,0.195360814
NRARP,1.245410446
EXD3,0.744823705
NOXA1,0.009563594
ENTPD8,0.456608634
NSMF,0.088822511
PNPLA7,0.133744003
MRPL41,2.230313793
DPH7,0.066397276
ARRDC1,0.868815714
C9orf37,0.04042282
EHMT1,0.19528729
ZMYND11,0.255302575
PRR26,0.056791056
RP11-809C18.4,0.093689102
LARP4B,0.700719548
GTPBP4,0.114035637
IDI1,0.499191162
PFKP,0.551977546
PITRM1,0.175909629
KLF6,5.099680429
AKR1C1,0.063796811
AKR1C2,0.091200934
AKR1C3,3.205601692
TUBAL3,0.034462009
NET1,1.294283927
ASB13,0.138132515
FAM208B,0.296798659
GDI2,1.828479133
ANKRD16,0.076144218
FBXO18,0.192876456
IL2RA,0.019139489
RBM17,1.322398081
PFKFB3,0.015967158
SFMBT2,0.037736988
KIN,0.430389076
ATP5C1,3.363630353
TAF3,0.198729987
CELF2,0.099741873
USP6NL,0.269016941
UPF2,0.687435772
DHTKD1,0.2867688
SEC61A2,0.083836351
NUDT5,0.331774824
CDC123,0.315356399
CAMK1D,0.856220219
OPTN,2.225921519
PHYH,0.835679148
SEPHS1,0.108989578
BEND7,0.325455716
PRPF18,0.137980644
FAM107B,0.707017489
HSPA14,0.119117935
DCLRE1C,0.005565747
RPP38,0.376981659
NMT2,0.437620935
FAM171A1,0.1134228
FAM188A,0.090802484
PTER,0.540399113
RSU1,0.302524804
TRDMT1,0.008282534
VIM,0.009563594
PTPLA,0.005987909
STAM,0.208544239
TMEM236,0.024898414
TMEM236-ENSG00000184040,0.028471266
CACNB2,0.005565747
RP11-499P20.2,0.119889677
NSUN6,0.020856275
ARL5B,0.094126982
PLXDC2,0.311777586
NEBL,0.407760998
NEBL-AS1,0.019139489
MLLT10,0.048635327
DNAJC1,0.503514352
COMMD3,0.412198172
BMI1,0.0472386
PIP4K2A,0.198006166
MSRB2,1.342637168
OTUD1,0.253421828
KIAA1217,0.703330216
ARHGAP21,0.64206352
THNSL1,0.123007851
APBB1IP,0.044743331
PDSS1,0.285393238
ABI1,0.690754113
ANKRD26,0.235041593
YME1L1,0.907151705
ACBD5,0.171566118
RAB18,0.819942783
MPP7,0.232567685
WAC-AS1,0.442901576
WAC,0.935253197
PTCHD3P1,0.17313053
SVIL,0.15576863
MTPAP,0.112102817
MAP3K8,0.148306803
ARHGAP12,0.448967454
KIF5B,1.662886143
EPC1,1.00588039
CCDC7,0.03213097
RP11-479G22.8,0.04114549
ITGB1,2.087616417
NRP1,0.136613748
PARD3,0.23257221
CUL2,0.222103653
RP11-297A16.2,0.182215743
CREM,0.173035543
CCNY,0.226068714
NAMPTL,0.053177912
ZNF248,0.034714508
ZNF33A,0.167535822
ZNF37A,0.029370301
ZNF33B,0.415800486
BMS1,0.044540976
CSGALNACT2,0.119686464
HNRNPF,0.861357622
RP11-517P14.2,0.009340487
ZNF32,0.156482305
RASSF4,0.033390319
C10orf10,0.041915364
ZNF22,0.231460354
Mar-08,0.100865251
ZFAND4,0.020019218
FAM21C,0.373130937
GPRIN2,0.087540332
RP11-292F22.7,0.033390319
MAPK8,0.03047294
C10orf128,0.019139489
ERCC6,0.057443098
NCOA4,0.666127321
TIMM23,0.372285463
FAM21A,0.195682086
SGMS1,0.014906234
A1CF,2.350652895
PRKG1,0.288229456
CSTF2T,0.045165493
ZWINT,0.120113863
IPMK,0.280382193
CISD1,0.700139131
UBE2D1,0.551622536
TFAM,0.347953056
SLC16A9,0.251302688
CCDC6,0.585724723
ANK3,0.806578109
RP11-388P9.2,0.020856275
ARID5B,0.046647922
NRBF2,0.505238842
JMJD1C,1.503231691
REEP3,0.628192101
DNAJC12,0.100660332
SIRT1,0.078274124
HERC4,0.547424153
PBLD,0.351394134
HNRNPH3,2.105043087
RUFY2,0.131596344
SLC25A16,0.170418322
CCAR1,0.483319677
DDX50,0.103574215
DDX21,0.63147186
KIAA1279,0.159305582
SRGN,0.014270443
VPS26A,0.83465625
SUPV3L1,0.010401411
HKDC1,0.163526949
HK1,0.335108824
TSPAN15,0.486530442
C10orf35,0.050415423
RP11-242G20.1,0.135076724
H2AFY2,0.055781728
AIFM2,0.386550087
SAR1A,0.347944747
PPA1,2.645757222
LRRC20,0.013068752
EIF4EBP2,1.457502204
ADAMTS14,0.056833682
SGPL1,0.327064078
PCBD1,0.853980146
UNC5B,0.18833667
UNC5B-AS1,0.14589169
SLC29A3,0.077996955
C10orf54,0.734027853
PSAP,1.911350337
SPOCK2,0.008282534
ASCC1,0.051758086
ANAPC16,1.201320111
DDIT4,0.201951968
DNAJB12,0.380098057
MICU1,0.357664863
MCU,0.545026273
P4HA1,0.903198619
NUDT13,0.023089143
ECD,0.020549071
DNAJC9,0.091625427
MRPS16,0.819374386
ANXA7,0.567082928
PPP3CB,0.248181564
USP54,0.542400358
SEC24C,0.439581874
CHCHD1,1.304758866
ZSWIM8,0.149915201
CAMK2G,0.449496322
VCL,0.459680552
RP11-178G16.4,0.113708321
AP3M1,0.20598792
ADK,0.050745126
KAT6B,0.272443607
SAMD8,0.195785739
VDAC2,3.41591107
COMTD1,1.110532785
ZNF503-AS1,0.041342535
ZNF503,0.023089143
POLR3A,0.062826391
RPS24,21.1896724
ZMIZ1,0.507505945
PPIF,0.137919096
EIF5AL1,0.039177584
SFTPA2,0.008282534
RP11-119F19.2,0.021843897
RP11-773D16.1,0.083205499
TMEM254,0.136081969
ANXA11,3.168735635
FAM213A,0.967272741
TSPAN14,0.163171862
RP11-338I21.1,0.244293999
GHITM,2.88227477
C10orf99,6.179342445
CDHR1,0.056360118
WAPAL,0.549438335
RP11-77P6.2,0.013068752
BMPR1A,0.049470742
ADIRF,3.181285357
GLUD1,0.202933632
FAM35A,0.529667124
NUTM2A-AS1,0.151874417
LINC00863,0.005987909
MINPP1,0.038528192
PAPSS2,1.399226896
ATAD1,0.133585359
KLLN,0.274708499
PTEN,0.748224058
RNLS,0.171331825
ANKRD22,0.093967187
FAS,0.316813367
LIPA,0.066771854
IFIT2,0.054070468
IFIT3,0.384046862
IFIT1,0.162150504
IFIT5,0.051333463
PANK1,0.057322063
KIF20B,0.090695678
LINC00865,0.019139489
RPP30,0.18437962
PCGF5,0.265017289
TNKS2,0.390292489
BTAF1,0.080750018
Mar-05,0.25315244
IDE,0.097020783
MYOF,0.363508751
FFAR4,0.646511085
RBP4,0.095697443
FRA10AC1,0.127556475
SLC35G1,0.050116755
PLCE1,1.612293566
NOC3L,0.424742069
TBC1D12,0.265193186
CYP2C18,0.005565747
CYP2C9,0.017607122
PDLIM1,4.852650426
SORBS1,0.042235437
ALDH18A1,0.689452335
TCTN3,0.54279648
ENTPD1,0.056876477
CCNJ,0.081954696
BLNK,0.083205499
TM9SF3,2.151625926
PIK3AP1,0.107890537
LCOR,0.854013794
C10orf12,0.016726436
RP11-175O19.4,0.050415423
FRAT1,0.037736988
FRAT2,0.273652923
PGAM1,0.658108713
EXOSC1,0.099536379
ZDHHC16,0.075389823
MMS19,0.125371791
PI4K2A,0.027386828
AVPI1,0.450442738
MARVELD1,0.194854493
ZFYVE27,0.132190028
R3HCC1L,0.179758176
HPS1,0.552497028
GOT1,0.440407555
SLC25A28,0.141903955
ENTPD7,0.009340487
CUTC,0.109876821
COX15,0.230853691
DNMBP,0.436597732
ERLIN1,0.057859042
CHUK,0.05169608
CWF19L1,0.008282534
BLOC1S2,0.284563905
SCD,0.041604434
SEC31B,0.040996195
NDUFB8-ENSG00000166136,2.091450154
HIF1AN,0.091561518
FAM178A,0.727784651
MRPL43,0.862773982
SEMA4G,0.245347651
KAZALD1,0.296247146
BTRC,0.100546976
DPCD,0.103444169
POLL,0.115996135
FBXW4,0.313797601
NPM3,0.044910487
MGEA5,0.752564837
C10orf76,0.029623661
HPS6,0.108734766
LDB1,0.019139489
PPRC1,0.027609012
NOLC1,0.121685894
GBF1,0.270695849
NFKB2,0.094942136
FBXL15,0.392909665
CUEDC2,0.228652764
C10orf95,0.047366427
TMEM180,0.005565747
ACTR1A,0.432619059
TRIM8,0.02865489
ARL3,0.056735481
SFXN2,0.056833682
WBP1L,0.248923137
C10orf32,0.348737269
CNNM2,0.059326056
NT5C2,0.429802023
PCGF6,0.067446504
USMG5,6.021169988
PDCD11,0.165348817
NEURL1,1.201617183
SH3PXD2A,0.158715585
RP11-416N2.4,0.057603687
OBFC1,0.431596213
SLK,1.245575406
COL17A1,0.596989824
SFR1,0.026860925
GSTO1,1.11175388
GSTO2,0.138374753
XPNPEP1,0.124320682
ADD3,0.8047827
MXI1,2.318588916
SMNDC1,0.342710173
DUSP5,0.018367767
SMC3,0.505219312
RBM20,0.042235437
PDCD4-AS1,0.009563594
PDCD4,4.598553766
BBIP1,0.12390577
SHOC2,0.615470467
ADRA2A,0.552929043
GPAM,0.008469523
ACSL5,1.547485598
ZDHHC6,0.388661197
VTI1A,0.196052456
TCF7L2,2.250655542
RP11-57H14.2,0.019139489
CASP7,1.514872937
PLEKHS1,0.093456825
DCLRE1A,0.189064417
NHLRC2,0.008282534
ADRB1,0.03047294
C10orf118,1.433096054
TDRD1,0.013061105
AFAP1L2,0.110639051
ABLIM1,0.195994792
FAM160B1,0.073425752
TRUB1,0.005565747
RP11-539I5.1,0.118731003
KIAA1598,0.595349199
PDZD8,0.283058991
RAB11FIP2,0.051225309
FAM204A,0.462946114
CACUL1,0.121383919
EIF3A,1.019025957
FAM45A,0.33733404
SFXN4,0.210642573
PRDX3,0.884804178
RGS10,0.035487233
TIAL1,0.342010221
BAG3,0.185705845
INPP5F,0.020019218
MCMBP,0.188825502
SEC23IP,0.142795195
WDR11,0.276806066
FGFR2,0.280331913
ATE1,0.180739681
NSMCE4A,0.158324379
TACC2,0.402785087
PLEKHA1,0.281386443
DMBT1,5.78089821
PSTK,0.063827033
IKZF5,0.011442485
ACADSB,0.039604519
BUB3,0.851115797
OAT,0.277525582
LHPP,0.137541845
FAM53B,0.015551503
METTL10,0.177725523
FAM175B,0.117637929
ZRANB1,0.164317111
CTBP2,0.422449492
EDRF1,0.106561091
UROS,0.07784617
BCCIP,0.182961965
DHX32,0.427779692
ADAM12,0.009340487
DOCK1,0.039604519
CLRN3,1.116348515
PTPRE,0.119246852
MKI67,0.017119403
MGMT,0.679246994
GLRX3,0.382333272
PPP2R2D,0.307330292
STK32C,0.008282534
PWWP2B,0.257482373
TUBGCP2,0.327386584
ZNF511,0.237869726
PRAP1,0.726960737
FUOM,0.514090377
ECHS1,2.473395501
PAOX,0.066482289
RP11-108K14.8,0.010401411
MTG1,0.033390319
BET1L,0.130776766
RIC8A,0.498267206
SIRT3,0.070222236
PSMD13,0.550487895
IFITM2,1.849825684
IFITM1,0.066987734
IFITM3,2.384692628
PKP3,1.596366524
SIGIRR,0.460344792
ANO9,0.379739119
PTDSS2,0.032140286
RNH1,1.398886081
HRAS,0.303056341
C11orf35,0.09256524
RASSF7,1.195890027
MIR210HG,0.280416541
PHRF1,0.105952424
IRF7,0.346503198
CDHR5,5.006620305
DEAF1,0.040526995
EPS8L2,0.96908578
TMEM80,0.285105689
TALDO1,2.363286934
PDDC1,0.029921486
AP006621.5,0.029921486
PIDD,0.080478323
RPLP2,20.26496802
PNPLA2,1.127285354
EFCAB4A,0.070933866
CD151,1.187228329
POLR2L,2.965449651
RP11-1391J7.1,0.029921486
CHID1,0.177008803
AP2A2,0.19710102
MUC2,1.13864287
MUC5B,1.081809342
TOLLIP,0.292261636
MOB2,0.252369923
DUSP8,0.024898414
KRTAP5-AS1,0.020241604
CTSD,3.494015421
TNNI2,0.008282534
LSP1,0.037736988
MRPL23,1.996751405
CD81,0.426222651
TSSC4,0.553793756
KCNQ1,0.200479755
KCNQ1OT1,0.148705201
SLC22A18AS,1.035240146
SLC22A18,2.29697179
PHLDA2,3.68416845
NAP1L4,0.371634024
CARS,0.071633284
ZNF195,0.029178338
NUP98,0.059513257
PGAP2,0.041342535
RHOG,0.588205737
AC090587.5,0.008282534
STIM1,0.016726436
RRM1,0.02522158
TRIM21,0.058752612
TRIM68,0.006530553
AC015691.13,0.051108022
TRIM5,0.050415423
TRIM22,0.098008468
FAM160A2,0.397095236
PRKCDBP,0.017541565
SMPD1,0.361494371
TRIM3,0.033087971
ARFIP2,0.231873604
TIMM10B,0.085004758
DNHD1,0.020241604
RRP8,0.145793104
ILK,0.86642116
TAF10,0.861255648
TPP1,0.257827715
MRPL17,0.379703316
PPFIBP2,0.306970389
CYB5R2,0.02002318
EIF3F,1.461529558
RPL27A,20.51625425
ST5,0.260703458
AKIP1,0.056853516
TMEM9B,0.813331515
TMEM41B,0.437744104
IPO7,0.118474863
ZNF143,0.088395439
WEE1,0.074764823
SWAP70,0.216181183
SBF2,0.195393605
ADM,0.563637737
MTRNR2L8,0.743498924
RNF141,0.194380978
CTR9,0.272518748
EIF4G2,2.357842316
ZBED5,0.210335919
ZBED5-AS1,0.119337542
USP47,0.295853646
MICAL2,0.894420285
MICALCL,0.085043892
PARVA,0.097488101
TEAD1,0.379869002
ARNTL,0.098008468
BTBD10,0.132710188
FAR1,0.587193427
RRAS2,0.242513931
COPB1,0.88155447
PSMA1,1.442807622
PDE3B,0.130420793
CYP2R1,0.039815578
SOX6,0.148705201
C11orf58,0.895577308
PLEKHA7,0.022905519
RPS13,13.79641299
PIK3C2A,0.131056975
NUCB2,0.254021347
NCR3LG1,0.008469523
RP1-239B22.5,0.040284582
USH1C,1.640390115
SERGEF,0.050079987
TPH1,0.04171255
SAAL1,0.091167059
SAA4,0.008282534
SAA2,0.013848281
SAA1,0.086518623
HPS5,0.190915194
GTF2H1,0.153571512
LDHA,5.212136214
LDHC,0.033616609
TSG101,0.630835771
UEVLD,0.330370885
SPTY2D1,0.368625853
IGSF22,0.075133857
ZDHHC13,0.244869217
HTATIP2,1.18718489
ANO5,0.100660332
FANCF,0.167882448
SVIP,0.580102867
LUZP2,0.295180193
CCDC34,0.326631878
LGR4,0.247782813
LIN7C,0.28236023
BDNF-AS,0.093689102
METTL15,0.134778827
ARL14EP,0.223322649
DNAJC24,0.097212528
IMMP1L,0.09183247
ELP4,0.008469523
RCN1,0.176315103
EIF3M,1.129735039
PRRG4,0.266531935
QSER1,0.337663166
CSTF3,0.095173558
HIPK3,0.531170132
CD59,2.024230558
FBXO3,0.265220714
LMO2,0.020241604
CAPRIN1,0.472336009
CAT,0.845593686
EHF,0.47938291
APIP,0.428222671
PDHX,0.118879185
CD44,0.243696231
TRIM44,0.211256188
COMMD9,0.184890519
PRR5L,1.121082126
TRAF6,0.188249435
RAG1,0.026974536
C11orf74,0.046477232
API5,0.244029667
TTC17,0.273359873
HSD17B12,0.676765159
ALKBH3,0.187746664
ACCS,0.146992401
EXT2,0.164275201
CD82,0.200070232
TP53I11,0.169731159
SYT13,0.047366427
CTD-2210P24.4,0.009563594
SLC35C1,0.494200045
CRY2,0.243387899
PEX16,0.21217419
PHF21A,0.038139989
CREB3L1,0.691302676
DGKZ,0.292054998
MDK,4.695265721
AMBRA1,0.026990845
HARBI1,0.029921486
ATG13,0.046711238
ARHGAP1,0.1542855
ZNF408,0.056705752
CKAP5,0.119936809
LRP4,0.205492717
C11orf49,0.194392819
ARFGAP2,0.311901464
DDB2,0.005565747
ACP2,0.143933779
NR1H3,0.028703083
MADD,0.184389503
SLC39A13,0.009340487
PSMC3,0.869436367
CELF1,0.614125134
NDUFS3,1.621162939
PTPMT1,0.152378654
KBTBD4,0.056833682
MTCH2,0.936620378
FNBP4,0.626677741
PTPRJ,0.317263768
FOLH1,0.165343915
TNKS1BP1,0.112370215
SSRP1,0.178132415
SLC43A1,0.020802823
TIMM10,0.361072406
UBE2L6,0.187347852
CLP1,0.100400288
ZDHHC5,0.216854564
MED19,0.390216736
TMX2,0.485137376
C11orf31,1.718490138
CTNND1,1.812235345
ZFP91,0.107464148
AP001258.4,0.008282534
FAM111A,0.390700609
DTX4,0.331969582
OSBP,0.315373709
PATL1,0.17811205
STX3,0.564319116
MRPL16,0.691371819
TCN1,0.022171769
MS4A8,0.419017626
CCDC86,0.024705236
PRPF19,0.130341158
TMEM109,0.040609809
TMEM132A,0.029921486
CD5,0.009563594
VPS37C,0.122193978
DDB1,0.178929887
DAK,0.149358197
CYB561A3,0.378498556
TMEM138,0.102872216
CPSF7,0.110196085
SDHAF2,0.443354647
SYT7,0.05583847
DAGLA,0.034714508
MYRF,0.126711551
TMEM258,1.981970727
FEN1,0.005987909
BEST1,0.020019218
FTH1,127.5311056
AP003733.1,0.017243282
SCGB2A1,0.120407388
SCGB1D2,0.055114638
ASRGL1,0.121965133
AHNAK,2.280037635
EEF1G,0.04939348
TUT1,0.04114549
MTA2,0.032002048
EML3,0.029178338
B3GAT3,0.300288848
GANAB,0.277111173
INTS5,0.017846128
C11orf48,0.776624218
METTL12,0.268369682
C11orf83,0.739861745
UBXN1,1.597099864
HNRNPUL2,0.533762768
TTC9C,0.159664538
POLR2G,0.759436561
TAF6L,0.010401411
TMEM223,0.075962672
RP11-727F15.12,0.005987909
TMEM179B,1.385343927
NXF1,0.05169608
STX5,0.101675319
RP11-727F15.9,0.011553656
WDR74,0.080983036
SLC3A2,0.375893475
RARRES3,2.523536022
HRASLS2,0.220635496
PLA2G16,0.206713872
ATL3,0.198915823
RTN3,0.913332394
MARK2,0.637629498
NAA40,0.039158707
COX8A,6.808220417
OTUB1,0.792714866
MACROD1,0.17084262
STIP1,0.603006404
FERMT3,0.118341078
TRPT1,0.309341412
NUDT22,0.45802104
DNAJC4,0.104506658
VEGFB,0.057150622
FKBP2,2.453455674
PPP1R14B,1.00540409
RP11-783K16.5,0.065458562
PLCB3,0.217600412
BAD,0.573727558
GPR137,0.130141141
ESRRA,0.896959592
TRMT112,0.582739463
PRDX5,4.167138753
CCDC88B,0.120395201
RPS6KA4,0.153835959
SF1,0.972375669
AP001462.6,0.011442485
MAP4K2,0.009563594
CDC42BPG,0.07393165
EHD1,0.168903293
RP11-665N17.4,0.813948744
MIR194-2,0.029921486
ATG2A,0.140977444
BATF2,0.089571432
ARL2,0.514670177
SAC3D1,0.025712805
NAALADL1,0.050894439
ZFPL1,0.216448133
VPS51,1.104944611
AP003068.9,0.008469523
TM7SF2,0.268570308
ZNHIT2,0.03830361
FAU,16.92117819
SYVN1,0.043541692
MRPL49,0.044691073
AP003068.23,0.008282534
CAPN1,0.812674892
CDC42EP2,0.100546976
DPF2,0.033390319
SLC25A45,0.005565747
FRMD8,0.133687975
NEAT1,37.42324916
AP000769.1,0.013068752
MALAT1,466.7924455
SCYL1,0.296291668
LTBP3,0.020019218
SSSCA1-AS1,0.009340487
SSSCA1,0.324781743
FAM89B,0.166892679
EHBP1L1,0.524090055
MAP3K11,1.124251777
PCNXL3,0.045508058
RELA,0.338992153
KAT5,0.166287748
RNASEH2C,0.267702822
AP5B1,0.028008533
OVOL1,0.253444382
CFL1,21.69156774
MUS81,0.08988366
FIBP,0.398364973
CCDC85B,0.131957478
C11orf68,0.150674692
DRAP1,0.892534426
SART1,0.222219571
EIF1AD,0.039261973
BANF1,0.932896404
SF3B2,1.043313627
RP11-755F10.1,0.038769307
KLC2,0.167472733
RAB1B,1.174676862
RP11-867G23.4,0.013068752
CNIH2,0.111607143
YIF1A,0.610598575
RIN1,0.077338825
BRMS1,0.352407313
B3GNT1,0.053177912
RP11-867G23.8,0.047366427
SLC29A2,0.008282534
MRPL11,0.467573952
CTD-3074O7.5,0.046531634
DPP3,0.20912251
ZDHHC24,0.243345577
CCS,0.169833026
RBM14,0.48422879
RBM4,0.179076932
RBM4B,0.174010618
C11orf80,0.074728129
RCE1,0.0856743
PC,0.021351286
LRFN4,0.234108688
C11orf86,0.747848246
RHOD,0.084766358
KDM2A,0.28287057
ADRBK1,0.337359061
ANKRD13D,0.09811617
SSH3,0.142022817
POLD4,4.728826927
CLCF1,0.013068752
RAD9A,0.248211399
PPP1CA,1.60599089
RPS6KB2,0.53147841
PTPRCAP,0.005987909
CORO1B,2.016424874
TMEM134,0.778318962
AIP,0.182529038
PITPNM1,0.063955544
CDK2AP2,0.794162118
GSTP1,6.015639616
NDUFV1,1.128927512
NUDT8,0.195200007
TBX10,0.015129341
ACY3,0.195056167
RP11-119D9.1,0.038769307
UNC93B1,0.067868352
ALDH3B1,0.008282534
NDUFS8,1.668066202
TCIRG1,0.531736541
CHKA,0.218081403
SUV420H1,0.660394415
C11orf24,0.211547394
LRP5,0.183243708
PPP6R3,0.323700863
CPT1A,0.75051454
MRPL21,0.66017345
IGHMBP2,0.039287191
MYEOV,0.097280533
CCND1,0.568467857
ORAOV1,0.090041678
FADD,0.151387279
PPFIA1,0.659667678
CTTN,1.425664832
DHCR7,0.005987909
RP11-660L16.2,0.035909395
NADSYN1,0.80849217
FAM86C1,0.005987909
RNF121,0.547116765
NUMA1,0.434452627
LRTOMT,0.067024341
LAMTOR1,1.490815067
ANAPC15,0.579489132
INPPL1,0.095246873
CLPB,0.010401411
ARAP1,0.057867944
STARD10,3.038553537
ATG16L2,0.326204003
RAB6A,0.518623798
MRPL48,0.357606832
COA4,0.660069424
UCP2,0.228653837
C2CD3,0.165343915
PPME1,0.087497449
PGM2L1,0.059340437
KCNE3,0.08537213
LIPT2,0.020241604
AP001372.2,0.005987909
POLD3,0.382853286
RNF169,0.154012366
SPCS2,1.259710852
SLCO2B1,0.277859221
ARRB1,0.268912047
RPS3,21.67826279
KLHL35,0.008469523
SERPINH1,0.177390422
MOGAT2,0.179531844
UVRAG,0.071991954
WNT11,0.038278977
PRKRIR,0.185564032
RP11-111M22.3,0.05583847
C11orf30,0.071759771
LRRC32,0.05583847
TSKU,0.137210772
RP11-21L23.3,0.017662047
ACER3,0.821733202
CTD-2547H18.1,0.026974536
B3GNT6,0.144652148
CAPN5,1.307319897
PAK1,0.202867357
CLNS1A,0.303480105
AQP11,0.069389778
RSF1,0.596306402
AAMDC,0.695524174
KCTD14,0.014457432
NDUFC2,1.889840704
ALG8,0.021955068
KCTD21,0.041644456
NARS2,0.101759043
PRCP,0.005565747
RAB30,0.037736988
RAB30-AS1,0.533890359
PCF11,0.469333935
RP11-727A23.11,0.056833682
CCDC90B,0.283622003
DLG2,0.008469523
TMEM126B,0.45501175
TMEM126A,0.157305953
CREBZF,0.098032293
SYTL2,0.235663269
PICALM,0.86179542
EED,0.151429366
C11orf73,0.207836959
ME3,0.060944254
PRSS23,0.833428039
TMEM135,0.222188877
CTSC,0.835653373
CHORDC1,0.331275167
SLC36A4,0.009563594
SMCO4,0.593085979
KIAA1731,0.130661956
TAF1D,0.521732383
C11orf54,0.588745896
MED17,0.463051397
VSTM5,0.017607122
MRE11A,0.080220768
ANKRD49,0.216718166
FUT4,0.101635748
CWC15,0.606260487
ENDOD1,0.548004754
SESN3,0.180338363
FAM76B,0.082827534
CEP57,0.136888616
MTMR2,0.140628958
MAML2,0.376952163
CCDC82,0.100760693
JRKL,0.186589323
ARHGAP42,0.479556986
TMEM133,0.019045588
KIAA1377,0.097881355
YAP1,0.128772333
BIRC3,1.168442067
BIRC2,0.721281682
TMEM123,0.262485617
DCUN1D5,0.110812818
DYNC2H1,0.008469523
CASP4,0.008282534
CASP5,0.594278569
CASP1,1.017010627
CARD16,3.637975683
MSANTD4,0.032526672
KBTBD3,0.047933046
AASDHPPT,0.416114952
CWF19L2,0.311197495
ALKBH8,0.044687545
SLC35F2,0.015328396
CUL5,0.270730203
ACAT1,0.811879319
NPAT,0.226081629
ATM,0.284419178
EXPH5,0.14008571
ZC3H12C,0.217392035
RDX,0.12596348
FDX1,0.519309159
COLCA1,0.068485967
COLCA2,0.064714184
SIK2,0.151566452
PPP2R1B,0.090616145
FDXACB1,0.037736988
C11orf1,0.34270915
DLAT,0.106766871
C11orf57,0.151275221
TIMM8B,1.651880702
SDHD,0.895545583
IL18,1.837361199
PTS,0.727726356
TTC12,0.164430413
ZW10,0.084758472
USP28,0.035570722
C11orf71,0.056945976
RBM7,0.090178184
REXO2,0.485639278
NXPE1,1.531489134
NXPE4,0.347715186
NXPE2,0.078371644
ZNF259,0.108805012
APOA1,0.124180409
SIK3,0.395926964
PAFAH1B2,0.66927577
SIDT2,0.118725182
TAGLN,0.005565747
PCSK7,1.203099896
RNF214,0.055495743
BACE1,0.097432772
RP11-35P15.1,0.010401411
TMPRSS4,0.674653474
AMICA1,0.067915498
MPZL2,0.170533279
CD3E,0.009340487
UBE4A,0.449370798
ATP5L,7.342202963
KMT2A,0.64227666
IFT46,0.05254589
ARCN1,0.741978984
PHLDB1,0.335442834
DDX6,0.288545202
BCL9L,0.019045588
CCDC84,0.131515257
RPS25,12.72905173
TRAPPC4,0.305339095
SLC37A4,0.008469523
HYOU1,0.108187113
HMBS,0.018683945
H2AFX,0.398589211
DPAGT1,0.249741525
C2CD2L,0.259187618
HINFP,0.161494146
NLRX1,0.435474212
PDZD3,0.996880379
CCDC153,0.05583847
CBL,0.228966534
RNF26,0.09382903
USP2,0.806143752
PVRL1,0.156482499
TRIM29,0.008282534
OAF,0.747506836
ARHGEF12,0.283628214
SC5D,0.131667951
SORL1,1.161434873
HSPA8,5.572302402
VWA5A,0.156536329
TBRG1,0.515770514
SIAE,0.420802707
SPA17,0.14775354
RP11-677M14.2,0.008469523
VSIG2,2.768275604
ESAM,0.038139989
RP11-677M14.3,0.263412434
MSANTD2,0.017243282
ROBO3,0.039604519
TMEM218,0.02111725
EI24,0.629073719
STT3A,0.248469993
HYLS1,0.017243282
PUS3,0.037652835
RPUSD4,0.058410228
FAM118B,0.103796005
SRPR,0.293621232
FOXRED1,0.195614703
DCPS,0.194751107
ST3GAL4,1.744208315
ETS1,0.005987909
SENCR,0.008282534
C11orf45,0.005565747
ARHGAP32,0.505277458
BARX2,0.3848827
TMEM45B,1.914019038
NFRKB,0.127647284
APLP2,2.736098082
ST14,1.862287412
ZBTB44,0.187116369
SNX19,0.15784518
NCAPD3,0.049611905
VPS26B,0.186482138
THYN1,0.427404064
ACAD8,0.043708955
GLB1L2,0.203909106
SLC6A12,0.051225309
KDM5A,0.486902912
B4GALNT3,0.75605992
WNK1,0.577502855
RAD52,0.077639752
ERC1,0.017243282
ADIPOR2,0.680287508
CACNA2D4,0.080038837
LINC00940,0.033616609
DCP1B,0.149454764
FKBP4,0.646932053
RP4-816N1.6,0.100546976
RP4-816N1.7,0.029921486
ITFG2,0.03820402
FOXM1,0.009563594
RHNO1,0.039957627
TULP3,0.023172869
TEAD4,0.029921486
EFCAB4B,0.108517581
PARP11,0.019045588
CCND2,0.946387308
C12orf5,0.030886229
C12orf4,0.068387338
RAD51AP1,0.043133542
DYRK4,0.087153488
NDUFA9,0.992142678
RP11-234B24.2,0.005565747
CD9,6.779543963
PLEKHG6,0.458989757
TNFRSF1A,1.061242023
SCNN1A,1.496017555
LTBR,0.60845101
CD27-AS1,0.246809166
CD27,0.103339947
TAPBPL,0.333277231
MRPL51,1.081416223
NCAPD2,0.128254035
GAPDH,24.34784473
RP5-940J5.9,0.175451129
IFFO1,0.016726436
NOP2,0.020019218
CHD4,0.356864539
LPAR5,0.047460118
ING4,0.066270508
RP4-761J14.8,0.018367767
ZNF384,0.13091747
COPS7A,0.207066004
MLF2,1.072602683
PTMS,0.967454706
USP5,0.18976483
TPI1,5.030783074
SPSB2,0.093512337
LRRC23,0.069317708
ATN1,0.131823945
C12orf57,1.34109228
PTPN6,0.074094471
EMG1,0.372747847
U47924.27,0.274480033
PHB2,0.465991678
LPCAT3,0.663755686
C1RL,0.034505539
C1RL-AS1,0.01781001
PEX5,0.057308314
CD163L1,0.051225309
APOBEC1,0.617728217
FOXJ2,0.03674661
NECAP1,0.129725314
LINC00937,0.020856275
M6PR,0.3249744
KLRG1,0.005987909
CLECL1,0.075473977
CD69,0.113210965
CLEC2B,0.057095931
CLEC12A,0.038278977
GABARAPL1,0.175297157
RP11-277P12.20,0.005987909
MAGOHB,0.065769084
STYK1,0.011553656
YBX3,1.099463623
PRR4,0.037736988
ETV6,0.360045311
BCL2L14,0.410504784
LRP6,0.219690271
MANSC1,0.057264814
DUSP16,0.381115681
CREBL2,0.189611565
CDKN1B,0.073462437
GPRC5A,1.662821605
RP11-392P7.6,0.005565747
HEBP1,0.193801207
EMP1,2.058078866
C12orf36,1.160174417
ATF7IP,0.249203148
PLBD1,0.658396424
GUCY2C,1.577278843
HIST4H4,0.137151635
H2AFJ,4.529132465
WBP11,0.33993583
ERP27,0.009563594
ARHGDIB,0.262454587
PTPRO,0.100462371
EPS8,2.174493129
STRAP,0.528164135
DERA,0.35527936
MGST1,1.715271807
PLEKHA5,0.496780606
AEBP2,0.101305207
PDE3A,0.081415114
PYROXD1,0.225024185
RECQL,0.041644456
GOLT1B,0.40235672
LDHB,0.619639922
CMAS,1.888515622
C2CD5,0.267565366
ETNK1,1.24773273
LYRM5,0.209472994
KRAS,1.120605847
BHLHE41,0.305425055
SSPN,0.121959279
ITPR2,0.128663782
ASUN,0.016939047
FGFR1OP2,0.185806349
TM7SF3,0.429420313
MED21,0.219660042
STK38L,0.300296843
ARNTL2,0.022171769
PPFIBP1,0.105587628
RP11-1060J15.4,0.008469523
REP15,0.315493004
MRPS35,0.687111609
KLHL42,0.026974536
CCDC91,0.457789355
FAR2,0.302885748
ERGIC2,0.08901314
IPO8,0.310184228
CAPRIN2,0.029178338
DDX11,0.018870935
FAM60A,0.798564128
RP11-771K4.1,0.008469523
DENND5B,0.28460059
H3F3C,0.009340487
KIAA1551,0.480424752
FGD4,0.519495622
DNM1L,0.242666401
YARS2,0.137996781
PKP2,1.276460431
ALG10,0.033616609
CPNE8,0.63760213
RP11-396F22.1,0.079365079
KIF21A,0.558000116
SLC2A13,0.244964376
GXYLT1,0.135919706
YAF2,0.325896539
PPHLN1,0.374116633
ZCRB1,0.485113757
PUS7L,0.175572585
IRAK4,0.162292079
TWF1,1.916436378
TMEM117,0.120808481
NELL2,0.149307215
LINC00938,0.194516902
ARID2,0.116938879
SCAF11,1.528608446
SLC38A1,0.373964716
SLC38A2,0.864764839
RP11-96H19.1,0.163526949
RP11-446N19.1,0.005565747
SLC38A4,0.072984978
PCED1B,0.008469523
RPAP3,0.243461206
RP1-197B17.3,0.029178338
SLC48A1,0.022292183
HDAC7,0.005565747
VDR,0.673439478
TMEM106C,1.034422857
SENP1,0.085436187
ASB8,0.415786844
KANSL2,0.248360819
CCNT1,0.209307488
ADCY6,0.504439283
RP11-579D7.4,0.068965499
DDX23,0.203315045
RND1,0.21137402
FKBP11,0.623781185
ARF3,0.855252445
PRKAG1,0.150595254
KMT2D,0.335141485
LMBR1L,0.038386985
RP11-386G11.10,0.130710962
TUBA1B,2.903134941
TUBA1A,0.033616609
TUBA1C,2.73091687
TROAP,0.083205499
DNAJC22,0.219764506
SPATS2,0.135734066
MCRS1,0.432433064
TMBIM6,5.513652411
BCDIN3D,0.199298469
RACGAP1,0.005565747
SMARCD1,0.266153019
GPD1,0.029370301
COX14,2.055031344
CERS5,0.019139489
LIMA1,4.166735096
LARP4,0.078770117
DIP2B,0.079570455
ATF1,0.34101756
METTL7A,0.557900523
SLC11A2,0.047612951
LETMD1,0.186762313
CSRNP2,0.207710196
TFCP2,0.070925348
DAZAP2,1.612404266
SMAGP,0.565785828
GALNT6,0.153005447
ACVRL1,0.540006295
ACVR1B,0.24377098
NR4A1,0.643443793
C12orf44,0.346237786
KRT7,0.03602005
KRT1,0.005987909
KRT8,49.41466162
KRT18,18.71119527
EIF4B,1.373395393
TENC1,0.020019218
SPRYD3,0.078189162
CSAD,0.048317827
ZNF740,0.104104079
ITGB7,0.020782972
RARG,0.100221355
MFSD5,0.249942263
PFDN5,5.926872157
C12orf10,0.30552922
AAAS,0.051390895
SP1,0.197958086
PRR13,5.287954134
PCBP2,1.291220464
TARBP2,0.008282534
ATF7,0.338898607
ATP5G2,4.886540113
CALCOCO1,0.188796063
SMUG1,0.28946671
CBX5,0.136084361
HNRNPA1,3.095173593
COPZ1,0.511544835
METTL7B,0.2083928
BLOC1S1,4.065891982
RDH5,0.073747669
CD63,16.10432202
RP11-644F5.11,0.020241604
SARNP,0.05598117
ORMDL2,1.526806169
DNAJC14,0.189315744
WIBG,0.355977847
DGKA,0.102460543
RAB5B,0.205399062
SUOX,0.009340487
RPS26,16.6454664
ERBB3,2.12563204
PA2G4,0.855200044
RPL41,50.15094422
RP11-603J24.5,0.032526672
MYL6B,0.342447647
MYL6,28.41336308
SMARCC2,0.06632237
RNF41,0.121403251
NABP2,0.184032494
SLC39A5,1.060163218
ANKRD52,0.101079633
COQ10A,0.026565223
CS,0.308758321
CNPY2,0.3327295
STAT2,0.469366759
SPRYD4,0.103719396
RBMS2,0.129457195
BAZ2A,0.24285912
ATP5B,5.329327523
PTGES3,2.043636516
NACA,10.24725612
MYO1A,1.001598339
STAT6,0.724078222
LRP1,0.235723014
RP11-545N8.3,0.005565747
SHMT2,0.076957689
R3HDM2,0.408948942
MARS,0.111101763
DDIT3,0.579779664
MBD6,0.489340343
DCTN2,1.057244009
PIP4K2C,0.092604436
OS9,0.788870191
TSPAN31,0.240133967
CDK4,0.260298366
Mar-09,0.026128662
METTL1,0.224335966
TSFM,0.300980794
AVIL,0.410900435
CTDSP2,0.398110242
XRCC6BP1,0.357463856
LRIG3,0.077465232
FAM19A2,0.006530553
USP15,0.452631051
MON2,0.246565046
PPM1H,0.005987909
TMEM5,0.093689102
SRGAP1,0.318703351
XPOT,0.285962686
TBK1,0.144302792
RASSF3,0.274208749
GNS,0.262314134
LEMD3,0.239457968
HMGA2,0.195154745
LLPH,0.710980437
TMBIM4-ENSG00000155957,1.81751644
GRIP1,0.095085958
CAND1,0.406343826
DYRK2,0.615056764
RP11-81H14.2,0.141076935
RAP1B,1.949636042
NUP107,0.098796984
MDM2,0.125510695
CPM,0.907174359
CPSF6,0.307631714
LYZ,2.095364548
RP11-1143G9.4,0.0467485
YEATS4,0.063896705
CCT2,0.477065724
RAB3IP,0.170908176
RP11-611E13.2,0.008282534
CNOT2,0.816168107
PTPRB,0.282456409
PTPRR,0.832903975
TSPAN8,24.45420077
ZFC3H1,0.41337376
TMEM19,0.025530752
RAB21,0.48188361
TBC1D15,0.119754689
TRHDE,0.072394808
ATXN7L3B,0.483835499
KRR1,0.225406987
PHLDA1,0.072385916
NAP1L1,0.273405982
OSBPL8,0.590237959
CSRP2,0.009340487
PAWR,1.318956144
PPP1R12A,0.886392956
CCDC59,0.413590197
TMTC2,0.009340487
C12orf29,0.141246969
CEP290,0.051225309
TMTC3,0.054228137
KITLG,0.059174484
DUSP6,0.222503533
POC1B,0.083075035
GALNT4,0.033390319
ATP2B1,1.366896203
LINC00936,0.102511488
BTG1,3.499062169
EEA1,0.374425262
NUDT4,0.96764053
UBE2N,0.858850926
MRPL42,0.3897828
SOCS2,0.260389013
CRADD,0.02683729
CCDC41,0.120765658
TMCC3,0.549403967
NDUFA12,2.358572166
NR2C1,0.292668315
FGD6,0.614885858
VEZT,0.128381967
METAP2,1.225997616
NTN4,0.03047294
SNRPF,0.858271881
LTA4H,0.151981785
ELK3,0.008469523
CDK17,0.008282534
NEDD1,0.026974536
TMPO,0.195010153
SLC25A3,5.076585735
APAF1,0.42186123
UHRF1BP1L,0.189904784
ACTR6,0.338316586
SCYL2,0.7750643
GAS2L3,0.029178338
UTP20,0.009340487
ARL1,0.548011137
CHPT1,1.335819783
GNPTAB,1.941020636
DRAM1,0.018367767
CCDC53,0.201108232
NUP37,0.054525565
PARPBP,0.019601017
HSP90B1,4.488078135
C12orf73,0.059010911
TDG,0.473232505
HCFC2,0.038139989
NFYB,0.311637721
TXNRD1,0.740792015
SLC41A2,0.390305651
C12orf45,0.074393748
KIAA1033,0.306147
APPL2,0.909493387
C12orf75,0.557455927
CKAP4,0.227284878
POLR3B,0.036452039
RIC8B,0.146715229
C12orf23,0.053382947
MTERFD3,0.064121004
CRY1,0.015551503
BTBD11,0.038369452
PWP1,0.202416605
PRDM4,0.196340872
SART3,0.298183399
ISCU,0.675181891
TMEM119,0.009563594
SELPLG,0.118317149
CORO1C,0.64714593
SSH1,0.009563594
USP30,0.070323828
USP30-AS1,0.189641767
ALKBH2,0.029077052
UNG,0.091428617
ACACB,0.042235437
KCTD10,0.086591657
UBE3B,0.192415601
MMAB,0.205069907
MVK,0.006530553
GLTP,0.519575479
TCHP,0.152617711
GIT2,0.066780639
ANKRD13A,0.288694761
IFT81,0.090130359
ATP2A2,0.92517522
ANAPC7,0.061292099
ARPC3,5.834451893
GPN3,0.13819981
FAM216A,0.010401411
VPS29,2.023734317
PPTC7,0.146004828
PPP1CC,2.036005664
FAM109A,0.180522612
SH2B3,0.088041163
ATXN2,0.245889934
BRAP,0.262272438
ACAD10,0.268795382
ALDH2,2.919322113
MAPKAPK5-AS1,0.206566547
MAPKAPK5,0.346834591
RP3-462E2.5,0.020019218
ERP29,1.756247384
NAA25,0.033616609
TRAFD1,0.250710321
HECTD4,0.269377447
RPL6,12.16640254
PTPN11,0.247556483
OAS1,1.409304709
OAS3,0.100717828
RASAL1,0.085092486
DDX54,0.327748512
RITA1,0.042101274
TPCN1,0.271849121
SLC8B1,0.153570681
SDSL,0.39424282
RBM19,0.029370301
TBX3,0.20879674
MED13L,0.381760238
C12orf49,0.289540711
HRK,0.019599305
FBXO21,0.062778966
KSR2,0.020019218
RFC5,0.023089143
WSB2,0.610204495
VSIG10,0.293493128
PEBP1,2.267906881
TAOK3,1.59738684
SUDS3,0.498873742
PRKAB1,0.228834044
RAB35,0.168149588
GCN1L1,0.290361819
RPLP0,13.74083123
PXN,0.462671266
COX6A1,5.758350585
TRIAP1,0.133515111
GATC,0.074342297
SRSF9,1.053199736
DYNLL1,8.604240251
DYNLL1-AS1,0.02328261
COQ5,0.224395143
RNF10,0.576546586
POP5,0.321188792
MLEC,1.234465769
UNC119B,0.0969881
ACADS,1.120305482
SPPL3,0.421068339
AC079602.1,0.116337259
HNF1A,0.038139989
C12orf43,0.022409239
OASL,0.084540912
P2RX4,0.488466204
CAMKK2,0.148272796
ANAPC5,0.419924459
RNF34,0.184030681
ORAI1,0.025899918
TMEM120B,0.09515525
RHOF,0.589915886
AC084018.1,0.122390666
SETD1B,0.157757587
PSMD9,0.243837902
BCL7A,0.008469523
MLXIP,1.097542303
DIABLO,0.011442485
VPS33A,0.093689102
CLIP1,0.578515136
ZCCHC8,0.400914237
RSRC2,1.5718515
DENR,0.270666209
HIP1R,0.159752524
RP11-463O12.3,0.137151635
VPS37B,0.823076646
ARL6IP4,1.799213907
MPHOSPH9,0.055407851
C12orf65,0.244790641
CDK2AP1,0.082359498
SBNO1,0.853572339
hsa-mir-8072,0.022409239
SETD8,0.218516882
RILPL2,0.008469523
SNRNP35,0.439585908
TMED2,1.075277521
DDX55,0.13804393
EIF2B1,0.257896444
GTF2H3,0.139728611
CCDC92,0.082080935
ZNF664,0.362313383
FAM101A,0.31156573
RP11-214K3.24,0.039177584
NCOR2,0.128322307
SCARB1,0.047366427
UBC,10.45894633
DHX37,0.133187004
BRI3BP,0.468868473
AACS,0.125150806
RP11-349K16.1,0.317311854
SLC15A4,0.020549071
RAN,1.452617368
SFSWAP,0.116572654
ULK1,0.201374684
PUS1,0.041516718
EP400,0.185430455
EP400NL,0.038139989
DDX51,0.055114638
NOC4L,0.205036145
FBRSL1,0.185621009
POLE,0.136871643
PXMP2,0.747148887
PGAM5,0.062518961
ANKLE2,0.359940256
GOLGA3,0.778291436
CHFR,0.308837844
ZNF605,0.181981298
ZNF84,0.056833682
ZNF140,0.011442485
ZNF891,0.010401411
ZNF268,0.032832094
MPHOSPH8,0.721679301
PSPC1,0.040812786
ZMYM5,0.245623859
ZMYM2,0.287328722
GJB2,0.222574511
CRYL1,1.243926213
IFT88,0.260489478
N6AMT2,0.011442485
XPO4,0.115162006
LATS2,0.166039218
SAP18,2.472365337
SKA3,0.014457432
MRP63,1.313569291
ZDHHC20,0.2267165
MICU2,0.41874287
MIPEP,0.301925564
C1QTNF9B-AS1,0.005565747
SPATA13,0.326646895
PARP4,0.902886238
CENPJ,0.077924775
MTMR6,0.072482643
NUPL1,0.256342855
RNF6,0.330208992
CDK8,0.065418291
USP12,0.375204142
RPL21,21.13959094
RASL11A,0.115792944
GTF3A,0.539945281
MTIF3,1.176212702
LNX2,0.143882797
POLR1D,0.903193329
ATP5EP2,0.048274382
LINC00543,0.020471981
CDX2,2.485335596
URAD,1.072945347
PAN3,0.188132242
POMP,3.463263926
SLC46A3,0.091515786
SLC7A1,0.088122609
UBL3,0.497340071
HMGB1,5.596490999
USPL1,0.10453902
HSPH1,1.420843291
FRY,0.083836351
BRCA2,0.181407217
N4BP2L1,0.005565747
N4BP2L2,1.86753566
PDS5B,0.132819356
STARD13,0.153445511
RFC3,0.038139989
RFXAP,0.080220768
SMAD9,0.009340487
ALG5,0.210278262
EXOSC8,0.107684421
SUPT20H,0.224196432
UFM1,0.680743386
PROSER1,0.138468307
NHLRC3,0.346663559
COG6,0.06139923
FOXO1,0.245229648
MRPS31,0.126820062
SLC25A15,0.010401411
ELF1,0.689379566
WBP4,0.331141904
MTRF1,0.066987241
RGCC,0.005565747
VWA8,0.028711127
DGKH,0.193853423
AKAP11,0.503278988
EPSTI1,0.269843932
DNAJC15,1.821787245
CCDC122,0.067774071
LACC1,0.092118885
SMIM2-AS1,0.1074437
SERP2,0.064142036
TSC22D1,2.082753686
NUFIP1,0.286044974
GPALPP1,0.106413299
GTF2F2,0.241584655
TPT1,38.13750261
TPT1-AS1,0.131133272
SLC25A30-AS1,0.011975818
COG3,0.219782452
ZC3H13,0.675175802
LCP1,0.005987909
KIAA0226L,0.135322769
LRCH1,0.027609012
ESD,0.560627737
SUCLA2,0.608066231
NUDT15,0.200606767
MED4,0.504488386
ITM2B,6.285648761
RB1,0.165674463
LPAR6,0.008469523
RCBTB2,0.046178285
FNDC3A,0.522957383
CDADC1,0.008282534
CAB39L,0.022905519
PHF11,0.166114084
ARL11,0.022292183
EBPL,0.507161423
KPNA3,0.039509306
SPRYD7,0.305560716
TRIM13,0.270170803
DLEU1,0.026963508
RNASEH2B,0.1793542
INTS6,0.329423913
DHRS12,0.143225997
ALG11,0.318029472
UTP14C,0.245053515
NEK3,0.19068122
VPS36,0.848037746
HNRNPA1L2,0.027737516
SUGT1,0.354821573
OLFM4,2.067815435
TDRD3,0.159082664
PCDH20,0.219080916
MZT1,0.125178886
BORA,0.02500897
DIS3,0.066517984
PIBF1,0.039261973
KLF5,4.237454525
KLF12,0.152010105
TBC1D4,0.204690521
COMMD6,1.880206899
UCHL3,0.22849331
LMO7,3.177524273
KCTD12,0.085757653
CLN5,0.201334755
FBXL3,0.118655682
MYCBP2,0.206679894
RNF219,0.080225395
RBM26,0.264097082
NDFIP2,0.540457985
SPRY2,0.249923855
TGDS,0.056833682
ABCC4,0.020241604
DNAJC3-AS1,0.051225309
DNAJC3,1.050349332
OXGR1,0.020241604
MBNL2,0.189275667
RAP2A,0.279466802
IPO5,0.222708378
FARP1,0.008282534
STK24,0.850250266
STK24-AS1,0.020241604
SLC15A1,0.016726436
DOCK9,0.041644456
UBAC2,0.263901439
TM9SF2,0.973166371
CLYBL,0.097643247
PCCA,0.434917061
TMTC4,0.023089143
TPP2,0.125574927
TEX30,0.005565747
BIVM,0.098493588
ERCC5,0.5211602
EFNB2,0.892974285
ARGLU1,1.403109464
ABHD13,0.376432104
IRS2,0.450374569
COL4A2,0.041625042
RAB20,0.066709678
CARKD,0.1018029
CARS2,0.055114638
ING1,0.358996555
ANKRD10,0.519922959
ARHGEF7,0.032002048
TUBGCP3,0.056403332
MCF2L,0.017607122
F10,0.055114638
PCID2,0.058156479
CUL4A,0.318950999
LAMP1,1.440748887
GRTP1,0.363556044
ADPRHL1,0.098493588
DCUN1D2,0.103681917
TMCO3,0.300402013
TFDP1,0.316299692
GAS6,0.543157108
CDC16,0.398568719
UPF3A,0.510980171
CHAMP1,0.03674661
TTC5,0.205203337
CCNB1IP1,0.422500739
PARP2,0.047366427
TEP1,0.268301521
OSGEP,0.54520621
APEX1,0.278671556
TMEM55B,0.06662685
PNP,0.57243921
ANG,0.385262807
RNASE6,0.018634499
RNASE1,0.391539417
METTL17,0.126113393
NDRG2,0.443928679
ARHGEF40,0.005565747
ZNF219,0.149204084
TMEM253,0.084594531
HNRNPC,1.851673528
SUPT16H,0.145319256
CHD8,0.140796171
RAB2B,0.017243282
TOX4,0.92694689
METTL3,0.071271698
DAD1,1.650100293
OXA1L,0.343365759
SLC7A7,0.053177912
MRPL52,1.770091531
MMP14,0.074168754
LRP10,1.823301141
RBM23,0.290845143
PRMT5,0.078796937
HAUS4,0.006530553
RP11-298I3.4,0.009340487
C14orf93,0.024898414
PSMB5,1.283660558
ACIN1,0.758991819
C14orf119,0.386132014
HOMEZ,0.08945508
PPP1R3E,0.165088741
BCL2L2,0.072673834
PABPN1,0.424684529
NGDN,0.432473146
RP11-66N24.4,0.039261973
ZFHX2,0.066482289
AP1G2,0.34323195
DHRS4,0.068631041
DHRS4L2,0.456502621
LRRC16B,0.042957096
PCK2,0.838392387
DCAF11,0.641529105
PSME1,4.173583287
EMC9,0.086721626
RP11-468E2.5,0.057977737
PSME2,4.31477074
IRF9,0.163526949
REC8,0.262552919
TM9SF1,0.041644456
CHMP4A,1.474005996
MDP1,0.095713858
NEDD8,2.354087092
GMPR2,0.568862083
TINF2,0.255752024
RABGGTA,0.07187413
DHRS1,0.214241287
NOP9,0.032140286
RIPK3,0.314433736
NYNRIN,0.011442485
KHNYN,0.321866217
SDR39U1,0.027386828
STXBP6,0.188616652
G2E3,0.123846263
SCFD1,0.314139853
COCH,0.06908106
STRN3,0.099253049
AP4S1,0.125401284
HECTD1,0.513721722
HEATR5A,0.032208241
RP11-176H8.1,0.019912009
DTD2,0.009340487
NUBPL,0.044952057
RP11-187E13.1,0.017607122
ARHGAP5,0.794654464
EGLN3,0.889124173
SPTSSA,0.573896712
EAPP,1.195537843
SNX6,1.506040387
CFL2,0.131109713
BAZ1A,1.035747011
RP11-73E17.2,0.008282534
SRP54,0.272415241
FAM177A1,1.575082988
PPP2R3C,0.269818549
PSMA6,0.146720278
NFKBIA,1.783833609
RALGAPA1,0.149622778
MBIP,0.336904157
MIPOL1,0.005987909
FOXA1,0.262215787
SSTR1,0.124180409
SEC23A,1.105923905
GEMIN2,0.054463424
TRAPPC6B,0.059749298
PNN,0.882314659
CTAGE5,0.086298072
FBXO33,0.321625213
C14orf28,0.023089143
KLHL28,0.03047294
FAM179B,0.248938288
PRPF39,0.257448306
FKBP3,0.643213959
MIS18BP1,0.381135567
RPS29,17.50071317
RN7SL1,0.549963474
LRR1,0.16305698
RPL36AL,8.34787825
MGAT2,0.450503597
DNAAF2,0.113431609
KLHDC2,0.403062448
NEMF,0.905426216
ARF6,1.164924159
RP11-58E21.4,0.026974536
C14orf182,0.129176335
VCPKMT,0.014270443
SOS2,0.171147772
ATP5S,0.098129378
CDKL1,0.235039808
MAP4K5,0.308237964
ATL1,0.151200116
SAV1,0.164366451
PYGL,0.015328396
TMX1,0.325706916
C14orf166,1.173321667
PTGDR,0.009563594
TXNDC16,0.008469523
ERO1L,0.590134177
RP11-841O20.2,0.11075903
PSMC6,0.747589429
STYX,0.031371676
GNPNAT1,0.147039751
CDKN3,0.036225511
CNIH1,0.921190984
GMFB,0.228163565
CGRRF1,0.151019973
GCH1,0.195388091
SOCS4,0.129419273
MAPK1IP1L,0.348903424
LGALS3,52.5471586
DLGAP5,0.011131494
FBXO34,0.571996813
ATG14,0.088929994
KTN1,3.537178809
PELI2,0.086453255
TMEM260,0.008282534
EXOC5,0.075975409
AP5M1,0.278849453
NAA30,0.274470276
ACTR10,0.473382213
PSMA3,1.07306174
RP11-349A22.5,0.322758505
ARID4A,0.523045703
TIMM9,0.218722251
KIAA0586,0.053177912
DAAM1,1.041292864
GPR135,0.032002048
L3HYPDH,0.057977737
JKAMP,0.167552358
PCNXL4,0.019139489
DHRS7,0.612530958
PPM1A,0.638817394
MNAT1,0.09484223
SLC38A6,0.067277888
TMEM30B,0.322123162
HIF1A,0.33268085
PPP2R5E,0.553929704
WDR89,0.008469523
SGPP1,0.101095367
SYNE2,0.324546964
MTHFD1,0.011442485
AKAP5,0.047190789
ZBTB1,0.089247542
HSPA2,0.037172606
PPP1R36,0.171899116
PLEKHG3,0.296413471
CHURC1,0.906871918
GPX2,5.766031091
RAB15,0.005987909
MAX,0.82169158
FUT8,0.005565747
MPP5,0.64114016
ATP6V1D,0.94553213
EIF2S1,0.222843297
PLEK2,0.07185997
PLEKHH1,0.195680242
PIGH,0.069592765
VTI1B,1.744707317
RDH11,0.149646088
ZFYVE26,0.150259107
RAD51B,0.149910753
ZFP36L1,0.39303559
ACTN1,0.091991383
DCAF5,0.09042902
EXD2,0.005565747
ERH,1.400181304
SLC39A9,0.339209925
KIAA0247,0.344386445
SRSF5,2.672827248
COX16,1.326039176
SYNJ2BP,0.334291268
MED6,0.217483506
RP6-65G23.3,0.009340487
PCNX,0.249210689
RP1-261D10.2,0.132825976
SIPA1L1,0.233595136
DPF3,0.005987909
DCAF4,0.005565747
ZFYVE1,0.09256524
RBM25,1.265710831
PSEN1,0.343259071
NUMB,0.337039518
DNAL1,0.030641292
PNMA1,0.029436072
ELMSAN1,0.56330062
RP5-1021I20.1,0.026974536
PTGR2,0.137809312
FAM161B,0.038391009
COQ6,0.129574514
ENTPD5,1.327309679
ALDH6A1,0.191765009
LIN52,0.095085958
ABCD4,0.06182638
NPC2,2.234775878
ISCA2,0.467063111
AREL1,0.020241604
FCF1,0.440502384
YLPM1,0.122253844
DLST,0.068462332
EIF2B2,0.110421303
MLH3,0.016752057
ACYP1,0.194536242
ZC2HC1C,0.008282534
NEK9,0.175561907
TMED10,2.251979682
RP11-293M10.2,0.095697443
FOS,5.733829032
JDP2,0.155811713
FLVCR2,0.102236816
TTLL5,0.026565223
C14orf1,0.100356835
IFT43,0.253495035
GPATCH2L,0.412841367
ANGEL1,0.008282534
IRF2BPL,0.082766239
CIPC,0.706308826
TMEM63C,0.046156993
GSTZ1,0.459529963
VIPAS39,0.186549432
AHSA1,0.638762666
SPTLC2,0.8435506
ALKBH1,0.005565747
SLIRP,1.623568982
SNW1,0.637242491
GTF2A1,0.091836797
STON2,0.018367767
SEL1L,0.674050706
GALC,0.136650303
SPATA7,0.156032567
PTPN21,0.094312614
ZC3H14,0.117843868
FOXN3,0.276124433
FOXN3-AS1,0.020802823
EFCAB11,0.052080651
PSMC1,0.862278363
NRDE2,0.117595052
CALM1,10.76628469
RPS6KA5,0.135357532
C14orf159,0.1124659
CCDC88C,0.22673279
SMEK1,0.723398985
TC2N,0.299289808
TRIP11,0.338594652
ATXN3,0.05577754
NDUFB1,2.739758023
CPSF2,0.433665506
RIN3,0.024898414
LGMN,0.619485312
GOLGA5,0.248944827
CHGA,0.074011311
ITPK1,0.48762575
MOAP1,0.04784712
TMEM251,0.214323479
C14orf142,0.134947917
UBR7,0.046422523
BTBD7,0.295911965
DDX24,1.247294787
IFI27L1,0.378253389
IFI27,38.69026812
IFI27L2,1.20242081
SERPINA1,0.335989355
DICER1,0.186986123
DICER1-AS1,0.057603687
CLMN,0.725870859
SYNE3,0.045059095
SNHG10,0.079212131
GLRX5,0.693614616
C14orf132,0.026860925
BDKRB2,0.06164426
ATG2B,0.120462586
GSKIP,1.879954704
RP11-872J21.3,0.059326056
PAPOLA,1.277058089
VRK1,0.03357428
SETD3,0.411808951
CCNK,0.357880877
CCDC85C,0.163480093
CYP46A1,0.009563594
EVL,0.127676891
DEGS2,0.054487293
YY1,1.010857421
SLC25A29,0.083456852
WARS,0.354707902
WDR25,0.029370301
DIO3OS,0.287733402
RP11-796G6.2,0.102216044
PPP2R5C,0.53243217
DYNC1H1,0.587015439
HSP90AA1,12.8052368
WDR20,0.315325548
MOK,0.005987909
CINP,0.335494676
ANKRD9,0.552973534
CTD-2555C10.3,0.04114549
RCOR1,0.36340809
AMN,2.700022479
CDC42BPB,0.409169954
EXOC3L4,0.276562141
TNFAIP2,0.113014689
EIF5,2.352288671
MARK3,0.408754484
CKB,49.00539366
TRMT61A,0.005987909
BAG5,0.733161327
KLC1,0.256054246
APOPT1,0.574823143
ZFYVE21,0.488436991
PPP1R13B,0.310451858
C14orf2,3.860528826
ASPG,0.176595701
INF2,0.675736385
SIVA1,1.016434879
AKT1,0.21862421
ZBTB42,0.048857406
CEP170B,0.309197941
RP11-44N21.1,0.086794521
JAG2,0.042235437
NUDT14,0.6975934
BRF1,0.032526672
BTBD6,0.30646888
PACS2,0.038570333
RP11-521B24.3,0.150060024
MTA1,0.111296224
CRIP1,0.708597883
C14orf80,0.022171769
AL928768.3,0.014270443
KIAA0125,0.103339947
CYFIP1,0.523067848
NIPA2,0.484794246
NIPA1,0.092709654
NDN,0.022714345
SNURF-ENSG00000214265,0.124180409
PWAR6,0.032002048
UBE3A,0.820096933
GABRB3,0.032526672
HERC2,0.33483541
NDNL2,0.111607143
RP11-680F8.1,0.490305741
TJP1,0.663379092
RP11-382B18.4,0.009340487
MTMR10,0.224187958
KLF13,0.482392308
FMN1,0.313966347
AVEN,0.011442485
EMC7,0.505602397
KATNBL1,0.227883198
EMC4,0.72695412
SLC12A6,0.409248468
NOP10,1.624911391
LPCAT4,0.478692587
GOLGA8A,0.027609012
AQR,0.251660805
ZNF770,0.083046117
DPH6,0.154146802
SPRED1,0.15244928
FAM98B,0.070038973
THBS1,0.333648886
RP11-37C7.3,0.009563594
EIF2AK4,0.144889303
SRP14,8.175317984
BMF,0.042235437
BUB1B,0.005565747
C15orf52,0.035985616
PHGR1,203.1986588
DISP2,0.0363409
IVD,0.398556899
BAHD1,0.079365079
C15orf57,0.148511706
RPUSD2,0.011442485
CASC5,0.033616609
RAD51,0.047366427
RMDN3,0.180824518
GCHFR,0.472764888
DNAJC17,0.054404892
PPP1R14D,2.746678151
RP11-532F12.5,0.739621174
SPINT1,2.249723934
RHOV,0.595765382
VPS18,0.282475751
DLL4,0.016939047
INO80,0.093800581
CHP1,1.868449623
NUSAP1,0.011131494
NDUFAF1,0.371598539
RTF1,1.014166597
ITPKA,0.102510087
RPAP1,0.080510112
MGA,0.008469523
MAPKBP1,0.03047294
RP11-23P13.7,0.064234327
EHD4,0.593366697
PLA2G4F,0.202654625
VPS39,0.229570854
TMEM87A,0.381796366
GANC,0.03694079
CAPN3,0.020019218
ZNF106,0.401035139
SNAP23,0.398002395
RP11-265N6.1,0.020856275
LRRC57,0.097536099
HAUS2,0.005987909
UBR1,0.103621331
TMEM62,0.166390406
CCNDBP1,0.652427606
TP53BP1,0.040996195
CKMT1B,0.822507333
CKMT1A,0.444839276
PDIA3,2.138883889
SERF2,17.30466064
HYPK,0.009340487
MFAP1,0.196143772
WDR76,0.032002048
CASC4,0.656899372
CTDSPL2,0.421381784
EIF3J-AS1,0.005565747
EIF3J,0.688079513
SPG11,0.437484342
B2M,93.50732463
TRIM69,0.460228533
SORD,0.087525173
DUOX2,0.248578241
DUOXA2,0.333802706
SHF,0.069482534
SLC28A2,0.037112527
SPATA5L1,0.005565747
C15orf48,21.10427717
RP11-519G16.5,0.017430395
RP11-519G16.3,0.005565747
SLC30A4,0.038099557
BLOC1S6,0.153954809
SQRDL,1.954435691
SEMA6D,0.150845343
DUT,0.527121552
CEP152,0.010401411
EID1,1.007170631
SECISBP2L,0.685287813
COPS2,0.337038574
GALK2,0.348850808
FAM227B,0.039057224
DTWD1,0.106564886
SLC27A2,0.310121763
USP8,0.277793956
TRPM7,0.571098338
SPPL2A,2.285299563
AP4E1,0.181305066
GLDN,0.057738603
DMXL2,0.435068153
LYSMD2,0.01983619
TMOD3,1.681625109
LEO1,0.331933034
MAPK6,0.722274888
BCL2L10,0.029623661
GNB5,0.041644456
MYO5C,0.381297943
ARPP19,0.493045126
FAM214A,0.226640039
RSL24D1,1.444790115
RAB27A,0.122813874
RP11-139H15.1,0.299628177
PIGB,0.08194709
CCPG1,1.04870218
C15orf65,0.036147721
RFX7,0.10126319
ZNF280D,0.258718312
TCF12,0.190937441
LINC00926,0.091944842
GCOM1,0.061209129
POLR2M,0.130254561
ADAM10,0.525964975
FAM63B,0.057185577
RNF111,0.039631955
SLTM,1.144224545
MYO1E,0.654699619
GCNT3,1.345254911
GTF2A2,1.470635652
BNIP2,0.249214316
ANXA2,10.92891659
NARG2,0.387754513
RP11-219B17.1,0.137151635
RORA,0.005987909
VPS13C,0.6848011
C2CD4A,0.013068752
TLN2,0.194528254
TPM1,6.119720175
RP11-244F12.3,0.301685714
LACTB,0.402879716
RPS27L,4.856641646
RAB8B,0.050716613
CA12,3.051279313
USP3,0.579551492
USP3-AS1,0.032002048
FBXL22,0.029582091
HERC1,0.195804139
DAPK2,0.358607895
FAM96A,0.230332273
SNX1,0.147238775
PPIB,2.477979151
CSNK1G1,0.113451492
KIAA0101,0.05825515
TRIP4,0.124353975
ZNF609,0.103043101
OAZ2,0.178258149
PLEKHO2,0.019139489
SPG21,0.398688736
MTFMT,0.07813345
SLC51B,0.562948654
PDCD7,0.346643106
CLPX,0.337112219
PARP16,0.043108361
DPP8,0.348450452
PTPLAD1,0.120881513
VWA9,0.008469523
RAB11A,2.086957295
MEGF11,0.125401284
DIS3L,0.008469523
TIPIN,0.006530553
MAP2K1,0.256195827
CTD-3185P2.1,0.048741178
SNAPC5,0.22471481
RPL4,3.76163937
ZWILCH,0.151195103
SMAD3,0.214439548
AAGAB,0.175912594
IQCH-AS1,0.026974536
C15orf61,0.407555963
RP11-502I4.3,0.041644456
MAP2K5,0.157761654
PIAS1,0.100449574
CALML4,0.553001606
CLN6,0.111213991
FEM1B,0.106778561
ANP32A,0.782446313
SPESP1,0.055114638
GLCE,0.019139489
PAQR5,0.12952389
RPLP1,41.81765051
RP11-279F6.1,0.009340487
TLE3,0.266193935
UACA,0.841151823
THSD4,0.033616609
MYO9A,0.123810025
SENP8,0.010401411
PKM,2.756958022
HEXA,0.496299943
RP11-1007O24.3,0.005565747
RP11-1007O24.2,0.013068752
ARIH1,0.138570346
BBS4,0.025807351
ADPGK,0.073140999
NEO1,0.849785777
NPTN,0.6580739
CD276,0.023773835
LOXL1-AS1,0.005987909
PML,0.062848083
UBL7,0.197292923
UBL7-AS1,0.047528608
ARID3B,0.066828847
CLK3,0.340191956
EDC3,0.017541565
CSK,0.503442927
ULK3,0.188875637
SCAMP2,1.15178661
MPI,0.041363392
FAM219B,0.190574328
COX5A,6.328066458
RPP25,0.080330977
PPCDC,0.123465855
C15orf39,0.180235417
COMMD4,0.735982676
NEIL1,0.029921486
MAN2C1,0.037249836
SIN3A,0.31091123
PTPN9,0.040163155
SNUPN,0.137298116
IMP3,0.603539966
SNX33,0.082080935
UBE2Q2,0.114592494
ETFA,1.739173505
SCAPER,0.037736988
RCN2,0.619084934
TSPAN3,4.593272442
PEAK1,0.733459656
HMG20A,0.065365545
LINGO1,0.083288913
TBC1D2B,0.301426946
CIB2,0.094822368
IDH3A,0.357390295
DNAJA4,0.564475362
WDR61,0.320923687
CRABP1,0.066038509
IREB2,0.444648254
PSMA4,2.532781035
MORF4L1,2.679699399
CTSH,0.076574369
TMED3,0.589938549
MTHFS,0.238531029
ST20,0.070995342
ZFAND6,0.849246109
FAH,0.074543447
ARNT2,0.009340487
ABHD17C,1.397821792
MESDC2,0.687065274
MESDC1,0.340636243
STARD5,0.114278928
EFTUD1,0.078107331
RPS17L,0.009340487
RP11-752G15.6,0.013848281
WHAMM,0.135787288
FAM103A1,0.339210423
C15orf40,0.214177847
BTBD1,0.290634172
WDR73,0.107152297
NMB,0.056886277
SEC11A,0.950963356
ZNF592,0.038942463
PDE8A,0.410188943
AKAP13,0.729454602
KLHL25,0.052008033
MRPL46,0.390602414
MRPS11,0.236780311
DET1,0.04992699
AEN,0.069631123
ISG20,1.13065407
ABHD2,0.879322377
POLG,0.104646722
RP11-217B1.2,0.044687545
RHCG,0.04114549
PEX11A,0.357436428
MESP1,0.110320321
ANPEP,1.297322043
AP3S2,0.111875869
C15orf38,0.043750823
ZNF710,0.341032246
IDH2,0.839517289
SEMA4B,0.189802564
CIB1,8.534902308
NGRN,0.039043908
ZNF774,0.109226747
IQGAP1,1.267692511
CRTC3,0.015000076
FURIN,0.628890886
MAN2A2,0.092195848
UNC45A,0.070694064
HDDC3,0.37138649
RCCD1,0.340854822
PRC1,0.052932174
SLCO3A1,0.327788499
FAM174B,0.005565747
CHD2,0.643943137
MCTP2,0.511895716
RP11-4F5.2,0.042235437
NR2F2,0.261291711
LINC00923,0.032526672
ARRDC4,0.76503679
IGF1R,0.033367938
TTC23,0.183044728
LRRC28,0.245159939
MEF2A,0.388726903
LYSMD4,0.070974336
RP11-526I2.5,0.017243282
LINS,0.45488135
ASB7,0.188521156
RP11-66B24.4,0.274751389
LRRK1,0.055114638
CHSY1,0.017607122
VIMP,2.112027191
SNRPA1,0.338950701
PCSK6,0.220528059
TM2D3,0.182689472
TARSL2,0.032978754
WASH4P,0.711839973
POLR3K,0.209998882
SNRNP25,0.718322563
RHBDF1,0.366317534
MPG,0.455249718
NPRL3,0.058401462
LUC7L,0.390594572
ITFG3,0.126940417
AXIN1,0.053654601
MRPL28,0.600044957
TMEM8A,0.551590633
NME4,0.10851916
DECR2,0.328196934
RAB11FIP3,0.05583847
CAPN15,0.296040692
PIGQ,0.09463301
RAB40C,0.122212277
WFIKKN1,0.020856275
C16orf13,0.716684204
FAM195A,1.434815448
WDR90,0.124946789
RHOT2,0.246170046
STUB1,1.064813445
JMJD8,0.127764755
WDR24,0.029370301
METRN,0.486908129
FAM173A,1.007568106
NARFL,0.17103409
MSLN,1.653328897
RPUSD1,0.123886547
CHTF18,0.03047294
LMF1,0.027079624
RP11-161M6.2,0.083836351
SOX8,0.093176838
TPSG1,0.038128195
TPSAB1,0.008282534
UBE2I,1.169510987
TSR3,0.246662081
GNPTG,0.236846639
UNKL,0.20467244
C16orf91,0.133897648
CLCN7,0.087976236
TELO2,0.019139489
IFT140,0.026974536
CRAMP1L,0.026990845
HN1L,0.063484549
MAPK8IP3,0.120549995
NME3,0.825794792
MRPS34,1.003834196
EME2,0.009563594
SPSB3,0.668503227
NUBP2,0.270374617
HAGH,0.765154952
FAHD1,0.429350904
MSRB1,0.694293994
NDUFB10,2.462036253
RPS2,24.23463919
SNHG9,0.066372567
TBL3,0.08048253
NOXO1,0.193016169
GFER,0.500261251
SYNGR3,0.009340487
ZNF598,0.226218553
NPW,0.009563594
SLC9A3R2,0.225045804
NTHL1,0.369778061
TSC2,0.297916853
PKD1,0.009340487
RAB26,0.009340487
RP11-304L19.5,0.022809029
TRAF7,0.364626166
MLST8,0.107630411
PGP,0.248153632
E4F1,0.102434209
ECI1,1.215483924
RNPS1,0.916271386
ATP6V0C,0.019139489
AMDHD2,0.25100376
PDPK1,1.014629544
RP11-20I23.13,0.010401411
KCTD5,0.28107777
SRRM2,2.840188454
TCEB2,6.933994215
ZG16B,0.332297167
PRSS22,0.011131494
FLYWCH2,0.288466481
KREMEN2,0.024898414
PKMYT1,0.080510112
LA16c-380H5.5,0.020856275
TNFRSF12A,0.40630202
HCFC1R1,0.400776055
THOC6,0.102958535
CCDC64B,0.915296547
IL32,5.19295687
RP11-473M20.9,0.019139489
ZNF205,0.033180948
RP11-473M20.14,0.129746156
ZNF213,0.083994087
CASP16,0.029370301
ZNF200,0.019139489
ZNF263,0.170953565
ZNF75A,0.327580901
ZSCAN32,0.154216212
ZNF174,0.008282534
ZNF597,0.005987909
NAA60-ENSG00000122390,0.008282534
CLUAP1,0.087116687
TRAP1,0.177244116
CREBBP,0.370489575
ADCY9,0.148505085
PAM16,0.005987909
CORO7,0.132584836
NMRAL1,0.266542127
HMOX2,0.662217459
UBALD1,0.085772608
MGRN1,0.147352525
NUDT16L1,0.491806303
ANKS3,0.034276874
ZNF500,0.035708891
SMIM22,6.31708772
ROGDI,0.048586487
GLYR1,0.305839077
UBN1,0.666205541
NAGPA,0.175540754
ALG1,0.047628695
FAM86A,0.069405135
ABAT,0.103003634
TMEM186,0.067217041
PMM2,0.319169233
CARHSP1,0.884331554
USP7,0.568485758
C16orf72,0.159723395
RP11-473I1.5,0.155327332
ATF7IP2,0.090311578
EMP2,0.935293972
TEKT5,0.100546976
NUBP1,0.15852221
CIITA,0.093689102
DEXI,0.04170388
CLEC16A,0.155984651
RMI2,0.008282534
SOCS1,0.017662047
RP11-485G7.5,0.016726436
LITAF,2.635670571
TXNDC11,0.244975394
ZC3H7A,0.149181535
RSL1D1,0.544098817
GSPT1,1.055015749
TNFRSF17,0.48145234
CPPED1,0.117007294
MKL2,0.067481948
PARN,0.233615289
BFAR,0.178359979
PLA2G10,0.520577622
NOMO1,0.020019218
NPIPA1,0.087186499
PDXDC1,0.78714226
NTAN1,0.048317827
RRN3,0.192456577
NPIPA5,0.056833682
MPV17L,0.122155563
KIAA0430,0.170343346
NDE1,0.17853173
FOPNL,0.223962268
ABCC1,0.05583847
ABCC6,0.146715229
XYLT1,0.162576976
RPS15A,17.62244367
ARL6IP1,1.610351803
SMG1,1.192301775
TMC7,0.112929256
COQ7,0.257008306
ITPRIPL2,0.69641066
RP11-626G11.3,0.019139489
SYT17,0.009563594
TMC5,1.063829465
GDE1,0.902808779
CCP110,0.051679772
C16orf62,0.19965483
KNOP1,0.26842079
IQCK,0.082989346
GP2,0.251509054
ACSM3,0.388337075
THUMPD1,0.594565333
ERI2,0.024898414
AC004381.6,0.045185078
DCUN1D3,0.016094147
TMEM159,0.227000692
ANKS4B,0.153484542
CRYM,0.145133451
METTL9,0.740262883
NPIPB4,0.029921486
UQCRC2,1.632693326
C16orf52,0.072294525
EEF2K,0.853780334
CDR2,0.118259265
NPIPB5,0.337406875
USP31,0.039158707
SCNN1B,0.032526672
COG7,0.005565747
GGA2,0.050415423
EARS2,0.021659894
UBFD1,0.093689102
NDUFAB1,1.791511383
DCTN5,0.144485685
PLK1,0.023089143
CTD-2196E14.5,0.033616609
ERN2,0.344196967
CHP2,1.97916342
PRKCB,0.193197774
RBBP6,0.47680253
TNRC6A,0.327829146
ARHGAP17,0.259566806
LCMT1,0.567867467
NSMCE1,0.451430505
IL4R,0.294918595
GTF3C1,0.078534625
KIAA0556,0.03047294
XPO6,0.351755492
NPIPB6,0.038369452
CLN3-ENSG00000188603,0.554386835
APOBR,0.62544171
NUPR1,0.302162223
CCDC101,0.138069308
SULT1A2,0.346359736
SULT1A1,1.313373529
EIF3C,0.022171769
ATXN2L,0.209033863
TUFM,1.638640672
SH2B1,0.402908538
RABEP2,0.137980621
NFATC2IP,0.373611961
SPNS1,0.374068449
SNX29P2,0.08740775
RP11-345J4.5,0.502937753
SULT1A4,0.005987909
QPRT,0.319835719
C16orf54,0.237035458
ZG16,7.282193216
KIF22,0.073978035
MAZ,0.373793634
AC009133.14,0.325521826
AC009133.12,0.029921486
MVP,3.383607382
CDIPT,0.332112275
SEZ6L2,0.142897175
KCTD13,0.151466541
TMEM219,2.00641808
TAOK2,0.337655257
HIRIP3,0.162137854
INO80E,0.079037469
FAM57B,0.022171769
ALDOA,12.0412979
PPP4C,0.934154559
YPEL3,0.794223478
GDPD3,0.201138257
MAPK3,1.474834868
CORO1A,0.047516854
BOLA2B,0.015551503
SULT1A3,0.009340487
CD2BP2,0.531221661
TBC1D10B,0.296701129
MYLPF,0.011442485
ZNF48,0.017607122
DCTPP1,1.123804049
SEPHS2,1.211382938
ZNF768,0.152852203
ZNF764,0.092652545
ZNF688,0.476528085
AC002310.7,0.083836351
ZNF689,0.039177584
PRR14,0.052083857
FBRS,0.22689849
RP11-146F11.1,0.011131494
SRCAP,0.338668774
PHKG2,0.084272402
RNF40,0.084353936
BCL7C,0.299287175
MIR4519,0.020241604
FBXL19-AS1,0.081726835
FBXL19,0.057977737
ORAI3,0.082469243
HSD3B7,0.057687327
STX4,0.552846969
ZNF646,0.005565747
VKORC1,0.332317674
BCKDK,0.10802079
KAT8,0.32019939
PRSS8,1.726115722
PRSS36,0.026974536
FUS,1.501704449
PYCARD,3.372169708
C16orf98,0.180881099
ITGAX,0.019139489
RP11-452L6.5,0.053631923
ARMC5,0.118708595
AC026471.6,0.005987909
C16orf58,0.132418099
ZNF720,0.105836325
ZNF267,0.045140018
VPS35,1.370473707
ORC6,0.097901003
C16orf87,0.124168776
GPT2,0.157589748
DNAJA2,1.098301394
ITFG1,0.881183977
PHKB,0.389841694
LONP2,0.350051135
SIAH1,0.252690546
N4BP1,0.354614175
CNEP1R1,0.239491249
HEATR3,0.050415423
PAPD5,0.09499759
ADCY7,0.099293061
BRD7,0.482364209
CYLD,0.214631484
TOX3,0.143046542
CHD9,0.980693109
RBL2,0.414696996
AKTIP,0.146770236
RPGRIP1L,0.032526672
FTO,0.11522462
LPCAT2,0.17664821
AMFR,0.184691305
NUDT21,0.171726162
OGFOD1,0.044127898
BBS2,0.032526672
MT3,0.026229513
MT2A,37.98526306
MT1E,18.60258588
MT1M,6.61088643
MT1A,0.159708626
MT1F,3.837755613
MT1G,43.97798166
MT1H,10.0263614
MT1X,6.393270755
HERPUD1,1.296701446
NLRC5,0.187158277
CPNE2,0.439129833
FAM192A,0.195665253
RSPRY1,0.030464162
ARL2BP,0.151606763
PLLP,0.064751769
CX3CL1,0.083836351
CIAPIN1,0.164047376
COQ9,0.396749009
POLR2C,0.404014929
DOK4,0.343660347
GPR56,0.10455991
KATNB1,0.140965722
USB1,0.452511724
MMP15,0.431238184
C16orf80,0.005565747
CSNK2A2,0.221565503
CNOT1,0.709059163
SLC38A7,0.111607143
GOT2,0.297728362
TK2,0.06276062
CKLF,0.332899478
CMTM4,0.292477721
DYNC1LI2,1.233856674
NAE1,1.415988009
RP11-61A14.1,0.074764823
CA7,23.65344498
RP11-61A14.3,0.029370301
FAM96B,1.473696653
CES2,3.037425782
CES3,0.667598746
CES4A,0.0768837
CBFB,0.064234327
TRADD,0.341617875
FBXL8,0.077639752
NOL3,0.326740149
KIAA0895L,0.09366619
E2F4,0.190968446
ELMO3,0.151808922
TMEM208,1.044452748
ZDHHC1,0.0120963
HSD11B2,1.596615046
ATP6V0D1,2.089955871
CTCF,0.63204771
GFOD2,0.090987965
RANBP10,0.071546528
CENPT,0.164866764
THAP11,0.017243282
NUTF2,0.281838991
PSKH1,0.049156065
CTC-479C5.12,0.057977737
PSMB10,0.478470991
DUS2,0.011442485
DDX28,0.017846128
NFATC3,0.384701888
RP11-96D1.11,0.059501208
ESRP2,0.011553656
PLA2G15,0.009563594
SLC7A6,0.04114549
SLC7A6OS,0.231825141
PRMT7,0.310463756
SMPD3,0.314746807
ZFP90,0.006530553
CDH1,2.679944703
CHTF8,0.387985589
CIRH1A,0.060680386
SNTB2,0.321023058
VPS4A,0.279267127
COG8,0.216500923
NIP7,0.090230206
TMED6,0.020241604
TERF2,0.32689973
CYB5B,0.972648275
NFAT5,0.358134099
NQO1,1.338555563
NOB1,0.211326204
WWP2,0.447227648
PDPR,0.026549771
EXOSC6,0.172098875
AARS,0.057901966
DDX19B,0.200990576
DDX19A,0.104200109
ST3GAL2,0.009340487
FUK,0.099821239
COG4,0.296879457
SF3B3,0.066159274
VAC14,0.018870935
CMTR2,0.03653813
ZNF19,0.044687545
RP11-432I5.2,0.135076724
MARVELD3,1.461884934
PHLPP2,1.106533138
AP1G1,0.351757003
ATXN1L,0.066043905
IST1,1.07560545
ZNF821,0.313738465
DHODH,0.014457432
DHX38,0.194121646
ZFHX3,0.161007429
PSMD7,1.215304366
AC009120.6,0.086075859
NPIPB15,0.310790178
RP11-252A24.7,0.114651644
GLG1,0.438815155
RFWD3,0.186349995
MLKL,0.005565747
FA2H,0.531344771
ZNRF1,0.065354114
LDHD,0.274659679
BCAR1,0.431311355
CFDP1,2.383801562
TMEM170A,0.923415404
CHST6,0.077639752
TMEM231,0.005565747
GABARAPL2,1.776568279
ADAT1,0.010401411
KARS,0.342945274
TERF2IP,0.256361106
MON1B,0.335508933
SYCE1L,0.017607122
NUDT7,0.139477036
WWOX,0.129692557
MAF,0.093689102
CMC2,0.271013368
CENPN,0.033397553
ATMIN,0.384090793
GCSH,0.1758572
GAN,0.201320762
CMIP,0.172853241
7SK-ENSG00000260682,1.737696554
SDR42E1,0.028434529
HSD17B2,2.333204596
MPHOSPH6,0.123926761
HSBP1,2.962696418
MLYCD,0.05583847
OSGIN1,0.028247539
MBTPS1,0.418203442
TAF1C,0.033180948
ATP2C2,0.274055473
TLDC1,0.183711682
COTL1,0.391800714
KLHL36,0.449918998
USP10,0.294032365
ZDHHC7,0.306396013
KIAA0513,0.085895632
GSE1,0.600212064
GINS2,0.032002048
EMC8,0.355032214
COX4I1,16.28145279
IRF8,0.005987909
FBXO31,0.155414231
MAP1LC3B,2.430175304
KLHDC4,0.077920526
SLC7A5,0.043724898
BANP,0.204817428
ZFPM1,0.234576843
ZC3H18,0.207778547
CYBA,5.95809053
MVD,0.337878279
RNF166,0.032140286
CTU2,0.005987909
PIEZO1,0.129375283
APRT,2.144023333
GALNS,0.094292759
TRAPPC2L,0.507393869
CBFA2T3,0.024705236
ACSF3,0.1074437
ANKRD11,0.467218169
SPG7,0.285004385
RPL13,34.92219645
DPEP1,0.140906845
CHMP1A,0.742033542
SPATA33,0.07722633
CDK10,0.195059935
VPS9D1,0.150060024
ZNF276,0.176997355
FANCA,0.014270443
SPIRE2,0.203130047
TCF25,1.241450355
MC1R,0.03830361
DEF8,0.174258977
GAS8,0.135386564
RPH3AL,0.201297086
C17orf97,0.172253203
VPS53,0.027328121
FAM57A,0.029370301
GLOD4,0.476577516
RP11-676J12.4,0.124180409
RNMTL1,0.036331332
TIMM22,0.146606672
ABR,0.766690638
YWHAE,3.176798346
CRK,1.095815078
MYO1C,0.733925279
INPP5K,0.136479444
PITPNA-AS1,0.270140405
PITPNA,0.219271442
SLC43A2,0.099381525
RILP,0.509450949
PRPF8,0.380591697
TLCD2,0.006530553
MIR22HG,0.548569832
WDR81,0.044291519
SERPINF2,0.037721045
SMYD4,0.017243282
RPA1,0.178185085
DPH1,0.006530553
HIC1,0.005565747
SMG6,0.038139989
SRR,0.008282534
TSR1,0.142409696
SGSM2,0.124180409
MNT,0.081497825
PAFAH1B1,0.993469604
CLUH,0.070269758
RAP1GAP2,0.332412196
TRPV3,0.047716222
SHPK-ENSG00000197417,0.066412014
TAX1BP3,1.837129408
EMC6,0.627329949
ITGAE,0.195784131
GSG2,0.022171769
CTD-3195I5.1,0.079365079
C17orf85,0.141461748
ATP2A3,0.468152042
ZZEF1,0.626332546
CYB5D2,0.109277945
ANKFY1,0.267066331
UBE2G1,0.125377301
MYBBP1A,0.064635994
GGT6,1.06548563
PELP1,0.163070562
ARRB2,0.117891034
MED11,0.117948584
CXCL16,0.055930636
TM4SF5,0.864058953
GLTPD2,0.010401411
PSMB6,1.680177569
PLD2,0.132605112
MINK1,0.48051938
SLC25A11,0.195471637
RNF167,0.437353882
PFN1,14.49362426
ENO3,0.129249297
SPAG7,0.765276
CAMTA2,0.229124213
INCA1,0.128473991
KIF1C,0.581667086
ZFP3,0.080510112
ZNF232,0.013068752
RABEP1,0.583670323
NUP88,0.076743744
RPAIN,0.460425213
CTC-524C5.2,0.100660332
C1QBP,1.17172063
DHX33,0.103089771
DERL2,0.582071753
MIS12,0.058545214
WSCD1,0.076786473
TXNDC17,3.298416189
MED31,0.262266929
XAF1,0.364002661
AC027763.2,0.125401284
RNASEK,0.433521143
C17orf49,0.034238901
ACADVL,1.844246429
DVL2,0.038139989
PHF23,0.186531503
GABARAP,0.372503226
CTDNEP1,0.811096002
ELP5,0.227820726
CLDN7,11.08801835
YBX2,0.052204213
EIF5A,2.20407273
GPS2,0.536881756
NEURL4,0.020241604
KCTD11,0.013068752
TNK1,0.035444059
TMEM256,0.825885853
TMEM102,0.290832946
POLR2A,0.42964829
TNFSF12,0.03948508
SENP3,0.053177912
EIF4A1,3.488811458
CD68,0.428033648
MPDU1,0.200868635
FXR2,0.031375043
SAT2,0.465700679
TP53,0.223322918
KDM6B,0.567240966
LSMD1,1.524107616
CYB5D1,0.029921486
CHD3,0.029359705
KCNAB3,0.020241604
TRAPPC1,1.679593268
PER1,0.047716222
VAMP2,0.902346402
TMEM107,0.084930826
C17orf59,0.017008233
SLC25A35,0.130238356
RANGRF,0.156616631
RPL26,19.36074678
NDEL1,0.12931316
MFSD6L,0.026860925
STX8,0.364852977
SCO1,0.196237961
ADPRM,0.109558655
TMEM220,0.12106864
LINC00675,0.641990754
ZNF18,0.303701045
MAP2K4,0.633519159
ARHGAP44,0.365143681
ELAC2,0.092091247
COX10,0.050675454
PMP22,0.083836351
CDRT4,0.029921486
TVP23C,0.008469523
TRIM16,0.111528263
ADORA2B,0.072031719
ZSWIM7,0.346136849
TTC19,0.418230399
NCOR1,2.163612078
PIGL,0.224346068
CENPV,0.641344197
UBB,13.99461972
FAM211A,0.396952676
MPRIP,0.256100227
FLCN,0.197962251
COPS3,0.129727639
MED9,0.072551744
RASD1,0.159022429
PEMT,0.020800996
SREBF1,0.332420011
TOM1L2,0.556607883
LRRC48,0.165343915
ATPAF2,0.406214975
DRG2,0.114229841
ALKBH5,0.652498302
FLII,0.555555767
MIEF2,0.051225309
TOP3A,0.129129807
SMCR8,0.017243282
SHMT1,0.09432174
LGALS9C,0.205998538
TVP23B,0.176260982
PRPSAP2,0.160100967
FAM83G,0.206489406
EPN2,0.358522282
B9D1,0.005565747
MAPK7,0.10700922
ALDH3A2,0.320426733
ALDH3A1,0.010401411
AKAP10,0.019139489
SPECC1,0.698632962
LGALS9B,0.569789545
USP22,0.607354816
DHRS7B,0.156870916
TMEM11,0.414503377
MAP2K3,0.283607498
MTRNR2L1,0.463359616
WSB1,1.504614447
RP11-173M1.8,0.020549071
LGALS9,2.656027549
NOS2,0.011131494
RP11-138P22.1,0.009563594
NLK,0.097692919
TMEM97,0.051914057
IFT20,0.285082279
TNFAIP1,0.428987135
POLDIP2,0.380504565
TMEM199,0.356399414
UNC119,0.157277993
PIGS,0.396092032
ALDOC,0.010401411
SPAG5,0.032556592
RP11-192H23.6,0.320033409
KIAA0100,0.095708827
SDF2,0.563995827
SUPT6H,0.293809486
RPL23A,16.09406032
TLCD1,0.023933514
NEK8,0.128294597
TRAF4,0.494949626
FAM222B,0.231349181
ERAL1,0.193417403
FLOT2,0.106522269
DHRS13,0.005987909
PHF12,0.321192302
MYO18A,0.041859843
NUFIP2,0.562505207
TAOK1,0.676532885
ABHD15,0.037736988
TP53I13,0.034362359
GIT1,0.140521221
SSH2,0.667486515
NSRP1,0.701878542
BLMH,0.209788069
TMIGD1,0.031371676
CPD,0.465839928
GOSR1,0.561361989
CRLF3,0.321768706
TEFM,0.279602861
ADAP2,0.006530553
RNF135,0.19738637
NF1,0.338233721
RAB11FIP4,0.632389073
COPRS,0.112925243
UTP6,0.385595115
SUZ12,0.088104831
LRRC37B,0.0553409
RHOT1,0.094531486
C17orf75,0.056646744
ZNF207,1.076125263
PSMD11,0.728847908
MYO1D,1.661877641
TMEM98,0.875314184
CCL2,0.008282534
CCT6B,0.038369452
ZNF830,0.46256603
LIG3,0.12367726
RFFL,0.065727355
RAD51D,0.029370301
NLE1,0.061102548
SLFN5,0.116910312
RP11-1094M14.11,0.130004333
AP2B1,0.441266485
MMP28,0.416251778
TAF15,0.256218477
CCL5,0.005987909
RDM1,0.010401411
CCL14,0.137151635
CCL15,1.330388853
CCL23,0.148136123
CCL18,0.005987909
CCL4,0.019139489
ZNHIT3,0.21686983
MYO19,0.047366427
PIGW,0.010401411
GGNBP2,0.791619194
DHRS11,1.524582714
MRM1,0.011442485
AATF,0.289949571
ACACA,0.258555839
TADA2A,0.068164356
SYNRG,0.362856973
DDX52,0.282394528
HNF1B,0.01403527
RP11-1407O15.2,0.180770231
MRPL45,0.235653054
MLLT6,0.039158707
CISD3,2.007546267
PCGF2,0.090073706
PSMB3,3.310912108
PIP4K2B,0.030643015
CWC25,0.536388144
RPL23,7.900600562
LASP1,1.49838928
LINC00672,0.05583847
RPL19,22.13110993
RP11-690G19.3,0.154764239
MED1,0.231713958
CDK12,0.712956136
PPP1R1B,0.963092282
STARD3,0.176298059
PGAP3,0.035139734
ERBB2,0.591288508
MIEN1,1.671797732
GRB7,0.102484808
GSDMB,0.833518499
ORMDL3,0.1732618
PSMD3,0.764642957
MED24,0.221155317
THRA,0.088592466
NR1D1,0.303692904
MSL1,0.432141295
CASC3,0.067362835
RAPGEFL1,0.740952573
WIPF2,0.665245615
CTD-2267D19.2,0.298770406
CTD-2267D19.3,0.13142609
TOP2A,0.158314813
IGFBP4,0.853243563
SMARCE1,0.462052832
KRT10,1.239732741
TMEM99,0.192862652
KRT20,21.6273715
KRT13,0.055114638
KRT15,0.169090505
KRT19,32.00925138
JUP,1.746023432
EIF1,13.68303479
HAP1,0.077639752
LEPREL4,0.035640239
NT5C3B,0.189831736
ACLY,0.207324227
CNP,0.047077475
DNAJC7,0.626539838
NKIRAS2,0.223366775
DHX58,0.017607122
KAT2A,0.026229513
RAB5C,1.291785999
GHDC,0.040260822
STAT5B,0.065140957
STAT5A,0.042235437
STAT3,0.427168132
ATP6V0A1,0.154484436
NAGLU,0.159512992
HSD17B1,0.005987909
RP11-400F19.6,0.067687109
COASY,0.421619693
MLX,0.466459725
PSMC3IP,0.008469523
FAM134C,0.203445281
TUBG1,0.064310737
CCR10,0.037736988
EZH1,0.101987682
VPS25,0.482589677
WNK4,0.088041163
COA3,1.965340398
CNTD1,0.026974536
BECN1,0.514988416
PSME3,0.19160887
AARSD1,0.108082122
RUNDC1,0.137151635
RPL27,7.40526626
IFI35,0.825658534
VAT1,0.158293989
BRCA1,0.085922285
NBR1,0.748693855
TMEM106A,0.038278977
LINC00910,0.005565747
DHX8,0.393764326
ETV4,0.028159678
DUSP3,0.636376765
PYY,0.217767792
TMEM101,0.153232148
LSM12,0.210906321
G6PC3,0.093570069
HDAC5,0.083279914
TMUB2,0.531165059
ATXN7L3,0.177073837
UBTF,0.490472786
RP5-882C2.2,0.077328706
SLC25A39,0.502679328
GRN,3.197692849
GPATCH8,0.501533575
CCDC43,0.232243619
EFTUD2,0.060574817
NMT1,0.330168444
PLCD3,1.133747167
ACBD4,0.040702417
HEXIM1,0.647390062
CTD-2020K17.4,0.079346087
ARHGAP27,0.779761235
PLEKHM1,0.046971093
KANSL1,0.35460425
KANSL1-AS1,0.322306305
ARL17A,0.046087097
NSF,0.383900475
GOSR2,0.17058395
CDC27,0.243831027
NPEPPS,0.678207409
KPNB1,0.524757605
OSBPL7,0.077816042
MRPL10,0.167692448
SCRN2,0.368568874
SP6,0.03213097
SP2,0.080375426
PNPO,0.2667467
RP11-6N17.6,0.005565747
PRR15L,2.705454956
CDK5RAP3,0.546693047
NFE2L1,0.958471341
CBX1,0.159372459
SNX11,0.277274014
SKAP1,0.026565223
HOXB3,0.164430413
HOXB-AS3,0.016565068
HOXB4,0.115376859
HOXB5,0.112386169
HOXB6,0.265838621
HOXB7,0.588580827
HOXB9,0.102698166
HOXB-AS4,0.093689102
RP11-357H14.17,0.914074441
CTD-2377D24.6,0.041644456
CALCOCO2,0.704194861
ATP5G1,3.880746698
UBE2Z,0.530954993
SNF8,1.04746737
ZNF652,0.195892275
PHB,1.188931624
SPOP,0.387088186
SLC35B1,0.185199912
FAM117A,0.064142036
KAT7,0.067593064
ITGA3,0.560951249
PDK2,0.532559306
PPP1R9B,0.077881845
TMEM92,0.095085958
XYLT2,0.05011398
MRPL27,0.925309889
LRRC59,0.696135386
ACSF2,0.327432293
RSAD1,0.222877143
EPN3,0.237047845
SPATA20,0.320205833
ABCC3,1.701968959
ANKRD40,0.189328828
RP11-294J22.6,0.044468047
LUC7L3,0.776882077
TOB1,0.92291707
RP11-700H6.1,0.038769307
SPAG9,0.987303988
NME1,0.497604723
NME1-NME2,0.143636605
NME2,0.034714508
MBTD1,0.179187995
UTP18,0.090622179
TOM1L1,0.126960054
COX11,0.127611496
STXBP4,0.029178338
MMD,0.131109713
PCTP,0.090884722
C17orf67,0.068103173
DGKE,0.071450345
TRIM25,0.146677438
COIL,0.125372313
SCPEP1,0.017243282
AKAP1,0.784145442
RP11-166P13.4,0.216926656
MSI2,0.169903807
MRPS23,0.241099012
VEZF1,0.18840024
RP11-159D12.2,0.053067527
SRSF1,0.891102537
DYNLL2,0.813760765
MKS1,0.020241604
BZRAP1,0.010401411
SUPT4H1,0.725896939
RNF43,0.387494384
MTMR4,0.641032493
RAD51C,0.100354097
TRIM37,0.211146629
AC099850.1,0.063202024
SKA2,0.191201885
PRR11,0.005565747
SMG8,0.041644456
GDPD1,0.219775392
YPEL2,0.303513164
DHX40,0.112010106
CLTC,1.323793955
PTRH2,0.213201234
VMP1,1.796467683
RPS6KB1,0.112886377
RNFT1,0.103421582
HEATR6,0.045185078
CA4,56.96767269
USP32,0.082450978
APPBP2,0.1277353
PPM1D,0.097606792
BCAS3,0.129412774
NACA2,0.045185078
INTS2,0.106098854
MED13,0.916776113
METTL2A,0.10404865
TLK2,0.706936007
TANC2,0.027422022
CYB561,0.150234032
ACE,0.05011398
DCAF7,0.442630671
TACO1,0.049570681
STRADA,0.04114549
CCDC47,0.658532429
DDX42,0.317948492
FTSJ3,0.01403527
PSMC5,1.067844297
SMARCD2,0.367593033
CD79B,0.005565747
ICAM2,0.117452961
ERN1,0.048722301
SNORA76,0.125469369
TEX2,0.064142036
POLG2,0.008469523
DDX5,5.334613143
CEP95,0.085129123
SMURF2,0.227476313
LRRC37A3,0.016726436
GNA13,0.791985754
RP11-160O5.1,0.039912937
AXIN2,0.271983822
PRKCA,0.186332844
HELZ,0.29644341
PSMD12,0.462533952
NOL11,0.070868952
BPTF,1.286979501
C17orf58,0.04114549
KPNA2,0.089165156
AMZ2,0.125445516
ARSG,0.009340487
WIPI1,0.203179616
PRKAR1A,0.820800609
AC079210.1,0.150060024
ABCA5,0.244795517
MAP2K6,0.142288466
RP1-193H18.2,0.295031142
KCNJ2-AS1,0.032002048
KCNJ2,0.213877796
SOX9,0.32148253
LINC00511,0.319070261
SLC39A11,0.091582479
COG1,0.005565747
FAM104A,0.249652649
C17orf80,0.059842972
CDC42EP4,0.39851528
RPL38,6.322805123
GPRC5C,1.4521191
SLC9A3R1,1.583341404
NAT9,0.108526075
FDXR,0.011975818
HID1,0.245419104
ICT1,0.163068989
ATP5H,2.260473053
SLC16A5,0.360329063
ARMC7,0.043977867
NT5C,1.627302931
HN1,4.440710227
SUMO2,2.881831282
NUP85,0.127417293
GGA3,0.137546756
MRPS7,0.465045825
MIF4GD,0.131775716
GRB2,0.900009073
KIAA0195,0.17387895
TSEN54,0.133908799
LLGL2,2.537553208
MYO15B,3.769723736
RECQL5,0.170662091
SMIM5,0.361691931
SMIM6,0.286112877
SAP30BP,0.343899703
ITGB4,0.464497243
GALK1,0.212188406
H3F3B,12.33930654
UNK,0.057281719
UNC13D,0.40633403
WBP2,0.725069682
TRIM47,0.048705354
ACOX1,2.692674653
TEN1,0.295928631
CDK3,0.433809213
EVPL,0.008282534
SRP68,0.207371312
EXOC7,0.505368208
RNF157,0.032526672
UBALD2,1.164561094
PRPSAP1,0.108997524
SPHK1,0.078524307
UBE2O,0.005987909
RHBDF2,0.005565747
ST6GALNAC2,0.019139489
ST6GALNAC1,0.335698286
RP11-318A15.2,0.032526672
JMJD6,0.229914799
METTL23,0.184202638
SRSF2,1.348823917
MFSD11,0.413413599
SEC14L1,0.15305198
Sep-09,0.482391332
TNRC6C,0.03047294
TMC6,0.982509269
TMC8,0.101443473
SYNGR2,1.368001547
TK1,0.023227794
AFMID,0.011553656
BIRC5,0.326772259
SOCS3,0.029517384
PGS1,0.086783638
CYTH1,0.425928812
USP36,0.009563594
TIMP2,0.424529204
LGALS3BP,3.902382936
CANT1,1.269213607
C1QTNF1,0.009340487
ENGASE,0.119367174
CBX4,0.255589586
GAA,0.198845912
EIF4A3,0.577547575
SLC26A11,0.159135751
RNF213,0.77292623
ENDOV,0.091917228
CHMP6,0.240208339
BAIAP2-AS1,0.037721045
BAIAP2,0.006530553
AATK,0.009340487
ENTHD2,0.176526713
C17orf89,0.466213868
SLC38A10,0.400112032
RP11-1055B8.4,0.060364856
ACTG1,23.26868538
C17orf70,0.1051888
NPLOC4,0.215587133
OXLD1,0.275644445
CCDC137,0.284768943
ARL16,0.363891601
HGS,0.262899383
RP13-1032I1.7,0.017607122
MRPL12,0.561088593
SLC25A10-ENSG00000183048,0.121025872
P4HB,2.892559401
RP11-498C9.3,0.008469523
ARHGDIA,1.917868698
ALYREF,0.377249456
ANAPC11,1.606796326
PCYT2,0.139854643
SIRT7,0.153883757
MAFG,0.2703765
PYCR1,0.077739943
ASPSCR1,0.220452187
STRA13,1.547107095
LRRC45,0.061923534
RAC3,0.006530553
DCXR,0.857748047
RFNG,0.28951363
GPS1,0.76545441
DUS1L,0.640466949
FASN,0.278860743
CCDC57,0.084068637
SLC16A3,1.033248296
CSNK1D,0.809943687
AC132872.2,0.09811617
RP13-516M14.1,0.006530553
CD7,0.155009921
SECTM1,0.302727791
OGFOD3,0.225657973
HEXDC,0.524591744
C17orf62,0.410852888
NARF,0.319482101
FOXK2,0.091547195
RP13-638C3.4,0.033390319
WDR45B,0.542009563
RAB40B,0.31833976
FN3KRP,0.071414591
FN3K,0.019139489
TBCD,0.022317804
METRNL,1.017985341
USP14,0.126417385
THOC1,0.091547195
TYMS,0.049435104
ENOSF1,0.371287644
YES1,0.56311692
METTL4,0.019045588
SMCHD1,1.823973959
LPIN2,0.432951407
MYOM1,0.825462626
RP13-270P17.3,0.025033497
MYL12A,7.605118083
MYL12B,14.14060313
TGIF1,0.282917358
DLGAP1-AS1,0.005987909
DLGAP1-AS2,0.008282534
LINC00667,0.172326389
LINC00526,0.005565747
ZBTB14,0.111433538
EPB41L3,0.193659391
L3MBTL4,0.009563594
LINC00668,0.362347132
LAMA1,0.056875237
RAB12,0.013061105
NDUFV2,3.488995931
ANKRD12,1.839568745
TWSG1,0.395832786
RALBP1,0.951060745
PPP4R1,0.208844918
RAB31,0.186333403
VAPA,3.108072223
NAPG,0.495065481
GNAL,0.030419869
CHMP1B,1.730196877
MPPE1,0.43175002
IMPA2,0.570734764
AFG3L2,0.244338205
SPIRE1,0.038769307
PSMG2,1.084467553
PTPN2,0.647400197
SEH1L,0.305858313
CEP192,0.112222816
LDLRAD4,0.092551505
FAM210A,0.028301752
RNMT,0.139218732
ZNF519,0.064307994
ANKRD30B,0.032002048
ROCK1,0.796078006
ESCO1,0.259499553
SNRPD1,0.875604332
ABHD3,0.435219844
MIB1,0.326986089
GATA6-AS1,0.135182523
GATA6,0.16712883
RBBP8,0.050236289
CABLES1,0.242064267
RIOK3,3.126992318
C18orf8,0.237713376
NPC1,0.115046785
LAMA3,0.478701277
RP11-799B12.4,0.03047294
OSBPL1A,0.573165973
IMPACT,0.080121126
SS18,0.162201113
TAF4B,0.008469523
KCTD1,0.029795188
U3,0.037736988
RP11-408H20.1,0.297052425
DSC2,4.930541735
DSG4,0.005987909
DSG2,2.811668096
TRAPPC8,0.242089897
RNF138,0.208159168
GAREM,0.085670036
MEP1B,0.110968623
ASXL3,0.073574814
MAPRE2,0.055114638
ZNF397,0.099188875
ZSCAN30,0.162350496
RP11-158H5.7,0.029178338
ZNF24,0.299433958
INO80C,0.363793605
GALNT1,0.331198651
C18orf21,0.336634755
RPRD1A,0.523436559
SLC39A6,0.054173817
ELP2,0.060638381
RP11-49I11.1,0.057426159
TPGS2,0.184977137
PIK3C3,0.235951519
EPG5,0.160039704
PSTPIP2,0.005987909
ATP5A1,2.75770968
HAUS1,0.064201591
C18orf25,0.066523456
PIAS2,0.038139989
HDHD2,0.158757515
IER3IP1-ENSG00000134049,0.425860357
SMAD2,0.489341137
ZBTB7C,0.35755797
SMAD7,0.080706577
DYM,0.099318444
C18orf32,0.339395097
RPL17,1.342231362
LIPG,0.05564896
ACAA2,1.896773142
MYO5B,0.830837223
MBD1,0.384583703
CXXC1,0.250848398
SKA1,0.029623661
ME2,0.227795211
ELAC1,0.123904813
SMAD4,0.362225526
MEX3C,0.084358019
MBD2,0.729833067
RAB27B,0.155227921
CCDC68,1.483606844
TCF4,0.008282534
TXNL1,0.82119594
WDR7,0.153878071
ONECUT2,0.008282534
FECH,0.072470198
NARS,1.439859865
RP11-35G9.3,0.009340487
ATP8B1,1.266658354
NEDD4L,0.881405346
ALPK2,0.093689102
RP11-1151B14.4,0.236441746
MALT1,0.547961519
RP11-108P20.1,0.193447616
SEC11C,0.656634925
LMAN1,0.526167457
PMAIP1,0.500257653
RNF152,0.435150276
PIGN,0.092053971
KIAA1468,0.06395452
TNFRSF11A,0.489279026
ZCCHC2,0.173427216
PHLPP1,0.257629726
BCL2,0.005987909
KDSR,0.47558885
VPS4B,1.414564906
SERPINB5,0.489511693
SERPINB8,0.033995462
TMX3,0.070985678
CCDC102B,0.033390319
SOCS6,0.373276095
TIMM21,0.033587208
CYB5A,1.463168819
CNDP2,0.931864852
LINC00909,0.1074437
ZNF407,0.065916999
ZADH2,0.25782618
TSHZ1,0.115081661
ZNF236,0.064234327
MBP,0.238094641
ATP9B,0.033180948
RP11-800A18.4,0.02268515
CTDP1,0.461304165
PQLC1,0.318288441
HSBP1L1,0.902088297
TXNL4A,1.055176367
RBFA,0.012518462
ADNP2,0.126067923
AC139100.2,0.194655061
C20orf96,0.100660332
ZCCHC3,0.186226761
RP5-1103G7.4,0.044687545
SOX12,0.020241604
NRSN2,0.020856275
RBCK1,0.620335682
TBC1D20,0.141466022
CSNK2A1,0.660688124
SLC52A3,0.149455227
PSMF1,0.566403379
SDCBP2,5.537139642
FKBP1A,6.471215841
NSFL1C,0.440852069
SIRPA,0.008469523
STK35,0.240588764
TGM3,0.008282534
SNRPB,0.89570133
ZNF343,0.009340487
NOP56,0.155936477
IDH3B,0.335181544
PCED1A,0.163357993
VPS16,0.291845597
PTPRA,0.265232786
MRPS26,0.274168396
FASTKD5,0.156811675
LZTS3,0.041644456
DDRGK1,0.742553347
ITPA,0.482087333
ATRN,0.014457432
C20orf27,0.141674152
CENPB,0.258821107
CDC25B,0.160758128
MAVS,0.149307215
PANK2,0.306477281
RNF24,0.274240433
PRNP,0.011975818
SLC23A2,0.146519209
TMEM230,0.811642905
PCNA,0.362241458
CDS2,0.146536505
GPCPD1,0.096181756
TRMT6,0.153607813
MCM8,0.006530553
CRLS1,0.190993531
FERMT1,0.398055549
BMP2,0.078082558
TMX4,0.05332473
PLCB1,0.008282534
PLCB4,0.28098705
SNAP25,0.039995764
MKKS,0.602477616
SLX4IP,0.056912331
JAG1,0.284602783
RP1-278O22.1,0.150961948
RP11-103J8.2,0.095697443
BTBD3,0.251953574
ESF1,0.69307352
NDUFAF5,0.149307215
MACROD2,0.005565747
KIF16B,0.895147552
SNRPB2,1.086267026
DSTN,6.459447483
RRBP1,3.406295152
SNX5,0.506791573
OVOL2,0.241750923
MGME1,0.241990683
PET117,0.051696046
CSRP2BP,0.026565223
ZNF133,0.058593264
POLR3F,0.042413373
RBBP9,0.032002048
SEC23B,0.187960826
LINC00493,1.031730395
DTD1,0.207309512
RIN2,0.08422447
NAA20,0.249512745
CRNKL1,0.188765519
RALGAPA2,0.346007329
XRN2,0.557768348
NXT1,0.017963728
NAPB,0.03830361
CST3,12.16474898
APMAP,0.240025707
ACSS1,0.148027492
ENTPD6,0.21091197
PYGB,0.682547142
ABHD12,0.389645255
GINS1,0.047366427
FRG1B,0.271535296
HM13,0.758934977
ID1,6.964923198
BCL2L1,0.828512945
TPX2,0.066969965
PDRG1,0.162196292
TM9SF4,0.508128576
PLAGL2,0.118155362
POFUT1,0.029582813
KIF3B,0.393917842
ASXL1,0.22495236
C20orf112,0.814467873
COMMD7,0.518747274
MAPRE1,0.462352779
RP5-1085F17.3,0.03047294
CDK5RAP1,0.13801335
CBFA2T2,0.072097982
NECAB3,0.140264517
ACTL10,0.056344837
PXMP4,0.089723154
CHMP4B,1.935486179
RP5-1125A11.1,0.032002048
RALY,0.950107651
EIF2S2,1.571430921
AHCY,0.197947548
ITCH,0.447469834
DYNLRB1,1.478154629
MAP1LC3A,0.39021436
PIGU,0.149151633
NCOA6,0.296220433
TP53INP2,1.463275691
GGT7,0.191441051
ACSS2,0.706960086
GSS,0.604278479
TRPC4AP,0.17861465
EDEM2,0.086493118
MMP24-AS1,1.192930902
EIF6,1.865180279
UQCC1,0.368977878
CEP250,0.158529547
ERGIC3,1.206256727
CPNE1,0.520777277
RBM12,0.149705804
ROMO1,2.860221598
RBM39,1.050659021
PHF20,0.064659482
SCAND1,1.974216922
LINC00657,1.101834955
EPB41L1,0.204085216
AAR2,0.020241604
DLGAP4,0.145859641
MYL9,0.023089143
TGIF2,0.04723883
C20orf24,0.781813522
NDRG3,0.088929994
DSN1,0.136881189
SOGA1,0.259233367
TLDC2,0.167785096
SAMHD1,0.754708597
RPN2,0.717001129
MANBAL,0.618086313
SRC,0.180050596
BLCAP,0.320256592
CTNNBL1,0.272191359
TTI1,0.059478719
RPRD1B,0.11006965
TGM2,0.038769307
RALGAPB,0.318635214
ACTR5,0.005987909
FAM83D,0.167871317
DHX35,0.167055148
MAFB,0.005565747
TOP1,2.576766339
PLCG1,0.04114549
ZHX3,0.008469523
LPIN3,0.037792353
CHD6,0.152061447
SRSF6,0.324609875
L3MBTL1,0.029178338
SGK2,0.717689072
IFT52,0.008282534
MYBL2,0.029178338
TOX2,0.008469523
OSER1,0.412678844
FITM2,0.011442485
RP5-881L22.5,0.020549071
HNF4A,1.943103263
RP5-1013A22.5,0.04114549
TTPAL,0.130435328
SERINC3,0.553016346
PKIG,0.415289749
YWHAB,5.120247729
PABPC1L,0.038139989
TOMM34,0.015328396
STK4,0.175702497
PI3,3.155459824
SLPI,1.852217933
SDC4,0.891396619
SYS1,0.151664004
PIGT,0.330262263
WFDC2,1.329400213
WFDC3,0.070974336
DNTTIP1,0.48913738
UBE2C,0.005565747
TNNC2,0.048741178
SNX21,0.089247542
ACOT8,0.287081723
ZSWIM1,0.029921486
CTSA,1.595193463
PCIF1,0.16307239
ZNF335,0.157974465
CD40,0.261361805
SLC35C2,0.217013117
TP53RK,0.005987909
SLC2A10,0.006530553
EYA2,0.08922879
ZMYND8,0.766314131
NCOA3,0.212337352
SULF2,0.437128388
ARFGEF2,0.147085799
CSE1L,0.111375181
STAU1,1.118291265
DDX27,0.184011732
ZNFX1,0.020241604
ZFAS1,1.773056395
B4GALT5,0.362514487
SLC9A8,0.059531128
SPATA2,0.167327972
RNF114,0.47783698
UBE2V1,0.043213608
TMEM189,0.104092586
CEBPB,0.383442153
PTPN1,0.29034527
PARD6B,0.384715086
ADNP,0.431328426
DPM1,0.302872203
KCNG1,0.047366427
NFATC2,0.020241604
ATP9A,0.254622114
ZFP64,0.015129341
ZNF217,1.37753206
BCAS1,2.05369692
PFDN4,0.569652057
FAM210B,0.155775376
AURKA,0.023375757
CSTF1,0.057325086
RTFDC1,0.870290765
RAE1,0.123777646
RBM38,0.17204188
PCK1,1.235342252
ZBP1,0.103339947
PMEPA1,0.269405005
RAB22A,0.407823836
VAPB,0.187747506
STX16,0.273197568
NPEPL1,0.086124684
GNAS,4.568863431
RP1-309F20.4,0.029921486
NELFCD,0.270001641
CTSZ,2.38852495
ATP5E,12.1817306
SLMO2,0.618827945
EDN3,0.546498298
FAM217B,0.119734278
TAF4,0.016726436
LSM14B,0.08335383
PSMA7,3.856077706
SS18L1,0.125463936
MTG2,0.13209755
OSBPL2,0.475637551
ADRM1,0.500037884
RPS21,6.893536971
CABLES2,0.244132287
RBBP8NL,0.401310561
MRGBP,0.204864216
OGFR,0.228329715
COL9A3,0.169326433
DIDO1,0.142312749
GID8,0.346771681
SLC17A9,0.049432443
YTHDF1,0.239002244
ARFGAP1,0.090001934
EEF1A2,0.076607219
PPDPF,15.4964522
PTK6,0.366243296
HELZ2,0.022171769
CTD-3184A7.4,0.141064633
ARFRP1,0.621583061
SLC2A4RG,0.166013332
TPD52L2,0.302196121
DNAJC5,0.320567192
UCKL1,0.090763923
PRPF6,0.45590645
PCMTD2,0.194461865
PPAP2C,1.495500391
MIER2,0.092121678
TPGS1,0.165360135
CDC34,0.171387508
AC009005.2,0.100660332
BSG,6.534035536
POLRMT,0.28264339
RNF126,0.278439072
MISP,4.138178991
PTBP1,1.161308197
CFD,0.667635722
MED16,0.694248136
R3HDM4,0.165329242
ARID3A,0.005565747
WDR18,0.080272588
TMEM259,1.343743746
CNN2,0.147994966
ABCA7,0.008282534
HMHA1,0.27811004
POLR2E,0.933921253
GPX4,1.88450867
SBNO2,0.093667356
STK11,0.108121492
ATP5D,6.584695549
MIDN,1.729246077
CIRBP,1.961025343
C19orf24,0.583135484
MUM1,0.189044985
EFNA2,0.448489371
NDUFS7,1.860628506
DAZAP1,0.481094134
RPS15,24.40966216
C19orf25,0.360581112
REEP6,0.03696804
MBD3,0.053177912
UQCR11-ENSG00000127540,5.326661344
TCF3,0.159499471
CTB-31O20.3,0.110639051
REXO1,0.112093333
KLF16,0.210585851
ABHD17A,0.270242547
SCAMP4,0.445571812
CSNK1G2,0.236915653
BTBD2,0.196345177
MKNK2,0.6079369
MOB3A,0.123096059
AP3D1,1.405495495
DOT1L,0.338364297
PLEKHJ1,1.087246151
SF3A2,0.290267146
OAZ1,6.959195684
LSM7,1.719804823
TIMM13,1.309493262
LMNB2,0.02111725
GADD45B,0.86454081
GNG7,0.034714508
SLC39A3,0.415778746
SGTA,0.50286094
THOP1,0.833890852
ZNF57,0.118113297
ZNF77,0.111607143
TLE6,0.009340487
TLE2,0.096668708
AES,2.13965867
GNA11,1.305203966
GNA15,0.033616609
NCLN,0.072902931
NFIC,0.119921619
C19orf77,0.259384103
DOHH,0.091090937
FZR1,0.075673795
MFSD12,0.138159767
HMG20B,0.465180302
CACTIN,0.020241604
PIP5K1C,0.22202368
TJP3,0.969923265
APBA3,0.042207561
MRPL54,1.192820352
DAPK3,0.207968673
EEF2,5.437274315
PIAS4,0.025587214
ZBTB7A,0.949788795
MAP2K2,1.821056348
CREB3L3,0.057603687
SIRT6,0.727520163
CCDC94,0.16206825
SHD,0.73807694
TMIGD2,0.009340487
STAP2,2.437801383
MPND,0.398499814
SH3GL1,0.243970341
CHAF1A,0.079256869
UBXN6,0.457582419
HDGFRP2,0.082075188
LRG1,0.213993447
TNFAIP8L1,0.035909395
C19orf10,1.188207741
DPP9,0.20898561
FEM1A,0.03843333
AC005523.2,0.093689102
TICAM1,0.422161679
PLIN3,0.766555761
KDM4B,0.027422022
TINCR,0.14553217
SAFB2,0.162194836
SAFB,0.172269337
RPL36,16.34836243
C19orf70,1.661182103
HSD11B1L,0.033390319
LONP1,0.087251721
PRR22,0.017243282
DUS3L,0.226477691
FUT6,0.331694582
FUT3,0.575125442
NDUFA11,2.19488892
CAPS,0.037736988
RANBP3,0.025195959
CTC-503J8.6,0.020241604
CLPP,0.582091425
ALKBH7,3.13713493
PSPN,0.026990845
GTF2F1,0.577381522
KHSRP,0.446496554
SLC25A23,0.706645283
CRB3,0.630830167
GPR108,0.478184127
TRIP10,0.113848716
SH2D3A,0.225150666
VAV1,0.039381092
ZNF557,0.068183391
INSR,0.857782791
ARHGEF18,0.379443039
PEX11G,0.200527818
ZNF358,0.072630456
MCOLN1,0.11817547
PNPLA6,0.14664346
CAMSAP3,0.254363179
XAB2,0.059375652
PET100,0.877034173
STXBP2,0.666052269
TRAPPC5,0.022171769
MAP2K7,0.15096853
SNAPC2,0.03557
TIMM44,0.153465616
ELAVL1,0.222476879
CD320,0.37085522
NDUFA7-ENSG00000267855,0.425696729
RPS28,20.87266792
RAB11B,0.803223919
Mar-02,0.227933335
HNRNPM,1.312175129
PRAM1,0.019139489
ZNF414,0.1408388
MYO1F,0.047366427
ZNF558,0.019139489
ZNF317,0.013068752
ZNF266,0.059798739
ZNF121,0.136460111
ZNF561,0.049377021
ZNF562,0.228756371
FBXL12,0.24935409
UBL5,5.681684831
PIN1,0.422451879
COL5A3,0.066482289
C19orf66,0.304072944
P2RY11,0.064234327
EIF3G,0.974973679
DNMT1,0.005987909
MRPL4,0.320487068
FDX1L,0.073574814
ICAM3,0.247567149
TYK2,0.11154689
CDC37,1.535071816
PDE4A,0.067547826
KEAP1,0.304891897
ATG4D,1.055894238
CDKN2D,0.13001421
AP1M2,0.535672219
SLC44A2,0.278074656
ILF3-AS1,0.289151837
ILF3,0.526898403
QTRT1,0.686310185
DNM2,1.827318722
TMED1,0.128212275
CARM1,0.071413775
YIPF2,0.104387965
C19orf52,0.008469523
SMARCA4,0.437063789
LDLR,0.2283897
SPC24,0.015967158
DOCK6,0.094823413
TMEM205,0.101814289
CCDC159,0.256344942
SWSAP1,0.013848281
PRKCSH,0.38375721
ECSIT,0.236899599
ELOF1,0.486556653
ZNF627,0.037507255
ACP5,0.132955696
ZNF440,0.035611049
ZNF439,0.130880655
ZNF69,0.142552198
ZNF700,0.220458554
ZNF844,0.341796603
ZNF20,0.010401411
ZNF136,0.069542611
ZNF44,0.223603043
ZNF799,0.008469523
ZNF443,0.032526672
ZNF564,0.023089143
ZNF490,0.055114638
ZNF791,0.171118736
MAN2B1,0.026860925
WDR83,0.117441566
WDR83OS,1.864336025
DHPS,0.226364742
FBXW9,0.165234546
TNPO2,0.047366427
C19orf43,1.901534175
ASNA1,0.49169787
BEST2,0.008469523
HOOK2,0.798608867
JUNB,3.40658823
PRDX2,2.173321586
RNASEH2A,0.005987909
DNASE2,0.846341583
GCDH,0.138312492
FARSA,0.162127998
CALR,3.324690609
CTC-425F1.4,0.053177912
RAD23A,0.605029902
GADD45GIP1,0.955077264
NFIX,0.112603788
TRMT1,0.121228195
NACC1,0.213405962
STX10,0.180815942
IER2,3.774736281
CCDC130,0.386358726
MRI1,0.092851627
C19orf53,1.576975503
ZSWIM4,0.009340487
MIR24-2,0.590282773
CC2D1A,0.62136062
PODNL1,0.1075056
DCAF15,0.109195172
RFX1,0.18886554
hsa-mir-1199,0.188772508
SAMD1,0.212734398
PRKACA,0.098593018
ASF1B,0.015967158
CTB-55O6.12,0.008282534
CD97,1.049251546
DDX39A,0.20447864
PKN1,0.23605713
GIPC1,2.754187821
DNAJB1,1.555898096
TECR,0.937168843
NDUFB7,4.229329966
ILVBL,0.117620777
AC003956.1,0.033390319
BRD4,0.788353756
AKAP8,0.088439203
AKAP8L,0.323978427
WIZ,0.033616609
CYP4F3,0.08194951
CYP4F12,0.82552843
TPM4,1.816208012
RAB8A,0.773806234
HSH2D,0.123655384
FAM32A,0.914118434
AP1M1,0.09811617
KLF2,0.066482289
EPS15L1,0.130177237
CHERP,0.053965381
SLC35E1,0.319107264
MED26,0.005565747
SMIM7,0.735274058
TMEM38A,0.032526672
HAUS8,0.17858402
MYO9B,0.255807399
USE1,0.436976576
OCEL1,0.094471528
NR2F6,1.14094306
BABAM1,0.286784202
ABHD8,0.055383271
MRPL34,0.502063988
DDA1,0.543982741
ANO8,0.008469523
BST2,0.06724118
MVB12A,0.413470691
CTD-2521M24.6,0.008469523
CTD-3131K8.2,0.019139489
PGLS,1.390614455
COLGALT1,0.054869622
MAP1S,0.193252808
FCHO1,0.008469523
B3GNT3,0.553366759
RPL18A,22.56781175
CCDC124,0.437397616
MAST3,0.032526672
PIK3R2,0.140906845
MPV17L2,0.054042155
RAB3A,0.029370301
PDE4C,1.265286653
KIAA1683,0.068461379
JUND,4.448837405
LSM4,1.775049017
PGPEP1,0.3329786
GDF15,0.667191923
SSBP4,0.11625884
ELL,0.019139489
FKBP8,1.086214621
KXD1,0.240953476
UBA52,11.91374
C19orf60,0.859825026
CRTC1,0.074034187
UPF1,0.397950602
COPE,3.320116411
DDX49,0.290653838
SLC25A42,0.032002048
TMEM161A,0.106388262
MEF2BNB,0.257473259
RFXANK,0.350525187
NR2C2AP,0.080631601
TM6SF2,0.134371632
SUGP1,0.259557712
MAU2,0.160065157
GATAD2A,0.186021002
NDUFA13,2.231551164
LPAR2,0.10346675
GMIP,0.127104579
ATP13A1,0.215594321
ZNF506,0.292027444
ZNF93,0.100546976
ZNF90,0.158524712
ZNF737,0.066482289
ZNF66,0.100546976
ZNF85,0.020241604
ZNF430,0.368522076
ZNF708,0.044687545
ZNF738,0.026947609
ZNF493,0.050415423
ZNF429,0.009340487
ZNF100,0.297956717
ZNF43,0.066542871
ZNF724P,0.015000076
RP11-15H20.7,0.009563594
ZNF91,0.761969918
CTB-175P5.4,0.045342303
ZNF675,0.051141537
RPSAP58,0.548323818
ZNF254,0.080230255
CTC-459F4.3,0.041625042
UQCRFS1,1.961405196
POP4,0.371562178
PLEKHF1,0.011553656
C19orf12,0.033390319
URI1,0.178838361
ZNF507,0.085551976
PDCD5,0.598267564
ANKRD27,0.188325833
NUDT19,0.098857191
CEP89,0.006530553
RHPN2,0.217759506
GPATCH1,0.113362678
CEBPA,0.39024564
CEBPA-AS1,0.020019218
CTD-2540B15.9,0.100546976
CEBPG,0.673075089
PEPD,0.491641141
LSM14A,0.64535871
KIAA0355,0.385476252
GPI,0.565763416
PDCD2L,0.039158707
UBA2,0.161825484
ZNF302,0.042235437
ZNF181,0.05590402
ZNF599,0.005987909
ZNF30,0.005987909
GRAMD1A,0.005987909
FXYD3,42.62295118
LGI4,0.135974285
LSR,2.081691244
USF2,0.583959287
DMKN,0.041974286
TMEM147,0.462022739
RBM42,0.45524668
COX6B1,9.879283833
KMT2B,0.02629003
U2AF1L4,0.204584729
PSENEN,1.154343922
C19orf55,0.009340487
ARHGAP33,0.034714508
TYROBP,0.095597521
LRFN3,0.009563594
SDHAF1,0.113555201
SYNE4,0.01403527
ALKBH6,0.029138809
THAP8,0.009563594
POLR2I,0.899981799
TBCB,1.075144573
CAPNS1,1.970543932
ZNF146,0.147379835
ZFP14,0.338859937
ZFP82,0.039177584
ZNF260,0.005987909
CTD-2162K18.3,0.137151635
ZNF790,0.070768541
ZNF345,0.05750894
ZNF420,0.032526672
ZNF585A,0.133744003
HKR1,0.086374582
ZNF527,0.011442485
CTD-2086O20.3,0.008469523
SIPA1L3,0.304893518
SPINT2,3.854209066
C19orf33,5.003505644
YIF1B,0.051607841
KCNK6,0.413366155
AC026806.2,0.008282534
PSMD8,1.399759331
FAM98C,0.156593662
EIF3K,5.122555013
ACTN4,3.861528147
LGALS4,63.28445535
ECH1,2.257644016
HNRNPL,0.317109105
RINL,0.145180688
SIRT2,0.104069849
NFKBIB,0.151089978
CCER2,0.009563594
SARS2,0.029077052
MRPS12,0.553104154
PAK4,0.107478627
NCCRP1,0.083836351
GMFG,0.285436432
SAMD4B,0.384570006
PAF1,0.258318444
MED29,0.116323617
ZFP36,0.641926956
RPS16,12.42292656
SUPT5H,0.261262904
TIMM50,0.134746141
EID2,0.033616609
DYRK1B,0.029178338
FBL,0.602656309
FCGBP,3.818011692
PSMC4,0.587671326
ZNF780B,0.01781001
ZNF780A,0.137403098
AKT2,0.14976247
C19orf47,0.095085958
PLD3,0.260111208
SERTAD1,0.565133177
SERTAD3,0.274823279
BLVRB,3.093162317
SHKBP1,0.222704812
LTBP4,0.086790535
ADCK4,0.274890475
ITPKC,0.13259806
SNRPA,0.336763153
MIA,0.009340487
RAB4B,0.457447486
EGLN2,0.200965332
CYP2B6,0.280900083
CYP2S1,0.375891842
HNRNPUL1,0.547785112
TGFB1,0.017243282
CCDC97,0.171117325
TMEM91,0.028609182
B9D2,0.173978033
EXOSC5,0.12900281
B3GNT8,0.620648879
ATP5SL,0.044430255
CEACAM7,20.34954713
CEACAM5,23.85582658
CEACAM6,12.50626077
RPS19,22.63990715
CD79A,0.220528175
ARHGEF1,0.062294109
RABAC1,2.55836501
ZNF574,0.005987909
POU2F2,0.241533907
DEDD2,0.721976285
GSK3A,0.354274386
ERF,0.272734356
PAFAH1B3,0.674304293
MEGF8,0.064142036
CNFN,0.040620823
LIPE-AS1,0.044357361
CEACAM1,9.372168656
PHLDB3,0.014270443
ETHE1,9.315260865
ZNF575,0.189294326
XRCC1,0.005987909
IRGQ,0.381046586
ZNF576,0.182429292
ZNF428,0.284146213
PLAUR,0.254171633
KCNN4,0.04701376
LYPD5,0.13091747
ZNF45,0.032526672
ZNF155,0.028711127
ZNF230,0.026565223
ZNF284,0.032140286
ZNF224,0.062358671
ZNF234,0.008469523
ZNF226,0.280655993
PVR,0.336899124
BCL3,0.496225069
CBLC,0.829341211
BCAM,0.157797019
PVRL2,0.764807354
TOMM40,0.319177715
APOE,0.091444589
APOC1,0.028703083
CLPTM1,0.047663151
RELB,0.092208941
CLASRP,0.066447829
ZNF296,0.083454095
GEMIN7,0.167841888
MARK4,0.153739473
PPP1R37,0.194003198
TRAPPC6A,0.396533377
BLOC1S3,0.037721045
ERCC2,0.039815578
PPP1R13L,0.543738176
ERCC1,0.062232283
FOSB,1.724843901
RTN2,0.033616609
VASP,2.254758251
EML2,0.344464472
GIPR,0.020856275
SNRPD2,1.651821606
QPCTL,0.124180409
FBXO46,0.118809806
SIX5,0.037736988
DMWD,0.038139989
SYMPK,0.097752843
FOXA3,0.132370266
IRF2BP1,0.0450708
MYPOP,0.098546232
CCDC61,0.032002048
HIF3A,0.050415423
PPP5C,0.042821619
PPP5D1,0.09811617
CALM3,2.253680439
PRKD2,0.363864354
STRN4,0.39727104
FKRP,0.125401284
SLC1A5,1.012541895
AP2S1,2.525661336
ARHGAP35,0.596143044
TMEM160,0.610264454
ZC3H4,0.093176838
SAE1,0.348367322
BBC3,0.144955145
PRR24,0.178335205
DHX34,0.035909395
KPTN,0.135076724
NAPA,0.372442273
GLTSCR2,2.030367629
SEPW1,8.516422348
LIG1,0.008469523
CARD8,0.188383839
CTC-241F20.3,0.041405346
EMP3,0.407937426
TMEM143,0.015551503
KDELR1,1.416201759
GRWD1,0.009340487
CYTH2,0.52489505
SULT2B1,0.030419869
FAM83E,0.278170869
RPL18,17.62305424
SPHK2,0.138470036
CA11,0.005987909
FUT2,0.22995438
BCAT2,0.169335904
PLEKHA4,0.009340487
PPP1R15A,0.993811582
TULP2,0.033390319
NUCB1,0.527280902
BAX,1.352879073
FTL,47.41115386
GYS1,0.0363409
RUVBL2,0.251079927
SNRNP70,0.573306948
LIN7B,0.278426051
PPFIA3,0.248519824
TRPM4,0.945551109
CD37,0.010401411
TEAD2,0.005565747
PIH1D1,0.700517501
ALDH16A1,0.060837478
RPL13A,31.61490646
RPS11,14.2213728
FCGRT,4.002123204
RCN3,0.028685768
NOSIP,0.647808336
PRRG2,0.035865924
RRAS,0.467121673
SCAF1,0.017243282
IRF3,0.199851735
BCL2L12,0.014270443
PRMT1,0.421230042
AP2A1,0.226497138
FUZ,0.034936048
MED25,0.549674887
PTOV1,0.365152117
PNKP,0.140205599
AKT1S1,0.092401313
TBC1D17,0.024511238
NUP62,0.086075755
ATF5,0.069686751
VRK3,0.425872351
MYH14,3.181897405
CTB-191K22.5,0.066482289
NR1H2,0.394776833
POLD1,0.072180221
SPIB,6.086361782
EMC10,0.989835821
JOSD2,0.473795766
C19orf48,0.127876539
KLK1,0.289466863
CTU1,0.058117633
ETFB,2.715704934
CLDND2,0.066899383
NKG7,0.023089143
SIGLEC12,0.019139489
ZNF649,0.008469523
ZNF350,0.23242464
ZNF432,0.056833682
ZNF841,0.151535913
PPP2R1A,1.678115938
ZNF766,0.129825865
ZNF480,0.089561254
ZNF880,0.005987909
ZNF528,0.008469523
ZNF808,0.043541692
ZNF701,0.056833682
ZNF83,0.059326056
ZNF28,0.026966479
ZNF468,0.030780245
ZNF320,0.133603257
ZNF160,0.159326311
ZNF415,0.224335966
ZNF347,0.041097879
CTD-2245F17.3,0.020856275
ZNF677,0.1158384
ZNF845,0.135076724
ZNF525,0.024898414
MYADM,0.14512269
OSCAR,0.019139489
NDUFA3,2.442867771
TFPT,0.127293131
PRPF31,0.166115871
CNOT3,0.232747202
LENG1,0.189244642
TMC4,1.507342154
MBOAT7,0.339060566
TSEN34,0.633815919
RPS9,17.61616087
LENG8-AS1,0.029178338
LENG8,0.479380715
LENG9,0.095953888
CDC42EP5,3.808018622
LAIR2,0.005987909
LILRB1,0.019139489
RDH13,0.187775993
EPS8L1,0.255099031
PPP1R12C,0.459437109
PTPRH,0.369685973
PPP6R1,0.132649933
HSPBP1,0.288175902
SUV420H2,0.239897071
TMEM238,2.356513512
RPL28,23.71528964
UBE2S,0.334416611
ISOC2,0.765510462
ZNF628,0.011442485
ZNF579,0.019045588
FIZ1,0.068635301
ZNF524,0.427564843
ZNF784,0.038898205
ZNF580,0.038852207
ZNF581,0.015328396
U2AF2,0.304543747
CTD-2537I9.12,0.052529808
EPN1,1.512754964
ZNF787,0.123278016
ZNF444,0.040483208
ZNF582,0.056833682
ZFP28,0.006530553
ZNF264,0.005565747
ZNF460,0.029921486
CTC-444N24.11,0.081575346
TRAPPC2P1,0.071421503
ZNF17,0.047366427
ZNF419,0.017607122
ZNF550,0.016726436
ZNF776,0.032526672
ZNF552,0.175104404
ZNF814,0.225793065
ZNF587,0.289505957
ZNF417,0.09811617
ZNF606,0.030419869
ZNF135,0.006530553
ZNF329,0.008469523
ZNF274,0.098695642
ZNF544,0.071605738
CTD-3138B18.5,0.017430395
AC010642.1,0.171012483
A1BG,0.024898414
ZNF837,0.024898414
RPS5,12.18819923
ZNF324,0.098008468
ZNF446,0.064121004
TRIM28,0.503658981
CHMP2A,3.307821713
UBE2M,0.550597275
MZF1,0.138804413
ZFY,0.029921486
TPTEP1,0.199298469
IL17RA,0.033521397
CECR5,0.288946723
CECR1,0.117102068
ATP6V1E1,1.304347402
BCL2L13,0.135322491
BID,0.50346364
MICAL3,0.167287156
XXbac-B476C20.9,0.091208863
PEX26,0.986670546
USP18,0.022171769
DGCR2,0.266045129
DGCR14,0.005987909
SLC25A1,1.023664831
HIRA,0.091167059
C22orf39,0.083960773
MRPL40,0.563428646
UFD1L,0.997089861
GNB1L,0.048122457
TXNRD2,0.119213489
COMT,0.288536411
TANGO2,0.020856275
DGCR8,0.137151635
TRMT2A,0.097067409
RANBP1,0.749972535
DGCR6L,0.325315568
AC023490.1,0.024898414
MED15,0.682047867
PI4KA,0.103593391
SNAP29,0.164396466
CRKL,0.058641861
XXbac-B135H6.15,0.020019218
AIFM3,0.092539425
LZTR1,0.009340487
XXbac-B135H6.18,0.016726436
THAP7,0.127200526
HIC2,0.198776501
TMEM191C,0.035909395
UBE2L3,1.587684287
YDJC,0.102507473
SDF2L1,1.161735573
PPIL2,0.388038869
MAPK1,0.646596397
TOP3B,0.009563594
LL22NC03-2H8.5,0.164430413
IGLL5,12.32212127
BCR,0.059708465
CHCHD10,5.039549736
SMARCB1,0.263600397
DERL3,0.059390556
KB-1125A3.11,0.010401411
MIF,0.987315122
AP000350.4,0.029370301
DDT,2.69638117
KB-226F1.1,0.005987909
GSTT1,0.207977678
CABIN1,0.046122358
SPECC1L,0.25534364
GUCD1,0.769260569
SNRPD3,1.037845673
KIAA1671,0.408785572
CRYBB2,0.016726436
LRP5L,0.019139489
HPS4,0.126489287
TFIP11,0.103686222
CTA-445C9.15,0.046711238
TPST2,0.071678389
MIAT,0.043724898
PITPNB,0.043147123
HSCB,0.07104233
CCDC117,0.017243282
XBP1,0.938423611
CTA-292E10.6,0.065303205
ZNRF3,0.020241604
KREMEN1,0.126860049
RHBDD3,0.062254656
EWSR1,1.09044477
GAS2L1,0.074330122
AP1B1,0.234164746
NIPSNAP1,0.226750925
NF2,0.073406968
ZMAT5,0.069750548
UQCR10,6.133553975
ASCC2,0.277012676
MTMR3,0.110886624
GATSL3,0.005565747
TBC1D10A,0.222843255
SF3A1,0.269064629
MTFP1,0.09811617
GAL3ST1,0.255718406
PES1,0.091843339
TCN2,0.085899058
SLC35E4,0.057392083
DUSP18,0.149898021
MORC2-AS1,0.056376429
MORC2,0.121410765
TUG1,0.848471122
SMTN,0.020241604
SELM,0.018680974
INPP5J,0.383520799
RNF185,0.131998687
LIMK2,0.14825912
PIK3IP1,0.005565747
DRG1,0.083278783
EIF4ENIF1,0.018367767
SFI1,0.165343915
PISD,0.078069494
PRR14L,0.793760313
DEPDC5,0.017243282
YWHAH,1.11812698
SLC5A1,0.088628942
RTCB,1.518284814
FBXO7,0.355886536
LARGE,0.192859026
ISX,0.62283867
HMGXB4,0.229277337
TOM1,0.060364856
HMOX1,0.141232727
MCM5,0.005565747
MB,0.006530553
APOL6,1.006760472
RBFOX2,0.269019831
APOL2,0.384723526
APOL1,0.082814277
MYH9,3.106211431
TXN2,0.640534522
EIF3D,0.821464874
IFT27,0.232673067
NCF4,0.09766655
TST,7.229707492
MPST,3.175334851
KCTD17,0.239880631
RAC2,0.1614
CARD10,0.073208506
CDC42EP1,0.169340345
LGALS2,0.189745078
GGA1,0.720226753
SH3BP1,0.384864906
LGALS1,0.698236368
NOL12,0.244054847
TRIOBP,0.3275661
H1F0,1.025235805
GCAT,0.059326056
ANKRD54,0.072629911
EIF3L,0.954839638
MICALL1,0.094241735
POLR2F,0.858228233
PICK1,0.233079662
BAIAP2L2,0.601103727
PLA2G6,0.034462009
MAFF,0.41296674
TMEM184B,0.019056661
CSNK1E,0.133575796
KDELR3,0.044600627
DDX17,2.297820245
CBY1,0.11776122
TOMM22,0.648344701
JOSD1,0.43854947
GTPBP1,0.382387852
SUN2,0.205944558
RP3-508I15.14,0.051225309
RP3-508I15.21,0.073425752
DNAL4,0.170372846
CBX6,0.020019218
APOBEC3B,0.164542042
APOBEC3C,0.045185078
APOBEC3F,0.008282534
CBX7,0.133744003
RPL3,20.11084166
TAB1,0.008469523
MIEF1,0.302299692
ATF4,1.524410051
RPS19BP1,1.164582162
FAM83F,0.172184459
TNRC6B,0.811713253
ADSL,0.246093411
SGSM3,0.608987744
RP5-1042K10.10,0.130118218
MKL1,0.120882733
SLC25A17,0.25713569
ST13,1.669299752
XPNPEP3,0.055114638
RBX1,1.599406531
EP300,0.548446871
L3MBTL2,0.006530553
RANGAP1,0.010401411
ZC3H7B,0.185662599
TEF,0.127843017
TOB2,0.941950559
PHF5A,0.323835128
ACO2,1.184873932
POLR3H,0.169641337
PMM1,0.699441038
DESI1,0.245736303
XRCC6,0.768509953
NHP2L1,1.228818164
C22orf46,0.112828591
CCDC134,0.005987909
RP5-821D11.7,0.135076724
SREBF2,0.328319859
WBP2NL,0.019139489
NAGA,0.203914153
FAM109B,0.057463785
SMDT1,1.846238517
NDUFA6,1.993266922
CYP2D6,0.013068752
TCF20,0.171643226
Z83851.4,0.026860925
RRP7A,0.173024887
POLDIP3,0.111872759
RNU12,0.009563594
CYB5R3,0.403686204
ARFGAP3,0.469081067
PACSIN2,0.778333155
TTLL1,0.048850785
BIK,0.916668395
MCAT,0.208471114
TSPO,6.840849839
TTLL12,0.204556421
SAMM50,0.152481798
PRR5,0.030574717
CTA-217C2.1,0.064856626
NUP50,0.524416184
KIAA0930,0.070033927
UPK3A,0.016697241
FAM118A,0.27250197
ATXN10,0.218817665
RP6-109B7.3,0.203448624
FLJ27365,0.047528608
PPARA,1.062250744
TTC38,0.574419721
TRMU,0.300672388
GRAMD4,0.294104271
CERK,0.425876233
CTA-29F11.1,0.014457432
TBC1D22A,0.473408672
BRD1,0.213803278
ZBED4,0.070584649
ALG12,0.066557124
CRELD2,0.367956358
PIM3,0.558950616
TRABD,0.482853214
SELO,0.065292402
TUBGCP6,0.026076645
HDAC10,0.083416391
PLXNB2,0.584425746
DENND6B,0.038156193
PPP6R2,0.324775796
SBF1,0.150388838
LMF2,0.289775233
NCAPH2,0.094467894
SCO2,1.19557698
TYMP,0.828333611
ODF3B,0.073425752
CHKB,0.010401411
CHKB-AS1,0.199298469
ARSA,0.37724618
RABL2B,0.032962445
NRIP1,0.701091401
USP25,0.227872939
CXADR,1.36263012
BTG3,0.116718627
C21orf91,0.020241604
MRPL39,0.165369108
ATP5J,5.643248453
GABPA,0.0730231
APP,1.458107662
ADAMTS5,0.103339947
N6AMT1,0.040996195
LTN1,0.149053653
RWDD2B,0.009340487
USP16,1.057994228
CCT8,1.059412573
BACH1,0.600141498
TIAM1,0.175598555
SOD1,4.068260113
SCAF4,0.029921486
HUNK,0.029921486
MIS18A,0.104204974
URB1,0.011442485
C21orf119,0.040042398
C21orf59,0.189293252
SYNJ1,0.024898414
PAXBP1,0.268925565
IFNAR2,0.005565747
IL10RB-AS1,0.022905519
IL10RB,1.214350146
IFNAR1,1.059029062
IFNGR2,0.727419522
TMEM50B,0.661556224
GART,0.140247584
SON,2.855111758
DONSON,0.029623661
CRYZL1,0.036225511
ITSN1,0.235495848
ATP5O,3.521596512
LINC00649,0.06170501
MRPS6,1.330004884
SMIM11,0.011975818
RCAN1,0.547074301
RUNX1,0.066091933
SETD4,0.051225309
CBR1,0.798301588
DOPEY2,0.359842434
AP000692.10,0.022171769
MORC3,0.139160596
CHAF1B,0.005565747
HLCS,0.115716661
PIGP,0.210160164
TTC3,0.835312893
DSCR3,0.062446851
AP001412.1,0.005565747
DYRK1A,0.476891857
ETS2,0.54681595
PSMG1,0.250280718
BRWD1,0.550408697
HMGN1,2.644321459
WRB,0.056604483
SH3BGR,0.029370301
B3GALT5,0.652219271
BACE2,0.526605475
FAM3B,0.04162485
MX1,0.121745723
TMPRSS2,2.615505053
AP006748.1,0.025889656
RIPK4,0.124180409
C2CD2,0.057977737
ZBTB21,0.179757626
ABCG1,0.006530553
TFF3,13.98739086
TFF1,4.112613893
RSPH1,0.172753799
SLC37A1,0.76360327
PDE9A,0.913514654
WDR4,0.022130815
NDUFV3,0.527001663
PKNOX1,0.304724622
U2AF1,2.03242751
SIK1,0.252878707
RRP1B,0.151063162
PDXK,1.191675673
CSTB,6.035908115
RRP1,0.040204886
AP001053.11,0.064493073
AGPAT3,0.688262789
TRAPPC10,0.907706263
PWP2,0.310366479
C21orf33,0.664076888
PFKL,1.993588118
C21orf2,0.178505069
AP001062.7,0.042235437
UBE2G2,0.1456802
SUMO3,0.904243618
PTTG1IP,2.998431117
C21orf67,0.026990845
FAM207A,0.21557622
LINC00205,0.009340487
COL18A1,0.020019218
SLC19A1,0.214055216
COL6A2,0.030196762
SPATC1L,0.162444693
LSS,0.005987909
MCM3AP,0.163290299
YBEY,0.201381154
C21orf58,0.009340487
PCNT,0.073445592
DIP2A,0.215080397
PRMT2,0.267009575
MT-ND1,12.8825109
MT-ND2,15.60383915
MT-CO1,45.99789431
MT-CO2,47.98150876
MT-ATP8,0.74242366
MT-ATP6,23.91998529
MT-CO3,48.63423445
MT-ND3,17.11317918
MT-ND4L,2.098606204
MT-ND4,26.26292644
MT-ND5,5.979770493
MT-ND6,0.420106059
MT-CYB,25.28919858
AL592183.1,0.142156335
KLHDC7A,0.024898414
RP11-73M7.1,0.005987909
MAB21L3,0.033616609
CA14,0.009340487
TSACC,0.005565747
C4BPA,0.745096651
DRC1,0.005565747
C2orf61,0.022171769
MEIS1-AS2,0.146867014
NAT8,0.009563594
AC015971.2,0.032140286
SATB2-AS1,0.185585519
CXCR2,0.006530553
AGXT,0.103339947
AC069277.2,0.009563594
CCDC13,0.167624575
VEPH1,0.075632054
CWH43,0.220470261
RP11-100N20.1,0.017243282
IRX2,0.020549071
GPR98,0.035299826
RP11-526F3.1,0.109844429
CTC-251D13.1,0.019139489
CTC-558O2.1,0.038139989
RP11-79N23.1,0.024898414
COL9A1,0.058884946
RP1-60O19.1,0.070974336
RP1-170O19.14,0.13091747
AC004009.3,0.005565747
EGFR-AS1,0.033616609
CNTFR,0.156133333
XXyac-YM21GA2.4,0.009340487
RP11-508N12.2,0.008469523
GFI1B,0.182993401
LCN15,0.722961249
GRIN1,0.008469523
LINC00704,0.013068752
TMEM72,0.029370301
LINC00842,0.064234327
RP11-227H15.4,0.143769051
RP11-429H9.4,0.088929994
KRTAP5-2,0.072296125
HBB,0.008469523
RP11-265D17.2,0.008469523
CNTF,0.03047294
MS4A12,3.883691201
SLC2A14,0.088929994
RP11-283G6.4,0.083836351
RP11-335O4.3,0.09811617
RP11-511B23.2,0.047676043
RP11-511B23.3,0.093689102
RP11-575F12.1,0.009563594
NOVA1-AS1,0.040512641
HHIPL1,0.124180409
CTD-2033D15.1,0.072296125
RP11-209E8.1,0.03830361
CYP1A1,0.03830361
NRG4,0.1348663
RP11-285A1.1,0.005565747
SHISA9,0.050997441
AQP8,1.652203405
EVPLL,0.008282534
PRAC1,0.401015231
PRAC2,0.066255838
HOXB13,0.197715634
OTOP2,17.64566617
OTOP3,0.650312069
RP1-63M2.6,0.125401284
CEACAM3,0.46560491
CEACAM8,0.027386828
RP11-15A1.7,0.039177584
RPS4Y1,1.050289247
LINC00278,0.03047294
DDX3Y,0.165549664
UTY,0.081895275
TMSB4Y,0.057199142
TTTY14,0.03165795
KDM5D,0.139722718
EIF1AY,0.397784663
CLDN8,0.176619465
RIPPLY3,0.005987909
C21orf88,0.110203594
RP4-601K24.1,0.056541017
RP11-458D21.6,0.005565747
LIMS3-ENSG00000257207,0.055114638
HOXD13,0.010401411
ALPPL2,0.008282534
RP11-586D19.1,0.009563594
AC093323.1,0.019139489
RP11-689K5.3,0.014270443
CTD-2636A23.2,0.057603687
hsa-mir-335,0.019139489
RP11-27N21.3,0.017607122
AF186192.1,0.009340487
PARD3-AS1,0.008282534
RP11-123B3.2,0.050415423
RP11-467L20.10,0.077639752
AC068831.15,0.13091747
AC009065.1,0.017607122
C20ORF135,0.020019218
KLK7,0.022171769
RP11-542G1.1,0.008282534
RP11-380D23.2,0.041625042
RP3-413H6.2,0.080220768
RP5-964N17.1,0.020856275
RP11-185E8.1,0.013068752
AP001171.1,0.175627025
USH1G,0.057603687
CTB-102L5.4,0.095085958
GS1-179L18.1,0.032002048
LINC00359,0.005987909
RP11-152H18.4,0.029921486
RP11-352D13.5,0.029921486
EVX2,0.064234327
