pathogen_accession	human_accession	pathogen_name	pathogen_protein_name	human_protein_name	supporting_rows	taxonomy_ids	methods	pubmed_ids
Q56921	P61586	Yersinia enterocolitica	Q56921_YEREN	RHOA_HUMAN	1	630	anti tag coimmunoprecipitation	20553488
Q56921	Q96FW1	Yersinia enterocolitica	Q56921_YEREN	OTUB1_HUMAN	1	630	anti tag coimmunoprecipitation	20553488
O52162	P45985	Yersinia enterocolitica	O52162_YEREN	MP2K4_HUMAN	1	630	pull down	16845370
O52162	Q15750	Yersinia enterocolitica	O52162_YEREN	TAB1_HUMAN	1	630	pull down	16845370
O52162	A8K6K3	Yersinia enterocolitica	O52162_YEREN	A8K6K3_HUMAN	1	630	pull down	16845370
Q93KU8	Q15418	Yersinia enterocolitica	Q93KU8_YEREN	KS6A1_HUMAN	2	630	affinity chromatography technology;coimmunoprecipitation	12626518
Q93KU8	Q16513	Yersinia enterocolitica	Q93KU8_YEREN	PKN2_HUMAN	2	630	affinity chromatography technology;coimmunoprecipitation	12626518
Q9RI12	Q96FW1	Yersinia pestis	YPKA_YERPE	OTUB1_HUMAN	3	632	affinity chromatography technology;anti tag coimmunoprecipitation;protein kinase assay	16364312
Q7ARN6	P63000	Yersinia pestis	Q7ARN6_YERPE	RAC1_HUMAN	1	632	two hybrid pooling approach	20711500
Q74YG7	Q9HD26	Yersinia pestis	Q74YG7_YERPE	GOPC_HUMAN	1	632	two hybrid pooling approach	20711500
Q8D0Q9	O43491	Yersinia pestis	Q8D0Q9_YERPE	E41L2_HUMAN	1	632	two hybrid pooling approach	20711500
Q0WAP0	Q9P0K7	Yersinia pestis	UBID_YERPE	RAI14_HUMAN	1	632	two hybrid pooling approach	20711500
Q7CG16	O75530	Yersinia pestis	Q7CG16_YERPE	EED_HUMAN	1	632	two hybrid pooling approach	20711500
Q7CHF5	P41227	Yersinia pestis	Q7CHF5_YERPE	NAA10_HUMAN	1	632	two hybrid pooling approach	20711500
Q8D072	Q5R372	Yersinia pestis	Q8D072_YERPE	RBG1L_HUMAN	1	632	two hybrid pooling approach	20711500
Q8ZAL3	Q53G59	Yersinia pestis	METE_YERPE	KLH12_HUMAN	1	632	two hybrid pooling approach	20711500
Q8D1P6	Q12882	Yersinia pestis	Q8D1P6_YERPE	DPYD_HUMAN	1	632	two hybrid pooling approach	20711500
Q8CL89	Q9HCK8	Yersinia pestis	Q8CL89_YERPE	CHD8_HUMAN	1	632	two hybrid pooling approach	20711500
Q8CZR5	P14373	Yersinia pestis	Q8CZR5_YERPE	TRI27_HUMAN	1	632	two hybrid pooling approach	20711500
Q7CIZ2	P19838	Yersinia pestis	Q7CIZ2_YERPE	NFKB1_HUMAN	1	632	two hybrid pooling approach	20711500
Q7CIK3	P19838	Yersinia pestis	Q7CIK3_YERPE	NFKB1_HUMAN	1	632	two hybrid pooling approach	20711500
Q7CG67	Q8N3D4	Yersinia pestis	Q7CG67_YERPE	EH1L1_HUMAN	1	632	two hybrid pooling approach	20711500
Q7CL98	Q13352	Yersinia pestis	Q7CL98_YERPE	CENPR_HUMAN	1	632	two hybrid pooling approach	20711500
Q8Z9R8	P42226	Yersinia pestis	MNMG_YERPE	STAT6_HUMAN	1	632	two hybrid pooling approach	20711500
Q7CHZ9	Q7Z7A1	Yersinia pestis	Q7CHZ9_YERPE	CNTRL_HUMAN	1	632	two hybrid pooling approach	20711500
Q7CGS9	P10619	Yersinia pestis	Q7CGS9_YERPE	PPGB_HUMAN	1	632	two hybrid pooling approach	20711500
Q7ARN5	Q9NYY3	Yersinia pestis	Q7ARN5_YERPE	PLK2_HUMAN	1	632	two hybrid pooling approach	20711500
Q7CFY4	Q8N2S1	Yersinia pestis	Q7CFY4_YERPE	LTBP4_HUMAN	1	632	two hybrid pooling approach	20711500
Q7CL79	Q9BUH6	Yersinia pestis	Q7CL79_YERPE	PAXX_HUMAN	1	632	two hybrid pooling approach	20711500
P31491	Q7LBR1	Yersinia pestis	YERA_YERPE	CHM1B_HUMAN	1	632	two hybrid pooling approach	20711500
Q7CGI0	O00560	Yersinia pestis	FTSP_YERPE	SDCB1_HUMAN	1	632	two hybrid pooling approach	20711500
O68776	P26599	Yersinia pestis	O68776_YERPE	PTBP1_HUMAN	1	632	two hybrid pooling approach	20711500
Q7CIA4	O00165	Yersinia pestis	Q7CIA4_YERPE	HAX1_HUMAN	1	632	two hybrid pooling approach	20711500
Q7CHD3	P09488	Yersinia pestis	Q7CHD3_YERPE	GSTM1_HUMAN	1	632	two hybrid pooling approach	20711500
Q8ZGX4	Q9HCK8	Yersinia pestis	6PGL_YERPE	CHD8_HUMAN	1	632	two hybrid pooling approach	20711500
Q8D017	Q9Y3C0	Yersinia pestis	Q8D017_YERPE	CCD53_HUMAN	1	632	two hybrid pooling approach	20711500
Q8ZHK5	Q9UK61	Yersinia pestis	SYK_YERPE	TASOR_HUMAN	1	632	two hybrid pooling approach	20711500
Q7CGN8	Q13137	Yersinia pestis	Q7CGN8_YERPE	CACO2_HUMAN	1	632	two hybrid pooling approach	20711500
Q7CK71	Q8WWM7	Yersinia pestis	Q7CK71_YERPE	ATX2L_HUMAN	1	632	two hybrid pooling approach	20711500
Q8ZD84	Q02410	Yersinia pestis	GRCA_YERPE	APBA1_HUMAN	1	632	two hybrid pooling approach	20711500
Q7CFN0	P63279	Yersinia pestis	Q7CFN0_YERPE	UBC9_HUMAN	1	632	two hybrid pooling approach	20711500
Q7CGH7	Q96Q15	Yersinia pestis	Q7CGH7_YERPE	SMG1_HUMAN	1	632	two hybrid pooling approach	20711500
Q8D017	Q13435	Yersinia pestis	Q8D017_YERPE	SF3B2_HUMAN	1	632	two hybrid pooling approach	20711500
Q8D078	O00560	Yersinia pestis	Q8D078_YERPE	SDCB1_HUMAN	1	632	two hybrid pooling approach	20711500
Q8ZED8	Q9BX97	Yersinia pestis	RNB_YERPE	PLVAP_HUMAN	1	632	two hybrid pooling approach	20711500
Q8ZGK8	Q8N3S3	Yersinia pestis	UXUA_YERPE	PHTF2_HUMAN	1	632	two hybrid pooling approach	20711500
Q7CII8	Q96HC4	Yersinia pestis	Q7CII8_YERPE	PDLI5_HUMAN	1	632	two hybrid pooling approach	20711500
Q8ZH00	Q13287	Yersinia pestis	SUCC_YERPE	NMI_HUMAN	1	632	two hybrid pooling approach	20711500
Q7ARN5	P19838	Yersinia pestis	Q7ARN5_YERPE	NFKB1_HUMAN	1	632	two hybrid pooling approach	20711500
Q8CK76	P09488	Yersinia pestis	Q8CK76_YERPE	GSTM1_HUMAN	1	632	two hybrid pooling approach	20711500
Q8D017	Q12841	Yersinia pestis	Q8D017_YERPE	FSTL1_HUMAN	1	632	two hybrid pooling approach	20711500
Q8CZU8	Q9NZB2	Yersinia pestis	Q8CZU8_YERPE	F120A_HUMAN	1	632	two hybrid pooling approach	20711500
Q7CKW7	A5YKK6	Yersinia pestis	Q7CKW7_YERPE	CNOT1_HUMAN	1	632	two hybrid pooling approach	20711500
Q7CJK1	P46379	Yersinia pestis	Q7CJK1_YERPE	BAG6_HUMAN	1	632	two hybrid pooling approach	20711500
Q7CIZ0	Q5BKZ1	Yersinia pestis	Q7CIZ0_YERPE	ZN326_HUMAN	1	632	two hybrid pooling approach	20711500
Q8D014	P42226	Yersinia pestis	Q8D014_YERPE	STAT6_HUMAN	1	632	two hybrid pooling approach	20711500
Q7CL26	Q9H173	Yersinia pestis	Q7CL26_YERPE	SIL1_HUMAN	1	632	two hybrid pooling approach	20711500
Q8D1A1	O43865	Yersinia pestis	Q8D1A1_YERPE	SAHH2_HUMAN	1	632	two hybrid pooling approach	20711500
Q74Q56	Q969X0	Yersinia pestis	SGRR_YERPE	RIPL2_HUMAN	1	632	two hybrid pooling approach	20711500
Q7CHK4	Q6YHU6	Yersinia pestis	Q7CHK4_YERPE	THADA_HUMAN	1	632	two hybrid pooling approach	20711500
Q8ZGA1	Q12899	Yersinia pestis	MUKF_YERPE	TRI26_HUMAN	1	632	two hybrid pooling approach	20711500
Q8D0D3	Q32P51	Yersinia pestis	Q8D0D3_YERPE	RA1L2_HUMAN	1	632	two hybrid pooling approach	20711500
Q7CKD4	P30520	Yersinia pestis	MTNN_YERPE	PURA2_HUMAN	1	632	two hybrid pooling approach	20711500
Q7ARD3	Q9NRY6	Yersinia pestis	Q7ARD3_YERPE	PLS3_HUMAN	1	632	two hybrid pooling approach	20711500
Q7CIR2	P19838	Yersinia pestis	Q7CIR2_YERPE	NFKB1_HUMAN	1	632	two hybrid pooling approach	20711500
P58497	Q8N2S1	Yersinia pestis	MODE_YERPE	LTBP4_HUMAN	1	632	two hybrid pooling approach	20711500
Q7CGZ2	P52272	Yersinia pestis	LPLT_YERPE	HNRPM_HUMAN	1	632	two hybrid pooling approach	20711500
Q8ZBM0	P30519	Yersinia pestis	CLCA_YERPE	HMOX2_HUMAN	1	632	two hybrid pooling approach	20711500
Q7CKD3	Q7L622	Yersinia pestis	Q7CKD3_YERPE	G2E3_HUMAN	1	632	two hybrid pooling approach	20711500
Q8D1K0	Q12882	Yersinia pestis	XERC_YERPE	DPYD_HUMAN	1	632	two hybrid pooling approach	20711500
Q7CL55	Q12882	Yersinia pestis	Q7CL55_YERPE	DPYD_HUMAN	1	632	two hybrid pooling approach	20711500
Q7CKF8	Q12882	Yersinia pestis	Q7CKF8_YERPE	DPYD_HUMAN	1	632	two hybrid pooling approach	20711500
Q7CH96	Q12882	Yersinia pestis	Q7CH96_YERPE	DPYD_HUMAN	1	632	two hybrid pooling approach	20711500
Q8ZAC2	Q14839	Yersinia pestis	ILVC_YERPE	CHD4_HUMAN	1	632	two hybrid pooling approach	20711500
Q7CIT3	Q99459	Yersinia pestis	Q7CIT3_YERPE	CDC5L_HUMAN	1	632	two hybrid pooling approach	20711500
Q7CJA6	Q9UK61	Yersinia pestis	Q7CJA6_YERPE	TASOR_HUMAN	1	632	two hybrid pooling approach	20711500
Q8D166	Q6PKC3	Yersinia pestis	Q8D166_YERPE	TXD11_HUMAN	1	632	two hybrid pooling approach	20711500
Q7ARD3	Q9GZM7	Yersinia pestis	Q7ARD3_YERPE	TINAL_HUMAN	1	632	two hybrid pooling approach	20711500
Q8D1B7	Q10587	Yersinia pestis	Q8D1B7_YERPE	TEF_HUMAN	1	632	two hybrid pooling approach	20711500
Q8D1B3	Q3YBR2	Yersinia pestis	Q8D1B3_YERPE	TBRG1_HUMAN	1	632	two hybrid pooling approach	20711500
Q8D1A1	Q4VX76	Yersinia pestis	Q8D1A1_YERPE	SYTL3_HUMAN	1	632	two hybrid pooling approach	20711500
Q7ARD3	Q9NY15	Yersinia pestis	Q7ARD3_YERPE	STAB1_HUMAN	1	632	two hybrid pooling approach	20711500
Q7CIH0	Q9UNH7	Yersinia pestis	Q7CIH0_YERPE	SNX6_HUMAN	1	632	two hybrid pooling approach	20711500
Q8CLS0	Q9BYB0	Yersinia pestis	Q8CLS0_YERPE	SHAN3_HUMAN	1	632	two hybrid pooling approach	20711500
Q7CL03	Q9BYB0	Yersinia pestis	Q7CL03_YERPE	SHAN3_HUMAN	1	632	two hybrid pooling approach	20711500
Q7CIG9	O43765	Yersinia pestis	Q7CIG9_YERPE	SGTA_HUMAN	1	632	two hybrid pooling approach	20711500
Q8D1R9	Q16181	Yersinia pestis	Q8D1R9_YERPE	SEPT7_HUMAN	1	632	two hybrid pooling approach	20711500
Q7CIC5	O00560	Yersinia pestis	Q7CIC5_YERPE	SDCB1_HUMAN	1	632	two hybrid pooling approach	20711500
Q7CFZ2	O00560	Yersinia pestis	Q7CFZ2_YERPE	SDCB1_HUMAN	1	632	two hybrid pooling approach	20711500
Q8CZW3	Q6ZNA4	Yersinia pestis	Q8CZW3_YERPE	RN111_HUMAN	1	632	two hybrid pooling approach	20711500
Q7CG19	Q9H0Z9	Yersinia pestis	Q7CG19_YERPE	RBM38_HUMAN	1	632	two hybrid pooling approach	20711500
Q74YJ4	P52565	Yersinia pestis	Q74YJ4_YERPE	GDIR1_HUMAN	1	632	two hybrid pooling approach	20711500
Q8ZEG9	P49585	Yersinia pestis	TRPB_YERPE	PCY1A_HUMAN	1	632	two hybrid pooling approach	20711500
Q7ARD3	O94913	Yersinia pestis	Q7ARD3_YERPE	PCF11_HUMAN	1	632	two hybrid pooling approach	20711500
Q7CHC7	Q9UHY1	Yersinia pestis	Q7CHC7_YERPE	NRBP_HUMAN	1	632	two hybrid pooling approach	20711500
Q7CHW5	P19838	Yersinia pestis	Q7CHW5_YERPE	NFKB1_HUMAN	1	632	two hybrid pooling approach	20711500
Q7CHE1	O14686	Yersinia pestis	Q7CHE1_YERPE	KMT2D_HUMAN	1	632	two hybrid pooling approach	20711500
Q7CJI0	P31153	Yersinia pestis	Q7CJI0_YERPE	METK2_HUMAN	1	632	two hybrid pooling approach	20711500
Q9ZFR9	Q9P267	Yersinia pestis	URE1_YERPE	MBD5_HUMAN	1	632	two hybrid pooling approach	20711500
Q7CG97	Q9P267	Yersinia pestis	Q7CG97_YERPE	MBD5_HUMAN	1	632	two hybrid pooling approach	20711500
Q7CGN3	Q96QZ7	Yersinia pestis	Q7CGN3_YERPE	MAGI1_HUMAN	1	632	two hybrid pooling approach	20711500
Q8ZAE1	O60664	Yersinia pestis	WECA_YERPE	PLIN3_HUMAN	1	632	two hybrid pooling approach	20711500
Q7CIT3	O95382	Yersinia pestis	Q7CIT3_YERPE	M3K6_HUMAN	1	632	two hybrid pooling approach	20711500
Q8ZJC4	Q9Y2U9	Yersinia pestis	KEFB_YERPE	KLDC2_HUMAN	1	632	two hybrid pooling approach	20711500
Q8ZFX8	O15033	Yersinia pestis	HIS5_YERPE	AREL1_HUMAN	1	632	two hybrid pooling approach	20711500
Q7CFX2	Q9UBN7	Yersinia pestis	Q7CFX2_YERPE	HDAC6_HUMAN	1	632	two hybrid pooling approach	20711500
Q7CIE3	Q99714	Yersinia pestis	Q7CIE3_YERPE	HCD2_HUMAN	1	632	two hybrid pooling approach	20711500
Q8D0N2	O14908	Yersinia pestis	Q8D0N2_YERPE	GIPC1_HUMAN	1	632	two hybrid pooling approach	20711500
Q7ARF1	P06396	Yersinia pestis	Q7ARF1_YERPE	GELS_HUMAN	1	632	two hybrid pooling approach	20711500
Q8CZR5	Q96RU3	Yersinia pestis	Q8CZR5_YERPE	FNBP1_HUMAN	1	632	two hybrid pooling approach	20711500
Q7CKD3	P15036	Yersinia pestis	Q7CKD3_YERPE	ETS2_HUMAN	1	632	two hybrid pooling approach	20711500
P58680	O00748	Yersinia pestis	ISPH_YERPE	EST2_HUMAN	1	632	two hybrid pooling approach	20711500
Q7CG16	P0C0L4	Yersinia pestis	Q7CG16_YERPE	CO4A_HUMAN	1	632	two hybrid pooling approach	20711500
Q7CFW0	Q9H9A5	Yersinia pestis	Q7CFW0_YERPE	CNO10_HUMAN	1	632	two hybrid pooling approach	20711500
Q9F286	P46379	Yersinia pestis	Q9F286_YERPE	BAG6_HUMAN	1	632	two hybrid pooling approach	20711500
Q9ZC50	Q99941	Yersinia pestis	Q9ZC50_YERPE	ATF6B_HUMAN	1	632	two hybrid pooling approach	20711500
Q8ZCW1	Q68CP9	Yersinia pestis	MDTA_YERPE	ARID2_HUMAN	1	632	two hybrid pooling approach	20711500
Q8ZAA2	Q15942	Yersinia pestis	MURI_YERPE	ZYX_HUMAN	1	632	two hybrid pooling approach	20711500
Q7CHH9	P15822	Yersinia pestis	Q7CHH9_YERPE	ZEP1_HUMAN	1	632	two hybrid pooling approach	20711500
Q8ZCW1	P15822	Yersinia pestis	MDTA_YERPE	ZEP1_HUMAN	1	632	two hybrid pooling approach	20711500
Q7CJ72	Q6PKC3	Yersinia pestis	RLMF_YERPE	TXD11_HUMAN	1	632	two hybrid pooling approach	20711500
Q8CKX2	Q12931	Yersinia pestis	Q8CKX2_YERPE	TRAP1_HUMAN	1	632	two hybrid pooling approach	20711500
Q7CIK1	O95271	Yersinia pestis	Q7CIK1_YERPE	TNKS1_HUMAN	1	632	two hybrid pooling approach	20711500
Q8Z9R8	Q8N4L2	Yersinia pestis	MNMG_YERPE	TM55A_HUMAN	1	632	two hybrid pooling approach	20711500
Q8D090	Q9GZM7	Yersinia pestis	Q8D090_YERPE	TINAL_HUMAN	1	632	two hybrid pooling approach	20711500
Q7CGF0	Q9UGI8	Yersinia pestis	Q7CGF0_YERPE	TES_HUMAN	1	632	two hybrid pooling approach	20711500
Q7CHZ9	Q10587	Yersinia pestis	Q7CHZ9_YERPE	TEF_HUMAN	1	632	two hybrid pooling approach	20711500
Q7CHU1	Q10587	Yersinia pestis	MTFA_YERPE	TEF_HUMAN	1	632	two hybrid pooling approach	20711500
Q8ZEX9	Q9H2D6	Yersinia pestis	HEM1_YERPE	TARA_HUMAN	1	632	two hybrid pooling approach	20711500
Q8D008	Q03518	Yersinia pestis	Q8D008_YERPE	TAP1_HUMAN	1	632	two hybrid pooling approach	20711500
Q8ZHE6	O95793	Yersinia pestis	MLTC_YERPE	STAU1_HUMAN	1	632	two hybrid pooling approach	20711500
Q8CWI4	Q9NY15	Yersinia pestis	Q8CWI4_YERPE	STAB1_HUMAN	1	632	two hybrid pooling approach	20711500
Q7CKK4	Q9NY15	Yersinia pestis	Q7CKK4_YERPE	STAB1_HUMAN	1	632	two hybrid pooling approach	20711500
Q7CI05	O94864	Yersinia pestis	Q7CI05_YERPE	ST65G_HUMAN	1	632	two hybrid pooling approach	20711500
Q8D0W1	Q9Y5X1	Yersinia pestis	Q8D0W1_YERPE	SNX9_HUMAN	1	632	two hybrid pooling approach	20711500
Q7CIQ1	Q96B97	Yersinia pestis	Q7CIQ1_YERPE	SH3K1_HUMAN	1	632	two hybrid pooling approach	20711500
Q7CI17	P55735	Yersinia pestis	Q7CI17_YERPE	SEC13_HUMAN	1	632	two hybrid pooling approach	20711500
Q7CJG2	P49792	Yersinia pestis	Q7CJG2_YERPE	RBP2_HUMAN	1	632	two hybrid pooling approach	20711500
Q8CLD5	Q9H0Z9	Yersinia pestis	Q8CLD5_YERPE	RBM38_HUMAN	1	632	two hybrid pooling approach	20711500
Q8ZIG9	Q9H3U2	Yersinia pestis	LEU3_YERPE	Q9H3U2_HUMAN	1	632	two hybrid pooling approach	20711500
Q8ZIH1	P17031	Yersinia pestis	LEUD_YERPE	ZNF26_HUMAN	1	632	two hybrid pooling approach	20711500
Q7CHU1	Q6ZQS4	Yersinia pestis	MTFA_YERPE	Q6ZQS4_HUMAN	1	632	two hybrid pooling approach	20711500
Q8CK80	Q68DK7	Yersinia pestis	Q8CK80_YERPE	MSL1_HUMAN	1	632	two hybrid pooling approach	20711500
Q7CFN3	Q5TAX3	Yersinia pestis	Q7CFN3_YERPE	TUT4_HUMAN	1	632	two hybrid pooling approach	20711500
Q7ARA1	P21246	Yersinia pestis	Q7ARA1_YERPE	PTN_HUMAN	1	632	two hybrid pooling approach	20711500
Q8ZH96	Q7Z3K3	Yersinia pestis	Y1009_YERPE	POGZ_HUMAN	1	632	two hybrid pooling approach	20711500
Q8CL89	Q7Z3K3	Yersinia pestis	Q8CL89_YERPE	POGZ_HUMAN	1	632	two hybrid pooling approach	20711500
Q7CIY7	Q9BX97	Yersinia pestis	Q7CIY7_YERPE	PLVAP_HUMAN	1	632	two hybrid pooling approach	20711500
Q7CJK6	P13796	Yersinia pestis	Q7CJK6_YERPE	PLSL_HUMAN	1	632	two hybrid pooling approach	20711500
Q8ZFM0	O75420	Yersinia pestis	CHEB_YERPE	PERQ1_HUMAN	1	632	two hybrid pooling approach	20711500
Q8CZT3	Q9ULJ1	Yersinia pestis	Q8CZT3_YERPE	ODF2L_HUMAN	1	632	two hybrid pooling approach	20711500
Q8D1K0	P19838	Yersinia pestis	XERC_YERPE	NFKB1_HUMAN	1	632	two hybrid pooling approach	20711500
Q8D1N2	P19838	Yersinia pestis	Q8D1N2_YERPE	NFKB1_HUMAN	1	632	two hybrid pooling approach	20711500
Q7CHY4	P19838	Yersinia pestis	Q7CHY4_YERPE	NFKB1_HUMAN	1	632	two hybrid pooling approach	20711500
Q7ARD3	P19838	Yersinia pestis	Q7ARD3_YERPE	NFKB1_HUMAN	1	632	two hybrid pooling approach	20711500
Q7ARF6	P19838	Yersinia pestis	Q7ARF6_YERPE	NFKB1_HUMAN	1	632	two hybrid pooling approach	20711500
Q8ZCV9	P19838	Yersinia pestis	MDTC_YERPE	NFKB1_HUMAN	1	632	two hybrid pooling approach	20711500
Q7CKA2	O75592	Yersinia pestis	Q7CKA2_YERPE	MYCB2_HUMAN	1	632	two hybrid pooling approach	20711500
Q8Z9U9	P31153	Yersinia pestis	RECF_YERPE	METK2_HUMAN	1	632	two hybrid pooling approach	20711500
Q7CKK4	P59901	Yersinia pestis	Q7CKK4_YERPE	LIRA4_HUMAN	1	632	two hybrid pooling approach	20711500
Q8CZZ5	Q96RT1	Yersinia pestis	Q8CZZ5_YERPE	ERBIN_HUMAN	1	632	two hybrid pooling approach	20711500
Q7CJK4	Q8N9T8	Yersinia pestis	Q7CJK4_YERPE	KRI1_HUMAN	1	632	two hybrid pooling approach	20711500
Q7CFX4	P14618	Yersinia pestis	Q7CFX4_YERPE	KPYM_HUMAN	1	632	two hybrid pooling approach	20711500
Q7CG97	Q68DE3	Yersinia pestis	Q7CG97_YERPE	USF3_HUMAN	1	632	two hybrid pooling approach	20711500
Q7CH00	P31785	Yersinia pestis	Q7CH00_YERPE	IL2RG_HUMAN	1	632	two hybrid pooling approach	20711500
Q8CZX4	Q9UKT9	Yersinia pestis	Q8CZX4_YERPE	IKZF3_HUMAN	1	632	two hybrid pooling approach	20711500
Q7CH25	P01857	Yersinia pestis	SYP_YERPE	IGHG1_HUMAN	1	632	two hybrid pooling approach	20711500
Q8ZGA1	Q8IY31	Yersinia pestis	MUKF_YERPE	IFT20_HUMAN	1	632	two hybrid pooling approach	20711500
Q8D020	P54105	Yersinia pestis	Q8D020_YERPE	ICLN_HUMAN	1	632	two hybrid pooling approach	20711500
Q7CIC5	O43464	Yersinia pestis	Q7CIC5_YERPE	HTRA2_HUMAN	1	632	two hybrid pooling approach	20711500
Q8CL08	P13747	Yersinia pestis	Q8CL08_YERPE	HLAE_HUMAN	1	632	two hybrid pooling approach	20711500
Q8CZU9	Q86XS8	Yersinia pestis	Q8CZU9_YERPE	GOLI_HUMAN	1	632	two hybrid pooling approach	20711500
Q7CKZ1	O14908	Yersinia pestis	Q7CKZ1_YERPE	GIPC1_HUMAN	1	632	two hybrid pooling approach	20711500
Q7CHQ0	P01100	Yersinia pestis	Q7CHQ0_YERPE	FOS_HUMAN	1	632	two hybrid pooling approach	20711500
Q8ZIM0	Q5RKV6	Yersinia pestis	SYI_YERPE	EXOS6_HUMAN	1	632	two hybrid pooling approach	20711500
Q8ZGY5	Q15370	Yersinia pestis	GPMA_YERPE	ELOB_HUMAN	1	632	two hybrid pooling approach	20711500
Q8CZP1	P26641	Yersinia pestis	Q8CZP1_YERPE	EF1G_HUMAN	1	632	two hybrid pooling approach	20711500
Q7CGH6	P33316	Yersinia pestis	Q7CGH6_YERPE	DUT_HUMAN	1	632	two hybrid pooling approach	20711500
Q7CHI8	Q9NP97	Yersinia pestis	Q7CHI8_YERPE	DLRB1_HUMAN	1	632	two hybrid pooling approach	20711500
Q7CHD8	Q15038	Yersinia pestis	Q7CHD8_YERPE	DAZP2_HUMAN	1	632	two hybrid pooling approach	20711500
Q8CZR8	P35222	Yersinia pestis	Q8CZR8_YERPE	CTNB1_HUMAN	1	632	two hybrid pooling approach	20711500
Q8ZCR1	O75629	Yersinia pestis	GLYA_YERPE	CREG1_HUMAN	1	632	two hybrid pooling approach	20711500
Q8ZJ16	P17927	Yersinia pestis	LEXA_YERPE	CR1_HUMAN	1	632	two hybrid pooling approach	20711500
Q7CK92	Q96F05	Yersinia pestis	Q7CK92_YERPE	CK024_HUMAN	1	632	two hybrid pooling approach	20711500
Q8D1P8	Q7L3B6	Yersinia pestis	Q8D1P8_YERPE	CD37L_HUMAN	1	632	two hybrid pooling approach	20711500
Q7CK53	P02746	Yersinia pestis	Q7CK53_YERPE	C1QB_HUMAN	1	632	two hybrid pooling approach	20711500
Q7CGK6	Q8WUW1	Yersinia pestis	Q7CGK6_YERPE	BRK1_HUMAN	1	632	two hybrid pooling approach	20711500
Q7CLB1	Q8TD16	Yersinia pestis	Q7CLB1_YERPE	BICD2_HUMAN	1	632	two hybrid pooling approach	20711500
Q7CHH9	P46379	Yersinia pestis	Q7CHH9_YERPE	BAG6_HUMAN	1	632	two hybrid pooling approach	20711500
Q7CGH9	Q9C0C7	Yersinia pestis	Q7CGH9_YERPE	AMRA1_HUMAN	1	632	two hybrid pooling approach	20711500
Q7CIU9	Q8IXX5	Yersinia pestis	Q7CIU9_YERPE	T183A_HUMAN	1	632	two hybrid pooling approach	20711500
Q7CHV2	Q15942	Yersinia pestis	Q7CHV2_YERPE	ZYX_HUMAN	1	632	two hybrid pooling approach	20711500
Q8CKN3	Q6NX49	Yersinia pestis	Q8CKN3_YERPE	ZN544_HUMAN	1	632	two hybrid pooling approach	20711500
Q7CHP1	Q9ULJ6	Yersinia pestis	Q7CHP1_YERPE	ZMIZ1_HUMAN	1	632	two hybrid pooling approach	20711500
Q8ZFB2	Q9ULJ6	Yersinia pestis	FLGH2_YERPE	ZMIZ1_HUMAN	1	632	two hybrid pooling approach	20711500
Q8ZAR2	P15822	Yersinia pestis	PUR2_YERPE	ZEP1_HUMAN	1	632	two hybrid pooling approach	20711500
Q7ARD3	Q8IY57	Yersinia pestis	Q7ARD3_YERPE	YAF2_HUMAN	1	632	two hybrid pooling approach	20711500
Q8D176	P04275	Yersinia pestis	Q8D176_YERPE	VWF_HUMAN	1	632	two hybrid pooling approach	20711500
Q7ARD3	Q9UBK9	Yersinia pestis	Q7ARD3_YERPE	UXT_HUMAN	1	632	two hybrid pooling approach	20711500
Q8D008	Q96IX5	Yersinia pestis	Q8D008_YERPE	USMG5_HUMAN	1	632	two hybrid pooling approach	20711500
Q8ZJP7	Q15853	Yersinia pestis	PYRE_YERPE	USF2_HUMAN	1	632	two hybrid pooling approach	20711500
Q7CGS9	P55851	Yersinia pestis	Q7CGS9_YERPE	UCP2_HUMAN	1	632	two hybrid pooling approach	20711500
Q7ARD3	Q6PKC3	Yersinia pestis	Q7ARD3_YERPE	TXD11_HUMAN	1	632	two hybrid pooling approach	20711500
Q7CFV7	P26651	Yersinia pestis	Q7CFV7_YERPE	TTP_HUMAN	1	632	two hybrid pooling approach	20711500
Q7CKB8	P48995	Yersinia pestis	Q7CKB8_YERPE	TRPC1_HUMAN	1	632	two hybrid pooling approach	20711500
Q8CZP1	Q15643	Yersinia pestis	Q8CZP1_YERPE	TRIPB_HUMAN	1	632	two hybrid pooling approach	20711500
Q7CIY7	Q9Y2W1	Yersinia pestis	Q7CIY7_YERPE	TR150_HUMAN	1	632	two hybrid pooling approach	20711500
Q7CIG0	O14773	Yersinia pestis	Q7CIG0_YERPE	TPP1_HUMAN	1	632	two hybrid pooling approach	20711500
Q7CLB1	Q8NDV7	Yersinia pestis	Q7CLB1_YERPE	TNR6A_HUMAN	1	632	two hybrid pooling approach	20711500
Q7CLA9	Q8NDV7	Yersinia pestis	Q7CLA9_YERPE	TNR6A_HUMAN	1	632	two hybrid pooling approach	20711500
Q7CL70	Q8NDV7	Yersinia pestis	Q7CL70_YERPE	TNR6A_HUMAN	1	632	two hybrid pooling approach	20711500
O68740	Q8NDV7	Yersinia pestis	O68740_YERPE	TNR6A_HUMAN	1	632	two hybrid pooling approach	20711500
Q8D1P6	Q04727	Yersinia pestis	Q8D1P6_YERPE	TLE4_HUMAN	1	632	two hybrid pooling approach	20711500
Q8CZM3	Q9GZM7	Yersinia pestis	Q8CZM3_YERPE	TINAL_HUMAN	1	632	two hybrid pooling approach	20711500
Q7ARD1	Q9GZM7	Yersinia pestis	Q7ARD1_YERPE	TINAL_HUMAN	1	632	two hybrid pooling approach	20711500
Q8CZT9	Q9NQB0	Yersinia pestis	Q8CZT9_YERPE	TF7L2_HUMAN	1	632	two hybrid pooling approach	20711500
Q7CL31	Q9NQB0	Yersinia pestis	Q7CL31_YERPE	TF7L2_HUMAN	1	632	two hybrid pooling approach	20711500
Q8ZAN0	Q9NQB0	Yersinia pestis	FADB_YERPE	TF7L2_HUMAN	1	632	two hybrid pooling approach	20711500
Q7CL18	P17987	Yersinia pestis	Q7CL18_YERPE	TCPA_HUMAN	1	632	two hybrid pooling approach	20711500
Q8D0I9	P42226	Yersinia pestis	Q8D0I9_YERPE	STAT6_HUMAN	1	632	two hybrid pooling approach	20711500
Q8CZY7	Q9NY15	Yersinia pestis	SYDP_YERPE	STAB1_HUMAN	1	632	two hybrid pooling approach	20711500
Q7CHX9	Q9NY15	Yersinia pestis	Q7CHX9_YERPE	STAB1_HUMAN	1	632	two hybrid pooling approach	20711500
Q7CIA4	Q9UJW9	Yersinia pestis	Q7CIA4_YERPE	SRTD3_HUMAN	1	632	two hybrid pooling approach	20711500
Q7CGQ2	Q969G3	Yersinia pestis	Q7CGQ2_YERPE	SMCE1_HUMAN	1	632	two hybrid pooling approach	20711500
Q7CFV4	Q9UQE7	Yersinia pestis	Q7CFV4_YERPE	SMC3_HUMAN	1	632	two hybrid pooling approach	20711500
Q7CGS9	O00193	Yersinia pestis	Q7CGS9_YERPE	SMAP_HUMAN	1	632	two hybrid pooling approach	20711500
Q7CFQ3	Q9BYW2	Yersinia pestis	Q7CFQ3_YERPE	SETD2_HUMAN	1	632	two hybrid pooling approach	20711500
Q8ZEU8	O00560	Yersinia pestis	Y2055_YERPE	SDCB1_HUMAN	1	632	two hybrid pooling approach	20711500
Q8CZM5	O00560	Yersinia pestis	Q8CZM5_YERPE	SDCB1_HUMAN	1	632	two hybrid pooling approach	20711500
Q7CGT6	O00560	Yersinia pestis	Q7CGT6_YERPE	SDCB1_HUMAN	1	632	two hybrid pooling approach	20711500
Q7CFP8	O94979	Yersinia pestis	Q7CFP8_YERPE	SC31A_HUMAN	1	632	two hybrid pooling approach	20711500
Q8ZJJ7	Q8TB24	Yersinia pestis	RRAA_YERPE	RIN3_HUMAN	1	632	two hybrid pooling approach	20711500
Q0WCK7	P49792	Yersinia pestis	BAMC_YERPE	RBP2_HUMAN	1	632	two hybrid pooling approach	20711500
Q8D1Q0	Q9Y5P3	Yersinia pestis	Q8D1Q0_YERPE	RAI2_HUMAN	1	632	two hybrid pooling approach	20711500
Q7CFQ1	Q7Z7A1	Yersinia pestis	Q7CFQ1_YERPE	CNTRL_HUMAN	1	632	two hybrid pooling approach	20711500
Q7CJ25	Q9UQC1	Yersinia pestis	Q7CJ25_YERPE	Q9UQC1_HUMAN	1	632	two hybrid pooling approach	20711500
Q8CKI9	Q9NTU6	Yersinia pestis	Q8CKI9_YERPE	Q9NTU6_HUMAN	1	632	two hybrid pooling approach	20711500
Q8ZIQ3	Q9HB66	Yersinia pestis	DEOB_YERPE	Q9HB66_HUMAN	1	632	two hybrid pooling approach	20711500
Q8D1R3	Q8IWJ6	Yersinia pestis	Q8D1R3_YERPE	Q8IWJ6_HUMAN	1	632	two hybrid pooling approach	20711500
Q8D0R8	Q86XR2	Yersinia pestis	Q8D0R8_YERPE	NIBL2_HUMAN	1	632	two hybrid pooling approach	20711500
Q8CLP9	Q75L30	Yersinia pestis	Q8CLP9_YERPE	YG027_HUMAN	1	632	two hybrid pooling approach	20711500
Q7CG96	Q6FGK0	Yersinia pestis	Q7CG96_YERPE	Q6FGK0_HUMAN	1	632	two hybrid pooling approach	20711500
P58411	Q8TF39	Yersinia pestis	MACA_YERPE	ZN483_HUMAN	1	632	two hybrid pooling approach	20711500
Q8D1C5	Q9NYI0	Yersinia pestis	Q8D1C5_YERPE	PSD3_HUMAN	1	632	two hybrid pooling approach	20711500
Q7CKG6	Q9NYI0	Yersinia pestis	Q7CKG6_YERPE	PSD3_HUMAN	1	632	two hybrid pooling approach	20711500
Q8ZJL7	P30048	Yersinia pestis	FIEF_YERPE	PRDX3_HUMAN	1	632	two hybrid pooling approach	20711500
Q7CL29	O75626	Yersinia pestis	Q7CL29_YERPE	PRDM1_HUMAN	1	632	two hybrid pooling approach	20711500
P17778	Q96BP3	Yersinia pestis	YOPM_YERPE	PPWD1_HUMAN	1	632	two hybrid pooling approach	20711500
Q8D1L5	P53041	Yersinia pestis	Q8D1L5_YERPE	PPP5_HUMAN	1	632	two hybrid pooling approach	20711500
Q7CJF7	Q7Z3K3	Yersinia pestis	Q7CJF7_YERPE	POGZ_HUMAN	1	632	two hybrid pooling approach	20711500
Q8ZAR2	Q7Z3K3	Yersinia pestis	PUR2_YERPE	POGZ_HUMAN	1	632	two hybrid pooling approach	20711500
Q7CGN8	Q9NRQ2	Yersinia pestis	Q7CGN8_YERPE	PLS4_HUMAN	1	632	two hybrid pooling approach	20711500
Q7CG90	Q86SQ0	Yersinia pestis	Q7CG90_YERPE	PHLB2_HUMAN	1	632	two hybrid pooling approach	20711500
Q7CK73	O94921	Yersinia pestis	Q7CK73_YERPE	CDK14_HUMAN	1	632	two hybrid pooling approach	20711500
Q8D192	P28328	Yersinia pestis	Q8D192_YERPE	PEX2_HUMAN	1	632	two hybrid pooling approach	20711500
Q8ZIL6	Q9NR12	Yersinia pestis	DAPB_YERPE	PDLI7_HUMAN	1	632	two hybrid pooling approach	20711500
Q8ZG09	Q8WUM4	Yersinia pestis	MAO1_YERPE	PDC6I_HUMAN	1	632	two hybrid pooling approach	20711500
Q9R8C5	P27986	Yersinia pestis	Q9R8C5_YERPE	P85A_HUMAN	1	632	two hybrid pooling approach	20711500
Q8CZX8	Q9ULJ1	Yersinia pestis	Q8CZX8_YERPE	ODF2L_HUMAN	1	632	two hybrid pooling approach	20711500
Q7ARD3	Q9ULJ1	Yersinia pestis	Q7ARD3_YERPE	ODF2L_HUMAN	1	632	two hybrid pooling approach	20711500
Q8ZG99	Q9ULJ1	Yersinia pestis	MUKB_YERPE	ODF2L_HUMAN	1	632	two hybrid pooling approach	20711500
Q9ZC49	Q9ULJ1	Yersinia pestis	GLSA2_YERPE	ODF2L_HUMAN	1	632	two hybrid pooling approach	20711500
Q8CZZ7	O95273	Yersinia pestis	Q8CZZ7_YERPE	CCDB1_HUMAN	1	632	two hybrid pooling approach	20711500
Q9ZC51	P06748	Yersinia pestis	Q9ZC51_YERPE	NPM_HUMAN	1	632	two hybrid pooling approach	20711500
Q7CGS9	Q6KC79	Yersinia pestis	Q7CGS9_YERPE	NIPBL_HUMAN	1	632	two hybrid pooling approach	20711500
P69974	P19838	Yersinia pestis	YSCK_YERPE	NFKB1_HUMAN	1	632	two hybrid pooling approach	20711500
Q7CKY7	P19838	Yersinia pestis	Q7CKY7_YERPE	NFKB1_HUMAN	1	632	two hybrid pooling approach	20711500
Q7CKQ1	P19838	Yersinia pestis	Q7CKQ1_YERPE	NFKB1_HUMAN	1	632	two hybrid pooling approach	20711500
Q7CHR9	P19838	Yersinia pestis	Q7CHR9_YERPE	NFKB1_HUMAN	1	632	two hybrid pooling approach	20711500
Q7CHE2	P19838	Yersinia pestis	Q7CHE2_YERPE	NFKB1_HUMAN	1	632	two hybrid pooling approach	20711500
Q8ZCW0	P19838	Yersinia pestis	MDTB_YERPE	NFKB1_HUMAN	1	632	two hybrid pooling approach	20711500
Q7CG01	Q5VU43	Yersinia pestis	Q7CG01_YERPE	MYOME_HUMAN	1	632	two hybrid pooling approach	20711500
Q8D0G3	Q15746	Yersinia pestis	Q8D0G3_YERPE	MYLK_HUMAN	1	632	two hybrid pooling approach	20711500
Q8ZJJ5	O75592	Yersinia pestis	HSLU_YERPE	MYCB2_HUMAN	1	632	two hybrid pooling approach	20711500
Q7CJU6	O15438	Yersinia pestis	Q7CJU6_YERPE	MRP3_HUMAN	1	632	two hybrid pooling approach	20711500
Q0WF87	Q99685	Yersinia pestis	MDTI_YERPE	MGLL_HUMAN	1	632	two hybrid pooling approach	20711500
Q7CHR5	P31153	Yersinia pestis	Q7CHR5_YERPE	METK2_HUMAN	1	632	two hybrid pooling approach	20711500
Q8CL08	Q13503	Yersinia pestis	Q8CL08_YERPE	MED21_HUMAN	1	632	two hybrid pooling approach	20711500
Q7CHN2	Q9P1T7	Yersinia pestis	Q7CHN2_YERPE	MDFIC_HUMAN	1	632	two hybrid pooling approach	20711500
Q8ZEV7	Q8N2S1	Yersinia pestis	SYR_YERPE	LTBP4_HUMAN	1	632	two hybrid pooling approach	20711500
Q7CH18	O95777	Yersinia pestis	Q7CH18_YERPE	LSM8_HUMAN	1	632	two hybrid pooling approach	20711500
Q8ZDF8	P17931	Yersinia pestis	SYL_YERPE	LEG3_HUMAN	1	632	two hybrid pooling approach	20711500
Q8D0G3	P12956	Yersinia pestis	Q8D0G3_YERPE	XRCC6_HUMAN	1	632	two hybrid pooling approach	20711500
Q7CHD2	P14618	Yersinia pestis	Q7CHD2_YERPE	KPYM_HUMAN	1	632	two hybrid pooling approach	20711500
P58492	P41229	Yersinia pestis	ZIPA_YERPE	KDM5C_HUMAN	1	632	two hybrid pooling approach	20711500
Q8D0V8	P14902	Yersinia pestis	Q8D0V8_YERPE	I23O1_HUMAN	1	632	two hybrid pooling approach	20711500
Q7CKB7	O43464	Yersinia pestis	Q7CKB7_YERPE	HTRA2_HUMAN	1	632	two hybrid pooling approach	20711500
Q8CKV8	Q16534	Yersinia pestis	Q8CKV8_YERPE	HLF_HUMAN	1	632	two hybrid pooling approach	20711500
Q7CL49	Q16534	Yersinia pestis	Q7CL49_YERPE	HLF_HUMAN	1	632	two hybrid pooling approach	20711500
Q8D0M7	O00165	Yersinia pestis	Q8D0M7_YERPE	HAX1_HUMAN	1	632	two hybrid pooling approach	20711500
Q7CJF6	O00165	Yersinia pestis	Q7CJF6_YERPE	HAX1_HUMAN	1	632	two hybrid pooling approach	20711500
Q7CKR1	P09211	Yersinia pestis	Q7CKR1_YERPE	GSTP1_HUMAN	1	632	two hybrid pooling approach	20711500
Q7CG44	Q8TDU6	Yersinia pestis	Q7CG44_YERPE	GPBAR_HUMAN	1	632	two hybrid pooling approach	20711500
Q8CWI4	P34897	Yersinia pestis	Q8CWI4_YERPE	GLYM_HUMAN	1	632	two hybrid pooling approach	20711500
Q7CG16	Q9Y2X7	Yersinia pestis	Q7CG16_YERPE	GIT1_HUMAN	1	632	two hybrid pooling approach	20711500
Q8D045	Q9HCC8	Yersinia pestis	Q8D045_YERPE	GDPD2_HUMAN	1	632	two hybrid pooling approach	20711500
Q7CL58	Q9HCC8	Yersinia pestis	Q7CL58_YERPE	GDPD2_HUMAN	1	632	two hybrid pooling approach	20711500
Q7CJT3	Q9HCC8	Yersinia pestis	Q7CJT3_YERPE	GDPD2_HUMAN	1	632	two hybrid pooling approach	20711500
Q8ZJC4	Q9HCC8	Yersinia pestis	KEFB_YERPE	GDPD2_HUMAN	1	632	two hybrid pooling approach	20711500
Q8CZX0	Q92802	Yersinia pestis	Q8CZX0_YERPE	N42L2_HUMAN	1	632	two hybrid pooling approach	20711500
Q8ZCW0	Q9H334	Yersinia pestis	MDTB_YERPE	FOXP1_HUMAN	1	632	two hybrid pooling approach	20711500
Q9ZC50	Q9Y2H6	Yersinia pestis	Q9ZC50_YERPE	FND3A_HUMAN	1	632	two hybrid pooling approach	20711500
Q8D1M6	P35555	Yersinia pestis	Q8D1M6_YERPE	FBN1_HUMAN	1	632	two hybrid pooling approach	20711500
Q7CIY0	P50502	Yersinia pestis	Q7CIY0_YERPE	F10A1_HUMAN	1	632	two hybrid pooling approach	20711500
Q7CIZ7	P15311	Yersinia pestis	Q7CIZ7_YERPE	EZRI_HUMAN	1	632	two hybrid pooling approach	20711500
Q8CL55	Q01844	Yersinia pestis	Q8CL55_YERPE	EWS_HUMAN	1	632	two hybrid pooling approach	20711500
Q8D1A1	P30040	Yersinia pestis	Q8D1A1_YERPE	ERP29_HUMAN	1	632	two hybrid pooling approach	20711500
O68742	P55199	Yersinia pestis	O68742_YERPE	ELL_HUMAN	1	632	two hybrid pooling approach	20711500
Q8CL29	Q15723	Yersinia pestis	Q8CL29_YERPE	ELF2_HUMAN	1	632	two hybrid pooling approach	20711500
Q7CJ81	O43491	Yersinia pestis	Q7CJ81_YERPE	E41L2_HUMAN	1	632	two hybrid pooling approach	20711500
Q8ZC51	P33316	Yersinia pestis	PANE_YERPE	DUT_HUMAN	1	632	two hybrid pooling approach	20711500
Q8CZU2	Q12882	Yersinia pestis	Q8CZU2_YERPE	DPYD_HUMAN	1	632	two hybrid pooling approach	20711500
Q8CKI2	Q9C005	Yersinia pestis	Q8CKI2_YERPE	DPY30_HUMAN	1	632	two hybrid pooling approach	20711500
Q7CH97	P31040	Yersinia pestis	Q7CH97_YERPE	SDHA_HUMAN	1	632	two hybrid pooling approach	20711500
Q7CKJ7	Q9BPX1	Yersinia pestis	Q7CKJ7_YERPE	DHB14_HUMAN	1	632	two hybrid pooling approach	20711500
Q7CG16	P24468	Yersinia pestis	Q7CG16_YERPE	COT2_HUMAN	1	632	two hybrid pooling approach	20711500
Q7CH58	P02461	Yersinia pestis	Q7CH58_YERPE	CO3A1_HUMAN	1	632	two hybrid pooling approach	20711500
Q8D1G2	Q8N137	Yersinia pestis	Q8D1G2_YERPE	CNTRB_HUMAN	1	632	two hybrid pooling approach	20711500
Q8D0P4	Q7Z3E2	Yersinia pestis	Q8D0P4_YERPE	CC186_HUMAN	1	632	two hybrid pooling approach	20711500
Q7CHU3	Q9ULV3	Yersinia pestis	Q7CHU3_YERPE	CIZ1_HUMAN	1	632	two hybrid pooling approach	20711500
Q74RZ6	Q99828	Yersinia pestis	AAS_YERPE	CIB1_HUMAN	1	632	two hybrid pooling approach	20711500
Q8D008	Q9NR00	Yersinia pestis	Q8D008_YERPE	CH004_HUMAN	1	632	two hybrid pooling approach	20711500
Q8ZBM5	Q8N8E3	Yersinia pestis	DGTP_YERPE	CE112_HUMAN	1	632	two hybrid pooling approach	20711500
Q7CKZ2	Q6P2H3	Yersinia pestis	Q7CKZ2_YERPE	CEP85_HUMAN	1	632	two hybrid pooling approach	20711500
Q8ZIX0	Q9UKZ1	Yersinia pestis	RSGA_YERPE	CNO11_HUMAN	1	632	two hybrid pooling approach	20711500
Q8D0L8	P53634	Yersinia pestis	Q8D0L8_YERPE	CATC_HUMAN	1	632	two hybrid pooling approach	20711500
Q8D0R9	P07858	Yersinia pestis	Q8D0R9_YERPE	CATB_HUMAN	1	632	two hybrid pooling approach	20711500
Q7CHM9	P43155	Yersinia pestis	Q7CHM9_YERPE	CACP_HUMAN	1	632	two hybrid pooling approach	20711500
Q7CL30	Q9H0C5	Yersinia pestis	Q7CL30_YERPE	BTBD1_HUMAN	1	632	two hybrid pooling approach	20711500
Q7ARJ2	P46379	Yersinia pestis	Q7ARJ2_YERPE	BAG6_HUMAN	1	632	two hybrid pooling approach	20711500
Q7CIY4	P46379	Yersinia pestis	Q7CIY4_YERPE	BAG6_HUMAN	1	632	two hybrid pooling approach	20711500
Q8ZJP7	P46379	Yersinia pestis	PYRE_YERPE	BAG6_HUMAN	1	632	two hybrid pooling approach	20711500
Q8Z9V7	Q9P291	Yersinia pestis	Y4083_YERPE	ARMX1_HUMAN	1	632	two hybrid pooling approach	20711500
Q7CGJ6	Q96GX9	Yersinia pestis	Q7CGJ6_YERPE	MTNB_HUMAN	1	632	two hybrid pooling approach	20711500
Q7CJT3	P50995	Yersinia pestis	Q7CJT3_YERPE	ANX11_HUMAN	1	632	two hybrid pooling approach	20711500
Q7CIL3	Q6UB99	Yersinia pestis	Q7CIL3_YERPE	ANR11_HUMAN	1	632	two hybrid pooling approach	20711500
Q7CHN7	P35611	Yersinia pestis	Q7CHN7_YERPE	ADDA_HUMAN	1	632	two hybrid pooling approach	20711500
Q7CKC3	Q8NFM4	Yersinia pestis	Q7CKC3_YERPE	ADCY4_HUMAN	1	632	two hybrid pooling approach	20711500
Q7CGK0	O00182	Yersinia pestis	Q7CGK0_YERPE	LEG9_HUMAN	1	632	two hybrid pooling approach	20711500
Q8CWI4	Q9HAP2	Yersinia pestis	Q8CWI4_YERPE	MLXIP_HUMAN	1	632	two hybrid pooling approach	20711500
Q8Z9U2	Q9P2E3	Yersinia pestis	MNME_YERPE	ZNFX1_HUMAN	1	632	two hybrid pooling approach	20711500
Q7CJ67	Q9NRM2	Yersinia pestis	Q7CJ67_YERPE	ZN277_HUMAN	1	632	two hybrid pooling approach	20711500
Q7CHR8	Q15326	Yersinia pestis	Q7CHR8_YERPE	ZMY11_HUMAN	1	632	two hybrid pooling approach	20711500
Q8CZY0	Q9Y6X8	Yersinia pestis	Q8CZY0_YERPE	ZHX2_HUMAN	1	632	two hybrid pooling approach	20711500
Q8ZDA6	Q9Y6X8	Yersinia pestis	CHBG_YERPE	ZHX2_HUMAN	1	632	two hybrid pooling approach	20711500
Q8Z9S7	P15822	Yersinia pestis	GLMU_YERPE	ZEP1_HUMAN	1	632	two hybrid pooling approach	20711500
Q7ARD3	Q49AG3	Yersinia pestis	Q7ARD3_YERPE	ZBED5_HUMAN	1	632	two hybrid pooling approach	20711500
Q8D1R0	Q6AHZ1	Yersinia pestis	Q8D1R0_YERPE	Z518A_HUMAN	1	632	two hybrid pooling approach	20711500
Q8D1R4	Q9H869	Yersinia pestis	Q8D1R4_YERPE	YYAP1_HUMAN	1	632	two hybrid pooling approach	20711500
Q8ZAB3	Q9H869	Yersinia pestis	ILVD_YERPE	YYAP1_HUMAN	1	632	two hybrid pooling approach	20711500
Q7CH71	Q96EC8	Yersinia pestis	Q7CH71_YERPE	YIPF6_HUMAN	1	632	two hybrid pooling approach	20711500
Q7ARD3	P67809	Yersinia pestis	Q7ARD3_YERPE	YBOX1_HUMAN	1	632	two hybrid pooling approach	20711500
Q9ZFR9	Q8IZH2	Yersinia pestis	URE1_YERPE	XRN1_HUMAN	1	632	two hybrid pooling approach	20711500
Q9ZC68	Q8IZH2	Yersinia pestis	ASTD_YERPE	XRN1_HUMAN	1	632	two hybrid pooling approach	20711500
Q7CJK4	Q9Y484	Yersinia pestis	Q7CJK4_YERPE	WIPI4_HUMAN	1	632	two hybrid pooling approach	20711500
Q8ZHG7	Q9Y4P8	Yersinia pestis	METK_YERPE	WIPI2_HUMAN	1	632	two hybrid pooling approach	20711500
Q7CJF7	Q7Z5K2	Yersinia pestis	Q7CJF7_YERPE	WAPL_HUMAN	1	632	two hybrid pooling approach	20711500
Q8ZGA1	Q9BTA9	Yersinia pestis	MUKF_YERPE	WAC_HUMAN	1	632	two hybrid pooling approach	20711500
Q8D0R9	P04275	Yersinia pestis	Q8D0R9_YERPE	VWF_HUMAN	1	632	two hybrid pooling approach	20711500
Q7CHN2	P04275	Yersinia pestis	Q7CHN2_YERPE	VWF_HUMAN	1	632	two hybrid pooling approach	20711500
Q8ZCV9	P04275	Yersinia pestis	MDTC_YERPE	VWF_HUMAN	1	632	two hybrid pooling approach	20711500
Q8ZJ16	P04275	Yersinia pestis	LEXA_YERPE	VWF_HUMAN	1	632	two hybrid pooling approach	20711500
Q8D0G3	A5D8V6	Yersinia pestis	Q8D0G3_YERPE	VP37C_HUMAN	1	632	two hybrid pooling approach	20711500
Q7CHV3	Q69YN4	Yersinia pestis	Q7CHV3_YERPE	VIR_HUMAN	1	632	two hybrid pooling approach	20711500
Q8D1M8	Q00341	Yersinia pestis	Q8D1M8_YERPE	VIGLN_HUMAN	1	632	two hybrid pooling approach	20711500
Q8CZU2	Q9P0L0	Yersinia pestis	Q8CZU2_YERPE	VAPA_HUMAN	1	632	two hybrid pooling approach	20711500
Q7CI41	Q9UBK9	Yersinia pestis	Q7CI41_YERPE	UXT_HUMAN	1	632	two hybrid pooling approach	20711500
Q8CZV1	Q8NBZ7	Yersinia pestis	Q8CZV1_YERPE	UXS1_HUMAN	1	632	two hybrid pooling approach	20711500
Q8ZHK5	P46939	Yersinia pestis	SYK_YERPE	UTRO_HUMAN	1	632	two hybrid pooling approach	20711500
Q8D1J9	P46939	Yersinia pestis	Q8D1J9_YERPE	UTRO_HUMAN	1	632	two hybrid pooling approach	20711500
Q7CG90	P46939	Yersinia pestis	Q7CG90_YERPE	UTRO_HUMAN	1	632	two hybrid pooling approach	20711500
Q8ZDJ2	O75643	Yersinia pestis	Y2573_YERPE	U520_HUMAN	1	632	two hybrid pooling approach	20711500
Q7CHK4	P53007	Yersinia pestis	Q7CHK4_YERPE	TXTP_HUMAN	1	632	two hybrid pooling approach	20711500
Q8D0G3	Q6PKC3	Yersinia pestis	Q8D0G3_YERPE	TXD11_HUMAN	1	632	two hybrid pooling approach	20711500
Q7CG90	Q6PKC3	Yersinia pestis	Q7CG90_YERPE	TXD11_HUMAN	1	632	two hybrid pooling approach	20711500
Q7CH46	Q96JJ7	Yersinia pestis	Q7CH46_YERPE	TMX3_HUMAN	1	632	two hybrid pooling approach	20711500
Q8Z9V7	O14907	Yersinia pestis	Y4083_YERPE	TX1B3_HUMAN	1	632	two hybrid pooling approach	20711500
Q7CGJ6	P26651	Yersinia pestis	Q7CGJ6_YERPE	TTP_HUMAN	1	632	two hybrid pooling approach	20711500
P40127	Q9ULT0	Yersinia pestis	CYAA_YERPE	TTC7A_HUMAN	1	632	two hybrid pooling approach	20711500
P40127	Q99598	Yersinia pestis	CYAA_YERPE	TSNAX_HUMAN	1	632	two hybrid pooling approach	20711500
Q8ZEK1	O60637	Yersinia pestis	SELD_YERPE	TSN3_HUMAN	1	632	two hybrid pooling approach	20711500
Q8CZR8	P49815	Yersinia pestis	Q8CZR8_YERPE	TSC2_HUMAN	1	632	two hybrid pooling approach	20711500
Q8ZCW0	P07204	Yersinia pestis	MDTB_YERPE	TRBM_HUMAN	1	632	two hybrid pooling approach	20711500
Q8ZIM0	Q12931	Yersinia pestis	SYI_YERPE	TRAP1_HUMAN	1	632	two hybrid pooling approach	20711500
Q7CFP2	O14836	Yersinia pestis	Q7CFP2_YERPE	TR13B_HUMAN	1	632	two hybrid pooling approach	20711500
Q7CIT4	O75365	Yersinia pestis	Q7CIT4_YERPE	TP4A3_HUMAN	1	632	two hybrid pooling approach	20711500
Q8ZH69	O94842	Yersinia pestis	DAPD_YERPE	TOX4_HUMAN	1	632	two hybrid pooling approach	20711500
Q8D1R8	Q8NDV7	Yersinia pestis	Q8D1R8_YERPE	TNR6A_HUMAN	1	632	two hybrid pooling approach	20711500
Q7CIC8	Q8NDV7	Yersinia pestis	Q7CIC8_YERPE	TNR6A_HUMAN	1	632	two hybrid pooling approach	20711500
Q7CFR7	Q8NDV7	Yersinia pestis	Q7CFR7_YERPE	TNR6A_HUMAN	1	632	two hybrid pooling approach	20711500
O68759	Q8NDV7	Yersinia pestis	O68759_YERPE	TNR6A_HUMAN	1	632	two hybrid pooling approach	20711500
Q7CFW4	Q9UPQ9	Yersinia pestis	Q7CFW4_YERPE	TNR6B_HUMAN	1	632	two hybrid pooling approach	20711500
Q7CKB8	Q969X1	Yersinia pestis	Q7CKB8_YERPE	LFG3_HUMAN	1	632	two hybrid pooling approach	20711500
Q8ZCK2	Q9NV12	Yersinia pestis	MNTH_YERPE	TM140_HUMAN	1	632	two hybrid pooling approach	20711500
Q7ARD3	Q9NYK1	Yersinia pestis	Q7ARD3_YERPE	TLR7_HUMAN	1	632	two hybrid pooling approach	20711500
Q8D052	Q9UKI8	Yersinia pestis	Q8D052_YERPE	TLK1_HUMAN	1	632	two hybrid pooling approach	20711500
Q7CKQ0	Q04724	Yersinia pestis	Q7CKQ0_YERPE	TLE1_HUMAN	1	632	two hybrid pooling approach	20711500
Q8CZL4	Q9GZM7	Yersinia pestis	Q8CZL4_YERPE	TINAL_HUMAN	1	632	two hybrid pooling approach	20711500
Q7CH91	Q9GZM7	Yersinia pestis	Q7CH91_YERPE	TINAL_HUMAN	1	632	two hybrid pooling approach	20711500
Q8Z9U7	Q9GZM7	Yersinia pestis	DNAA_YERPE	TINAL_HUMAN	1	632	two hybrid pooling approach	20711500
Q9X6B0	Q9GZM7	Yersinia pestis	KATG_YERPE	TINAL_HUMAN	1	632	two hybrid pooling approach	20711500
P74989	Q01085	Yersinia pestis	P74989_YERPE	TIAR_HUMAN	1	632	two hybrid pooling approach	20711500
Q8CZY7	P31483	Yersinia pestis	SYDP_YERPE	TIA1_HUMAN	1	632	two hybrid pooling approach	20711500
Q7CL71	Q96RS0	Yersinia pestis	Q7CL71_YERPE	TGS1_HUMAN	1	632	two hybrid pooling approach	20711500
Q8CWI4	O43294	Yersinia pestis	Q8CWI4_YERPE	TGFI1_HUMAN	1	632	two hybrid pooling approach	20711500
Q7CJR6	O43294	Yersinia pestis	Q7CJR6_YERPE	TGFI1_HUMAN	1	632	two hybrid pooling approach	20711500
Q7CK42	Q9UBB9	Yersinia pestis	Q7CK42_YERPE	TFP11_HUMAN	1	632	two hybrid pooling approach	20711500
Q7CJE7	Q9NQB0	Yersinia pestis	Q7CJE7_YERPE	TF7L2_HUMAN	1	632	two hybrid pooling approach	20711500
Q7CKZ7	Q9UGI8	Yersinia pestis	Q7CKZ7_YERPE	TES_HUMAN	1	632	two hybrid pooling approach	20711500
Q7CGD9	Q9UGI8	Yersinia pestis	CDIA_YERPE	TES_HUMAN	1	632	two hybrid pooling approach	20711500
Q7CFR7	Q9UGI8	Yersinia pestis	Q7CFR7_YERPE	TES_HUMAN	1	632	two hybrid pooling approach	20711500
Q8ZEL7	Q9UGI8	Yersinia pestis	DADA_YERPE	TES_HUMAN	1	632	two hybrid pooling approach	20711500
Q8ZGR6	Q10587	Yersinia pestis	UBIG_YERPE	TEF_HUMAN	1	632	two hybrid pooling approach	20711500
Q9ZC81	Q10587	Yersinia pestis	Q9ZC81_YERPE	TEF_HUMAN	1	632	two hybrid pooling approach	20711500
Q8CWG5	Q10587	Yersinia pestis	Q8CWG5_YERPE	TEF_HUMAN	1	632	two hybrid pooling approach	20711500
Q8CLM4	Q10587	Yersinia pestis	Q8CLM4_YERPE	TEF_HUMAN	1	632	two hybrid pooling approach	20711500
Q7CKH9	Q10587	Yersinia pestis	Q7CKH9_YERPE	TEF_HUMAN	1	632	two hybrid pooling approach	20711500
Q7CIB9	Q10587	Yersinia pestis	Q7CIB9_YERPE	TEF_HUMAN	1	632	two hybrid pooling approach	20711500
Q7CHN0	Q10587	Yersinia pestis	Q7CHN0_YERPE	TEF_HUMAN	1	632	two hybrid pooling approach	20711500
P58475	Q10587	Yersinia pestis	PEPB_YERPE	TEF_HUMAN	1	632	two hybrid pooling approach	20711500
Q7CJG3	P56279	Yersinia pestis	MACB2_YERPE	TCL1A_HUMAN	1	632	two hybrid pooling approach	20711500
Q7CH54	O43680	Yersinia pestis	Q7CH54_YERPE	TCF21_HUMAN	1	632	two hybrid pooling approach	20711500
Q7ARN5	O43680	Yersinia pestis	Q7ARN5_YERPE	TCF21_HUMAN	1	632	two hybrid pooling approach	20711500
Q8CKF8	Q9BZK7	Yersinia pestis	Q8CKF8_YERPE	TBL1R_HUMAN	1	632	two hybrid pooling approach	20711500
Q7ARD3	Q01658	Yersinia pestis	Q7ARD3_YERPE	NC2B_HUMAN	1	632	two hybrid pooling approach	20711500
Q7CGH9	Q7Z7G0	Yersinia pestis	Q7CGH9_YERPE	TARSH_HUMAN	1	632	two hybrid pooling approach	20711500
Q7CFP2	P30408	Yersinia pestis	Q7CFP2_YERPE	T4S1_HUMAN	1	632	two hybrid pooling approach	20711500
Q7CGH9	Q9P2J5	Yersinia pestis	Q7CGH9_YERPE	SYLC_HUMAN	1	632	two hybrid pooling approach	20711500
Q7CL91	Q9UNE7	Yersinia pestis	Q7CL91_YERPE	CHIP_HUMAN	1	632	two hybrid pooling approach	20711500
Q7CL48	Q9UNE7	Yersinia pestis	Q7CL48_YERPE	CHIP_HUMAN	1	632	two hybrid pooling approach	20711500
Q7CGH6	Q9UNE7	Yersinia pestis	Q7CGH6_YERPE	CHIP_HUMAN	1	632	two hybrid pooling approach	20711500
Q74R28	P42226	Yersinia pestis	UGPC_YERPE	STAT6_HUMAN	1	632	two hybrid pooling approach	20711500
Q7CKD3	P42226	Yersinia pestis	Q7CKD3_YERPE	STAT6_HUMAN	1	632	two hybrid pooling approach	20711500
Q7CJH1	Q9NY15	Yersinia pestis	Q7CJH1_YERPE	STAB1_HUMAN	1	632	two hybrid pooling approach	20711500
Q7CGK0	Q9NY15	Yersinia pestis	Q7CGK0_YERPE	STAB1_HUMAN	1	632	two hybrid pooling approach	20711500
Q8ZCT9	Q9NY15	Yersinia pestis	DER_YERPE	STAB1_HUMAN	1	632	two hybrid pooling approach	20711500
Q8D1F7	Q9UJW9	Yersinia pestis	Q8D1F7_YERPE	SRTD3_HUMAN	1	632	two hybrid pooling approach	20711500
Q7CJ97	Q9UJW9	Yersinia pestis	Q7CJ97_YERPE	SRTD3_HUMAN	1	632	two hybrid pooling approach	20711500
Q8ZBH1	Q9UQ35	Yersinia pestis	SYV_YERPE	SRRM2_HUMAN	1	632	two hybrid pooling approach	20711500
Q74R28	Q6ZRS2	Yersinia pestis	UGPC_YERPE	SRCAP_HUMAN	1	632	two hybrid pooling approach	20711500
Q7CHU1	Q12772	Yersinia pestis	MTFA_YERPE	SRBP2_HUMAN	1	632	two hybrid pooling approach	20711500
Q7CJG1	Q8N0X7	Yersinia pestis	Q7CJG1_YERPE	SPG20_HUMAN	1	632	two hybrid pooling approach	20711500
Q8ZGW7	Q5M775	Yersinia pestis	UVRB_YERPE	CYTSB_HUMAN	1	632	two hybrid pooling approach	20711500
Q8D169	Q5M775	Yersinia pestis	Q8D169_YERPE	CYTSB_HUMAN	1	632	two hybrid pooling approach	20711500
Q7CIT3	Q9UNH6	Yersinia pestis	Q7CIT3_YERPE	SNX7_HUMAN	1	632	two hybrid pooling approach	20711500
Q7CIM3	Q5SXM2	Yersinia pestis	Q7CIM3_YERPE	SNPC4_HUMAN	1	632	two hybrid pooling approach	20711500
Q7CIF0	Q8TAD8	Yersinia pestis	Q7CIF0_YERPE	SNIP1_HUMAN	1	632	two hybrid pooling approach	20711500
Q8CKD8	P53814	Yersinia pestis	Q8CKD8_YERPE	SMTN_HUMAN	1	632	two hybrid pooling approach	20711500
Q7CKK6	Q92540	Yersinia pestis	Q7CKK6_YERPE	SMG7_HUMAN	1	632	two hybrid pooling approach	20711500
Q8CL08	Q969G3	Yersinia pestis	Q8CL08_YERPE	SMCE1_HUMAN	1	632	two hybrid pooling approach	20711500
Q56991	Q9NTJ3	Yersinia pestis	HMUT_YERPE	SMC4_HUMAN	1	632	two hybrid pooling approach	20711500
Q8CLC4	O94813	Yersinia pestis	Q8CLC4_YERPE	SLIT2_HUMAN	1	632	two hybrid pooling approach	20711500
Q8CL08	Q9BRV8	Yersinia pestis	Q8CL08_YERPE	SIKE1_HUMAN	1	632	two hybrid pooling approach	20711500
Q8D0Q9	Q96RL6	Yersinia pestis	Q8D0Q9_YERPE	SIG11_HUMAN	1	632	two hybrid pooling approach	20711500
Q74YG7	Q9BYB0	Yersinia pestis	Q74YG7_YERPE	SHAN3_HUMAN	1	632	two hybrid pooling approach	20711500
Q7CHD7	Q07955	Yersinia pestis	Q7CHD7_YERPE	SRSF1_HUMAN	1	632	two hybrid pooling approach	20711500
P68587	Q8WXA9	Yersinia pestis	YSCP_YERPE	SREK1_HUMAN	1	632	two hybrid pooling approach	20711500
Q7CGS9	O75533	Yersinia pestis	Q7CGS9_YERPE	SF3B1_HUMAN	1	632	two hybrid pooling approach	20711500
Q8CLR7	Q9P0U3	Yersinia pestis	Q8CLR7_YERPE	SENP1_HUMAN	1	632	two hybrid pooling approach	20711500
Q8ZGH1	O00560	Yersinia pestis	Y1326_YERPE	SDCB1_HUMAN	1	632	two hybrid pooling approach	20711500
Q7CL48	O00560	Yersinia pestis	Q7CL48_YERPE	SDCB1_HUMAN	1	632	two hybrid pooling approach	20711500
O68759	O00560	Yersinia pestis	O68759_YERPE	SDCB1_HUMAN	1	632	two hybrid pooling approach	20711500
P46359	O00560	Yersinia pestis	FYUA_YERPE	SDCB1_HUMAN	1	632	two hybrid pooling approach	20711500
Q8D1J7	P02775	Yersinia pestis	Q8D1J7_YERPE	CXCL7_HUMAN	1	632	two hybrid pooling approach	20711500
Q7CFX1	O94979	Yersinia pestis	Q7CFX1_YERPE	SC31A_HUMAN	1	632	two hybrid pooling approach	20711500
Q7CFN1	O94979	Yersinia pestis	Q7CFN1_YERPE	SC31A_HUMAN	1	632	two hybrid pooling approach	20711500
Q7CKE6	Q15020	Yersinia pestis	Q7CKE6_YERPE	SART3_HUMAN	1	632	two hybrid pooling approach	20711500
Q9ZC51	Q96ER3	Yersinia pestis	Q9ZC51_YERPE	SAAL1_HUMAN	1	632	two hybrid pooling approach	20711500
Q8CZL9	Q16799	Yersinia pestis	Q8CZL9_YERPE	RTN1_HUMAN	1	632	two hybrid pooling approach	20711500
Q7CGI0	Q92766	Yersinia pestis	FTSP_YERPE	RREB1_HUMAN	1	632	two hybrid pooling approach	20711500
Q8D101	Q96AT9	Yersinia pestis	Q8D101_YERPE	RPE_HUMAN	1	632	two hybrid pooling approach	20711500
Q7CKM5	Q7L0R7	Yersinia pestis	Q7CKM5_YERPE	RNF44_HUMAN	1	632	two hybrid pooling approach	20711500
Q0WJY2	Q96EP0	Yersinia pestis	RHAM_YERPE	RNF31_HUMAN	1	632	two hybrid pooling approach	20711500
Q7CGZ1	Q8TB24	Yersinia pestis	Q7CGZ1_YERPE	RIN3_HUMAN	1	632	two hybrid pooling approach	20711500
P68590	P49796	Yersinia pestis	YSCH_YERPE	RGS3_HUMAN	1	632	two hybrid pooling approach	20711500
Q7CJE4	P27694	Yersinia pestis	Q7CJE4_YERPE	RFA1_HUMAN	1	632	two hybrid pooling approach	20711500
Q7CJU3	Q13123	Yersinia pestis	Q7CJU3_YERPE	RED_HUMAN	1	632	two hybrid pooling approach	20711500
Q8D1P4	Q92804	Yersinia pestis	Q8D1P4_YERPE	RBP56_HUMAN	1	632	two hybrid pooling approach	20711500
Q8ZD27	O43251	Yersinia pestis	TRUA_YERPE	RFOX2_HUMAN	1	632	two hybrid pooling approach	20711500
Q7CFN3	A0AV96	Yersinia pestis	Q7CFN3_YERPE	RBM47_HUMAN	1	632	two hybrid pooling approach	20711500
Q8ZBN6	Q8IUH3	Yersinia pestis	CYSJ_YERPE	RBM45_HUMAN	1	632	two hybrid pooling approach	20711500
Q7CGF0	Q9H0Z9	Yersinia pestis	Q7CGF0_YERPE	RBM38_HUMAN	1	632	two hybrid pooling approach	20711500
P17778	Q9NW64	Yersinia pestis	YOPM_YERPE	RBM22_HUMAN	1	632	two hybrid pooling approach	20711500
Q8CZU2	Q86WH2	Yersinia pestis	Q8CZU2_YERPE	RASF3_HUMAN	1	632	two hybrid pooling approach	20711500
Q7CHX2	Q9H6Z4	Yersinia pestis	Q7CHX2_YERPE	RANB3_HUMAN	1	632	two hybrid pooling approach	20711500
Q8CK76	Q9P0K7	Yersinia pestis	Q8CK76_YERPE	RAI14_HUMAN	1	632	two hybrid pooling approach	20711500
Q8D1R4	P04049	Yersinia pestis	Q8D1R4_YERPE	RAF1_HUMAN	1	632	two hybrid pooling approach	20711500
Q8D0H5	Q7Z7A1	Yersinia pestis	Q8D0H5_YERPE	CNTRL_HUMAN	1	632	two hybrid pooling approach	20711500
Q7CL32	Q9UK73	Yersinia pestis	Q7CL32_YERPE	FEM1B_HUMAN	1	632	two hybrid pooling approach	20711500
Q7CHR9	Q9UK73	Yersinia pestis	Q7CHR9_YERPE	FEM1B_HUMAN	1	632	two hybrid pooling approach	20711500
Q8CWH9	Q9NWB7	Yersinia pestis	Q8CWH9_YERPE	IFT57_HUMAN	1	632	two hybrid pooling approach	20711500
Q8ZII0	Q9H7Q5	Yersinia pestis	RAPA_YERPE	Q9H7Q5_HUMAN	1	632	two hybrid pooling approach	20711500
Q8CWI1	Q9Y520	Yersinia pestis	Q8CWI1_YERPE	PRC2C_HUMAN	1	632	two hybrid pooling approach	20711500
Q8D034	Q96LM7	Yersinia pestis	Q8D034_YERPE	Q96LM7_HUMAN	1	632	two hybrid pooling approach	20711500
Q8CKW7	Q99435	Yersinia pestis	Q8CKW7_YERPE	NELL2_HUMAN	1	632	two hybrid pooling approach	20711500
Q8D0N9	Q92827	Yersinia pestis	Q8D0N9_YERPE	Q92827_HUMAN	1	632	two hybrid pooling approach	20711500
Q7CJC6	Q92827	Yersinia pestis	Q7CJC6_YERPE	Q92827_HUMAN	1	632	two hybrid pooling approach	20711500
Q7CGH9	Q92827	Yersinia pestis	Q7CGH9_YERPE	Q92827_HUMAN	1	632	two hybrid pooling approach	20711500
Q8D092	Q92982	Yersinia pestis	Q8D092_YERPE	NINJ1_HUMAN	1	632	two hybrid pooling approach	20711500
Q7CG54	Q92982	Yersinia pestis	Q7CG54_YERPE	NINJ1_HUMAN	1	632	two hybrid pooling approach	20711500
Q7CGD9	Q4LDE5	Yersinia pestis	CDIA_YERPE	SVEP1_HUMAN	1	632	two hybrid pooling approach	20711500
Q8CKN0	Q8N1N5	Yersinia pestis	Q8CKN0_YERPE	CRPAK_HUMAN	1	632	two hybrid pooling approach	20711500
Q8CLU9	Q8NA59	Yersinia pestis	Q8CLU9_YERPE	Q8NA59_HUMAN	1	632	two hybrid pooling approach	20711500
Q8CLP9	Q8N836	Yersinia pestis	Q8CLP9_YERPE	Q8N836_HUMAN	1	632	two hybrid pooling approach	20711500
Q7CGA4	Q86UW4	Yersinia pestis	Q7CGA4_YERPE	Q86UW4_HUMAN	1	632	two hybrid pooling approach	20711500
Q7CJE4	Q3KNW1	Yersinia pestis	Q7CJE4_YERPE	SNAI3_HUMAN	1	632	two hybrid pooling approach	20711500
Q8ZA28	Q6ZV49	Yersinia pestis	DCTA_YERPE	Q6ZV49_HUMAN	1	632	two hybrid pooling approach	20711500
Q8D020	Q6P0P0	Yersinia pestis	Q8D020_YERPE	Q6P0P0_HUMAN	1	632	two hybrid pooling approach	20711500
Q7ARD3	P52565	Yersinia pestis	Q7ARD3_YERPE	GDIR1_HUMAN	1	632	two hybrid pooling approach	20711500
Q8D1G8	P52565	Yersinia pestis	ACSA_YERPE	GDIR1_HUMAN	1	632	two hybrid pooling approach	20711500
Q8ZJ10	P52758	Yersinia pestis	ALR1_YERPE	UK114_HUMAN	1	632	two hybrid pooling approach	20711500
Q7CGS9	Q64F87	Yersinia pestis	Q7CGS9_YERPE	Q64F87_HUMAN	1	632	two hybrid pooling approach	20711500
Q8D015	Q8IWT3	Yersinia pestis	Q8D015_YERPE	CUL9_HUMAN	1	632	two hybrid pooling approach	20711500
Q7CHD8	Q53SQ1	Yersinia pestis	Q7CHD8_YERPE	Q53SQ1_HUMAN	1	632	two hybrid pooling approach	20711500
Q8D1P4	O43760	Yersinia pestis	Q8D1P4_YERPE	SNG2_HUMAN	1	632	two hybrid pooling approach	20711500
Q8CLE6	Q9P2F8	Yersinia pestis	Q8CLE6_YERPE	SI1L2_HUMAN	1	632	two hybrid pooling approach	20711500
Q7CGF2	Q2NL98	Yersinia pestis	Q7CGF2_YERPE	VMAC_HUMAN	1	632	two hybrid pooling approach	20711500
Q7CJE7	Q9NYI0	Yersinia pestis	Q7CJE7_YERPE	PSD3_HUMAN	1	632	two hybrid pooling approach	20711500
Q7CIF0	Q9NYI0	Yersinia pestis	Q7CIF0_YERPE	PSD3_HUMAN	1	632	two hybrid pooling approach	20711500
Q7ARD1	P28070	Yersinia pestis	Q7ARD1_YERPE	PSB4_HUMAN	1	632	two hybrid pooling approach	20711500
Q7CJ39	P28066	Yersinia pestis	Q7CJ39_YERPE	PSA5_HUMAN	1	632	two hybrid pooling approach	20711500
Q7CJB2	P25786	Yersinia pestis	Q7CJB2_YERPE	PSA1_HUMAN	1	632	two hybrid pooling approach	20711500
Q8D1C8	P30041	Yersinia pestis	Q8D1C8_YERPE	PRDX6_HUMAN	1	632	two hybrid pooling approach	20711500
Q8CZK5	P30048	Yersinia pestis	Q8CZK5_YERPE	PRDX3_HUMAN	1	632	two hybrid pooling approach	20711500
Q8CLT3	P30048	Yersinia pestis	Q8CLT3_YERPE	PRDX3_HUMAN	1	632	two hybrid pooling approach	20711500
Q8ZAN0	P30048	Yersinia pestis	FADB_YERPE	PRDX3_HUMAN	1	632	two hybrid pooling approach	20711500
Q7CG91	Q8TF05	Yersinia pestis	Q7CG91_YERPE	PP4R1_HUMAN	1	632	two hybrid pooling approach	20711500
Q7CHI6	P62140	Yersinia pestis	Q7CHI6_YERPE	PP1B_HUMAN	1	632	two hybrid pooling approach	20711500
Q9X6B6	Q7Z3K3	Yersinia pestis	Q9X6B6_YERPE	POGZ_HUMAN	1	632	two hybrid pooling approach	20711500
Q8D0C8	Q7Z3K3	Yersinia pestis	Q8D0C8_YERPE	POGZ_HUMAN	1	632	two hybrid pooling approach	20711500
Q7CKZ7	Q7Z3K3	Yersinia pestis	Q7CKZ7_YERPE	POGZ_HUMAN	1	632	two hybrid pooling approach	20711500
Q7CHQ0	Q7Z3K3	Yersinia pestis	Q7CHQ0_YERPE	POGZ_HUMAN	1	632	two hybrid pooling approach	20711500
Q7CGZ1	Q7Z3K3	Yersinia pestis	Q7CGZ1_YERPE	POGZ_HUMAN	1	632	two hybrid pooling approach	20711500
Q7CGI0	Q7Z3K3	Yersinia pestis	FTSP_YERPE	POGZ_HUMAN	1	632	two hybrid pooling approach	20711500
Q7CKP1	Q01453	Yersinia pestis	Q7CKP1_YERPE	PMP22_HUMAN	1	632	two hybrid pooling approach	20711500
Q7CG01	Q9BX97	Yersinia pestis	Q7CG01_YERPE	PLVAP_HUMAN	1	632	two hybrid pooling approach	20711500
Q8D1M8	O15162	Yersinia pestis	Q8D1M8_YERPE	PLS1_HUMAN	1	632	two hybrid pooling approach	20711500
Q8D162	O15162	Yersinia pestis	Q8D162_YERPE	PLS1_HUMAN	1	632	two hybrid pooling approach	20711500
Q8CZX8	O15162	Yersinia pestis	Q8CZX8_YERPE	PLS1_HUMAN	1	632	two hybrid pooling approach	20711500
Q8CLV2	Q53GL0	Yersinia pestis	Q8CLV2_YERPE	PKHO1_HUMAN	1	632	two hybrid pooling approach	20711500
Q7CG60	O94827	Yersinia pestis	Q7CG60_YERPE	PKHG5_HUMAN	1	632	two hybrid pooling approach	20711500
Q7CG90	Q9ULL1	Yersinia pestis	Q7CG90_YERPE	PKHG1_HUMAN	1	632	two hybrid pooling approach	20711500
Q7CHG5	Q9BZ71	Yersinia pestis	Q7CHG5_YERPE	PITM3_HUMAN	1	632	two hybrid pooling approach	20711500
Q8ZDX8	Q9BXM7	Yersinia pestis	ARNA_YERPE	PINK1_HUMAN	1	632	two hybrid pooling approach	20711500
Q8CLE5	Q13492	Yersinia pestis	Q8CLE5_YERPE	PICAL_HUMAN	1	632	two hybrid pooling approach	20711500
Q8ZFM0	Q6Y7W6	Yersinia pestis	CHEB_YERPE	PERQ2_HUMAN	1	632	two hybrid pooling approach	20711500
Q8CL08	P12955	Yersinia pestis	Q8CL08_YERPE	PEPD_HUMAN	1	632	two hybrid pooling approach	20711500
Q7CK70	P12955	Yersinia pestis	Q7CK70_YERPE	PEPD_HUMAN	1	632	two hybrid pooling approach	20711500
Q7CGH6	P16284	Yersinia pestis	Q7CGH6_YERPE	PECA1_HUMAN	1	632	two hybrid pooling approach	20711500
Q8CKB6	O94913	Yersinia pestis	Q8CKB6_YERPE	PCF11_HUMAN	1	632	two hybrid pooling approach	20711500
Q8D0N7	P49023	Yersinia pestis	Q8D0N7_YERPE	PAXI_HUMAN	1	632	two hybrid pooling approach	20711500
Q8D068	P11940	Yersinia pestis	Q8D068_YERPE	PABP1_HUMAN	1	632	two hybrid pooling approach	20711500
Q8ZJL7	P04637	Yersinia pestis	FIEF_YERPE	P53_HUMAN	1	632	two hybrid pooling approach	20711500
Q8ZG01	Q96G74	Yersinia pestis	SYM_YERPE	OTUD5_HUMAN	1	632	two hybrid pooling approach	20711500
Q7CFV9	Q9BZF1	Yersinia pestis	Q7CFV9_YERPE	OSBL8_HUMAN	1	632	two hybrid pooling approach	20711500
Q7CFP8	Q02218	Yersinia pestis	Q7CFP8_YERPE	ODO1_HUMAN	1	632	two hybrid pooling approach	20711500
Q8D1R8	Q9ULJ1	Yersinia pestis	Q8D1R8_YERPE	ODF2L_HUMAN	1	632	two hybrid pooling approach	20711500
Q8CWH9	Q9ULJ1	Yersinia pestis	Q8CWH9_YERPE	ODF2L_HUMAN	1	632	two hybrid pooling approach	20711500
Q7CL78	Q9ULJ1	Yersinia pestis	Q7CL78_YERPE	ODF2L_HUMAN	1	632	two hybrid pooling approach	20711500
Q8ZJB3	P37198	Yersinia pestis	EFG_YERPE	NUP62_HUMAN	1	632	two hybrid pooling approach	20711500
Q8D1E7	P35658	Yersinia pestis	Q8D1E7_YERPE	NU214_HUMAN	1	632	two hybrid pooling approach	20711500
Q9ZC54	P49790	Yersinia pestis	Q9ZC54_YERPE	NU153_HUMAN	1	632	two hybrid pooling approach	20711500
Q8D1K1	Q96KG9	Yersinia pestis	Q8D1K1_YERPE	SCYL1_HUMAN	1	632	two hybrid pooling approach	20711500
Q7CGU5	P06748	Yersinia pestis	Q7CGU5_YERPE	NPM_HUMAN	1	632	two hybrid pooling approach	20711500
Q7CKD5	Q49A26	Yersinia pestis	Q7CKD5_YERPE	GLYR1_HUMAN	1	632	two hybrid pooling approach	20711500
P69976	P22307	Yersinia pestis	YSCL_YERPE	NLTP_HUMAN	1	632	two hybrid pooling approach	20711500
Q7CGH6	P30414	Yersinia pestis	Q7CGH6_YERPE	NKTR_HUMAN	1	632	two hybrid pooling approach	20711500
Q8D1E7	Q969F2	Yersinia pestis	Q8D1E7_YERPE	NKD2_HUMAN	1	632	two hybrid pooling approach	20711500
Q8D0Q9	P14543	Yersinia pestis	Q8D0Q9_YERPE	NID1_HUMAN	1	632	two hybrid pooling approach	20711500
P58700	Q15599	Yersinia pestis	TRPR_YERPE	NHRF2_HUMAN	1	632	two hybrid pooling approach	20711500
Q8CZH6	Q15599	Yersinia pestis	Q8CZH6_YERPE	NHRF2_HUMAN	1	632	two hybrid pooling approach	20711500
Q8ZB41	P19838	Yersinia pestis	RAPZ_YERPE	NFKB1_HUMAN	1	632	two hybrid pooling approach	20711500
Q8ZEU8	P19838	Yersinia pestis	Y2055_YERPE	NFKB1_HUMAN	1	632	two hybrid pooling approach	20711500
Q8ZEW6	P19838	Yersinia pestis	Y2037_YERPE	NFKB1_HUMAN	1	632	two hybrid pooling approach	20711500
Q8ZD27	P19838	Yersinia pestis	TRUA_YERPE	NFKB1_HUMAN	1	632	two hybrid pooling approach	20711500
Q8ZCT6	P19838	Yersinia pestis	SYH_YERPE	NFKB1_HUMAN	1	632	two hybrid pooling approach	20711500
Q8D1H3	P19838	Yersinia pestis	RPOC_YERPE	NFKB1_HUMAN	1	632	two hybrid pooling approach	20711500
Q8ZII0	P19838	Yersinia pestis	RAPA_YERPE	NFKB1_HUMAN	1	632	two hybrid pooling approach	20711500
Q8D1P5	P19838	Yersinia pestis	Q8D1P5_YERPE	NFKB1_HUMAN	1	632	two hybrid pooling approach	20711500
Q0WJY2	P19838	Yersinia pestis	RHAM_YERPE	NFKB1_HUMAN	1	632	two hybrid pooling approach	20711500
Q8D1E6	P19838	Yersinia pestis	Q8D1E6_YERPE	NFKB1_HUMAN	1	632	two hybrid pooling approach	20711500
Q8D169	P19838	Yersinia pestis	Q8D169_YERPE	NFKB1_HUMAN	1	632	two hybrid pooling approach	20711500
Q8CZX4	P19838	Yersinia pestis	Q8CZX4_YERPE	NFKB1_HUMAN	1	632	two hybrid pooling approach	20711500
Q8CZL0	P19838	Yersinia pestis	Q8CZL0_YERPE	NFKB1_HUMAN	1	632	two hybrid pooling approach	20711500
Q8CKD8	P19838	Yersinia pestis	Q8CKD8_YERPE	NFKB1_HUMAN	1	632	two hybrid pooling approach	20711500
Q7CLC1	P19838	Yersinia pestis	Q7CLC1_YERPE	NFKB1_HUMAN	1	632	two hybrid pooling approach	20711500
Q7CKD1	P19838	Yersinia pestis	Q7CKD1_YERPE	NFKB1_HUMAN	1	632	two hybrid pooling approach	20711500
Q7CH58	P19838	Yersinia pestis	Q7CH58_YERPE	NFKB1_HUMAN	1	632	two hybrid pooling approach	20711500
Q7CGB6	P19838	Yersinia pestis	SECA_YERPE	NFKB1_HUMAN	1	632	two hybrid pooling approach	20711500
P31527	P19838	Yersinia pestis	PSAC_YERPE	NFKB1_HUMAN	1	632	two hybrid pooling approach	20711500
Q8ZDG9	P19838	Yersinia pestis	LIPB_YERPE	NFKB1_HUMAN	1	632	two hybrid pooling approach	20711500
Q8ZGY5	P19838	Yersinia pestis	GPMA_YERPE	NFKB1_HUMAN	1	632	two hybrid pooling approach	20711500
Q7CHU1	O94916	Yersinia pestis	MTFA_YERPE	NFAT5_HUMAN	1	632	two hybrid pooling approach	20711500
O68709	Q14686	Yersinia pestis	O68709_YERPE	NCOA6_HUMAN	1	632	two hybrid pooling approach	20711500
Q8CL86	Q9Y6Q9	Yersinia pestis	Q8CL86_YERPE	NCOA3_HUMAN	1	632	two hybrid pooling approach	20711500
Q8CKM2	Q9Y6Q9	Yersinia pestis	Q8CKM2_YERPE	NCOA3_HUMAN	1	632	two hybrid pooling approach	20711500
Q7CKB8	Q9Y6Q9	Yersinia pestis	Q7CKB8_YERPE	NCOA3_HUMAN	1	632	two hybrid pooling approach	20711500
Q7CHX2	P13591	Yersinia pestis	Q7CHX2_YERPE	NCAM1_HUMAN	1	632	two hybrid pooling approach	20711500
Q8CL08	O95544	Yersinia pestis	Q8CL08_YERPE	NADK_HUMAN	1	632	two hybrid pooling approach	20711500
Q7ARD3	Q86UW6	Yersinia pestis	Q7ARD3_YERPE	N4BP2_HUMAN	1	632	two hybrid pooling approach	20711500
Q7CHL6	Q5VU43	Yersinia pestis	Q7CHL6_YERPE	MYOME_HUMAN	1	632	two hybrid pooling approach	20711500
Q0WDR2	O75592	Yersinia pestis	MIAB_YERPE	MYCB2_HUMAN	1	632	two hybrid pooling approach	20711500
Q7CL91	O75592	Yersinia pestis	Q7CL91_YERPE	MYCB2_HUMAN	1	632	two hybrid pooling approach	20711500
Q7CGV8	O75592	Yersinia pestis	Q7CGV8_YERPE	MYCB2_HUMAN	1	632	two hybrid pooling approach	20711500
Q7CGI3	O75592	Yersinia pestis	Q7CGI3_YERPE	MYCB2_HUMAN	1	632	two hybrid pooling approach	20711500
Q7CGS4	P13640	Yersinia pestis	E4PD_YERPE	MT1G_HUMAN	1	632	two hybrid pooling approach	20711500
Q7CGI0	Q96T58	Yersinia pestis	FTSP_YERPE	MINT_HUMAN	1	632	two hybrid pooling approach	20711500
Q8D1F9	Q7Z7M0	Yersinia pestis	Q8D1F9_YERPE	MEGF8_HUMAN	1	632	two hybrid pooling approach	20711500
Q7CJ95	O60244	Yersinia pestis	Q7CJ95_YERPE	MED14_HUMAN	1	632	two hybrid pooling approach	20711500
Q7CHE8	O60244	Yersinia pestis	Q7CHE8_YERPE	MED14_HUMAN	1	632	two hybrid pooling approach	20711500
Q8CKM0	Q93074	Yersinia pestis	Q8CKM0_YERPE	MED12_HUMAN	1	632	two hybrid pooling approach	20711500
Q7CG16	Q93074	Yersinia pestis	Q7CG16_YERPE	MED12_HUMAN	1	632	two hybrid pooling approach	20711500
Q8CKW7	Q9P1T7	Yersinia pestis	Q8CKW7_YERPE	MDFIC_HUMAN	1	632	two hybrid pooling approach	20711500
Q7CGU5	O60318	Yersinia pestis	Q7CGU5_YERPE	GANP_HUMAN	1	632	two hybrid pooling approach	20711500
Q8ZEC9	Q8NI22	Yersinia pestis	ETCB_YERPE	MCFD2_HUMAN	1	632	two hybrid pooling approach	20711500
Q8ZGH1	Q15555	Yersinia pestis	Y1326_YERPE	MARE2_HUMAN	1	632	two hybrid pooling approach	20711500
Q8D0T1	Q8N2S1	Yersinia pestis	Q8D0T1_YERPE	LTBP4_HUMAN	1	632	two hybrid pooling approach	20711500
Q74YC7	Q8N2S1	Yersinia pestis	Q74YC7_YERPE	LTBP4_HUMAN	1	632	two hybrid pooling approach	20711500
P58582	Q9Y608	Yersinia pestis	GSHB_YERPE	LRRF2_HUMAN	1	632	two hybrid pooling approach	20711500
Q8ZIY9	Q03252	Yersinia pestis	DSBD_YERPE	LMNB2_HUMAN	1	632	two hybrid pooling approach	20711500
Q7CJ76	Q96PV6	Yersinia pestis	MEND_YERPE	LENG8_HUMAN	1	632	two hybrid pooling approach	20711500
Q7CJF3	Q96PV6	Yersinia pestis	DNLJ_YERPE	LENG8_HUMAN	1	632	two hybrid pooling approach	20711500
Q7CGR9	P17931	Yersinia pestis	Q7CGR9_YERPE	LEG3_HUMAN	1	632	two hybrid pooling approach	20711500
Q7CFX4	O95751	Yersinia pestis	Q7CFX4_YERPE	LDOC1_HUMAN	1	632	two hybrid pooling approach	20711500
Q8ZAL3	P00338	Yersinia pestis	METE_YERPE	LDHA_HUMAN	1	632	two hybrid pooling approach	20711500
Q8ZH50	P14618	Yersinia pestis	TILS_YERPE	KPYM_HUMAN	1	632	two hybrid pooling approach	20711500
Q7CJE7	P14618	Yersinia pestis	Q7CJE7_YERPE	KPYM_HUMAN	1	632	two hybrid pooling approach	20711500
Q7CGR9	P14618	Yersinia pestis	Q7CGR9_YERPE	KPYM_HUMAN	1	632	two hybrid pooling approach	20711500
Q7CG92	P14618	Yersinia pestis	Q7CG92_YERPE	KPYM_HUMAN	1	632	two hybrid pooling approach	20711500
Q8ZBQ3	P14618	Yersinia pestis	MUTS_YERPE	KPYM_HUMAN	1	632	two hybrid pooling approach	20711500
Q8ZA76	P14618	Yersinia pestis	GLGX_YERPE	KPYM_HUMAN	1	632	two hybrid pooling approach	20711500
Q8ZA77	P14618	Yersinia pestis	GLGC_YERPE	KPYM_HUMAN	1	632	two hybrid pooling approach	20711500
Q9ZC68	P14618	Yersinia pestis	ASTD_YERPE	KPYM_HUMAN	1	632	two hybrid pooling approach	20711500
Q8CKN5	Q93100	Yersinia pestis	Q8CKN5_YERPE	KPBB_HUMAN	1	632	two hybrid pooling approach	20711500
Q8ZED8	Q9UEF7	Yersinia pestis	RNB_YERPE	KLOT_HUMAN	1	632	two hybrid pooling approach	20711500
Q7CIX7	Q96PQ7	Yersinia pestis	Q7CIX7_YERPE	KLHL5_HUMAN	1	632	two hybrid pooling approach	20711500
Q7CKY2	Q9Y2U9	Yersinia pestis	Q7CKY2_YERPE	KLDC2_HUMAN	1	632	two hybrid pooling approach	20711500
Q8ZH69	Q14145	Yersinia pestis	DAPD_YERPE	KEAP1_HUMAN	1	632	two hybrid pooling approach	20711500
Q8D092	P78368	Yersinia pestis	Q8D092_YERPE	KC1G2_HUMAN	1	632	two hybrid pooling approach	20711500
Q7CL26	P48730	Yersinia pestis	Q7CL26_YERPE	KC1D_HUMAN	1	632	two hybrid pooling approach	20711500
Q7CK92	Q96JJ6	Yersinia pestis	Q7CK92_YERPE	JPH4_HUMAN	1	632	two hybrid pooling approach	20711500
Q8ZD12	O15054	Yersinia pestis	Y2781_YERPE	KDM6B_HUMAN	1	632	two hybrid pooling approach	20711500
Q8ZEV7	P78504	Yersinia pestis	SYR_YERPE	JAG1_HUMAN	1	632	two hybrid pooling approach	20711500
Q7CKD3	Q9NZM3	Yersinia pestis	Q7CKD3_YERPE	ITSN2_HUMAN	1	632	two hybrid pooling approach	20711500
Q7CJK2	P16144	Yersinia pestis	Q7CJK2_YERPE	ITB4_HUMAN	1	632	two hybrid pooling approach	20711500
Q7CH74	P21399	Yersinia pestis	Q7CH74_YERPE	ACOC_HUMAN	1	632	two hybrid pooling approach	20711500
Q8ZAF1	P46940	Yersinia pestis	WZYE_YERPE	IQGA1_HUMAN	1	632	two hybrid pooling approach	20711500
Q7CGX5	P46940	Yersinia pestis	Q7CGX5_YERPE	IQGA1_HUMAN	1	632	two hybrid pooling approach	20711500
Q7CH41	Q27J81	Yersinia pestis	Q7CH41_YERPE	INF2_HUMAN	1	632	two hybrid pooling approach	20711500
Q7CGZ1	Q13418	Yersinia pestis	Q7CGZ1_YERPE	ILK_HUMAN	1	632	two hybrid pooling approach	20711500
Q7CK66	P16871	Yersinia pestis	Q7CK66_YERPE	IL7RA_HUMAN	1	632	two hybrid pooling approach	20711500
Q8D0R9	Q9UKT9	Yersinia pestis	Q8D0R9_YERPE	IKZF3_HUMAN	1	632	two hybrid pooling approach	20711500
Q7CJA6	O15111	Yersinia pestis	Q7CJA6_YERPE	IKKA_HUMAN	1	632	two hybrid pooling approach	20711500
P17778	P01857	Yersinia pestis	YOPM_YERPE	IGHG1_HUMAN	1	632	two hybrid pooling approach	20711500
Q7CGR6	P01857	Yersinia pestis	Q7CGR6_YERPE	IGHG1_HUMAN	1	632	two hybrid pooling approach	20711500
Q8D0D4	O14879	Yersinia pestis	Q8D0D4_YERPE	IFIT3_HUMAN	1	632	two hybrid pooling approach	20711500
Q8ZCW0	P40305	Yersinia pestis	MDTB_YERPE	IFI27_HUMAN	1	632	two hybrid pooling approach	20711500
Q8ZFU4	P60842	Yersinia pestis	PYRC_YERPE	IF4A1_HUMAN	1	632	two hybrid pooling approach	20711500
P17778	P41091	Yersinia pestis	YOPM_YERPE	IF2G_HUMAN	1	632	two hybrid pooling approach	20711500
Q8CZZ5	O43464	Yersinia pestis	Q8CZZ5_YERPE	HTRA2_HUMAN	1	632	two hybrid pooling approach	20711500
Q7CL89	O43464	Yersinia pestis	Q7CL89_YERPE	HTRA2_HUMAN	1	632	two hybrid pooling approach	20711500
P58644	O43464	Yersinia pestis	PYRF_YERPE	HTRA2_HUMAN	1	632	two hybrid pooling approach	20711500
P69961	O95081	Yersinia pestis	LCRS_YERPE	AGFG2_HUMAN	1	632	two hybrid pooling approach	20711500
Q7CFV6	P37235	Yersinia pestis	Q7CFV6_YERPE	HPCL1_HUMAN	1	632	two hybrid pooling approach	20711500
Q7CJE9	P30519	Yersinia pestis	Q7CJE9_YERPE	HMOX2_HUMAN	1	632	two hybrid pooling approach	20711500
Q7CKK6	P09601	Yersinia pestis	Q7CKK6_YERPE	HMOX1_HUMAN	1	632	two hybrid pooling approach	20711500
Q7CH44	Q01581	Yersinia pestis	Q7CH44_YERPE	HMCS1_HUMAN	1	632	two hybrid pooling approach	20711500
Q56956	Q16534	Yersinia pestis	YFEE_YERPE	HLF_HUMAN	1	632	two hybrid pooling approach	20711500
Q8CZL7	Q16534	Yersinia pestis	Q8CZL7_YERPE	HLF_HUMAN	1	632	two hybrid pooling approach	20711500
Q7CHG5	P13747	Yersinia pestis	Q7CHG5_YERPE	HLAE_HUMAN	1	632	two hybrid pooling approach	20711500
Q8ZJP8	Q9H422	Yersinia pestis	RNPH_YERPE	HIPK3_HUMAN	1	632	two hybrid pooling approach	20711500
P58543	Q9H422	Yersinia pestis	ARAB_YERPE	HIPK3_HUMAN	1	632	two hybrid pooling approach	20711500
Q8D065	O14964	Yersinia pestis	Q8D065_YERPE	HGS_HUMAN	1	632	two hybrid pooling approach	20711500
Q8CZJ9	O14964	Yersinia pestis	Q8CZJ9_YERPE	HGS_HUMAN	1	632	two hybrid pooling approach	20711500
Q8ZGA1	O14964	Yersinia pestis	MUKF_YERPE	HGS_HUMAN	1	632	two hybrid pooling approach	20711500
Q8CZU2	P04233	Yersinia pestis	Q8CZU2_YERPE	HG2A_HUMAN	1	632	two hybrid pooling approach	20711500
Q7CKQ0	P04233	Yersinia pestis	Q7CKQ0_YERPE	HG2A_HUMAN	1	632	two hybrid pooling approach	20711500
Q7CL30	Q14469	Yersinia pestis	Q7CL30_YERPE	HES1_HUMAN	1	632	two hybrid pooling approach	20711500
Q8ZFR1	P42694	Yersinia pestis	NPD_YERPE	HELZ_HUMAN	1	632	two hybrid pooling approach	20711500
Q74YG7	Q9Y3E1	Yersinia pestis	Q74YG7_YERPE	HDGR3_HUMAN	1	632	two hybrid pooling approach	20711500
Q7CII9	P51610	Yersinia pestis	Q7CII9_YERPE	HCFC1_HUMAN	1	632	two hybrid pooling approach	20711500
Q7CHC7	O00165	Yersinia pestis	Q7CHC7_YERPE	HAX1_HUMAN	1	632	two hybrid pooling approach	20711500
Q7CG61	O00165	Yersinia pestis	Q7CG61_YERPE	HAX1_HUMAN	1	632	two hybrid pooling approach	20711500
Q8CKD1	P00390	Yersinia pestis	Q8CKD1_YERPE	GSHR_HUMAN	1	632	two hybrid pooling approach	20711500
Q8ZH69	Q13588	Yersinia pestis	DAPD_YERPE	GRAP_HUMAN	1	632	two hybrid pooling approach	20711500
Q8D0C5	Q9UKJ3	Yersinia pestis	Q8D0C5_YERPE	GPTC8_HUMAN	1	632	two hybrid pooling approach	20711500
Q8ZJ16	Q8TDU6	Yersinia pestis	LEXA_YERPE	GPBAR_HUMAN	1	632	two hybrid pooling approach	20711500
Q9X6B7	Q9HD26	Yersinia pestis	Q9X6B7_YERPE	GOPC_HUMAN	1	632	two hybrid pooling approach	20711500
Q8D0K9	Q9HD26	Yersinia pestis	Q8D0K9_YERPE	GOPC_HUMAN	1	632	two hybrid pooling approach	20711500
Q7CI00	P08754	Yersinia pestis	Q7CI00_YERPE	GNAI3_HUMAN	1	632	two hybrid pooling approach	20711500
Q7CKP7	P34897	Yersinia pestis	Q7CKP7_YERPE	GLYM_HUMAN	1	632	two hybrid pooling approach	20711500
Q8D169	P14314	Yersinia pestis	Q8D169_YERPE	GLU2B_HUMAN	1	632	two hybrid pooling approach	20711500
Q7CKC3	O14908	Yersinia pestis	Q7CKC3_YERPE	GIPC1_HUMAN	1	632	two hybrid pooling approach	20711500
Q8ZD12	Q9HCC8	Yersinia pestis	Y2781_YERPE	GDPD2_HUMAN	1	632	two hybrid pooling approach	20711500
P37858	Q9HCC8	Yersinia pestis	RECA_YERPE	GDPD2_HUMAN	1	632	two hybrid pooling approach	20711500
Q8D0N9	Q9HCC8	Yersinia pestis	Q8D0N9_YERPE	GDPD2_HUMAN	1	632	two hybrid pooling approach	20711500
Q7CFW2	Q9HCC8	Yersinia pestis	Q7CFW2_YERPE	GDPD2_HUMAN	1	632	two hybrid pooling approach	20711500
Q7CHR2	P04150	Yersinia pestis	Q7CHR2_YERPE	GCR_HUMAN	1	632	two hybrid pooling approach	20711500
Q8CZY2	P63244	Yersinia pestis	Q8CZY2_YERPE	RACK1_HUMAN	1	632	two hybrid pooling approach	20711500
Q7CHI8	P63244	Yersinia pestis	Q7CHI8_YERPE	RACK1_HUMAN	1	632	two hybrid pooling approach	20711500
Q7CGI4	P06241	Yersinia pestis	Q7CGI4_YERPE	FYN_HUMAN	1	632	two hybrid pooling approach	20711500
Q8ZAL3	Q92945	Yersinia pestis	METE_YERPE	FUBP2_HUMAN	1	632	two hybrid pooling approach	20711500
Q7CJQ8	Q92802	Yersinia pestis	Q7CJQ8_YERPE	N42L2_HUMAN	1	632	two hybrid pooling approach	20711500
Q7CFS1	Q92802	Yersinia pestis	Q7CFS1_YERPE	N42L2_HUMAN	1	632	two hybrid pooling approach	20711500
Q7CJG3	Q53EP0	Yersinia pestis	MACB2_YERPE	FND3B_HUMAN	1	632	two hybrid pooling approach	20711500
Q7CH71	Q9Y2H6	Yersinia pestis	Q7CH71_YERPE	FND3A_HUMAN	1	632	two hybrid pooling approach	20711500
Q7CKA9	Q14254	Yersinia pestis	Q7CKA9_YERPE	FLOT2_HUMAN	1	632	two hybrid pooling approach	20711500
Q7CH40	Q4L180	Yersinia pestis	GRPE_YERPE	FIL1L_HUMAN	1	632	two hybrid pooling approach	20711500
Q8ZCR1	Q14192	Yersinia pestis	GLYA_YERPE	FHL2_HUMAN	1	632	two hybrid pooling approach	20711500
Q8ZBN6	Q14192	Yersinia pestis	CYSJ_YERPE	FHL2_HUMAN	1	632	two hybrid pooling approach	20711500
Q7CGS8	O94868	Yersinia pestis	Q7CGS8_YERPE	FCSD2_HUMAN	1	632	two hybrid pooling approach	20711500
Q8CL35	P30273	Yersinia pestis	Q8CL35_YERPE	FCERG_HUMAN	1	632	two hybrid pooling approach	20711500
Q7CKL1	Q9HAH7	Yersinia pestis	Q7CKL1_YERPE	FBRS_HUMAN	1	632	two hybrid pooling approach	20711500
Q7CHR9	P35555	Yersinia pestis	Q7CHR9_YERPE	FBN1_HUMAN	1	632	two hybrid pooling approach	20711500
Q7ARD3	P35555	Yersinia pestis	Q7ARD3_YERPE	FBN1_HUMAN	1	632	two hybrid pooling approach	20711500
Q8ZJG9	P50502	Yersinia pestis	PCKA_YERPE	F10A1_HUMAN	1	632	two hybrid pooling approach	20711500
Q7CKH8	Q14677	Yersinia pestis	Q7CKH8_YERPE	EPN4_HUMAN	1	632	two hybrid pooling approach	20711500
Q8D194	Q99814	Yersinia pestis	Q8D194_YERPE	EPAS1_HUMAN	1	632	two hybrid pooling approach	20711500
Q7CJE7	Q99814	Yersinia pestis	Q7CJE7_YERPE	EPAS1_HUMAN	1	632	two hybrid pooling approach	20711500
Q8ZFU4	P14625	Yersinia pestis	PYRC_YERPE	ENPL_HUMAN	1	632	two hybrid pooling approach	20711500
Q8CZZ7	Q9Y6C2	Yersinia pestis	Q8CZZ7_YERPE	EMIL1_HUMAN	1	632	two hybrid pooling approach	20711500
Q74R28	Q15723	Yersinia pestis	UGPC_YERPE	ELF2_HUMAN	1	632	two hybrid pooling approach	20711500
Q8ZCW1	P32519	Yersinia pestis	MDTA_YERPE	ELF1_HUMAN	1	632	two hybrid pooling approach	20711500
Q7CG61	P26641	Yersinia pestis	Q7CG61_YERPE	EF1G_HUMAN	1	632	two hybrid pooling approach	20711500
Q7ARN5	P26641	Yersinia pestis	Q7ARN5_YERPE	EF1G_HUMAN	1	632	two hybrid pooling approach	20711500
O68740	P26641	Yersinia pestis	O68740_YERPE	EF1G_HUMAN	1	632	two hybrid pooling approach	20711500
Q7ARB3	Q16610	Yersinia pestis	Q7ARB3_YERPE	ECM1_HUMAN	1	632	two hybrid pooling approach	20711500
Q7CKB2	Q16610	Yersinia pestis	Q7CKB2_YERPE	ECM1_HUMAN	1	632	two hybrid pooling approach	20711500
Q8D1E3	Q9Y2J2	Yersinia pestis	Q8D1E3_YERPE	E41L3_HUMAN	1	632	two hybrid pooling approach	20711500
Q8CLK2	O43491	Yersinia pestis	Q8CLK2_YERPE	E41L2_HUMAN	1	632	two hybrid pooling approach	20711500
Q8D0G3	P50570	Yersinia pestis	Q8D0G3_YERPE	DYN2_HUMAN	1	632	two hybrid pooling approach	20711500
Q8Z9S7	P63172	Yersinia pestis	GLMU_YERPE	DYLT1_HUMAN	1	632	two hybrid pooling approach	20711500
Q8D0L8	Q92997	Yersinia pestis	Q8D0L8_YERPE	DVL3_HUMAN	1	632	two hybrid pooling approach	20711500
Q8ZIX3	P33316	Yersinia pestis	EPMA_YERPE	DUT_HUMAN	1	632	two hybrid pooling approach	20711500
Q8D0V6	Q12882	Yersinia pestis	Q8D0V6_YERPE	DPYD_HUMAN	1	632	two hybrid pooling approach	20711500
Q7CKL8	Q12882	Yersinia pestis	Q7CKL8_YERPE	DPYD_HUMAN	1	632	two hybrid pooling approach	20711500
Q7CHZ0	Q9C005	Yersinia pestis	Q7CHZ0_YERPE	DPY30_HUMAN	1	632	two hybrid pooling approach	20711500
Q7CGZ5	Q9C005	Yersinia pestis	Q7CGZ5_YERPE	DPY30_HUMAN	1	632	two hybrid pooling approach	20711500
Q8ZIY9	P30046	Yersinia pestis	DSBD_YERPE	DOPD_HUMAN	1	632	two hybrid pooling approach	20711500
Q7CHQ0	Q7L591	Yersinia pestis	Q7CHQ0_YERPE	DOK3_HUMAN	1	632	two hybrid pooling approach	20711500
Q7CKJ7	Q8NF50	Yersinia pestis	Q7CKJ7_YERPE	DOCK8_HUMAN	1	632	two hybrid pooling approach	20711500
Q8D1G8	Q5JSL3	Yersinia pestis	ACSA_YERPE	DOC11_HUMAN	1	632	two hybrid pooling approach	20711500
Q7CIH0	Q9Y6K1	Yersinia pestis	Q7CIH0_YERPE	DNM3A_HUMAN	1	632	two hybrid pooling approach	20711500
Q7CKL1	Q9NP97	Yersinia pestis	Q7CKL1_YERPE	DLRB1_HUMAN	1	632	two hybrid pooling approach	20711500
Q8CKJ5	Q13574	Yersinia pestis	Q8CKJ5_YERPE	DGKZ_HUMAN	1	632	two hybrid pooling approach	20711500
Q8D1J6	A2RUS2	Yersinia pestis	Q8D1J6_YERPE	DEND3_HUMAN	1	632	two hybrid pooling approach	20711500
Q8D169	Q13561	Yersinia pestis	Q8D169_YERPE	DCTN2_HUMAN	1	632	two hybrid pooling approach	20711500
Q7CIH9	Q9NQC7	Yersinia pestis	Q7CIH9_YERPE	CYLD_HUMAN	1	632	two hybrid pooling approach	20711500
Q7CJK4	Q9Y426	Yersinia pestis	Q7CJK4_YERPE	CU025_HUMAN	1	632	two hybrid pooling approach	20711500
Q8ZAB3	P35222	Yersinia pestis	ILVD_YERPE	CTNB1_HUMAN	1	632	two hybrid pooling approach	20711500
Q7CGN6	Q9H8E8	Yersinia pestis	Q7CGN6_YERPE	CSR2B_HUMAN	1	632	two hybrid pooling approach	20711500
Q8D015	Q96SW2	Yersinia pestis	Q8D015_YERPE	CRBN_HUMAN	1	632	two hybrid pooling approach	20711500
Q7CI00	Q96SW2	Yersinia pestis	Q7CI00_YERPE	CRBN_HUMAN	1	632	two hybrid pooling approach	20711500
Q8D184	Q8WU58	Yersinia pestis	Q8D184_YERPE	F222B_HUMAN	1	632	two hybrid pooling approach	20711500
Q8D1M8	P04632	Yersinia pestis	Q8D1M8_YERPE	CPNS1_HUMAN	1	632	two hybrid pooling approach	20711500
Q8D052	Q17RY0	Yersinia pestis	Q8D052_YERPE	CPEB4_HUMAN	1	632	two hybrid pooling approach	20711500
Q8D1L3	Q92828	Yersinia pestis	Q8D1L3_YERPE	COR2A_HUMAN	1	632	two hybrid pooling approach	20711500
Q8CZX8	P31146	Yersinia pestis	Q8CZX8_YERPE	COR1A_HUMAN	1	632	two hybrid pooling approach	20711500
Q7CKH4	O14579	Yersinia pestis	Q7CKH4_YERPE	COPE_HUMAN	1	632	two hybrid pooling approach	20711500
Q7ARD3	Q14746	Yersinia pestis	Q7ARD3_YERPE	COG2_HUMAN	1	632	two hybrid pooling approach	20711500
Q8D1R0	P23528	Yersinia pestis	Q8D1R0_YERPE	COF1_HUMAN	1	632	two hybrid pooling approach	20711500
Q8D068	P23528	Yersinia pestis	Q8D068_YERPE	COF1_HUMAN	1	632	two hybrid pooling approach	20711500
Q8ZDA6	P23528	Yersinia pestis	CHBG_YERPE	COF1_HUMAN	1	632	two hybrid pooling approach	20711500
Q8ZHK5	Q05707	Yersinia pestis	SYK_YERPE	COEA1_HUMAN	1	632	two hybrid pooling approach	20711500
Q8D1G3	P02462	Yersinia pestis	Q8D1G3_YERPE	CO4A1_HUMAN	1	632	two hybrid pooling approach	20711500
Q8D169	Q9UDT6	Yersinia pestis	Q8D169_YERPE	CLIP2_HUMAN	1	632	two hybrid pooling approach	20711500
Q8CZM8	O00299	Yersinia pestis	Q8CZM8_YERPE	CLIC1_HUMAN	1	632	two hybrid pooling approach	20711500
Q7CL18	Q96DE5	Yersinia pestis	Q7CL18_YERPE	APC16_HUMAN	1	632	two hybrid pooling approach	20711500
Q9ZFR9	Q14011	Yersinia pestis	URE1_YERPE	CIRBP_HUMAN	1	632	two hybrid pooling approach	20711500
Q8ZGX4	Q969X6	Yersinia pestis	6PGL_YERPE	UTP4_HUMAN	1	632	two hybrid pooling approach	20711500
P58644	Q96RK0	Yersinia pestis	PYRF_YERPE	CIC_HUMAN	1	632	two hybrid pooling approach	20711500
Q7CHN2	Q99828	Yersinia pestis	Q7CHN2_YERPE	CIB1_HUMAN	1	632	two hybrid pooling approach	20711500
Q7CKQ0	O75794	Yersinia pestis	Q7CKQ0_YERPE	CD123_HUMAN	1	632	two hybrid pooling approach	20711500
Q8D0D4	P41002	Yersinia pestis	Q8D0D4_YERPE	CCNF_HUMAN	1	632	two hybrid pooling approach	20711500
Q7CFR7	P13501	Yersinia pestis	Q7CFR7_YERPE	CCL5_HUMAN	1	632	two hybrid pooling approach	20711500
Q7CL84	Q9H2F9	Yersinia pestis	Q7CL84_YERPE	CCD68_HUMAN	1	632	two hybrid pooling approach	20711500
Q7CJF7	Q6P2H3	Yersinia pestis	Q7CJF7_YERPE	CEP85_HUMAN	1	632	two hybrid pooling approach	20711500
Q7CH58	Q6P2H3	Yersinia pestis	Q7CH58_YERPE	CEP85_HUMAN	1	632	two hybrid pooling approach	20711500
O68740	Q6P2H3	Yersinia pestis	O68740_YERPE	CEP85_HUMAN	1	632	two hybrid pooling approach	20711500
Q7CIW0	Q9GZT6	Yersinia pestis	Q7CIW0_YERPE	CC90B_HUMAN	1	632	two hybrid pooling approach	20711500
Q7CG52	P43235	Yersinia pestis	Q7CG52_YERPE	CATK_HUMAN	1	632	two hybrid pooling approach	20711500
Q8D0H5	Q14444	Yersinia pestis	Q8D0H5_YERPE	CAPR1_HUMAN	1	632	two hybrid pooling approach	20711500
Q8D017	Q05682	Yersinia pestis	Q8D017_YERPE	CALD1_HUMAN	1	632	two hybrid pooling approach	20711500
Q7CKP0	P09871	Yersinia pestis	Q7CKP0_YERPE	C1S_HUMAN	1	632	two hybrid pooling approach	20711500
Q7CHB5	O14981	Yersinia pestis	Q7CHB5_YERPE	BTAF1_HUMAN	1	632	two hybrid pooling approach	20711500
P17778	Q8WUW1	Yersinia pestis	YOPM_YERPE	BRK1_HUMAN	1	632	two hybrid pooling approach	20711500
Q7CKW7	Q9UKI2	Yersinia pestis	Q7CKW7_YERPE	BORG2_HUMAN	1	632	two hybrid pooling approach	20711500
Q7CHL6	O60238	Yersinia pestis	Q7CHL6_YERPE	BNI3L_HUMAN	1	632	two hybrid pooling approach	20711500
Q8CZV1	P98170	Yersinia pestis	Q8CZV1_YERPE	XIAP_HUMAN	1	632	two hybrid pooling approach	20711500
Q7CL98	Q9Y6D6	Yersinia pestis	Q7CL98_YERPE	BIG1_HUMAN	1	632	two hybrid pooling approach	20711500
Q8CLE4	P46379	Yersinia pestis	Q8CLE4_YERPE	BAG6_HUMAN	1	632	two hybrid pooling approach	20711500
Q8CKX1	P46379	Yersinia pestis	Q8CKX1_YERPE	BAG6_HUMAN	1	632	two hybrid pooling approach	20711500
Q7CKZ7	P46379	Yersinia pestis	Q7CKZ7_YERPE	BAG6_HUMAN	1	632	two hybrid pooling approach	20711500
Q8D050	P61769	Yersinia pestis	Q8D050_YERPE	B2MG_HUMAN	1	632	two hybrid pooling approach	20711500
Q7CH71	Q9BXK5	Yersinia pestis	Q7CH71_YERPE	B2L13_HUMAN	1	632	two hybrid pooling approach	20711500
Q7CGB3	P54259	Yersinia pestis	Q7CGB3_YERPE	ATN1_HUMAN	1	632	two hybrid pooling approach	20711500
Q7CHR8	Q99941	Yersinia pestis	Q7CHR8_YERPE	ATF6B_HUMAN	1	632	two hybrid pooling approach	20711500
Q8D1I7	P18850	Yersinia pestis	Q8D1I7_YERPE	ATF6A_HUMAN	1	632	two hybrid pooling approach	20711500
Q7CFX1	Q9HBK9	Yersinia pestis	Q7CFX1_YERPE	AS3MT_HUMAN	1	632	two hybrid pooling approach	20711500
Q7CG97	Q68CP9	Yersinia pestis	Q7CG97_YERPE	ARID2_HUMAN	1	632	two hybrid pooling approach	20711500
Q7CK75	O95376	Yersinia pestis	Q7CK75_YERPE	ARI2_HUMAN	1	632	two hybrid pooling approach	20711500
Q8D1P8	P36406	Yersinia pestis	Q8D1P8_YERPE	TRI23_HUMAN	1	632	two hybrid pooling approach	20711500
Q8D162	Q96GX9	Yersinia pestis	Q8D162_YERPE	MTNB_HUMAN	1	632	two hybrid pooling approach	20711500
Q8D0V9	Q96GX9	Yersinia pestis	Q8D0V9_YERPE	MTNB_HUMAN	1	632	two hybrid pooling approach	20711500
Q7CHW1	Q96GX9	Yersinia pestis	Q7CHW1_YERPE	MTNB_HUMAN	1	632	two hybrid pooling approach	20711500
Q7CHR3	O43747	Yersinia pestis	Q7CHR3_YERPE	AP1G1_HUMAN	1	632	two hybrid pooling approach	20711500
Q8D1R0	Q10567	Yersinia pestis	Q8D1R0_YERPE	AP1B1_HUMAN	1	632	two hybrid pooling approach	20711500
Q8ZJJ5	P20073	Yersinia pestis	HSLU_YERPE	ANXA7_HUMAN	1	632	two hybrid pooling approach	20711500
Q7CJF3	P00352	Yersinia pestis	DNLJ_YERPE	AL1A1_HUMAN	1	632	two hybrid pooling approach	20711500
Q7ARB9	Q12802	Yersinia pestis	Q7ARB9_YERPE	AKP13_HUMAN	1	632	two hybrid pooling approach	20711500
Q8CZR5	Q12802	Yersinia pestis	Q8CZR5_YERPE	AKP13_HUMAN	1	632	two hybrid pooling approach	20711500
Q8ZJ79	Q6ULP2	Yersinia pestis	DEF_YERPE	AFTIN_HUMAN	1	632	two hybrid pooling approach	20711500
Q8CLU2	P55196	Yersinia pestis	Q8CLU2_YERPE	AFAD_HUMAN	1	632	two hybrid pooling approach	20711500
Q7CFW2	Q08117	Yersinia pestis	Q7CFW2_YERPE	AES_HUMAN	1	632	two hybrid pooling approach	20711500
O68740	Q08117	Yersinia pestis	O68740_YERPE	AES_HUMAN	1	632	two hybrid pooling approach	20711500
Q7CHD7	P63261	Yersinia pestis	Q7CHD7_YERPE	ACTG_HUMAN	1	632	two hybrid pooling approach	20711500
Q7ARD3	P63261	Yersinia pestis	Q7ARD3_YERPE	ACTG_HUMAN	1	632	two hybrid pooling approach	20711500
Q7CGS9	P60709	Yersinia pestis	Q7CGS9_YERPE	ACTB_HUMAN	1	632	two hybrid pooling approach	20711500
Q7CHW4	Q9NR19	Yersinia pestis	PURT_YERPE	ACSA_HUMAN	1	632	two hybrid pooling approach	20711500
Q7CH75	Q9BR61	Yersinia pestis	Q7CH75_YERPE	ACBD6_HUMAN	1	632	two hybrid pooling approach	20711500
Q8ZBL9	Q92685	Yersinia pestis	GSA_YERPE	ALG3_HUMAN	1	632	two hybrid pooling approach	20711500
Q7CHC7	A4D1V7	Yersinia pestis	Q7CHC7_YERPE	A4D1V7_HUMAN	1	632	two hybrid pooling approach	20711500
Q8D191	Q9UGV2	Yersinia pestis	Q8D191_YERPE	NDRG3_HUMAN	1	632	two hybrid pooling approach	20711500
Q74YF9	Q8IZ83	Yersinia pestis	Q74YF9_YERPE	A16A1_HUMAN	1	632	two hybrid pooling approach	20711500
Q8CL89	P01903	Yersinia pestis	Q8CL89_YERPE	DRA_HUMAN	1	632	two hybrid pooling approach	20711500
Q7CGH6	P01892	Yersinia pestis	Q7CGH6_YERPE	1A02_HUMAN	1	632	two hybrid pooling approach	20711500
Q8CZY0	P63104	Yersinia pestis	Q8CZY0_YERPE	1433Z_HUMAN	1	632	two hybrid pooling approach	20711500
Q7ARD3	Q8IYH5	Yersinia pestis	Q7ARD3_YERPE	ZZZ3_HUMAN	1	632	two hybrid pooling approach	20711500
Q8CKB6	Q15942	Yersinia pestis	Q8CKB6_YERPE	ZYX_HUMAN	1	632	two hybrid pooling approach	20711500
Q7CJG2	Q15942	Yersinia pestis	Q7CJG2_YERPE	ZYX_HUMAN	1	632	two hybrid pooling approach	20711500
Q8ZAN0	O43264	Yersinia pestis	FADB_YERPE	ZW10_HUMAN	1	632	two hybrid pooling approach	20711500
Q9F290	Q9BR11	Yersinia pestis	Q9F290_YERPE	ZSWM1_HUMAN	1	632	two hybrid pooling approach	20711500
Q8D1Q0	Q9BR11	Yersinia pestis	Q8D1Q0_YERPE	ZSWM1_HUMAN	1	632	two hybrid pooling approach	20711500
Q0WDE1	O43309	Yersinia pestis	PRMB_YERPE	ZSC12_HUMAN	1	632	two hybrid pooling approach	20711500
Q8D171	Q9UGI0	Yersinia pestis	Q8D171_YERPE	ZRAN1_HUMAN	1	632	two hybrid pooling approach	20711500
Q8D0K4	Q07157	Yersinia pestis	Q8D0K4_YERPE	ZO1_HUMAN	1	632	two hybrid pooling approach	20711500
Q8CKB6	Q07157	Yersinia pestis	Q8CKB6_YERPE	ZO1_HUMAN	1	632	two hybrid pooling approach	20711500
Q7CHS3	Q07157	Yersinia pestis	Q7CHS3_YERPE	ZO1_HUMAN	1	632	two hybrid pooling approach	20711500
Q8ZFV7	Q6PML9	Yersinia pestis	ASSY_YERPE	ZNT9_HUMAN	1	632	two hybrid pooling approach	20711500
Q7CHR5	Q6NXT4	Yersinia pestis	Q7CHR5_YERPE	ZNT6_HUMAN	1	632	two hybrid pooling approach	20711500
Q8ZI64	Q8NHG8	Yersinia pestis	CCA_YERPE	ZNRF2_HUMAN	1	632	two hybrid pooling approach	20711500
Q8ZIX3	O43257	Yersinia pestis	EPMA_YERPE	ZNHI1_HUMAN	1	632	two hybrid pooling approach	20711500
Q7CKA1	Q9P2E3	Yersinia pestis	Q7CKA1_YERPE	ZNFX1_HUMAN	1	632	two hybrid pooling approach	20711500
Q7CGJ6	Q9P2E3	Yersinia pestis	Q7CGJ6_YERPE	ZNFX1_HUMAN	1	632	two hybrid pooling approach	20711500
Q7CL55	Q05481	Yersinia pestis	Q7CL55_YERPE	ZNF91_HUMAN	1	632	two hybrid pooling approach	20711500
Q7CIP9	Q05481	Yersinia pestis	Q7CIP9_YERPE	ZNF91_HUMAN	1	632	two hybrid pooling approach	20711500
Q8CL86	P51523	Yersinia pestis	Q8CL86_YERPE	ZNF84_HUMAN	1	632	two hybrid pooling approach	20711500
Q7CHF6	P51815	Yersinia pestis	Q7CHF6_YERPE	ZN75D_HUMAN	1	632	two hybrid pooling approach	20711500
Q9RI12	P17036	Yersinia pestis	YPKA_YERPE	ZNF3_HUMAN	1	632	two hybrid pooling approach	20711500
Q7CGI4	Q3KP31	Yersinia pestis	Q7CGI4_YERPE	ZN791_HUMAN	1	632	two hybrid pooling approach	20711500
Q7CIT1	Q8N8C0	Yersinia pestis	Q7CIT1_YERPE	ZN781_HUMAN	1	632	two hybrid pooling approach	20711500
Q7CKB5	Q9Y462	Yersinia pestis	Q7CKB5_YERPE	ZN711_HUMAN	1	632	two hybrid pooling approach	20711500
Q8ZBU9	Q8N1G0	Yersinia pestis	TRMD_YERPE	ZN687_HUMAN	1	632	two hybrid pooling approach	20711500
Q8CKF8	Q5T5D7	Yersinia pestis	Q8CKF8_YERPE	ZN684_HUMAN	1	632	two hybrid pooling approach	20711500
Q8D0K7	Q8N720	Yersinia pestis	Q8D0K7_YERPE	ZN655_HUMAN	1	632	two hybrid pooling approach	20711500
Q7ARK4	Q8N720	Yersinia pestis	Q7ARK4_YERPE	ZN655_HUMAN	1	632	two hybrid pooling approach	20711500
Q8CZZ7	Q6NX49	Yersinia pestis	Q8CZZ7_YERPE	ZN544_HUMAN	1	632	two hybrid pooling approach	20711500
Q7ARD3	Q96JM2	Yersinia pestis	Q7ARD3_YERPE	ZN462_HUMAN	1	632	two hybrid pooling approach	20711500
Q8D0X2	P59923	Yersinia pestis	Q8D0X2_YERPE	ZN445_HUMAN	1	632	two hybrid pooling approach	20711500
Q8D1J6	Q8N895	Yersinia pestis	Q8D1J6_YERPE	ZN366_HUMAN	1	632	two hybrid pooling approach	20711500
Q8ZHG8	Q5VUA4	Yersinia pestis	SPEA_YERPE	ZN318_HUMAN	1	632	two hybrid pooling approach	20711500
Q8D0V0	O60281	Yersinia pestis	Q8D0V0_YERPE	ZN292_HUMAN	1	632	two hybrid pooling approach	20711500
Q8D0V8	Q9NRM2	Yersinia pestis	Q8D0V8_YERPE	ZN277_HUMAN	1	632	two hybrid pooling approach	20711500
Q7CJS6	Q9NRM2	Yersinia pestis	Q7CJS6_YERPE	ZN277_HUMAN	1	632	two hybrid pooling approach	20711500
Q7ARD3	Q9NRM2	Yersinia pestis	Q7ARD3_YERPE	ZN277_HUMAN	1	632	two hybrid pooling approach	20711500
Q8ZII0	O43670	Yersinia pestis	RAPA_YERPE	ZN207_HUMAN	1	632	two hybrid pooling approach	20711500
Q7CJ44	O43670	Yersinia pestis	Q7CJ44_YERPE	ZN207_HUMAN	1	632	two hybrid pooling approach	20711500
Q8CKA6	P52747	Yersinia pestis	Q8CKA6_YERPE	ZN143_HUMAN	1	632	two hybrid pooling approach	20711500
Q8D1Q7	P52739	Yersinia pestis	Q8D1Q7_YERPE	ZN131_HUMAN	1	632	two hybrid pooling approach	20711500
Q8CZQ3	Q8IYN0	Yersinia pestis	Q8CZQ3_YERPE	ZN100_HUMAN	1	632	two hybrid pooling approach	20711500
Q7CL39	Q9UBW7	Yersinia pestis	Q7CL39_YERPE	ZMYM2_HUMAN	1	632	two hybrid pooling approach	20711500
Q8ZAC2	Q9UBW7	Yersinia pestis	ILVC_YERPE	ZMYM2_HUMAN	1	632	two hybrid pooling approach	20711500
Q8ZES0	Q9ULJ6	Yersinia pestis	Y2083_YERPE	ZMIZ1_HUMAN	1	632	two hybrid pooling approach	20711500
Q7CHV2	Q9ULJ6	Yersinia pestis	Q7CHV2_YERPE	ZMIZ1_HUMAN	1	632	two hybrid pooling approach	20711500
Q7CGN1	Q9ULJ6	Yersinia pestis	Q7CGN1_YERPE	ZMIZ1_HUMAN	1	632	two hybrid pooling approach	20711500
Q7ARH3	Q9ULJ6	Yersinia pestis	Q7ARH3_YERPE	ZMIZ1_HUMAN	1	632	two hybrid pooling approach	20711500
Q8ZHF1	Q9ULJ6	Yersinia pestis	GLSA1_YERPE	ZMIZ1_HUMAN	1	632	two hybrid pooling approach	20711500
Q8ZDA6	Q9ULJ6	Yersinia pestis	CHBG_YERPE	ZMIZ1_HUMAN	1	632	two hybrid pooling approach	20711500
Q8D0V0	Q5H9K5	Yersinia pestis	Q8D0V0_YERPE	ZMAT1_HUMAN	1	632	two hybrid pooling approach	20711500
Q8CKL9	Q9H4I2	Yersinia pestis	Q8CKL9_YERPE	ZHX3_HUMAN	1	632	two hybrid pooling approach	20711500
Q8CZX8	Q9Y6X8	Yersinia pestis	Q8CZX8_YERPE	ZHX2_HUMAN	1	632	two hybrid pooling approach	20711500
Q7CKZ7	Q9Y6X8	Yersinia pestis	Q7CKZ7_YERPE	ZHX2_HUMAN	1	632	two hybrid pooling approach	20711500
Q7CKK4	Q9Y6X8	Yersinia pestis	Q7CKK4_YERPE	ZHX2_HUMAN	1	632	two hybrid pooling approach	20711500
Q7CHD8	Q9Y6X8	Yersinia pestis	Q7CHD8_YERPE	ZHX2_HUMAN	1	632	two hybrid pooling approach	20711500
Q7CGZ1	Q9Y6X8	Yersinia pestis	Q7CGZ1_YERPE	ZHX2_HUMAN	1	632	two hybrid pooling approach	20711500
Q8ZAB3	Q9Y6X8	Yersinia pestis	ILVD_YERPE	ZHX2_HUMAN	1	632	two hybrid pooling approach	20711500
Q8ZH69	Q9Y6X8	Yersinia pestis	DAPD_YERPE	ZHX2_HUMAN	1	632	two hybrid pooling approach	20711500
Q8CL89	Q9UKY1	Yersinia pestis	Q8CL89_YERPE	ZHX1_HUMAN	1	632	two hybrid pooling approach	20711500
Q8CKI5	Q9UKY1	Yersinia pestis	Q8CKI5_YERPE	ZHX1_HUMAN	1	632	two hybrid pooling approach	20711500
Q7CIW0	Q9UKY1	Yersinia pestis	Q7CIW0_YERPE	ZHX1_HUMAN	1	632	two hybrid pooling approach	20711500
Q7CFX2	Q9UKY1	Yersinia pestis	Q7CFX2_YERPE	ZHX1_HUMAN	1	632	two hybrid pooling approach	20711500
Q8ZAR2	Q9UKY1	Yersinia pestis	PUR2_YERPE	ZHX1_HUMAN	1	632	two hybrid pooling approach	20711500
Q7CL16	Q9BQ24	Yersinia pestis	Q7CL16_YERPE	ZFY21_HUMAN	1	632	two hybrid pooling approach	20711500
Q7CGS9	Q7Z3T8	Yersinia pestis	Q7CGS9_YERPE	ZFY16_HUMAN	1	632	two hybrid pooling approach	20711500
Q8ZFW5	Q96KR1	Yersinia pestis	Y1560_YERPE	ZFR_HUMAN	1	632	two hybrid pooling approach	20711500
Q8D1M2	Q96KR1	Yersinia pestis	Q8D1M2_YERPE	ZFR_HUMAN	1	632	two hybrid pooling approach	20711500
Q56950	Q15911	Yersinia pestis	Q56950_YERPE	ZFHX3_HUMAN	1	632	two hybrid pooling approach	20711500
Q7CKL8	P31629	Yersinia pestis	Q7CKL8_YERPE	ZEP2_HUMAN	1	632	two hybrid pooling approach	20711500
Q7CG19	P31629	Yersinia pestis	Q7CG19_YERPE	ZEP2_HUMAN	1	632	two hybrid pooling approach	20711500
Q8ZJL7	P31629	Yersinia pestis	FIEF_YERPE	ZEP2_HUMAN	1	632	two hybrid pooling approach	20711500
Q8ZGR6	P15822	Yersinia pestis	UBIG_YERPE	ZEP1_HUMAN	1	632	two hybrid pooling approach	20711500
Q8D0Z4	P15822	Yersinia pestis	Q8D0Z4_YERPE	ZEP1_HUMAN	1	632	two hybrid pooling approach	20711500
Q8D0G2	P15822	Yersinia pestis	Q8D0G2_YERPE	ZEP1_HUMAN	1	632	two hybrid pooling approach	20711500
Q8D097	P15822	Yersinia pestis	Q8D097_YERPE	ZEP1_HUMAN	1	632	two hybrid pooling approach	20711500
Q7CKM5	P15822	Yersinia pestis	Q7CKM5_YERPE	ZEP1_HUMAN	1	632	two hybrid pooling approach	20711500
Q7CKK6	P15822	Yersinia pestis	Q7CKK6_YERPE	ZEP1_HUMAN	1	632	two hybrid pooling approach	20711500
Q7CFW5	P15822	Yersinia pestis	Q7CFW5_YERPE	ZEP1_HUMAN	1	632	two hybrid pooling approach	20711500
Q8ZGX4	P15822	Yersinia pestis	6PGL_YERPE	ZEP1_HUMAN	1	632	two hybrid pooling approach	20711500
Q8D0Q9	O60315	Yersinia pestis	Q8D0Q9_YERPE	ZEB2_HUMAN	1	632	two hybrid pooling approach	20711500
P68590	P37275	Yersinia pestis	YSCH_YERPE	ZEB1_HUMAN	1	632	two hybrid pooling approach	20711500
Q8D1D2	Q9C0B5	Yersinia pestis	Q8D1D2_YERPE	ZDHC5_HUMAN	1	632	two hybrid pooling approach	20711500
Q7CII9	Q9NYG2	Yersinia pestis	Q7CII9_YERPE	ZDHC3_HUMAN	1	632	two hybrid pooling approach	20711500
Q7CH90	Q8IVQ6	Yersinia pestis	Q7CH90_YERPE	ZDH21_HUMAN	1	632	two hybrid pooling approach	20711500
Q7CGI0	Q96K62	Yersinia pestis	FTSP_YERPE	ZBT45_HUMAN	1	632	two hybrid pooling approach	20711500
Q8CKF8	O96006	Yersinia pestis	Q8CKF8_YERPE	ZBED1_HUMAN	1	632	two hybrid pooling approach	20711500
Q7CH74	P43403	Yersinia pestis	Q7CH74_YERPE	ZAP70_HUMAN	1	632	two hybrid pooling approach	20711500
Q7CHK1	Q7Z570	Yersinia pestis	Q7CHK1_YERPE	Z804A_HUMAN	1	632	two hybrid pooling approach	20711500
Q8Z9S8	Q6AHZ1	Yersinia pestis	GLMS_YERPE	Z518A_HUMAN	1	632	two hybrid pooling approach	20711500
Q8ZGX4	Q6AHZ1	Yersinia pestis	6PGL_YERPE	Z518A_HUMAN	1	632	two hybrid pooling approach	20711500
P68587	Q7Z739	Yersinia pestis	YSCP_YERPE	YTHD3_HUMAN	1	632	two hybrid pooling approach	20711500
O68749	Q96MU7	Yersinia pestis	O68749_YERPE	YTDC1_HUMAN	1	632	two hybrid pooling approach	20711500
O68743	Q96TA2	Yersinia pestis	O68743_YERPE	YMEL1_HUMAN	1	632	two hybrid pooling approach	20711500
Q7CIA2	Q9UM01	Yersinia pestis	PRMC_YERPE	YLAT1_HUMAN	1	632	two hybrid pooling approach	20711500
Q8D0R9	Q9BWQ6	Yersinia pestis	Q8D0R9_YERPE	YIPF2_HUMAN	1	632	two hybrid pooling approach	20711500
Q7ARD3	Q9BWQ6	Yersinia pestis	Q7ARD3_YERPE	YIPF2_HUMAN	1	632	two hybrid pooling approach	20711500
P68587	P67809	Yersinia pestis	YSCP_YERPE	YBOX1_HUMAN	1	632	two hybrid pooling approach	20711500
Q7CKF7	P67809	Yersinia pestis	Q7CKF7_YERPE	YBOX1_HUMAN	1	632	two hybrid pooling approach	20711500
Q7CJU5	Q8IY57	Yersinia pestis	Q7CJU5_YERPE	YAF2_HUMAN	1	632	two hybrid pooling approach	20711500
Q8ZDA6	Q8IY57	Yersinia pestis	CHBG_YERPE	YAF2_HUMAN	1	632	two hybrid pooling approach	20711500
Q8D1P6	Q8IZH2	Yersinia pestis	Q8D1P6_YERPE	XRN1_HUMAN	1	632	two hybrid pooling approach	20711500
Q7CJI0	Q8IZH2	Yersinia pestis	Q7CJI0_YERPE	XRN1_HUMAN	1	632	two hybrid pooling approach	20711500
Q7CHX9	Q8IZH2	Yersinia pestis	Q7CHX9_YERPE	XRN1_HUMAN	1	632	two hybrid pooling approach	20711500
Q7CIW0	O43542	Yersinia pestis	Q7CIW0_YERPE	XRCC3_HUMAN	1	632	two hybrid pooling approach	20711500
Q8ZAN0	O43542	Yersinia pestis	FADB_YERPE	XRCC3_HUMAN	1	632	two hybrid pooling approach	20711500
Q7CKD4	Q9HAV4	Yersinia pestis	MTNN_YERPE	XPO5_HUMAN	1	632	two hybrid pooling approach	20711500
Q7CJ58	P55060	Yersinia pestis	Q7CJ58_YERPE	XPO2_HUMAN	1	632	two hybrid pooling approach	20711500
Q7CFP2	P55060	Yersinia pestis	Q7CFP2_YERPE	XPO2_HUMAN	1	632	two hybrid pooling approach	20711500
Q7CHZ4	Q9HCN4	Yersinia pestis	Q7CHZ4_YERPE	GPN1_HUMAN	1	632	two hybrid pooling approach	20711500
Q8ZD41	Q9H0M0	Yersinia pestis	AROC_YERPE	WWP1_HUMAN	1	632	two hybrid pooling approach	20711500
Q7CGI7	Q14191	Yersinia pestis	Q7CGI7_YERPE	WRN_HUMAN	1	632	two hybrid pooling approach	20711500
Q7ARD3	Q96S55	Yersinia pestis	Q7ARD3_YERPE	WRIP1_HUMAN	1	632	two hybrid pooling approach	20711500
Q8D1P4	Q9Y3S1	Yersinia pestis	Q8D1P4_YERPE	WNK2_HUMAN	1	632	two hybrid pooling approach	20711500
Q8CZY7	O76076	Yersinia pestis	SYDP_YERPE	WISP2_HUMAN	1	632	two hybrid pooling approach	20711500
Q8D0B2	O76076	Yersinia pestis	Q8D0B2_YERPE	WISP2_HUMAN	1	632	two hybrid pooling approach	20711500
Q8ZJF3	Q9Y4P8	Yersinia pestis	GPH_YERPE	WIPI2_HUMAN	1	632	two hybrid pooling approach	20711500
Q7CGG1	Q8TF74	Yersinia pestis	Q7CGG1_YERPE	WIPF2_HUMAN	1	632	two hybrid pooling approach	20711500
Q7CHZ0	O43516	Yersinia pestis	Q7CHZ0_YERPE	WIPF1_HUMAN	1	632	two hybrid pooling approach	20711500
Q7CG26	O43516	Yersinia pestis	Q7CG26_YERPE	WIPF1_HUMAN	1	632	two hybrid pooling approach	20711500
Q8ZCQ2	Q9BRP8	Yersinia pestis	PUR4_YERPE	PYM1_HUMAN	1	632	two hybrid pooling approach	20711500
P17778	Q6ZMY6	Yersinia pestis	YOPM_YERPE	WDR88_HUMAN	1	632	two hybrid pooling approach	20711500
Q8CKD5	Q6ZMY6	Yersinia pestis	Q8CKD5_YERPE	WDR88_HUMAN	1	632	two hybrid pooling approach	20711500
Q7CIZ7	Q6ZMY6	Yersinia pestis	Q7CIZ7_YERPE	WDR88_HUMAN	1	632	two hybrid pooling approach	20711500
Q7CII9	Q6ZMY6	Yersinia pestis	Q7CII9_YERPE	WDR88_HUMAN	1	632	two hybrid pooling approach	20711500
Q7CG60	Q6ZMY6	Yersinia pestis	Q7CG60_YERPE	WDR88_HUMAN	1	632	two hybrid pooling approach	20711500
Q7CIP7	Q9NNW5	Yersinia pestis	Q7CIP7_YERPE	WDR6_HUMAN	1	632	two hybrid pooling approach	20711500
Q7CI41	Q9NNW5	Yersinia pestis	Q7CI41_YERPE	WDR6_HUMAN	1	632	two hybrid pooling approach	20711500
Q8ZJ16	Q9NNW5	Yersinia pestis	LEXA_YERPE	WDR6_HUMAN	1	632	two hybrid pooling approach	20711500
Q8CKJ5	Q6PJI9	Yersinia pestis	Q8CKJ5_YERPE	WDR59_HUMAN	1	632	two hybrid pooling approach	20711500
Q7CKZ2	Q6PJI9	Yersinia pestis	Q7CKZ2_YERPE	WDR59_HUMAN	1	632	two hybrid pooling approach	20711500
Q8CLD1	Q96DI7	Yersinia pestis	Q8CLD1_YERPE	SNR40_HUMAN	1	632	two hybrid pooling approach	20711500
Q8CLP4	O75083	Yersinia pestis	Q8CLP4_YERPE	WDR1_HUMAN	1	632	two hybrid pooling approach	20711500
Q8ZHG7	Q9H1Z4	Yersinia pestis	METK_YERPE	WDR13_HUMAN	1	632	two hybrid pooling approach	20711500
Q8CLT1	Q9UMN6	Yersinia pestis	Q8CLT1_YERPE	KMT2B_HUMAN	1	632	two hybrid pooling approach	20711500
Q7CGD4	Q9UMN6	Yersinia pestis	Q7CGD4_YERPE	KMT2B_HUMAN	1	632	two hybrid pooling approach	20711500
Q7CJX7	Q9Y2W2	Yersinia pestis	Q7CJX7_YERPE	WBP11_HUMAN	1	632	two hybrid pooling approach	20711500
Q8D1P8	Q9BTA9	Yersinia pestis	Q8D1P8_YERPE	WAC_HUMAN	1	632	two hybrid pooling approach	20711500
Q7CL05	Q9BTA9	Yersinia pestis	Q7CL05_YERPE	WAC_HUMAN	1	632	two hybrid pooling approach	20711500
P58492	P04275	Yersinia pestis	ZIPA_YERPE	VWF_HUMAN	1	632	two hybrid pooling approach	20711500
Q74YJ4	P04275	Yersinia pestis	Q74YJ4_YERPE	VWF_HUMAN	1	632	two hybrid pooling approach	20711500
Q8D1M9	P04275	Yersinia pestis	Q8D1M9_YERPE	VWF_HUMAN	1	632	two hybrid pooling approach	20711500
Q8D0V0	P04275	Yersinia pestis	Q8D0V0_YERPE	VWF_HUMAN	1	632	two hybrid pooling approach	20711500
Q8D0R5	P04275	Yersinia pestis	Q8D0R5_YERPE	VWF_HUMAN	1	632	two hybrid pooling approach	20711500
Q8D090	P04275	Yersinia pestis	Q8D090_YERPE	VWF_HUMAN	1	632	two hybrid pooling approach	20711500
Q8D065	P04275	Yersinia pestis	Q8D065_YERPE	VWF_HUMAN	1	632	two hybrid pooling approach	20711500
Q8D030	P04275	Yersinia pestis	Q8D030_YERPE	VWF_HUMAN	1	632	two hybrid pooling approach	20711500
Q7CL58	P04275	Yersinia pestis	Q7CL58_YERPE	VWF_HUMAN	1	632	two hybrid pooling approach	20711500
Q7CKB5	P04275	Yersinia pestis	Q7CKB5_YERPE	VWF_HUMAN	1	632	two hybrid pooling approach	20711500
Q7CKA1	P04275	Yersinia pestis	Q7CKA1_YERPE	VWF_HUMAN	1	632	two hybrid pooling approach	20711500
Q7CK71	P04275	Yersinia pestis	Q7CK71_YERPE	VWF_HUMAN	1	632	two hybrid pooling approach	20711500
Q7CK63	P04275	Yersinia pestis	Q7CK63_YERPE	VWF_HUMAN	1	632	two hybrid pooling approach	20711500
Q7CJU6	P04275	Yersinia pestis	Q7CJU6_YERPE	VWF_HUMAN	1	632	two hybrid pooling approach	20711500
Q7CHH1	P04275	Yersinia pestis	Q7CHH1_YERPE	VWF_HUMAN	1	632	two hybrid pooling approach	20711500
Q7CHA3	P04275	Yersinia pestis	Q7CHA3_YERPE	VWF_HUMAN	1	632	two hybrid pooling approach	20711500
Q7CH95	P04275	Yersinia pestis	Q7CH95_YERPE	VWF_HUMAN	1	632	two hybrid pooling approach	20711500
Q7CG45	P04275	Yersinia pestis	Q7CG45_YERPE	VWF_HUMAN	1	632	two hybrid pooling approach	20711500
Q7CG44	P04275	Yersinia pestis	Q7CG44_YERPE	VWF_HUMAN	1	632	two hybrid pooling approach	20711500
Q7CFY4	P04275	Yersinia pestis	Q7CFY4_YERPE	VWF_HUMAN	1	632	two hybrid pooling approach	20711500
Q7ARD3	P04275	Yersinia pestis	Q7ARD3_YERPE	VWF_HUMAN	1	632	two hybrid pooling approach	20711500
Q8D1N2	Q96DN2	Yersinia pestis	Q8D1N2_YERPE	VWCE_HUMAN	1	632	two hybrid pooling approach	20711500
Q8D048	Q5VIR6	Yersinia pestis	Q8D048_YERPE	VPS53_HUMAN	1	632	two hybrid pooling approach	20711500
Q7CLB1	Q96JC1	Yersinia pestis	Q7CLB1_YERPE	VPS39_HUMAN	1	632	two hybrid pooling approach	20711500
Q7CHP0	Q96QK1	Yersinia pestis	Q7CHP0_YERPE	VPS35_HUMAN	1	632	two hybrid pooling approach	20711500
Q7CHB4	Q96QK1	Yersinia pestis	Q7CHB4_YERPE	VPS35_HUMAN	1	632	two hybrid pooling approach	20711500
Q7ARD3	Q96QK1	Yersinia pestis	Q7ARD3_YERPE	VPS35_HUMAN	1	632	two hybrid pooling approach	20711500
Q7CHB4	Q9H269	Yersinia pestis	Q7CHB4_YERPE	VPS16_HUMAN	1	632	two hybrid pooling approach	20711500
Q8D033	Q8NEZ2	Yersinia pestis	Q8D033_YERPE	VP37A_HUMAN	1	632	two hybrid pooling approach	20711500
Q7CJ96	Q8NEZ2	Yersinia pestis	PTA_YERPE	VP37A_HUMAN	1	632	two hybrid pooling approach	20711500
Q7CKA0	Q709C8	Yersinia pestis	Q7CKA0_YERPE	VP13C_HUMAN	1	632	two hybrid pooling approach	20711500
Q8CLF6	Q96RL7	Yersinia pestis	Q8CLF6_YERPE	VP13A_HUMAN	1	632	two hybrid pooling approach	20711500
Q7CFQ1	P18206	Yersinia pestis	Q7CFQ1_YERPE	VINC_HUMAN	1	632	two hybrid pooling approach	20711500
Q7CJG2	P08670	Yersinia pestis	Q7CJG2_YERPE	VIME_HUMAN	1	632	two hybrid pooling approach	20711500
Q7CJV2	Q00341	Yersinia pestis	LPTE_YERPE	VIGLN_HUMAN	1	632	two hybrid pooling approach	20711500
Q7CIG0	Q00341	Yersinia pestis	Q7CIG0_YERPE	VIGLN_HUMAN	1	632	two hybrid pooling approach	20711500
Q7CFN3	Q96JH7	Yersinia pestis	Q7CFN3_YERPE	VCIP1_HUMAN	1	632	two hybrid pooling approach	20711500
Q8ZA76	Q96JH7	Yersinia pestis	GLGX_YERPE	VCIP1_HUMAN	1	632	two hybrid pooling approach	20711500
Q8CWH9	P50552	Yersinia pestis	Q8CWH9_YERPE	VASP_HUMAN	1	632	two hybrid pooling approach	20711500
Q7CJR5	O95292	Yersinia pestis	Q7CJR5_YERPE	VAPB_HUMAN	1	632	two hybrid pooling approach	20711500
Q8D1S0	Q9P0L0	Yersinia pestis	Q8D1S0_YERPE	VAPA_HUMAN	1	632	two hybrid pooling approach	20711500
Q7CL61	Q9P0L0	Yersinia pestis	Q7CL61_YERPE	VAPA_HUMAN	1	632	two hybrid pooling approach	20711500
Q7CFV4	Q9P0L0	Yersinia pestis	Q7CFV4_YERPE	VAPA_HUMAN	1	632	two hybrid pooling approach	20711500
Q8ZEG8	Q9UBK9	Yersinia pestis	TRPC_YERPE	UXT_HUMAN	1	632	two hybrid pooling approach	20711500
Q7CGW7	Q9UBK9	Yersinia pestis	Q7CGW7_YERPE	UXT_HUMAN	1	632	two hybrid pooling approach	20711500
Q7CHU1	Q9UBK9	Yersinia pestis	MTFA_YERPE	UXT_HUMAN	1	632	two hybrid pooling approach	20711500
Q8ZCK0	P46939	Yersinia pestis	SYE_YERPE	UTRO_HUMAN	1	632	two hybrid pooling approach	20711500
Q7CL98	P46939	Yersinia pestis	Q7CL98_YERPE	UTRO_HUMAN	1	632	two hybrid pooling approach	20711500
Q7CJK4	P46939	Yersinia pestis	Q7CJK4_YERPE	UTRO_HUMAN	1	632	two hybrid pooling approach	20711500
Q7ARH5	P46939	Yersinia pestis	Q7ARH5_YERPE	UTRO_HUMAN	1	632	two hybrid pooling approach	20711500
Q7CIY7	Q9NYH9	Yersinia pestis	Q7CIY7_YERPE	UTP6_HUMAN	1	632	two hybrid pooling approach	20711500
Q7CL85	O00507	Yersinia pestis	Q7CL85_YERPE	USP9Y_HUMAN	1	632	two hybrid pooling approach	20711500
Q7CHZ0	O60763	Yersinia pestis	Q7CHZ0_YERPE	USO1_HUMAN	1	632	two hybrid pooling approach	20711500
Q8ZIX0	O60763	Yersinia pestis	RSGA_YERPE	USO1_HUMAN	1	632	two hybrid pooling approach	20711500
Q7CK47	Q15853	Yersinia pestis	Q7CK47_YERPE	USF2_HUMAN	1	632	two hybrid pooling approach	20711500
Q7CHK7	Q15853	Yersinia pestis	RLMKL_YERPE	USF2_HUMAN	1	632	two hybrid pooling approach	20711500
Q74R28	Q86UX7	Yersinia pestis	UGPC_YERPE	URP2_HUMAN	1	632	two hybrid pooling approach	20711500
Q7CHZ0	Q9BTM9	Yersinia pestis	Q7CHZ0_YERPE	URM1_HUMAN	1	632	two hybrid pooling approach	20711500
Q7CFP7	Q16831	Yersinia pestis	Q7CFP7_YERPE	UPP1_HUMAN	1	632	two hybrid pooling approach	20711500
Q8ZAR3	Q9UH99	Yersinia pestis	PUR9_YERPE	SUN2_HUMAN	1	632	two hybrid pooling approach	20711500
Q8D194	O75385	Yersinia pestis	Q8D194_YERPE	ULK1_HUMAN	1	632	two hybrid pooling approach	20711500
Q8ZAF0	A0JNW5	Yersinia pestis	WECF_YERPE	UH1BL_HUMAN	1	632	two hybrid pooling approach	20711500
Q7CGI7	P30530	Yersinia pestis	Q7CGI7_YERPE	UFO_HUMAN	1	632	two hybrid pooling approach	20711500
Q8D1N0	Q9NWZ5	Yersinia pestis	Q8D1N0_YERPE	UCKL1_HUMAN	1	632	two hybrid pooling approach	20711500
Q8ZA84	Q9NWZ5	Yersinia pestis	CAPP_YERPE	UCKL1_HUMAN	1	632	two hybrid pooling approach	20711500
Q7CIK3	Q5T124	Yersinia pestis	Q7CIK3_YERPE	UBX11_HUMAN	1	632	two hybrid pooling approach	20711500
Q8CZX0	Q70EK8	Yersinia pestis	Q8CZX0_YERPE	UBP53_HUMAN	1	632	two hybrid pooling approach	20711500
Q7CHB5	Q9BYM8	Yersinia pestis	Q7CHB5_YERPE	HOIL1_HUMAN	1	632	two hybrid pooling approach	20711500
Q7CIB4	Q13838	Yersinia pestis	Q7CIB4_YERPE	DX39B_HUMAN	1	632	two hybrid pooling approach	20711500
Q8CZM8	Q15029	Yersinia pestis	Q8CZM8_YERPE	U5S1_HUMAN	1	632	two hybrid pooling approach	20711500
Q8D1A4	O75643	Yersinia pestis	Q8D1A4_YERPE	U520_HUMAN	1	632	two hybrid pooling approach	20711500
Q7CG39	Q9NV66	Yersinia pestis	Q7CG39_YERPE	TYW1_HUMAN	1	632	two hybrid pooling approach	20711500
Q8ZH37	O43914	Yersinia pestis	GMHBB_YERPE	TYOBP_HUMAN	1	632	two hybrid pooling approach	20711500
Q9ZC68	O43914	Yersinia pestis	ASTD_YERPE	TYOBP_HUMAN	1	632	two hybrid pooling approach	20711500
Q8CWI1	Q9H3M7	Yersinia pestis	Q8CWI1_YERPE	TXNIP_HUMAN	1	632	two hybrid pooling approach	20711500
Q8ZCQ2	Q9BS26	Yersinia pestis	PUR4_YERPE	ERP44_HUMAN	1	632	two hybrid pooling approach	20711500
Q8ZBZ9	Q9H3N1	Yersinia pestis	DPO4_YERPE	TMX1_HUMAN	1	632	two hybrid pooling approach	20711500
Q8D0H8	P40222	Yersinia pestis	Q8D0H8_YERPE	TXLNA_HUMAN	1	632	two hybrid pooling approach	20711500
Q8D1A4	Q6PKC3	Yersinia pestis	Q8D1A4_YERPE	TXD11_HUMAN	1	632	two hybrid pooling approach	20711500
Q8D065	Q6PKC3	Yersinia pestis	Q8D065_YERPE	TXD11_HUMAN	1	632	two hybrid pooling approach	20711500
Q8D041	Q6PKC3	Yersinia pestis	Q8D041_YERPE	TXD11_HUMAN	1	632	two hybrid pooling approach	20711500
Q8CZR5	Q6PKC3	Yersinia pestis	Q8CZR5_YERPE	TXD11_HUMAN	1	632	two hybrid pooling approach	20711500
Q7CFX4	Q6PKC3	Yersinia pestis	Q7CFX4_YERPE	TXD11_HUMAN	1	632	two hybrid pooling approach	20711500
P58680	Q6PKC3	Yersinia pestis	ISPH_YERPE	TXD11_HUMAN	1	632	two hybrid pooling approach	20711500
Q8CZW9	O14907	Yersinia pestis	Q8CZW9_YERPE	TX1B3_HUMAN	1	632	two hybrid pooling approach	20711500
Q7CIU3	O14907	Yersinia pestis	Q7CIU3_YERPE	TX1B3_HUMAN	1	632	two hybrid pooling approach	20711500
Q8D0E1	P26651	Yersinia pestis	Q8D0E1_YERPE	TTP_HUMAN	1	632	two hybrid pooling approach	20711500
Q7CH58	P26651	Yersinia pestis	Q7CH58_YERPE	TTP_HUMAN	1	632	two hybrid pooling approach	20711500
Q7CGW9	P26651	Yersinia pestis	Q7CGW9_YERPE	TTP_HUMAN	1	632	two hybrid pooling approach	20711500
Q8Z9S7	P26651	Yersinia pestis	GLMU_YERPE	TTP_HUMAN	1	632	two hybrid pooling approach	20711500
Q8ZHG0	P26651	Yersinia pestis	AGUA_YERPE	TTP_HUMAN	1	632	two hybrid pooling approach	20711500
Q7CHM6	Q8N5M4	Yersinia pestis	Q7CHM6_YERPE	TTC9C_HUMAN	1	632	two hybrid pooling approach	20711500
Q8CKF4	Q9ULT0	Yersinia pestis	Q8CKF4_YERPE	TTC7A_HUMAN	1	632	two hybrid pooling approach	20711500
Q7CFV5	P53804	Yersinia pestis	Q7CFV5_YERPE	TTC3_HUMAN	1	632	two hybrid pooling approach	20711500
Q8ZC18	A2A3L6	Yersinia pestis	RDGC_YERPE	TTC24_HUMAN	1	632	two hybrid pooling approach	20711500
Q7CJ53	Q99614	Yersinia pestis	Q7CJ53_YERPE	TTC1_HUMAN	1	632	two hybrid pooling approach	20711500
Q7CG16	Q6DKK2	Yersinia pestis	Q7CG16_YERPE	TTC19_HUMAN	1	632	two hybrid pooling approach	20711500
Q7CJT3	Q8WVT3	Yersinia pestis	Q7CJT3_YERPE	TPC12_HUMAN	1	632	two hybrid pooling approach	20711500
Q7CJ97	Q8WVT3	Yersinia pestis	Q7CJ97_YERPE	TPC12_HUMAN	1	632	two hybrid pooling approach	20711500
P58582	Q7Z4L5	Yersinia pestis	GSHB_YERPE	TT21B_HUMAN	1	632	two hybrid pooling approach	20711500
Q8CZK5	Q99598	Yersinia pestis	Q8CZK5_YERPE	TSNAX_HUMAN	1	632	two hybrid pooling approach	20711500
Q7CGN7	Q96SJ8	Yersinia pestis	Q7CGN7_YERPE	TSN18_HUMAN	1	632	two hybrid pooling approach	20711500
Q7ARB3	P49815	Yersinia pestis	Q7ARB3_YERPE	TSC2_HUMAN	1	632	two hybrid pooling approach	20711500
Q8CZT9	Q92574	Yersinia pestis	Q8CZT9_YERPE	TSC1_HUMAN	1	632	two hybrid pooling approach	20711500
Q8D1A4	Q16881	Yersinia pestis	Q8D1A4_YERPE	TRXR1_HUMAN	1	632	two hybrid pooling approach	20711500
Q7CGT3	P48995	Yersinia pestis	YGFZ_YERPE	TRPC1_HUMAN	1	632	two hybrid pooling approach	20711500
Q7CH25	P48995	Yersinia pestis	SYP_YERPE	TRPC1_HUMAN	1	632	two hybrid pooling approach	20711500
Q8D1R8	P48995	Yersinia pestis	Q8D1R8_YERPE	TRPC1_HUMAN	1	632	two hybrid pooling approach	20711500
Q8CZW4	P48995	Yersinia pestis	Q8CZW4_YERPE	TRPC1_HUMAN	1	632	two hybrid pooling approach	20711500
Q7CLC1	P48995	Yersinia pestis	Q7CLC1_YERPE	TRPC1_HUMAN	1	632	two hybrid pooling approach	20711500
Q7CL64	P48995	Yersinia pestis	Q7CL64_YERPE	TRPC1_HUMAN	1	632	two hybrid pooling approach	20711500
Q7CK09	P48995	Yersinia pestis	Q7CK09_YERPE	TRPC1_HUMAN	1	632	two hybrid pooling approach	20711500
Q7CHR5	P48995	Yersinia pestis	Q7CHR5_YERPE	TRPC1_HUMAN	1	632	two hybrid pooling approach	20711500
Q7CHN7	P48995	Yersinia pestis	Q7CHN7_YERPE	TRPC1_HUMAN	1	632	two hybrid pooling approach	20711500
Q7CHB5	P48995	Yersinia pestis	Q7CHB5_YERPE	TRPC1_HUMAN	1	632	two hybrid pooling approach	20711500
Q7CH26	P48995	Yersinia pestis	Q7CH26_YERPE	TRPC1_HUMAN	1	632	two hybrid pooling approach	20711500
Q7CGS9	P48995	Yersinia pestis	Q7CGS9_YERPE	TRPC1_HUMAN	1	632	two hybrid pooling approach	20711500
Q7CGS8	P48995	Yersinia pestis	Q7CGS8_YERPE	TRPC1_HUMAN	1	632	two hybrid pooling approach	20711500
O68752	P48995	Yersinia pestis	O68752_YERPE	TRPC1_HUMAN	1	632	two hybrid pooling approach	20711500
Q7CHU1	P48995	Yersinia pestis	MTFA_YERPE	TRPC1_HUMAN	1	632	two hybrid pooling approach	20711500
Q8ZBC2	P48995	Yersinia pestis	IF2_YERPE	TRPC1_HUMAN	1	632	two hybrid pooling approach	20711500
Q8ZEL7	P48995	Yersinia pestis	DADA_YERPE	TRPC1_HUMAN	1	632	two hybrid pooling approach	20711500
P40127	P48995	Yersinia pestis	CYAA_YERPE	TRPC1_HUMAN	1	632	two hybrid pooling approach	20711500
Q8ZJ10	P48995	Yersinia pestis	ALR1_YERPE	TRPC1_HUMAN	1	632	two hybrid pooling approach	20711500
Q8D015	Q15643	Yersinia pestis	Q8D015_YERPE	TRIPB_HUMAN	1	632	two hybrid pooling approach	20711500
Q8CLD8	Q9C029	Yersinia pestis	Q8CLD8_YERPE	TRIM7_HUMAN	1	632	two hybrid pooling approach	20711500
Q7CKB3	Q9C029	Yersinia pestis	Q7CKB3_YERPE	TRIM7_HUMAN	1	632	two hybrid pooling approach	20711500
Q7CGK0	Q9C029	Yersinia pestis	Q7CGK0_YERPE	TRIM7_HUMAN	1	632	two hybrid pooling approach	20711500
Q8ZIK3	Q9C029	Yersinia pestis	LPTD_YERPE	TRIM7_HUMAN	1	632	two hybrid pooling approach	20711500
Q7CH24	O75382	Yersinia pestis	Q7CH24_YERPE	TRIM3_HUMAN	1	632	two hybrid pooling approach	20711500
Q7CGS9	Q6PJ69	Yersinia pestis	Q7CGS9_YERPE	TRI65_HUMAN	1	632	two hybrid pooling approach	20711500
Q9F286	Q9BRZ2	Yersinia pestis	Q9F286_YERPE	TRI56_HUMAN	1	632	two hybrid pooling approach	20711500
Q8CZT3	Q96LD4	Yersinia pestis	Q8CZT3_YERPE	TRI47_HUMAN	1	632	two hybrid pooling approach	20711500
Q7CH90	Q96LD4	Yersinia pestis	Q7CH90_YERPE	TRI47_HUMAN	1	632	two hybrid pooling approach	20711500
Q7CFQ3	Q8WV44	Yersinia pestis	Q7CFQ3_YERPE	TRI41_HUMAN	1	632	two hybrid pooling approach	20711500
P58526	O94972	Yersinia pestis	MTOX_YERPE	TRI37_HUMAN	1	632	two hybrid pooling approach	20711500
Q8D0D4	Q14258	Yersinia pestis	Q8D0D4_YERPE	TRI25_HUMAN	1	632	two hybrid pooling approach	20711500
Q7CIT3	Q8IYM9	Yersinia pestis	Q7CIT3_YERPE	TRI22_HUMAN	1	632	two hybrid pooling approach	20711500
Q7CJF3	Q14142	Yersinia pestis	DNLJ_YERPE	TRI14_HUMAN	1	632	two hybrid pooling approach	20711500
Q8ZJM6	Q96F44	Yersinia pestis	GPDA_YERPE	TRI11_HUMAN	1	632	two hybrid pooling approach	20711500
Q8D0R7	P02788	Yersinia pestis	Q8D0R7_YERPE	TRFL_HUMAN	1	632	two hybrid pooling approach	20711500
Q8ZEL7	P07204	Yersinia pestis	DADA_YERPE	TRBM_HUMAN	1	632	two hybrid pooling approach	20711500
Q7ARD3	O60296	Yersinia pestis	Q7ARD3_YERPE	TRAK2_HUMAN	1	632	two hybrid pooling approach	20711500
Q8D0L3	Q13114	Yersinia pestis	Q8D0L3_YERPE	TRAF3_HUMAN	1	632	two hybrid pooling approach	20711500
Q7CJF7	Q13595	Yersinia pestis	Q7CJF7_YERPE	TRA2A_HUMAN	1	632	two hybrid pooling approach	20711500
Q7CJU5	Q9Y2W1	Yersinia pestis	Q7CJU5_YERPE	TR150_HUMAN	1	632	two hybrid pooling approach	20711500
Q7CHI5	Q9Y2W1	Yersinia pestis	Q7CHI5_YERPE	TR150_HUMAN	1	632	two hybrid pooling approach	20711500
P40127	Q9Y2W1	Yersinia pestis	CYAA_YERPE	TR150_HUMAN	1	632	two hybrid pooling approach	20711500
Q8ZFX5	O15533	Yersinia pestis	HISX_YERPE	TPSN_HUMAN	1	632	two hybrid pooling approach	20711500
Q8D0Z4	Q9Y296	Yersinia pestis	Q8D0Z4_YERPE	TPPC4_HUMAN	1	632	two hybrid pooling approach	20711500
Q0WAP0	O14773	Yersinia pestis	UBID_YERPE	TPP1_HUMAN	1	632	two hybrid pooling approach	20711500
Q7CKK4	O14773	Yersinia pestis	Q7CKK4_YERPE	TPP1_HUMAN	1	632	two hybrid pooling approach	20711500
Q7CIQ5	O14773	Yersinia pestis	Q7CIQ5_YERPE	TPP1_HUMAN	1	632	two hybrid pooling approach	20711500
Q7CHZ9	O14773	Yersinia pestis	Q7CHZ9_YERPE	TPP1_HUMAN	1	632	two hybrid pooling approach	20711500
Q7CGU7	O14773	Yersinia pestis	Q7CGU7_YERPE	TPP1_HUMAN	1	632	two hybrid pooling approach	20711500
P40127	O14773	Yersinia pestis	CYAA_YERPE	TPP1_HUMAN	1	632	two hybrid pooling approach	20711500
Q8ZA85	O14773	Yersinia pestis	ARGE_YERPE	TPP1_HUMAN	1	632	two hybrid pooling approach	20711500
Q8D1P4	O43399	Yersinia pestis	Q8D1P4_YERPE	TPD54_HUMAN	1	632	two hybrid pooling approach	20711500
Q8D0I9	O75365	Yersinia pestis	Q8D0I9_YERPE	TP4A3_HUMAN	1	632	two hybrid pooling approach	20711500
Q8CKI1	O75365	Yersinia pestis	Q8CKI1_YERPE	TP4A3_HUMAN	1	632	two hybrid pooling approach	20711500
Q7CKG9	O75365	Yersinia pestis	Q7CKG9_YERPE	TP4A3_HUMAN	1	632	two hybrid pooling approach	20711500
Q8CK83	O94842	Yersinia pestis	Q8CK83_YERPE	TOX4_HUMAN	1	632	two hybrid pooling approach	20711500
Q7CL42	O94842	Yersinia pestis	Q7CL42_YERPE	TOX4_HUMAN	1	632	two hybrid pooling approach	20711500
Q7CIP7	O94842	Yersinia pestis	Q7CIP7_YERPE	TOX4_HUMAN	1	632	two hybrid pooling approach	20711500
Q7CII9	O94842	Yersinia pestis	Q7CII9_YERPE	TOX4_HUMAN	1	632	two hybrid pooling approach	20711500
Q8ZFU4	Q9NS56	Yersinia pestis	PYRC_YERPE	TOPRS_HUMAN	1	632	two hybrid pooling approach	20711500
P68587	Q8NDV7	Yersinia pestis	YSCP_YERPE	TNR6A_HUMAN	1	632	two hybrid pooling approach	20711500
Q8ZD91	Q8NDV7	Yersinia pestis	GCH1L_YERPE	TNR6A_HUMAN	1	632	two hybrid pooling approach	20711500
Q8ZD27	Q8NDV7	Yersinia pestis	TRUA_YERPE	TNR6A_HUMAN	1	632	two hybrid pooling approach	20711500
Q8ZEV7	Q8NDV7	Yersinia pestis	SYR_YERPE	TNR6A_HUMAN	1	632	two hybrid pooling approach	20711500
Q8D092	Q8NDV7	Yersinia pestis	Q8D092_YERPE	TNR6A_HUMAN	1	632	two hybrid pooling approach	20711500
Q8CL35	Q8NDV7	Yersinia pestis	Q8CL35_YERPE	TNR6A_HUMAN	1	632	two hybrid pooling approach	20711500
Q7CIW3	Q8NDV7	Yersinia pestis	Q7CIW3_YERPE	TNR6A_HUMAN	1	632	two hybrid pooling approach	20711500
Q7CHQ0	Q8NDV7	Yersinia pestis	Q7CHQ0_YERPE	TNR6A_HUMAN	1	632	two hybrid pooling approach	20711500
Q7CGS8	Q8NDV7	Yersinia pestis	Q7CGS8_YERPE	TNR6A_HUMAN	1	632	two hybrid pooling approach	20711500
Q7CG98	Q8NDV7	Yersinia pestis	Q7CG98_YERPE	TNR6A_HUMAN	1	632	two hybrid pooling approach	20711500
Q8ZJI2	P20333	Yersinia pestis	MALT_YERPE	TNR1B_HUMAN	1	632	two hybrid pooling approach	20711500
Q9RI12	Q92956	Yersinia pestis	YPKA_YERPE	TNR14_HUMAN	1	632	two hybrid pooling approach	20711500
Q7CHZ0	Q9NP84	Yersinia pestis	Q7CHZ0_YERPE	TNR12_HUMAN	1	632	two hybrid pooling approach	20711500
Q8ZC49	Q15025	Yersinia pestis	THII_YERPE	TNIP1_HUMAN	1	632	two hybrid pooling approach	20711500
Q7CHY3	Q15025	Yersinia pestis	Q7CHY3_YERPE	TNIP1_HUMAN	1	632	two hybrid pooling approach	20711500
Q8ZII0	Q06643	Yersinia pestis	RAPA_YERPE	TNFC_HUMAN	1	632	two hybrid pooling approach	20711500
Q7CH26	Q06643	Yersinia pestis	Q7CH26_YERPE	TNFC_HUMAN	1	632	two hybrid pooling approach	20711500
Q8D0V0	P50591	Yersinia pestis	Q8D0V0_YERPE	TNF10_HUMAN	1	632	two hybrid pooling approach	20711500
Q8D054	Q9UPQ9	Yersinia pestis	Q8D054_YERPE	TNR6B_HUMAN	1	632	two hybrid pooling approach	20711500
Q8D050	Q9UPQ9	Yersinia pestis	Q8D050_YERPE	TNR6B_HUMAN	1	632	two hybrid pooling approach	20711500
Q7CKG1	Q9UPQ9	Yersinia pestis	Q7CKG1_YERPE	TNR6B_HUMAN	1	632	two hybrid pooling approach	20711500
Q8ZA88	P21580	Yersinia pestis	ARLY_YERPE	TNAP3_HUMAN	1	632	two hybrid pooling approach	20711500
Q7CHV7	Q8N394	Yersinia pestis	Q7CHV7_YERPE	TMTC2_HUMAN	1	632	two hybrid pooling approach	20711500
Q7CHV2	Q6UX65	Yersinia pestis	Q7CHV2_YERPE	DRAM2_HUMAN	1	632	two hybrid pooling approach	20711500
O68752	Q6UX65	Yersinia pestis	O68752_YERPE	DRAM2_HUMAN	1	632	two hybrid pooling approach	20711500
Q8CKB6	Q96BY9	Yersinia pestis	Q8CKB6_YERPE	SARAF_HUMAN	1	632	two hybrid pooling approach	20711500
Q7CG91	Q96BY9	Yersinia pestis	Q7CG91_YERPE	SARAF_HUMAN	1	632	two hybrid pooling approach	20711500
P17778	Q9H2L4	Yersinia pestis	YOPM_YERPE	TMM60_HUMAN	1	632	two hybrid pooling approach	20711500
Q8D0H8	Q96GC9	Yersinia pestis	Q8D0H8_YERPE	VMP1_HUMAN	1	632	two hybrid pooling approach	20711500
Q8ZC32	P57088	Yersinia pestis	QUEA_YERPE	TMM33_HUMAN	1	632	two hybrid pooling approach	20711500
Q7CHC7	P82094	Yersinia pestis	Q7CHC7_YERPE	TMF1_HUMAN	1	632	two hybrid pooling approach	20711500
Q8CZY0	Q15363	Yersinia pestis	Q8CZY0_YERPE	TMED2_HUMAN	1	632	two hybrid pooling approach	20711500
Q7CIP6	O94876	Yersinia pestis	Q7CIP6_YERPE	TMCC1_HUMAN	1	632	two hybrid pooling approach	20711500
Q8ZC49	Q9HC24	Yersinia pestis	THII_YERPE	LFG4_HUMAN	1	632	two hybrid pooling approach	20711500
Q8D1J9	Q969X1	Yersinia pestis	Q8D1J9_YERPE	LFG3_HUMAN	1	632	two hybrid pooling approach	20711500
Q8CWI4	Q969X1	Yersinia pestis	Q8CWI4_YERPE	LFG3_HUMAN	1	632	two hybrid pooling approach	20711500
Q7CG87	Q9HD45	Yersinia pestis	SURA_YERPE	TM9S3_HUMAN	1	632	two hybrid pooling approach	20711500
Q7CL81	Q9HD45	Yersinia pestis	Q7CL81_YERPE	TM9S3_HUMAN	1	632	two hybrid pooling approach	20711500
Q8D0D4	Q99805	Yersinia pestis	Q8D0D4_YERPE	TM9S2_HUMAN	1	632	two hybrid pooling approach	20711500
Q7CG03	Q99805	Yersinia pestis	Q7CG03_YERPE	TM9S2_HUMAN	1	632	two hybrid pooling approach	20711500
Q7ARD3	Q99805	Yersinia pestis	Q7ARD3_YERPE	TM9S2_HUMAN	1	632	two hybrid pooling approach	20711500
Q7CKW7	P31314	Yersinia pestis	Q7CKW7_YERPE	TLX1_HUMAN	1	632	two hybrid pooling approach	20711500
Q8ZJ10	O00206	Yersinia pestis	ALR1_YERPE	TLR4_HUMAN	1	632	two hybrid pooling approach	20711500
Q7CIC4	Q9UKI8	Yersinia pestis	Q7CIC4_YERPE	TLK1_HUMAN	1	632	two hybrid pooling approach	20711500
Q8D035	P29401	Yersinia pestis	Q8D035_YERPE	TKT_HUMAN	1	632	two hybrid pooling approach	20711500
Q8D020	P29401	Yersinia pestis	Q8D020_YERPE	TKT_HUMAN	1	632	two hybrid pooling approach	20711500
Q8CK83	P29401	Yersinia pestis	Q8CK83_YERPE	TKT_HUMAN	1	632	two hybrid pooling approach	20711500
Q8CZM5	Q5JTD0	Yersinia pestis	Q8CZM5_YERPE	TJAP1_HUMAN	1	632	two hybrid pooling approach	20711500
Q7CG98	Q5JTD0	Yersinia pestis	Q7CG98_YERPE	TJAP1_HUMAN	1	632	two hybrid pooling approach	20711500
Q7CG52	Q07352	Yersinia pestis	Q7CG52_YERPE	TISB_HUMAN	1	632	two hybrid pooling approach	20711500
Q7CKZ4	Q9BVW5	Yersinia pestis	Q7CKZ4_YERPE	TIPIN_HUMAN	1	632	two hybrid pooling approach	20711500
Q7CGN7	O95478	Yersinia pestis	Q7CGN7_YERPE	NSA2_HUMAN	1	632	two hybrid pooling approach	20711500
Q8ZJJ7	Q9GZM7	Yersinia pestis	RRAA_YERPE	TINAL_HUMAN	1	632	two hybrid pooling approach	20711500
Q7ARB3	Q9GZM7	Yersinia pestis	Q7ARB3_YERPE	TINAL_HUMAN	1	632	two hybrid pooling approach	20711500
Q8D1P4	Q9GZM7	Yersinia pestis	Q8D1P4_YERPE	TINAL_HUMAN	1	632	two hybrid pooling approach	20711500
Q8D1M8	Q9GZM7	Yersinia pestis	Q8D1M8_YERPE	TINAL_HUMAN	1	632	two hybrid pooling approach	20711500
Q0WEG0	Q9GZM7	Yersinia pestis	DTPA_YERPE	TINAL_HUMAN	1	632	two hybrid pooling approach	20711500
Q8CWI4	Q9GZM7	Yersinia pestis	Q8CWI4_YERPE	TINAL_HUMAN	1	632	two hybrid pooling approach	20711500
Q8CKW7	Q9GZM7	Yersinia pestis	Q8CKW7_YERPE	TINAL_HUMAN	1	632	two hybrid pooling approach	20711500
Q8CKJ5	Q9GZM7	Yersinia pestis	Q8CKJ5_YERPE	TINAL_HUMAN	1	632	two hybrid pooling approach	20711500
Q7CKZ2	Q9GZM7	Yersinia pestis	Q7CKZ2_YERPE	TINAL_HUMAN	1	632	two hybrid pooling approach	20711500
Q7CK09	Q9GZM7	Yersinia pestis	Q7CK09_YERPE	TINAL_HUMAN	1	632	two hybrid pooling approach	20711500
Q7CJU6	Q9GZM7	Yersinia pestis	Q7CJU6_YERPE	TINAL_HUMAN	1	632	two hybrid pooling approach	20711500
Q7CJT3	Q9GZM7	Yersinia pestis	Q7CJT3_YERPE	TINAL_HUMAN	1	632	two hybrid pooling approach	20711500
Q7CJE7	Q9GZM7	Yersinia pestis	Q7CJE7_YERPE	TINAL_HUMAN	1	632	two hybrid pooling approach	20711500
Q7CIT4	Q9GZM7	Yersinia pestis	Q7CIT4_YERPE	TINAL_HUMAN	1	632	two hybrid pooling approach	20711500
Q7CH58	Q9GZM7	Yersinia pestis	Q7CH58_YERPE	TINAL_HUMAN	1	632	two hybrid pooling approach	20711500
Q7CGW9	Q9GZM7	Yersinia pestis	Q7CGW9_YERPE	TINAL_HUMAN	1	632	two hybrid pooling approach	20711500
Q7CGF0	Q9GZM7	Yersinia pestis	Q7CGF0_YERPE	TINAL_HUMAN	1	632	two hybrid pooling approach	20711500
Q7CG79	Q9GZM7	Yersinia pestis	Q7CG79_YERPE	TINAL_HUMAN	1	632	two hybrid pooling approach	20711500
Q7ARN5	Q9GZM7	Yersinia pestis	Q7ARN5_YERPE	TINAL_HUMAN	1	632	two hybrid pooling approach	20711500
Q8ZCQ2	Q9GZM7	Yersinia pestis	PUR4_YERPE	TINAL_HUMAN	1	632	two hybrid pooling approach	20711500
P58497	Q9GZM7	Yersinia pestis	MODE_YERPE	TINAL_HUMAN	1	632	two hybrid pooling approach	20711500
Q8ZJ16	Q9GZM7	Yersinia pestis	LEXA_YERPE	TINAL_HUMAN	1	632	two hybrid pooling approach	20711500
Q7CJ99	Q02763	Yersinia pestis	Q7CJ99_YERPE	TIE2_HUMAN	1	632	two hybrid pooling approach	20711500
Q8D0D4	Q01085	Yersinia pestis	Q8D0D4_YERPE	TIAR_HUMAN	1	632	two hybrid pooling approach	20711500
Q7CJV9	Q01085	Yersinia pestis	Q7CJV9_YERPE	TIAR_HUMAN	1	632	two hybrid pooling approach	20711500
Q7CIG0	Q01085	Yersinia pestis	Q7CIG0_YERPE	TIAR_HUMAN	1	632	two hybrid pooling approach	20711500
Q8ZEH0	P31483	Yersinia pestis	TRPA_YERPE	TIA1_HUMAN	1	632	two hybrid pooling approach	20711500
Q7ARD2	P31483	Yersinia pestis	Q7ARD2_YERPE	TIA1_HUMAN	1	632	two hybrid pooling approach	20711500
Q8ZJJ5	P31483	Yersinia pestis	HSLU_YERPE	TIA1_HUMAN	1	632	two hybrid pooling approach	20711500
Q8Z9R8	P31483	Yersinia pestis	MNMG_YERPE	TIA1_HUMAN	1	632	two hybrid pooling approach	20711500
Q7CI00	Q9NS62	Yersinia pestis	Q7CI00_YERPE	THSD1_HUMAN	1	632	two hybrid pooling approach	20711500
Q7CJB1	Q86V81	Yersinia pestis	Q7CJB1_YERPE	THOC4_HUMAN	1	632	two hybrid pooling approach	20711500
Q7CHZ4	P42765	Yersinia pestis	Q7CHZ4_YERPE	THIM_HUMAN	1	632	two hybrid pooling approach	20711500
Q7CKE4	Q9NPJ3	Yersinia pestis	Q7CKE4_YERPE	ACO13_HUMAN	1	632	two hybrid pooling approach	20711500
Q8ZIL4	P01137	Yersinia pestis	CARB_YERPE	TGFB1_HUMAN	1	632	two hybrid pooling approach	20711500
Q7CH24	Q03167	Yersinia pestis	Q7CH24_YERPE	TGBR3_HUMAN	1	632	two hybrid pooling approach	20711500
Q8D169	Q9UBB9	Yersinia pestis	Q8D169_YERPE	TFP11_HUMAN	1	632	two hybrid pooling approach	20711500
Q8D1J9	Q92734	Yersinia pestis	Q8D1J9_YERPE	TFG_HUMAN	1	632	two hybrid pooling approach	20711500
Q8CLD5	Q9NQB0	Yersinia pestis	Q8CLD5_YERPE	TF7L2_HUMAN	1	632	two hybrid pooling approach	20711500
Q7CKP1	Q9NQB0	Yersinia pestis	Q7CKP1_YERPE	TF7L2_HUMAN	1	632	two hybrid pooling approach	20711500
Q8ZJP7	Q9NQB0	Yersinia pestis	PYRE_YERPE	TF7L2_HUMAN	1	632	two hybrid pooling approach	20711500
Q8D192	Q9Y5Q9	Yersinia pestis	Q8D192_YERPE	TF3C3_HUMAN	1	632	two hybrid pooling approach	20711500
Q0WDR2	Q12789	Yersinia pestis	MIAB_YERPE	TF3C1_HUMAN	1	632	two hybrid pooling approach	20711500
Q9F286	Q92664	Yersinia pestis	Q9F286_YERPE	TF3A_HUMAN	1	632	two hybrid pooling approach	20711500
Q8CZL8	Q92664	Yersinia pestis	Q8CZL8_YERPE	TF3A_HUMAN	1	632	two hybrid pooling approach	20711500
Q8D0H2	Q13888	Yersinia pestis	Q8D0H2_YERPE	TF2H2_HUMAN	1	632	two hybrid pooling approach	20711500
Q7CGS8	Q8IWB9	Yersinia pestis	Q7CGS8_YERPE	TEX2_HUMAN	1	632	two hybrid pooling approach	20711500
Q9Z373	Q9UGI8	Yersinia pestis	Q9Z373_YERPE	TES_HUMAN	1	632	two hybrid pooling approach	20711500
Q7CJQ8	Q9UGI8	Yersinia pestis	Q7CJQ8_YERPE	TES_HUMAN	1	632	two hybrid pooling approach	20711500
Q7ARD3	Q9UGI8	Yersinia pestis	Q7ARD3_YERPE	TES_HUMAN	1	632	two hybrid pooling approach	20711500
Q7ARD1	P22105	Yersinia pestis	Q7ARD1_YERPE	TENX_HUMAN	1	632	two hybrid pooling approach	20711500
Q9ZC63	Q10587	Yersinia pestis	Q9ZC63_YERPE	TEF_HUMAN	1	632	two hybrid pooling approach	20711500
Q9Z375	Q10587	Yersinia pestis	Q9Z375_YERPE	TEF_HUMAN	1	632	two hybrid pooling approach	20711500
Q8D0V8	Q10587	Yersinia pestis	Q8D0V8_YERPE	TEF_HUMAN	1	632	two hybrid pooling approach	20711500
Q8CZQ9	Q10587	Yersinia pestis	Q8CZQ9_YERPE	TEF_HUMAN	1	632	two hybrid pooling approach	20711500
Q8CZG2	Q10587	Yersinia pestis	Q8CZG2_YERPE	TEF_HUMAN	1	632	two hybrid pooling approach	20711500
Q7CKP6	Q10587	Yersinia pestis	Q7CKP6_YERPE	TEF_HUMAN	1	632	two hybrid pooling approach	20711500
Q8ZGE1	Q10587	Yersinia pestis	HCP_YERPE	TEF_HUMAN	1	632	two hybrid pooling approach	20711500
Q7CGS4	Q10587	Yersinia pestis	E4PD_YERPE	TEF_HUMAN	1	632	two hybrid pooling approach	20711500
Q7CI00	Q9NYB0	Yersinia pestis	Q7CI00_YERPE	TE2IP_HUMAN	1	632	two hybrid pooling approach	20711500
P17778	P13693	Yersinia pestis	YOPM_YERPE	TCTP_HUMAN	1	632	two hybrid pooling approach	20711500
Q8D0H2	P13693	Yersinia pestis	Q8D0H2_YERPE	TCTP_HUMAN	1	632	two hybrid pooling approach	20711500
Q8CZT1	P13693	Yersinia pestis	Q8CZT1_YERPE	TCTP_HUMAN	1	632	two hybrid pooling approach	20711500
Q7CKA9	P13693	Yersinia pestis	Q7CKA9_YERPE	TCTP_HUMAN	1	632	two hybrid pooling approach	20711500
Q7CJ44	P13693	Yersinia pestis	Q7CJ44_YERPE	TCTP_HUMAN	1	632	two hybrid pooling approach	20711500
Q7CIZ3	P13693	Yersinia pestis	BGAL_YERPE	TCTP_HUMAN	1	632	two hybrid pooling approach	20711500
Q7CIW0	P13693	Yersinia pestis	Q7CIW0_YERPE	TCTP_HUMAN	1	632	two hybrid pooling approach	20711500
Q7CHZ0	P13693	Yersinia pestis	Q7CHZ0_YERPE	TCTP_HUMAN	1	632	two hybrid pooling approach	20711500
Q7CHS3	P13693	Yersinia pestis	Q7CHS3_YERPE	TCTP_HUMAN	1	632	two hybrid pooling approach	20711500
Q7CFQ3	P13693	Yersinia pestis	Q7CFQ3_YERPE	TCTP_HUMAN	1	632	two hybrid pooling approach	20711500
Q8ZHG0	P13693	Yersinia pestis	AGUA_YERPE	TCTP_HUMAN	1	632	two hybrid pooling approach	20711500
Q7CJ43	Q99832	Yersinia pestis	Q7CJ43_YERPE	TCPH_HUMAN	1	632	two hybrid pooling approach	20711500
Q7CGJ6	P20062	Yersinia pestis	Q7CGJ6_YERPE	TCO2_HUMAN	1	632	two hybrid pooling approach	20711500
Q7CHH9	O43680	Yersinia pestis	Q7CHH9_YERPE	TCF21_HUMAN	1	632	two hybrid pooling approach	20711500
Q8ZJJ5	P23193	Yersinia pestis	HSLU_YERPE	TCEA1_HUMAN	1	632	two hybrid pooling approach	20711500
Q8ZCR1	Q15170	Yersinia pestis	GLYA_YERPE	TCAL1_HUMAN	1	632	two hybrid pooling approach	20711500
Q8ZDJ2	P01848	Yersinia pestis	Y2573_YERPE	TCA_HUMAN	1	632	two hybrid pooling approach	20711500
Q8ZD27	Q13207	Yersinia pestis	TRUA_YERPE	TBX2_HUMAN	1	632	two hybrid pooling approach	20711500
Q8CLT3	Q13207	Yersinia pestis	Q8CLT3_YERPE	TBX2_HUMAN	1	632	two hybrid pooling approach	20711500
Q7CIW9	Q13207	Yersinia pestis	Q7CIW9_YERPE	TBX2_HUMAN	1	632	two hybrid pooling approach	20711500
P68590	Q3YBR2	Yersinia pestis	YSCH_YERPE	TBRG1_HUMAN	1	632	two hybrid pooling approach	20711500
Q8D0H5	Q3YBR2	Yersinia pestis	Q8D0H5_YERPE	TBRG1_HUMAN	1	632	two hybrid pooling approach	20711500
Q7CKM6	Q3YBR2	Yersinia pestis	Q7CKM6_YERPE	TBRG1_HUMAN	1	632	two hybrid pooling approach	20711500
P69986	Q9UHD2	Yersinia pestis	YSCU_YERPE	TBK1_HUMAN	1	632	two hybrid pooling approach	20711500
Q7CH40	Q92609	Yersinia pestis	GRPE_YERPE	TBCD5_HUMAN	1	632	two hybrid pooling approach	20711500
Q7CHW3	Q9NUY8	Yersinia pestis	Q7CHW3_YERPE	TBC23_HUMAN	1	632	two hybrid pooling approach	20711500
Q8ZBK6	Q9NUY8	Yersinia pestis	PAND_YERPE	TBC23_HUMAN	1	632	two hybrid pooling approach	20711500
Q8ZHG8	P07437	Yersinia pestis	SPEA_YERPE	TBB5_HUMAN	1	632	two hybrid pooling approach	20711500
Q8ZGE1	P07437	Yersinia pestis	HCP_YERPE	TBB5_HUMAN	1	632	two hybrid pooling approach	20711500
P58492	P04350	Yersinia pestis	ZIPA_YERPE	TBB4A_HUMAN	1	632	two hybrid pooling approach	20711500
Q8ZD36	P04350	Yersinia pestis	MNMC_YERPE	TBB4A_HUMAN	1	632	two hybrid pooling approach	20711500
Q8ZAE1	Q86VP1	Yersinia pestis	WECA_YERPE	TAXB1_HUMAN	1	632	two hybrid pooling approach	20711500
Q7CKA9	Q86VP1	Yersinia pestis	Q7CKA9_YERPE	TAXB1_HUMAN	1	632	two hybrid pooling approach	20711500
O68768	Q86VP1	Yersinia pestis	O68768_YERPE	TAXB1_HUMAN	1	632	two hybrid pooling approach	20711500
Q8ZH40	Q86VP1	Yersinia pestis	METQ_YERPE	TAXB1_HUMAN	1	632	two hybrid pooling approach	20711500
Q8CZL7	Q9H2D6	Yersinia pestis	Q8CZL7_YERPE	TARA_HUMAN	1	632	two hybrid pooling approach	20711500
Q7CGR6	Q9H2K8	Yersinia pestis	Q7CGR6_YERPE	TAOK3_HUMAN	1	632	two hybrid pooling approach	20711500
Q7CL81	Q92844	Yersinia pestis	Q7CL81_YERPE	TANK_HUMAN	1	632	two hybrid pooling approach	20711500
Q7CHW4	Q16594	Yersinia pestis	PURT_YERPE	TAF9_HUMAN	1	632	two hybrid pooling approach	20711500
Q8CZV1	P49848	Yersinia pestis	Q8CZV1_YERPE	TAF6_HUMAN	1	632	two hybrid pooling approach	20711500
Q8CKW7	P49848	Yersinia pestis	Q8CKW7_YERPE	TAF6_HUMAN	1	632	two hybrid pooling approach	20711500
P58644	P49848	Yersinia pestis	PYRF_YERPE	TAF6_HUMAN	1	632	two hybrid pooling approach	20711500
Q8D1L3	Q9Y228	Yersinia pestis	Q8D1L3_YERPE	T3JAM_HUMAN	1	632	two hybrid pooling approach	20711500
Q7ARD3	Q9Y228	Yersinia pestis	Q7ARD3_YERPE	T3JAM_HUMAN	1	632	two hybrid pooling approach	20711500
Q8ZA76	Q9Y228	Yersinia pestis	GLGX_YERPE	T3JAM_HUMAN	1	632	two hybrid pooling approach	20711500
Q8ZFW5	P13984	Yersinia pestis	Y1560_YERPE	T2FB_HUMAN	1	632	two hybrid pooling approach	20711500
Q8D0A3	P13984	Yersinia pestis	Q8D0A3_YERPE	T2FB_HUMAN	1	632	two hybrid pooling approach	20711500
Q57159	P29084	Yersinia pestis	Q57159_YERPE	T2EB_HUMAN	1	632	two hybrid pooling approach	20711500
Q8D068	Q9Y3Q8	Yersinia pestis	Q8D068_YERPE	T22D4_HUMAN	1	632	two hybrid pooling approach	20711500
Q8CZY2	Q9Y3Q8	Yersinia pestis	Q8CZY2_YERPE	T22D4_HUMAN	1	632	two hybrid pooling approach	20711500
Q7CFX4	O75157	Yersinia pestis	Q7CFX4_YERPE	T22D2_HUMAN	1	632	two hybrid pooling approach	20711500
Q7CIS4	Q9BXJ8	Yersinia pestis	Q7CIS4_YERPE	T120A_HUMAN	1	632	two hybrid pooling approach	20711500
Q8CKI1	Q86TM6	Yersinia pestis	Q8CKI1_YERPE	SYVN1_HUMAN	1	632	two hybrid pooling approach	20711500
Q7CG44	Q86TM6	Yersinia pestis	Q7CG44_YERPE	SYVN1_HUMAN	1	632	two hybrid pooling approach	20711500
Q8ZJC4	Q86TM6	Yersinia pestis	KEFB_YERPE	SYVN1_HUMAN	1	632	two hybrid pooling approach	20711500
Q7CG20	P26640	Yersinia pestis	Q7CG20_YERPE	SYVC_HUMAN	1	632	two hybrid pooling approach	20711500
Q8CZL7	Q5T160	Yersinia pestis	Q8CZL7_YERPE	SYRM_HUMAN	1	632	two hybrid pooling approach	20711500
Q8ZD91	P47897	Yersinia pestis	GCH1L_YERPE	SYQ_HUMAN	1	632	two hybrid pooling approach	20711500
Q8ZHG7	P47897	Yersinia pestis	METK_YERPE	SYQ_HUMAN	1	632	two hybrid pooling approach	20711500
Q7CGS9	Q16563	Yersinia pestis	Q7CGS9_YERPE	SYPL1_HUMAN	1	632	two hybrid pooling approach	20711500
Q8CLY1	Q8NF91	Yersinia pestis	Q8CLY1_YERPE	SYNE1_HUMAN	1	632	two hybrid pooling approach	20711500
Q8ZIQ3	O43776	Yersinia pestis	DEOB_YERPE	SYNC_HUMAN	1	632	two hybrid pooling approach	20711500
Q7ARD3	P56192	Yersinia pestis	Q7ARD3_YERPE	SYMC_HUMAN	1	632	two hybrid pooling approach	20711500
O68779	Q9P2J5	Yersinia pestis	O68779_YERPE	SYLC_HUMAN	1	632	two hybrid pooling approach	20711500
Q8CKM1	Q96PV0	Yersinia pestis	Q8CKM1_YERPE	SYGP1_HUMAN	1	632	two hybrid pooling approach	20711500
Q7CG90	Q96PV0	Yersinia pestis	Q7CG90_YERPE	SYGP1_HUMAN	1	632	two hybrid pooling approach	20711500
P17778	P61956	Yersinia pestis	YOPM_YERPE	SUMO2_HUMAN	1	632	two hybrid pooling approach	20711500
Q7CKK6	P61956	Yersinia pestis	Q7CKK6_YERPE	SUMO2_HUMAN	1	632	two hybrid pooling approach	20711500
Q8CLF6	Q8NBK3	Yersinia pestis	Q8CLF6_YERPE	SUMF1_HUMAN	1	632	two hybrid pooling approach	20711500
Q7CHR0	Q06330	Yersinia pestis	Q7CHR0_YERPE	SUH_HUMAN	1	632	two hybrid pooling approach	20711500
Q7CGT9	Q9Y2Z0	Yersinia pestis	Q7CGT9_YERPE	SGT1_HUMAN	1	632	two hybrid pooling approach	20711500
Q8CKB6	Q13277	Yersinia pestis	Q8CKB6_YERPE	STX3_HUMAN	1	632	two hybrid pooling approach	20711500
Q7CL85	O14662	Yersinia pestis	Q7CL85_YERPE	STX16_HUMAN	1	632	two hybrid pooling approach	20711500
Q7CK82	Q9UNE7	Yersinia pestis	Q7CK82_YERPE	CHIP_HUMAN	1	632	two hybrid pooling approach	20711500
Q8CZW4	Q8TCJ2	Yersinia pestis	Q8CZW4_YERPE	STT3B_HUMAN	1	632	two hybrid pooling approach	20711500
Q7CIL8	P46977	Yersinia pestis	Q7CIL8_YERPE	STT3A_HUMAN	1	632	two hybrid pooling approach	20711500
Q7CG03	Q15831	Yersinia pestis	Q7CG03_YERPE	STK11_HUMAN	1	632	two hybrid pooling approach	20711500
Q7ARD3	P31948	Yersinia pestis	Q7ARD3_YERPE	STIP1_HUMAN	1	632	two hybrid pooling approach	20711500
Q7CFN3	Q13285	Yersinia pestis	Q7CFN3_YERPE	STF1_HUMAN	1	632	two hybrid pooling approach	20711500
Q8ZD91	O95793	Yersinia pestis	GCH1L_YERPE	STAU1_HUMAN	1	632	two hybrid pooling approach	20711500
Q7CL87	P42226	Yersinia pestis	Q7CL87_YERPE	STAT6_HUMAN	1	632	two hybrid pooling approach	20711500
Q7CKK4	P42226	Yersinia pestis	Q7CKK4_YERPE	STAT6_HUMAN	1	632	two hybrid pooling approach	20711500
Q7CK53	P42226	Yersinia pestis	Q7CK53_YERPE	STAT6_HUMAN	1	632	two hybrid pooling approach	20711500
Q7CJ44	P42226	Yersinia pestis	Q7CJ44_YERPE	STAT6_HUMAN	1	632	two hybrid pooling approach	20711500
Q8ZHI8	P42226	Yersinia pestis	GCSP_YERPE	STAT6_HUMAN	1	632	two hybrid pooling approach	20711500
Q8ZJB3	P42226	Yersinia pestis	EFG_YERPE	STAT6_HUMAN	1	632	two hybrid pooling approach	20711500
Q8ZDA6	P42226	Yersinia pestis	CHBG_YERPE	STAT6_HUMAN	1	632	two hybrid pooling approach	20711500
Q8ZDX8	P42226	Yersinia pestis	ARNA_YERPE	STAT6_HUMAN	1	632	two hybrid pooling approach	20711500
Q7ARD3	P40763	Yersinia pestis	Q7ARD3_YERPE	STAT3_HUMAN	1	632	two hybrid pooling approach	20711500
Q8ZA97	P42224	Yersinia pestis	STHA_YERPE	STAT1_HUMAN	1	632	two hybrid pooling approach	20711500
Q8D192	P42224	Yersinia pestis	Q8D192_YERPE	STAT1_HUMAN	1	632	two hybrid pooling approach	20711500
Q8D015	O75886	Yersinia pestis	Q8D015_YERPE	STAM2_HUMAN	1	632	two hybrid pooling approach	20711500
Q8D014	O75886	Yersinia pestis	Q8D014_YERPE	STAM2_HUMAN	1	632	two hybrid pooling approach	20711500
Q8CKH6	Q92783	Yersinia pestis	Q8CKH6_YERPE	STAM1_HUMAN	1	632	two hybrid pooling approach	20711500
P17778	Q9UJ98	Yersinia pestis	YOPM_YERPE	STAG3_HUMAN	1	632	two hybrid pooling approach	20711500
P69986	Q9NY15	Yersinia pestis	YSCU_YERPE	STAB1_HUMAN	1	632	two hybrid pooling approach	20711500
P69976	Q9NY15	Yersinia pestis	YSCL_YERPE	STAB1_HUMAN	1	632	two hybrid pooling approach	20711500
Q8Z9U2	Q9NY15	Yersinia pestis	MNME_YERPE	STAB1_HUMAN	1	632	two hybrid pooling approach	20711500
Q8ZH00	Q9NY15	Yersinia pestis	SUCC_YERPE	STAB1_HUMAN	1	632	two hybrid pooling approach	20711500
Q7ARG4	Q9NY15	Yersinia pestis	Q7ARG4_YERPE	STAB1_HUMAN	1	632	two hybrid pooling approach	20711500
Q9ZC61	Q9NY15	Yersinia pestis	Q9ZC61_YERPE	STAB1_HUMAN	1	632	two hybrid pooling approach	20711500
Q8D184	Q9NY15	Yersinia pestis	Q8D184_YERPE	STAB1_HUMAN	1	632	two hybrid pooling approach	20711500
Q8D0X3	Q9NY15	Yersinia pestis	Q8D0X3_YERPE	STAB1_HUMAN	1	632	two hybrid pooling approach	20711500
Q8D0G8	Q9NY15	Yersinia pestis	Q8D0G8_YERPE	STAB1_HUMAN	1	632	two hybrid pooling approach	20711500
Q8CZU9	Q9NY15	Yersinia pestis	Q8CZU9_YERPE	STAB1_HUMAN	1	632	two hybrid pooling approach	20711500
Q8CZJ9	Q9NY15	Yersinia pestis	Q8CZJ9_YERPE	STAB1_HUMAN	1	632	two hybrid pooling approach	20711500
Q7CL07	Q9NY15	Yersinia pestis	Q7CL07_YERPE	STAB1_HUMAN	1	632	two hybrid pooling approach	20711500
Q7CKZ2	Q9NY15	Yersinia pestis	Q7CKZ2_YERPE	STAB1_HUMAN	1	632	two hybrid pooling approach	20711500
Q7CKA1	Q9NY15	Yersinia pestis	Q7CKA1_YERPE	STAB1_HUMAN	1	632	two hybrid pooling approach	20711500
Q7CJ72	Q9NY15	Yersinia pestis	RLMF_YERPE	STAB1_HUMAN	1	632	two hybrid pooling approach	20711500
Q7CJ44	Q9NY15	Yersinia pestis	Q7CJ44_YERPE	STAB1_HUMAN	1	632	two hybrid pooling approach	20711500
Q7CI41	Q9NY15	Yersinia pestis	Q7CI41_YERPE	STAB1_HUMAN	1	632	two hybrid pooling approach	20711500
Q7CHW1	Q9NY15	Yersinia pestis	Q7CHW1_YERPE	STAB1_HUMAN	1	632	two hybrid pooling approach	20711500
Q7CHP0	Q9NY15	Yersinia pestis	Q7CHP0_YERPE	STAB1_HUMAN	1	632	two hybrid pooling approach	20711500
Q7CHK4	Q9NY15	Yersinia pestis	Q7CHK4_YERPE	STAB1_HUMAN	1	632	two hybrid pooling approach	20711500
Q7CH91	Q9NY15	Yersinia pestis	Q7CH91_YERPE	STAB1_HUMAN	1	632	two hybrid pooling approach	20711500
Q7CGW9	Q9NY15	Yersinia pestis	Q7CGW9_YERPE	STAB1_HUMAN	1	632	two hybrid pooling approach	20711500
Q7CGR9	Q9NY15	Yersinia pestis	Q7CGR9_YERPE	STAB1_HUMAN	1	632	two hybrid pooling approach	20711500
Q7CGH3	Q9NY15	Yersinia pestis	Q7CGH3_YERPE	STAB1_HUMAN	1	632	two hybrid pooling approach	20711500
Q7CGD0	Q9NY15	Yersinia pestis	Q7CGD0_YERPE	STAB1_HUMAN	1	632	two hybrid pooling approach	20711500
Q7CG08	Q9NY15	Yersinia pestis	Q7CG08_YERPE	STAB1_HUMAN	1	632	two hybrid pooling approach	20711500
Q7CFY4	Q9NY15	Yersinia pestis	Q7CFY4_YERPE	STAB1_HUMAN	1	632	two hybrid pooling approach	20711500
P58526	Q9NY15	Yersinia pestis	MTOX_YERPE	STAB1_HUMAN	1	632	two hybrid pooling approach	20711500
P46359	Q9NY15	Yersinia pestis	FYUA_YERPE	STAB1_HUMAN	1	632	two hybrid pooling approach	20711500
Q8ZA84	P50225	Yersinia pestis	CAPP_YERPE	ST1A1_HUMAN	1	632	two hybrid pooling approach	20711500
Q7CHJ5	O94768	Yersinia pestis	Q7CHJ5_YERPE	ST17B_HUMAN	1	632	two hybrid pooling approach	20711500
Q7CH26	O94768	Yersinia pestis	Q7CH26_YERPE	ST17B_HUMAN	1	632	two hybrid pooling approach	20711500
P17778	Q9UEE5	Yersinia pestis	YOPM_YERPE	ST17A_HUMAN	1	632	two hybrid pooling approach	20711500
Q8D174	Q9UEE5	Yersinia pestis	Q8D174_YERPE	ST17A_HUMAN	1	632	two hybrid pooling approach	20711500
Q7CK92	P81877	Yersinia pestis	Q7CK92_YERPE	SSBP2_HUMAN	1	632	two hybrid pooling approach	20711500
Q8D054	Q9UJW9	Yersinia pestis	Q8D054_YERPE	SRTD3_HUMAN	1	632	two hybrid pooling approach	20711500
Q8CL55	Q9UJW9	Yersinia pestis	Q8CL55_YERPE	SRTD3_HUMAN	1	632	two hybrid pooling approach	20711500
Q8CKY9	Q9UJW9	Yersinia pestis	Q8CKY9_YERPE	SRTD3_HUMAN	1	632	two hybrid pooling approach	20711500
Q7CLA9	Q9UJW9	Yersinia pestis	Q7CLA9_YERPE	SRTD3_HUMAN	1	632	two hybrid pooling approach	20711500
Q8ZIX0	Q9UJW9	Yersinia pestis	RSGA_YERPE	SRTD3_HUMAN	1	632	two hybrid pooling approach	20711500
Q8CL86	Q9UQ35	Yersinia pestis	Q8CL86_YERPE	SRRM2_HUMAN	1	632	two hybrid pooling approach	20711500
Q7CKZ7	Q9UQ35	Yersinia pestis	Q7CKZ7_YERPE	SRRM2_HUMAN	1	632	two hybrid pooling approach	20711500
Q7CIZ3	Q9UQ35	Yersinia pestis	BGAL_YERPE	SRRM2_HUMAN	1	632	two hybrid pooling approach	20711500
Q7CH44	Q9UQ35	Yersinia pestis	Q7CH44_YERPE	SRRM2_HUMAN	1	632	two hybrid pooling approach	20711500
Q7CGQ2	Q9UQ35	Yersinia pestis	Q7CGQ2_YERPE	SRRM2_HUMAN	1	632	two hybrid pooling approach	20711500
Q7CFQ1	Q9UQ35	Yersinia pestis	Q7CFQ1_YERPE	SRRM2_HUMAN	1	632	two hybrid pooling approach	20711500
Q7CFN3	Q9UQ35	Yersinia pestis	Q7CFN3_YERPE	SRRM2_HUMAN	1	632	two hybrid pooling approach	20711500
Q8ZCQ2	Q9UQ35	Yersinia pestis	PUR4_YERPE	SRRM2_HUMAN	1	632	two hybrid pooling approach	20711500
Q7ARD3	Q9UQ35	Yersinia pestis	Q7ARD3_YERPE	SRRM2_HUMAN	1	632	two hybrid pooling approach	20711500
Q8ZH52	Q9UQ35	Yersinia pestis	ACCA_YERPE	SRRM2_HUMAN	1	632	two hybrid pooling approach	20711500
Q8ZB41	Q9UHB9	Yersinia pestis	RAPZ_YERPE	SRP68_HUMAN	1	632	two hybrid pooling approach	20711500
P74989	P61011	Yersinia pestis	P74989_YERPE	SRP54_HUMAN	1	632	two hybrid pooling approach	20711500
Q7CKU7	P09132	Yersinia pestis	Q7CKU7_YERPE	SRP19_HUMAN	1	632	two hybrid pooling approach	20711500
Q7CIZ3	P10124	Yersinia pestis	BGAL_YERPE	SRGN_HUMAN	1	632	two hybrid pooling approach	20711500
P26926	P10124	Yersinia pestis	CAF1M_YERPE	SRGN_HUMAN	1	632	two hybrid pooling approach	20711500
Q8CLF6	P11831	Yersinia pestis	Q8CLF6_YERPE	SRF_HUMAN	1	632	two hybrid pooling approach	20711500
Q7CKC8	Q6ZRS2	Yersinia pestis	Q7CKC8_YERPE	SRCAP_HUMAN	1	632	two hybrid pooling approach	20711500
Q8CLR4	Q12772	Yersinia pestis	Q8CLR4_YERPE	SRBP2_HUMAN	1	632	two hybrid pooling approach	20711500
Q7CKA1	P36956	Yersinia pestis	Q7CKA1_YERPE	SRBP1_HUMAN	1	632	two hybrid pooling approach	20711500
Q7CGR8	Q13501	Yersinia pestis	Q7CGR8_YERPE	SQSTM_HUMAN	1	632	two hybrid pooling approach	20711500
Q8D1P8	Q96JI7	Yersinia pestis	Q8D1P8_YERPE	SPTCS_HUMAN	1	632	two hybrid pooling approach	20711500
P74989	Q96JI7	Yersinia pestis	P74989_YERPE	SPTCS_HUMAN	1	632	two hybrid pooling approach	20711500
Q7CHD9	O15270	Yersinia pestis	Q7CHD9_YERPE	SPTC2_HUMAN	1	632	two hybrid pooling approach	20711500
Q7CIY0	O15269	Yersinia pestis	Q7CIY0_YERPE	SPTC1_HUMAN	1	632	two hybrid pooling approach	20711500
Q8ZDX4	P11277	Yersinia pestis	BTUC_YERPE	SPTB1_HUMAN	1	632	two hybrid pooling approach	20711500
Q7CIW0	Q7KZ85	Yersinia pestis	Q7CIW0_YERPE	SPT6H_HUMAN	1	632	two hybrid pooling approach	20711500
Q8CLD0	Q9Y657	Yersinia pestis	Q8CLD0_YERPE	SPIN1_HUMAN	1	632	two hybrid pooling approach	20711500
Q9ZC68	Q9NRA0	Yersinia pestis	ASTD_YERPE	SPHK2_HUMAN	1	632	two hybrid pooling approach	20711500
Q7CGJ4	Q8N0X7	Yersinia pestis	Q7CGJ4_YERPE	SPG20_HUMAN	1	632	two hybrid pooling approach	20711500
Q8ZHG8	Q96I25	Yersinia pestis	SPEA_YERPE	SPF45_HUMAN	1	632	two hybrid pooling approach	20711500
Q8CZL7	Q96I25	Yersinia pestis	Q8CZL7_YERPE	SPF45_HUMAN	1	632	two hybrid pooling approach	20711500
Q8D053	Q5M775	Yersinia pestis	Q8D053_YERPE	CYTSB_HUMAN	1	632	two hybrid pooling approach	20711500
Q8CL08	Q5M775	Yersinia pestis	Q8CL08_YERPE	CYTSB_HUMAN	1	632	two hybrid pooling approach	20711500
Q8ZGA1	Q5M775	Yersinia pestis	MUKF_YERPE	CYTSB_HUMAN	1	632	two hybrid pooling approach	20711500
Q8CL55	Q9UBP0	Yersinia pestis	Q8CL55_YERPE	SPAST_HUMAN	1	632	two hybrid pooling approach	20711500
Q7CHY4	Q96R06	Yersinia pestis	Q7CHY4_YERPE	SPAG5_HUMAN	1	632	two hybrid pooling approach	20711500
Q7ARK4	Q02447	Yersinia pestis	Q7ARK4_YERPE	SP3_HUMAN	1	632	two hybrid pooling approach	20711500
Q8CL86	P08047	Yersinia pestis	Q8CL86_YERPE	SP1_HUMAN	1	632	two hybrid pooling approach	20711500
Q8ZHF1	P08047	Yersinia pestis	GLSA1_YERPE	SP1_HUMAN	1	632	two hybrid pooling approach	20711500
Q8ZBM0	P08047	Yersinia pestis	CLCA_YERPE	SP1_HUMAN	1	632	two hybrid pooling approach	20711500
Q8D194	Q9Y5B9	Yersinia pestis	Q8D194_YERPE	SP16H_HUMAN	1	632	two hybrid pooling approach	20711500
Q7ARD2	Q07889	Yersinia pestis	Q7ARD2_YERPE	SOS1_HUMAN	1	632	two hybrid pooling approach	20711500
Q8D014	Q92673	Yersinia pestis	Q8D014_YERPE	SORL_HUMAN	1	632	two hybrid pooling approach	20711500
P17778	P18583	Yersinia pestis	YOPM_YERPE	SON_HUMAN	1	632	two hybrid pooling approach	20711500
Q8ZA88	P18583	Yersinia pestis	ARLY_YERPE	SON_HUMAN	1	632	two hybrid pooling approach	20711500
Q7CL96	Q9Y5X3	Yersinia pestis	Q7CL96_YERPE	SNX5_HUMAN	1	632	two hybrid pooling approach	20711500
Q7CFS0	Q9Y5X3	Yersinia pestis	Q7CFS0_YERPE	SNX5_HUMAN	1	632	two hybrid pooling approach	20711500
Q8D017	O60749	Yersinia pestis	Q8D017_YERPE	SNX2_HUMAN	1	632	two hybrid pooling approach	20711500
Q7CJX7	Q5SXM2	Yersinia pestis	Q7CJX7_YERPE	SNPC4_HUMAN	1	632	two hybrid pooling approach	20711500
Q7CGI0	Q5SXM2	Yersinia pestis	FTSP_YERPE	SNPC4_HUMAN	1	632	two hybrid pooling approach	20711500
Q9ZC68	Q7KZF4	Yersinia pestis	ASTD_YERPE	SND1_HUMAN	1	632	two hybrid pooling approach	20711500
Q7CHZ0	Q2TAL5	Yersinia pestis	Q7CHZ0_YERPE	SMTL2_HUMAN	1	632	two hybrid pooling approach	20711500
Q8CZK5	Q8TAQ2	Yersinia pestis	Q8CZK5_YERPE	SMRC2_HUMAN	1	632	two hybrid pooling approach	20711500
Q8D054	P62318	Yersinia pestis	Q8D054_YERPE	SMD3_HUMAN	1	632	two hybrid pooling approach	20711500
Q7CJK5	P62318	Yersinia pestis	Q7CJK5_YERPE	SMD3_HUMAN	1	632	two hybrid pooling approach	20711500
Q8D0R5	O60264	Yersinia pestis	Q8D0R5_YERPE	SMCA5_HUMAN	1	632	two hybrid pooling approach	20711500
Q7CFP8	Q9NTJ3	Yersinia pestis	Q7CFP8_YERPE	SMC4_HUMAN	1	632	two hybrid pooling approach	20711500
Q7CH26	Q9UQE7	Yersinia pestis	Q7CH26_YERPE	SMC3_HUMAN	1	632	two hybrid pooling approach	20711500
Q7CGA4	Q9UQE7	Yersinia pestis	Q7CGA4_YERPE	SMC3_HUMAN	1	632	two hybrid pooling approach	20711500
Q7ARN6	O00193	Yersinia pestis	Q7ARN6_YERPE	SMAP_HUMAN	1	632	two hybrid pooling approach	20711500
Q8D1P5	Q8WU79	Yersinia pestis	Q8D1P5_YERPE	SMAP2_HUMAN	1	632	two hybrid pooling approach	20711500
Q8D0R5	Q9NWH9	Yersinia pestis	Q8D0R5_YERPE	SLTM_HUMAN	1	632	two hybrid pooling approach	20711500
Q7ARD3	Q9NWH9	Yersinia pestis	Q7ARD3_YERPE	SLTM_HUMAN	1	632	two hybrid pooling approach	20711500
Q7CIQ1	Q8IYM2	Yersinia pestis	Q7CIQ1_YERPE	SLN12_HUMAN	1	632	two hybrid pooling approach	20711500
Q9ZC50	Q14BN4	Yersinia pestis	Q9ZC50_YERPE	SLMAP_HUMAN	1	632	two hybrid pooling approach	20711500
Q7CL54	Q9H2G2	Yersinia pestis	Q7CL54_YERPE	SLK_HUMAN	1	632	two hybrid pooling approach	20711500
Q7CG67	O94813	Yersinia pestis	Q7CG67_YERPE	SLIT2_HUMAN	1	632	two hybrid pooling approach	20711500
Q8ZDW5	Q9GZT3	Yersinia pestis	SYT_YERPE	SLIRP_HUMAN	1	632	two hybrid pooling approach	20711500
Q7ARD3	P63208	Yersinia pestis	Q7ARD3_YERPE	SKP1_HUMAN	1	632	two hybrid pooling approach	20711500
Q74RZ6	P12755	Yersinia pestis	AAS_YERPE	SKI_HUMAN	1	632	two hybrid pooling approach	20711500
Q8D1R0	Q8N196	Yersinia pestis	Q8D1R0_YERPE	SIX5_HUMAN	1	632	two hybrid pooling approach	20711500
Q8ZJP7	O15304	Yersinia pestis	PYRE_YERPE	SIVA_HUMAN	1	632	two hybrid pooling approach	20711500
Q8ZHG3	O43699	Yersinia pestis	Y936_YERPE	SIGL6_HUMAN	1	632	two hybrid pooling approach	20711500
Q7CJV9	O15389	Yersinia pestis	Q7CJV9_YERPE	SIGL5_HUMAN	1	632	two hybrid pooling approach	20711500
Q8ZCW0	Q96RL6	Yersinia pestis	MDTB_YERPE	SIG11_HUMAN	1	632	two hybrid pooling approach	20711500
Q8D1G8	P15907	Yersinia pestis	ACSA_YERPE	SIAT1_HUMAN	1	632	two hybrid pooling approach	20711500
Q7ARD3	Q9NSC7	Yersinia pestis	Q7ARD3_YERPE	SIA7A_HUMAN	1	632	two hybrid pooling approach	20711500
Q8D195	O43166	Yersinia pestis	Q8D195_YERPE	SI1L1_HUMAN	1	632	two hybrid pooling approach	20711500
Q7CJQ8	Q2M3G4	Yersinia pestis	Q7CJQ8_YERPE	SHRM1_HUMAN	1	632	two hybrid pooling approach	20711500
Q9F287	Q9Y371	Yersinia pestis	Q9F287_YERPE	SHLB1_HUMAN	1	632	two hybrid pooling approach	20711500
P58700	Q9BYB0	Yersinia pestis	TRPR_YERPE	SHAN3_HUMAN	1	632	two hybrid pooling approach	20711500
Q8D179	Q9BYB0	Yersinia pestis	Q8D179_YERPE	SHAN3_HUMAN	1	632	two hybrid pooling approach	20711500
Q7CIB9	O75368	Yersinia pestis	Q7CIB9_YERPE	SH3L1_HUMAN	1	632	two hybrid pooling approach	20711500
Q8D1P4	Q96B97	Yersinia pestis	Q8D1P4_YERPE	SH3K1_HUMAN	1	632	two hybrid pooling approach	20711500
Q7CJD2	P55822	Yersinia pestis	Q7CJD2_YERPE	SH3BG_HUMAN	1	632	two hybrid pooling approach	20711500
Q8D033	O95905	Yersinia pestis	Q8D033_YERPE	ECD_HUMAN	1	632	two hybrid pooling approach	20711500
Q7CG16	O95905	Yersinia pestis	Q7CG16_YERPE	ECD_HUMAN	1	632	two hybrid pooling approach	20711500
Q7CG61	Q9H792	Yersinia pestis	Q7CG61_YERPE	PEAK1_HUMAN	1	632	two hybrid pooling approach	20711500
Q8ZHZ4	Q9H792	Yersinia pestis	FLGI1_YERPE	PEAK1_HUMAN	1	632	two hybrid pooling approach	20711500
Q8Z9S7	Q8WV19	Yersinia pestis	GLMU_YERPE	SFT2A_HUMAN	1	632	two hybrid pooling approach	20711500
Q8D0W1	Q13243	Yersinia pestis	Q8D0W1_YERPE	SRSF5_HUMAN	1	632	two hybrid pooling approach	20711500
Q7CL81	Q13243	Yersinia pestis	Q7CL81_YERPE	SRSF5_HUMAN	1	632	two hybrid pooling approach	20711500
Q8ZCT9	Q13243	Yersinia pestis	DER_YERPE	SRSF5_HUMAN	1	632	two hybrid pooling approach	20711500
Q7CIA0	Q6FHJ7	Yersinia pestis	Q7CIA0_YERPE	SFRP4_HUMAN	1	632	two hybrid pooling approach	20711500
Q7CKD4	O95104	Yersinia pestis	MTNN_YERPE	SFR15_HUMAN	1	632	two hybrid pooling approach	20711500
Q7CJV9	Q8WXA9	Yersinia pestis	Q7CJV9_YERPE	SREK1_HUMAN	1	632	two hybrid pooling approach	20711500
Q8ZF52	P23246	Yersinia pestis	UVRC_YERPE	SFPQ_HUMAN	1	632	two hybrid pooling approach	20711500
Q8ZIY3	P23246	Yersinia pestis	CH60_YERPE	SFPQ_HUMAN	1	632	two hybrid pooling approach	20711500
Q8CZH4	O75533	Yersinia pestis	Q8CZH4_YERPE	SF3B1_HUMAN	1	632	two hybrid pooling approach	20711500
Q8ZIL4	O75533	Yersinia pestis	CARB_YERPE	SF3B1_HUMAN	1	632	two hybrid pooling approach	20711500
Q7CL85	Q15459	Yersinia pestis	Q7CL85_YERPE	SF3A1_HUMAN	1	632	two hybrid pooling approach	20711500
Q7CL06	Q15637	Yersinia pestis	Q7CL06_YERPE	SF01_HUMAN	1	632	two hybrid pooling approach	20711500
Q8ZEV7	Q9BYW2	Yersinia pestis	SYR_YERPE	SETD2_HUMAN	1	632	two hybrid pooling approach	20711500
Q8CZY2	Q15047	Yersinia pestis	Q8CZY2_YERPE	SETB1_HUMAN	1	632	two hybrid pooling approach	20711500
Q8D195	Q9NRX5	Yersinia pestis	Q8D195_YERPE	SERC1_HUMAN	1	632	two hybrid pooling approach	20711500
Q8D1L3	Q16181	Yersinia pestis	Q8D1L3_YERPE	SEPT7_HUMAN	1	632	two hybrid pooling approach	20711500
Q8D062	Q16181	Yersinia pestis	Q8D062_YERPE	SEPT7_HUMAN	1	632	two hybrid pooling approach	20711500
Q8CKN6	Q16181	Yersinia pestis	Q8CKN6_YERPE	SEPT7_HUMAN	1	632	two hybrid pooling approach	20711500
Q7CL85	Q16181	Yersinia pestis	Q7CL85_YERPE	SEPT7_HUMAN	1	632	two hybrid pooling approach	20711500
Q8ZFJ7	Q16181	Yersinia pestis	HTPX_YERPE	SEPT7_HUMAN	1	632	two hybrid pooling approach	20711500
Q8Z9U2	P49908	Yersinia pestis	MNME_YERPE	SEPP1_HUMAN	1	632	two hybrid pooling approach	20711500
Q8CLT0	P49908	Yersinia pestis	Q8CLT0_YERPE	SEPP1_HUMAN	1	632	two hybrid pooling approach	20711500
Q8CKW7	P49908	Yersinia pestis	Q8CKW7_YERPE	SEPP1_HUMAN	1	632	two hybrid pooling approach	20711500
Q7CHC4	P49908	Yersinia pestis	Q7CHC4_YERPE	SEPP1_HUMAN	1	632	two hybrid pooling approach	20711500
Q7CFW7	P49908	Yersinia pestis	Q7CFW7_YERPE	SEPP1_HUMAN	1	632	two hybrid pooling approach	20711500
O68743	P49908	Yersinia pestis	O68743_YERPE	SEPP1_HUMAN	1	632	two hybrid pooling approach	20711500
Q7CHU1	P49908	Yersinia pestis	MTFA_YERPE	SEPP1_HUMAN	1	632	two hybrid pooling approach	20711500
Q7CJ53	Q13591	Yersinia pestis	Q7CJ53_YERPE	SEM5A_HUMAN	1	632	two hybrid pooling approach	20711500
Q8ZAB3	Q92854	Yersinia pestis	ILVD_YERPE	SEM4D_HUMAN	1	632	two hybrid pooling approach	20711500
O68791	Q14242	Yersinia pestis	O68791_YERPE	SELPL_HUMAN	1	632	two hybrid pooling approach	20711500
Q7CIA2	Q8IZQ5	Yersinia pestis	PRMC_YERPE	SELH_HUMAN	1	632	two hybrid pooling approach	20711500
Q7CH24	Q9UGP8	Yersinia pestis	Q7CH24_YERPE	SEC63_HUMAN	1	632	two hybrid pooling approach	20711500
Q8ZG09	O95810	Yersinia pestis	MAO1_YERPE	SDPR_HUMAN	1	632	two hybrid pooling approach	20711500
Q8ZDF8	O00560	Yersinia pestis	SYL_YERPE	SDCB1_HUMAN	1	632	two hybrid pooling approach	20711500
Q7CKH8	O00560	Yersinia pestis	Q7CKH8_YERPE	SDCB1_HUMAN	1	632	two hybrid pooling approach	20711500
Q7CHC3	O00560	Yersinia pestis	Q7CHC3_YERPE	SDCB1_HUMAN	1	632	two hybrid pooling approach	20711500
Q7CGV2	O00560	Yersinia pestis	Q7CGV2_YERPE	SDCB1_HUMAN	1	632	two hybrid pooling approach	20711500
Q7CG44	O00560	Yersinia pestis	Q7CG44_YERPE	SDCB1_HUMAN	1	632	two hybrid pooling approach	20711500
Q7CG21	O00560	Yersinia pestis	Q7CG21_YERPE	SDCB1_HUMAN	1	632	two hybrid pooling approach	20711500
P58526	O00560	Yersinia pestis	MTOX_YERPE	SDCB1_HUMAN	1	632	two hybrid pooling approach	20711500
Q8ZGY3	O00560	Yersinia pestis	GAL1_YERPE	SDCB1_HUMAN	1	632	two hybrid pooling approach	20711500
Q7CFP7	P34741	Yersinia pestis	Q7CFP7_YERPE	SDC2_HUMAN	1	632	two hybrid pooling approach	20711500
Q7CI82	P18827	Yersinia pestis	Q7CI82_YERPE	SDC1_HUMAN	1	632	two hybrid pooling approach	20711500
Q8ZJG9	Q6P3W7	Yersinia pestis	PCKA_YERPE	SCYL2_HUMAN	1	632	two hybrid pooling approach	20711500
Q8ZBY6	P02775	Yersinia pestis	FADE_YERPE	CXCL7_HUMAN	1	632	two hybrid pooling approach	20711500
Q7ARJ2	Q8WVN6	Yersinia pestis	Q7ARJ2_YERPE	SCTM1_HUMAN	1	632	two hybrid pooling approach	20711500
Q7CJ43	Q14108	Yersinia pestis	Q7CJ43_YERPE	SCRB2_HUMAN	1	632	two hybrid pooling approach	20711500
Q7CKQ3	O15126	Yersinia pestis	Q7CKQ3_YERPE	SCAM1_HUMAN	1	632	two hybrid pooling approach	20711500
P42713	O94979	Yersinia pestis	YSCQ_YERPE	SC31A_HUMAN	1	632	two hybrid pooling approach	20711500
Q7CFR2	O94979	Yersinia pestis	XYLG_YERPE	SC31A_HUMAN	1	632	two hybrid pooling approach	20711500
Q8D1F5	O94979	Yersinia pestis	Q8D1F5_YERPE	SC31A_HUMAN	1	632	two hybrid pooling approach	20711500
Q7CJE7	O94979	Yersinia pestis	Q7CJE7_YERPE	SC31A_HUMAN	1	632	two hybrid pooling approach	20711500
Q7CHD7	O94979	Yersinia pestis	Q7CHD7_YERPE	SC31A_HUMAN	1	632	two hybrid pooling approach	20711500
Q7CGQ3	O94979	Yersinia pestis	Q7CGQ3_YERPE	SC31A_HUMAN	1	632	two hybrid pooling approach	20711500
Q7CGK0	O94979	Yersinia pestis	Q7CGK0_YERPE	SC31A_HUMAN	1	632	two hybrid pooling approach	20711500
Q8ZIQ4	O94979	Yersinia pestis	DEOC2_YERPE	SC31A_HUMAN	1	632	two hybrid pooling approach	20711500
Q7CHV7	P53992	Yersinia pestis	Q7CHV7_YERPE	SC24C_HUMAN	1	632	two hybrid pooling approach	20711500
Q8D0B6	Q9BY50	Yersinia pestis	Q8D0B6_YERPE	SC11C_HUMAN	1	632	two hybrid pooling approach	20711500
Q7CL85	P67812	Yersinia pestis	Q7CL85_YERPE	SC11A_HUMAN	1	632	two hybrid pooling approach	20711500
Q8D0V0	A3KN83	Yersinia pestis	Q8D0V0_YERPE	SBNO1_HUMAN	1	632	two hybrid pooling approach	20711500
Q7CHK4	Q9H4B6	Yersinia pestis	Q7CHK4_YERPE	SAV1_HUMAN	1	632	two hybrid pooling approach	20711500
Q7CJU1	Q9NQZ2	Yersinia pestis	Q7CJU1_YERPE	SAS10_HUMAN	1	632	two hybrid pooling approach	20711500
Q8ZC08	Q15020	Yersinia pestis	PROB_YERPE	SART3_HUMAN	1	632	two hybrid pooling approach	20711500
O30878	Q5H9R7	Yersinia pestis	O30878_YERPE	PP6R3_HUMAN	1	632	two hybrid pooling approach	20711500
Q8D1J9	P07602	Yersinia pestis	Q8D1J9_YERPE	SAP_HUMAN	1	632	two hybrid pooling approach	20711500
Q8D116	Q96LT4	Yersinia pestis	Q8D116_YERPE	SAMD8_HUMAN	1	632	two hybrid pooling approach	20711500
Q8ZJ02	Q8IVG5	Yersinia pestis	RHAB_YERPE	SAM9L_HUMAN	1	632	two hybrid pooling approach	20711500
Q8CKI8	P61619	Yersinia pestis	Q8CKI8_YERPE	S61A1_HUMAN	1	632	two hybrid pooling approach	20711500
Q7CG08	Q8NBI5	Yersinia pestis	Q7CG08_YERPE	S43A3_HUMAN	1	632	two hybrid pooling approach	20711500
Q7CHS9	Q9NP59	Yersinia pestis	Q7CHS9_YERPE	S40A1_HUMAN	1	632	two hybrid pooling approach	20711500
Q8CZZ7	O95295	Yersinia pestis	Q8CZZ7_YERPE	SNAPN_HUMAN	1	632	two hybrid pooling approach	20711500
O68743	Q9NRA2	Yersinia pestis	O68743_YERPE	S17A5_HUMAN	1	632	two hybrid pooling approach	20711500
Q7CGA4	Q92503	Yersinia pestis	Q7CGA4_YERPE	S14L1_HUMAN	1	632	two hybrid pooling approach	20711500
Q8ZDX9	Q92503	Yersinia pestis	ARNT_YERPE	S14L1_HUMAN	1	632	two hybrid pooling approach	20711500
Q8ZFX5	Q99584	Yersinia pestis	HISX_YERPE	S10AD_HUMAN	1	632	two hybrid pooling approach	20711500
Q8ZBV2	P06702	Yersinia pestis	Y3287_YERPE	S10A9_HUMAN	1	632	two hybrid pooling approach	20711500
O68779	P06702	Yersinia pestis	O68779_YERPE	S10A9_HUMAN	1	632	two hybrid pooling approach	20711500
Q8ZIL5	P06702	Yersinia pestis	CARA_YERPE	S10A9_HUMAN	1	632	two hybrid pooling approach	20711500
Q7CL31	Q92736	Yersinia pestis	Q7CL31_YERPE	RYR2_HUMAN	1	632	two hybrid pooling approach	20711500
Q7CIQ1	P62306	Yersinia pestis	Q7CIQ1_YERPE	RUXF_HUMAN	1	632	two hybrid pooling approach	20711500
Q8CWG5	Q13761	Yersinia pestis	Q8CWG5_YERPE	RUNX3_HUMAN	1	632	two hybrid pooling approach	20711500
Q9R7V4	Q86VV8	Yersinia pestis	Q9R7V4_YERPE	RTTN_HUMAN	1	632	two hybrid pooling approach	20711500
P0C7U7	Q9NQC3	Yersinia pestis	LCRV_YERPE	RTN4_HUMAN	1	632	two hybrid pooling approach	20711500
Q8ZEC9	O95197	Yersinia pestis	ETCB_YERPE	RTN3_HUMAN	1	632	two hybrid pooling approach	20711500
Q7CKA9	Q92541	Yersinia pestis	Q7CKA9_YERPE	RTF1_HUMAN	1	632	two hybrid pooling approach	20711500
Q8ZES0	P14678	Yersinia pestis	Y2083_YERPE	RSMB_HUMAN	1	632	two hybrid pooling approach	20711500
Q7CJD3	Q15050	Yersinia pestis	Q7CJD3_YERPE	RRS1_HUMAN	1	632	two hybrid pooling approach	20711500
Q8CKH6	Q96E11	Yersinia pestis	Q8CKH6_YERPE	RRFM_HUMAN	1	632	two hybrid pooling approach	20711500
Q7CIE5	Q92766	Yersinia pestis	Q7CIE5_YERPE	RREB1_HUMAN	1	632	two hybrid pooling approach	20711500
Q7CG07	Q92766	Yersinia pestis	Q7CG07_YERPE	RREB1_HUMAN	1	632	two hybrid pooling approach	20711500
Q8CLA8	P10301	Yersinia pestis	Q8CLA8_YERPE	RRAS_HUMAN	1	632	two hybrid pooling approach	20711500
Q8ZDA6	P10301	Yersinia pestis	CHBG_YERPE	RRAS_HUMAN	1	632	two hybrid pooling approach	20711500
Q8D054	O95707	Yersinia pestis	Q8D054_YERPE	RPP29_HUMAN	1	632	two hybrid pooling approach	20711500
Q8CZV0	Q9UNE2	Yersinia pestis	Q8CZV0_YERPE	RPH3L_HUMAN	1	632	two hybrid pooling approach	20711500
Q7CL85	Q8TEU7	Yersinia pestis	Q7CL85_YERPE	RPGF6_HUMAN	1	632	two hybrid pooling approach	20711500
Q8D1F7	O75575	Yersinia pestis	Q8D1F7_YERPE	RPC9_HUMAN	1	632	two hybrid pooling approach	20711500
Q7CHJ5	Q9BT43	Yersinia pestis	Q7CHJ5_YERPE	RPC7L_HUMAN	1	632	two hybrid pooling approach	20711500
P69959	O14802	Yersinia pestis	LCRR_YERPE	RPC1_HUMAN	1	632	two hybrid pooling approach	20711500
Q8ZA76	P19387	Yersinia pestis	GLGX_YERPE	RPB3_HUMAN	1	632	two hybrid pooling approach	20711500
Q8CZR4	P24928	Yersinia pestis	Q8CZR4_YERPE	RPB1_HUMAN	1	632	two hybrid pooling approach	20711500
Q8D1P4	Q9P1U0	Yersinia pestis	Q8D1P4_YERPE	RPA12_HUMAN	1	632	two hybrid pooling approach	20711500
Q8CLN2	Q9GZN7	Yersinia pestis	Q8CLN2_YERPE	ROGDI_HUMAN	1	632	two hybrid pooling approach	20711500
Q7CGT3	P51991	Yersinia pestis	YGFZ_YERPE	ROA3_HUMAN	1	632	two hybrid pooling approach	20711500
P68587	P22626	Yersinia pestis	YSCP_YERPE	ROA2_HUMAN	1	632	two hybrid pooling approach	20711500
Q8D0W1	P22626	Yersinia pestis	Q8D0W1_YERPE	ROA2_HUMAN	1	632	two hybrid pooling approach	20711500
Q8D008	P22626	Yersinia pestis	Q8D008_YERPE	ROA2_HUMAN	1	632	two hybrid pooling approach	20711500
Q8D078	P09651	Yersinia pestis	Q8D078_YERPE	ROA1_HUMAN	1	632	two hybrid pooling approach	20711500
Q74XD3	P09651	Yersinia pestis	CUTA_YERPE	ROA1_HUMAN	1	632	two hybrid pooling approach	20711500
Q8ZDX8	P09651	Yersinia pestis	ARNA_YERPE	ROA1_HUMAN	1	632	two hybrid pooling approach	20711500
Q7CGH3	O00584	Yersinia pestis	Q7CGH3_YERPE	RNT2_HUMAN	1	632	two hybrid pooling approach	20711500
Q8ZBZ9	Q9HAU8	Yersinia pestis	DPO4_YERPE	RNPL1_HUMAN	1	632	two hybrid pooling approach	20711500
Q7CJG2	O60930	Yersinia pestis	Q7CJG2_YERPE	RNH1_HUMAN	1	632	two hybrid pooling approach	20711500
Q7CJX4	O76064	Yersinia pestis	Q7CJX4_YERPE	RNF8_HUMAN	1	632	two hybrid pooling approach	20711500
Q7ARD3	Q96EP0	Yersinia pestis	Q7ARD3_YERPE	RNF31_HUMAN	1	632	two hybrid pooling approach	20711500
Q8D051	P07998	Yersinia pestis	Q8D051_YERPE	RNAS1_HUMAN	1	632	two hybrid pooling approach	20711500
Q8ZIQ3	P07998	Yersinia pestis	DEOB_YERPE	RNAS1_HUMAN	1	632	two hybrid pooling approach	20711500
Q8ZBZ9	Q9NWF9	Yersinia pestis	DPO4_YERPE	RN216_HUMAN	1	632	two hybrid pooling approach	20711500
Q7CGR9	Q8ND24	Yersinia pestis	Q7CGR9_YERPE	RN214_HUMAN	1	632	two hybrid pooling approach	20711500
Q8D0X3	Q96A37	Yersinia pestis	Q8D0X3_YERPE	RN166_HUMAN	1	632	two hybrid pooling approach	20711500
Q7CKA0	Q96A37	Yersinia pestis	Q7CKA0_YERPE	RN166_HUMAN	1	632	two hybrid pooling approach	20711500
Q7CGS4	Q96A37	Yersinia pestis	E4PD_YERPE	RN166_HUMAN	1	632	two hybrid pooling approach	20711500
P17778	Q8NC42	Yersinia pestis	YOPM_YERPE	RN149_HUMAN	1	632	two hybrid pooling approach	20711500
Q7CJF5	Q9H9V4	Yersinia pestis	Q7CJF5_YERPE	RN122_HUMAN	1	632	two hybrid pooling approach	20711500
Q8ZJP8	O94763	Yersinia pestis	RNPH_YERPE	RMP_HUMAN	1	632	two hybrid pooling approach	20711500
Q8D053	Q06587	Yersinia pestis	Q8D053_YERPE	RING1_HUMAN	1	632	two hybrid pooling approach	20711500
Q8CZM3	Q96NA2	Yersinia pestis	Q8CZM3_YERPE	RILP_HUMAN	1	632	two hybrid pooling approach	20711500
Q8ZBZ9	P04843	Yersinia pestis	DPO4_YERPE	RPN1_HUMAN	1	632	two hybrid pooling approach	20711500
Q7CJA6	P61586	Yersinia pestis	Q7CJA6_YERPE	RHOA_HUMAN	1	632	two hybrid pooling approach	20711500
Q7ARD3	P61586	Yersinia pestis	Q7ARD3_YERPE	RHOA_HUMAN	1	632	two hybrid pooling approach	20711500
Q8ZCT9	P61586	Yersinia pestis	DER_YERPE	RHOA_HUMAN	1	632	two hybrid pooling approach	20711500
Q8ZAG5	P61586	Yersinia pestis	CORA_YERPE	RHOA_HUMAN	1	632	two hybrid pooling approach	20711500
Q8ZHK5	Q7Z6I6	Yersinia pestis	SYK_YERPE	RHG30_HUMAN	1	632	two hybrid pooling approach	20711500
Q7CGP1	Q52LW3	Yersinia pestis	Q7CGP1_YERPE	RHG29_HUMAN	1	632	two hybrid pooling approach	20711500
Q8ZIL4	Q52LW3	Yersinia pestis	CARB_YERPE	RHG29_HUMAN	1	632	two hybrid pooling approach	20711500
Q7CJE4	Q6ZUM4	Yersinia pestis	Q7CJE4_YERPE	RHG27_HUMAN	1	632	two hybrid pooling approach	20711500
Q8ZC18	P98171	Yersinia pestis	RDGC_YERPE	RHG04_HUMAN	1	632	two hybrid pooling approach	20711500
Q8D0I9	Q07960	Yersinia pestis	Q8D0I9_YERPE	RHG01_HUMAN	1	632	two hybrid pooling approach	20711500
P68587	P49796	Yersinia pestis	YSCP_YERPE	RGS3_HUMAN	1	632	two hybrid pooling approach	20711500
P17778	P49796	Yersinia pestis	YOPM_YERPE	RGS3_HUMAN	1	632	two hybrid pooling approach	20711500
Q7CGX7	P49796	Yersinia pestis	Q7CGX7_YERPE	RGS3_HUMAN	1	632	two hybrid pooling approach	20711500
Q7CFT0	P49796	Yersinia pestis	Q7CFT0_YERPE	RGS3_HUMAN	1	632	two hybrid pooling approach	20711500
Q7ARN6	P49796	Yersinia pestis	Q7ARN6_YERPE	RGS3_HUMAN	1	632	two hybrid pooling approach	20711500
Q8ZDJ2	Q3MIN7	Yersinia pestis	Y2573_YERPE	RGL3_HUMAN	1	632	two hybrid pooling approach	20711500
Q7CGZ1	P48382	Yersinia pestis	Q7CGZ1_YERPE	RFX5_HUMAN	1	632	two hybrid pooling approach	20711500
Q9X6B0	Q13156	Yersinia pestis	KATG_YERPE	RFA4_HUMAN	1	632	two hybrid pooling approach	20711500
Q7CJU5	Q9GZR2	Yersinia pestis	Q7CJU5_YERPE	REXO4_HUMAN	1	632	two hybrid pooling approach	20711500
Q8CZY2	Q96R05	Yersinia pestis	Q8CZY2_YERPE	RET7_HUMAN	1	632	two hybrid pooling approach	20711500
Q7CFV5	Q96A58	Yersinia pestis	Q7CFV5_YERPE	RERG_HUMAN	1	632	two hybrid pooling approach	20711500
Q7CKR0	O15258	Yersinia pestis	Q7CKR0_YERPE	RER1_HUMAN	1	632	two hybrid pooling approach	20711500
Q7ARD3	Q92785	Yersinia pestis	Q7ARD3_YERPE	REQU_HUMAN	1	632	two hybrid pooling approach	20711500
P58526	Q9HAU5	Yersinia pestis	MTOX_YERPE	RENT2_HUMAN	1	632	two hybrid pooling approach	20711500
Q7ARD3	Q92900	Yersinia pestis	Q7ARD3_YERPE	RENT1_HUMAN	1	632	two hybrid pooling approach	20711500
Q8D0N9	P51606	Yersinia pestis	Q8D0N9_YERPE	RENBP_HUMAN	1	632	two hybrid pooling approach	20711500
Q8ZHG3	Q13123	Yersinia pestis	Y936_YERPE	RED_HUMAN	1	632	two hybrid pooling approach	20711500
Q8ZEJ5	P25791	Yersinia pestis	Y2172_YERPE	RBTN2_HUMAN	1	632	two hybrid pooling approach	20711500
Q7CHC7	Q92804	Yersinia pestis	Q7CHC7_YERPE	RBP56_HUMAN	1	632	two hybrid pooling approach	20711500
Q7CGF4	Q92804	Yersinia pestis	Q7CGF4_YERPE	RBP56_HUMAN	1	632	two hybrid pooling approach	20711500
Q7CIW0	P49792	Yersinia pestis	Q7CIW0_YERPE	RBP2_HUMAN	1	632	two hybrid pooling approach	20711500
O68742	Q9H1K0	Yersinia pestis	O68742_YERPE	RBNS5_HUMAN	1	632	two hybrid pooling approach	20711500
Q8CZU2	P78332	Yersinia pestis	Q8CZU2_YERPE	RBM6_HUMAN	1	632	two hybrid pooling approach	20711500
Q7CGN6	P78332	Yersinia pestis	Q7CGN6_YERPE	RBM6_HUMAN	1	632	two hybrid pooling approach	20711500
Q8Z9S7	Q9BWF3	Yersinia pestis	GLMU_YERPE	RBM4_HUMAN	1	632	two hybrid pooling approach	20711500
P58475	Q96LT9	Yersinia pestis	PEPB_YERPE	RBM40_HUMAN	1	632	two hybrid pooling approach	20711500
Q8ZAQ1	Q14498	Yersinia pestis	THIE_YERPE	RBM39_HUMAN	1	632	two hybrid pooling approach	20711500
Q8D0Z4	Q14498	Yersinia pestis	Q8D0Z4_YERPE	RBM39_HUMAN	1	632	two hybrid pooling approach	20711500
Q8ZHZ4	Q14498	Yersinia pestis	FLGI1_YERPE	RBM39_HUMAN	1	632	two hybrid pooling approach	20711500
Q8D0P1	Q14498	Yersinia pestis	CHEY_YERPE	RBM39_HUMAN	1	632	two hybrid pooling approach	20711500
Q8CZU9	Q9H0Z9	Yersinia pestis	Q8CZU9_YERPE	RBM38_HUMAN	1	632	two hybrid pooling approach	20711500
Q7CHD8	Q9H0Z9	Yersinia pestis	Q7CHD8_YERPE	RBM38_HUMAN	1	632	two hybrid pooling approach	20711500
Q8CWG4	Q9NW64	Yersinia pestis	Q8CWG4_YERPE	RBM22_HUMAN	1	632	two hybrid pooling approach	20711500
Q9X6B0	Q08999	Yersinia pestis	KATG_YERPE	RBL2_HUMAN	1	632	two hybrid pooling approach	20711500
Q8ZC49	P06400	Yersinia pestis	THII_YERPE	RB_HUMAN	1	632	two hybrid pooling approach	20711500
Q8D0N7	Q9Y3P9	Yersinia pestis	Q8D0N7_YERPE	RBGP1_HUMAN	1	632	two hybrid pooling approach	20711500
Q8ZEX9	Q8TDY2	Yersinia pestis	HEM1_YERPE	RBCC1_HUMAN	1	632	two hybrid pooling approach	20711500
Q8D0R5	P51159	Yersinia pestis	Q8D0R5_YERPE	RB27A_HUMAN	1	632	two hybrid pooling approach	20711500
Q8D0P9	Q02833	Yersinia pestis	Q8D0P9_YERPE	RASF7_HUMAN	1	632	two hybrid pooling approach	20711500
Q7CKH1	Q8WWW0	Yersinia pestis	Q7CKH1_YERPE	RASF5_HUMAN	1	632	two hybrid pooling approach	20711500
Q8ZI61	Q86WH2	Yersinia pestis	GLNE_YERPE	RASF3_HUMAN	1	632	two hybrid pooling approach	20711500
Q7CIA4	Q9Y3L5	Yersinia pestis	Q7CIA4_YERPE	RAP2C_HUMAN	1	632	two hybrid pooling approach	20711500
Q8ZA76	P61224	Yersinia pestis	GLGX_YERPE	RAP1B_HUMAN	1	632	two hybrid pooling approach	20711500
Q7CJ25	Q5U651	Yersinia pestis	Q7CJ25_YERPE	RAIN_HUMAN	1	632	two hybrid pooling approach	20711500
Q7CFW7	Q86V87	Yersinia pestis	Q7CFW7_YERPE	F16B2_HUMAN	1	632	two hybrid pooling approach	20711500
Q7CIH3	Q9P0K7	Yersinia pestis	Q7CIH3_YERPE	RAI14_HUMAN	1	632	two hybrid pooling approach	20711500
Q7CHC3	O60216	Yersinia pestis	Q7CHC3_YERPE	RAD21_HUMAN	1	632	two hybrid pooling approach	20711500
Q0WBF9	P15153	Yersinia pestis	PNP_YERPE	RAC2_HUMAN	1	632	two hybrid pooling approach	20711500
Q7CLB1	Q15276	Yersinia pestis	Q7CLB1_YERPE	RABE1_HUMAN	1	632	two hybrid pooling approach	20711500
Q7CI04	O14966	Yersinia pestis	Q7CI04_YERPE	RAB7L_HUMAN	1	632	two hybrid pooling approach	20711500
P58543	Q9H0N0	Yersinia pestis	ARAB_YERPE	RAB6C_HUMAN	1	632	two hybrid pooling approach	20711500
O68779	P20339	Yersinia pestis	O68779_YERPE	RAB5A_HUMAN	1	632	two hybrid pooling approach	20711500
Q7CJU6	Q96AX2	Yersinia pestis	Q7CJU6_YERPE	RAB37_HUMAN	1	632	two hybrid pooling approach	20711500
Q7CGV9	Q9BZG1	Yersinia pestis	Q7CGV9_YERPE	RAB34_HUMAN	1	632	two hybrid pooling approach	20711500
Q8ZJ73	Q6IQ26	Yersinia pestis	ACTP_YERPE	DEN5A_HUMAN	1	632	two hybrid pooling approach	20711500
Q8ZGW9	Q9Y2K5	Yersinia pestis	BIOD1_YERPE	R3HD2_HUMAN	1	632	two hybrid pooling approach	20711500
Q8CKH6	Q9H0R6	Yersinia pestis	Q8CKH6_YERPE	GATA_HUMAN	1	632	two hybrid pooling approach	20711500
Q8D0R8	Q16769	Yersinia pestis	Q8D0R8_YERPE	QPCT_HUMAN	1	632	two hybrid pooling approach	20711500
Q7CG52	Q9Y4P0	Yersinia pestis	Q7CG52_YERPE	Q9Y4P0_HUMAN	1	632	two hybrid pooling approach	20711500
Q8D169	Q7Z7A1	Yersinia pestis	Q8D169_YERPE	CNTRL_HUMAN	1	632	two hybrid pooling approach	20711500
Q8D0E1	Q9UQM3	Yersinia pestis	Q8D0E1_YERPE	Q9UQM3_HUMAN	1	632	two hybrid pooling approach	20711500
Q8ZED8	Q9UQC1	Yersinia pestis	RNB_YERPE	Q9UQC1_HUMAN	1	632	two hybrid pooling approach	20711500
Q74YG8	Q9UQC1	Yersinia pestis	Q74YG8_YERPE	Q9UQC1_HUMAN	1	632	two hybrid pooling approach	20711500
Q7CJQ0	Q9UQC1	Yersinia pestis	Q7CJQ0_YERPE	Q9UQC1_HUMAN	1	632	two hybrid pooling approach	20711500
Q7CHJ5	Q9UQC1	Yersinia pestis	Q7CHJ5_YERPE	Q9UQC1_HUMAN	1	632	two hybrid pooling approach	20711500
Q8ZD71	Q9UQC1	Yersinia pestis	ERA_YERPE	Q9UQC1_HUMAN	1	632	two hybrid pooling approach	20711500
Q8CZS2	Q9UPC7	Yersinia pestis	Q8CZS2_YERPE	Q9UPC7_HUMAN	1	632	two hybrid pooling approach	20711500
Q7CKY1	Q9UK73	Yersinia pestis	Q7CKY1_YERPE	FEM1B_HUMAN	1	632	two hybrid pooling approach	20711500
Q7CKU7	Q9UK73	Yersinia pestis	Q7CKU7_YERPE	FEM1B_HUMAN	1	632	two hybrid pooling approach	20711500
Q7CJQ8	Q9UK73	Yersinia pestis	Q7CJQ8_YERPE	FEM1B_HUMAN	1	632	two hybrid pooling approach	20711500
Q7CHP0	Q9UK73	Yersinia pestis	Q7CHP0_YERPE	FEM1B_HUMAN	1	632	two hybrid pooling approach	20711500
Q8ZH09	Q9UK73	Yersinia pestis	NADK_YERPE	FEM1B_HUMAN	1	632	two hybrid pooling approach	20711500
Q8ZEC9	A6NHR9	Yersinia pestis	ETCB_YERPE	SMHD1_HUMAN	1	632	two hybrid pooling approach	20711500
Q7ARD3	A6NHR9	Yersinia pestis	Q7ARD3_YERPE	SMHD1_HUMAN	1	632	two hybrid pooling approach	20711500
Q7CG16	Q9UG01	Yersinia pestis	Q7CG16_YERPE	IF172_HUMAN	1	632	two hybrid pooling approach	20711500
Q7CFX4	Q9UG01	Yersinia pestis	Q7CFX4_YERPE	IF172_HUMAN	1	632	two hybrid pooling approach	20711500
Q8CLV1	Q9UFZ8	Yersinia pestis	Q8CLV1_YERPE	Q9UFZ8_HUMAN	1	632	two hybrid pooling approach	20711500
Q8D176	Q9UF98	Yersinia pestis	Q8D176_YERPE	Q9UF98_HUMAN	1	632	two hybrid pooling approach	20711500
Q7CJU9	Q9UF98	Yersinia pestis	Q7CJU9_YERPE	Q9UF98_HUMAN	1	632	two hybrid pooling approach	20711500
Q8D1B7	Q9UF61	Yersinia pestis	Q8D1B7_YERPE	Q9UF61_HUMAN	1	632	two hybrid pooling approach	20711500
Q8D069	Q9UF61	Yersinia pestis	Q8D069_YERPE	Q9UF61_HUMAN	1	632	two hybrid pooling approach	20711500
Q7CGR9	Q9UF61	Yersinia pestis	Q7CGR9_YERPE	Q9UF61_HUMAN	1	632	two hybrid pooling approach	20711500
Q8ZCV9	Q9UF61	Yersinia pestis	MDTC_YERPE	Q9UF61_HUMAN	1	632	two hybrid pooling approach	20711500
Q7CKK6	Q9TQE4	Yersinia pestis	Q7CKK6_YERPE	Q9TQE4_HUMAN	1	632	two hybrid pooling approach	20711500
Q8CKN6	Q8N5J2	Yersinia pestis	Q8CKN6_YERPE	FA63A_HUMAN	1	632	two hybrid pooling approach	20711500
Q8D092	Q9P1Y0	Yersinia pestis	Q8D092_YERPE	Q9P1Y0_HUMAN	1	632	two hybrid pooling approach	20711500
Q8CZU2	Q9P1U1	Yersinia pestis	Q8CZU2_YERPE	ARP3B_HUMAN	1	632	two hybrid pooling approach	20711500
Q8ZCW0	Q9P1U1	Yersinia pestis	MDTB_YERPE	ARP3B_HUMAN	1	632	two hybrid pooling approach	20711500
Q7CIP7	Q9P153	Yersinia pestis	Q7CIP7_YERPE	Q9P153_HUMAN	1	632	two hybrid pooling approach	20711500
Q8D134	Q9P0Q9	Yersinia pestis	Q8D134_YERPE	Q9P0Q9_HUMAN	1	632	two hybrid pooling approach	20711500
Q7CHR2	Q9P0Q9	Yersinia pestis	Q7CHR2_YERPE	Q9P0Q9_HUMAN	1	632	two hybrid pooling approach	20711500
Q8ZBP8	Q9P0M7	Yersinia pestis	TRUD_YERPE	Q9P0M7_HUMAN	1	632	two hybrid pooling approach	20711500
Q8ZGK7	Q6ZN54	Yersinia pestis	EFPL_YERPE	DEFI8_HUMAN	1	632	two hybrid pooling approach	20711500
Q8CL88	Q9NXJ9	Yersinia pestis	Q8CL88_YERPE	Q9NXJ9_HUMAN	1	632	two hybrid pooling approach	20711500
Q7CGX5	Q9NXJ9	Yersinia pestis	Q7CGX5_YERPE	Q9NXJ9_HUMAN	1	632	two hybrid pooling approach	20711500
Q8ZAR2	Q9NXJ9	Yersinia pestis	PUR2_YERPE	Q9NXJ9_HUMAN	1	632	two hybrid pooling approach	20711500
Q8ZG09	Q9NXJ9	Yersinia pestis	MAO1_YERPE	Q9NXJ9_HUMAN	1	632	two hybrid pooling approach	20711500
Q7CHZ9	Q9NWB7	Yersinia pestis	Q7CHZ9_YERPE	IFT57_HUMAN	1	632	two hybrid pooling approach	20711500
Q8CK83	Q86WJ1	Yersinia pestis	Q8CK83_YERPE	CHD1L_HUMAN	1	632	two hybrid pooling approach	20711500
Q7CHS5	Q9NTU6	Yersinia pestis	Q7CHS5_YERPE	Q9NTU6_HUMAN	1	632	two hybrid pooling approach	20711500
Q8CZM8	Q9NPH2	Yersinia pestis	Q8CZM8_YERPE	INO1_HUMAN	1	632	two hybrid pooling approach	20711500
Q8CZV1	Q9HCK3	Yersinia pestis	Q8CZV1_YERPE	Q9HCK3_HUMAN	1	632	two hybrid pooling approach	20711500
Q7CKH1	Q9HCA8	Yersinia pestis	Q7CKH1_YERPE	Q9HCA8_HUMAN	1	632	two hybrid pooling approach	20711500
Q7ARD3	Q9HB72	Yersinia pestis	Q7ARD3_YERPE	Q9HB72_HUMAN	1	632	two hybrid pooling approach	20711500
Q7CIT1	Q96DY7	Yersinia pestis	Q7CIT1_YERPE	MTBP_HUMAN	1	632	two hybrid pooling approach	20711500
Q8CKW7	A5PLN9	Yersinia pestis	Q8CKW7_YERPE	TPC13_HUMAN	1	632	two hybrid pooling approach	20711500
Q7CG61	Q9BRX5	Yersinia pestis	Q7CG61_YERPE	PSF3_HUMAN	1	632	two hybrid pooling approach	20711500
Q8D068	Q9H632	Yersinia pestis	Q8D068_YERPE	Q9H632_HUMAN	1	632	two hybrid pooling approach	20711500
Q8CL50	Q9H3U2	Yersinia pestis	Q8CL50_YERPE	Q9H3U2_HUMAN	1	632	two hybrid pooling approach	20711500
P42713	Q9H355	Yersinia pestis	YSCQ_YERPE	Q9H355_HUMAN	1	632	two hybrid pooling approach	20711500
Q8CLM4	Q9P2X3	Yersinia pestis	Q8CLM4_YERPE	IMPCT_HUMAN	1	632	two hybrid pooling approach	20711500
Q8ZGR6	Q9Y520	Yersinia pestis	UBIG_YERPE	PRC2C_HUMAN	1	632	two hybrid pooling approach	20711500
Q8D1Q0	Q9Y520	Yersinia pestis	Q8D1Q0_YERPE	PRC2C_HUMAN	1	632	two hybrid pooling approach	20711500
Q8D1M2	Q9Y520	Yersinia pestis	Q8D1M2_YERPE	PRC2C_HUMAN	1	632	two hybrid pooling approach	20711500
Q7CKD3	Q9Y520	Yersinia pestis	Q7CKD3_YERPE	PRC2C_HUMAN	1	632	two hybrid pooling approach	20711500
Q8ZHH3	Q9Y520	Yersinia pestis	PGK_YERPE	PRC2C_HUMAN	1	632	two hybrid pooling approach	20711500
Q7CK49	Q9H1C8	Yersinia pestis	Q7CK49_YERPE	Q9H1C8_HUMAN	1	632	two hybrid pooling approach	20711500
Q7CFV8	A6NC98	Yersinia pestis	Q7CFV8_YERPE	CC88B_HUMAN	1	632	two hybrid pooling approach	20711500
Q8CZU9	Q9C0D7	Yersinia pestis	Q8CZU9_YERPE	ZC12C_HUMAN	1	632	two hybrid pooling approach	20711500
Q8D0F3	Q9BW66	Yersinia pestis	Q8D0F3_YERPE	CINP_HUMAN	1	632	two hybrid pooling approach	20711500
Q7CIA2	Q9HCG1	Yersinia pestis	PRMC_YERPE	ZN160_HUMAN	1	632	two hybrid pooling approach	20711500
Q8ZIG9	Q9BUD9	Yersinia pestis	LEU3_YERPE	Q9BUD9_HUMAN	1	632	two hybrid pooling approach	20711500
Q7CHZ0	Q6NTE8	Yersinia pestis	Q7CHZ0_YERPE	MRNIP_HUMAN	1	632	two hybrid pooling approach	20711500
Q8CKB2	Q9BRW1	Yersinia pestis	Q8CKB2_YERPE	Q9BRW1_HUMAN	1	632	two hybrid pooling approach	20711500
Q7CHC8	Q9BRW1	Yersinia pestis	Q7CHC8_YERPE	Q9BRW1_HUMAN	1	632	two hybrid pooling approach	20711500
Q7CL96	Q9BQ83	Yersinia pestis	Q7CL96_YERPE	SLX1_HUMAN	1	632	two hybrid pooling approach	20711500
Q7CKH1	Q9BQ83	Yersinia pestis	Q7CKH1_YERPE	SLX1_HUMAN	1	632	two hybrid pooling approach	20711500
Q7CG79	Q9BQ83	Yersinia pestis	Q7CG79_YERPE	SLX1_HUMAN	1	632	two hybrid pooling approach	20711500
P17778	Q6GPH4	Yersinia pestis	YOPM_YERPE	XAF1_HUMAN	1	632	two hybrid pooling approach	20711500
Q9Z375	Q96LM7	Yersinia pestis	Q9Z375_YERPE	Q96LM7_HUMAN	1	632	two hybrid pooling approach	20711500
Q9R8C5	Q96LM7	Yersinia pestis	Q9R8C5_YERPE	Q96LM7_HUMAN	1	632	two hybrid pooling approach	20711500
Q7CIM3	Q96LM7	Yersinia pestis	Q7CIM3_YERPE	Q96LM7_HUMAN	1	632	two hybrid pooling approach	20711500
Q7CI92	Q96LM7	Yersinia pestis	Q7CI92_YERPE	Q96LM7_HUMAN	1	632	two hybrid pooling approach	20711500
Q7CG93	Q53GL7	Yersinia pestis	Q7CG93_YERPE	PAR10_HUMAN	1	632	two hybrid pooling approach	20711500
Q7CHN2	Q99435	Yersinia pestis	Q7CHN2_YERPE	NELL2_HUMAN	1	632	two hybrid pooling approach	20711500
Q8ZCW0	Q99435	Yersinia pestis	MDTB_YERPE	NELL2_HUMAN	1	632	two hybrid pooling approach	20711500
Q7CFS1	Q96I30	Yersinia pestis	Q7CFS1_YERPE	Q96I30_HUMAN	1	632	two hybrid pooling approach	20711500
Q7CJR5	Q96H41	Yersinia pestis	Q7CJR5_YERPE	Q96H41_HUMAN	1	632	two hybrid pooling approach	20711500
Q7CFV7	Q96FB2	Yersinia pestis	Q7CFV7_YERPE	Q96FB2_HUMAN	1	632	two hybrid pooling approach	20711500
Q7CKA9	Q6UXT9	Yersinia pestis	Q7CKA9_YERPE	ABH15_HUMAN	1	632	two hybrid pooling approach	20711500
Q7CKU7	B0I1T2	Yersinia pestis	Q7CKU7_YERPE	MYO1G_HUMAN	1	632	two hybrid pooling approach	20711500
Q7CJI0	B0I1T2	Yersinia pestis	Q7CJI0_YERPE	MYO1G_HUMAN	1	632	two hybrid pooling approach	20711500
Q8ZE20	Q96HM7	Yersinia pestis	SYY_YERPE	PED1B_HUMAN	1	632	two hybrid pooling approach	20711500
Q8Z9R8	Q96HM7	Yersinia pestis	MNMG_YERPE	PED1B_HUMAN	1	632	two hybrid pooling approach	20711500
Q8D087	Q95HL4	Yersinia pestis	Q8D087_YERPE	Q95HL4_HUMAN	1	632	two hybrid pooling approach	20711500
Q7CJE8	Q92942	Yersinia pestis	Q7CJE8_YERPE	Q92942_HUMAN	1	632	two hybrid pooling approach	20711500
Q8CLV1	Q92827	Yersinia pestis	Q8CLV1_YERPE	Q92827_HUMAN	1	632	two hybrid pooling approach	20711500
Q8D1P4	Q8WY97	Yersinia pestis	Q8D1P4_YERPE	Q8WY97_HUMAN	1	632	two hybrid pooling approach	20711500
Q8ZJ02	Q92982	Yersinia pestis	RHAB_YERPE	NINJ1_HUMAN	1	632	two hybrid pooling approach	20711500
Q8D0C8	Q92982	Yersinia pestis	Q8D0C8_YERPE	NINJ1_HUMAN	1	632	two hybrid pooling approach	20711500
Q7CKB2	Q92982	Yersinia pestis	Q7CKB2_YERPE	NINJ1_HUMAN	1	632	two hybrid pooling approach	20711500
Q7CJQ8	Q92982	Yersinia pestis	Q7CJQ8_YERPE	NINJ1_HUMAN	1	632	two hybrid pooling approach	20711500
Q7CJI0	Q92982	Yersinia pestis	Q7CJI0_YERPE	NINJ1_HUMAN	1	632	two hybrid pooling approach	20711500
Q7CGT3	Q7Z5L9	Yersinia pestis	YGFZ_YERPE	I2BP2_HUMAN	1	632	two hybrid pooling approach	20711500
Q8ZCT9	Q8TEE7	Yersinia pestis	DER_YERPE	Q8TEE7_HUMAN	1	632	two hybrid pooling approach	20711500
Q7CIM3	Q8TDM2	Yersinia pestis	Q7CIM3_YERPE	Q8TDM2_HUMAN	1	632	two hybrid pooling approach	20711500
Q8D0H6	Q8NG08	Yersinia pestis	Q8D0H6_YERPE	HELB_HUMAN	1	632	two hybrid pooling approach	20711500
Q8ZGK8	Q8NFI3	Yersinia pestis	UXUA_YERPE	ENASE_HUMAN	1	632	two hybrid pooling approach	20711500
Q8CL08	Q8NF67	Yersinia pestis	Q8CL08_YERPE	A2012_HUMAN	1	632	two hybrid pooling approach	20711500
Q7CL87	Q6PJT7	Yersinia pestis	Q7CL87_YERPE	ZC3HE_HUMAN	1	632	two hybrid pooling approach	20711500
Q8D1N3	Q4LDE5	Yersinia pestis	Q8D1N3_YERPE	SVEP1_HUMAN	1	632	two hybrid pooling approach	20711500
Q7CGR9	Q4LDE5	Yersinia pestis	Q7CGR9_YERPE	SVEP1_HUMAN	1	632	two hybrid pooling approach	20711500
Q8D020	Q8N1N5	Yersinia pestis	Q8D020_YERPE	CRPAK_HUMAN	1	632	two hybrid pooling approach	20711500
Q8CWI4	Q8N1N5	Yersinia pestis	Q8CWI4_YERPE	CRPAK_HUMAN	1	632	two hybrid pooling approach	20711500
Q7CK47	Q8N1N5	Yersinia pestis	Q7CK47_YERPE	CRPAK_HUMAN	1	632	two hybrid pooling approach	20711500
Q7CIP7	Q8N1N5	Yersinia pestis	Q7CIP7_YERPE	CRPAK_HUMAN	1	632	two hybrid pooling approach	20711500
Q7CGX2	Q8N1N5	Yersinia pestis	Q7CGX2_YERPE	CRPAK_HUMAN	1	632	two hybrid pooling approach	20711500
Q8D1L3	Q6PIY7	Yersinia pestis	Q8D1L3_YERPE	GLD2_HUMAN	1	632	two hybrid pooling approach	20711500
Q7ARD3	Q8N7H5	Yersinia pestis	Q7ARD3_YERPE	PAF1_HUMAN	1	632	two hybrid pooling approach	20711500
Q8D0P9	Q9C099	Yersinia pestis	Q8D0P9_YERPE	LRCC1_HUMAN	1	632	two hybrid pooling approach	20711500
Q7CHZ9	Q9C099	Yersinia pestis	Q7CHZ9_YERPE	LRCC1_HUMAN	1	632	two hybrid pooling approach	20711500
O68723	Q9C099	Yersinia pestis	O68723_YERPE	LRCC1_HUMAN	1	632	two hybrid pooling approach	20711500
Q8ZIH1	Q8N712	Yersinia pestis	LEUD_YERPE	Q8N712_HUMAN	1	632	two hybrid pooling approach	20711500
Q8D1L3	Q8N512	Yersinia pestis	Q8D1L3_YERPE	Q8N512_HUMAN	1	632	two hybrid pooling approach	20711500
Q8ZFR0	Q8N512	Yersinia pestis	PEPT_YERPE	Q8N512_HUMAN	1	632	two hybrid pooling approach	20711500
Q7CG16	Q8N2J9	Yersinia pestis	Q7CG16_YERPE	Q8N2J9_HUMAN	1	632	two hybrid pooling approach	20711500
Q8ZHI2	Q8N287	Yersinia pestis	Y911_YERPE	Q8N287_HUMAN	1	632	two hybrid pooling approach	20711500
Q8ZHZ5	Q8IZM6	Yersinia pestis	FLGH1_YERPE	Q8IZM6_HUMAN	1	632	two hybrid pooling approach	20711500
Q8D014	Q8IZ63	Yersinia pestis	Q8D014_YERPE	PRR22_HUMAN	1	632	two hybrid pooling approach	20711500
Q7CJU6	Q8IZ63	Yersinia pestis	Q7CJU6_YERPE	PRR22_HUMAN	1	632	two hybrid pooling approach	20711500
Q7CG39	Q8IZ63	Yersinia pestis	Q7CG39_YERPE	PRR22_HUMAN	1	632	two hybrid pooling approach	20711500
Q7CIY7	Q8IZ03	Yersinia pestis	Q7CIY7_YERPE	Q8IZ03_HUMAN	1	632	two hybrid pooling approach	20711500
P46359	Q8IZ03	Yersinia pestis	FYUA_YERPE	Q8IZ03_HUMAN	1	632	two hybrid pooling approach	20711500
Q8ZIL4	Q8IZ03	Yersinia pestis	CARB_YERPE	Q8IZ03_HUMAN	1	632	two hybrid pooling approach	20711500
Q7CJQ7	Q8IYZ2	Yersinia pestis	Q7CJQ7_YERPE	Q8IYZ2_HUMAN	1	632	two hybrid pooling approach	20711500
Q8ZEL9	Q8IYZ2	Yersinia pestis	FADR_YERPE	Q8IYZ2_HUMAN	1	632	two hybrid pooling approach	20711500
Q7CKA9	Q8IX62	Yersinia pestis	Q7CKA9_YERPE	Q8IX62_HUMAN	1	632	two hybrid pooling approach	20711500
Q7CIZ2	Q49A88	Yersinia pestis	Q7CIZ2_YERPE	CCD14_HUMAN	1	632	two hybrid pooling approach	20711500
Q8CKC4	Q15751	Yersinia pestis	Q8CKC4_YERPE	HERC1_HUMAN	1	632	two hybrid pooling approach	20711500
Q7CIZ3	Q15751	Yersinia pestis	BGAL_YERPE	HERC1_HUMAN	1	632	two hybrid pooling approach	20711500
Q7CGS9	Q8IUP8	Yersinia pestis	Q7CGS9_YERPE	Q8IUP8_HUMAN	1	632	two hybrid pooling approach	20711500
Q7ARD3	Q8IUN7	Yersinia pestis	Q7ARD3_YERPE	Q8IUN7_HUMAN	1	632	two hybrid pooling approach	20711500
Q8ZHI8	Q86XR2	Yersinia pestis	GCSP_YERPE	NIBL2_HUMAN	1	632	two hybrid pooling approach	20711500
Q8D1C5	Q86XI8	Yersinia pestis	Q8D1C5_YERPE	CS068_HUMAN	1	632	two hybrid pooling approach	20711500
Q7CGC7	Q86VE0	Yersinia pestis	Q7CGC7_YERPE	MYPOP_HUMAN	1	632	two hybrid pooling approach	20711500
Q7CI04	Q86UY0	Yersinia pestis	Q7CI04_YERPE	Q86UY0_HUMAN	1	632	two hybrid pooling approach	20711500
Q8CZS2	Q16822	Yersinia pestis	Q8CZS2_YERPE	PCKGM_HUMAN	1	632	two hybrid pooling approach	20711500
Q7CI92	Q16822	Yersinia pestis	Q7CI92_YERPE	PCKGM_HUMAN	1	632	two hybrid pooling approach	20711500
Q8ZJ79	Q16822	Yersinia pestis	DEF_YERPE	PCKGM_HUMAN	1	632	two hybrid pooling approach	20711500
Q8D008	Q6ZSS7	Yersinia pestis	Q8D008_YERPE	MFSD6_HUMAN	1	632	two hybrid pooling approach	20711500
Q9F287	Q86TG7	Yersinia pestis	Q9F287_YERPE	PEG10_HUMAN	1	632	two hybrid pooling approach	20711500
Q8D054	P52569	Yersinia pestis	Q8D054_YERPE	CTR2_HUMAN	1	632	two hybrid pooling approach	20711500
Q8CZU0	Q86TA5	Yersinia pestis	Q8CZU0_YERPE	Q86TA5_HUMAN	1	632	two hybrid pooling approach	20711500
Q7CKM5	Q86TA5	Yersinia pestis	Q7CKM5_YERPE	Q86TA5_HUMAN	1	632	two hybrid pooling approach	20711500
Q7CG97	Q86TA5	Yersinia pestis	Q7CG97_YERPE	Q86TA5_HUMAN	1	632	two hybrid pooling approach	20711500
Q7CGW1	O75530	Yersinia pestis	Q7CGW1_YERPE	EED_HUMAN	1	632	two hybrid pooling approach	20711500
Q8D1A1	O75521	Yersinia pestis	Q8D1A1_YERPE	ECI2_HUMAN	1	632	two hybrid pooling approach	20711500
Q7CJI3	Q75MY8	Yersinia pestis	Q7CJI3_YERPE	Q75MY8_HUMAN	1	632	two hybrid pooling approach	20711500
Q7CJW2	Q71V99	Yersinia pestis	Q7CJW2_YERPE	Q71V99_HUMAN	1	632	two hybrid pooling approach	20711500
Q7CHV2	P04440	Yersinia pestis	Q7CHV2_YERPE	DPB1_HUMAN	1	632	two hybrid pooling approach	20711500
Q8ZDX8	P04440	Yersinia pestis	ARNA_YERPE	DPB1_HUMAN	1	632	two hybrid pooling approach	20711500
Q8CWH0	Q6ZV49	Yersinia pestis	Q8CWH0_YERPE	Q6ZV49_HUMAN	1	632	two hybrid pooling approach	20711500
Q8CKV8	Q6ZV49	Yersinia pestis	Q8CKV8_YERPE	Q6ZV49_HUMAN	1	632	two hybrid pooling approach	20711500
Q7CKQ6	Q6ZV49	Yersinia pestis	Q7CKQ6_YERPE	Q6ZV49_HUMAN	1	632	two hybrid pooling approach	20711500
Q7CGQ9	Q6ZV49	Yersinia pestis	Q7CGQ9_YERPE	Q6ZV49_HUMAN	1	632	two hybrid pooling approach	20711500
Q7CGI0	Q6ZV49	Yersinia pestis	FTSP_YERPE	Q6ZV49_HUMAN	1	632	two hybrid pooling approach	20711500
Q7CGC5	Q6ZV49	Yersinia pestis	Q7CGC5_YERPE	Q6ZV49_HUMAN	1	632	two hybrid pooling approach	20711500
Q8ZHH3	Q6ZV49	Yersinia pestis	PGK_YERPE	Q6ZV49_HUMAN	1	632	two hybrid pooling approach	20711500
Q8ZGY5	Q6ZV49	Yersinia pestis	GPMA_YERPE	Q6ZV49_HUMAN	1	632	two hybrid pooling approach	20711500
P68587	Q6ZTQ9	Yersinia pestis	YSCP_YERPE	Q6ZTQ9_HUMAN	1	632	two hybrid pooling approach	20711500
Q7CKH5	Q6ZSC8	Yersinia pestis	Q7CKH5_YERPE	Q6ZSC8_HUMAN	1	632	two hybrid pooling approach	20711500
P69974	Q6ZRX4	Yersinia pestis	YSCK_YERPE	Q6ZRX4_HUMAN	1	632	two hybrid pooling approach	20711500
Q8D0X3	Q7Z2F6	Yersinia pestis	Q8D0X3_YERPE	ZN720_HUMAN	1	632	two hybrid pooling approach	20711500
Q7CKD5	Q6ZN12	Yersinia pestis	Q7CKD5_YERPE	Q6ZN12_HUMAN	1	632	two hybrid pooling approach	20711500
P58543	Q15149	Yersinia pestis	ARAB_YERPE	PLEC_HUMAN	1	632	two hybrid pooling approach	20711500
Q7CHC4	Q8IZD2	Yersinia pestis	Q7CHC4_YERPE	KMT2E_HUMAN	1	632	two hybrid pooling approach	20711500
Q7CHM0	Q8IZD2	Yersinia pestis	HSPQ_YERPE	KMT2E_HUMAN	1	632	two hybrid pooling approach	20711500
Q8D1M8	Q70EL1	Yersinia pestis	Q8D1M8_YERPE	UBP54_HUMAN	1	632	two hybrid pooling approach	20711500
Q7CGI0	Q70EL1	Yersinia pestis	FTSP_YERPE	UBP54_HUMAN	1	632	two hybrid pooling approach	20711500
Q8D0R5	Q92619	Yersinia pestis	Q8D0R5_YERPE	HMHA1_HUMAN	1	632	two hybrid pooling approach	20711500
Q7CJH0	Q6P0P0	Yersinia pestis	Q7CJH0_YERPE	Q6P0P0_HUMAN	1	632	two hybrid pooling approach	20711500
Q7CGF0	Q6P0P0	Yersinia pestis	Q7CGF0_YERPE	Q6P0P0_HUMAN	1	632	two hybrid pooling approach	20711500
Q8CKW7	Q9NVV2	Yersinia pestis	Q8CKW7_YERPE	CS073_HUMAN	1	632	two hybrid pooling approach	20711500
Q8ZJF3	Q15513	Yersinia pestis	GPH_YERPE	SPHAR_HUMAN	1	632	two hybrid pooling approach	20711500
Q7CHD9	Q6N0B2	Yersinia pestis	Q7CHD9_YERPE	Q6N0B2_HUMAN	1	632	two hybrid pooling approach	20711500
Q8CK83	Q6L5J4	Yersinia pestis	Q8CK83_YERPE	Q6L5J4_HUMAN	1	632	two hybrid pooling approach	20711500
Q7CHU3	P52565	Yersinia pestis	Q7CHU3_YERPE	GDIR1_HUMAN	1	632	two hybrid pooling approach	20711500
Q8ZA76	P52565	Yersinia pestis	GLGX_YERPE	GDIR1_HUMAN	1	632	two hybrid pooling approach	20711500
Q8D0E2	P51148	Yersinia pestis	Q8D0E2_YERPE	RAB5C_HUMAN	1	632	two hybrid pooling approach	20711500
Q7CFZ6	P50897	Yersinia pestis	Q7CFZ6_YERPE	PPT1_HUMAN	1	632	two hybrid pooling approach	20711500
Q8ZJ73	Q6EI07	Yersinia pestis	ACTP_YERPE	Q6EI07_HUMAN	1	632	two hybrid pooling approach	20711500
P17778	Q659D1	Yersinia pestis	YOPM_YERPE	Q659D1_HUMAN	1	632	two hybrid pooling approach	20711500
Q7CHD8	Q659B4	Yersinia pestis	Q7CHD8_YERPE	Q659B4_HUMAN	1	632	two hybrid pooling approach	20711500
Q7CHC7	Q64F87	Yersinia pestis	Q7CHC7_YERPE	Q64F87_HUMAN	1	632	two hybrid pooling approach	20711500
P17778	P49756	Yersinia pestis	YOPM_YERPE	RBM25_HUMAN	1	632	two hybrid pooling approach	20711500
Q8ZJ73	Q8IVF1	Yersinia pestis	ACTP_YERPE	NTM2A_HUMAN	1	632	two hybrid pooling approach	20711500
Q7CKK2	O75911	Yersinia pestis	Q7CKK2_YERPE	DHRS3_HUMAN	1	632	two hybrid pooling approach	20711500
Q7CFW7	Q5TYM6	Yersinia pestis	Q7CFW7_YERPE	Q5TYM6_HUMAN	1	632	two hybrid pooling approach	20711500
Q7CHR8	Q8IWT3	Yersinia pestis	Q7CHR8_YERPE	CUL9_HUMAN	1	632	two hybrid pooling approach	20711500
Q8CZU2	Q92598	Yersinia pestis	Q8CZU2_YERPE	HS105_HUMAN	1	632	two hybrid pooling approach	20711500
Q8D1D4	Q12899	Yersinia pestis	Q8D1D4_YERPE	TRI26_HUMAN	1	632	two hybrid pooling approach	20711500
Q8CLT3	Q12899	Yersinia pestis	Q8CLT3_YERPE	TRI26_HUMAN	1	632	two hybrid pooling approach	20711500
Q7CHZ9	Q12899	Yersinia pestis	Q7CHZ9_YERPE	TRI26_HUMAN	1	632	two hybrid pooling approach	20711500
Q8ZA84	Q12899	Yersinia pestis	CAPP_YERPE	TRI26_HUMAN	1	632	two hybrid pooling approach	20711500
Q7CH58	Q5R352	Yersinia pestis	Q7CH58_YERPE	Q5R352_HUMAN	1	632	two hybrid pooling approach	20711500
Q7CHI7	Q9NZ71	Yersinia pestis	Q7CHI7_YERPE	RTEL1_HUMAN	1	632	two hybrid pooling approach	20711500
Q7CIC2	Q14596	Yersinia pestis	ZNUC_YERPE	NBR1_HUMAN	1	632	two hybrid pooling approach	20711500
Q7CHW4	Q5HYW2	Yersinia pestis	PURT_YERPE	NHSL2_HUMAN	1	632	two hybrid pooling approach	20711500
Q7CHV2	Q5HYD9	Yersinia pestis	Q7CHV2_YERPE	Q5HYD9_HUMAN	1	632	two hybrid pooling approach	20711500
Q8ZCT9	O94760	Yersinia pestis	DER_YERPE	DDAH1_HUMAN	1	632	two hybrid pooling approach	20711500
Q7CL39	Q5H9A3	Yersinia pestis	Q7CL39_YERPE	Q5H9A3_HUMAN	1	632	two hybrid pooling approach	20711500
Q8CKB2	Q5FWG5	Yersinia pestis	Q8CKB2_YERPE	Q5FWG5_HUMAN	1	632	two hybrid pooling approach	20711500
Q8D0T1	Q7Z3S9	Yersinia pestis	Q8D0T1_YERPE	NT2NL_HUMAN	1	632	two hybrid pooling approach	20711500
Q7ARD3	Q7Z3S9	Yersinia pestis	Q7ARD3_YERPE	NT2NL_HUMAN	1	632	two hybrid pooling approach	20711500
Q8ZAF1	Q59H65	Yersinia pestis	WZYE_YERPE	Q59H65_HUMAN	1	632	two hybrid pooling approach	20711500
Q7CHB4	Q59GM9	Yersinia pestis	Q7CHB4_YERPE	Q59GM9_HUMAN	1	632	two hybrid pooling approach	20711500
Q8ZHI8	Q59GM9	Yersinia pestis	GCSP_YERPE	Q59GM9_HUMAN	1	632	two hybrid pooling approach	20711500
Q8CLV2	Q59F13	Yersinia pestis	Q8CLV2_YERPE	Q59F13_HUMAN	1	632	two hybrid pooling approach	20711500
Q8ZH40	Q59EG5	Yersinia pestis	METQ_YERPE	Q59EG5_HUMAN	1	632	two hybrid pooling approach	20711500
Q7CHV7	Q59E94	Yersinia pestis	Q7CHV7_YERPE	Q59E94_HUMAN	1	632	two hybrid pooling approach	20711500
Q7CH24	Q59E90	Yersinia pestis	Q7CH24_YERPE	Q59E90_HUMAN	1	632	two hybrid pooling approach	20711500
Q7CKZ7	Q58F08	Yersinia pestis	Q7CKZ7_YERPE	Q58F08_HUMAN	1	632	two hybrid pooling approach	20711500
P17778	Q584P1	Yersinia pestis	YOPM_YERPE	Q584P1_HUMAN	1	632	two hybrid pooling approach	20711500
Q7CJU1	Q9NP72	Yersinia pestis	Q7CJU1_YERPE	RAB18_HUMAN	1	632	two hybrid pooling approach	20711500
P58497	Q9NP72	Yersinia pestis	MODE_YERPE	RAB18_HUMAN	1	632	two hybrid pooling approach	20711500
Q8CL89	Q9NZD2	Yersinia pestis	Q8CL89_YERPE	GLTP_HUMAN	1	632	two hybrid pooling approach	20711500
Q8D0A3	Q53TP4	Yersinia pestis	Q8D0A3_YERPE	Q53TP4_HUMAN	1	632	two hybrid pooling approach	20711500
Q8CZW0	Q53TP4	Yersinia pestis	Q8CZW0_YERPE	Q53TP4_HUMAN	1	632	two hybrid pooling approach	20711500
Q8ZBC2	Q53TK7	Yersinia pestis	IF2_YERPE	Q53TK7_HUMAN	1	632	two hybrid pooling approach	20711500
Q7CHR0	Q53RD8	Yersinia pestis	Q7CHR0_YERPE	Q53RD8_HUMAN	1	632	two hybrid pooling approach	20711500
Q7CGJ6	Q53R16	Yersinia pestis	Q7CGJ6_YERPE	Q53R16_HUMAN	1	632	two hybrid pooling approach	20711500
Q8ZFB2	Q53G34	Yersinia pestis	FLGH2_YERPE	Q53G34_HUMAN	1	632	two hybrid pooling approach	20711500
Q8ZIQ3	Q53G34	Yersinia pestis	DEOB_YERPE	Q53G34_HUMAN	1	632	two hybrid pooling approach	20711500
Q7CJX6	Q4VC00	Yersinia pestis	Q7CJX6_YERPE	Q4VC00_HUMAN	1	632	two hybrid pooling approach	20711500
P58582	Q4VAK3	Yersinia pestis	GSHB_YERPE	Q4VAK3_HUMAN	1	632	two hybrid pooling approach	20711500
P68587	Q49A13	Yersinia pestis	YSCP_YERPE	Q49A13_HUMAN	1	632	two hybrid pooling approach	20711500
Q8ZH30	Q3MIB5	Yersinia pestis	RNH_YERPE	Q3MIB5_HUMAN	1	632	two hybrid pooling approach	20711500
P68587	Q6ZSB9	Yersinia pestis	YSCP_YERPE	ZBT49_HUMAN	1	632	two hybrid pooling approach	20711500
P68587	Q30154	Yersinia pestis	YSCP_YERPE	DRB5_HUMAN	1	632	two hybrid pooling approach	20711500
Q8CLT0	Q30154	Yersinia pestis	Q8CLT0_YERPE	DRB5_HUMAN	1	632	two hybrid pooling approach	20711500
Q7CHE6	Q30154	Yersinia pestis	Q7CHE6_YERPE	DRB5_HUMAN	1	632	two hybrid pooling approach	20711500
Q7CJE4	P42892	Yersinia pestis	Q7CJE4_YERPE	ECE1_HUMAN	1	632	two hybrid pooling approach	20711500
Q7CFS1	P42892	Yersinia pestis	Q7CFS1_YERPE	ECE1_HUMAN	1	632	two hybrid pooling approach	20711500
P58492	Q2NL98	Yersinia pestis	ZIPA_YERPE	VMAC_HUMAN	1	632	two hybrid pooling approach	20711500
Q8D1N7	Q2NL98	Yersinia pestis	Q8D1N7_YERPE	VMAC_HUMAN	1	632	two hybrid pooling approach	20711500
Q8CL88	Q2NL98	Yersinia pestis	Q8CL88_YERPE	VMAC_HUMAN	1	632	two hybrid pooling approach	20711500
Q7CHW4	Q2M2A3	Yersinia pestis	PURT_YERPE	Q2M2A3_HUMAN	1	632	two hybrid pooling approach	20711500
Q7CJM9	O75132	Yersinia pestis	RLMN_YERPE	ZBED4_HUMAN	1	632	two hybrid pooling approach	20711500
Q7CHB4	Q9ULD4	Yersinia pestis	Q7CHB4_YERPE	BRPF3_HUMAN	1	632	two hybrid pooling approach	20711500
Q7ARD3	Q8NCM8	Yersinia pestis	Q7ARD3_YERPE	DYHC2_HUMAN	1	632	two hybrid pooling approach	20711500
Q7CH24	Q15810	Yersinia pestis	Q7CH24_YERPE	Q15810_HUMAN	1	632	two hybrid pooling approach	20711500
Q7CGS9	Q15810	Yersinia pestis	Q7CGS9_YERPE	Q15810_HUMAN	1	632	two hybrid pooling approach	20711500
Q8ZAA1	Q15810	Yersinia pestis	BTUB_YERPE	Q15810_HUMAN	1	632	two hybrid pooling approach	20711500
Q8D0M7	Q9HD43	Yersinia pestis	Q8D0M7_YERPE	PTPRH_HUMAN	1	632	two hybrid pooling approach	20711500
Q8CZW4	Q9HD43	Yersinia pestis	Q8CZW4_YERPE	PTPRH_HUMAN	1	632	two hybrid pooling approach	20711500
Q7ARD3	Q0VD83	Yersinia pestis	Q7ARD3_YERPE	APOBR_HUMAN	1	632	two hybrid pooling approach	20711500
Q7CJD3	Q5T4T6	Yersinia pestis	Q7CJD3_YERPE	SYC2L_HUMAN	1	632	two hybrid pooling approach	20711500
Q7CHR5	Q13610	Yersinia pestis	Q7CHR5_YERPE	PWP1_HUMAN	1	632	two hybrid pooling approach	20711500
Q8CZM3	P30520	Yersinia pestis	Q8CZM3_YERPE	PURA2_HUMAN	1	632	two hybrid pooling approach	20711500
P40127	P30520	Yersinia pestis	CYAA_YERPE	PURA2_HUMAN	1	632	two hybrid pooling approach	20711500
Q7CGS8	P31939	Yersinia pestis	Q7CGS8_YERPE	PUR9_HUMAN	1	632	two hybrid pooling approach	20711500
Q7CFZ9	P31939	Yersinia pestis	Q7CFZ9_YERPE	PUR9_HUMAN	1	632	two hybrid pooling approach	20711500
Q8ZJF3	Q8TB72	Yersinia pestis	GPH_YERPE	PUM2_HUMAN	1	632	two hybrid pooling approach	20711500
Q8D050	Q9UHX1	Yersinia pestis	Q8D050_YERPE	PUF60_HUMAN	1	632	two hybrid pooling approach	20711500
Q8Z9U2	P23467	Yersinia pestis	MNME_YERPE	PTPRB_HUMAN	1	632	two hybrid pooling approach	20711500
Q8D0N9	P18433	Yersinia pestis	Q8D0N9_YERPE	PTPRA_HUMAN	1	632	two hybrid pooling approach	20711500
Q8ZDJ2	P29350	Yersinia pestis	Y2573_YERPE	PTN6_HUMAN	1	632	two hybrid pooling approach	20711500
Q8D0S2	Q9H3S7	Yersinia pestis	Q8D0S2_YERPE	PTN23_HUMAN	1	632	two hybrid pooling approach	20711500
Q7ARD3	Q9H3S7	Yersinia pestis	Q7ARD3_YERPE	PTN23_HUMAN	1	632	two hybrid pooling approach	20711500
Q7CIN4	Q16825	Yersinia pestis	Q7CIN4_YERPE	PTN21_HUMAN	1	632	two hybrid pooling approach	20711500
Q8D131	P18031	Yersinia pestis	Q8D131_YERPE	PTN1_HUMAN	1	632	two hybrid pooling approach	20711500
Q8D1D4	Q12923	Yersinia pestis	Q8D1D4_YERPE	PTN13_HUMAN	1	632	two hybrid pooling approach	20711500
Q8D1K6	Q03431	Yersinia pestis	Q8D1K6_YERPE	PTH1R_HUMAN	1	632	two hybrid pooling approach	20711500
Q8ZIN5	Q3KNS1	Yersinia pestis	KHSE_YERPE	PTHD3_HUMAN	1	632	two hybrid pooling approach	20711500
P42713	P26599	Yersinia pestis	YSCQ_YERPE	PTBP1_HUMAN	1	632	two hybrid pooling approach	20711500
Q8D1D2	Q7Z6K3	Yersinia pestis	Q8D1D2_YERPE	PTAR1_HUMAN	1	632	two hybrid pooling approach	20711500
Q8D0P9	Q9UL46	Yersinia pestis	Q8D0P9_YERPE	PSME2_HUMAN	1	632	two hybrid pooling approach	20711500
Q7CH46	Q9UL46	Yersinia pestis	Q7CH46_YERPE	PSME2_HUMAN	1	632	two hybrid pooling approach	20711500
Q8ZIY3	Q9UL46	Yersinia pestis	CH60_YERPE	PSME2_HUMAN	1	632	two hybrid pooling approach	20711500
Q8ZIH1	Q06323	Yersinia pestis	LEUD_YERPE	PSME1_HUMAN	1	632	two hybrid pooling approach	20711500
P58497	Q99460	Yersinia pestis	MODE_YERPE	PSMD1_HUMAN	1	632	two hybrid pooling approach	20711500
Q8CZV1	Q8TCT7	Yersinia pestis	Q8CZV1_YERPE	SPP2B_HUMAN	1	632	two hybrid pooling approach	20711500
P69972	Q9NYI0	Yersinia pestis	YSCJ_YERPE	PSD3_HUMAN	1	632	two hybrid pooling approach	20711500
Q8D0H6	Q9NYI0	Yersinia pestis	Q8D0H6_YERPE	PSD3_HUMAN	1	632	two hybrid pooling approach	20711500
Q8CKH6	Q9NYI0	Yersinia pestis	Q8CKH6_YERPE	PSD3_HUMAN	1	632	two hybrid pooling approach	20711500
Q7CGG9	Q9NYI0	Yersinia pestis	Q7CGG9_YERPE	PSD3_HUMAN	1	632	two hybrid pooling approach	20711500
Q8ZEC9	Q9UNM6	Yersinia pestis	ETCB_YERPE	PSD13_HUMAN	1	632	two hybrid pooling approach	20711500
Q7CJ44	O00232	Yersinia pestis	Q7CJ44_YERPE	PSD12_HUMAN	1	632	two hybrid pooling approach	20711500
Q8D0I3	O60759	Yersinia pestis	Q8D0I3_YERPE	CYTIP_HUMAN	1	632	two hybrid pooling approach	20711500
Q7CGA8	O60759	Yersinia pestis	Q7CGA8_YERPE	CYTIP_HUMAN	1	632	two hybrid pooling approach	20711500
Q7CFV5	P28062	Yersinia pestis	Q7CFV5_YERPE	PSB8_HUMAN	1	632	two hybrid pooling approach	20711500
P46355	Q99436	Yersinia pestis	HEM3_YERPE	PSB7_HUMAN	1	632	two hybrid pooling approach	20711500
Q8D1L3	O14818	Yersinia pestis	Q8D1L3_YERPE	PSA7_HUMAN	1	632	two hybrid pooling approach	20711500
Q7CH84	P60900	Yersinia pestis	Q7CH84_YERPE	PSA6_HUMAN	1	632	two hybrid pooling approach	20711500
Q8ZIC6	P25786	Yersinia pestis	UXAC_YERPE	PSA1_HUMAN	1	632	two hybrid pooling approach	20711500
Q7CJJ2	P25786	Yersinia pestis	Q7CJJ2_YERPE	PSA1_HUMAN	1	632	two hybrid pooling approach	20711500
Q7ARD3	P25786	Yersinia pestis	Q7ARD3_YERPE	PSA1_HUMAN	1	632	two hybrid pooling approach	20711500
Q8D015	P62195	Yersinia pestis	Q8D015_YERPE	PRS8_HUMAN	1	632	two hybrid pooling approach	20711500
Q8ZHG8	P35998	Yersinia pestis	SPEA_YERPE	PRS7_HUMAN	1	632	two hybrid pooling approach	20711500
Q7CG01	P35998	Yersinia pestis	Q7CG01_YERPE	PRS7_HUMAN	1	632	two hybrid pooling approach	20711500
Q7CL85	P43686	Yersinia pestis	Q7CL85_YERPE	PRS6B_HUMAN	1	632	two hybrid pooling approach	20711500
Q7CIG7	P43686	Yersinia pestis	Q7CIG7_YERPE	PRS6B_HUMAN	1	632	two hybrid pooling approach	20711500
Q7CG90	P17980	Yersinia pestis	Q7CG90_YERPE	PRS6A_HUMAN	1	632	two hybrid pooling approach	20711500
Q7CH88	P79522	Yersinia pestis	Q7CH88_YERPE	PRR3_HUMAN	1	632	two hybrid pooling approach	20711500
Q8CZQ9	Q6P2Q9	Yersinia pestis	Q8CZQ9_YERPE	PRP8_HUMAN	1	632	two hybrid pooling approach	20711500
Q8ZHG7	Q6P2Q9	Yersinia pestis	METK_YERPE	PRP8_HUMAN	1	632	two hybrid pooling approach	20711500
Q8ZAA1	Q13523	Yersinia pestis	BTUB_YERPE	PRP4B_HUMAN	1	632	two hybrid pooling approach	20711500
Q7CGA9	Q92620	Yersinia pestis	Q7CGA9_YERPE	PRP16_HUMAN	1	632	two hybrid pooling approach	20711500
Q8D1C5	O94903	Yersinia pestis	Q8D1C5_YERPE	PROSC_HUMAN	1	632	two hybrid pooling approach	20711500
Q7CIS3	P07737	Yersinia pestis	Q7CIS3_YERPE	PROF1_HUMAN	1	632	two hybrid pooling approach	20711500
Q7CHG5	P07737	Yersinia pestis	Q7CHG5_YERPE	PROF1_HUMAN	1	632	two hybrid pooling approach	20711500
Q8D0Z4	Q8TCU6	Yersinia pestis	Q8D0Z4_YERPE	PREX1_HUMAN	1	632	two hybrid pooling approach	20711500
Q8D0B6	Q13162	Yersinia pestis	Q8D0B6_YERPE	PRDX4_HUMAN	1	632	two hybrid pooling approach	20711500
Q8Z9Z1	P30048	Yersinia pestis	XYLA_YERPE	PRDX3_HUMAN	1	632	two hybrid pooling approach	20711500
Q7CKN1	P30048	Yersinia pestis	Q7CKN1_YERPE	PRDX3_HUMAN	1	632	two hybrid pooling approach	20711500
Q7CJX7	P30048	Yersinia pestis	Q7CJX7_YERPE	PRDX3_HUMAN	1	632	two hybrid pooling approach	20711500
Q7CFV9	P30048	Yersinia pestis	Q7CFV9_YERPE	PRDX3_HUMAN	1	632	two hybrid pooling approach	20711500
Q7CHU1	P30048	Yersinia pestis	MTFA_YERPE	PRDX3_HUMAN	1	632	two hybrid pooling approach	20711500
Q8ZI61	P30048	Yersinia pestis	GLNE_YERPE	PRDX3_HUMAN	1	632	two hybrid pooling approach	20711500
P68587	Q06830	Yersinia pestis	YSCP_YERPE	PRDX1_HUMAN	1	632	two hybrid pooling approach	20711500
Q8D041	Q96QH2	Yersinia pestis	Q8D041_YERPE	PRAM_HUMAN	1	632	two hybrid pooling approach	20711500
Q7ARD3	O75915	Yersinia pestis	Q7ARD3_YERPE	PRAF3_HUMAN	1	632	two hybrid pooling approach	20711500
Q7CH96	O75400	Yersinia pestis	Q7CH96_YERPE	PR40A_HUMAN	1	632	two hybrid pooling approach	20711500
Q7CJU1	Q5VTL8	Yersinia pestis	Q7CJU1_YERPE	PR38B_HUMAN	1	632	two hybrid pooling approach	20711500
Q7ARF1	Q5VTL8	Yersinia pestis	Q7ARF1_YERPE	PR38B_HUMAN	1	632	two hybrid pooling approach	20711500
Q8ZCQ2	Q96BP3	Yersinia pestis	PUR4_YERPE	PPWD1_HUMAN	1	632	two hybrid pooling approach	20711500
Q7CKD3	Q5VV67	Yersinia pestis	Q7CKD3_YERPE	PPRC1_HUMAN	1	632	two hybrid pooling approach	20711500
Q8CZK5	Q9H939	Yersinia pestis	Q8CZK5_YERPE	PPIP2_HUMAN	1	632	two hybrid pooling approach	20711500
P17778	Q13427	Yersinia pestis	YOPM_YERPE	PPIG_HUMAN	1	632	two hybrid pooling approach	20711500
Q8D126	P23284	Yersinia pestis	Q8D126_YERPE	PPIB_HUMAN	1	632	two hybrid pooling approach	20711500
Q8CZR5	Q8NEY8	Yersinia pestis	Q8CZR5_YERPE	PPHLN_HUMAN	1	632	two hybrid pooling approach	20711500
Q7CKL8	P10619	Yersinia pestis	Q7CKL8_YERPE	PPGB_HUMAN	1	632	two hybrid pooling approach	20711500
Q8ZIL4	P10619	Yersinia pestis	CARB_YERPE	PPGB_HUMAN	1	632	two hybrid pooling approach	20711500
Q7CG77	Q4J6C6	Yersinia pestis	NHAA_YERPE	PPCEL_HUMAN	1	632	two hybrid pooling approach	20711500
Q7CHI7	P05186	Yersinia pestis	Q7CHI7_YERPE	PPBT_HUMAN	1	632	two hybrid pooling approach	20711500
Q7CJU1	P48454	Yersinia pestis	Q7CJU1_YERPE	PP2BC_HUMAN	1	632	two hybrid pooling approach	20711500
Q7CL96	P67775	Yersinia pestis	Q7CL96_YERPE	PP2AA_HUMAN	1	632	two hybrid pooling approach	20711500
P17778	Q96QC0	Yersinia pestis	YOPM_YERPE	PP1RA_HUMAN	1	632	two hybrid pooling approach	20711500
Q7ARD3	Q15435	Yersinia pestis	Q7ARD3_YERPE	PP1R7_HUMAN	1	632	two hybrid pooling approach	20711500
Q8ZAQ2	P62140	Yersinia pestis	THIC_YERPE	PP1B_HUMAN	1	632	two hybrid pooling approach	20711500
Q7ARD3	Q9UBT6	Yersinia pestis	Q7ARD3_YERPE	POLK_HUMAN	1	632	two hybrid pooling approach	20711500
Q7ARD3	Q7Z3K3	Yersinia pestis	Q7ARD3_YERPE	POGZ_HUMAN	1	632	two hybrid pooling approach	20711500
Q8ZFR0	Q7Z3K3	Yersinia pestis	PEPT_YERPE	POGZ_HUMAN	1	632	two hybrid pooling approach	20711500
P28808	Q7Z3K3	Yersinia pestis	LCRF_YERPE	POGZ_HUMAN	1	632	two hybrid pooling approach	20711500
Q56989	Q7Z3K3	Yersinia pestis	HMUR_YERPE	POGZ_HUMAN	1	632	two hybrid pooling approach	20711500
Q8ZJF3	Q7Z3K3	Yersinia pestis	GPH_YERPE	POGZ_HUMAN	1	632	two hybrid pooling approach	20711500
Q8ZA76	Q7Z3K3	Yersinia pestis	GLGX_YERPE	POGZ_HUMAN	1	632	two hybrid pooling approach	20711500
P58543	Q7Z3K3	Yersinia pestis	ARAB_YERPE	POGZ_HUMAN	1	632	two hybrid pooling approach	20711500
Q8ZGX4	Q7Z3K3	Yersinia pestis	6PGL_YERPE	POGZ_HUMAN	1	632	two hybrid pooling approach	20711500
Q7CKD3	Q01860	Yersinia pestis	Q7CKD3_YERPE	PO5F1_HUMAN	1	632	two hybrid pooling approach	20711500
Q7ARK4	P14859	Yersinia pestis	Q7ARK4_YERPE	PO2F1_HUMAN	1	632	two hybrid pooling approach	20711500
Q8D014	Q96HA1	Yersinia pestis	Q8D014_YERPE	P121A_HUMAN	1	632	two hybrid pooling approach	20711500
P69961	Q96HA1	Yersinia pestis	LCRS_YERPE	P121A_HUMAN	1	632	two hybrid pooling approach	20711500
Q7CIB9	Q96T60	Yersinia pestis	Q7CIB9_YERPE	PNKP_HUMAN	1	632	two hybrid pooling approach	20711500
Q8D1E7	Q01453	Yersinia pestis	Q8D1E7_YERPE	PMP22_HUMAN	1	632	two hybrid pooling approach	20711500
Q8CZZ7	Q8TBY8	Yersinia pestis	Q8CZZ7_YERPE	PMFBP_HUMAN	1	632	two hybrid pooling approach	20711500
Q7ARA8	O15031	Yersinia pestis	Q7ARA8_YERPE	PLXB2_HUMAN	1	632	two hybrid pooling approach	20711500
Q8ZEL7	O15031	Yersinia pestis	DADA_YERPE	PLXB2_HUMAN	1	632	two hybrid pooling approach	20711500
Q8D1N0	O43157	Yersinia pestis	Q8D1N0_YERPE	PLXB1_HUMAN	1	632	two hybrid pooling approach	20711500
Q8CL86	Q9BX97	Yersinia pestis	Q8CL86_YERPE	PLVAP_HUMAN	1	632	two hybrid pooling approach	20711500
Q56974	Q9BX97	Yersinia pestis	Q56974_YERPE	PLVAP_HUMAN	1	632	two hybrid pooling approach	20711500
Q8ZDG9	Q9BX97	Yersinia pestis	LIPB_YERPE	PLVAP_HUMAN	1	632	two hybrid pooling approach	20711500
Q7CFX1	P13796	Yersinia pestis	Q7CFX1_YERPE	PLSL_HUMAN	1	632	two hybrid pooling approach	20711500
P58497	Q9NRQ2	Yersinia pestis	MODE_YERPE	PLS4_HUMAN	1	632	two hybrid pooling approach	20711500
Q8CLY1	Q9NRY6	Yersinia pestis	Q8CLY1_YERPE	PLS3_HUMAN	1	632	two hybrid pooling approach	20711500
Q7CIP7	Q9NRY6	Yersinia pestis	Q7CIP7_YERPE	PLS3_HUMAN	1	632	two hybrid pooling approach	20711500
Q8ZJ16	Q9NRY6	Yersinia pestis	LEXA_YERPE	PLS3_HUMAN	1	632	two hybrid pooling approach	20711500
Q9X6B0	Q9NRY6	Yersinia pestis	KATG_YERPE	PLS3_HUMAN	1	632	two hybrid pooling approach	20711500
Q8ZIL5	Q9NRY6	Yersinia pestis	CARA_YERPE	PLS3_HUMAN	1	632	two hybrid pooling approach	20711500
Q8ZJ74	Q9NRY6	Yersinia pestis	AROE_YERPE	PLS3_HUMAN	1	632	two hybrid pooling approach	20711500
Q8CZQ9	O15162	Yersinia pestis	Q8CZQ9_YERPE	PLS1_HUMAN	1	632	two hybrid pooling approach	20711500
Q7CGI0	O15162	Yersinia pestis	FTSP_YERPE	PLS1_HUMAN	1	632	two hybrid pooling approach	20711500
Q7ARD3	O15162	Yersinia pestis	Q7ARD3_YERPE	PLS1_HUMAN	1	632	two hybrid pooling approach	20711500
Q0WBF9	O43660	Yersinia pestis	PNP_YERPE	PLRG1_HUMAN	1	632	two hybrid pooling approach	20711500
O68779	Q04941	Yersinia pestis	O68779_YERPE	PLP2_HUMAN	1	632	two hybrid pooling approach	20711500
Q7CL85	P00747	Yersinia pestis	Q7CL85_YERPE	PLMN_HUMAN	1	632	two hybrid pooling approach	20711500
Q7CGB6	P00747	Yersinia pestis	SECA_YERPE	PLMN_HUMAN	1	632	two hybrid pooling approach	20711500
Q8D1A4	Q9NYY3	Yersinia pestis	Q8D1A4_YERPE	PLK2_HUMAN	1	632	two hybrid pooling approach	20711500
Q8D1P6	Q6P4A8	Yersinia pestis	Q8D1P6_YERPE	PLBL1_HUMAN	1	632	two hybrid pooling approach	20711500
Q8CZT4	Q6DJT9	Yersinia pestis	Q8CZT4_YERPE	PLAG1_HUMAN	1	632	two hybrid pooling approach	20711500
Q8ZCU2	Q53GL0	Yersinia pestis	EX7L_YERPE	PKHO1_HUMAN	1	632	two hybrid pooling approach	20711500
Q7ARD3	Q8IVE3	Yersinia pestis	Q7ARD3_YERPE	PKHH2_HUMAN	1	632	two hybrid pooling approach	20711500
Q7CG52	Q9H7P9	Yersinia pestis	Q7CG52_YERPE	PKHG2_HUMAN	1	632	two hybrid pooling approach	20711500
Q8ZC32	Q9HB21	Yersinia pestis	QUEA_YERPE	PKHA1_HUMAN	1	632	two hybrid pooling approach	20711500
O68752	P48736	Yersinia pestis	O68752_YERPE	PK3CG_HUMAN	1	632	two hybrid pooling approach	20711500
Q8D054	O43164	Yersinia pestis	Q8D054_YERPE	PJA2_HUMAN	1	632	two hybrid pooling approach	20711500
Q8ZGW9	O00562	Yersinia pestis	BIOD1_YERPE	PITM1_HUMAN	1	632	two hybrid pooling approach	20711500
Q8ZC51	Q9BXM7	Yersinia pestis	PANE_YERPE	PINK1_HUMAN	1	632	two hybrid pooling approach	20711500
Q9X6B0	Q9UKJ0	Yersinia pestis	KATG_YERPE	PILRB_HUMAN	1	632	two hybrid pooling approach	20711500
Q7CJQ8	Q9UKJ1	Yersinia pestis	Q7CJQ8_YERPE	PILRA_HUMAN	1	632	two hybrid pooling approach	20711500
Q7CGR8	Q13492	Yersinia pestis	Q7CGR8_YERPE	PICAL_HUMAN	1	632	two hybrid pooling approach	20711500
Q8ZA84	Q13492	Yersinia pestis	CAPP_YERPE	PICAL_HUMAN	1	632	two hybrid pooling approach	20711500
Q7CGW6	Q8WXW3	Yersinia pestis	Q7CGW6_YERPE	PIBF1_HUMAN	1	632	two hybrid pooling approach	20711500
P42713	Q9Y6X2	Yersinia pestis	YSCQ_YERPE	PIAS3_HUMAN	1	632	two hybrid pooling approach	20711500
Q8D0V9	P42356	Yersinia pestis	Q8D0V9_YERPE	PI4KA_HUMAN	1	632	two hybrid pooling approach	20711500
Q7CIL5	Q8WYR1	Yersinia pestis	Q7CIL5_YERPE	PI3R5_HUMAN	1	632	two hybrid pooling approach	20711500
Q7CKM5	Q99570	Yersinia pestis	Q7CKM5_YERPE	PI3R4_HUMAN	1	632	two hybrid pooling approach	20711500
Q8D0R4	Q6NYC8	Yersinia pestis	Q8D0R4_YERPE	PPR18_HUMAN	1	632	two hybrid pooling approach	20711500
Q7CKJ7	Q8N3S3	Yersinia pestis	Q7CKJ7_YERPE	PHTF2_HUMAN	1	632	two hybrid pooling approach	20711500
Q8D131	Q8TCD6	Yersinia pestis	Q8D131_YERPE	PHOP2_HUMAN	1	632	two hybrid pooling approach	20711500
Q8D016	Q8WV24	Yersinia pestis	Q8D016_YERPE	PHLA1_HUMAN	1	632	two hybrid pooling approach	20711500
Q7ARB3	O43189	Yersinia pestis	Q7ARB3_YERPE	PHF1_HUMAN	1	632	two hybrid pooling approach	20711500
Q8CLA8	Q9UIL8	Yersinia pestis	Q8CLA8_YERPE	PHF11_HUMAN	1	632	two hybrid pooling approach	20711500
Q7CHX7	Q9UIL8	Yersinia pestis	Q7CHX7_YERPE	PHF11_HUMAN	1	632	two hybrid pooling approach	20711500
Q7CGI7	Q9UIL8	Yersinia pestis	Q7CGI7_YERPE	PHF11_HUMAN	1	632	two hybrid pooling approach	20711500
Q8D111	P00439	Yersinia pestis	Q8D111_YERPE	PH4H_HUMAN	1	632	two hybrid pooling approach	20711500
Q7CHM6	P21810	Yersinia pestis	Q7CHM6_YERPE	PGS1_HUMAN	1	632	two hybrid pooling approach	20711500
Q7CG01	P21810	Yersinia pestis	Q7CG01_YERPE	PGS1_HUMAN	1	632	two hybrid pooling approach	20711500
Q7ARD3	P21810	Yersinia pestis	Q7ARD3_YERPE	PGS1_HUMAN	1	632	two hybrid pooling approach	20711500
Q8D194	P36871	Yersinia pestis	Q8D194_YERPE	PGM1_HUMAN	1	632	two hybrid pooling approach	20711500
Q7CK51	P00558	Yersinia pestis	Q7CK51_YERPE	PGK1_HUMAN	1	632	two hybrid pooling approach	20711500
Q7ARH3	P00558	Yersinia pestis	Q7ARH3_YERPE	PGK1_HUMAN	1	632	two hybrid pooling approach	20711500
Q8ZA76	P00558	Yersinia pestis	GLGX_YERPE	PGK1_HUMAN	1	632	two hybrid pooling approach	20711500
Q8CKF8	P16234	Yersinia pestis	Q8CKF8_YERPE	PGFRA_HUMAN	1	632	two hybrid pooling approach	20711500
Q8D015	Q9UHV9	Yersinia pestis	Q8D015_YERPE	PFD2_HUMAN	1	632	two hybrid pooling approach	20711500
Q8ZJP8	Q96BD5	Yersinia pestis	RNPH_YERPE	PF21A_HUMAN	1	632	two hybrid pooling approach	20711500
Q7CI00	Q96BD5	Yersinia pestis	Q7CI00_YERPE	PF21A_HUMAN	1	632	two hybrid pooling approach	20711500
Q8CLD7	P50542	Yersinia pestis	Q8CLD7_YERPE	PEX5_HUMAN	1	632	two hybrid pooling approach	20711500
Q8D0X2	O75381	Yersinia pestis	Q8D0X2_YERPE	PEX14_HUMAN	1	632	two hybrid pooling approach	20711500
Q7CHA0	P14222	Yersinia pestis	Q7CHA0_YERPE	PERF_HUMAN	1	632	two hybrid pooling approach	20711500
P68590	P56645	Yersinia pestis	YSCH_YERPE	PER3_HUMAN	1	632	two hybrid pooling approach	20711500
Q7CKK9	P43116	Yersinia pestis	Q7CKK9_YERPE	PE2R2_HUMAN	1	632	two hybrid pooling approach	20711500
Q8ZJN2	Q5T2W1	Yersinia pestis	TDH_YERPE	NHRF3_HUMAN	1	632	two hybrid pooling approach	20711500
Q7CFV8	Q5T2W1	Yersinia pestis	Q7CFV8_YERPE	NHRF3_HUMAN	1	632	two hybrid pooling approach	20711500
Q8ZHG7	Q6P996	Yersinia pestis	METK_YERPE	PDXD1_HUMAN	1	632	two hybrid pooling approach	20711500
Q7CHF5	Q9P0J1	Yersinia pestis	Q7CHF5_YERPE	PDP1_HUMAN	1	632	two hybrid pooling approach	20711500
Q7CG19	Q9NR12	Yersinia pestis	Q7CG19_YERPE	PDLI7_HUMAN	1	632	two hybrid pooling approach	20711500
Q8ZAN0	Q9NR12	Yersinia pestis	FADB_YERPE	PDLI7_HUMAN	1	632	two hybrid pooling approach	20711500
Q7CHL3	O00151	Yersinia pestis	Q7CHL3_YERPE	PDLI1_HUMAN	1	632	two hybrid pooling approach	20711500
Q8D0V8	Q16654	Yersinia pestis	Q8D0V8_YERPE	PDK4_HUMAN	1	632	two hybrid pooling approach	20711500
Q7CHR5	Q9BY77	Yersinia pestis	Q7CHR5_YERPE	PDIP3_HUMAN	1	632	two hybrid pooling approach	20711500
Q8D008	P30101	Yersinia pestis	Q8D008_YERPE	PDIA3_HUMAN	1	632	two hybrid pooling approach	20711500
Q7CFQ3	P30101	Yersinia pestis	Q7CFQ3_YERPE	PDIA3_HUMAN	1	632	two hybrid pooling approach	20711500
O68723	P30101	Yersinia pestis	O68723_YERPE	PDIA3_HUMAN	1	632	two hybrid pooling approach	20711500
P40127	P30101	Yersinia pestis	CYAA_YERPE	PDIA3_HUMAN	1	632	two hybrid pooling approach	20711500
Q8D0R7	Q08499	Yersinia pestis	Q8D0R7_YERPE	PDE4D_HUMAN	1	632	two hybrid pooling approach	20711500
Q7ARD3	O00408	Yersinia pestis	Q7ARD3_YERPE	PDE2A_HUMAN	1	632	two hybrid pooling approach	20711500
Q8ZI65	O75340	Yersinia pestis	UPPP_YERPE	PDCD6_HUMAN	1	632	two hybrid pooling approach	20711500
Q8CZP1	O75340	Yersinia pestis	Q8CZP1_YERPE	PDCD6_HUMAN	1	632	two hybrid pooling approach	20711500
Q8D0P1	O75340	Yersinia pestis	CHEY_YERPE	PDCD6_HUMAN	1	632	two hybrid pooling approach	20711500
O68769	O14737	Yersinia pestis	O68769_YERPE	PDCD5_HUMAN	1	632	two hybrid pooling approach	20711500
Q7ARD3	Q8WUM4	Yersinia pestis	Q7ARD3_YERPE	PDC6I_HUMAN	1	632	two hybrid pooling approach	20711500
Q8ZCT2	Q8WUM4	Yersinia pestis	NDK_YERPE	PDC6I_HUMAN	1	632	two hybrid pooling approach	20711500
Q7CL81	P29122	Yersinia pestis	Q7CL81_YERPE	PCSK6_HUMAN	1	632	two hybrid pooling approach	20711500
Q8CL08	Q15154	Yersinia pestis	Q8CL08_YERPE	PCM1_HUMAN	1	632	two hybrid pooling approach	20711500
Q7CJT3	Q15154	Yersinia pestis	Q7CJT3_YERPE	PCM1_HUMAN	1	632	two hybrid pooling approach	20711500
Q7CFY9	Q15154	Yersinia pestis	Q7CFY9_YERPE	PCM1_HUMAN	1	632	two hybrid pooling approach	20711500
Q7CIM3	O94913	Yersinia pestis	Q7CIM3_YERPE	PCF11_HUMAN	1	632	two hybrid pooling approach	20711500
Q7CHC7	O94913	Yersinia pestis	Q7CHC7_YERPE	PCF11_HUMAN	1	632	two hybrid pooling approach	20711500
Q7ARD1	O14917	Yersinia pestis	Q7ARD1_YERPE	PCD17_HUMAN	1	632	two hybrid pooling approach	20711500
Q8D1A4	Q15366	Yersinia pestis	Q8D1A4_YERPE	PCBP2_HUMAN	1	632	two hybrid pooling approach	20711500
Q7CL39	Q15366	Yersinia pestis	Q7CL39_YERPE	PCBP2_HUMAN	1	632	two hybrid pooling approach	20711500
Q7CIC2	Q15365	Yersinia pestis	ZNUC_YERPE	PCBP1_HUMAN	1	632	two hybrid pooling approach	20711500
Q8CZT2	Q15365	Yersinia pestis	Q8CZT2_YERPE	PCBP1_HUMAN	1	632	two hybrid pooling approach	20711500
P17778	Q86U86	Yersinia pestis	YOPM_YERPE	PB1_HUMAN	1	632	two hybrid pooling approach	20711500
Q8CLN8	P49023	Yersinia pestis	Q8CLN8_YERPE	PAXI_HUMAN	1	632	two hybrid pooling approach	20711500
Q8CZH4	Q9UKK3	Yersinia pestis	Q8CZH4_YERPE	PARP4_HUMAN	1	632	two hybrid pooling approach	20711500
Q8CZG2	Q9UKK3	Yersinia pestis	Q8CZG2_YERPE	PARP4_HUMAN	1	632	two hybrid pooling approach	20711500
Q7CIM3	Q9UKK3	Yersinia pestis	Q7CIM3_YERPE	PARP4_HUMAN	1	632	two hybrid pooling approach	20711500
Q7CHX9	Q9UKK3	Yersinia pestis	Q7CHX9_YERPE	PARP4_HUMAN	1	632	two hybrid pooling approach	20711500
Q8ZFB2	Q9UKK3	Yersinia pestis	FLGH2_YERPE	PARP4_HUMAN	1	632	two hybrid pooling approach	20711500
Q7CGS9	P09874	Yersinia pestis	Q7CGS9_YERPE	PARP1_HUMAN	1	632	two hybrid pooling approach	20711500
Q8ZBM5	Q8TEW8	Yersinia pestis	DGTP_YERPE	PAR3L_HUMAN	1	632	two hybrid pooling approach	20711500
Q8CWG4	P51003	Yersinia pestis	Q8CWG4_YERPE	PAPOA_HUMAN	1	632	two hybrid pooling approach	20711500
Q7CGN6	Q504Q3	Yersinia pestis	Q7CGN6_YERPE	PAN2_HUMAN	1	632	two hybrid pooling approach	20711500
Q7CFW0	Q8NC51	Yersinia pestis	Q7CFW0_YERPE	PAIRB_HUMAN	1	632	two hybrid pooling approach	20711500
Q8CZK5	Q9H074	Yersinia pestis	Q8CZK5_YERPE	PAIP1_HUMAN	1	632	two hybrid pooling approach	20711500
Q8CZR4	Q13093	Yersinia pestis	Q8CZR4_YERPE	PAFA_HUMAN	1	632	two hybrid pooling approach	20711500
Q9RI12	Q9UNF0	Yersinia pestis	YPKA_YERPE	PACN2_HUMAN	1	632	two hybrid pooling approach	20711500
Q8CZZ7	Q9UNF0	Yersinia pestis	Q8CZZ7_YERPE	PACN2_HUMAN	1	632	two hybrid pooling approach	20711500
Q8ZC49	P11940	Yersinia pestis	THII_YERPE	PABP1_HUMAN	1	632	two hybrid pooling approach	20711500
Q7CJH7	P11940	Yersinia pestis	Q7CJH7_YERPE	PABP1_HUMAN	1	632	two hybrid pooling approach	20711500
Q7CHE6	P11940	Yersinia pestis	Q7CHE6_YERPE	PABP1_HUMAN	1	632	two hybrid pooling approach	20711500
Q7CHE2	P11940	Yersinia pestis	Q7CHE2_YERPE	PABP1_HUMAN	1	632	two hybrid pooling approach	20711500
Q7CGS9	P11940	Yersinia pestis	Q7CGS9_YERPE	PABP1_HUMAN	1	632	two hybrid pooling approach	20711500
Q7CGM2	P11940	Yersinia pestis	Q7CGM2_YERPE	PABP1_HUMAN	1	632	two hybrid pooling approach	20711500
Q8ZHG7	Q9UQ80	Yersinia pestis	METK_YERPE	PA2G4_HUMAN	1	632	two hybrid pooling approach	20711500
P17778	P27986	Yersinia pestis	YOPM_YERPE	P85A_HUMAN	1	632	two hybrid pooling approach	20711500
Q8D1M8	Q8WXI9	Yersinia pestis	Q8D1M8_YERPE	P66B_HUMAN	1	632	two hybrid pooling approach	20711500
Q8CLC4	Q8WXI9	Yersinia pestis	Q8CLC4_YERPE	P66B_HUMAN	1	632	two hybrid pooling approach	20711500
Q7CKA9	Q8WXI9	Yersinia pestis	Q7CKA9_YERPE	P66B_HUMAN	1	632	two hybrid pooling approach	20711500
Q7ARH3	Q8WXI9	Yersinia pestis	Q7ARH3_YERPE	P66B_HUMAN	1	632	two hybrid pooling approach	20711500
Q8ZHG0	P04637	Yersinia pestis	AGUA_YERPE	P53_HUMAN	1	632	two hybrid pooling approach	20711500
Q7CFQ3	Q8IVL5	Yersinia pestis	Q7CFQ3_YERPE	P3H2_HUMAN	1	632	two hybrid pooling approach	20711500
Q8D0H2	O00443	Yersinia pestis	Q8D0H2_YERPE	P3C2A_HUMAN	1	632	two hybrid pooling approach	20711500
Q8Z9U1	Q96HP4	Yersinia pestis	FABV_YERPE	OXND1_HUMAN	1	632	two hybrid pooling approach	20711500
Q8D0D4	Q96HP4	Yersinia pestis	Q8D0D4_YERPE	OXND1_HUMAN	1	632	two hybrid pooling approach	20711500
Q7CJH7	Q01804	Yersinia pestis	Q7CJH7_YERPE	OTUD4_HUMAN	1	632	two hybrid pooling approach	20711500
Q8ZGJ9	Q5VV17	Yersinia pestis	RPIA2_YERPE	OTUD1_HUMAN	1	632	two hybrid pooling approach	20711500
Q7CK47	Q5VV17	Yersinia pestis	Q7CK47_YERPE	OTUD1_HUMAN	1	632	two hybrid pooling approach	20711500
Q8CLT0	Q92882	Yersinia pestis	Q8CLT0_YERPE	OSTF1_HUMAN	1	632	two hybrid pooling approach	20711500
Q8CL86	Q8IYS5	Yersinia pestis	Q8CL86_YERPE	OSCAR_HUMAN	1	632	two hybrid pooling approach	20711500
Q8ZHG7	Q96SU4	Yersinia pestis	METK_YERPE	OSBL9_HUMAN	1	632	two hybrid pooling approach	20711500
Q7ARD3	Q9BZF1	Yersinia pestis	Q7ARD3_YERPE	OSBL8_HUMAN	1	632	two hybrid pooling approach	20711500
Q7CKP0	Q96SN7	Yersinia pestis	Q7CKP0_YERPE	ORAI2_HUMAN	1	632	two hybrid pooling approach	20711500
Q8ZJF3	Q02218	Yersinia pestis	GPH_YERPE	ODO1_HUMAN	1	632	two hybrid pooling approach	20711500
Q9ZFR9	Q9ULJ1	Yersinia pestis	URE1_YERPE	ODF2L_HUMAN	1	632	two hybrid pooling approach	20711500
Q8D0Z4	Q9ULJ1	Yersinia pestis	Q8D0Z4_YERPE	ODF2L_HUMAN	1	632	two hybrid pooling approach	20711500
Q8CZY0	Q9ULJ1	Yersinia pestis	Q8CZY0_YERPE	ODF2L_HUMAN	1	632	two hybrid pooling approach	20711500
Q7CHN7	Q9ULJ1	Yersinia pestis	Q7CHN7_YERPE	ODF2L_HUMAN	1	632	two hybrid pooling approach	20711500
Q7ARK4	Q9ULJ1	Yersinia pestis	Q7ARK4_YERPE	ODF2L_HUMAN	1	632	two hybrid pooling approach	20711500
P58582	Q9ULJ1	Yersinia pestis	GSHB_YERPE	ODF2L_HUMAN	1	632	two hybrid pooling approach	20711500
Q8ZBK0	Q9ULJ1	Yersinia pestis	CUEO_YERPE	ODF2L_HUMAN	1	632	two hybrid pooling approach	20711500
Q7CFX4	O95273	Yersinia pestis	Q7CFX4_YERPE	CCDB1_HUMAN	1	632	two hybrid pooling approach	20711500
Q7CIM3	O75807	Yersinia pestis	Q7CIM3_YERPE	PR15A_HUMAN	1	632	two hybrid pooling approach	20711500
Q7CGJ4	O75703	Yersinia pestis	Q7CGJ4_YERPE	O75703_HUMAN	1	632	two hybrid pooling approach	20711500
Q7CIS8	O94875	Yersinia pestis	Q7CIS8_YERPE	SRBS2_HUMAN	1	632	two hybrid pooling approach	20711500
Q7CHF5	O60290	Yersinia pestis	Q7CHF5_YERPE	ZN862_HUMAN	1	632	two hybrid pooling approach	20711500
Q8ZA76	Q6ZNJ1	Yersinia pestis	GLGX_YERPE	NBEL2_HUMAN	1	632	two hybrid pooling approach	20711500
Q8D169	O00376	Yersinia pestis	Q8D169_YERPE	O00376_HUMAN	1	632	two hybrid pooling approach	20711500
Q7CGC7	Q5VZ03	Yersinia pestis	Q7CGC7_YERPE	NXNL2_HUMAN	1	632	two hybrid pooling approach	20711500
Q8ZIC6	P52948	Yersinia pestis	UXAC_YERPE	NUP98_HUMAN	1	632	two hybrid pooling approach	20711500
Q8CKD5	Q9UKK9	Yersinia pestis	Q8CKD5_YERPE	NUDT5_HUMAN	1	632	two hybrid pooling approach	20711500
Q7CK09	Q8NFP7	Yersinia pestis	Q7CK09_YERPE	NUD10_HUMAN	1	632	two hybrid pooling approach	20711500
Q8D0R8	P19338	Yersinia pestis	Q8D0R8_YERPE	NUCL_HUMAN	1	632	two hybrid pooling approach	20711500
Q8CZQ9	P19338	Yersinia pestis	Q8CZQ9_YERPE	NUCL_HUMAN	1	632	two hybrid pooling approach	20711500
Q7CIP7	P19338	Yersinia pestis	Q7CIP7_YERPE	NUCL_HUMAN	1	632	two hybrid pooling approach	20711500
Q7CFV5	P19338	Yersinia pestis	Q7CFV5_YERPE	NUCL_HUMAN	1	632	two hybrid pooling approach	20711500
Q7CFQ3	P19338	Yersinia pestis	Q7CFQ3_YERPE	NUCL_HUMAN	1	632	two hybrid pooling approach	20711500
Q8D1L8	P35658	Yersinia pestis	Q8D1L8_YERPE	NU214_HUMAN	1	632	two hybrid pooling approach	20711500
Q7CL82	O75694	Yersinia pestis	Q7CL82_YERPE	NU155_HUMAN	1	632	two hybrid pooling approach	20711500
Q7ARD3	Q96KG9	Yersinia pestis	Q7ARD3_YERPE	SCYL1_HUMAN	1	632	two hybrid pooling approach	20711500
Q9X6B0	Q96KG9	Yersinia pestis	KATG_YERPE	SCYL1_HUMAN	1	632	two hybrid pooling approach	20711500
Q8D1J3	Q96L73	Yersinia pestis	Q8D1J3_YERPE	NSD1_HUMAN	1	632	two hybrid pooling approach	20711500
Q8ZA76	Q96L73	Yersinia pestis	GLGX_YERPE	NSD1_HUMAN	1	632	two hybrid pooling approach	20711500
Q7CJ97	O14786	Yersinia pestis	Q7CJ97_YERPE	NRP1_HUMAN	1	632	two hybrid pooling approach	20711500
Q7CGR6	Q02297	Yersinia pestis	Q7CGR6_YERPE	NRG1_HUMAN	1	632	two hybrid pooling approach	20711500
Q8ZGB4	O43847	Yersinia pestis	SERC_YERPE	NRDC_HUMAN	1	632	two hybrid pooling approach	20711500
Q8CZM5	Q14994	Yersinia pestis	Q8CZM5_YERPE	NR1I3_HUMAN	1	632	two hybrid pooling approach	20711500
Q8ZB88	P16083	Yersinia pestis	YTFE_YERPE	NQO2_HUMAN	1	632	two hybrid pooling approach	20711500
Q7CG05	P16083	Yersinia pestis	Q7CG05_YERPE	NQO2_HUMAN	1	632	two hybrid pooling approach	20711500
Q7CHB5	Q9UFN0	Yersinia pestis	Q7CHB5_YERPE	NPS3A_HUMAN	1	632	two hybrid pooling approach	20711500
Q8D1N0	P06748	Yersinia pestis	Q8D1N0_YERPE	NPM_HUMAN	1	632	two hybrid pooling approach	20711500
Q7ARD3	P06748	Yersinia pestis	Q7ARD3_YERPE	NPM_HUMAN	1	632	two hybrid pooling approach	20711500
Q8ZFR1	P06748	Yersinia pestis	NPD_YERPE	NPM_HUMAN	1	632	two hybrid pooling approach	20711500
Q8D0R4	Q86UR1	Yersinia pestis	Q8D0R4_YERPE	NOXA1_HUMAN	1	632	two hybrid pooling approach	20711500
Q8D1M6	Q9UM47	Yersinia pestis	Q8D1M6_YERPE	NOTC3_HUMAN	1	632	two hybrid pooling approach	20711500
Q8D176	Q9UM47	Yersinia pestis	Q8D176_YERPE	NOTC3_HUMAN	1	632	two hybrid pooling approach	20711500
Q7CHR9	Q04721	Yersinia pestis	Q7CHR9_YERPE	NOTC2_HUMAN	1	632	two hybrid pooling approach	20711500
Q8ZJJ7	P46531	Yersinia pestis	RRAA_YERPE	NOTC1_HUMAN	1	632	two hybrid pooling approach	20711500
Q8D176	P46531	Yersinia pestis	Q8D176_YERPE	NOTC1_HUMAN	1	632	two hybrid pooling approach	20711500
Q7CFY4	P46531	Yersinia pestis	Q7CFY4_YERPE	NOTC1_HUMAN	1	632	two hybrid pooling approach	20711500
Q8ZCW0	P46531	Yersinia pestis	MDTB_YERPE	NOTC1_HUMAN	1	632	two hybrid pooling approach	20711500
Q8ZJI2	P46531	Yersinia pestis	MALT_YERPE	NOTC1_HUMAN	1	632	two hybrid pooling approach	20711500
Q8D0D4	Q15233	Yersinia pestis	Q8D0D4_YERPE	NONO_HUMAN	1	632	two hybrid pooling approach	20711500
Q8CLD1	Q9UMY1	Yersinia pestis	Q8CLD1_YERPE	NOL7_HUMAN	1	632	two hybrid pooling approach	20711500
Q7CHG5	Q9H6W3	Yersinia pestis	Q7CHG5_YERPE	NO66_HUMAN	1	632	two hybrid pooling approach	20711500
Q9F287	Q16517	Yersinia pestis	Q9F287_YERPE	NNAT_HUMAN	1	632	two hybrid pooling approach	20711500
Q8CLT3	Q9HBL8	Yersinia pestis	Q8CLT3_YERPE	NMRL1_HUMAN	1	632	two hybrid pooling approach	20711500
Q8ZHG0	Q9HBL8	Yersinia pestis	AGUA_YERPE	NMRL1_HUMAN	1	632	two hybrid pooling approach	20711500
Q8ZJ07	Q13287	Yersinia pestis	UVRA_YERPE	NMI_HUMAN	1	632	two hybrid pooling approach	20711500
Q7CL49	Q13287	Yersinia pestis	Q7CL49_YERPE	NMI_HUMAN	1	632	two hybrid pooling approach	20711500
Q7CKD2	Q13287	Yersinia pestis	Q7CKD2_YERPE	NMI_HUMAN	1	632	two hybrid pooling approach	20711500
Q7CIP7	Q13287	Yersinia pestis	Q7CIP7_YERPE	NMI_HUMAN	1	632	two hybrid pooling approach	20711500
Q7CH84	P22307	Yersinia pestis	Q7CH84_YERPE	NLTP_HUMAN	1	632	two hybrid pooling approach	20711500
Q9ZC68	Q8N0W4	Yersinia pestis	ASTD_YERPE	NLGNX_HUMAN	1	632	two hybrid pooling approach	20711500
Q7CIL8	P30414	Yersinia pestis	Q7CIL8_YERPE	NKTR_HUMAN	1	632	two hybrid pooling approach	20711500
Q7CGQ2	Q07444	Yersinia pestis	Q7CGQ2_YERPE	NKG2E_HUMAN	1	632	two hybrid pooling approach	20711500
Q7CJK5	O75323	Yersinia pestis	Q7CJK5_YERPE	NIPS2_HUMAN	1	632	two hybrid pooling approach	20711500
Q8ZD36	P14543	Yersinia pestis	MNMC_YERPE	NID1_HUMAN	1	632	two hybrid pooling approach	20711500
Q8CZF9	Q9UJF2	Yersinia pestis	Q8CZF9_YERPE	NGAP_HUMAN	1	632	two hybrid pooling approach	20711500
P69970	P19838	Yersinia pestis	YSCI_YERPE	NFKB1_HUMAN	1	632	two hybrid pooling approach	20711500
Q9RI12	P19838	Yersinia pestis	YPKA_YERPE	NFKB1_HUMAN	1	632	two hybrid pooling approach	20711500
Q8ZH58	P19838	Yersinia pestis	BAMA_YERPE	NFKB1_HUMAN	1	632	two hybrid pooling approach	20711500
Q8ZEL2	P19838	Yersinia pestis	Y2152_YERPE	NFKB1_HUMAN	1	632	two hybrid pooling approach	20711500
Q8ZAF1	P19838	Yersinia pestis	WZYE_YERPE	NFKB1_HUMAN	1	632	two hybrid pooling approach	20711500
Q8ZF52	P19838	Yersinia pestis	UVRC_YERPE	NFKB1_HUMAN	1	632	two hybrid pooling approach	20711500
Q8ZIM0	P19838	Yersinia pestis	SYI_YERPE	NFKB1_HUMAN	1	632	two hybrid pooling approach	20711500
Q8ZGJ9	P19838	Yersinia pestis	RPIA2_YERPE	NFKB1_HUMAN	1	632	two hybrid pooling approach	20711500
Q7ARB3	P19838	Yersinia pestis	Q7ARB3_YERPE	NFKB1_HUMAN	1	632	two hybrid pooling approach	20711500
Q74YH2	P19838	Yersinia pestis	Q74YH2_YERPE	NFKB1_HUMAN	1	632	two hybrid pooling approach	20711500
Q7ARA1	P19838	Yersinia pestis	Q7ARA1_YERPE	NFKB1_HUMAN	1	632	two hybrid pooling approach	20711500
Q9Z3B4	P19838	Yersinia pestis	Q9Z3B4_YERPE	NFKB1_HUMAN	1	632	two hybrid pooling approach	20711500
Q8D1P7	P19838	Yersinia pestis	Q8D1P7_YERPE	NFKB1_HUMAN	1	632	two hybrid pooling approach	20711500
Q8D1M9	P19838	Yersinia pestis	Q8D1M9_YERPE	NFKB1_HUMAN	1	632	two hybrid pooling approach	20711500
Q8D1G4	P19838	Yersinia pestis	Q8D1G4_YERPE	NFKB1_HUMAN	1	632	two hybrid pooling approach	20711500
Q8D1A4	P19838	Yersinia pestis	Q8D1A4_YERPE	NFKB1_HUMAN	1	632	two hybrid pooling approach	20711500
Q8D133	P19838	Yersinia pestis	Q8D133_YERPE	NFKB1_HUMAN	1	632	two hybrid pooling approach	20711500
Q8D0X0	P19838	Yersinia pestis	Q8D0X0_YERPE	NFKB1_HUMAN	1	632	two hybrid pooling approach	20711500
Q8D0V3	P19838	Yersinia pestis	Q8D0V3_YERPE	NFKB1_HUMAN	1	632	two hybrid pooling approach	20711500
Q8D0I9	P19838	Yersinia pestis	Q8D0I9_YERPE	NFKB1_HUMAN	1	632	two hybrid pooling approach	20711500
Q8D045	P19838	Yersinia pestis	Q8D045_YERPE	NFKB1_HUMAN	1	632	two hybrid pooling approach	20711500
Q8D007	P19838	Yersinia pestis	Q8D007_YERPE	NFKB1_HUMAN	1	632	two hybrid pooling approach	20711500
Q8CZZ4	P19838	Yersinia pestis	Q8CZZ4_YERPE	NFKB1_HUMAN	1	632	two hybrid pooling approach	20711500
Q8CZN4	P19838	Yersinia pestis	Q8CZN4_YERPE	NFKB1_HUMAN	1	632	two hybrid pooling approach	20711500
Q8CZJ8	P19838	Yersinia pestis	Q8CZJ8_YERPE	NFKB1_HUMAN	1	632	two hybrid pooling approach	20711500
Q8CZH3	P19838	Yersinia pestis	Q8CZH3_YERPE	NFKB1_HUMAN	1	632	two hybrid pooling approach	20711500
Q8CLV2	P19838	Yersinia pestis	Q8CLV2_YERPE	NFKB1_HUMAN	1	632	two hybrid pooling approach	20711500
Q8CLE5	P19838	Yersinia pestis	Q8CLE5_YERPE	NFKB1_HUMAN	1	632	two hybrid pooling approach	20711500
Q8CL24	P19838	Yersinia pestis	Q8CL24_YERPE	NFKB1_HUMAN	1	632	two hybrid pooling approach	20711500
Q7CL05	P19838	Yersinia pestis	Q7CL05_YERPE	NFKB1_HUMAN	1	632	two hybrid pooling approach	20711500
Q7CKS5	P19838	Yersinia pestis	Q7CKS5_YERPE	NFKB1_HUMAN	1	632	two hybrid pooling approach	20711500
Q7CKQ6	P19838	Yersinia pestis	Q7CKQ6_YERPE	NFKB1_HUMAN	1	632	two hybrid pooling approach	20711500
Q7CKJ8	P19838	Yersinia pestis	Q7CKJ8_YERPE	NFKB1_HUMAN	1	632	two hybrid pooling approach	20711500
Q7CKH9	P19838	Yersinia pestis	Q7CKH9_YERPE	NFKB1_HUMAN	1	632	two hybrid pooling approach	20711500
Q7CKB5	P19838	Yersinia pestis	Q7CKB5_YERPE	NFKB1_HUMAN	1	632	two hybrid pooling approach	20711500
Q7CK96	P19838	Yersinia pestis	Q7CK96_YERPE	NFKB1_HUMAN	1	632	two hybrid pooling approach	20711500
Q7CJX4	P19838	Yersinia pestis	Q7CJX4_YERPE	NFKB1_HUMAN	1	632	two hybrid pooling approach	20711500
Q7CJ74	P19838	Yersinia pestis	Q7CJ74_YERPE	NFKB1_HUMAN	1	632	two hybrid pooling approach	20711500
Q7CIZ0	P19838	Yersinia pestis	Q7CIZ0_YERPE	NFKB1_HUMAN	1	632	two hybrid pooling approach	20711500
Q7CIP7	P19838	Yersinia pestis	Q7CIP7_YERPE	NFKB1_HUMAN	1	632	two hybrid pooling approach	20711500
Q7CII9	P19838	Yersinia pestis	Q7CII9_YERPE	NFKB1_HUMAN	1	632	two hybrid pooling approach	20711500
Q7CI85	P19838	Yersinia pestis	Q7CI85_YERPE	NFKB1_HUMAN	1	632	two hybrid pooling approach	20711500
Q7CHW1	P19838	Yersinia pestis	Q7CHW1_YERPE	NFKB1_HUMAN	1	632	two hybrid pooling approach	20711500
Q7CHC8	P19838	Yersinia pestis	Q7CHC8_YERPE	NFKB1_HUMAN	1	632	two hybrid pooling approach	20711500
Q7CHC7	P19838	Yersinia pestis	Q7CHC7_YERPE	NFKB1_HUMAN	1	632	two hybrid pooling approach	20711500
Q7CGK8	P19838	Yersinia pestis	Q7CGK8_YERPE	NFKB1_HUMAN	1	632	two hybrid pooling approach	20711500
Q7CGD4	P19838	Yersinia pestis	Q7CGD4_YERPE	NFKB1_HUMAN	1	632	two hybrid pooling approach	20711500
Q7CGD3	P19838	Yersinia pestis	Q7CGD3_YERPE	NFKB1_HUMAN	1	632	two hybrid pooling approach	20711500
Q7CG92	P19838	Yersinia pestis	Q7CG92_YERPE	NFKB1_HUMAN	1	632	two hybrid pooling approach	20711500
Q7CG26	P19838	Yersinia pestis	Q7CG26_YERPE	NFKB1_HUMAN	1	632	two hybrid pooling approach	20711500
Q7CFV8	P19838	Yersinia pestis	Q7CFV8_YERPE	NFKB1_HUMAN	1	632	two hybrid pooling approach	20711500
Q7CFP2	P19838	Yersinia pestis	Q7CFP2_YERPE	NFKB1_HUMAN	1	632	two hybrid pooling approach	20711500
Q9RID8	P19838	Yersinia pestis	Q9RID8_YERPE	NFKB1_HUMAN	1	632	two hybrid pooling approach	20711500
Q8ZJ18	P19838	Yersinia pestis	PLSB_YERPE	NFKB1_HUMAN	1	632	two hybrid pooling approach	20711500
O68769	P19838	Yersinia pestis	O68769_YERPE	NFKB1_HUMAN	1	632	two hybrid pooling approach	20711500
O68699	P19838	Yersinia pestis	O68699_YERPE	NFKB1_HUMAN	1	632	two hybrid pooling approach	20711500
P58526	P19838	Yersinia pestis	MTOX_YERPE	NFKB1_HUMAN	1	632	two hybrid pooling approach	20711500
Q8ZGA9	P19838	Yersinia pestis	MSBA_YERPE	NFKB1_HUMAN	1	632	two hybrid pooling approach	20711500
Q8ZCK2	P19838	Yersinia pestis	MNTH_YERPE	NFKB1_HUMAN	1	632	two hybrid pooling approach	20711500
Q8CKC6	P19838	Yersinia pestis	LPT_YERPE	NFKB1_HUMAN	1	632	two hybrid pooling approach	20711500
Q8ZIH1	P19838	Yersinia pestis	LEUD_YERPE	NFKB1_HUMAN	1	632	two hybrid pooling approach	20711500
Q8ZEL9	P19838	Yersinia pestis	FADR_YERPE	NFKB1_HUMAN	1	632	two hybrid pooling approach	20711500
Q8ZBK0	P19838	Yersinia pestis	CUEO_YERPE	NFKB1_HUMAN	1	632	two hybrid pooling approach	20711500
Q8ZIL4	P19838	Yersinia pestis	CARB_YERPE	NFKB1_HUMAN	1	632	two hybrid pooling approach	20711500
Q8ZJF6	P19838	Yersinia pestis	AROB_YERPE	NFKB1_HUMAN	1	632	two hybrid pooling approach	20711500
Q7CFV4	Q16621	Yersinia pestis	Q7CFV4_YERPE	NFE2_HUMAN	1	632	two hybrid pooling approach	20711500
Q8CL29	Q13469	Yersinia pestis	Q8CL29_YERPE	NFAC2_HUMAN	1	632	two hybrid pooling approach	20711500
Q8D0V0	Q14494	Yersinia pestis	Q8D0V0_YERPE	NF2L1_HUMAN	1	632	two hybrid pooling approach	20711500
Q7CJC9	Q14494	Yersinia pestis	Q7CJC9_YERPE	NF2L1_HUMAN	1	632	two hybrid pooling approach	20711500
Q7CH88	Q0ZGT2	Yersinia pestis	Q7CH88_YERPE	NEXN_HUMAN	1	632	two hybrid pooling approach	20711500
Q8D1F5	Q9HB63	Yersinia pestis	Q8D1F5_YERPE	NET4_HUMAN	1	632	two hybrid pooling approach	20711500
Q7CIF5	P18615	Yersinia pestis	Q7CIF5_YERPE	NELFE_HUMAN	1	632	two hybrid pooling approach	20711500
Q7ARD3	Q8TDX7	Yersinia pestis	Q7ARD3_YERPE	NEK7_HUMAN	1	632	two hybrid pooling approach	20711500
Q7CKK4	P22392	Yersinia pestis	Q7CKK4_YERPE	NDKB_HUMAN	1	632	two hybrid pooling approach	20711500
Q8ZJJ5	P22392	Yersinia pestis	HSLU_YERPE	NDKB_HUMAN	1	632	two hybrid pooling approach	20711500
Q7CKM5	Q9GZM8	Yersinia pestis	Q7CKM5_YERPE	NDEL1_HUMAN	1	632	two hybrid pooling approach	20711500
P17778	Q9Y618	Yersinia pestis	YOPM_YERPE	NCOR2_HUMAN	1	632	two hybrid pooling approach	20711500
Q8ZH37	Q9Y618	Yersinia pestis	GMHBB_YERPE	NCOR2_HUMAN	1	632	two hybrid pooling approach	20711500
Q7CFN3	O75376	Yersinia pestis	Q7CFN3_YERPE	NCOR1_HUMAN	1	632	two hybrid pooling approach	20711500
Q8D194	O60502	Yersinia pestis	Q8D194_YERPE	OGA_HUMAN	1	632	two hybrid pooling approach	20711500
Q8D0R7	Q8NI08	Yersinia pestis	Q8D0R7_YERPE	NCOA7_HUMAN	1	632	two hybrid pooling approach	20711500
Q8CZT6	Q14686	Yersinia pestis	Q8CZT6_YERPE	NCOA6_HUMAN	1	632	two hybrid pooling approach	20711500
Q8CKL9	Q14686	Yersinia pestis	Q8CKL9_YERPE	NCOA6_HUMAN	1	632	two hybrid pooling approach	20711500
Q7CJM5	Q14686	Yersinia pestis	BAMB_YERPE	NCOA6_HUMAN	1	632	two hybrid pooling approach	20711500
Q7CFY4	Q14686	Yersinia pestis	Q7CFY4_YERPE	NCOA6_HUMAN	1	632	two hybrid pooling approach	20711500
Q8D0P1	Q9HCD5	Yersinia pestis	CHEY_YERPE	NCOA5_HUMAN	1	632	two hybrid pooling approach	20711500
Q7CIG0	Q9Y6Q9	Yersinia pestis	Q7CIG0_YERPE	NCOA3_HUMAN	1	632	two hybrid pooling approach	20711500
Q7CG16	Q9Y6Q9	Yersinia pestis	Q7CG16_YERPE	NCOA3_HUMAN	1	632	two hybrid pooling approach	20711500
Q8ZIX0	Q9Y6Q9	Yersinia pestis	RSGA_YERPE	NCOA3_HUMAN	1	632	two hybrid pooling approach	20711500
Q8ZIL5	Q9Y6Q9	Yersinia pestis	CARA_YERPE	NCOA3_HUMAN	1	632	two hybrid pooling approach	20711500
Q8ZFB2	Q15596	Yersinia pestis	FLGH2_YERPE	NCOA2_HUMAN	1	632	two hybrid pooling approach	20711500
Q7CG32	P52298	Yersinia pestis	Q7CG32_YERPE	NCBP2_HUMAN	1	632	two hybrid pooling approach	20711500
Q74YH2	P13591	Yersinia pestis	Q74YH2_YERPE	NCAM1_HUMAN	1	632	two hybrid pooling approach	20711500
Q7CGX2	P13591	Yersinia pestis	Q7CGX2_YERPE	NCAM1_HUMAN	1	632	two hybrid pooling approach	20711500
Q8ZIH1	Q8N660	Yersinia pestis	LEUD_YERPE	NBPFF_HUMAN	1	632	two hybrid pooling approach	20711500
Q8D1P8	Q3BBV2	Yersinia pestis	Q8D1P8_YERPE	NBPF8_HUMAN	1	632	two hybrid pooling approach	20711500
P68587	P0C2Y1	Yersinia pestis	YSCP_YERPE	NBPF7_HUMAN	1	632	two hybrid pooling approach	20711500
Q8ZFR1	Q6ZS30	Yersinia pestis	NPD_YERPE	NBEL1_HUMAN	1	632	two hybrid pooling approach	20711500
Q8CWG4	Q8NFP9	Yersinia pestis	Q8CWG4_YERPE	NBEA_HUMAN	1	632	two hybrid pooling approach	20711500
Q8CWG4	Q9UHE5	Yersinia pestis	Q8CWG4_YERPE	NAT8_HUMAN	1	632	two hybrid pooling approach	20711500
Q7ARD3	Q8TBE9	Yersinia pestis	Q7ARD3_YERPE	NANP_HUMAN	1	632	two hybrid pooling approach	20711500
Q7CH84	P43490	Yersinia pestis	Q7CH84_YERPE	NAMPT_HUMAN	1	632	two hybrid pooling approach	20711500
Q7CGN7	Q9C000	Yersinia pestis	Q7CGN7_YERPE	NLRP1_HUMAN	1	632	two hybrid pooling approach	20711500
Q8ZJ10	Q9C000	Yersinia pestis	ALR1_YERPE	NLRP1_HUMAN	1	632	two hybrid pooling approach	20711500
Q7CKH8	Q9Y3Q0	Yersinia pestis	Q7CKH8_YERPE	NALD2_HUMAN	1	632	two hybrid pooling approach	20711500
Q8ZBM5	Q9UJ70	Yersinia pestis	DGTP_YERPE	NAGK_HUMAN	1	632	two hybrid pooling approach	20711500
Q9ZC68	Q9UJ70	Yersinia pestis	ASTD_YERPE	NAGK_HUMAN	1	632	two hybrid pooling approach	20711500
Q7CHV2	Q13506	Yersinia pestis	Q7CHV2_YERPE	NAB1_HUMAN	1	632	two hybrid pooling approach	20711500
Q7CJF7	Q86UW6	Yersinia pestis	Q7CJF7_YERPE	N4BP2_HUMAN	1	632	two hybrid pooling approach	20711500
Q8CL08	Q8WYB5	Yersinia pestis	Q8CL08_YERPE	KAT6B_HUMAN	1	632	two hybrid pooling approach	20711500
P58543	Q9NPC6	Yersinia pestis	ARAB_YERPE	MYOZ2_HUMAN	1	632	two hybrid pooling approach	20711500
Q7CJH7	Q5VU43	Yersinia pestis	Q7CJH7_YERPE	MYOME_HUMAN	1	632	two hybrid pooling approach	20711500
Q8D0E4	Q15746	Yersinia pestis	Q8D0E4_YERPE	MYLK_HUMAN	1	632	two hybrid pooling approach	20711500
Q8CZQ9	Q15746	Yersinia pestis	Q8CZQ9_YERPE	MYLK_HUMAN	1	632	two hybrid pooling approach	20711500
Q7CK47	Q15746	Yersinia pestis	Q7CK47_YERPE	MYLK_HUMAN	1	632	two hybrid pooling approach	20711500
Q7CJE7	Q15746	Yersinia pestis	Q7CJE7_YERPE	MYLK_HUMAN	1	632	two hybrid pooling approach	20711500
Q7ARD3	Q15746	Yersinia pestis	Q7ARD3_YERPE	MYLK_HUMAN	1	632	two hybrid pooling approach	20711500
Q7CIA2	P60660	Yersinia pestis	PRMC_YERPE	MYL6_HUMAN	1	632	two hybrid pooling approach	20711500
Q74YF9	P35579	Yersinia pestis	Q74YF9_YERPE	MYH9_HUMAN	1	632	two hybrid pooling approach	20711500
Q8ZFB2	P35579	Yersinia pestis	FLGH2_YERPE	MYH9_HUMAN	1	632	two hybrid pooling approach	20711500
Q8D131	Q7Z406	Yersinia pestis	Q8D131_YERPE	MYH14_HUMAN	1	632	two hybrid pooling approach	20711500
Q8D1P8	Q8N699	Yersinia pestis	Q8D1P8_YERPE	MYCT1_HUMAN	1	632	two hybrid pooling approach	20711500
Q8ZEL2	O75592	Yersinia pestis	Y2152_YERPE	MYCB2_HUMAN	1	632	two hybrid pooling approach	20711500
Q7CJ27	O75592	Yersinia pestis	Q7CJ27_YERPE	MYCB2_HUMAN	1	632	two hybrid pooling approach	20711500
Q7CGG5	O75592	Yersinia pestis	Q7CGG5_YERPE	MYCB2_HUMAN	1	632	two hybrid pooling approach	20711500
Q8ZHF1	O75592	Yersinia pestis	GLSA1_YERPE	MYCB2_HUMAN	1	632	two hybrid pooling approach	20711500
Q9ZC68	O75592	Yersinia pestis	ASTD_YERPE	MYCB2_HUMAN	1	632	two hybrid pooling approach	20711500
Q8D169	Q92614	Yersinia pestis	Q8D169_YERPE	MY18A_HUMAN	1	632	two hybrid pooling approach	20711500
Q7CHX2	Q92614	Yersinia pestis	Q7CHX2_YERPE	MY18A_HUMAN	1	632	two hybrid pooling approach	20711500
Q7CFX4	P20591	Yersinia pestis	Q7CFX4_YERPE	MX1_HUMAN	1	632	two hybrid pooling approach	20711500
Q7CL30	Q14764	Yersinia pestis	Q7CL30_YERPE	MVP_HUMAN	1	632	two hybrid pooling approach	20711500
Q8ZD12	P01871	Yersinia pestis	Y2781_YERPE	IGHM_HUMAN	1	632	two hybrid pooling approach	20711500
Q8ZDJ2	P01871	Yersinia pestis	Y2573_YERPE	IGHM_HUMAN	1	632	two hybrid pooling approach	20711500
Q9F287	P01871	Yersinia pestis	Q9F287_YERPE	IGHM_HUMAN	1	632	two hybrid pooling approach	20711500
Q8CL50	P01871	Yersinia pestis	Q8CL50_YERPE	IGHM_HUMAN	1	632	two hybrid pooling approach	20711500
Q7CL87	P01871	Yersinia pestis	Q7CL87_YERPE	IGHM_HUMAN	1	632	two hybrid pooling approach	20711500
Q7CK49	P01871	Yersinia pestis	Q7CK49_YERPE	IGHM_HUMAN	1	632	two hybrid pooling approach	20711500
Q7CJU6	P01871	Yersinia pestis	Q7CJU6_YERPE	IGHM_HUMAN	1	632	two hybrid pooling approach	20711500
Q7CJU1	P01871	Yersinia pestis	Q7CJU1_YERPE	IGHM_HUMAN	1	632	two hybrid pooling approach	20711500
Q7CIS3	P01871	Yersinia pestis	Q7CIS3_YERPE	IGHM_HUMAN	1	632	two hybrid pooling approach	20711500
Q7CGR6	P01871	Yersinia pestis	Q7CGR6_YERPE	IGHM_HUMAN	1	632	two hybrid pooling approach	20711500
Q7CGN8	P01871	Yersinia pestis	Q7CGN8_YERPE	IGHM_HUMAN	1	632	two hybrid pooling approach	20711500
Q7CG38	P01871	Yersinia pestis	Q7CG38_YERPE	IGHM_HUMAN	1	632	two hybrid pooling approach	20711500
Q8ZA10	P01871	Yersinia pestis	HUTH_YERPE	IGHM_HUMAN	1	632	two hybrid pooling approach	20711500
Q8ZJF3	P01871	Yersinia pestis	GPH_YERPE	IGHM_HUMAN	1	632	two hybrid pooling approach	20711500
Q9X6B0	P01871	Yersinia pestis	KATG_YERPE	IGHM_HUMAN	1	632	two hybrid pooling approach	20711500
Q7CKP0	Q99102	Yersinia pestis	Q7CKP0_YERPE	MUC4_HUMAN	1	632	two hybrid pooling approach	20711500
Q8D1P4	O43312	Yersinia pestis	Q8D1P4_YERPE	MTSS1_HUMAN	1	632	two hybrid pooling approach	20711500
P17778	Q9Y2Z2	Yersinia pestis	YOPM_YERPE	MTO1_HUMAN	1	632	two hybrid pooling approach	20711500
Q7CJU1	O95248	Yersinia pestis	Q7CJU1_YERPE	MTMR5_HUMAN	1	632	two hybrid pooling approach	20711500
Q7CHI6	Q13615	Yersinia pestis	Q7CHI6_YERPE	MTMR3_HUMAN	1	632	two hybrid pooling approach	20711500
Q8D1P8	Q13614	Yersinia pestis	Q8D1P8_YERPE	MTMR2_HUMAN	1	632	two hybrid pooling approach	20711500
Q7ARD3	Q13614	Yersinia pestis	Q7ARD3_YERPE	MTMR2_HUMAN	1	632	two hybrid pooling approach	20711500
Q8ZH40	Q13614	Yersinia pestis	METQ_YERPE	MTMR2_HUMAN	1	632	two hybrid pooling approach	20711500
Q7CKL8	Q13496	Yersinia pestis	Q7CKL8_YERPE	MTM1_HUMAN	1	632	two hybrid pooling approach	20711500
Q8D068	O75081	Yersinia pestis	Q8D068_YERPE	MTG16_HUMAN	1	632	two hybrid pooling approach	20711500
Q56990	P47224	Yersinia pestis	HMUS_YERPE	MSS4_HUMAN	1	632	two hybrid pooling approach	20711500
Q7CKV2	Q9HCI7	Yersinia pestis	Q7CKV2_YERPE	MSL2_HUMAN	1	632	two hybrid pooling approach	20711500
Q9ZC63	Q9GZW8	Yersinia pestis	Q9ZC63_YERPE	MS4A7_HUMAN	1	632	two hybrid pooling approach	20711500
Q8D100	O15438	Yersinia pestis	Q8D100_YERPE	MRP3_HUMAN	1	632	two hybrid pooling approach	20711500
Q8CZU9	O15438	Yersinia pestis	Q8CZU9_YERPE	MRP3_HUMAN	1	632	two hybrid pooling approach	20711500
Q7CJQ8	O75970	Yersinia pestis	Q7CJQ8_YERPE	MPDZ_HUMAN	1	632	two hybrid pooling approach	20711500
Q7ARN5	O75970	Yersinia pestis	Q7ARN5_YERPE	MPDZ_HUMAN	1	632	two hybrid pooling approach	20711500
Q7CHJ5	Q00325	Yersinia pestis	Q7CHJ5_YERPE	MPCP_HUMAN	1	632	two hybrid pooling approach	20711500
Q7CKV6	P53985	Yersinia pestis	UGPA_YERPE	MOT1_HUMAN	1	632	two hybrid pooling approach	20711500
Q8D0H5	O96007	Yersinia pestis	Q8D0H5_YERPE	MOC2B_HUMAN	1	632	two hybrid pooling approach	20711500
P69974	Q7Z3U7	Yersinia pestis	YSCK_YERPE	MON2_HUMAN	1	632	two hybrid pooling approach	20711500
Q7CIC0	Q7L9L4	Yersinia pestis	Q7CIC0_YERPE	MOB1B_HUMAN	1	632	two hybrid pooling approach	20711500
Q7CIW0	Q96BY2	Yersinia pestis	Q7CIW0_YERPE	MOAP1_HUMAN	1	632	two hybrid pooling approach	20711500
Q7CG52	Q15014	Yersinia pestis	Q7CG52_YERPE	MO4L2_HUMAN	1	632	two hybrid pooling approach	20711500
Q8CKN3	Q96T76	Yersinia pestis	Q8CKN3_YERPE	MMS19_HUMAN	1	632	two hybrid pooling approach	20711500
Q7CJE7	P14780	Yersinia pestis	Q7CJE7_YERPE	MMP9_HUMAN	1	632	two hybrid pooling approach	20711500
Q8ZH37	P08253	Yersinia pestis	GMHBB_YERPE	MMP2_HUMAN	1	632	two hybrid pooling approach	20711500
Q8ZE38	P24844	Yersinia pestis	Y2347_YERPE	MYL9_HUMAN	1	632	two hybrid pooling approach	20711500
Q7CID4	P24844	Yersinia pestis	Q7CID4_YERPE	MYL9_HUMAN	1	632	two hybrid pooling approach	20711500
Q8ZAA1	P19105	Yersinia pestis	BTUB_YERPE	ML12A_HUMAN	1	632	two hybrid pooling approach	20711500
Q7CG44	Q8NEZ4	Yersinia pestis	Q7CG44_YERPE	KMT2C_HUMAN	1	632	two hybrid pooling approach	20711500
Q3V8F5	Q8NEZ4	Yersinia pestis	Q3V8F5_YERPE	KMT2C_HUMAN	1	632	two hybrid pooling approach	20711500
Q8CZY2	P40692	Yersinia pestis	Q8CZY2_YERPE	MLH1_HUMAN	1	632	two hybrid pooling approach	20711500
P68587	Q15773	Yersinia pestis	YSCP_YERPE	MLF2_HUMAN	1	632	two hybrid pooling approach	20711500
Q7CHH7	Q15773	Yersinia pestis	Q7CHH7_YERPE	MLF2_HUMAN	1	632	two hybrid pooling approach	20711500
Q8CZY7	Q9HBH9	Yersinia pestis	SYDP_YERPE	MKNK2_HUMAN	1	632	two hybrid pooling approach	20711500
Q7CG44	Q969V6	Yersinia pestis	Q7CG44_YERPE	MKL1_HUMAN	1	632	two hybrid pooling approach	20711500
Q8ZBC2	Q16539	Yersinia pestis	IF2_YERPE	MK14_HUMAN	1	632	two hybrid pooling approach	20711500
Q7CJQ8	Q13164	Yersinia pestis	Q7CJQ8_YERPE	MK07_HUMAN	1	632	two hybrid pooling approach	20711500
Q7CKB7	Q96T58	Yersinia pestis	Q7CKB7_YERPE	MINT_HUMAN	1	632	two hybrid pooling approach	20711500
P58411	Q96T58	Yersinia pestis	MACA_YERPE	MINT_HUMAN	1	632	two hybrid pooling approach	20711500
O68742	Q8N3F8	Yersinia pestis	O68742_YERPE	MILK1_HUMAN	1	632	two hybrid pooling approach	20711500
Q8D1R1	Q96AX9	Yersinia pestis	Q8D1R1_YERPE	MIB2_HUMAN	1	632	two hybrid pooling approach	20711500
Q8CZU2	Q96AX9	Yersinia pestis	Q8CZU2_YERPE	MIB2_HUMAN	1	632	two hybrid pooling approach	20711500
Q7CJ99	Q09328	Yersinia pestis	Q7CJ99_YERPE	MGT5A_HUMAN	1	632	two hybrid pooling approach	20711500
Q7CGV9	Q9UQ53	Yersinia pestis	Q7CGV9_YERPE	MGT4B_HUMAN	1	632	two hybrid pooling approach	20711500
Q8ZJ16	O43451	Yersinia pestis	LEXA_YERPE	MGA_HUMAN	1	632	two hybrid pooling approach	20711500
P68587	Q9Y4C4	Yersinia pestis	YSCP_YERPE	MFHA1_HUMAN	1	632	two hybrid pooling approach	20711500
Q8CLC4	Q5U5Q3	Yersinia pestis	Q8CLC4_YERPE	MEX3C_HUMAN	1	632	two hybrid pooling approach	20711500
P69984	P31153	Yersinia pestis	YSCT_YERPE	METK2_HUMAN	1	632	two hybrid pooling approach	20711500
Q8ZEG8	P31153	Yersinia pestis	TRPC_YERPE	METK2_HUMAN	1	632	two hybrid pooling approach	20711500
Q8ZAQ2	P31153	Yersinia pestis	THIC_YERPE	METK2_HUMAN	1	632	two hybrid pooling approach	20711500
Q7CJ39	P31153	Yersinia pestis	Q7CJ39_YERPE	METK2_HUMAN	1	632	two hybrid pooling approach	20711500
Q7CHB5	P31153	Yersinia pestis	Q7CHB5_YERPE	METK2_HUMAN	1	632	two hybrid pooling approach	20711500
O68779	P31153	Yersinia pestis	O68779_YERPE	METK2_HUMAN	1	632	two hybrid pooling approach	20711500
Q7CIZ2	P50221	Yersinia pestis	Q7CIZ2_YERPE	MEOX1_HUMAN	1	632	two hybrid pooling approach	20711500
Q8D1Q5	O00470	Yersinia pestis	Q8D1Q5_YERPE	MEIS1_HUMAN	1	632	two hybrid pooling approach	20711500
Q8CKF8	Q7Z7M0	Yersinia pestis	Q8CKF8_YERPE	MEGF8_HUMAN	1	632	two hybrid pooling approach	20711500
Q7CJT3	Q7Z7M0	Yersinia pestis	Q7CJT3_YERPE	MEGF8_HUMAN	1	632	two hybrid pooling approach	20711500
Q8D0I9	Q14814	Yersinia pestis	Q8D0I9_YERPE	MEF2D_HUMAN	1	632	two hybrid pooling approach	20711500
Q7CKB8	Q9H204	Yersinia pestis	Q7CKB8_YERPE	MED28_HUMAN	1	632	two hybrid pooling approach	20711500
Q8ZI61	O75448	Yersinia pestis	GLNE_YERPE	MED24_HUMAN	1	632	two hybrid pooling approach	20711500
Q8ZGC4	Q13503	Yersinia pestis	SYS_YERPE	MED21_HUMAN	1	632	two hybrid pooling approach	20711500
Q8ZAB3	O60244	Yersinia pestis	ILVD_YERPE	MED14_HUMAN	1	632	two hybrid pooling approach	20711500
Q8D1M8	Q93074	Yersinia pestis	Q8D1M8_YERPE	MED12_HUMAN	1	632	two hybrid pooling approach	20711500
Q8D1C5	Q93074	Yersinia pestis	Q8D1C5_YERPE	MED12_HUMAN	1	632	two hybrid pooling approach	20711500
Q7CIZ3	Q93074	Yersinia pestis	BGAL_YERPE	MED12_HUMAN	1	632	two hybrid pooling approach	20711500
Q8ZGH4	Q93074	Yersinia pestis	DEOC1_YERPE	MED12_HUMAN	1	632	two hybrid pooling approach	20711500
Q8D1F5	P21439	Yersinia pestis	Q8D1F5_YERPE	MDR3_HUMAN	1	632	two hybrid pooling approach	20711500
Q8ZFX5	Q9NU22	Yersinia pestis	HISX_YERPE	MDN1_HUMAN	1	632	two hybrid pooling approach	20711500
Q7CJT3	Q9P1T7	Yersinia pestis	Q7CJT3_YERPE	MDFIC_HUMAN	1	632	two hybrid pooling approach	20711500
Q7ARE3	Q9P1T7	Yersinia pestis	Q7ARE3_YERPE	MDFIC_HUMAN	1	632	two hybrid pooling approach	20711500
Q8D1H5	P15529	Yersinia pestis	Q8D1H5_YERPE	MCP_HUMAN	1	632	two hybrid pooling approach	20711500
Q8ZIL5	P15529	Yersinia pestis	CARA_YERPE	MCP_HUMAN	1	632	two hybrid pooling approach	20711500
Q7CK66	O60318	Yersinia pestis	Q7CK66_YERPE	GANP_HUMAN	1	632	two hybrid pooling approach	20711500
Q7CIS2	O60318	Yersinia pestis	PURR_YERPE	GANP_HUMAN	1	632	two hybrid pooling approach	20711500
Q8ZBZ9	Q8IX19	Yersinia pestis	DPO4_YERPE	MCEM1_HUMAN	1	632	two hybrid pooling approach	20711500
Q7CIA2	Q5VZF2	Yersinia pestis	PRMC_YERPE	MBNL2_HUMAN	1	632	two hybrid pooling approach	20711500
Q8ZF52	Q9NR56	Yersinia pestis	UVRC_YERPE	MBNL1_HUMAN	1	632	two hybrid pooling approach	20711500
Q74R28	Q9NR56	Yersinia pestis	UGPC_YERPE	MBNL1_HUMAN	1	632	two hybrid pooling approach	20711500
Q9ZC30	Q9NR56	Yersinia pestis	Q9ZC30_YERPE	MBNL1_HUMAN	1	632	two hybrid pooling approach	20711500
Q8CLR7	Q9NR56	Yersinia pestis	Q8CLR7_YERPE	MBNL1_HUMAN	1	632	two hybrid pooling approach	20711500
Q7CJK1	Q9NR56	Yersinia pestis	Q7CJK1_YERPE	MBNL1_HUMAN	1	632	two hybrid pooling approach	20711500
Q7CIS4	Q9NR56	Yersinia pestis	Q7CIS4_YERPE	MBNL1_HUMAN	1	632	two hybrid pooling approach	20711500
Q7CI92	Q9NR56	Yersinia pestis	Q7CI92_YERPE	MBNL1_HUMAN	1	632	two hybrid pooling approach	20711500
Q8ZG09	Q9NR56	Yersinia pestis	MAO1_YERPE	MBNL1_HUMAN	1	632	two hybrid pooling approach	20711500
Q7CIX9	Q9NS73	Yersinia pestis	CHEZ_YERPE	MBIP1_HUMAN	1	632	two hybrid pooling approach	20711500
Q8D1M2	Q9P267	Yersinia pestis	Q8D1M2_YERPE	MBD5_HUMAN	1	632	two hybrid pooling approach	20711500
Q8D0V0	Q9P267	Yersinia pestis	Q8D0V0_YERPE	MBD5_HUMAN	1	632	two hybrid pooling approach	20711500
Q8CZT7	Q9P267	Yersinia pestis	Q8CZT7_YERPE	MBD5_HUMAN	1	632	two hybrid pooling approach	20711500
Q7CHX9	Q9P267	Yersinia pestis	Q7CHX9_YERPE	MBD5_HUMAN	1	632	two hybrid pooling approach	20711500
Q7CG52	Q9P267	Yersinia pestis	Q7CG52_YERPE	MBD5_HUMAN	1	632	two hybrid pooling approach	20711500
Q8ZDG9	Q9P267	Yersinia pestis	LIPB_YERPE	MBD5_HUMAN	1	632	two hybrid pooling approach	20711500
Q7CGS4	Q9P267	Yersinia pestis	E4PD_YERPE	MBD5_HUMAN	1	632	two hybrid pooling approach	20711500
Q8D068	P43243	Yersinia pestis	Q8D068_YERPE	MATR3_HUMAN	1	632	two hybrid pooling approach	20711500
Q8D1K6	P27448	Yersinia pestis	Q8D1K6_YERPE	MARK3_HUMAN	1	632	two hybrid pooling approach	20711500
Q7CIZ7	P27448	Yersinia pestis	Q7CIZ7_YERPE	MARK3_HUMAN	1	632	two hybrid pooling approach	20711500
Q7CIE5	P27448	Yersinia pestis	Q7CIE5_YERPE	MARK3_HUMAN	1	632	two hybrid pooling approach	20711500
Q7CGH9	P27448	Yersinia pestis	Q7CGH9_YERPE	MARK3_HUMAN	1	632	two hybrid pooling approach	20711500
Q7CFX1	P27448	Yersinia pestis	Q7CFX1_YERPE	MARK3_HUMAN	1	632	two hybrid pooling approach	20711500
Q7ARD3	P27448	Yersinia pestis	Q7ARD3_YERPE	MARK3_HUMAN	1	632	two hybrid pooling approach	20711500
Q7CHI6	Q15691	Yersinia pestis	Q7CHI6_YERPE	MARE1_HUMAN	1	632	two hybrid pooling approach	20711500
Q8ZDX4	Q15691	Yersinia pestis	BTUC_YERPE	MARE1_HUMAN	1	632	two hybrid pooling approach	20711500
Q7CGS9	P27816	Yersinia pestis	Q7CGS9_YERPE	MAP4_HUMAN	1	632	two hybrid pooling approach	20711500
Q7ARD3	P27816	Yersinia pestis	Q7ARD3_YERPE	MAP4_HUMAN	1	632	two hybrid pooling approach	20711500
Q8ZFX5	P27816	Yersinia pestis	HISX_YERPE	MAP4_HUMAN	1	632	two hybrid pooling approach	20711500
Q7CGW5	Q96JK9	Yersinia pestis	Q7CGW5_YERPE	MAML3_HUMAN	1	632	two hybrid pooling approach	20711500
Q7ARE4	Q8IZL2	Yersinia pestis	Q7ARE4_YERPE	MAML2_HUMAN	1	632	two hybrid pooling approach	20711500
Q8CLU2	Q86UL8	Yersinia pestis	Q8CLU2_YERPE	MAGI2_HUMAN	1	632	two hybrid pooling approach	20711500
Q8ZAW9	Q9HCI5	Yersinia pestis	MSRP_YERPE	MAGE1_HUMAN	1	632	two hybrid pooling approach	20711500
Q7CFV5	O60664	Yersinia pestis	Q7CFV5_YERPE	PLIN3_HUMAN	1	632	two hybrid pooling approach	20711500
Q8ZAQ2	O95819	Yersinia pestis	THIC_YERPE	M4K4_HUMAN	1	632	two hybrid pooling approach	20711500
Q8ZBN6	Q6ZN16	Yersinia pestis	CYSJ_YERPE	M3K15_HUMAN	1	632	two hybrid pooling approach	20711500
Q8CKY6	P07948	Yersinia pestis	Q8CKY6_YERPE	LYN_HUMAN	1	632	two hybrid pooling approach	20711500
Q7CJG3	P07948	Yersinia pestis	MACB2_YERPE	LYN_HUMAN	1	632	two hybrid pooling approach	20711500
Q8CWG5	O60449	Yersinia pestis	Q8CWG5_YERPE	LY75_HUMAN	1	632	two hybrid pooling approach	20711500
Q0WBF9	Q13342	Yersinia pestis	PNP_YERPE	SP140_HUMAN	1	632	two hybrid pooling approach	20711500
Q8CZQ3	Q13342	Yersinia pestis	Q8CZQ3_YERPE	SP140_HUMAN	1	632	two hybrid pooling approach	20711500
Q8ZDJ2	Q86V48	Yersinia pestis	Y2573_YERPE	LUZP1_HUMAN	1	632	two hybrid pooling approach	20711500
Q7CG01	Q9NQ29	Yersinia pestis	Q7CG01_YERPE	LUC7L_HUMAN	1	632	two hybrid pooling approach	20711500
Q8Z9U2	Q8N2S1	Yersinia pestis	MNME_YERPE	LTBP4_HUMAN	1	632	two hybrid pooling approach	20711500
Q7CKB2	Q8N2S1	Yersinia pestis	Q7CKB2_YERPE	LTBP4_HUMAN	1	632	two hybrid pooling approach	20711500
Q8ZCW0	Q8N2S1	Yersinia pestis	MDTB_YERPE	LTBP4_HUMAN	1	632	two hybrid pooling approach	20711500
Q8ZJC5	Q8N2S1	Yersinia pestis	KEFG_YERPE	LTBP4_HUMAN	1	632	two hybrid pooling approach	20711500
Q8ZGA1	Q9Y608	Yersinia pestis	MUKF_YERPE	LRRF2_HUMAN	1	632	two hybrid pooling approach	20711500
Q8CZY7	Q07954	Yersinia pestis	SYDP_YERPE	LRP1_HUMAN	1	632	two hybrid pooling approach	20711500
Q8CLY1	Q07954	Yersinia pestis	Q8CLY1_YERPE	LRP1_HUMAN	1	632	two hybrid pooling approach	20711500
Q8D097	Q96JA1	Yersinia pestis	Q8D097_YERPE	LRIG1_HUMAN	1	632	two hybrid pooling approach	20711500
Q7CFN3	O75427	Yersinia pestis	Q7CFN3_YERPE	LRCH4_HUMAN	1	632	two hybrid pooling approach	20711500
Q8ZAA1	O75427	Yersinia pestis	BTUB_YERPE	LRCH4_HUMAN	1	632	two hybrid pooling approach	20711500
Q7CFN1	Q96CN5	Yersinia pestis	Q7CFN1_YERPE	LRC45_HUMAN	1	632	two hybrid pooling approach	20711500
Q0WBF9	P50851	Yersinia pestis	PNP_YERPE	LRBA_HUMAN	1	632	two hybrid pooling approach	20711500
Q8ZBT8	O60711	Yersinia pestis	SYA_YERPE	LPXN_HUMAN	1	632	two hybrid pooling approach	20711500
Q8D0I3	O60711	Yersinia pestis	Q8D0I3_YERPE	LPXN_HUMAN	1	632	two hybrid pooling approach	20711500
Q8CZX0	O60711	Yersinia pestis	Q8CZX0_YERPE	LPXN_HUMAN	1	632	two hybrid pooling approach	20711500
Q8CLR7	O60711	Yersinia pestis	Q8CLR7_YERPE	LPXN_HUMAN	1	632	two hybrid pooling approach	20711500
Q7CGA9	O60711	Yersinia pestis	Q7CGA9_YERPE	LPXN_HUMAN	1	632	two hybrid pooling approach	20711500
Q9Z381	P42704	Yersinia pestis	Q9Z381_YERPE	LPPRC_HUMAN	1	632	two hybrid pooling approach	20711500
Q8D0Z4	O14494	Yersinia pestis	Q8D0Z4_YERPE	PLPP1_HUMAN	1	632	two hybrid pooling approach	20711500
Q7CHB7	O95490	Yersinia pestis	Q7CHB7_YERPE	AGRL2_HUMAN	1	632	two hybrid pooling approach	20711500
Q8D078	P09917	Yersinia pestis	Q8D078_YERPE	LOX5_HUMAN	1	632	two hybrid pooling approach	20711500
Q8CLD8	P09917	Yersinia pestis	Q8CLD8_YERPE	LOX5_HUMAN	1	632	two hybrid pooling approach	20711500
Q8D0M8	P09960	Yersinia pestis	Q8D0M8_YERPE	LKHA4_HUMAN	1	632	two hybrid pooling approach	20711500
Q7CIM3	P43034	Yersinia pestis	Q7CIM3_YERPE	LIS1_HUMAN	1	632	two hybrid pooling approach	20711500
P58680	P43034	Yersinia pestis	ISPH_YERPE	LIS1_HUMAN	1	632	two hybrid pooling approach	20711500
Q8D1J9	Q9UPQ0	Yersinia pestis	Q8D1J9_YERPE	LIMC1_HUMAN	1	632	two hybrid pooling approach	20711500
Q7CIY7	Q9UPQ0	Yersinia pestis	Q7CIY7_YERPE	LIMC1_HUMAN	1	632	two hybrid pooling approach	20711500
Q8D194	Q9UHB6	Yersinia pestis	Q8D194_YERPE	LIMA1_HUMAN	1	632	two hybrid pooling approach	20711500
P28808	Q969G2	Yersinia pestis	LCRF_YERPE	LHX4_HUMAN	1	632	two hybrid pooling approach	20711500
Q8D0X3	Q96PV6	Yersinia pestis	Q8D0X3_YERPE	LENG8_HUMAN	1	632	two hybrid pooling approach	20711500
Q7CFS1	Q96PV6	Yersinia pestis	Q7CFS1_YERPE	LENG8_HUMAN	1	632	two hybrid pooling approach	20711500
Q8ZCQ2	Q96PV6	Yersinia pestis	PUR4_YERPE	LENG8_HUMAN	1	632	two hybrid pooling approach	20711500
Q74R28	P17931	Yersinia pestis	UGPC_YERPE	LEG3_HUMAN	1	632	two hybrid pooling approach	20711500
Q8ZHG8	P17931	Yersinia pestis	SPEA_YERPE	LEG3_HUMAN	1	632	two hybrid pooling approach	20711500
Q8ZJ02	P17931	Yersinia pestis	RHAB_YERPE	LEG3_HUMAN	1	632	two hybrid pooling approach	20711500
Q7ARG4	P17931	Yersinia pestis	Q7ARG4_YERPE	LEG3_HUMAN	1	632	two hybrid pooling approach	20711500
Q8D1P6	P17931	Yersinia pestis	Q8D1P6_YERPE	LEG3_HUMAN	1	632	two hybrid pooling approach	20711500
Q7CKB7	P17931	Yersinia pestis	Q7CKB7_YERPE	LEG3_HUMAN	1	632	two hybrid pooling approach	20711500
Q7CHH9	P17931	Yersinia pestis	Q7CHH9_YERPE	LEG3_HUMAN	1	632	two hybrid pooling approach	20711500
Q7CHE5	P17931	Yersinia pestis	Q7CHE5_YERPE	LEG3_HUMAN	1	632	two hybrid pooling approach	20711500
Q7CGS8	P17931	Yersinia pestis	Q7CGS8_YERPE	LEG3_HUMAN	1	632	two hybrid pooling approach	20711500
Q7CGR6	P17931	Yersinia pestis	Q7CGR6_YERPE	LEG3_HUMAN	1	632	two hybrid pooling approach	20711500
Q7CG16	P17931	Yersinia pestis	Q7CG16_YERPE	LEG3_HUMAN	1	632	two hybrid pooling approach	20711500
Q7CFR3	P17931	Yersinia pestis	Q7CFR3_YERPE	LEG3_HUMAN	1	632	two hybrid pooling approach	20711500
Q7CFN3	P17931	Yersinia pestis	Q7CFN3_YERPE	LEG3_HUMAN	1	632	two hybrid pooling approach	20711500
Q7ARH3	P17931	Yersinia pestis	Q7ARH3_YERPE	LEG3_HUMAN	1	632	two hybrid pooling approach	20711500
Q8ZIC6	Q6ICC9	Yersinia pestis	UXAC_YERPE	LDOCL_HUMAN	1	632	two hybrid pooling approach	20711500
Q7CIL3	O95751	Yersinia pestis	Q7CIL3_YERPE	LDOC1_HUMAN	1	632	two hybrid pooling approach	20711500
Q7CI04	P07195	Yersinia pestis	Q7CI04_YERPE	LDHB_HUMAN	1	632	two hybrid pooling approach	20711500
Q7CJS7	P00338	Yersinia pestis	Q7CJS7_YERPE	LDHA_HUMAN	1	632	two hybrid pooling approach	20711500
Q7CHV8	P00338	Yersinia pestis	Q7CHV8_YERPE	LDHA_HUMAN	1	632	two hybrid pooling approach	20711500
Q7CFZ2	O43679	Yersinia pestis	Q7CFZ2_YERPE	LDB2_HUMAN	1	632	two hybrid pooling approach	20711500
Q7CHF6	Q13094	Yersinia pestis	Q7CHF6_YERPE	LCP2_HUMAN	1	632	two hybrid pooling approach	20711500
P58526	Q9UIC8	Yersinia pestis	MTOX_YERPE	LCMT1_HUMAN	1	632	two hybrid pooling approach	20711500
Q7CKL1	P06239	Yersinia pestis	Q7CKL1_YERPE	LCK_HUMAN	1	632	two hybrid pooling approach	20711500
Q3V8F7	P06239	Yersinia pestis	Q3V8F7_YERPE	LCK_HUMAN	1	632	two hybrid pooling approach	20711500
Q8ZDA6	P06239	Yersinia pestis	CHBG_YERPE	LCK_HUMAN	1	632	two hybrid pooling approach	20711500
Q8ZJ74	P06239	Yersinia pestis	AROE_YERPE	LCK_HUMAN	1	632	two hybrid pooling approach	20711500
Q8D194	Q96G23	Yersinia pestis	Q8D194_YERPE	CERS2_HUMAN	1	632	two hybrid pooling approach	20711500
Q7CHR0	Q4G0J3	Yersinia pestis	Q7CHR0_YERPE	LARP7_HUMAN	1	632	two hybrid pooling approach	20711500
Q8ZBN6	Q4G0J3	Yersinia pestis	CYSJ_YERPE	LARP7_HUMAN	1	632	two hybrid pooling approach	20711500
Q8D0D4	Q13571	Yersinia pestis	Q8D0D4_YERPE	LAPM5_HUMAN	1	632	two hybrid pooling approach	20711500
Q8CKI8	Q13571	Yersinia pestis	Q8CKI8_YERPE	LAPM5_HUMAN	1	632	two hybrid pooling approach	20711500
Q8CKB2	Q14160	Yersinia pestis	Q8CKB2_YERPE	SCRIB_HUMAN	1	632	two hybrid pooling approach	20711500
Q7CL14	Q14160	Yersinia pestis	Q7CL14_YERPE	SCRIB_HUMAN	1	632	two hybrid pooling approach	20711500
Q8CZQ2	Q96RT1	Yersinia pestis	Q8CZQ2_YERPE	ERBIN_HUMAN	1	632	two hybrid pooling approach	20711500
Q8ZES0	P11279	Yersinia pestis	Y2083_YERPE	LAMP1_HUMAN	1	632	two hybrid pooling approach	20711500
Q7ARB3	P11279	Yersinia pestis	Q7ARB3_YERPE	LAMP1_HUMAN	1	632	two hybrid pooling approach	20711500
Q8Z9U7	O15230	Yersinia pestis	DNAA_YERPE	LAMA5_HUMAN	1	632	two hybrid pooling approach	20711500
Q7CJK6	P18627	Yersinia pestis	Q7CJK6_YERPE	LAG3_HUMAN	1	632	two hybrid pooling approach	20711500
Q8ZHI8	Q8WV93	Yersinia pestis	GCSP_YERPE	LACE1_HUMAN	1	632	two hybrid pooling approach	20711500
Q7CG77	Q16719	Yersinia pestis	NHAA_YERPE	KYNU_HUMAN	1	632	two hybrid pooling approach	20711500
Q0WJY2	P12956	Yersinia pestis	RHAM_YERPE	XRCC6_HUMAN	1	632	two hybrid pooling approach	20711500
Q7CIY2	P12956	Yersinia pestis	Q7CIY2_YERPE	XRCC6_HUMAN	1	632	two hybrid pooling approach	20711500
Q7ARD3	P12956	Yersinia pestis	Q7ARD3_YERPE	XRCC6_HUMAN	1	632	two hybrid pooling approach	20711500
O68740	P12956	Yersinia pestis	O68740_YERPE	XRCC6_HUMAN	1	632	two hybrid pooling approach	20711500
Q74YL6	P14618	Yersinia pestis	Q74YL6_YERPE	KPYM_HUMAN	1	632	two hybrid pooling approach	20711500
Q8D1P7	P14618	Yersinia pestis	Q8D1P7_YERPE	KPYM_HUMAN	1	632	two hybrid pooling approach	20711500
Q0WJY2	P14618	Yersinia pestis	RHAM_YERPE	KPYM_HUMAN	1	632	two hybrid pooling approach	20711500
Q8CZR5	P14618	Yersinia pestis	Q8CZR5_YERPE	KPYM_HUMAN	1	632	two hybrid pooling approach	20711500
Q7CHY3	P14618	Yersinia pestis	Q7CHY3_YERPE	KPYM_HUMAN	1	632	two hybrid pooling approach	20711500
Q7CFW7	P14618	Yersinia pestis	Q7CFW7_YERPE	KPYM_HUMAN	1	632	two hybrid pooling approach	20711500
Q7ARD1	P14618	Yersinia pestis	Q7ARD1_YERPE	KPYM_HUMAN	1	632	two hybrid pooling approach	20711500
Q8CWG4	P24723	Yersinia pestis	Q8CWG4_YERPE	KPCL_HUMAN	1	632	two hybrid pooling approach	20711500
Q7CFP2	O94806	Yersinia pestis	Q7CFP2_YERPE	KPCD3_HUMAN	1	632	two hybrid pooling approach	20711500
Q8D0H8	P05771	Yersinia pestis	Q8D0H8_YERPE	KPCB_HUMAN	1	632	two hybrid pooling approach	20711500
Q8D0B2	Q96PQ7	Yersinia pestis	Q8D0B2_YERPE	KLHL5_HUMAN	1	632	two hybrid pooling approach	20711500
Q8D0W1	O95198	Yersinia pestis	Q8D0W1_YERPE	KLHL2_HUMAN	1	632	two hybrid pooling approach	20711500
Q8CZU2	Q9Y2M5	Yersinia pestis	Q8CZU2_YERPE	KLH20_HUMAN	1	632	two hybrid pooling approach	20711500
Q7ARD3	Q9Y2M5	Yersinia pestis	Q7ARD3_YERPE	KLH20_HUMAN	1	632	two hybrid pooling approach	20711500
Q8ZDJ6	Q53G59	Yersinia pestis	ACKA_YERPE	KLH12_HUMAN	1	632	two hybrid pooling approach	20711500
Q8D1N0	Q99612	Yersinia pestis	Q8D1N0_YERPE	KLF6_HUMAN	1	632	two hybrid pooling approach	20711500
Q8D0V8	Q99612	Yersinia pestis	Q8D0V8_YERPE	KLF6_HUMAN	1	632	two hybrid pooling approach	20711500
Q7CIW0	Q13118	Yersinia pestis	Q7CIW0_YERPE	KLF10_HUMAN	1	632	two hybrid pooling approach	20711500
Q7CL31	Q9H0B6	Yersinia pestis	Q7CL31_YERPE	KLC2_HUMAN	1	632	two hybrid pooling approach	20711500
Q8CLY1	Q92845	Yersinia pestis	Q8CLY1_YERPE	KIFA3_HUMAN	1	632	two hybrid pooling approach	20711500
Q7CHZ4	O43896	Yersinia pestis	Q7CHZ4_YERPE	KIF1C_HUMAN	1	632	two hybrid pooling approach	20711500
Q8CLF6	O60333	Yersinia pestis	Q8CLF6_YERPE	KIF1B_HUMAN	1	632	two hybrid pooling approach	20711500
Q7CHZ0	P46013	Yersinia pestis	Q7CHZ0_YERPE	KI67_HUMAN	1	632	two hybrid pooling approach	20711500
P40127	Q14954	Yersinia pestis	CYAA_YERPE	KI2S1_HUMAN	1	632	two hybrid pooling approach	20711500
Q8D0P4	Q7Z4H8	Yersinia pestis	Q8D0P4_YERPE	KDEL2_HUMAN	1	632	two hybrid pooling approach	20711500
Q8CZW5	P22694	Yersinia pestis	Q8CZW5_YERPE	KAPCB_HUMAN	1	632	two hybrid pooling approach	20711500
Q8ZI61	P13861	Yersinia pestis	GLNE_YERPE	KAP2_HUMAN	1	632	two hybrid pooling approach	20711500
Q56993	P31321	Yersinia pestis	HMUV_YERPE	KAP1_HUMAN	1	632	two hybrid pooling approach	20711500
Q7CIL8	P54819	Yersinia pestis	Q7CIL8_YERPE	KAD2_HUMAN	1	632	two hybrid pooling approach	20711500
Q8CZW4	P00568	Yersinia pestis	Q8CZW4_YERPE	KAD1_HUMAN	1	632	two hybrid pooling approach	20711500
P17778	P01834	Yersinia pestis	YOPM_YERPE	IGKC_HUMAN	1	632	two hybrid pooling approach	20711500
Q8ZHK5	P01834	Yersinia pestis	SYK_YERPE	IGKC_HUMAN	1	632	two hybrid pooling approach	20711500
Q8D0D4	P01834	Yersinia pestis	Q8D0D4_YERPE	IGKC_HUMAN	1	632	two hybrid pooling approach	20711500
Q8CWG4	P01834	Yersinia pestis	Q8CWG4_YERPE	IGKC_HUMAN	1	632	two hybrid pooling approach	20711500
Q7CKJ7	P01834	Yersinia pestis	Q7CKJ7_YERPE	IGKC_HUMAN	1	632	two hybrid pooling approach	20711500
Q7CKD4	P01834	Yersinia pestis	MTNN_YERPE	IGKC_HUMAN	1	632	two hybrid pooling approach	20711500
Q7CJE4	P01834	Yersinia pestis	Q7CJE4_YERPE	IGKC_HUMAN	1	632	two hybrid pooling approach	20711500
Q7CH18	P01834	Yersinia pestis	Q7CH18_YERPE	IGKC_HUMAN	1	632	two hybrid pooling approach	20711500
Q7CG38	P01834	Yersinia pestis	Q7CG38_YERPE	IGKC_HUMAN	1	632	two hybrid pooling approach	20711500
Q7CFP2	P01834	Yersinia pestis	Q7CFP2_YERPE	IGKC_HUMAN	1	632	two hybrid pooling approach	20711500
Q7CGS8	Q8IYS2	Yersinia pestis	Q7CGS8_YERPE	K2013_HUMAN	1	632	two hybrid pooling approach	20711500
Q8D1M8	Q8N163	Yersinia pestis	Q8D1M8_YERPE	CCAR2_HUMAN	1	632	two hybrid pooling approach	20711500
Q7CJF5	Q9P260	Yersinia pestis	Q7CJF5_YERPE	K1468_HUMAN	1	632	two hybrid pooling approach	20711500
Q7CHZ4	Q32MH5	Yersinia pestis	Q7CHZ4_YERPE	F214A_HUMAN	1	632	two hybrid pooling approach	20711500
Q7CIS2	A7E2V4	Yersinia pestis	PURR_YERPE	ZSWM8_HUMAN	1	632	two hybrid pooling approach	20711500
Q7CHV7	Q2KHM9	Yersinia pestis	Q7CHV7_YERPE	MOONR_HUMAN	1	632	two hybrid pooling approach	20711500
Q0WDE1	O60303	Yersinia pestis	PRMB_YERPE	K0556_HUMAN	1	632	two hybrid pooling approach	20711500
Q7CKL8	O75071	Yersinia pestis	Q7CKL8_YERPE	EFC14_HUMAN	1	632	two hybrid pooling approach	20711500
Q7ARE6	O43310	Yersinia pestis	Q7ARE6_YERPE	CTIF_HUMAN	1	632	two hybrid pooling approach	20711500
Q8CKB6	Q6ZU52	Yersinia pestis	Q8CKB6_YERPE	K0408_HUMAN	1	632	two hybrid pooling approach	20711500
Q7CHU1	Q92537	Yersinia pestis	MTFA_YERPE	SUSD6_HUMAN	1	632	two hybrid pooling approach	20711500
Q7CKD3	Q6AI39	Yersinia pestis	Q7CKD3_YERPE	GSC1L_HUMAN	1	632	two hybrid pooling approach	20711500
Q8CZY2	Q92617	Yersinia pestis	Q8CZY2_YERPE	NPIB3_HUMAN	1	632	two hybrid pooling approach	20711500
Q7CFR7	Q92617	Yersinia pestis	Q7CFR7_YERPE	NPIB3_HUMAN	1	632	two hybrid pooling approach	20711500
Q7ARD3	P53990	Yersinia pestis	Q7ARD3_YERPE	IST1_HUMAN	1	632	two hybrid pooling approach	20711500
Q8D169	Q15018	Yersinia pestis	Q8D169_YERPE	F175B_HUMAN	1	632	two hybrid pooling approach	20711500
Q8D008	P05412	Yersinia pestis	Q8D008_YERPE	JUN_HUMAN	1	632	two hybrid pooling approach	20711500
Q8ZGV2	P17275	Yersinia pestis	DUSC_YERPE	JUNB_HUMAN	1	632	two hybrid pooling approach	20711500
Q7CL58	Q9H9V9	Yersinia pestis	Q7CL58_YERPE	JMJD4_HUMAN	1	632	two hybrid pooling approach	20711500
Q8ZED8	O60271	Yersinia pestis	RNB_YERPE	JIP4_HUMAN	1	632	two hybrid pooling approach	20711500
Q7CKG9	Q9Y2K7	Yersinia pestis	Q7CKG9_YERPE	KDM2A_HUMAN	1	632	two hybrid pooling approach	20711500
P68587	Q86YT9	Yersinia pestis	YSCP_YERPE	JAML_HUMAN	1	632	two hybrid pooling approach	20711500
Q7CIT1	Q86YT9	Yersinia pestis	Q7CIT1_YERPE	JAML_HUMAN	1	632	two hybrid pooling approach	20711500
Q8ZEK1	P23458	Yersinia pestis	SELD_YERPE	JAK1_HUMAN	1	632	two hybrid pooling approach	20711500
Q8ZJP8	P23458	Yersinia pestis	RNPH_YERPE	JAK1_HUMAN	1	632	two hybrid pooling approach	20711500
Q7CL03	P23458	Yersinia pestis	Q7CL03_YERPE	JAK1_HUMAN	1	632	two hybrid pooling approach	20711500
Q8ZAR2	P23458	Yersinia pestis	PUR2_YERPE	JAK1_HUMAN	1	632	two hybrid pooling approach	20711500
Q0WAP4	P23458	Yersinia pestis	PEPQ_YERPE	JAK1_HUMAN	1	632	two hybrid pooling approach	20711500
Q8ZCW0	P78504	Yersinia pestis	MDTB_YERPE	JAG1_HUMAN	1	632	two hybrid pooling approach	20711500
Q8D0P9	Q9NQC1	Yersinia pestis	Q8D0P9_YERPE	JADE2_HUMAN	1	632	two hybrid pooling approach	20711500
Q7CL96	Q9NQC1	Yersinia pestis	Q7CL96_YERPE	JADE2_HUMAN	1	632	two hybrid pooling approach	20711500
Q7CJ97	P41229	Yersinia pestis	Q7CJ97_YERPE	KDM5C_HUMAN	1	632	two hybrid pooling approach	20711500
Q74PW2	Q96ST2	Yersinia pestis	LSRB_YERPE	IWS1_HUMAN	1	632	two hybrid pooling approach	20711500
Q8D1N0	P26440	Yersinia pestis	Q8D1N0_YERPE	IVD_HUMAN	1	632	two hybrid pooling approach	20711500
Q8CKW8	Q14573	Yersinia pestis	Q8CKW8_YERPE	ITPR3_HUMAN	1	632	two hybrid pooling approach	20711500
Q8D0S2	Q9Y287	Yersinia pestis	Q8D0S2_YERPE	ITM2B_HUMAN	1	632	two hybrid pooling approach	20711500
Q8CZW4	Q9Y287	Yersinia pestis	Q8CZW4_YERPE	ITM2B_HUMAN	1	632	two hybrid pooling approach	20711500
Q7ARD3	Q9Y287	Yersinia pestis	Q7ARD3_YERPE	ITM2B_HUMAN	1	632	two hybrid pooling approach	20711500
Q8ZBN2	Q9Y287	Yersinia pestis	ENO_YERPE	ITM2B_HUMAN	1	632	two hybrid pooling approach	20711500
Q7CFY4	P26010	Yersinia pestis	Q7CFY4_YERPE	ITB7_HUMAN	1	632	two hybrid pooling approach	20711500
Q7CGR9	P16144	Yersinia pestis	Q7CGR9_YERPE	ITB4_HUMAN	1	632	two hybrid pooling approach	20711500
Q7CFN1	P16144	Yersinia pestis	Q7CFN1_YERPE	ITB4_HUMAN	1	632	two hybrid pooling approach	20711500
Q56989	P16144	Yersinia pestis	HMUR_YERPE	ITB4_HUMAN	1	632	two hybrid pooling approach	20711500
Q8CKI8	P05106	Yersinia pestis	Q8CKI8_YERPE	ITB3_HUMAN	1	632	two hybrid pooling approach	20711500
Q7CL06	P05107	Yersinia pestis	Q7CL06_YERPE	ITB2_HUMAN	1	632	two hybrid pooling approach	20711500
Q7CIA4	P05556	Yersinia pestis	Q7CIA4_YERPE	ITB1_HUMAN	1	632	two hybrid pooling approach	20711500
Q8D1F7	P56199	Yersinia pestis	Q8D1F7_YERPE	ITA1_HUMAN	1	632	two hybrid pooling approach	20711500
Q9R8C5	Q9BUE6	Yersinia pestis	Q9R8C5_YERPE	ISCA1_HUMAN	1	632	two hybrid pooling approach	20711500
Q8CLA8	Q9NPI9	Yersinia pestis	Q8CLA8_YERPE	KCJ16_HUMAN	1	632	two hybrid pooling approach	20711500
Q74R28	Q14654	Yersinia pestis	UGPC_YERPE	KCJ11_HUMAN	1	632	two hybrid pooling approach	20711500
Q8D1M8	Q02556	Yersinia pestis	Q8D1M8_YERPE	IRF8_HUMAN	1	632	two hybrid pooling approach	20711500
Q7CHY3	Q02556	Yersinia pestis	Q7CHY3_YERPE	IRF8_HUMAN	1	632	two hybrid pooling approach	20711500
Q7CHC7	Q15306	Yersinia pestis	Q7CHC7_YERPE	IRF4_HUMAN	1	632	two hybrid pooling approach	20711500
Q7CHZ0	P14316	Yersinia pestis	Q7CHZ0_YERPE	IRF2_HUMAN	1	632	two hybrid pooling approach	20711500
Q7CLB2	P21399	Yersinia pestis	LIGB_YERPE	ACOC_HUMAN	1	632	two hybrid pooling approach	20711500
Q8ZES0	Q58WW2	Yersinia pestis	Y2083_YERPE	DCAF6_HUMAN	1	632	two hybrid pooling approach	20711500
Q8ZHG0	P46940	Yersinia pestis	AGUA_YERPE	IQGA1_HUMAN	1	632	two hybrid pooling approach	20711500
Q7CG61	O94829	Yersinia pestis	Q7CG61_YERPE	IPO13_HUMAN	1	632	two hybrid pooling approach	20711500
Q8D092	Q9NV88	Yersinia pestis	Q8D092_YERPE	INT9_HUMAN	1	632	two hybrid pooling approach	20711500
Q7CHE8	P15260	Yersinia pestis	Q7CHE8_YERPE	INGR1_HUMAN	1	632	two hybrid pooling approach	20711500
Q8ZAQ2	Q8WYH8	Yersinia pestis	THIC_YERPE	ING5_HUMAN	1	632	two hybrid pooling approach	20711500
Q7CHR8	Q9UNL4	Yersinia pestis	Q7CHR8_YERPE	ING4_HUMAN	1	632	two hybrid pooling approach	20711500
Q7CKA0	P17181	Yersinia pestis	Q7CKA0_YERPE	INAR1_HUMAN	1	632	two hybrid pooling approach	20711500
Q8CKM5	O14732	Yersinia pestis	Q8CKM5_YERPE	IMPA2_HUMAN	1	632	two hybrid pooling approach	20711500
Q7CFV5	P20839	Yersinia pestis	Q7CFV5_YERPE	IMDH1_HUMAN	1	632	two hybrid pooling approach	20711500
Q7ARD3	O00410	Yersinia pestis	Q7ARD3_YERPE	IPO5_HUMAN	1	632	two hybrid pooling approach	20711500
Q8D1P8	O00629	Yersinia pestis	Q8D1P8_YERPE	IMA3_HUMAN	1	632	two hybrid pooling approach	20711500
Q7CGS9	Q12906	Yersinia pestis	Q7CGS9_YERPE	ILF3_HUMAN	1	632	two hybrid pooling approach	20711500
Q8CLD8	P30740	Yersinia pestis	Q8CLD8_YERPE	ILEU_HUMAN	1	632	two hybrid pooling approach	20711500
Q8D195	P40189	Yersinia pestis	Q8D195_YERPE	IL6RB_HUMAN	1	632	two hybrid pooling approach	20711500
Q8CLT3	P24394	Yersinia pestis	Q8CLT3_YERPE	IL4RA_HUMAN	1	632	two hybrid pooling approach	20711500
Q8CLP9	P24001	Yersinia pestis	Q8CLP9_YERPE	IL32_HUMAN	1	632	two hybrid pooling approach	20711500
Q8ZIC5	P31785	Yersinia pestis	UXAB_YERPE	IL2RG_HUMAN	1	632	two hybrid pooling approach	20711500
Q7CKP5	P14784	Yersinia pestis	UBIA_YERPE	IL2RB_HUMAN	1	632	two hybrid pooling approach	20711500
Q7CG91	Q14005	Yersinia pestis	Q7CG91_YERPE	IL16_HUMAN	1	632	two hybrid pooling approach	20711500
Q9Z375	Q13422	Yersinia pestis	Q9Z375_YERPE	IKZF1_HUMAN	1	632	two hybrid pooling approach	20711500
Q8D017	O15111	Yersinia pestis	Q8D017_YERPE	IKKA_HUMAN	1	632	two hybrid pooling approach	20711500
Q8ZH00	P25963	Yersinia pestis	SUCC_YERPE	IKBA_HUMAN	1	632	two hybrid pooling approach	20711500
Q8CZN4	P25963	Yersinia pestis	Q8CZN4_YERPE	IKBA_HUMAN	1	632	two hybrid pooling approach	20711500
Q8CZT1	P01591	Yersinia pestis	Q8CZT1_YERPE	IGJ_HUMAN	1	632	two hybrid pooling approach	20711500
Q7CH97	P01591	Yersinia pestis	Q7CH97_YERPE	IGJ_HUMAN	1	632	two hybrid pooling approach	20711500
Q8D1J4	P01857	Yersinia pestis	Q8D1J4_YERPE	IGHG1_HUMAN	1	632	two hybrid pooling approach	20711500
Q8CWI4	P01857	Yersinia pestis	Q8CWI4_YERPE	IGHG1_HUMAN	1	632	two hybrid pooling approach	20711500
Q8CKN0	P01857	Yersinia pestis	Q8CKN0_YERPE	IGHG1_HUMAN	1	632	two hybrid pooling approach	20711500
Q8CK83	P01857	Yersinia pestis	Q8CK83_YERPE	IGHG1_HUMAN	1	632	two hybrid pooling approach	20711500
Q7CJU6	P01857	Yersinia pestis	Q7CJU6_YERPE	IGHG1_HUMAN	1	632	two hybrid pooling approach	20711500
Q7CH24	P01857	Yersinia pestis	Q7CH24_YERPE	IGHG1_HUMAN	1	632	two hybrid pooling approach	20711500
Q7CGR9	P01857	Yersinia pestis	Q7CGR9_YERPE	IGHG1_HUMAN	1	632	two hybrid pooling approach	20711500
Q8CKY6	P01877	Yersinia pestis	Q8CKY6_YERPE	IGHA2_HUMAN	1	632	two hybrid pooling approach	20711500
Q7CKL1	P01877	Yersinia pestis	Q7CKL1_YERPE	IGHA2_HUMAN	1	632	two hybrid pooling approach	20711500
Q7CIT1	P01877	Yersinia pestis	Q7CIT1_YERPE	IGHA2_HUMAN	1	632	two hybrid pooling approach	20711500
Q7CI41	P01877	Yersinia pestis	Q7CI41_YERPE	IGHA2_HUMAN	1	632	two hybrid pooling approach	20711500
Q7CHN7	P01877	Yersinia pestis	Q7CHN7_YERPE	IGHA2_HUMAN	1	632	two hybrid pooling approach	20711500
Q7CHM9	P01877	Yersinia pestis	Q7CHM9_YERPE	IGHA2_HUMAN	1	632	two hybrid pooling approach	20711500
Q7CHC3	P01877	Yersinia pestis	Q7CHC3_YERPE	IGHA2_HUMAN	1	632	two hybrid pooling approach	20711500
Q7CGH3	P01877	Yersinia pestis	Q7CGH3_YERPE	IGHA2_HUMAN	1	632	two hybrid pooling approach	20711500
Q8ZCP4	P01877	Yersinia pestis	PDXJ_YERPE	IGHA2_HUMAN	1	632	two hybrid pooling approach	20711500
Q8Z9R8	P01877	Yersinia pestis	MNMG_YERPE	IGHA2_HUMAN	1	632	two hybrid pooling approach	20711500
Q8D191	P08069	Yersinia pestis	Q8D191_YERPE	IGF1R_HUMAN	1	632	two hybrid pooling approach	20711500
Q8ZDF8	P78318	Yersinia pestis	SYL_YERPE	IGBP1_HUMAN	1	632	two hybrid pooling approach	20711500
Q8D051	P78318	Yersinia pestis	Q8D051_YERPE	IGBP1_HUMAN	1	632	two hybrid pooling approach	20711500
Q8D0Z3	Q01629	Yersinia pestis	Q8D0Z3_YERPE	IFM2_HUMAN	1	632	two hybrid pooling approach	20711500
Q7CGX1	Q01629	Yersinia pestis	Q7CGX1_YERPE	IFM2_HUMAN	1	632	two hybrid pooling approach	20711500
Q7CGG3	Q01629	Yersinia pestis	Q7CGG3_YERPE	IFM2_HUMAN	1	632	two hybrid pooling approach	20711500
Q9ZC41	P13164	Yersinia pestis	Q9ZC41_YERPE	IFM1_HUMAN	1	632	two hybrid pooling approach	20711500
Q8D0N9	P13164	Yersinia pestis	Q8D0N9_YERPE	IFM1_HUMAN	1	632	two hybrid pooling approach	20711500
Q8CZK5	O14879	Yersinia pestis	Q8CZK5_YERPE	IFIT3_HUMAN	1	632	two hybrid pooling approach	20711500
P17778	P40305	Yersinia pestis	YOPM_YERPE	IFI27_HUMAN	1	632	two hybrid pooling approach	20711500
Q7CIP7	P40305	Yersinia pestis	Q7CIP7_YERPE	IFI27_HUMAN	1	632	two hybrid pooling approach	20711500
Q7CHC7	P40305	Yersinia pestis	Q7CHC7_YERPE	IFI27_HUMAN	1	632	two hybrid pooling approach	20711500
Q7CG08	P40305	Yersinia pestis	Q7CG08_YERPE	IFI27_HUMAN	1	632	two hybrid pooling approach	20711500
Q8ZG09	P40305	Yersinia pestis	MAO1_YERPE	IFI27_HUMAN	1	632	two hybrid pooling approach	20711500
Q8ZHF1	P40305	Yersinia pestis	GLSA1_YERPE	IFI27_HUMAN	1	632	two hybrid pooling approach	20711500
Q8D097	P55010	Yersinia pestis	Q8D097_YERPE	IF5_HUMAN	1	632	two hybrid pooling approach	20711500
Q7CIA0	Q15056	Yersinia pestis	Q7CIA0_YERPE	IF4H_HUMAN	1	632	two hybrid pooling approach	20711500
Q8D1F5	O43432	Yersinia pestis	Q8D1F5_YERPE	IF4G3_HUMAN	1	632	two hybrid pooling approach	20711500
Q8D0W1	O43432	Yersinia pestis	Q8D0W1_YERPE	IF4G3_HUMAN	1	632	two hybrid pooling approach	20711500
Q7CGJ8	Q8N5X7	Yersinia pestis	Q7CGJ8_YERPE	IF4E3_HUMAN	1	632	two hybrid pooling approach	20711500
Q8ZC49	O60573	Yersinia pestis	THII_YERPE	IF4E2_HUMAN	1	632	two hybrid pooling approach	20711500
Q8D052	P23588	Yersinia pestis	Q8D052_YERPE	IF4B_HUMAN	1	632	two hybrid pooling approach	20711500
Q7CFN3	P38919	Yersinia pestis	Q7CFN3_YERPE	IF4A3_HUMAN	1	632	two hybrid pooling approach	20711500
Q0WDE1	Q14240	Yersinia pestis	PRMB_YERPE	IF4A2_HUMAN	1	632	two hybrid pooling approach	20711500
Q8CZT1	Q14240	Yersinia pestis	Q8CZT1_YERPE	IF4A2_HUMAN	1	632	two hybrid pooling approach	20711500
Q8CL08	P60842	Yersinia pestis	Q8CL08_YERPE	IF4A1_HUMAN	1	632	two hybrid pooling approach	20711500
Q7CGN6	P60842	Yersinia pestis	Q7CGN6_YERPE	IF4A1_HUMAN	1	632	two hybrid pooling approach	20711500
Q7CJ96	Q9Y6M1	Yersinia pestis	PTA_YERPE	IF2B2_HUMAN	1	632	two hybrid pooling approach	20711500
Q8ZED8	Q16666	Yersinia pestis	RNB_YERPE	IF16_HUMAN	1	632	two hybrid pooling approach	20711500
Q8CZW4	Q16666	Yersinia pestis	Q8CZW4_YERPE	IF16_HUMAN	1	632	two hybrid pooling approach	20711500
Q7CGY5	Q16666	Yersinia pestis	Q7CGY5_YERPE	IF16_HUMAN	1	632	two hybrid pooling approach	20711500
Q7ARD3	Q16666	Yersinia pestis	Q7ARD3_YERPE	IF16_HUMAN	1	632	two hybrid pooling approach	20711500
Q7CHU1	O75874	Yersinia pestis	MTFA_YERPE	IDHC_HUMAN	1	632	two hybrid pooling approach	20711500
Q7CK49	Q02535	Yersinia pestis	Q7CK49_YERPE	ID3_HUMAN	1	632	two hybrid pooling approach	20711500
Q7CL85	Q5TEJ8	Yersinia pestis	Q7CL85_YERPE	THMS2_HUMAN	1	632	two hybrid pooling approach	20711500
Q7CHE2	P32942	Yersinia pestis	Q7CHE2_YERPE	ICAM3_HUMAN	1	632	two hybrid pooling approach	20711500
Q7CJX4	P13598	Yersinia pestis	Q7CJX4_YERPE	ICAM2_HUMAN	1	632	two hybrid pooling approach	20711500
Q7CHC7	P13598	Yersinia pestis	Q7CHC7_YERPE	ICAM2_HUMAN	1	632	two hybrid pooling approach	20711500
Q7CL55	P05155	Yersinia pestis	Q7CL55_YERPE	IC1_HUMAN	1	632	two hybrid pooling approach	20711500
Q9R8C5	Q16270	Yersinia pestis	Q9R8C5_YERPE	IBP7_HUMAN	1	632	two hybrid pooling approach	20711500
Q7CJU5	Q16270	Yersinia pestis	Q7CJU5_YERPE	IBP7_HUMAN	1	632	two hybrid pooling approach	20711500
Q8ZI60	Q16270	Yersinia pestis	HLDE_YERPE	IBP7_HUMAN	1	632	two hybrid pooling approach	20711500
Q8ZBM0	Q16270	Yersinia pestis	CLCA_YERPE	IBP7_HUMAN	1	632	two hybrid pooling approach	20711500
Q8CZF9	P17936	Yersinia pestis	Q8CZF9_YERPE	IBP3_HUMAN	1	632	two hybrid pooling approach	20711500
Q8ZBZ9	P17936	Yersinia pestis	DPO4_YERPE	IBP3_HUMAN	1	632	two hybrid pooling approach	20711500
Q8D090	P18065	Yersinia pestis	Q8D090_YERPE	IBP2_HUMAN	1	632	two hybrid pooling approach	20711500
Q7CGS9	O95998	Yersinia pestis	Q7CGS9_YERPE	I18BP_HUMAN	1	632	two hybrid pooling approach	20711500
Q8ZIY3	O95998	Yersinia pestis	CH60_YERPE	I18BP_HUMAN	1	632	two hybrid pooling approach	20711500
Q7CL16	Q9NRM6	Yersinia pestis	Q7CL16_YERPE	I17RB_HUMAN	1	632	two hybrid pooling approach	20711500
P17778	P78552	Yersinia pestis	YOPM_YERPE	I13R1_HUMAN	1	632	two hybrid pooling approach	20711500
Q7CH18	Q13651	Yersinia pestis	Q7CH18_YERPE	I10R1_HUMAN	1	632	two hybrid pooling approach	20711500
Q7CGJ4	P34913	Yersinia pestis	Q7CGJ4_YERPE	HYES_HUMAN	1	632	two hybrid pooling approach	20711500
Q7CGS9	Q12891	Yersinia pestis	Q7CGS9_YERPE	HYAL2_HUMAN	1	632	two hybrid pooling approach	20711500
Q7CJK4	P83110	Yersinia pestis	Q7CJK4_YERPE	HTRA3_HUMAN	1	632	two hybrid pooling approach	20711500
Q7ARD3	P83110	Yersinia pestis	Q7ARD3_YERPE	HTRA3_HUMAN	1	632	two hybrid pooling approach	20711500
Q7CKC3	O43464	Yersinia pestis	Q7CKC3_YERPE	HTRA2_HUMAN	1	632	two hybrid pooling approach	20711500
Q7CJK4	O43464	Yersinia pestis	Q7CJK4_YERPE	HTRA2_HUMAN	1	632	two hybrid pooling approach	20711500
Q7CHW1	O43464	Yersinia pestis	Q7CHW1_YERPE	HTRA2_HUMAN	1	632	two hybrid pooling approach	20711500
Q7CGT6	O43464	Yersinia pestis	Q7CGT6_YERPE	HTRA2_HUMAN	1	632	two hybrid pooling approach	20711500
Q8D0U3	O43464	Yersinia pestis	PDXB_YERPE	HTRA2_HUMAN	1	632	two hybrid pooling approach	20711500
O68709	O43464	Yersinia pestis	O68709_YERPE	HTRA2_HUMAN	1	632	two hybrid pooling approach	20711500
Q7CHF8	O43464	Yersinia pestis	METN2_YERPE	HTRA2_HUMAN	1	632	two hybrid pooling approach	20711500
Q0WJY2	P04792	Yersinia pestis	RHAM_YERPE	HSPB1_HUMAN	1	632	two hybrid pooling approach	20711500
Q8ZHK5	P34932	Yersinia pestis	SYK_YERPE	HSP74_HUMAN	1	632	two hybrid pooling approach	20711500
Q7CGK2	Q03933	Yersinia pestis	Q7CGK2_YERPE	HSF2_HUMAN	1	632	two hybrid pooling approach	20711500
Q7CG77	Q92902	Yersinia pestis	NHAA_YERPE	HPS1_HUMAN	1	632	two hybrid pooling approach	20711500
Q8D0R4	Q96S86	Yersinia pestis	Q8D0R4_YERPE	HPLN3_HUMAN	1	632	two hybrid pooling approach	20711500
Q8D1G8	Q96S86	Yersinia pestis	ACSA_YERPE	HPLN3_HUMAN	1	632	two hybrid pooling approach	20711500
Q8Z9V7	P37235	Yersinia pestis	Y4083_YERPE	HPCL1_HUMAN	1	632	two hybrid pooling approach	20711500
Q7CHZ9	Q96ED9	Yersinia pestis	Q7CHZ9_YERPE	HOOK2_HUMAN	1	632	two hybrid pooling approach	20711500
Q8D068	O43390	Yersinia pestis	Q8D068_YERPE	HNRPR_HUMAN	1	632	two hybrid pooling approach	20711500
Q7CJF5	O43390	Yersinia pestis	Q7CJF5_YERPE	HNRPR_HUMAN	1	632	two hybrid pooling approach	20711500
Q7CJW2	O60506	Yersinia pestis	Q7CJW2_YERPE	HNRPQ_HUMAN	1	632	two hybrid pooling approach	20711500
Q7CJ25	P52272	Yersinia pestis	Q7CJ25_YERPE	HNRPM_HUMAN	1	632	two hybrid pooling approach	20711500
Q8CZY5	P14866	Yersinia pestis	Q8CZY5_YERPE	HNRPL_HUMAN	1	632	two hybrid pooling approach	20711500
Q7CGC7	P14866	Yersinia pestis	Q7CGC7_YERPE	HNRPL_HUMAN	1	632	two hybrid pooling approach	20711500
Q7CJW2	P52597	Yersinia pestis	Q7CJW2_YERPE	HNRPF_HUMAN	1	632	two hybrid pooling approach	20711500
Q7CHZ0	P52597	Yersinia pestis	Q7CHZ0_YERPE	HNRPF_HUMAN	1	632	two hybrid pooling approach	20711500
P69959	P07910	Yersinia pestis	LCRR_YERPE	HNRPC_HUMAN	1	632	two hybrid pooling approach	20711500
Q7ARD3	P55795	Yersinia pestis	Q7ARD3_YERPE	HNRH2_HUMAN	1	632	two hybrid pooling approach	20711500
Q8ZA76	P55795	Yersinia pestis	GLGX_YERPE	HNRH2_HUMAN	1	632	two hybrid pooling approach	20711500
Q8ZGR6	P31943	Yersinia pestis	UBIG_YERPE	HNRH1_HUMAN	1	632	two hybrid pooling approach	20711500
Q8D0S1	P31943	Yersinia pestis	Q8D0S1_YERPE	HNRH1_HUMAN	1	632	two hybrid pooling approach	20711500
Q8CLC4	P31943	Yersinia pestis	Q8CLC4_YERPE	HNRH1_HUMAN	1	632	two hybrid pooling approach	20711500
Q7CKN1	P31943	Yersinia pestis	Q7CKN1_YERPE	HNRH1_HUMAN	1	632	two hybrid pooling approach	20711500
Q7CGR8	O14979	Yersinia pestis	Q7CGR8_YERPE	HNRDL_HUMAN	1	632	two hybrid pooling approach	20711500
Q8ZBZ9	O14979	Yersinia pestis	DPO4_YERPE	HNRDL_HUMAN	1	632	two hybrid pooling approach	20711500
Q8ZHI8	P09601	Yersinia pestis	GCSP_YERPE	HMOX1_HUMAN	1	632	two hybrid pooling approach	20711500
Q8CZY0	O00479	Yersinia pestis	Q8CZY0_YERPE	HMGN4_HUMAN	1	632	two hybrid pooling approach	20711500
Q7CIF0	P09429	Yersinia pestis	Q7CIF0_YERPE	HMGB1_HUMAN	1	632	two hybrid pooling approach	20711500
Q7CKG1	Q01581	Yersinia pestis	Q7CKG1_YERPE	HMCS1_HUMAN	1	632	two hybrid pooling approach	20711500
Q7CKZ7	Q96RW7	Yersinia pestis	Q7CKZ7_YERPE	HMCN1_HUMAN	1	632	two hybrid pooling approach	20711500
Q7CHR8	Q96RW7	Yersinia pestis	Q7CHR8_YERPE	HMCN1_HUMAN	1	632	two hybrid pooling approach	20711500
Q8ZIE8	Q96RW7	Yersinia pestis	MURC_YERPE	HMCN1_HUMAN	1	632	two hybrid pooling approach	20711500
Q8ZJJ5	Q96RW7	Yersinia pestis	HSLU_YERPE	HMCN1_HUMAN	1	632	two hybrid pooling approach	20711500
Q8CWI1	Q9P0W2	Yersinia pestis	Q8CWI1_YERPE	HM20B_HUMAN	1	632	two hybrid pooling approach	20711500
Q8D1H5	Q16534	Yersinia pestis	Q8D1H5_YERPE	HLF_HUMAN	1	632	two hybrid pooling approach	20711500
Q8D166	Q16534	Yersinia pestis	Q8D166_YERPE	HLF_HUMAN	1	632	two hybrid pooling approach	20711500
Q8D0V8	Q16534	Yersinia pestis	Q8D0V8_YERPE	HLF_HUMAN	1	632	two hybrid pooling approach	20711500
Q7CHC7	Q16534	Yersinia pestis	Q7CHC7_YERPE	HLF_HUMAN	1	632	two hybrid pooling approach	20711500
Q8D0X3	P13747	Yersinia pestis	Q8D0X3_YERPE	HLAE_HUMAN	1	632	two hybrid pooling approach	20711500
Q7CKK6	P13747	Yersinia pestis	Q7CKK6_YERPE	HLAE_HUMAN	1	632	two hybrid pooling approach	20711500
Q7CJT3	P13747	Yersinia pestis	Q7CJT3_YERPE	HLAE_HUMAN	1	632	two hybrid pooling approach	20711500
O68743	P13747	Yersinia pestis	O68743_YERPE	HLAE_HUMAN	1	632	two hybrid pooling approach	20711500
Q8ZIG9	P13747	Yersinia pestis	LEU3_YERPE	HLAE_HUMAN	1	632	two hybrid pooling approach	20711500
Q8D0H6	Q9H2X6	Yersinia pestis	Q8D0H6_YERPE	HIPK2_HUMAN	1	632	two hybrid pooling approach	20711500
Q7CKC3	P49773	Yersinia pestis	Q7CKC3_YERPE	HINT1_HUMAN	1	632	two hybrid pooling approach	20711500
Q7CHV2	P49773	Yersinia pestis	Q7CHV2_YERPE	HINT1_HUMAN	1	632	two hybrid pooling approach	20711500
Q8D008	Q9BW72	Yersinia pestis	Q8D008_YERPE	HIG2A_HUMAN	1	632	two hybrid pooling approach	20711500
Q8ZDX8	Q16665	Yersinia pestis	ARNA_YERPE	HIF1A_HUMAN	1	632	two hybrid pooling approach	20711500
Q7CHZ0	Q5VZR4	Yersinia pestis	Q7CHZ0_YERPE	MF14C_HUMAN	1	632	two hybrid pooling approach	20711500
Q7CGL8	Q9UM44	Yersinia pestis	Q7CGL8_YERPE	HHLA2_HUMAN	1	632	two hybrid pooling approach	20711500
Q8CZX8	Q03014	Yersinia pestis	Q8CZX8_YERPE	HHEX_HUMAN	1	632	two hybrid pooling approach	20711500
Q8ZG01	Q68CP4	Yersinia pestis	SYM_YERPE	HGNAT_HUMAN	1	632	two hybrid pooling approach	20711500
P17778	P04233	Yersinia pestis	YOPM_YERPE	HG2A_HUMAN	1	632	two hybrid pooling approach	20711500
Q8Z9U1	P04233	Yersinia pestis	FABV_YERPE	HG2A_HUMAN	1	632	two hybrid pooling approach	20711500
Q8ZIN2	P04233	Yersinia pestis	TAL_YERPE	HG2A_HUMAN	1	632	two hybrid pooling approach	20711500
Q8D1K3	P04233	Yersinia pestis	Q8D1K3_YERPE	HG2A_HUMAN	1	632	two hybrid pooling approach	20711500
Q8D0C8	P04233	Yersinia pestis	Q8D0C8_YERPE	HG2A_HUMAN	1	632	two hybrid pooling approach	20711500
Q8CLE5	P04233	Yersinia pestis	Q8CLE5_YERPE	HG2A_HUMAN	1	632	two hybrid pooling approach	20711500
Q8CL30	P04233	Yersinia pestis	Q8CL30_YERPE	HG2A_HUMAN	1	632	two hybrid pooling approach	20711500
Q8CKH6	P04233	Yersinia pestis	Q8CKH6_YERPE	HG2A_HUMAN	1	632	two hybrid pooling approach	20711500
Q7CKZ7	P04233	Yersinia pestis	Q7CKZ7_YERPE	HG2A_HUMAN	1	632	two hybrid pooling approach	20711500
Q7CJW2	P04233	Yersinia pestis	Q7CJW2_YERPE	HG2A_HUMAN	1	632	two hybrid pooling approach	20711500
Q7CJM9	P04233	Yersinia pestis	RLMN_YERPE	HG2A_HUMAN	1	632	two hybrid pooling approach	20711500
Q7CJF7	P04233	Yersinia pestis	Q7CJF7_YERPE	HG2A_HUMAN	1	632	two hybrid pooling approach	20711500
Q7CJE7	P04233	Yersinia pestis	Q7CJE7_YERPE	HG2A_HUMAN	1	632	two hybrid pooling approach	20711500
Q7CJ44	P04233	Yersinia pestis	Q7CJ44_YERPE	HG2A_HUMAN	1	632	two hybrid pooling approach	20711500
Q7CIZ3	P04233	Yersinia pestis	BGAL_YERPE	HG2A_HUMAN	1	632	two hybrid pooling approach	20711500
Q7CIT9	P04233	Yersinia pestis	ARND_YERPE	HG2A_HUMAN	1	632	two hybrid pooling approach	20711500
Q7CIA4	P04233	Yersinia pestis	Q7CIA4_YERPE	HG2A_HUMAN	1	632	two hybrid pooling approach	20711500
Q7CGW9	P04233	Yersinia pestis	Q7CGW9_YERPE	HG2A_HUMAN	1	632	two hybrid pooling approach	20711500
Q7CGR6	P04233	Yersinia pestis	Q7CGR6_YERPE	HG2A_HUMAN	1	632	two hybrid pooling approach	20711500
Q7CGJ8	P04233	Yersinia pestis	Q7CGJ8_YERPE	HG2A_HUMAN	1	632	two hybrid pooling approach	20711500
Q7CGE5	P04233	Yersinia pestis	Q7CGE5_YERPE	HG2A_HUMAN	1	632	two hybrid pooling approach	20711500
Q7CFR7	P04233	Yersinia pestis	Q7CFR7_YERPE	HG2A_HUMAN	1	632	two hybrid pooling approach	20711500
Q8ZJL7	P04233	Yersinia pestis	FIEF_YERPE	HG2A_HUMAN	1	632	two hybrid pooling approach	20711500
Q8ZIY3	P04233	Yersinia pestis	CH60_YERPE	HG2A_HUMAN	1	632	two hybrid pooling approach	20711500
Q8ZA34	P04233	Yersinia pestis	CDH_YERPE	HG2A_HUMAN	1	632	two hybrid pooling approach	20711500
Q7CHD9	Q30201	Yersinia pestis	Q7CHD9_YERPE	HFE_HUMAN	1	632	two hybrid pooling approach	20711500
Q9X5X6	Q9BSE4	Yersinia pestis	Q9X5X6_YERPE	HERP2_HUMAN	1	632	two hybrid pooling approach	20711500
Q8D054	Q9BSE4	Yersinia pestis	Q8D054_YERPE	HERP2_HUMAN	1	632	two hybrid pooling approach	20711500
Q0WJ78	Q9BSE4	Yersinia pestis	RLMG_YERPE	HERP2_HUMAN	1	632	two hybrid pooling approach	20711500
Q8CKN0	P42694	Yersinia pestis	Q8CKN0_YERPE	HELZ_HUMAN	1	632	two hybrid pooling approach	20711500
Q7CHV4	P42694	Yersinia pestis	Q7CHV4_YERPE	HELZ_HUMAN	1	632	two hybrid pooling approach	20711500
Q8ZIH1	P42694	Yersinia pestis	LEUD_YERPE	HELZ_HUMAN	1	632	two hybrid pooling approach	20711500
Q8Z9U3	Q9NRZ9	Yersinia pestis	YIDC_YERPE	HELLS_HUMAN	1	632	two hybrid pooling approach	20711500
Q7CJM9	Q92769	Yersinia pestis	RLMN_YERPE	HDAC2_HUMAN	1	632	two hybrid pooling approach	20711500
Q8D1K6	Q96DB2	Yersinia pestis	Q8D1K6_YERPE	HDA11_HUMAN	1	632	two hybrid pooling approach	20711500
Q8CZV1	P14317	Yersinia pestis	Q8CZV1_YERPE	HCLS1_HUMAN	1	632	two hybrid pooling approach	20711500
Q8CLC4	P14317	Yersinia pestis	Q8CLC4_YERPE	HCLS1_HUMAN	1	632	two hybrid pooling approach	20711500
Q7CKW7	P14317	Yersinia pestis	Q7CKW7_YERPE	HCLS1_HUMAN	1	632	two hybrid pooling approach	20711500
Q74XD3	P14317	Yersinia pestis	CUTA_YERPE	HCLS1_HUMAN	1	632	two hybrid pooling approach	20711500
Q7CKD2	P51610	Yersinia pestis	Q7CKD2_YERPE	HCFC1_HUMAN	1	632	two hybrid pooling approach	20711500
Q7CJM5	P51610	Yersinia pestis	BAMB_YERPE	HCFC1_HUMAN	1	632	two hybrid pooling approach	20711500
Q8ZBN2	P82979	Yersinia pestis	ENO_YERPE	SARNP_HUMAN	1	632	two hybrid pooling approach	20711500
Q8CLF6	Q9Y450	Yersinia pestis	Q8CLF6_YERPE	HBS1L_HUMAN	1	632	two hybrid pooling approach	20711500
Q8D0F7	P69905	Yersinia pestis	Q8D0F7_YERPE	HBA_HUMAN	1	632	two hybrid pooling approach	20711500
Q8ZAA1	P69905	Yersinia pestis	BTUB_YERPE	HBA_HUMAN	1	632	two hybrid pooling approach	20711500
P42713	P01912	Yersinia pestis	YSCQ_YERPE	2B13_HUMAN	1	632	two hybrid pooling approach	20711500
Q8D0T1	P01912	Yersinia pestis	Q8D0T1_YERPE	2B13_HUMAN	1	632	two hybrid pooling approach	20711500
Q8CZJ4	P01912	Yersinia pestis	Q8CZJ4_YERPE	2B13_HUMAN	1	632	two hybrid pooling approach	20711500
Q7CG91	P01912	Yersinia pestis	Q7CG91_YERPE	2B13_HUMAN	1	632	two hybrid pooling approach	20711500
Q8ZJ79	P01912	Yersinia pestis	DEF_YERPE	2B13_HUMAN	1	632	two hybrid pooling approach	20711500
Q8D014	O00165	Yersinia pestis	Q8D014_YERPE	HAX1_HUMAN	1	632	two hybrid pooling approach	20711500
Q8CZR2	O00165	Yersinia pestis	Q8CZR2_YERPE	HAX1_HUMAN	1	632	two hybrid pooling approach	20711500
Q8CLE0	O00165	Yersinia pestis	Q8CLE0_YERPE	HAX1_HUMAN	1	632	two hybrid pooling approach	20711500
Q8CKN6	O00165	Yersinia pestis	Q8CKN6_YERPE	HAX1_HUMAN	1	632	two hybrid pooling approach	20711500
Q8CKH7	O00165	Yersinia pestis	Q8CKH7_YERPE	HAX1_HUMAN	1	632	two hybrid pooling approach	20711500
Q7CKG1	O00165	Yersinia pestis	Q7CKG1_YERPE	HAX1_HUMAN	1	632	two hybrid pooling approach	20711500
Q7CJE7	O00165	Yersinia pestis	Q7CJE7_YERPE	HAX1_HUMAN	1	632	two hybrid pooling approach	20711500
Q7CIB4	O00165	Yersinia pestis	Q7CIB4_YERPE	HAX1_HUMAN	1	632	two hybrid pooling approach	20711500
Q7CG77	O00165	Yersinia pestis	NHAA_YERPE	HAX1_HUMAN	1	632	two hybrid pooling approach	20711500
Q7ARD3	O00165	Yersinia pestis	Q7ARD3_YERPE	HAX1_HUMAN	1	632	two hybrid pooling approach	20711500
Q8ZHF4	O00165	Yersinia pestis	NTPA_YERPE	HAX1_HUMAN	1	632	two hybrid pooling approach	20711500
Q8ZCH3	O00165	Yersinia pestis	NANT_YERPE	HAX1_HUMAN	1	632	two hybrid pooling approach	20711500
Q8ZBU3	O00165	Yersinia pestis	LUXS_YERPE	HAX1_HUMAN	1	632	two hybrid pooling approach	20711500
P69961	O00165	Yersinia pestis	LCRS_YERPE	HAX1_HUMAN	1	632	two hybrid pooling approach	20711500
Q8ZIY3	O00165	Yersinia pestis	CH60_YERPE	HAX1_HUMAN	1	632	two hybrid pooling approach	20711500
Q8ZDX4	O00165	Yersinia pestis	BTUC_YERPE	HAX1_HUMAN	1	632	two hybrid pooling approach	20711500
Q7CHC4	P20036	Yersinia pestis	Q7CHC4_YERPE	DPA1_HUMAN	1	632	two hybrid pooling approach	20711500
Q7CGN7	P20036	Yersinia pestis	Q7CGN7_YERPE	DPA1_HUMAN	1	632	two hybrid pooling approach	20711500
Q7ARD3	P20036	Yersinia pestis	Q7ARD3_YERPE	DPA1_HUMAN	1	632	two hybrid pooling approach	20711500
Q8CLA8	Q6NXT2	Yersinia pestis	Q8CLA8_YERPE	H3C_HUMAN	1	632	two hybrid pooling approach	20711500
Q8D0Z4	O75367	Yersinia pestis	Q8D0Z4_YERPE	H2AY_HUMAN	1	632	two hybrid pooling approach	20711500
Q7CHD7	O75367	Yersinia pestis	Q7CHD7_YERPE	H2AY_HUMAN	1	632	two hybrid pooling approach	20711500
Q7CHV2	P49915	Yersinia pestis	Q7CHV2_YERPE	GUAA_HUMAN	1	632	two hybrid pooling approach	20711500
Q8D192	P78347	Yersinia pestis	Q8D192_YERPE	GTF2I_HUMAN	1	632	two hybrid pooling approach	20711500
Q8D1N9	P09488	Yersinia pestis	Q8D1N9_YERPE	GSTM1_HUMAN	1	632	two hybrid pooling approach	20711500
Q7CKK6	Q92896	Yersinia pestis	Q7CKK6_YERPE	GSLG1_HUMAN	1	632	two hybrid pooling approach	20711500
Q7CL54	P57764	Yersinia pestis	Q7CL54_YERPE	GSDMD_HUMAN	1	632	two hybrid pooling approach	20711500
Q7CGM2	P57764	Yersinia pestis	Q7CGM2_YERPE	GSDMD_HUMAN	1	632	two hybrid pooling approach	20711500
Q7CGW9	Q9NZM5	Yersinia pestis	Q7CGW9_YERPE	GSCR2_HUMAN	1	632	two hybrid pooling approach	20711500
Q8ZFX5	Q9NZM5	Yersinia pestis	HISX_YERPE	GSCR2_HUMAN	1	632	two hybrid pooling approach	20711500
Q7CFQ1	Q9HAV7	Yersinia pestis	Q7CFQ1_YERPE	GRPE1_HUMAN	1	632	two hybrid pooling approach	20711500
Q8ZGK8	Q8IV61	Yersinia pestis	UXUA_YERPE	GRP3_HUMAN	1	632	two hybrid pooling approach	20711500
Q8D090	P28799	Yersinia pestis	Q8D090_YERPE	GRN_HUMAN	1	632	two hybrid pooling approach	20711500
Q8CWG4	P28799	Yersinia pestis	Q8CWG4_YERPE	GRN_HUMAN	1	632	two hybrid pooling approach	20711500
Q7CH95	P28799	Yersinia pestis	Q7CH95_YERPE	GRN_HUMAN	1	632	two hybrid pooling approach	20711500
Q7CKH1	Q96CP6	Yersinia pestis	Q7CKH1_YERPE	GRM1A_HUMAN	1	632	two hybrid pooling approach	20711500
Q7CJU9	P62993	Yersinia pestis	Q7CJU9_YERPE	GRB2_HUMAN	1	632	two hybrid pooling approach	20711500
Q7CHM9	P62993	Yersinia pestis	Q7CHM9_YERPE	GRB2_HUMAN	1	632	two hybrid pooling approach	20711500
Q7CG01	Q4V328	Yersinia pestis	Q7CG01_YERPE	GRAP1_HUMAN	1	632	two hybrid pooling approach	20711500
Q8D1J2	P22352	Yersinia pestis	Q8D1J2_YERPE	GPX3_HUMAN	1	632	two hybrid pooling approach	20711500
Q8D008	P22352	Yersinia pestis	Q8D008_YERPE	GPX3_HUMAN	1	632	two hybrid pooling approach	20711500
Q8CZR4	P22352	Yersinia pestis	Q8CZR4_YERPE	GPX3_HUMAN	1	632	two hybrid pooling approach	20711500
Q7CGD4	P22352	Yersinia pestis	Q7CGD4_YERPE	GPX3_HUMAN	1	632	two hybrid pooling approach	20711500
Q7CJX6	Q13227	Yersinia pestis	Q7CJX6_YERPE	GPS2_HUMAN	1	632	two hybrid pooling approach	20711500
Q7CFS1	Q13227	Yersinia pestis	Q7CFS1_YERPE	GPS2_HUMAN	1	632	two hybrid pooling approach	20711500
Q8D050	Q9UPC5	Yersinia pestis	Q8D050_YERPE	GPR34_HUMAN	1	632	two hybrid pooling approach	20711500
Q0WEG0	Q8TDU6	Yersinia pestis	DTPA_YERPE	GPBAR_HUMAN	1	632	two hybrid pooling approach	20711500
Q8CZW8	Q8TDU6	Yersinia pestis	Q8CZW8_YERPE	GPBAR_HUMAN	1	632	two hybrid pooling approach	20711500
Q7CKL1	Q8TDU6	Yersinia pestis	Q7CKL1_YERPE	GPBAR_HUMAN	1	632	two hybrid pooling approach	20711500
Q7CJ45	Q8TDU6	Yersinia pestis	Q7CJ45_YERPE	GPBAR_HUMAN	1	632	two hybrid pooling approach	20711500
Q7CJW2	Q5T9L3	Yersinia pestis	Q7CJW2_YERPE	WLS_HUMAN	1	632	two hybrid pooling approach	20711500
Q7CGH3	Q9BXC1	Yersinia pestis	Q7CGH3_YERPE	GP174_HUMAN	1	632	two hybrid pooling approach	20711500
Q7CKZ2	Q9H8Y8	Yersinia pestis	Q7CKZ2_YERPE	GORS2_HUMAN	1	632	two hybrid pooling approach	20711500
Q8CKI1	Q9HD26	Yersinia pestis	Q8CKI1_YERPE	GOPC_HUMAN	1	632	two hybrid pooling approach	20711500
Q8CLP4	P15586	Yersinia pestis	Q8CLP4_YERPE	GNS_HUMAN	1	632	two hybrid pooling approach	20711500
Q8D1C5	Q9UJJ9	Yersinia pestis	Q8D1C5_YERPE	GNPTG_HUMAN	1	632	two hybrid pooling approach	20711500
Q8ZJC4	Q9UJJ9	Yersinia pestis	KEFB_YERPE	GNPTG_HUMAN	1	632	two hybrid pooling approach	20711500
Q7CHY1	P08754	Yersinia pestis	Q7CHY1_YERPE	GNAI3_HUMAN	1	632	two hybrid pooling approach	20711500
Q7CGF4	O60234	Yersinia pestis	Q7CGF4_YERPE	GMFG_HUMAN	1	632	two hybrid pooling approach	20711500
Q7CJX6	P34897	Yersinia pestis	Q7CJX6_YERPE	GLYM_HUMAN	1	632	two hybrid pooling approach	20711500
Q7CJU3	P34897	Yersinia pestis	Q7CJU3_YERPE	GLYM_HUMAN	1	632	two hybrid pooling approach	20711500
Q7CH91	P34897	Yersinia pestis	Q7CH91_YERPE	GLYM_HUMAN	1	632	two hybrid pooling approach	20711500
Q8CLN9	P10071	Yersinia pestis	Q8CLN9_YERPE	GLI3_HUMAN	1	632	two hybrid pooling approach	20711500
Q8D130	Q9Y2X7	Yersinia pestis	Q8D130_YERPE	GIT1_HUMAN	1	632	two hybrid pooling approach	20711500
Q7ARA5	Q8TF65	Yersinia pestis	Q7ARA5_YERPE	GIPC2_HUMAN	1	632	two hybrid pooling approach	20711500
Q8CKY9	Q8TF65	Yersinia pestis	Q8CKY9_YERPE	GIPC2_HUMAN	1	632	two hybrid pooling approach	20711500
Q8ZJ10	O14908	Yersinia pestis	ALR1_YERPE	GIPC1_HUMAN	1	632	two hybrid pooling approach	20711500
Q7CGH3	P13284	Yersinia pestis	Q7CGH3_YERPE	GILT_HUMAN	1	632	two hybrid pooling approach	20711500
Q9RI12	Q9H3K2	Yersinia pestis	YPKA_YERPE	GHITM_HUMAN	1	632	two hybrid pooling approach	20711500
Q7CHV4	Q6P531	Yersinia pestis	Q7CHV4_YERPE	GGT6_HUMAN	1	632	two hybrid pooling approach	20711500
Q7CJK6	P19440	Yersinia pestis	Q7CJK6_YERPE	GGT1_HUMAN	1	632	two hybrid pooling approach	20711500
Q7CIS3	Q9UJY4	Yersinia pestis	Q7CIS3_YERPE	GGA2_HUMAN	1	632	two hybrid pooling approach	20711500
Q8ZC32	Q9HCC8	Yersinia pestis	QUEA_YERPE	GDPD2_HUMAN	1	632	two hybrid pooling approach	20711500
Q9Z3B4	Q9HCC8	Yersinia pestis	Q9Z3B4_YERPE	GDPD2_HUMAN	1	632	two hybrid pooling approach	20711500
Q8D1I6	Q9HCC8	Yersinia pestis	Q8D1I6_YERPE	GDPD2_HUMAN	1	632	two hybrid pooling approach	20711500
Q8D008	Q9HCC8	Yersinia pestis	Q8D008_YERPE	GDPD2_HUMAN	1	632	two hybrid pooling approach	20711500
Q8CZQ3	Q9HCC8	Yersinia pestis	Q8CZQ3_YERPE	GDPD2_HUMAN	1	632	two hybrid pooling approach	20711500
Q7CL40	Q9HCC8	Yersinia pestis	Q7CL40_YERPE	GDPD2_HUMAN	1	632	two hybrid pooling approach	20711500
Q7CIL5	Q9HCC8	Yersinia pestis	Q7CIL5_YERPE	GDPD2_HUMAN	1	632	two hybrid pooling approach	20711500
Q7CIA2	Q9HCC8	Yersinia pestis	PRMC_YERPE	GDPD2_HUMAN	1	632	two hybrid pooling approach	20711500
Q7CGN1	Q9HCC8	Yersinia pestis	Q7CGN1_YERPE	GDPD2_HUMAN	1	632	two hybrid pooling approach	20711500
Q8ZIQ4	Q9HCC8	Yersinia pestis	DEOC2_YERPE	GDPD2_HUMAN	1	632	two hybrid pooling approach	20711500
Q7CJU3	P52566	Yersinia pestis	Q7CJU3_YERPE	GDIR2_HUMAN	1	632	two hybrid pooling approach	20711500
Q7CGS9	P52566	Yersinia pestis	Q7CGS9_YERPE	GDIR2_HUMAN	1	632	two hybrid pooling approach	20711500
Q7CJG2	P50395	Yersinia pestis	Q7CJG2_YERPE	GDIB_HUMAN	1	632	two hybrid pooling approach	20711500
Q7CG60	P50395	Yersinia pestis	Q7CG60_YERPE	GDIB_HUMAN	1	632	two hybrid pooling approach	20711500
Q7CG20	P31150	Yersinia pestis	Q7CG20_YERPE	GDIA_HUMAN	1	632	two hybrid pooling approach	20711500
Q8ZBP5	Q9NZC3	Yersinia pestis	FTSB_YERPE	GDE1_HUMAN	1	632	two hybrid pooling approach	20711500
Q7CGL3	Q9H3P7	Yersinia pestis	Q7CGL3_YERPE	GCP60_HUMAN	1	632	two hybrid pooling approach	20711500
Q7CFQ3	Q92616	Yersinia pestis	Q7CFQ3_YERPE	GCN1_HUMAN	1	632	two hybrid pooling approach	20711500
Q7ARK4	Q92616	Yersinia pestis	Q7ARK4_YERPE	GCN1_HUMAN	1	632	two hybrid pooling approach	20711500
Q7ARD3	Q8IWJ2	Yersinia pestis	Q7ARD3_YERPE	GCC2_HUMAN	1	632	two hybrid pooling approach	20711500
Q7CKC7	Q96CN9	Yersinia pestis	Q7CKC7_YERPE	GCC1_HUMAN	1	632	two hybrid pooling approach	20711500
Q7CI00	O95166	Yersinia pestis	Q7CI00_YERPE	GBRAP_HUMAN	1	632	two hybrid pooling approach	20711500
Q8ZI64	O95166	Yersinia pestis	CCA_YERPE	GBRAP_HUMAN	1	632	two hybrid pooling approach	20711500
Q8ZE38	P32456	Yersinia pestis	Y2347_YERPE	GBP2_HUMAN	1	632	two hybrid pooling approach	20711500
Q7CFR7	P32456	Yersinia pestis	Q7CFR7_YERPE	GBP2_HUMAN	1	632	two hybrid pooling approach	20711500
Q8D0R8	P32455	Yersinia pestis	Q8D0R8_YERPE	GBP1_HUMAN	1	632	two hybrid pooling approach	20711500
Q8D1J6	P63244	Yersinia pestis	Q8D1J6_YERPE	RACK1_HUMAN	1	632	two hybrid pooling approach	20711500
Q8CZR4	P63244	Yersinia pestis	Q8CZR4_YERPE	RACK1_HUMAN	1	632	two hybrid pooling approach	20711500
Q7CJU5	P63244	Yersinia pestis	Q7CJU5_YERPE	RACK1_HUMAN	1	632	two hybrid pooling approach	20711500
Q7CJQ8	P63244	Yersinia pestis	Q7CJQ8_YERPE	RACK1_HUMAN	1	632	two hybrid pooling approach	20711500
Q7CHZ0	P63244	Yersinia pestis	Q7CHZ0_YERPE	RACK1_HUMAN	1	632	two hybrid pooling approach	20711500
Q8ZAR3	P63244	Yersinia pestis	PUR9_YERPE	RACK1_HUMAN	1	632	two hybrid pooling approach	20711500
Q7CHU1	P63244	Yersinia pestis	MTFA_YERPE	RACK1_HUMAN	1	632	two hybrid pooling approach	20711500
Q9ZC81	Q92538	Yersinia pestis	Q9ZC81_YERPE	GBF1_HUMAN	1	632	two hybrid pooling approach	20711500
Q8CKQ9	P62873	Yersinia pestis	Q8CKQ9_YERPE	GBB1_HUMAN	1	632	two hybrid pooling approach	20711500
Q7CFP7	Q9HCG7	Yersinia pestis	Q7CFP7_YERPE	GBA2_HUMAN	1	632	two hybrid pooling approach	20711500
Q8D050	P50440	Yersinia pestis	Q8D050_YERPE	GATM_HUMAN	1	632	two hybrid pooling approach	20711500
O68769	Q92908	Yersinia pestis	O68769_YERPE	GATA6_HUMAN	1	632	two hybrid pooling approach	20711500
Q7CKK6	O60861	Yersinia pestis	Q7CKK6_YERPE	GAS7_HUMAN	1	632	two hybrid pooling approach	20711500
Q7CJT3	O60861	Yersinia pestis	Q7CJT3_YERPE	GAS7_HUMAN	1	632	two hybrid pooling approach	20711500
Q8CZV1	Q14376	Yersinia pestis	Q8CZV1_YERPE	GALE_HUMAN	1	632	two hybrid pooling approach	20711500
Q8CZV1	O95479	Yersinia pestis	Q8CZV1_YERPE	G6PE_HUMAN	1	632	two hybrid pooling approach	20711500
Q7CHW4	P49019	Yersinia pestis	PURT_YERPE	HCAR3_HUMAN	1	632	two hybrid pooling approach	20711500
Q8CLC4	P06241	Yersinia pestis	Q8CLC4_YERPE	FYN_HUMAN	1	632	two hybrid pooling approach	20711500
Q7CGJ4	P06241	Yersinia pestis	Q7CGJ4_YERPE	FYN_HUMAN	1	632	two hybrid pooling approach	20711500
Q7CLC1	Q9BQS8	Yersinia pestis	Q7CLC1_YERPE	FYCO1_HUMAN	1	632	two hybrid pooling approach	20711500
Q8CLN8	Q9H0Q3	Yersinia pestis	Q8CLN8_YERPE	FXYD6_HUMAN	1	632	two hybrid pooling approach	20711500
Q8D194	Q9BYC5	Yersinia pestis	Q8D194_YERPE	FUT8_HUMAN	1	632	two hybrid pooling approach	20711500
Q8ZEC8	Q9BWH2	Yersinia pestis	ETCA_YERPE	FUND2_HUMAN	1	632	two hybrid pooling approach	20711500
Q7CJE3	Q9BWH2	Yersinia pestis	Q7CJE3_YERPE	FUND2_HUMAN	1	632	two hybrid pooling approach	20711500
Q8ZGW7	P07954	Yersinia pestis	UVRB_YERPE	FUMH_HUMAN	1	632	two hybrid pooling approach	20711500
Q8ZCC3	Q96AE4	Yersinia pestis	BEPA_YERPE	FUBP1_HUMAN	1	632	two hybrid pooling approach	20711500
Q8ZFW5	Q96AE4	Yersinia pestis	Y1560_YERPE	FUBP1_HUMAN	1	632	two hybrid pooling approach	20711500
Q8ZIM0	Q96AE4	Yersinia pestis	SYI_YERPE	FUBP1_HUMAN	1	632	two hybrid pooling approach	20711500
Q7ARD6	Q96AE4	Yersinia pestis	Q7ARD6_YERPE	FUBP1_HUMAN	1	632	two hybrid pooling approach	20711500
Q8D0K9	Q96AE4	Yersinia pestis	Q8D0K9_YERPE	FUBP1_HUMAN	1	632	two hybrid pooling approach	20711500
Q7CIH0	Q96AE4	Yersinia pestis	Q7CIH0_YERPE	FUBP1_HUMAN	1	632	two hybrid pooling approach	20711500
Q7CFN1	Q96AE4	Yersinia pestis	Q7CFN1_YERPE	FUBP1_HUMAN	1	632	two hybrid pooling approach	20711500
Q7ARE4	Q96AE4	Yersinia pestis	Q7ARE4_YERPE	FUBP1_HUMAN	1	632	two hybrid pooling approach	20711500
Q7CKC7	O94915	Yersinia pestis	Q7CKC7_YERPE	FRYL_HUMAN	1	632	two hybrid pooling approach	20711500
Q8ZHK4	Q9P2Q2	Yersinia pestis	RF2_YERPE	FRM4A_HUMAN	1	632	two hybrid pooling approach	20711500
Q7CG91	P02792	Yersinia pestis	Q7CG91_YERPE	FRIL_HUMAN	1	632	two hybrid pooling approach	20711500
P69955	P21462	Yersinia pestis	LCRD_YERPE	FPR1_HUMAN	1	632	two hybrid pooling approach	20711500
P69980	Q92802	Yersinia pestis	YSCR_YERPE	N42L2_HUMAN	1	632	two hybrid pooling approach	20711500
Q9X5X6	Q92802	Yersinia pestis	Q9X5X6_YERPE	N42L2_HUMAN	1	632	two hybrid pooling approach	20711500
Q7CJX7	Q92802	Yersinia pestis	Q7CJX7_YERPE	N42L2_HUMAN	1	632	two hybrid pooling approach	20711500
Q7CJ97	Q92802	Yersinia pestis	Q7CJ97_YERPE	N42L2_HUMAN	1	632	two hybrid pooling approach	20711500
Q7CJ72	Q92802	Yersinia pestis	RLMF_YERPE	N42L2_HUMAN	1	632	two hybrid pooling approach	20711500
Q7CHE5	Q92802	Yersinia pestis	Q7CHE5_YERPE	N42L2_HUMAN	1	632	two hybrid pooling approach	20711500
Q7CHD9	Q92802	Yersinia pestis	Q7CHD9_YERPE	N42L2_HUMAN	1	632	two hybrid pooling approach	20711500
Q7CH24	Q92802	Yersinia pestis	Q7CH24_YERPE	N42L2_HUMAN	1	632	two hybrid pooling approach	20711500
Q8ZJ18	Q92802	Yersinia pestis	PLSB_YERPE	N42L2_HUMAN	1	632	two hybrid pooling approach	20711500
Q8ZIL5	Q92802	Yersinia pestis	CARA_YERPE	N42L2_HUMAN	1	632	two hybrid pooling approach	20711500
Q8D1Q0	Q9H334	Yersinia pestis	Q8D1Q0_YERPE	FOXP1_HUMAN	1	632	two hybrid pooling approach	20711500
Q7CIA4	Q9H334	Yersinia pestis	Q7CIA4_YERPE	FOXP1_HUMAN	1	632	two hybrid pooling approach	20711500
Q7CHE6	Q9H334	Yersinia pestis	Q7CHE6_YERPE	FOXP1_HUMAN	1	632	two hybrid pooling approach	20711500
Q7CH97	Q9P0K8	Yersinia pestis	Q7CH97_YERPE	FOXJ2_HUMAN	1	632	two hybrid pooling approach	20711500
Q0WF87	Q53EP0	Yersinia pestis	MDTI_YERPE	FND3B_HUMAN	1	632	two hybrid pooling approach	20711500
Q8CZQ7	Q53EP0	Yersinia pestis	Q8CZQ7_YERPE	FND3B_HUMAN	1	632	two hybrid pooling approach	20711500
Q7CIW1	Q53EP0	Yersinia pestis	Q7CIW1_YERPE	FND3B_HUMAN	1	632	two hybrid pooling approach	20711500
Q7CIP7	Q53EP0	Yersinia pestis	Q7CIP7_YERPE	FND3B_HUMAN	1	632	two hybrid pooling approach	20711500
Q8ZBU9	Q9Y2H6	Yersinia pestis	TRMD_YERPE	FND3A_HUMAN	1	632	two hybrid pooling approach	20711500
Q8CKF4	Q9Y2H6	Yersinia pestis	Q8CKF4_YERPE	FND3A_HUMAN	1	632	two hybrid pooling approach	20711500
Q8D015	O75044	Yersinia pestis	Q8D015_YERPE	SRGP2_HUMAN	1	632	two hybrid pooling approach	20711500
Q7CJ53	Q06787	Yersinia pestis	Q7CJ53_YERPE	FMR1_HUMAN	1	632	two hybrid pooling approach	20711500
Q7CKJ7	Q13045	Yersinia pestis	Q7CKJ7_YERPE	FLII_HUMAN	1	632	two hybrid pooling approach	20711500
Q8ZAB3	Q01543	Yersinia pestis	ILVD_YERPE	FLI1_HUMAN	1	632	two hybrid pooling approach	20711500
Q8ZBP8	Q13451	Yersinia pestis	TRUD_YERPE	FKBP5_HUMAN	1	632	two hybrid pooling approach	20711500
Q7CHR0	Q13451	Yersinia pestis	Q7CHR0_YERPE	FKBP5_HUMAN	1	632	two hybrid pooling approach	20711500
Q8ZHG7	Q13451	Yersinia pestis	METK_YERPE	FKBP5_HUMAN	1	632	two hybrid pooling approach	20711500
Q8CLF6	Q96SL8	Yersinia pestis	Q8CLF6_YERPE	FIZ1_HUMAN	1	632	two hybrid pooling approach	20711500
P68587	Q14192	Yersinia pestis	YSCP_YERPE	FHL2_HUMAN	1	632	two hybrid pooling approach	20711500
Q9R8C5	Q14192	Yersinia pestis	Q9R8C5_YERPE	FHL2_HUMAN	1	632	two hybrid pooling approach	20711500
Q8CZY2	Q14192	Yersinia pestis	Q8CZY2_YERPE	FHL2_HUMAN	1	632	two hybrid pooling approach	20711500
Q7CKM6	Q14192	Yersinia pestis	Q7CKM6_YERPE	FHL2_HUMAN	1	632	two hybrid pooling approach	20711500
Q7CJU8	Q14192	Yersinia pestis	Q7CJU8_YERPE	FHL2_HUMAN	1	632	two hybrid pooling approach	20711500
Q8ZI64	Q14192	Yersinia pestis	CCA_YERPE	FHL2_HUMAN	1	632	two hybrid pooling approach	20711500
Q8CLV1	P09769	Yersinia pestis	Q8CLV1_YERPE	FGR_HUMAN	1	632	two hybrid pooling approach	20711500
Q8ZH37	Q9UHY8	Yersinia pestis	GMHBB_YERPE	FEZ2_HUMAN	1	632	two hybrid pooling approach	20711500
Q8D0R7	O94868	Yersinia pestis	Q8D0R7_YERPE	FCSD2_HUMAN	1	632	two hybrid pooling approach	20711500
Q8D1R0	Q86WN1	Yersinia pestis	Q8D1R0_YERPE	FCSD1_HUMAN	1	632	two hybrid pooling approach	20711500
Q8D0P4	Q7L513	Yersinia pestis	Q8D0P4_YERPE	FCRLA_HUMAN	1	632	two hybrid pooling approach	20711500
Q7CHY3	Q0JRZ9	Yersinia pestis	Q7CHY3_YERPE	FCHO2_HUMAN	1	632	two hybrid pooling approach	20711500
Q7CIP7	O14526	Yersinia pestis	Q7CIP7_YERPE	FCHO1_HUMAN	1	632	two hybrid pooling approach	20711500
Q8D1U4	P55899	Yersinia pestis	Q8D1U4_YERPE	FCGRN_HUMAN	1	632	two hybrid pooling approach	20711500
Q8D0I9	P55899	Yersinia pestis	Q8D0I9_YERPE	FCGRN_HUMAN	1	632	two hybrid pooling approach	20711500
Q8ZI60	P12314	Yersinia pestis	HLDE_YERPE	FCGR1_HUMAN	1	632	two hybrid pooling approach	20711500
Q8ZD91	Q9Y6R7	Yersinia pestis	GCH1L_YERPE	FCGBP_HUMAN	1	632	two hybrid pooling approach	20711500
Q8D166	Q9UJT9	Yersinia pestis	Q8D166_YERPE	FBXL7_HUMAN	1	632	two hybrid pooling approach	20711500
Q7CKG1	Q9UKA2	Yersinia pestis	Q7CKG1_YERPE	FBXL4_HUMAN	1	632	two hybrid pooling approach	20711500
Q8D131	Q9UKT7	Yersinia pestis	Q8D131_YERPE	FBXL3_HUMAN	1	632	two hybrid pooling approach	20711500
Q8D0D4	Q9UK97	Yersinia pestis	Q8D0D4_YERPE	FBX9_HUMAN	1	632	two hybrid pooling approach	20711500
Q8ZJG9	Q9UK97	Yersinia pestis	PCKA_YERPE	FBX9_HUMAN	1	632	two hybrid pooling approach	20711500
Q74YC7	Q86XK2	Yersinia pestis	Q74YC7_YERPE	FBX11_HUMAN	1	632	two hybrid pooling approach	20711500
Q8D0R9	P35555	Yersinia pestis	Q8D0R9_YERPE	FBN1_HUMAN	1	632	two hybrid pooling approach	20711500
Q74YC7	P35555	Yersinia pestis	Q74YC7_YERPE	FBN1_HUMAN	1	632	two hybrid pooling approach	20711500
Q8ZCV9	P35555	Yersinia pestis	MDTC_YERPE	FBN1_HUMAN	1	632	two hybrid pooling approach	20711500
Q7CGM2	O95967	Yersinia pestis	Q7CGM2_YERPE	FBLN4_HUMAN	1	632	two hybrid pooling approach	20711500
Q7CK42	Q12805	Yersinia pestis	Q7CK42_YERPE	FBLN3_HUMAN	1	632	two hybrid pooling approach	20711500
Q7CKD3	P98095	Yersinia pestis	Q7CKD3_YERPE	FBLN2_HUMAN	1	632	two hybrid pooling approach	20711500
Q8Z9R8	P98095	Yersinia pestis	MNMG_YERPE	FBLN2_HUMAN	1	632	two hybrid pooling approach	20711500
Q7CJT3	P23142	Yersinia pestis	Q7CJT3_YERPE	FBLN1_HUMAN	1	632	two hybrid pooling approach	20711500
Q7ARD3	P23142	Yersinia pestis	Q7ARD3_YERPE	FBLN1_HUMAN	1	632	two hybrid pooling approach	20711500
Q8ZIE7	O94887	Yersinia pestis	DDL_YERPE	FARP2_HUMAN	1	632	two hybrid pooling approach	20711500
Q8ZHG0	Q9NPI8	Yersinia pestis	AGUA_YERPE	FANCF_HUMAN	1	632	two hybrid pooling approach	20711500
Q8CZZ7	Q8IZT9	Yersinia pestis	Q8CZZ7_YERPE	FAM9C_HUMAN	1	632	two hybrid pooling approach	20711500
P17778	Q14289	Yersinia pestis	YOPM_YERPE	FAK2_HUMAN	1	632	two hybrid pooling approach	20711500
Q8CKM0	Q14289	Yersinia pestis	Q8CKM0_YERPE	FAK2_HUMAN	1	632	two hybrid pooling approach	20711500
Q8CKF8	Q14289	Yersinia pestis	Q8CKF8_YERPE	FAK2_HUMAN	1	632	two hybrid pooling approach	20711500
Q7CHH7	Q05397	Yersinia pestis	Q7CHH7_YERPE	FAK1_HUMAN	1	632	two hybrid pooling approach	20711500
Q8ZBZ9	O00519	Yersinia pestis	DPO4_YERPE	FAAH1_HUMAN	1	632	two hybrid pooling approach	20711500
Q8D1G3	Q8WV15	Yersinia pestis	Q8D1G3_YERPE	T255B_HUMAN	1	632	two hybrid pooling approach	20711500
Q7CHK7	Q9Y4F9	Yersinia pestis	RLMKL_YERPE	FA65B_HUMAN	1	632	two hybrid pooling approach	20711500
Q7CHX9	Q8NEM7	Yersinia pestis	Q7CHX9_YERPE	SP20H_HUMAN	1	632	two hybrid pooling approach	20711500
Q7CG98	Q8NEM7	Yersinia pestis	Q7CG98_YERPE	SP20H_HUMAN	1	632	two hybrid pooling approach	20711500
Q7CHI6	Q6VEQ5	Yersinia pestis	Q7CHI6_YERPE	WASH2_HUMAN	1	632	two hybrid pooling approach	20711500
Q7CG16	Q7Z4H7	Yersinia pestis	Q7CG16_YERPE	HAUS6_HUMAN	1	632	two hybrid pooling approach	20711500
Q8ZBP8	Q9Y4E1	Yersinia pestis	TRUD_YERPE	FA21C_HUMAN	1	632	two hybrid pooling approach	20711500
Q8CZU9	Q641Q2	Yersinia pestis	Q8CZU9_YERPE	FA21A_HUMAN	1	632	two hybrid pooling approach	20711500
Q7CH24	Q641Q2	Yersinia pestis	Q7CH24_YERPE	FA21A_HUMAN	1	632	two hybrid pooling approach	20711500
Q7ARD1	Q9H2X8	Yersinia pestis	Q7ARD1_YERPE	I27L2_HUMAN	1	632	two hybrid pooling approach	20711500
Q7CK43	O60825	Yersinia pestis	Q7CK43_YERPE	F262_HUMAN	1	632	two hybrid pooling approach	20711500
Q8D195	P09467	Yersinia pestis	Q8D195_YERPE	F16P1_HUMAN	1	632	two hybrid pooling approach	20711500
Q7CL26	Q6ICB0	Yersinia pestis	Q7CL26_YERPE	DESI1_HUMAN	1	632	two hybrid pooling approach	20711500
Q7CKZ0	Q6ICB0	Yersinia pestis	Q7CKZ0_YERPE	DESI1_HUMAN	1	632	two hybrid pooling approach	20711500
Q7CHC8	Q6ICB0	Yersinia pestis	Q7CHC8_YERPE	DESI1_HUMAN	1	632	two hybrid pooling approach	20711500
Q8CZW8	Q7Z309	Yersinia pestis	Q8CZW8_YERPE	F122B_HUMAN	1	632	two hybrid pooling approach	20711500
Q8ZJP8	Q96PZ2	Yersinia pestis	RNPH_YERPE	F111A_HUMAN	1	632	two hybrid pooling approach	20711500
Q7CH18	Q8TC76	Yersinia pestis	Q7CH18_YERPE	F110B_HUMAN	1	632	two hybrid pooling approach	20711500
Q8D1G8	P50502	Yersinia pestis	ACSA_YERPE	F10A1_HUMAN	1	632	two hybrid pooling approach	20711500
P17778	Q96GS6	Yersinia pestis	YOPM_YERPE	AB17A_HUMAN	1	632	two hybrid pooling approach	20711500
Q8D0Z3	Q93063	Yersinia pestis	Q8D0Z3_YERPE	EXT2_HUMAN	1	632	two hybrid pooling approach	20711500
Q7CKN1	Q16394	Yersinia pestis	Q7CKN1_YERPE	EXT1_HUMAN	1	632	two hybrid pooling approach	20711500
Q7CHZ0	Q01780	Yersinia pestis	Q7CHZ0_YERPE	EXOSX_HUMAN	1	632	two hybrid pooling approach	20711500
Q7CHJ5	Q15024	Yersinia pestis	Q7CHJ5_YERPE	EXOS7_HUMAN	1	632	two hybrid pooling approach	20711500
Q8D1M8	Q9Y3B2	Yersinia pestis	Q8D1M8_YERPE	EXOS1_HUMAN	1	632	two hybrid pooling approach	20711500
Q8ZC18	Q9UPT5	Yersinia pestis	RDGC_YERPE	EXOC7_HUMAN	1	632	two hybrid pooling approach	20711500
Q7CGI4	O60645	Yersinia pestis	Q7CGI4_YERPE	EXOC3_HUMAN	1	632	two hybrid pooling approach	20711500
Q8D1G3	Q01844	Yersinia pestis	Q8D1G3_YERPE	EWS_HUMAN	1	632	two hybrid pooling approach	20711500
Q7CGC7	Q01844	Yersinia pestis	Q7CGC7_YERPE	EWS_HUMAN	1	632	two hybrid pooling approach	20711500
O68749	O60447	Yersinia pestis	O68749_YERPE	EVI5_HUMAN	1	632	two hybrid pooling approach	20711500
Q7CHC4	P22794	Yersinia pestis	Q7CHC4_YERPE	EVI2A_HUMAN	1	632	two hybrid pooling approach	20711500
Q8CZW4	P41212	Yersinia pestis	Q8CZW4_YERPE	ETV6_HUMAN	1	632	two hybrid pooling approach	20711500
Q8CLT3	Q7Z2Z2	Yersinia pestis	Q8CLT3_YERPE	EFL1_HUMAN	1	632	two hybrid pooling approach	20711500
Q8CL29	Q7Z2Z2	Yersinia pestis	Q8CL29_YERPE	EFL1_HUMAN	1	632	two hybrid pooling approach	20711500
Q8ZGR6	P15036	Yersinia pestis	UBIG_YERPE	ETS2_HUMAN	1	632	two hybrid pooling approach	20711500
Q8D1C5	P15036	Yersinia pestis	Q8D1C5_YERPE	ETS2_HUMAN	1	632	two hybrid pooling approach	20711500
Q7CLB3	P15036	Yersinia pestis	Q7CLB3_YERPE	ETS2_HUMAN	1	632	two hybrid pooling approach	20711500
Q7CL29	P15036	Yersinia pestis	Q7CL29_YERPE	ETS2_HUMAN	1	632	two hybrid pooling approach	20711500
Q7CHC7	P15036	Yersinia pestis	Q7CHC7_YERPE	ETS2_HUMAN	1	632	two hybrid pooling approach	20711500
Q8ZHI8	P15036	Yersinia pestis	GCSP_YERPE	ETS2_HUMAN	1	632	two hybrid pooling approach	20711500
Q8CKW8	P14921	Yersinia pestis	Q8CKW8_YERPE	ETS1_HUMAN	1	632	two hybrid pooling approach	20711500
Q8ZED8	Q16134	Yersinia pestis	RNB_YERPE	ETFD_HUMAN	1	632	two hybrid pooling approach	20711500
Q74SR9	P38117	Yersinia pestis	TRMN6_YERPE	ETFB_HUMAN	1	632	two hybrid pooling approach	20711500
Q7CKG9	P13804	Yersinia pestis	Q7CKG9_YERPE	ETFA_HUMAN	1	632	two hybrid pooling approach	20711500
Q7CGR6	Q9BSJ8	Yersinia pestis	Q7CGR6_YERPE	ESYT1_HUMAN	1	632	two hybrid pooling approach	20711500
Q8CZZ7	P11474	Yersinia pestis	Q8CZZ7_YERPE	ERR1_HUMAN	1	632	two hybrid pooling approach	20711500
Q8CLE0	P30040	Yersinia pestis	Q8CLE0_YERPE	ERP29_HUMAN	1	632	two hybrid pooling approach	20711500
Q8CZU2	Q9NZ08	Yersinia pestis	Q8CZU2_YERPE	ERAP1_HUMAN	1	632	two hybrid pooling approach	20711500
Q7CJK4	Q12929	Yersinia pestis	Q7CJK4_YERPE	EPS8_HUMAN	1	632	two hybrid pooling approach	20711500
Q8ZD27	Q14677	Yersinia pestis	TRUA_YERPE	EPN4_HUMAN	1	632	two hybrid pooling approach	20711500
Q8CKM1	Q14677	Yersinia pestis	Q8CKM1_YERPE	EPN4_HUMAN	1	632	two hybrid pooling approach	20711500
Q7CL96	Q14677	Yersinia pestis	Q7CL96_YERPE	EPN4_HUMAN	1	632	two hybrid pooling approach	20711500
Q7CKV4	Q14677	Yersinia pestis	Q7CKV4_YERPE	EPN4_HUMAN	1	632	two hybrid pooling approach	20711500
Q8ZDX4	Q14677	Yersinia pestis	BTUC_YERPE	EPN4_HUMAN	1	632	two hybrid pooling approach	20711500
Q0WAP4	O15197	Yersinia pestis	PEPQ_YERPE	EPHB6_HUMAN	1	632	two hybrid pooling approach	20711500
Q0WJP9	P42566	Yersinia pestis	LSRA_YERPE	EPS15_HUMAN	1	632	two hybrid pooling approach	20711500
Q74Q56	O95936	Yersinia pestis	SGRR_YERPE	EOMES_HUMAN	1	632	two hybrid pooling approach	20711500
Q7CFV7	O95936	Yersinia pestis	Q7CFV7_YERPE	EOMES_HUMAN	1	632	two hybrid pooling approach	20711500
Q8ZAQ2	P14625	Yersinia pestis	THIC_YERPE	ENPL_HUMAN	1	632	two hybrid pooling approach	20711500
Q7CHV2	P14625	Yersinia pestis	Q7CHV2_YERPE	ENPL_HUMAN	1	632	two hybrid pooling approach	20711500
Q8ZAL3	P14625	Yersinia pestis	METE_YERPE	ENPL_HUMAN	1	632	two hybrid pooling approach	20711500
Q8ZI64	P14625	Yersinia pestis	CCA_YERPE	ENPL_HUMAN	1	632	two hybrid pooling approach	20711500
Q8ZBP5	Q8IZ81	Yersinia pestis	FTSB_YERPE	ELMD2_HUMAN	1	632	two hybrid pooling approach	20711500
Q8ZCR0	Q99607	Yersinia pestis	HMP_YERPE	ELF4_HUMAN	1	632	two hybrid pooling approach	20711500
Q8CL89	Q15723	Yersinia pestis	Q8CL89_YERPE	ELF2_HUMAN	1	632	two hybrid pooling approach	20711500
Q9ZC29	P32519	Yersinia pestis	Q9ZC29_YERPE	ELF1_HUMAN	1	632	two hybrid pooling approach	20711500
Q7CKD3	P32519	Yersinia pestis	Q7CKD3_YERPE	ELF1_HUMAN	1	632	two hybrid pooling approach	20711500
Q7CHX9	P32519	Yersinia pestis	Q7CHX9_YERPE	ELF1_HUMAN	1	632	two hybrid pooling approach	20711500
Q7CIZ7	O75153	Yersinia pestis	Q7CIZ7_YERPE	CLU_HUMAN	1	632	two hybrid pooling approach	20711500
Q8D015	Q7L2H7	Yersinia pestis	Q8D015_YERPE	EIF3M_HUMAN	1	632	two hybrid pooling approach	20711500
Q7CIM3	O75821	Yersinia pestis	Q7CIM3_YERPE	EIF3G_HUMAN	1	632	two hybrid pooling approach	20711500
Q8CZR4	O15371	Yersinia pestis	Q8CZR4_YERPE	EIF3D_HUMAN	1	632	two hybrid pooling approach	20711500
Q8CL86	P55884	Yersinia pestis	Q8CL86_YERPE	EIF3B_HUMAN	1	632	two hybrid pooling approach	20711500
Q8ZIY3	P41567	Yersinia pestis	CH60_YERPE	EIF1_HUMAN	1	632	two hybrid pooling approach	20711500
Q8ZH40	Q14232	Yersinia pestis	METQ_YERPE	EI2BA_HUMAN	1	632	two hybrid pooling approach	20711500
Q8D1A1	Q9H9B1	Yersinia pestis	Q8D1A1_YERPE	EHMT1_HUMAN	1	632	two hybrid pooling approach	20711500
Q7CGS9	Q9H223	Yersinia pestis	Q7CGS9_YERPE	EHD4_HUMAN	1	632	two hybrid pooling approach	20711500
Q7CHB5	Q9NZN3	Yersinia pestis	Q7CHB5_YERPE	EHD3_HUMAN	1	632	two hybrid pooling approach	20711500
Q8D0R8	Q8NDI1	Yersinia pestis	Q8D0R8_YERPE	EHBP1_HUMAN	1	632	two hybrid pooling approach	20711500
Q9ZC68	P18146	Yersinia pestis	ASTD_YERPE	EGR1_HUMAN	1	632	two hybrid pooling approach	20711500
Q8ZAR3	P17813	Yersinia pestis	PUR9_YERPE	EGLN_HUMAN	1	632	two hybrid pooling approach	20711500
Q8ZJP7	Q9GZT9	Yersinia pestis	PYRE_YERPE	EGLN1_HUMAN	1	632	two hybrid pooling approach	20711500
Q8ZE20	P00533	Yersinia pestis	SYY_YERPE	EGFR_HUMAN	1	632	two hybrid pooling approach	20711500
Q8CZJ8	Q9UHF1	Yersinia pestis	Q8CZJ8_YERPE	EGFL7_HUMAN	1	632	two hybrid pooling approach	20711500
Q8ZCS5	Q9UHF1	Yersinia pestis	HSCA_YERPE	EGFL7_HUMAN	1	632	two hybrid pooling approach	20711500
Q8CLV2	Q96RP9	Yersinia pestis	Q8CLV2_YERPE	EFGM_HUMAN	1	632	two hybrid pooling approach	20711500
Q8D1R0	P13639	Yersinia pestis	Q8D1R0_YERPE	EF2_HUMAN	1	632	two hybrid pooling approach	20711500
Q8D1N0	P13639	Yersinia pestis	Q8D1N0_YERPE	EF2_HUMAN	1	632	two hybrid pooling approach	20711500
Q7CJF5	P13639	Yersinia pestis	Q7CJF5_YERPE	EF2_HUMAN	1	632	two hybrid pooling approach	20711500
Q7CIT1	P13639	Yersinia pestis	Q7CIT1_YERPE	EF2_HUMAN	1	632	two hybrid pooling approach	20711500
Q7CIM3	P13639	Yersinia pestis	Q7CIM3_YERPE	EF2_HUMAN	1	632	two hybrid pooling approach	20711500
Q7CHC3	P13639	Yersinia pestis	Q7CHC3_YERPE	EF2_HUMAN	1	632	two hybrid pooling approach	20711500
P59324	P13639	Yersinia pestis	ARGD_YERPE	EF2_HUMAN	1	632	two hybrid pooling approach	20711500
P69976	P26641	Yersinia pestis	YSCL_YERPE	EF1G_HUMAN	1	632	two hybrid pooling approach	20711500
Q8D092	P26641	Yersinia pestis	Q8D092_YERPE	EF1G_HUMAN	1	632	two hybrid pooling approach	20711500
Q8D052	P26641	Yersinia pestis	Q8D052_YERPE	EF1G_HUMAN	1	632	two hybrid pooling approach	20711500
Q7CKB5	P26641	Yersinia pestis	Q7CKB5_YERPE	EF1G_HUMAN	1	632	two hybrid pooling approach	20711500
Q7ARD3	P26641	Yersinia pestis	Q7ARD3_YERPE	EF1G_HUMAN	1	632	two hybrid pooling approach	20711500
Q8ZA85	P26641	Yersinia pestis	ARGE_YERPE	EF1G_HUMAN	1	632	two hybrid pooling approach	20711500
Q7CG09	P29692	Yersinia pestis	Q7CG09_YERPE	EF1D_HUMAN	1	632	two hybrid pooling approach	20711500
Q7CIZ3	Q15075	Yersinia pestis	BGAL_YERPE	EEA1_HUMAN	1	632	two hybrid pooling approach	20711500
Q8ZE20	Q3B7T1	Yersinia pestis	SYY_YERPE	EDRF1_HUMAN	1	632	two hybrid pooling approach	20711500
Q3V8F6	Q6P2E9	Yersinia pestis	Q3V8F6_YERPE	EDC4_HUMAN	1	632	two hybrid pooling approach	20711500
Q8CZW0	Q5VYK3	Yersinia pestis	Q8CZW0_YERPE	ECM29_HUMAN	1	632	two hybrid pooling approach	20711500
Q8CKI8	Q5VYK3	Yersinia pestis	Q8CKI8_YERPE	ECM29_HUMAN	1	632	two hybrid pooling approach	20711500
Q8CKN0	Q16610	Yersinia pestis	Q8CKN0_YERPE	ECM1_HUMAN	1	632	two hybrid pooling approach	20711500
P58644	Q16610	Yersinia pestis	PYRF_YERPE	ECM1_HUMAN	1	632	two hybrid pooling approach	20711500
Q7CHB5	P30084	Yersinia pestis	Q7CHB5_YERPE	ECHM_HUMAN	1	632	two hybrid pooling approach	20711500
Q8CZW4	P32249	Yersinia pestis	Q8CZW4_YERPE	GP183_HUMAN	1	632	two hybrid pooling approach	20711500
Q7CL55	Q56P03	Yersinia pestis	Q7CL55_YERPE	EAPP_HUMAN	1	632	two hybrid pooling approach	20711500
Q8D0U3	Q96CJ1	Yersinia pestis	PDXB_YERPE	EAF2_HUMAN	1	632	two hybrid pooling approach	20711500
Q9ZC81	O43491	Yersinia pestis	Q9ZC81_YERPE	E41L2_HUMAN	1	632	two hybrid pooling approach	20711500
Q8D1E3	O43491	Yersinia pestis	Q8D1E3_YERPE	E41L2_HUMAN	1	632	two hybrid pooling approach	20711500
Q7CKZ7	O43491	Yersinia pestis	Q7CKZ7_YERPE	E41L2_HUMAN	1	632	two hybrid pooling approach	20711500
Q8CL89	Q9H4G0	Yersinia pestis	Q8CL89_YERPE	E41L1_HUMAN	1	632	two hybrid pooling approach	20711500
Q8CKW7	Q15329	Yersinia pestis	Q8CKW7_YERPE	E2F5_HUMAN	1	632	two hybrid pooling approach	20711500
Q7CIA2	Q16254	Yersinia pestis	PRMC_YERPE	E2F4_HUMAN	1	632	two hybrid pooling approach	20711500
Q8ZJ74	Q9NZJ5	Yersinia pestis	AROE_YERPE	E2AK3_HUMAN	1	632	two hybrid pooling approach	20711500
Q7CG77	Q9BQI3	Yersinia pestis	NHAA_YERPE	E2AK1_HUMAN	1	632	two hybrid pooling approach	20711500
Q8ZDX4	Q9BQI3	Yersinia pestis	BTUC_YERPE	E2AK1_HUMAN	1	632	two hybrid pooling approach	20711500
Q74YG7	P50570	Yersinia pestis	Q74YG7_YERPE	DYN2_HUMAN	1	632	two hybrid pooling approach	20711500
Q8CLQ7	Q7RTS9	Yersinia pestis	Q8CLQ7_YERPE	DYM_HUMAN	1	632	two hybrid pooling approach	20711500
Q7CGR9	P51808	Yersinia pestis	Q7CGR9_YERPE	DYLT3_HUMAN	1	632	two hybrid pooling approach	20711500
Q8D0V6	P33316	Yersinia pestis	Q8D0V6_YERPE	DUT_HUMAN	1	632	two hybrid pooling approach	20711500
Q8CKI1	P33316	Yersinia pestis	Q8CKI1_YERPE	DUT_HUMAN	1	632	two hybrid pooling approach	20711500
Q8ZAN0	P33316	Yersinia pestis	FADB_YERPE	DUT_HUMAN	1	632	two hybrid pooling approach	20711500
Q8ZBN6	P33316	Yersinia pestis	CYSJ_YERPE	DUT_HUMAN	1	632	two hybrid pooling approach	20711500
Q7CHD7	P28562	Yersinia pestis	Q7CHD7_YERPE	DUS1_HUMAN	1	632	two hybrid pooling approach	20711500
Q7CG01	Q9Y4J8	Yersinia pestis	Q7CG01_YERPE	DTNA_HUMAN	1	632	two hybrid pooling approach	20711500
Q7CJF5	P55265	Yersinia pestis	Q7CJF5_YERPE	DSRAD_HUMAN	1	632	two hybrid pooling approach	20711500
Q8ZHK5	Q14919	Yersinia pestis	SYK_YERPE	NC2A_HUMAN	1	632	two hybrid pooling approach	20711500
Q8ZAP5	Q12882	Yersinia pestis	RPOB_YERPE	DPYD_HUMAN	1	632	two hybrid pooling approach	20711500
Q8D1C6	Q12882	Yersinia pestis	Q8D1C6_YERPE	DPYD_HUMAN	1	632	two hybrid pooling approach	20711500
Q8D0H5	Q12882	Yersinia pestis	Q8D0H5_YERPE	DPYD_HUMAN	1	632	two hybrid pooling approach	20711500
Q7CJH7	Q12882	Yersinia pestis	Q7CJH7_YERPE	DPYD_HUMAN	1	632	two hybrid pooling approach	20711500
Q7CJ40	Q12882	Yersinia pestis	Q7CJ40_YERPE	DPYD_HUMAN	1	632	two hybrid pooling approach	20711500
Q7CG16	Q12882	Yersinia pestis	Q7CG16_YERPE	DPYD_HUMAN	1	632	two hybrid pooling approach	20711500
Q8ZCK2	Q12882	Yersinia pestis	MNTH_YERPE	DPYD_HUMAN	1	632	two hybrid pooling approach	20711500
Q8ZA76	Q12882	Yersinia pestis	GLGX_YERPE	DPYD_HUMAN	1	632	two hybrid pooling approach	20711500
P46359	Q12882	Yersinia pestis	FYUA_YERPE	DPYD_HUMAN	1	632	two hybrid pooling approach	20711500
Q93PE0	Q12882	Yersinia pestis	ARNB_YERPE	DPYD_HUMAN	1	632	two hybrid pooling approach	20711500
Q7CL06	P27487	Yersinia pestis	Q7CL06_YERPE	DPP4_HUMAN	1	632	two hybrid pooling approach	20711500
Q9ZFR9	Q9UHL4	Yersinia pestis	URE1_YERPE	DPP2_HUMAN	1	632	two hybrid pooling approach	20711500
Q7CGR8	Q9UHL4	Yersinia pestis	Q7CGR8_YERPE	DPP2_HUMAN	1	632	two hybrid pooling approach	20711500
Q7CGF4	O60673	Yersinia pestis	Q7CGF4_YERPE	REV3L_HUMAN	1	632	two hybrid pooling approach	20711500
Q8CLT3	Q9HCU8	Yersinia pestis	Q8CLT3_YERPE	DPOD4_HUMAN	1	632	two hybrid pooling approach	20711500
Q8ZJ07	Q9H4A9	Yersinia pestis	UVRA_YERPE	DPEP2_HUMAN	1	632	two hybrid pooling approach	20711500
Q7ARD3	Q86SG4	Yersinia pestis	Q7ARD3_YERPE	DPCA2_HUMAN	1	632	two hybrid pooling approach	20711500
Q8ZHK5	O77932	Yersinia pestis	SYK_YERPE	DXO_HUMAN	1	632	two hybrid pooling approach	20711500
O68740	Q7L591	Yersinia pestis	O68740_YERPE	DOK3_HUMAN	1	632	two hybrid pooling approach	20711500
Q7CJB1	Q9H7D0	Yersinia pestis	Q7CJB1_YERPE	DOCK5_HUMAN	1	632	two hybrid pooling approach	20711500
Q8ZD91	P26358	Yersinia pestis	GCH1L_YERPE	DNMT1_HUMAN	1	632	two hybrid pooling approach	20711500
P69992	P26358	Yersinia pestis	UREG_YERPE	DNMT1_HUMAN	1	632	two hybrid pooling approach	20711500
Q74SQ6	P26358	Yersinia pestis	MLTF_YERPE	DNMT1_HUMAN	1	632	two hybrid pooling approach	20711500
Q8ZB39	Q9Y6K1	Yersinia pestis	PYRB_YERPE	DNM3A_HUMAN	1	632	two hybrid pooling approach	20711500
Q7ARD3	Q9Y6K1	Yersinia pestis	Q7ARD3_YERPE	DNM3A_HUMAN	1	632	two hybrid pooling approach	20711500
O68740	Q9Y6K1	Yersinia pestis	O68740_YERPE	DNM3A_HUMAN	1	632	two hybrid pooling approach	20711500
Q8ZEL7	Q9Y6K1	Yersinia pestis	DADA_YERPE	DNM3A_HUMAN	1	632	two hybrid pooling approach	20711500
Q7CG08	Q09013	Yersinia pestis	Q7CG08_YERPE	DMPK_HUMAN	1	632	two hybrid pooling approach	20711500
Q7CFV7	Q09013	Yersinia pestis	Q7CFV7_YERPE	DMPK_HUMAN	1	632	two hybrid pooling approach	20711500
Q8CKQ9	Q8TDM6	Yersinia pestis	Q8CKQ9_YERPE	DLG5_HUMAN	1	632	two hybrid pooling approach	20711500
Q7ARA5	Q15700	Yersinia pestis	Q7ARA5_YERPE	DLG2_HUMAN	1	632	two hybrid pooling approach	20711500
Q9Z373	Q01459	Yersinia pestis	Q9Z373_YERPE	DIAC_HUMAN	1	632	two hybrid pooling approach	20711500
Q8D0U3	Q01459	Yersinia pestis	PDXB_YERPE	DIAC_HUMAN	1	632	two hybrid pooling approach	20711500
Q8D0D4	O43143	Yersinia pestis	Q8D0D4_YERPE	DHX15_HUMAN	1	632	two hybrid pooling approach	20711500
Q8CZF9	Q9UBM7	Yersinia pestis	Q8CZF9_YERPE	DHCR7_HUMAN	1	632	two hybrid pooling approach	20711500
Q74YG8	P51659	Yersinia pestis	Q74YG8_YERPE	DHB4_HUMAN	1	632	two hybrid pooling approach	20711500
Q8CLY1	Q13574	Yersinia pestis	Q8CLY1_YERPE	DGKZ_HUMAN	1	632	two hybrid pooling approach	20711500
Q74YG8	Q16760	Yersinia pestis	Q74YG8_YERPE	DGKD_HUMAN	1	632	two hybrid pooling approach	20711500
Q7CHZ0	A2RUS2	Yersinia pestis	Q7CHZ0_YERPE	DEND3_HUMAN	1	632	two hybrid pooling approach	20711500
Q7CGW9	A2RUS2	Yersinia pestis	Q7CGW9_YERPE	DEND3_HUMAN	1	632	two hybrid pooling approach	20711500
Q7CHY3	Q5VZ89	Yersinia pestis	Q7CHY3_YERPE	DEN4C_HUMAN	1	632	two hybrid pooling approach	20711500
Q8D0E1	O75064	Yersinia pestis	Q8D0E1_YERPE	DEN4B_HUMAN	1	632	two hybrid pooling approach	20711500
Q8D093	O75064	Yersinia pestis	Q8D093_YERPE	DEN4B_HUMAN	1	632	two hybrid pooling approach	20711500
Q8ZA85	O75064	Yersinia pestis	ARGE_YERPE	DEN4B_HUMAN	1	632	two hybrid pooling approach	20711500
Q8ZBN6	Q8IV53	Yersinia pestis	CYSJ_YERPE	DEN1C_HUMAN	1	632	two hybrid pooling approach	20711500
Q7CIT1	P35659	Yersinia pestis	Q7CIT1_YERPE	DEK_HUMAN	1	632	two hybrid pooling approach	20711500
Q8D0E1	Q9H4E7	Yersinia pestis	Q8D0E1_YERPE	DEFI6_HUMAN	1	632	two hybrid pooling approach	20711500
Q8ZAR2	Q9H4E7	Yersinia pestis	PUR2_YERPE	DEFI6_HUMAN	1	632	two hybrid pooling approach	20711500
Q8ZC49	Q16698	Yersinia pestis	THII_YERPE	DECR_HUMAN	1	632	two hybrid pooling approach	20711500
Q8D070	P26196	Yersinia pestis	Q8D070_YERPE	DDX6_HUMAN	1	632	two hybrid pooling approach	20711500
Q8D1D2	P17844	Yersinia pestis	Q8D1D2_YERPE	DDX5_HUMAN	1	632	two hybrid pooling approach	20711500
Q7CII9	P17844	Yersinia pestis	Q7CII9_YERPE	DDX5_HUMAN	1	632	two hybrid pooling approach	20711500
Q9ZC68	P17844	Yersinia pestis	ASTD_YERPE	DDX5_HUMAN	1	632	two hybrid pooling approach	20711500
Q8D0N7	Q9NY93	Yersinia pestis	Q8D0N7_YERPE	DDX56_HUMAN	1	632	two hybrid pooling approach	20711500
Q8ZBZ9	Q9H0S4	Yersinia pestis	DPO4_YERPE	DDX47_HUMAN	1	632	two hybrid pooling approach	20711500
P37867	Q86XP3	Yersinia pestis	RECX_YERPE	DDX42_HUMAN	1	632	two hybrid pooling approach	20711500
Q8ZCT9	O15523	Yersinia pestis	DER_YERPE	DDX3Y_HUMAN	1	632	two hybrid pooling approach	20711500
Q8CLV1	O00571	Yersinia pestis	Q8CLV1_YERPE	DDX3X_HUMAN	1	632	two hybrid pooling approach	20711500
Q8D044	O00148	Yersinia pestis	Q8D044_YERPE	DX39A_HUMAN	1	632	two hybrid pooling approach	20711500
Q7CK51	Q9NUL7	Yersinia pestis	Q7CK51_YERPE	DDX28_HUMAN	1	632	two hybrid pooling approach	20711500
Q7CG61	Q9NUL7	Yersinia pestis	Q7CG61_YERPE	DDX28_HUMAN	1	632	two hybrid pooling approach	20711500
Q7ARD3	Q9GZR7	Yersinia pestis	Q7ARD3_YERPE	DDX24_HUMAN	1	632	two hybrid pooling approach	20711500
Q7CIA4	Q9BUQ8	Yersinia pestis	Q7CIA4_YERPE	DDX23_HUMAN	1	632	two hybrid pooling approach	20711500
P68587	Q92841	Yersinia pestis	YSCP_YERPE	DDX17_HUMAN	1	632	two hybrid pooling approach	20711500
Q7CJE4	Q92841	Yersinia pestis	Q7CJE4_YERPE	DDX17_HUMAN	1	632	two hybrid pooling approach	20711500
Q7CGN7	Q92841	Yersinia pestis	Q7CGN7_YERPE	DDX17_HUMAN	1	632	two hybrid pooling approach	20711500
Q8CZF9	Q9NX09	Yersinia pestis	Q8CZF9_YERPE	DDIT4_HUMAN	1	632	two hybrid pooling approach	20711500
Q7CIT1	Q9UMR2	Yersinia pestis	Q7CIT1_YERPE	DD19B_HUMAN	1	632	two hybrid pooling approach	20711500
P68587	Q9NUU7	Yersinia pestis	YSCP_YERPE	DD19A_HUMAN	1	632	two hybrid pooling approach	20711500
Q0WAP4	P06132	Yersinia pestis	PEPQ_YERPE	DCUP_HUMAN	1	632	two hybrid pooling approach	20711500
Q7CGQ2	Q13561	Yersinia pestis	Q7CGQ2_YERPE	DCTN2_HUMAN	1	632	two hybrid pooling approach	20711500
Q8D008	Q9UK59	Yersinia pestis	Q8D008_YERPE	DBR1_HUMAN	1	632	two hybrid pooling approach	20711500
Q7CKF7	P16989	Yersinia pestis	Q7CKF7_YERPE	YBOX3_HUMAN	1	632	two hybrid pooling approach	20711500
Q8ZF52	Q15038	Yersinia pestis	UVRC_YERPE	DAZP2_HUMAN	1	632	two hybrid pooling approach	20711500
Q8CZL7	Q15038	Yersinia pestis	Q8CZL7_YERPE	DAZP2_HUMAN	1	632	two hybrid pooling approach	20711500
Q7CL39	Q15038	Yersinia pestis	Q7CL39_YERPE	DAZP2_HUMAN	1	632	two hybrid pooling approach	20711500
Q7ARH3	Q15038	Yersinia pestis	Q7ARH3_YERPE	DAZP2_HUMAN	1	632	two hybrid pooling approach	20711500
Q8ZA85	Q15038	Yersinia pestis	ARGE_YERPE	DAZP2_HUMAN	1	632	two hybrid pooling approach	20711500
Q8D0D4	Q9UER7	Yersinia pestis	Q8D0D4_YERPE	DAXX_HUMAN	1	632	two hybrid pooling approach	20711500
Q7CHG5	Q5D0E6	Yersinia pestis	Q7CHG5_YERPE	DALD3_HUMAN	1	632	two hybrid pooling approach	20711500
Q7CGN7	Q5VWQ8	Yersinia pestis	Q7CGN7_YERPE	DAB2P_HUMAN	1	632	two hybrid pooling approach	20711500
Q8D1M8	P98082	Yersinia pestis	Q8D1M8_YERPE	DAB2_HUMAN	1	632	two hybrid pooling approach	20711500
Q7CIU4	P98082	Yersinia pestis	Q7CIU4_YERPE	DAB2_HUMAN	1	632	two hybrid pooling approach	20711500
Q7CGR8	Q7Z388	Yersinia pestis	Q7CGR8_YERPE	D19L4_HUMAN	1	632	two hybrid pooling approach	20711500
Q7ARD2	Q6ZPD9	Yersinia pestis	Q7ARD2_YERPE	D19L3_HUMAN	1	632	two hybrid pooling approach	20711500
Q7CFX2	Q96J86	Yersinia pestis	Q7CFX2_YERPE	CYYR1_HUMAN	1	632	two hybrid pooling approach	20711500
Q8ZH37	P01034	Yersinia pestis	GMHBB_YERPE	CYTC_HUMAN	1	632	two hybrid pooling approach	20711500
Q8CZZ7	O00622	Yersinia pestis	Q8CZZ7_YERPE	CYR61_HUMAN	1	632	two hybrid pooling approach	20711500
Q7CGI4	O14625	Yersinia pestis	Q7CGI4_YERPE	CXL11_HUMAN	1	632	two hybrid pooling approach	20711500
P68587	P61073	Yersinia pestis	YSCP_YERPE	CXCR4_HUMAN	1	632	two hybrid pooling approach	20711500
Q7CJU0	P25025	Yersinia pestis	Q7CJU0_YERPE	CXCR2_HUMAN	1	632	two hybrid pooling approach	20711500
Q7CGS6	Q9NP73	Yersinia pestis	Q7CGS6_YERPE	ALG13_HUMAN	1	632	two hybrid pooling approach	20711500
Q8ZJ79	Q9P013	Yersinia pestis	DEF_YERPE	CWC15_HUMAN	1	632	two hybrid pooling approach	20711500
Q8D0D5	P39880	Yersinia pestis	Q8D0D5_YERPE	CUX1_HUMAN	1	632	two hybrid pooling approach	20711500
Q7CL32	P39880	Yersinia pestis	Q7CL32_YERPE	CUX1_HUMAN	1	632	two hybrid pooling approach	20711500
Q56954	Q9NTM9	Yersinia pestis	YFEC_YERPE	CUTC_HUMAN	1	632	two hybrid pooling approach	20711500
Q7CKZ7	Q9NTM9	Yersinia pestis	Q7CKZ7_YERPE	CUTC_HUMAN	1	632	two hybrid pooling approach	20711500
Q8CLT1	O60888	Yersinia pestis	Q8CLT1_YERPE	CUTA_HUMAN	1	632	two hybrid pooling approach	20711500
Q7CKB7	O60888	Yersinia pestis	Q7CKB7_YERPE	CUTA_HUMAN	1	632	two hybrid pooling approach	20711500
Q8ZHG0	O60888	Yersinia pestis	AGUA_YERPE	CUTA_HUMAN	1	632	two hybrid pooling approach	20711500
Q7CHV2	Q93034	Yersinia pestis	Q7CHV2_YERPE	CUL5_HUMAN	1	632	two hybrid pooling approach	20711500
Q8D0H5	Q13620	Yersinia pestis	Q8D0H5_YERPE	CUL4B_HUMAN	1	632	two hybrid pooling approach	20711500
Q7CL89	Q13616	Yersinia pestis	Q7CL89_YERPE	CUL1_HUMAN	1	632	two hybrid pooling approach	20711500
Q7CKH1	Q13616	Yersinia pestis	Q7CKH1_YERPE	CUL1_HUMAN	1	632	two hybrid pooling approach	20711500
Q7CJD2	P58658	Yersinia pestis	Q7CJD2_YERPE	EVA1C_HUMAN	1	632	two hybrid pooling approach	20711500
Q7CIG7	O60716	Yersinia pestis	Q7CIG7_YERPE	CTND1_HUMAN	1	632	two hybrid pooling approach	20711500
Q8ZC18	P35222	Yersinia pestis	RDGC_YERPE	CTNB1_HUMAN	1	632	two hybrid pooling approach	20711500
Q8D015	P35222	Yersinia pestis	Q8D015_YERPE	CTNB1_HUMAN	1	632	two hybrid pooling approach	20711500
Q7CIP7	P35222	Yersinia pestis	Q7CIP7_YERPE	CTNB1_HUMAN	1	632	two hybrid pooling approach	20711500
Q8D1G8	P35222	Yersinia pestis	ACSA_YERPE	CTNB1_HUMAN	1	632	two hybrid pooling approach	20711500
Q8ZH30	P29279	Yersinia pestis	RNH_YERPE	CTGF_HUMAN	1	632	two hybrid pooling approach	20711500
Q8D0L8	P29279	Yersinia pestis	Q8D0L8_YERPE	CTGF_HUMAN	1	632	two hybrid pooling approach	20711500
Q8D078	P29279	Yersinia pestis	Q8D078_YERPE	CTGF_HUMAN	1	632	two hybrid pooling approach	20711500
Q8ZCW0	P29279	Yersinia pestis	MDTB_YERPE	CTGF_HUMAN	1	632	two hybrid pooling approach	20711500
Q8CLQ9	O15320	Yersinia pestis	Q8CLQ9_YERPE	CTGE5_HUMAN	1	632	two hybrid pooling approach	20711500
Q7CJ53	P49711	Yersinia pestis	Q7CJ53_YERPE	CTCF_HUMAN	1	632	two hybrid pooling approach	20711500
Q7CHQ0	P49711	Yersinia pestis	Q7CHQ0_YERPE	CTCF_HUMAN	1	632	two hybrid pooling approach	20711500
Q7CGD9	Q9NUG4	Yersinia pestis	CDIA_YERPE	CCM2L_HUMAN	1	632	two hybrid pooling approach	20711500
Q7CHJ5	Q9NX31	Yersinia pestis	Q7CHJ5_YERPE	OSER1_HUMAN	1	632	two hybrid pooling approach	20711500
Q8ZFU4	Q9NX31	Yersinia pestis	PYRC_YERPE	OSER1_HUMAN	1	632	two hybrid pooling approach	20711500
Q7CIA2	Q96A57	Yersinia pestis	PRMC_YERPE	TM230_HUMAN	1	632	two hybrid pooling approach	20711500
Q8CWH7	Q12996	Yersinia pestis	Q8CWH7_YERPE	CSTF3_HUMAN	1	632	two hybrid pooling approach	20711500
Q7CGV8	Q13098	Yersinia pestis	Q7CGV8_YERPE	CSN1_HUMAN	1	632	two hybrid pooling approach	20711500
Q7CIP7	P67870	Yersinia pestis	Q7CIP7_YERPE	CSK2B_HUMAN	1	632	two hybrid pooling approach	20711500
Q7CGA9	P67870	Yersinia pestis	Q7CGA9_YERPE	CSK2B_HUMAN	1	632	two hybrid pooling approach	20711500
Q8ZCQ2	P07333	Yersinia pestis	PUR4_YERPE	CSF1R_HUMAN	1	632	two hybrid pooling approach	20711500
Q8D070	P09603	Yersinia pestis	Q8D070_YERPE	CSF1_HUMAN	1	632	two hybrid pooling approach	20711500
Q8CZW4	O75534	Yersinia pestis	Q8CZW4_YERPE	CSDE1_HUMAN	1	632	two hybrid pooling approach	20711500
Q7CHR5	O75534	Yersinia pestis	Q7CHR5_YERPE	CSDE1_HUMAN	1	632	two hybrid pooling approach	20711500
Q8CZF9	Q9H0W8	Yersinia pestis	Q8CZF9_YERPE	SMG9_HUMAN	1	632	two hybrid pooling approach	20711500
Q8D0R4	Q96EN9	Yersinia pestis	Q8D0R4_YERPE	CS060_HUMAN	1	632	two hybrid pooling approach	20711500
Q8CZK5	Q96EN9	Yersinia pestis	Q8CZK5_YERPE	CS060_HUMAN	1	632	two hybrid pooling approach	20711500
Q8CKB6	Q9BQD3	Yersinia pestis	Q8CKB6_YERPE	KXDL1_HUMAN	1	632	two hybrid pooling approach	20711500
Q7CHJ5	Q9BQD3	Yersinia pestis	Q7CHJ5_YERPE	KXDL1_HUMAN	1	632	two hybrid pooling approach	20711500
Q8CL89	Q9BQ61	Yersinia pestis	Q8CL89_YERPE	CS043_HUMAN	1	632	two hybrid pooling approach	20711500
Q8CKH6	Q9BVV8	Yersinia pestis	Q8CKH6_YERPE	CS024_HUMAN	1	632	two hybrid pooling approach	20711500
Q8D1E7	Q9NSK7	Yersinia pestis	Q8D1E7_YERPE	CS012_HUMAN	1	632	two hybrid pooling approach	20711500
Q7CFQ1	Q86T23	Yersinia pestis	Q7CFQ1_YERPE	CROL1_HUMAN	1	632	two hybrid pooling approach	20711500
Q8CLC4	Q8IUI8	Yersinia pestis	Q8CLC4_YERPE	CRLF3_HUMAN	1	632	two hybrid pooling approach	20711500
Q8ZED8	Q9NZV1	Yersinia pestis	RNB_YERPE	CRIM1_HUMAN	1	632	two hybrid pooling approach	20711500
Q7CHW4	O75629	Yersinia pestis	PURT_YERPE	CREG1_HUMAN	1	632	two hybrid pooling approach	20711500
Q8CZU2	P16220	Yersinia pestis	Q8CZU2_YERPE	CREB1_HUMAN	1	632	two hybrid pooling approach	20711500
Q3V8F6	Q96SW2	Yersinia pestis	Q3V8F6_YERPE	CRBN_HUMAN	1	632	two hybrid pooling approach	20711500
Q7CHC3	O60519	Yersinia pestis	Q7CHC3_YERPE	CRBL2_HUMAN	1	632	two hybrid pooling approach	20711500
Q8D0X0	P20023	Yersinia pestis	Q8D0X0_YERPE	CR2_HUMAN	1	632	two hybrid pooling approach	20711500
Q7ARA8	P17927	Yersinia pestis	Q7ARA8_YERPE	CR1_HUMAN	1	632	two hybrid pooling approach	20711500
Q7CJU6	P17927	Yersinia pestis	Q7CJU6_YERPE	CR1_HUMAN	1	632	two hybrid pooling approach	20711500
Q8ZGX4	P17927	Yersinia pestis	6PGL_YERPE	CR1_HUMAN	1	632	two hybrid pooling approach	20711500
Q8CZJ0	Q6UWF3	Yersinia pestis	Q8CZJ0_YERPE	SCIMP_HUMAN	1	632	two hybrid pooling approach	20711500
Q8CKW7	Q9BSJ5	Yersinia pestis	Q8CKW7_YERPE	CQ080_HUMAN	1	632	two hybrid pooling approach	20711500
Q7CK09	Q8WU58	Yersinia pestis	Q7CK09_YERPE	F222B_HUMAN	1	632	two hybrid pooling approach	20711500
Q7CJH7	Q8N1F1	Yersinia pestis	Q7CJH7_YERPE	C1AS1_HUMAN	1	632	two hybrid pooling approach	20711500
Q8CLF6	Q9H3G5	Yersinia pestis	Q8CLF6_YERPE	CPVL_HUMAN	1	632	two hybrid pooling approach	20711500
Q8ZHI6	Q9H3G5	Yersinia pestis	GCST_YERPE	CPVL_HUMAN	1	632	two hybrid pooling approach	20711500
Q8ZIH1	P50416	Yersinia pestis	LEUD_YERPE	CPT1A_HUMAN	1	632	two hybrid pooling approach	20711500
Q8ZIL5	P50416	Yersinia pestis	CARA_YERPE	CPT1A_HUMAN	1	632	two hybrid pooling approach	20711500
Q7CFX1	Q16630	Yersinia pestis	Q7CFX1_YERPE	CPSF6_HUMAN	1	632	two hybrid pooling approach	20711500
Q7CIL8	O43809	Yersinia pestis	Q7CIL8_YERPE	CPSF5_HUMAN	1	632	two hybrid pooling approach	20711500
Q7CIG0	Q9P2I0	Yersinia pestis	Q7CIG0_YERPE	CPSF2_HUMAN	1	632	two hybrid pooling approach	20711500
Q8CWG5	P04632	Yersinia pestis	Q8CWG5_YERPE	CPNS1_HUMAN	1	632	two hybrid pooling approach	20711500
Q8ZGW9	Q9BV73	Yersinia pestis	BIOD1_YERPE	CP250_HUMAN	1	632	two hybrid pooling approach	20711500
Q8ZJL7	Q16678	Yersinia pestis	FIEF_YERPE	CP1B1_HUMAN	1	632	two hybrid pooling approach	20711500
Q7CL14	Q66GS9	Yersinia pestis	Q7CL14_YERPE	CP135_HUMAN	1	632	two hybrid pooling approach	20711500
Q8ZAF0	Q9BUU2	Yersinia pestis	WECF_YERPE	MET22_HUMAN	1	632	two hybrid pooling approach	20711500
Q74YC7	Q96NB1	Yersinia pestis	Q74YC7_YERPE	FOPNL_HUMAN	1	632	two hybrid pooling approach	20711500
Q7CKV4	P24468	Yersinia pestis	Q7CKV4_YERPE	COT2_HUMAN	1	632	two hybrid pooling approach	20711500
Q8D0H6	Q92828	Yersinia pestis	Q8D0H6_YERPE	COR2A_HUMAN	1	632	two hybrid pooling approach	20711500
Q7CIG7	P31146	Yersinia pestis	Q7CIG7_YERPE	COR1A_HUMAN	1	632	two hybrid pooling approach	20711500
Q7CIA4	Q9Y678	Yersinia pestis	Q7CIA4_YERPE	COPG1_HUMAN	1	632	two hybrid pooling approach	20711500
Q7CG90	Q7Z4G1	Yersinia pestis	Q7CG90_YERPE	COMD6_HUMAN	1	632	two hybrid pooling approach	20711500
Q8D0C8	Q9H0A8	Yersinia pestis	Q8D0C8_YERPE	COMD4_HUMAN	1	632	two hybrid pooling approach	20711500
Q7CFS1	Q07092	Yersinia pestis	Q7CFS1_YERPE	COGA1_HUMAN	1	632	two hybrid pooling approach	20711500
Q8D1R1	Q96MW5	Yersinia pestis	Q8D1R1_YERPE	COG8_HUMAN	1	632	two hybrid pooling approach	20711500
Q9R3G9	Q9H9E3	Yersinia pestis	Q9R3G9_YERPE	COG4_HUMAN	1	632	two hybrid pooling approach	20711500
Q8CZR5	Q96JB2	Yersinia pestis	Q8CZR5_YERPE	COG3_HUMAN	1	632	two hybrid pooling approach	20711500
Q7CG01	Q96JB2	Yersinia pestis	Q7CG01_YERPE	COG3_HUMAN	1	632	two hybrid pooling approach	20711500
Q8ZA88	Q96JB2	Yersinia pestis	ARLY_YERPE	COG3_HUMAN	1	632	two hybrid pooling approach	20711500
Q8D177	Q14746	Yersinia pestis	Q8D177_YERPE	COG2_HUMAN	1	632	two hybrid pooling approach	20711500
Q8CZQ9	P39059	Yersinia pestis	Q8CZQ9_YERPE	COFA1_HUMAN	1	632	two hybrid pooling approach	20711500
Q7CJX7	P39059	Yersinia pestis	Q7CJX7_YERPE	COFA1_HUMAN	1	632	two hybrid pooling approach	20711500
Q8D0X3	P23528	Yersinia pestis	Q8D0X3_YERPE	COF1_HUMAN	1	632	two hybrid pooling approach	20711500
Q8D0R4	P23528	Yersinia pestis	Q8D0R4_YERPE	COF1_HUMAN	1	632	two hybrid pooling approach	20711500
Q7CKJ7	P23528	Yersinia pestis	Q7CKJ7_YERPE	COF1_HUMAN	1	632	two hybrid pooling approach	20711500
Q7CK47	P23528	Yersinia pestis	Q7CK47_YERPE	COF1_HUMAN	1	632	two hybrid pooling approach	20711500
Q7CI41	P23528	Yersinia pestis	Q7CI41_YERPE	COF1_HUMAN	1	632	two hybrid pooling approach	20711500
Q7CHX9	P23528	Yersinia pestis	Q7CHX9_YERPE	COF1_HUMAN	1	632	two hybrid pooling approach	20711500
Q7CGU7	P23528	Yersinia pestis	Q7CGU7_YERPE	COF1_HUMAN	1	632	two hybrid pooling approach	20711500
P58582	P23528	Yersinia pestis	GSHB_YERPE	COF1_HUMAN	1	632	two hybrid pooling approach	20711500
Q7ARB3	Q99715	Yersinia pestis	Q7ARB3_YERPE	COCA1_HUMAN	1	632	two hybrid pooling approach	20711500
Q8CZR4	Q99715	Yersinia pestis	Q8CZR4_YERPE	COCA1_HUMAN	1	632	two hybrid pooling approach	20711500
Q7ARD3	P10643	Yersinia pestis	Q7ARD3_YERPE	CO7_HUMAN	1	632	two hybrid pooling approach	20711500
Q0WJP9	P12111	Yersinia pestis	LSRA_YERPE	CO6A3_HUMAN	1	632	two hybrid pooling approach	20711500
Q9ZGX5	P12109	Yersinia pestis	Q9ZGX5_YERPE	CO6A1_HUMAN	1	632	two hybrid pooling approach	20711500
Q8ZJ73	P12109	Yersinia pestis	ACTP_YERPE	CO6A1_HUMAN	1	632	two hybrid pooling approach	20711500
Q8ZAR3	P0C0L5	Yersinia pestis	PUR9_YERPE	CO4B_HUMAN	1	632	two hybrid pooling approach	20711500
Q7CJV3	P0C0L4	Yersinia pestis	Q7CJV3_YERPE	CO4A_HUMAN	1	632	two hybrid pooling approach	20711500
Q74YC7	P08572	Yersinia pestis	Q74YC7_YERPE	CO4A2_HUMAN	1	632	two hybrid pooling approach	20711500
Q8ZD36	P02462	Yersinia pestis	MNMC_YERPE	CO4A1_HUMAN	1	632	two hybrid pooling approach	20711500
Q8CZM4	P02462	Yersinia pestis	Q8CZM4_YERPE	CO4A1_HUMAN	1	632	two hybrid pooling approach	20711500
Q7CKM5	P02462	Yersinia pestis	Q7CKM5_YERPE	CO4A1_HUMAN	1	632	two hybrid pooling approach	20711500
Q7CK47	P02462	Yersinia pestis	Q7CK47_YERPE	CO4A1_HUMAN	1	632	two hybrid pooling approach	20711500
Q7CJB1	P02462	Yersinia pestis	Q7CJB1_YERPE	CO4A1_HUMAN	1	632	two hybrid pooling approach	20711500
Q7CFR7	P02462	Yersinia pestis	Q7CFR7_YERPE	CO4A1_HUMAN	1	632	two hybrid pooling approach	20711500
Q7CFN3	P02462	Yersinia pestis	Q7CFN3_YERPE	CO4A1_HUMAN	1	632	two hybrid pooling approach	20711500
Q8ZFX6	P02462	Yersinia pestis	HIS8_YERPE	CO4A1_HUMAN	1	632	two hybrid pooling approach	20711500
Q8CZV0	P02461	Yersinia pestis	Q8CZV0_YERPE	CO3A1_HUMAN	1	632	two hybrid pooling approach	20711500
Q8CKB2	P02461	Yersinia pestis	Q8CKB2_YERPE	CO3A1_HUMAN	1	632	two hybrid pooling approach	20711500
Q7CJU2	P02461	Yersinia pestis	Q7CJU2_YERPE	CO3A1_HUMAN	1	632	two hybrid pooling approach	20711500
Q7CIW3	P02461	Yersinia pestis	Q7CIW3_YERPE	CO3A1_HUMAN	1	632	two hybrid pooling approach	20711500
Q7CH74	P02461	Yersinia pestis	Q7CH74_YERPE	CO3A1_HUMAN	1	632	two hybrid pooling approach	20711500
P69961	P02461	Yersinia pestis	LCRS_YERPE	CO3A1_HUMAN	1	632	two hybrid pooling approach	20711500
P58680	P02461	Yersinia pestis	ISPH_YERPE	CO3A1_HUMAN	1	632	two hybrid pooling approach	20711500
P68587	P02452	Yersinia pestis	YSCP_YERPE	CO1A1_HUMAN	1	632	two hybrid pooling approach	20711500
Q8CZY7	P02452	Yersinia pestis	SYDP_YERPE	CO1A1_HUMAN	1	632	two hybrid pooling approach	20711500
Q8ZC32	P02452	Yersinia pestis	QUEA_YERPE	CO1A1_HUMAN	1	632	two hybrid pooling approach	20711500
Q9Z373	P02452	Yersinia pestis	Q9Z373_YERPE	CO1A1_HUMAN	1	632	two hybrid pooling approach	20711500
Q8D1R8	P02452	Yersinia pestis	Q8D1R8_YERPE	CO1A1_HUMAN	1	632	two hybrid pooling approach	20711500
Q8D174	Q9UFF9	Yersinia pestis	Q8D174_YERPE	CNOT8_HUMAN	1	632	two hybrid pooling approach	20711500
Q8ZBZ9	O75175	Yersinia pestis	DPO4_YERPE	CNOT3_HUMAN	1	632	two hybrid pooling approach	20711500
Q8CZZ7	A5YKK6	Yersinia pestis	Q8CZZ7_YERPE	CNOT1_HUMAN	1	632	two hybrid pooling approach	20711500
Q7CHJ5	A5YKK6	Yersinia pestis	Q7CHJ5_YERPE	CNOT1_HUMAN	1	632	two hybrid pooling approach	20711500
Q8ZFX5	A5YKK6	Yersinia pestis	HISX_YERPE	CNOT1_HUMAN	1	632	two hybrid pooling approach	20711500
Q8D131	Q96LI5	Yersinia pestis	Q8D131_YERPE	CNO6L_HUMAN	1	632	two hybrid pooling approach	20711500
Q7CHC7	Q15417	Yersinia pestis	Q7CHC7_YERPE	CNN3_HUMAN	1	632	two hybrid pooling approach	20711500
Q7CHD7	P51911	Yersinia pestis	Q7CHD7_YERPE	CNN1_HUMAN	1	632	two hybrid pooling approach	20711500
Q8CK80	Q15021	Yersinia pestis	Q8CK80_YERPE	CND1_HUMAN	1	632	two hybrid pooling approach	20711500
P31491	Q6ZU80	Yersinia pestis	YERA_YERPE	CE128_HUMAN	1	632	two hybrid pooling approach	20711500
Q8CZZ7	Q6ZU80	Yersinia pestis	Q8CZZ7_YERPE	CE128_HUMAN	1	632	two hybrid pooling approach	20711500
Q8D1K2	Q63HM2	Yersinia pestis	Q8D1K2_YERPE	PCX4_HUMAN	1	632	two hybrid pooling approach	20711500
Q8D0V8	O76031	Yersinia pestis	Q8D0V8_YERPE	CLPX_HUMAN	1	632	two hybrid pooling approach	20711500
Q7CIT4	O96005	Yersinia pestis	Q7CIT4_YERPE	CLPT1_HUMAN	1	632	two hybrid pooling approach	20711500
Q7CIP7	O00299	Yersinia pestis	Q7CIP7_YERPE	CLIC1_HUMAN	1	632	two hybrid pooling approach	20711500
Q8CKH7	Q00610	Yersinia pestis	Q8CKH7_YERPE	CLH1_HUMAN	1	632	two hybrid pooling approach	20711500
Q7CHZ0	Q00610	Yersinia pestis	Q7CHZ0_YERPE	CLH1_HUMAN	1	632	two hybrid pooling approach	20711500
Q7CKZ7	P09496	Yersinia pestis	Q7CKZ7_YERPE	CLCA_HUMAN	1	632	two hybrid pooling approach	20711500
Q8Z9R8	Q9UJ71	Yersinia pestis	MNMG_YERPE	CLC4K_HUMAN	1	632	two hybrid pooling approach	20711500
Q7CHC7	Q8IUN9	Yersinia pestis	Q7CHC7_YERPE	CLC10_HUMAN	1	632	two hybrid pooling approach	20711500
Q7CJE4	Q2KHT3	Yersinia pestis	Q7CJE4_YERPE	CL16A_HUMAN	1	632	two hybrid pooling approach	20711500
Q8D1D2	Q9HCM1	Yersinia pestis	Q8D1D2_YERPE	K1551_HUMAN	1	632	two hybrid pooling approach	20711500
Q8D0D4	Q9HCM1	Yersinia pestis	Q8D0D4_YERPE	K1551_HUMAN	1	632	two hybrid pooling approach	20711500
Q8CZZ7	Q9HCM1	Yersinia pestis	Q8CZZ7_YERPE	K1551_HUMAN	1	632	two hybrid pooling approach	20711500
Q8ZIH1	Q9HCM1	Yersinia pestis	LEUD_YERPE	K1551_HUMAN	1	632	two hybrid pooling approach	20711500
Q8D015	Q96JB5	Yersinia pestis	Q8D015_YERPE	CK5P3_HUMAN	1	632	two hybrid pooling approach	20711500
Q7CIY7	Q96JB5	Yersinia pestis	Q7CIY7_YERPE	CK5P3_HUMAN	1	632	two hybrid pooling approach	20711500
Q7CH92	Q96JB5	Yersinia pestis	Q7CH92_YERPE	CK5P3_HUMAN	1	632	two hybrid pooling approach	20711500
Q8CKN0	Q8IX21	Yersinia pestis	Q8CKN0_YERPE	SLF2_HUMAN	1	632	two hybrid pooling approach	20711500
Q7CG16	Q8IX21	Yersinia pestis	Q7CG16_YERPE	SLF2_HUMAN	1	632	two hybrid pooling approach	20711500
Q8CLQ8	Q9ULV3	Yersinia pestis	Q8CLQ8_YERPE	CIZ1_HUMAN	1	632	two hybrid pooling approach	20711500
Q7CHC7	Q9ULV3	Yersinia pestis	Q7CHC7_YERPE	CIZ1_HUMAN	1	632	two hybrid pooling approach	20711500
Q8D0N9	Q86X95	Yersinia pestis	Q8D0N9_YERPE	CIR1_HUMAN	1	632	two hybrid pooling approach	20711500
Q0WAP0	Q14011	Yersinia pestis	UBID_YERPE	CIRBP_HUMAN	1	632	two hybrid pooling approach	20711500
Q7CGC7	Q969X6	Yersinia pestis	Q7CGC7_YERPE	UTP4_HUMAN	1	632	two hybrid pooling approach	20711500
Q7CIA0	Q15642	Yersinia pestis	Q7CIA0_YERPE	CIP4_HUMAN	1	632	two hybrid pooling approach	20711500
Q7CHH7	Q9NPC3	Yersinia pestis	Q7CHH7_YERPE	CIP1_HUMAN	1	632	two hybrid pooling approach	20711500
Q7CGI4	Q86X52	Yersinia pestis	Q7CGI4_YERPE	CHSS1_HUMAN	1	632	two hybrid pooling approach	20711500
Q8CZK9	Q99653	Yersinia pestis	Q8CZK9_YERPE	CHP1_HUMAN	1	632	two hybrid pooling approach	20711500
Q8CL86	Q7LBR1	Yersinia pestis	Q8CL86_YERPE	CHM1B_HUMAN	1	632	two hybrid pooling approach	20711500
Q74R28	Q9HCK8	Yersinia pestis	UGPC_YERPE	CHD8_HUMAN	1	632	two hybrid pooling approach	20711500
Q7CL84	Q9HCK8	Yersinia pestis	Q7CL84_YERPE	CHD8_HUMAN	1	632	two hybrid pooling approach	20711500
Q8D1R8	Q8TD26	Yersinia pestis	Q8D1R8_YERPE	CHD6_HUMAN	1	632	two hybrid pooling approach	20711500
Q7CL85	Q8TD26	Yersinia pestis	Q7CL85_YERPE	CHD6_HUMAN	1	632	two hybrid pooling approach	20711500
Q7CKQ0	Q8TD26	Yersinia pestis	Q7CKQ0_YERPE	CHD6_HUMAN	1	632	two hybrid pooling approach	20711500
Q7CG32	P10809	Yersinia pestis	Q7CG32_YERPE	CH60_HUMAN	1	632	two hybrid pooling approach	20711500
Q7CFN3	P10809	Yersinia pestis	Q7CFN3_YERPE	CH60_HUMAN	1	632	two hybrid pooling approach	20711500
Q7CJ05	Q15782	Yersinia pestis	Q7CJ05_YERPE	CH3L2_HUMAN	1	632	two hybrid pooling approach	20711500
Q8CZX0	P61604	Yersinia pestis	Q8CZX0_YERPE	CH10_HUMAN	1	632	two hybrid pooling approach	20711500
Q7CGR6	P61604	Yersinia pestis	Q7CGR6_YERPE	CH10_HUMAN	1	632	two hybrid pooling approach	20711500
Q7CGI0	P61604	Yersinia pestis	FTSP_YERPE	CH10_HUMAN	1	632	two hybrid pooling approach	20711500
Q7CFN3	P61604	Yersinia pestis	Q7CFN3_YERPE	CH10_HUMAN	1	632	two hybrid pooling approach	20711500
Q8ZCQ2	Q9BRJ6	Yersinia pestis	PUR4_YERPE	CG050_HUMAN	1	632	two hybrid pooling approach	20711500
Q7CL85	Q7L5D6	Yersinia pestis	Q7CL85_YERPE	GET4_HUMAN	1	632	two hybrid pooling approach	20711500
Q74XD3	Q8N1K5	Yersinia pestis	CUTA_YERPE	THMS1_HUMAN	1	632	two hybrid pooling approach	20711500
Q7CKZ7	Q5TGL8	Yersinia pestis	Q7CKZ7_YERPE	PXDC1_HUMAN	1	632	two hybrid pooling approach	20711500
Q8CL89	P00450	Yersinia pestis	Q8CL89_YERPE	CERU_HUMAN	1	632	two hybrid pooling approach	20711500
Q7CH24	Q9Y6K0	Yersinia pestis	Q7CH24_YERPE	CEPT1_HUMAN	1	632	two hybrid pooling approach	20711500
Q8D0I9	Q96MT8	Yersinia pestis	Q8D0I9_YERPE	CEP63_HUMAN	1	632	two hybrid pooling approach	20711500
Q7CGT0	Q9HC77	Yersinia pestis	Q7CGT0_YERPE	CENPJ_HUMAN	1	632	two hybrid pooling approach	20711500
Q8ZAS8	Q8WZ64	Yersinia pestis	MALK_YERPE	ARAP2_HUMAN	1	632	two hybrid pooling approach	20711500
Q8ZA76	Q15027	Yersinia pestis	GLGX_YERPE	ACAP1_HUMAN	1	632	two hybrid pooling approach	20711500
Q7CKD3	O43303	Yersinia pestis	Q7CKD3_YERPE	CP110_HUMAN	1	632	two hybrid pooling approach	20711500
Q7CIY7	Q00532	Yersinia pestis	Q7CIY7_YERPE	CDKL1_HUMAN	1	632	two hybrid pooling approach	20711500
Q7CJU3	P50613	Yersinia pestis	Q7CJU3_YERPE	CDK7_HUMAN	1	632	two hybrid pooling approach	20711500
Q7CGQ2	Q6P1J9	Yersinia pestis	Q7CGQ2_YERPE	CDC73_HUMAN	1	632	two hybrid pooling approach	20711500
Q8CKN6	P60953	Yersinia pestis	Q8CKN6_YERPE	CDC42_HUMAN	1	632	two hybrid pooling approach	20711500
Q8D194	Q16543	Yersinia pestis	Q8D194_YERPE	CDC37_HUMAN	1	632	two hybrid pooling approach	20711500
Q7CJG1	Q16543	Yersinia pestis	Q7CJG1_YERPE	CDC37_HUMAN	1	632	two hybrid pooling approach	20711500
Q7CIA4	Q16543	Yersinia pestis	Q7CIA4_YERPE	CDC37_HUMAN	1	632	two hybrid pooling approach	20711500
Q8CZM4	Q9UJX2	Yersinia pestis	Q8CZM4_YERPE	CDC23_HUMAN	1	632	two hybrid pooling approach	20711500
Q8CWI1	Q13042	Yersinia pestis	Q8CWI1_YERPE	CDC16_HUMAN	1	632	two hybrid pooling approach	20711500
Q8ZDJ2	P01732	Yersinia pestis	Y2573_YERPE	CD8A_HUMAN	1	632	two hybrid pooling approach	20711500
Q7CKM5	P01732	Yersinia pestis	Q7CKM5_YERPE	CD8A_HUMAN	1	632	two hybrid pooling approach	20711500
Q7ARA8	Q01151	Yersinia pestis	Q7ARA8_YERPE	CD83_HUMAN	1	632	two hybrid pooling approach	20711500
Q8CKF8	P40259	Yersinia pestis	Q8CKF8_YERPE	CD79B_HUMAN	1	632	two hybrid pooling approach	20711500
Q7CIL5	P30203	Yersinia pestis	Q7CIL5_YERPE	CD6_HUMAN	1	632	two hybrid pooling approach	20711500
Q8D1N0	O43866	Yersinia pestis	Q8D1N0_YERPE	CD5L_HUMAN	1	632	two hybrid pooling approach	20711500
Q7CIL8	O43866	Yersinia pestis	Q7CIL8_YERPE	CD5L_HUMAN	1	632	two hybrid pooling approach	20711500
Q7CGD4	P13987	Yersinia pestis	Q7CGD4_YERPE	CD59_HUMAN	1	632	two hybrid pooling approach	20711500
Q8D0Z3	P09326	Yersinia pestis	Q8D0Z3_YERPE	CD48_HUMAN	1	632	two hybrid pooling approach	20711500
Q7CFQ3	P08575	Yersinia pestis	Q7CFQ3_YERPE	PTPRC_HUMAN	1	632	two hybrid pooling approach	20711500
Q8ZIL4	P08575	Yersinia pestis	CARB_YERPE	PTPRC_HUMAN	1	632	two hybrid pooling approach	20711500
Q8CZS2	P16671	Yersinia pestis	Q8CZS2_YERPE	CD36_HUMAN	1	632	two hybrid pooling approach	20711500
Q8CZL1	P16671	Yersinia pestis	Q8CZL1_YERPE	CD36_HUMAN	1	632	two hybrid pooling approach	20711500
Q7CIQ1	P16671	Yersinia pestis	Q7CIQ1_YERPE	CD36_HUMAN	1	632	two hybrid pooling approach	20711500
Q74XD3	P16671	Yersinia pestis	CUTA_YERPE	CD36_HUMAN	1	632	two hybrid pooling approach	20711500
Q8D0A6	Q9NPF0	Yersinia pestis	Q8D0A6_YERPE	CD320_HUMAN	1	632	two hybrid pooling approach	20711500
Q7CLC1	P20273	Yersinia pestis	Q7CLC1_YERPE	CD22_HUMAN	1	632	two hybrid pooling approach	20711500
Q8ZE20	P11836	Yersinia pestis	SYY_YERPE	CD20_HUMAN	1	632	two hybrid pooling approach	20711500
P28808	Q9NXF7	Yersinia pestis	LCRF_YERPE	DCA16_HUMAN	1	632	two hybrid pooling approach	20711500
Q7CHI6	Q68CZ6	Yersinia pestis	Q7CHI6_YERPE	HAUS3_HUMAN	1	632	two hybrid pooling approach	20711500
Q7CHC7	P78312	Yersinia pestis	Q7CHC7_YERPE	F193A_HUMAN	1	632	two hybrid pooling approach	20711500
Q8CKF4	Q9ULG6	Yersinia pestis	Q8CKF4_YERPE	CCPG1_HUMAN	1	632	two hybrid pooling approach	20711500
P42713	Q9UK58	Yersinia pestis	YSCQ_YERPE	CCNL1_HUMAN	1	632	two hybrid pooling approach	20711500
P40127	Q14094	Yersinia pestis	CYAA_YERPE	CCNI_HUMAN	1	632	two hybrid pooling approach	20711500
Q8ZHG8	P24863	Yersinia pestis	SPEA_YERPE	CCNC_HUMAN	1	632	two hybrid pooling approach	20711500
Q8D0E1	P13501	Yersinia pestis	Q8D0E1_YERPE	CCL5_HUMAN	1	632	two hybrid pooling approach	20711500
Q8CZY0	P13501	Yersinia pestis	Q8CZY0_YERPE	CCL5_HUMAN	1	632	two hybrid pooling approach	20711500
Q7CKC3	P13501	Yersinia pestis	Q7CKC3_YERPE	CCL5_HUMAN	1	632	two hybrid pooling approach	20711500
Q7CG08	P13501	Yersinia pestis	Q7CG08_YERPE	CCL5_HUMAN	1	632	two hybrid pooling approach	20711500
Q7ARD3	P13501	Yersinia pestis	Q7ARD3_YERPE	CCL5_HUMAN	1	632	two hybrid pooling approach	20711500
Q8ZED8	P13236	Yersinia pestis	RNB_YERPE	CCL4_HUMAN	1	632	two hybrid pooling approach	20711500
Q8ZA76	P13236	Yersinia pestis	GLGX_YERPE	CCL4_HUMAN	1	632	two hybrid pooling approach	20711500
Q7CLB2	Q16627	Yersinia pestis	LIGB_YERPE	CCL14_HUMAN	1	632	two hybrid pooling approach	20711500
Q7CI41	Q9Y3X0	Yersinia pestis	Q7CI41_YERPE	CCDC9_HUMAN	1	632	two hybrid pooling approach	20711500
Q8D194	A2IDD5	Yersinia pestis	Q8D194_YERPE	CCD78_HUMAN	1	632	two hybrid pooling approach	20711500
P69976	Q9H2F9	Yersinia pestis	YSCL_YERPE	CCD68_HUMAN	1	632	two hybrid pooling approach	20711500
Q7CJ25	Q9H2F9	Yersinia pestis	Q7CJ25_YERPE	CCD68_HUMAN	1	632	two hybrid pooling approach	20711500
Q7CG67	Q9H2F9	Yersinia pestis	Q7CG67_YERPE	CCD68_HUMAN	1	632	two hybrid pooling approach	20711500
Q7ARF1	Q9H2F9	Yersinia pestis	Q7ARF1_YERPE	CCD68_HUMAN	1	632	two hybrid pooling approach	20711500
Q8D169	Q9Y3C0	Yersinia pestis	Q8D169_YERPE	CCD53_HUMAN	1	632	two hybrid pooling approach	20711500
Q7CKG9	Q9BV29	Yersinia pestis	Q7CKG9_YERPE	CO057_HUMAN	1	632	two hybrid pooling approach	20711500
P69980	Q6P2H3	Yersinia pestis	YSCR_YERPE	CEP85_HUMAN	1	632	two hybrid pooling approach	20711500
Q7CIL3	Q6P2H3	Yersinia pestis	Q7CIL3_YERPE	CEP85_HUMAN	1	632	two hybrid pooling approach	20711500
Q8D0R5	Q5T9S5	Yersinia pestis	Q8D0R5_YERPE	CCD18_HUMAN	1	632	two hybrid pooling approach	20711500
Q7CHW4	Q96LX7	Yersinia pestis	PURT_YERPE	CCD17_HUMAN	1	632	two hybrid pooling approach	20711500
Q8D1E0	Q9GZT6	Yersinia pestis	Q8D1E0_YERPE	CC90B_HUMAN	1	632	two hybrid pooling approach	20711500
Q7CH84	Q9NV96	Yersinia pestis	Q7CH84_YERPE	CC50A_HUMAN	1	632	two hybrid pooling approach	20711500
Q7ARD3	O60293	Yersinia pestis	Q7ARD3_YERPE	ZC3H1_HUMAN	1	632	two hybrid pooling approach	20711500
Q8CZZ7	Q5T0U0	Yersinia pestis	Q8CZZ7_YERPE	CC122_HUMAN	1	632	two hybrid pooling approach	20711500
Q8ZGE1	Q96NT0	Yersinia pestis	HCP_YERPE	CC115_HUMAN	1	632	two hybrid pooling approach	20711500
Q7CGH1	Q9Y2M2	Yersinia pestis	Y661_YERPE	SSUH2_HUMAN	1	632	two hybrid pooling approach	20711500
Q74XD3	Q8N3R3	Yersinia pestis	CUTA_YERPE	TCAIM_HUMAN	1	632	two hybrid pooling approach	20711500
P68587	Q6NW34	Yersinia pestis	YSCP_YERPE	NEPRO_HUMAN	1	632	two hybrid pooling approach	20711500
Q7ARA8	Q9HBI5	Yersinia pestis	Q7ARA8_YERPE	CC014_HUMAN	1	632	two hybrid pooling approach	20711500
Q8CKB6	Q9Y3M2	Yersinia pestis	Q8CKB6_YERPE	CBY1_HUMAN	1	632	two hybrid pooling approach	20711500
Q7CGR6	Q5RIA9	Yersinia pestis	Q7CGR6_YERPE	CBWD5_HUMAN	1	632	two hybrid pooling approach	20711500
Q7CHV2	P14384	Yersinia pestis	Q7CHV2_YERPE	CBPM_HUMAN	1	632	two hybrid pooling approach	20711500
Q7CIN4	Q92793	Yersinia pestis	Q7CIN4_YERPE	CBP_HUMAN	1	632	two hybrid pooling approach	20711500
Q7CIA4	Q92793	Yersinia pestis	Q7CIA4_YERPE	CBP_HUMAN	1	632	two hybrid pooling approach	20711500
Q8CZZ7	Q9ULV8	Yersinia pestis	Q8CZZ7_YERPE	CBLC_HUMAN	1	632	two hybrid pooling approach	20711500
Q8ZHK5	P47755	Yersinia pestis	SYK_YERPE	CAZA2_HUMAN	1	632	two hybrid pooling approach	20711500
Q8ZAQ2	Q03135	Yersinia pestis	THIC_YERPE	CAV1_HUMAN	1	632	two hybrid pooling approach	20711500
Q7CL81	Q03135	Yersinia pestis	Q7CL81_YERPE	CAV1_HUMAN	1	632	two hybrid pooling approach	20711500
Q9RID8	P25774	Yersinia pestis	Q9RID8_YERPE	CATS_HUMAN	1	632	two hybrid pooling approach	20711500
Q8ZI60	P43234	Yersinia pestis	HLDE_YERPE	CATO_HUMAN	1	632	two hybrid pooling approach	20711500
Q7CJW2	P07339	Yersinia pestis	Q7CJW2_YERPE	CATD_HUMAN	1	632	two hybrid pooling approach	20711500
Q7CHW4	P07339	Yersinia pestis	PURT_YERPE	CATD_HUMAN	1	632	two hybrid pooling approach	20711500
Q8ZIH1	P07339	Yersinia pestis	LEUD_YERPE	CATD_HUMAN	1	632	two hybrid pooling approach	20711500
Q8D014	P53634	Yersinia pestis	Q8D014_YERPE	CATC_HUMAN	1	632	two hybrid pooling approach	20711500
Q7CGU7	P53634	Yersinia pestis	Q7CGU7_YERPE	CATC_HUMAN	1	632	two hybrid pooling approach	20711500
Q8ZHI8	P53634	Yersinia pestis	GCSP_YERPE	CATC_HUMAN	1	632	two hybrid pooling approach	20711500
Q8ZJ07	P07858	Yersinia pestis	UVRA_YERPE	CATB_HUMAN	1	632	two hybrid pooling approach	20711500
Q8D1P4	P07858	Yersinia pestis	Q8D1P4_YERPE	CATB_HUMAN	1	632	two hybrid pooling approach	20711500
Q7ARD3	P07858	Yersinia pestis	Q7ARD3_YERPE	CATB_HUMAN	1	632	two hybrid pooling approach	20711500
Q8ZG09	P07858	Yersinia pestis	MAO1_YERPE	CATB_HUMAN	1	632	two hybrid pooling approach	20711500
Q8ZDA6	P07858	Yersinia pestis	CHBG_YERPE	CATB_HUMAN	1	632	two hybrid pooling approach	20711500
Q8D092	P04040	Yersinia pestis	Q8D092_YERPE	CATA_HUMAN	1	632	two hybrid pooling approach	20711500
O68769	P04040	Yersinia pestis	O68769_YERPE	CATA_HUMAN	1	632	two hybrid pooling approach	20711500
Q8ZIG9	P04040	Yersinia pestis	LEU3_YERPE	CATA_HUMAN	1	632	two hybrid pooling approach	20711500
Q7CH24	Q14790	Yersinia pestis	Q7CH24_YERPE	CASP8_HUMAN	1	632	two hybrid pooling approach	20711500
Q7CL55	P29466	Yersinia pestis	Q7CL55_YERPE	CASP1_HUMAN	1	632	two hybrid pooling approach	20711500
Q7CGJ4	Q14511	Yersinia pestis	Q7CGJ4_YERPE	CASL_HUMAN	1	632	two hybrid pooling approach	20711500
Q7CFX4	Q14511	Yersinia pestis	Q7CFX4_YERPE	CASL_HUMAN	1	632	two hybrid pooling approach	20711500
Q8D0S2	Q86UW7	Yersinia pestis	Q8D0S2_YERPE	CAPS2_HUMAN	1	632	two hybrid pooling approach	20711500
Q8D0H0	Q86UW7	Yersinia pestis	Q8D0H0_YERPE	CAPS2_HUMAN	1	632	two hybrid pooling approach	20711500
Q8ZED8	Q01518	Yersinia pestis	RNB_YERPE	CAP1_HUMAN	1	632	two hybrid pooling approach	20711500
Q7CG52	P49069	Yersinia pestis	Q7CG52_YERPE	CAMLG_HUMAN	1	632	two hybrid pooling approach	20711500
O68779	P27797	Yersinia pestis	O68779_YERPE	CALR_HUMAN	1	632	two hybrid pooling approach	20711500
Q7ARD3	P22223	Yersinia pestis	Q7ARD3_YERPE	CADH3_HUMAN	1	632	two hybrid pooling approach	20711500
Q7CIG9	P43155	Yersinia pestis	Q7CIG9_YERPE	CACP_HUMAN	1	632	two hybrid pooling approach	20711500
Q7CLB1	Q9P1Z2	Yersinia pestis	Q7CLB1_YERPE	CACO1_HUMAN	1	632	two hybrid pooling approach	20711500
Q7CJF5	Q9P1Z2	Yersinia pestis	Q7CJF5_YERPE	CACO1_HUMAN	1	632	two hybrid pooling approach	20711500
Q8CKN6	Q08289	Yersinia pestis	Q8CKN6_YERPE	CACB2_HUMAN	1	632	two hybrid pooling approach	20711500
Q8ZCK2	O60840	Yersinia pestis	MNTH_YERPE	CAC1F_HUMAN	1	632	two hybrid pooling approach	20711500
P69980	O00555	Yersinia pestis	YSCR_YERPE	CAC1A_HUMAN	1	632	two hybrid pooling approach	20711500
Q7ARD3	Q96EX1	Yersinia pestis	Q7ARD3_YERPE	SIM12_HUMAN	1	632	two hybrid pooling approach	20711500
Q7CJF3	Q8IYL3	Yersinia pestis	DNLJ_YERPE	CA174_HUMAN	1	632	two hybrid pooling approach	20711500
Q7CH24	Q5VTB9	Yersinia pestis	Q7CH24_YERPE	RN220_HUMAN	1	632	two hybrid pooling approach	20711500
Q7CKK6	Q7Z422	Yersinia pestis	Q7CKK6_YERPE	SZRD1_HUMAN	1	632	two hybrid pooling approach	20711500
Q7CJX6	Q7Z422	Yersinia pestis	Q7CJX6_YERPE	SZRD1_HUMAN	1	632	two hybrid pooling approach	20711500
Q7CIA4	Q5SY80	Yersinia pestis	Q7CIA4_YERPE	CA101_HUMAN	1	632	two hybrid pooling approach	20711500
Q8ZDJ2	Q6NZ36	Yersinia pestis	Y2573_YERPE	FAP20_HUMAN	1	632	two hybrid pooling approach	20711500
Q7CLA7	Q6NZ36	Yersinia pestis	Q7CLA7_YERPE	FAP20_HUMAN	1	632	two hybrid pooling approach	20711500
P69980	Q8WWB7	Yersinia pestis	YSCR_YERPE	GLMP_HUMAN	1	632	two hybrid pooling approach	20711500
Q7CJB1	Q9Y3Y2	Yersinia pestis	Q7CJB1_YERPE	CHTOP_HUMAN	1	632	two hybrid pooling approach	20711500
Q7CGE5	Q9BUV0	Yersinia pestis	Q7CGE5_YERPE	RSRP1_HUMAN	1	632	two hybrid pooling approach	20711500
Q7CHA0	Q9BV19	Yersinia pestis	Q7CHA0_YERPE	CA050_HUMAN	1	632	two hybrid pooling approach	20711500
Q7CJP7	Q5JTJ3	Yersinia pestis	Q7CJP7_YERPE	COA6_HUMAN	1	632	two hybrid pooling approach	20711500
Q74XD3	Q9P296	Yersinia pestis	CUTA_YERPE	C5AR2_HUMAN	1	632	two hybrid pooling approach	20711500
Q8CWH7	P09871	Yersinia pestis	Q8CWH7_YERPE	C1S_HUMAN	1	632	two hybrid pooling approach	20711500
Q7CL89	P09871	Yersinia pestis	Q7CL89_YERPE	C1S_HUMAN	1	632	two hybrid pooling approach	20711500
Q7CKM5	P09871	Yersinia pestis	Q7CKM5_YERPE	C1S_HUMAN	1	632	two hybrid pooling approach	20711500
Q7CL80	P02746	Yersinia pestis	Q7CL80_YERPE	C1QB_HUMAN	1	632	two hybrid pooling approach	20711500
Q7CHK1	P02746	Yersinia pestis	Q7CHK1_YERPE	C1QB_HUMAN	1	632	two hybrid pooling approach	20711500
Q7CHC3	Q7L1Q6	Yersinia pestis	Q7CHC3_YERPE	BZW1_HUMAN	1	632	two hybrid pooling approach	20711500
Q8D1F7	P20290	Yersinia pestis	Q8D1F7_YERPE	BTF3_HUMAN	1	632	two hybrid pooling approach	20711500
Q7CG91	Q96Q07	Yersinia pestis	Q7CG91_YERPE	BTBD9_HUMAN	1	632	two hybrid pooling approach	20711500
Q8CWG4	O14981	Yersinia pestis	Q8CWG4_YERPE	BTAF1_HUMAN	1	632	two hybrid pooling approach	20711500
Q7ARN5	O14981	Yersinia pestis	Q7ARN5_YERPE	BTAF1_HUMAN	1	632	two hybrid pooling approach	20711500
Q7CHR0	Q9NW68	Yersinia pestis	Q7CHR0_YERPE	BSDC1_HUMAN	1	632	two hybrid pooling approach	20711500
Q7CGH3	Q9NSI6	Yersinia pestis	Q7CGH3_YERPE	BRWD1_HUMAN	1	632	two hybrid pooling approach	20711500
Q7CI04	O95415	Yersinia pestis	Q7CI04_YERPE	BRI3_HUMAN	1	632	two hybrid pooling approach	20711500
Q7CGH3	P25440	Yersinia pestis	Q7CGH3_YERPE	BRD2_HUMAN	1	632	two hybrid pooling approach	20711500
Q7CGL9	Q9BWV1	Yersinia pestis	Q7CGL9_YERPE	BOC_HUMAN	1	632	two hybrid pooling approach	20711500
Q8ZAE1	Q12982	Yersinia pestis	WECA_YERPE	BNIP2_HUMAN	1	632	two hybrid pooling approach	20711500
Q7CJX4	O60238	Yersinia pestis	Q7CJX4_YERPE	BNI3L_HUMAN	1	632	two hybrid pooling approach	20711500
Q7CIP6	O60238	Yersinia pestis	Q7CIP6_YERPE	BNI3L_HUMAN	1	632	two hybrid pooling approach	20711500
P68590	P30043	Yersinia pestis	YSCH_YERPE	BLVRB_HUMAN	1	632	two hybrid pooling approach	20711500
Q8ZGK8	P51451	Yersinia pestis	UXUA_YERPE	BLK_HUMAN	1	632	two hybrid pooling approach	20711500
Q7ARD3	Q9NR09	Yersinia pestis	Q7ARD3_YERPE	BIRC6_HUMAN	1	632	two hybrid pooling approach	20711500
Q8ZJJ5	Q13075	Yersinia pestis	HSLU_YERPE	BIRC1_HUMAN	1	632	two hybrid pooling approach	20711500
Q8CZM8	Q9UBW5	Yersinia pestis	Q8CZM8_YERPE	BIN2_HUMAN	1	632	two hybrid pooling approach	20711500
Q7CHG1	Q8TD16	Yersinia pestis	Q7CHG1_YERPE	BICD2_HUMAN	1	632	two hybrid pooling approach	20711500
Q7CIZ3	P55061	Yersinia pestis	BGAL_YERPE	BI1_HUMAN	1	632	two hybrid pooling approach	20711500
O68742	Q00994	Yersinia pestis	O68742_YERPE	BEX3_HUMAN	1	632	two hybrid pooling approach	20711500
Q7CJB1	Q6W2J9	Yersinia pestis	Q7CJB1_YERPE	BCOR_HUMAN	1	632	two hybrid pooling approach	20711500
Q7CGS9	Q07817	Yersinia pestis	Q7CGS9_YERPE	B2CL1_HUMAN	1	632	two hybrid pooling approach	20711500
Q8ZED8	Q9NYF8	Yersinia pestis	RNB_YERPE	BCLF1_HUMAN	1	632	two hybrid pooling approach	20711500
Q8ZBC2	Q9NYF8	Yersinia pestis	IF2_YERPE	BCLF1_HUMAN	1	632	two hybrid pooling approach	20711500
Q8D184	P41182	Yersinia pestis	Q8D184_YERPE	BCL6_HUMAN	1	632	two hybrid pooling approach	20711500
Q7CHR0	P10415	Yersinia pestis	Q7CHR0_YERPE	BCL2_HUMAN	1	632	two hybrid pooling approach	20711500
Q8CZV1	Q9H165	Yersinia pestis	Q8CZV1_YERPE	BC11A_HUMAN	1	632	two hybrid pooling approach	20711500
Q8ZIC5	P46379	Yersinia pestis	UXAB_YERPE	BAG6_HUMAN	1	632	two hybrid pooling approach	20711500
Q9F290	P46379	Yersinia pestis	Q9F290_YERPE	BAG6_HUMAN	1	632	two hybrid pooling approach	20711500
Q8D0Z4	P46379	Yersinia pestis	Q8D0Z4_YERPE	BAG6_HUMAN	1	632	two hybrid pooling approach	20711500
Q8D064	P46379	Yersinia pestis	Q8D064_YERPE	BAG6_HUMAN	1	632	two hybrid pooling approach	20711500
Q8CZY0	P46379	Yersinia pestis	Q8CZY0_YERPE	BAG6_HUMAN	1	632	two hybrid pooling approach	20711500
Q7CL65	P46379	Yersinia pestis	Q7CL65_YERPE	BAG6_HUMAN	1	632	two hybrid pooling approach	20711500
Q7CII5	P46379	Yersinia pestis	Q7CII5_YERPE	BAG6_HUMAN	1	632	two hybrid pooling approach	20711500
Q7CFQ1	P46379	Yersinia pestis	Q7CFQ1_YERPE	BAG6_HUMAN	1	632	two hybrid pooling approach	20711500
Q7CIS2	P46379	Yersinia pestis	PURR_YERPE	BAG6_HUMAN	1	632	two hybrid pooling approach	20711500
Q8ZCQ2	P46379	Yersinia pestis	PUR4_YERPE	BAG6_HUMAN	1	632	two hybrid pooling approach	20711500
Q7ARH3	P46379	Yersinia pestis	Q7ARH3_YERPE	BAG6_HUMAN	1	632	two hybrid pooling approach	20711500
Q8ZJ16	P46379	Yersinia pestis	LEXA_YERPE	BAG6_HUMAN	1	632	two hybrid pooling approach	20711500
Q8ZGX4	P46379	Yersinia pestis	6PGL_YERPE	BAG6_HUMAN	1	632	two hybrid pooling approach	20711500
Q7CL39	P35613	Yersinia pestis	Q7CL39_YERPE	BASI_HUMAN	1	632	two hybrid pooling approach	20711500
Q8ZIL4	P51572	Yersinia pestis	CARB_YERPE	BAP31_HUMAN	1	632	two hybrid pooling approach	20711500
Q8ZA28	Q92560	Yersinia pestis	DCTA_YERPE	BAP1_HUMAN	1	632	two hybrid pooling approach	20711500
Q7CKY8	Q8NDB2	Yersinia pestis	Q7CKY8_YERPE	BANK1_HUMAN	1	632	two hybrid pooling approach	20711500
Q8ZIV7	Q99933	Yersinia pestis	PURA_YERPE	BAG1_HUMAN	1	632	two hybrid pooling approach	20711500
Q8D169	Q9BYV9	Yersinia pestis	Q8D169_YERPE	BACH2_HUMAN	1	632	two hybrid pooling approach	20711500
Q7CIP7	O60512	Yersinia pestis	Q7CIP7_YERPE	B4GT3_HUMAN	1	632	two hybrid pooling approach	20711500
Q7CFV7	O60512	Yersinia pestis	Q7CFV7_YERPE	B4GT3_HUMAN	1	632	two hybrid pooling approach	20711500
Q7CHN7	P04920	Yersinia pestis	Q7CHN7_YERPE	B3A2_HUMAN	1	632	two hybrid pooling approach	20711500
Q8Z9U2	P61769	Yersinia pestis	MNME_YERPE	B2MG_HUMAN	1	632	two hybrid pooling approach	20711500
Q8D1J6	P61769	Yersinia pestis	Q8D1J6_YERPE	B2MG_HUMAN	1	632	two hybrid pooling approach	20711500
Q8D192	P61769	Yersinia pestis	Q8D192_YERPE	B2MG_HUMAN	1	632	two hybrid pooling approach	20711500
Q8D0Z4	P61769	Yersinia pestis	Q8D0Z4_YERPE	B2MG_HUMAN	1	632	two hybrid pooling approach	20711500
Q8D0R4	P61769	Yersinia pestis	Q8D0R4_YERPE	B2MG_HUMAN	1	632	two hybrid pooling approach	20711500
Q8D0H2	P61769	Yersinia pestis	Q8D0H2_YERPE	B2MG_HUMAN	1	632	two hybrid pooling approach	20711500
Q7CKM5	P61769	Yersinia pestis	Q7CKM5_YERPE	B2MG_HUMAN	1	632	two hybrid pooling approach	20711500
Q7CKA0	P61769	Yersinia pestis	Q7CKA0_YERPE	B2MG_HUMAN	1	632	two hybrid pooling approach	20711500
Q7CIZ7	P61769	Yersinia pestis	Q7CIZ7_YERPE	B2MG_HUMAN	1	632	two hybrid pooling approach	20711500
Q7CIZ3	P61769	Yersinia pestis	BGAL_YERPE	B2MG_HUMAN	1	632	two hybrid pooling approach	20711500
Q7CIT1	P61769	Yersinia pestis	Q7CIT1_YERPE	B2MG_HUMAN	1	632	two hybrid pooling approach	20711500
Q7CIS3	P61769	Yersinia pestis	Q7CIS3_YERPE	B2MG_HUMAN	1	632	two hybrid pooling approach	20711500
Q7CIF0	P61769	Yersinia pestis	Q7CIF0_YERPE	B2MG_HUMAN	1	632	two hybrid pooling approach	20711500
Q7CI00	P61769	Yersinia pestis	Q7CI00_YERPE	B2MG_HUMAN	1	632	two hybrid pooling approach	20711500
Q7CHV8	P61769	Yersinia pestis	Q7CHV8_YERPE	B2MG_HUMAN	1	632	two hybrid pooling approach	20711500
Q7CHD9	P61769	Yersinia pestis	Q7CHD9_YERPE	B2MG_HUMAN	1	632	two hybrid pooling approach	20711500
Q7CHB4	P61769	Yersinia pestis	Q7CHB4_YERPE	B2MG_HUMAN	1	632	two hybrid pooling approach	20711500
Q7CGW9	P61769	Yersinia pestis	Q7CGW9_YERPE	B2MG_HUMAN	1	632	two hybrid pooling approach	20711500
Q7CGN6	P61769	Yersinia pestis	Q7CGN6_YERPE	B2MG_HUMAN	1	632	two hybrid pooling approach	20711500
Q7CG44	P61769	Yersinia pestis	Q7CG44_YERPE	B2MG_HUMAN	1	632	two hybrid pooling approach	20711500
O68752	P61769	Yersinia pestis	O68752_YERPE	B2MG_HUMAN	1	632	two hybrid pooling approach	20711500
Q8ZAC2	P61769	Yersinia pestis	ILVC_YERPE	B2MG_HUMAN	1	632	two hybrid pooling approach	20711500
Q8ZFB2	P61769	Yersinia pestis	FLGH2_YERPE	B2MG_HUMAN	1	632	two hybrid pooling approach	20711500
Q8ZIE7	P61769	Yersinia pestis	DDL_YERPE	B2MG_HUMAN	1	632	two hybrid pooling approach	20711500
Q8CKI9	Q9BXK5	Yersinia pestis	Q8CKI9_YERPE	B2L13_HUMAN	1	632	two hybrid pooling approach	20711500
Q8ZCU2	Q9H6S1	Yersinia pestis	EX7L_YERPE	AZI2_HUMAN	1	632	two hybrid pooling approach	20711500
Q7CKA0	O15169	Yersinia pestis	Q7CKA0_YERPE	AXIN1_HUMAN	1	632	two hybrid pooling approach	20711500
Q7CG57	O15169	Yersinia pestis	Q7CG57_YERPE	AXIN1_HUMAN	1	632	two hybrid pooling approach	20711500
Q8CLN2	Q8WXX7	Yersinia pestis	Q8CLN2_YERPE	AUTS2_HUMAN	1	632	two hybrid pooling approach	20711500
Q8D1R0	Q8WWM7	Yersinia pestis	Q8D1R0_YERPE	ATX2L_HUMAN	1	632	two hybrid pooling approach	20711500
Q7CJ60	Q8WWM7	Yersinia pestis	Q7CJ60_YERPE	ATX2L_HUMAN	1	632	two hybrid pooling approach	20711500
Q7CGX2	Q8WWM7	Yersinia pestis	Q7CGX2_YERPE	ATX2L_HUMAN	1	632	two hybrid pooling approach	20711500
Q7CFN3	Q8WWM7	Yersinia pestis	Q7CFN3_YERPE	ATX2L_HUMAN	1	632	two hybrid pooling approach	20711500
Q8ZFX5	Q8WWM7	Yersinia pestis	HISX_YERPE	ATX2L_HUMAN	1	632	two hybrid pooling approach	20711500
Q9ZC68	Q8WWM7	Yersinia pestis	ASTD_YERPE	ATX2L_HUMAN	1	632	two hybrid pooling approach	20711500
Q8D1J6	Q99700	Yersinia pestis	Q8D1J6_YERPE	ATX2_HUMAN	1	632	two hybrid pooling approach	20711500
Q7CIM3	Q9UHI8	Yersinia pestis	Q7CIM3_YERPE	ATS1_HUMAN	1	632	two hybrid pooling approach	20711500
Q7CHR0	O75882	Yersinia pestis	Q7CHR0_YERPE	ATRN_HUMAN	1	632	two hybrid pooling approach	20711500
Q7CGH3	O75882	Yersinia pestis	Q7CGH3_YERPE	ATRN_HUMAN	1	632	two hybrid pooling approach	20711500
Q8D1E7	P54259	Yersinia pestis	Q8D1E7_YERPE	ATN1_HUMAN	1	632	two hybrid pooling approach	20711500
Q7CK63	P54259	Yersinia pestis	Q7CK63_YERPE	ATN1_HUMAN	1	632	two hybrid pooling approach	20711500
Q7CIP7	P54259	Yersinia pestis	Q7CIP7_YERPE	ATN1_HUMAN	1	632	two hybrid pooling approach	20711500
Q8ZA76	P54259	Yersinia pestis	GLGX_YERPE	ATN1_HUMAN	1	632	two hybrid pooling approach	20711500
Q57159	Q13315	Yersinia pestis	Q57159_YERPE	ATM_HUMAN	1	632	two hybrid pooling approach	20711500
Q8ZBC2	Q13315	Yersinia pestis	IF2_YERPE	ATM_HUMAN	1	632	two hybrid pooling approach	20711500
Q7CG16	Q9UII2	Yersinia pestis	Q7CG16_YERPE	ATIF1_HUMAN	1	632	two hybrid pooling approach	20711500
Q8CWH5	Q99941	Yersinia pestis	Q8CWH5_YERPE	ATF6B_HUMAN	1	632	two hybrid pooling approach	20711500
Q8ZH96	P18850	Yersinia pestis	Y1009_YERPE	ATF6A_HUMAN	1	632	two hybrid pooling approach	20711500
Q8D1A4	P18850	Yersinia pestis	Q8D1A4_YERPE	ATF6A_HUMAN	1	632	two hybrid pooling approach	20711500
Q7CGJ4	P18850	Yersinia pestis	Q7CGJ4_YERPE	ATF6A_HUMAN	1	632	two hybrid pooling approach	20711500
Q7CG20	P18850	Yersinia pestis	Q7CG20_YERPE	ATF6A_HUMAN	1	632	two hybrid pooling approach	20711500
Q74R28	P15336	Yersinia pestis	UGPC_YERPE	ATF2_HUMAN	1	632	two hybrid pooling approach	20711500
Q8D1D2	P15336	Yersinia pestis	Q8D1D2_YERPE	ATF2_HUMAN	1	632	two hybrid pooling approach	20711500
Q7CK53	P15336	Yersinia pestis	Q7CK53_YERPE	ATF2_HUMAN	1	632	two hybrid pooling approach	20711500
Q7CG54	P15336	Yersinia pestis	Q7CG54_YERPE	ATF2_HUMAN	1	632	two hybrid pooling approach	20711500
Q8CKF8	Q8IXJ9	Yersinia pestis	Q8CKF8_YERPE	ASXL1_HUMAN	1	632	two hybrid pooling approach	20711500
Q7CGV8	Q8IXJ9	Yersinia pestis	Q7CGV8_YERPE	ASXL1_HUMAN	1	632	two hybrid pooling approach	20711500
Q7CFW7	Q8IXJ9	Yersinia pestis	Q7CFW7_YERPE	ASXL1_HUMAN	1	632	two hybrid pooling approach	20711500
P17778	Q2TB18	Yersinia pestis	YOPM_YERPE	ASTE1_HUMAN	1	632	two hybrid pooling approach	20711500
Q8CKF8	Q96KQ4	Yersinia pestis	Q8CKF8_YERPE	ASPP1_HUMAN	1	632	two hybrid pooling approach	20711500
Q7CFP7	Q9NR48	Yersinia pestis	Q7CFP7_YERPE	ASH1L_HUMAN	1	632	two hybrid pooling approach	20711500
Q8ZBN2	Q9Y575	Yersinia pestis	ENO_YERPE	ASB3_HUMAN	1	632	two hybrid pooling approach	20711500
Q8CZH7	P15289	Yersinia pestis	Q8CZH7_YERPE	ARSA_HUMAN	1	632	two hybrid pooling approach	20711500
Q8ZE20	Q9BXP5	Yersinia pestis	SYY_YERPE	SRRT_HUMAN	1	632	two hybrid pooling approach	20711500
Q7CJ53	Q9BXP5	Yersinia pestis	Q7CJ53_YERPE	SRRT_HUMAN	1	632	two hybrid pooling approach	20711500
Q8CLQ9	Q96B67	Yersinia pestis	Q8CLQ9_YERPE	ARRD3_HUMAN	1	632	two hybrid pooling approach	20711500
P58722	Q96B67	Yersinia pestis	IGAA_YERPE	ARRD3_HUMAN	1	632	two hybrid pooling approach	20711500
Q8ZJN4	Q96B67	Yersinia pestis	HLDD_YERPE	ARRD3_HUMAN	1	632	two hybrid pooling approach	20711500
Q7CFP2	P59998	Yersinia pestis	Q7CFP2_YERPE	ARPC4_HUMAN	1	632	two hybrid pooling approach	20711500
Q8ZJN2	O15144	Yersinia pestis	TDH_YERPE	ARPC2_HUMAN	1	632	two hybrid pooling approach	20711500
Q7ARD3	O15144	Yersinia pestis	Q7ARD3_YERPE	ARPC2_HUMAN	1	632	two hybrid pooling approach	20711500
Q8ZBG8	Q9H9F9	Yersinia pestis	OTC_YERPE	ARP5_HUMAN	1	632	two hybrid pooling approach	20711500
Q7CGS9	P61158	Yersinia pestis	Q7CGS9_YERPE	ARP3_HUMAN	1	632	two hybrid pooling approach	20711500
Q7CJH7	P40617	Yersinia pestis	Q7CJH7_YERPE	ARL4A_HUMAN	1	632	two hybrid pooling approach	20711500
Q7CL96	O95154	Yersinia pestis	Q7CL96_YERPE	ARK73_HUMAN	1	632	two hybrid pooling approach	20711500
P68590	Q68CP9	Yersinia pestis	YSCH_YERPE	ARID2_HUMAN	1	632	two hybrid pooling approach	20711500
Q8CKI8	Q14865	Yersinia pestis	Q8CKI8_YERPE	ARI5B_HUMAN	1	632	two hybrid pooling approach	20711500
Q8D0K4	Q4LE39	Yersinia pestis	Q8D0K4_YERPE	ARI4B_HUMAN	1	632	two hybrid pooling approach	20711500
Q8D0D4	Q9NZN5	Yersinia pestis	Q8D0D4_YERPE	ARHGC_HUMAN	1	632	two hybrid pooling approach	20711500
O68742	Q9NZN5	Yersinia pestis	O68742_YERPE	ARHGC_HUMAN	1	632	two hybrid pooling approach	20711500
Q7CHE2	Q92888	Yersinia pestis	Q7CHE2_YERPE	ARHG1_HUMAN	1	632	two hybrid pooling approach	20711500
P58543	Q9NWB6	Yersinia pestis	ARAB_YERPE	ARGL1_HUMAN	1	632	two hybrid pooling approach	20711500
Q7CHR0	Q9NP61	Yersinia pestis	Q7CHR0_YERPE	ARFG3_HUMAN	1	632	two hybrid pooling approach	20711500
Q7CHZ0	P84077	Yersinia pestis	Q7CHZ0_YERPE	ARF1_HUMAN	1	632	two hybrid pooling approach	20711500
Q8CZM8	P15514	Yersinia pestis	Q8CZM8_YERPE	AREG_HUMAN	1	632	two hybrid pooling approach	20711500
Q8CZU8	P36406	Yersinia pestis	Q8CZU8_YERPE	TRI23_HUMAN	1	632	two hybrid pooling approach	20711500
Q8CKM2	P36406	Yersinia pestis	Q8CKM2_YERPE	TRI23_HUMAN	1	632	two hybrid pooling approach	20711500
Q7CIP7	P36406	Yersinia pestis	Q7CIP7_YERPE	TRI23_HUMAN	1	632	two hybrid pooling approach	20711500
Q8ZIY3	P35626	Yersinia pestis	CH60_YERPE	ARBK2_HUMAN	1	632	two hybrid pooling approach	20711500
Q8ZCQ2	Q66PJ3	Yersinia pestis	PUR4_YERPE	AR6P4_HUMAN	1	632	two hybrid pooling approach	20711500
Q8D092	P02649	Yersinia pestis	Q8D092_YERPE	APOE_HUMAN	1	632	two hybrid pooling approach	20711500
Q0WDE1	P35414	Yersinia pestis	PRMB_YERPE	APJ_HUMAN	1	632	two hybrid pooling approach	20711500
Q7CHK6	P35414	Yersinia pestis	Q7CHK6_YERPE	APJ_HUMAN	1	632	two hybrid pooling approach	20711500
Q8D1B3	Q96GX9	Yersinia pestis	Q8D1B3_YERPE	MTNB_HUMAN	1	632	two hybrid pooling approach	20711500
Q7CHH1	Q96GX9	Yersinia pestis	Q7CHH1_YERPE	MTNB_HUMAN	1	632	two hybrid pooling approach	20711500
Q7CG44	Q96GX9	Yersinia pestis	Q7CG44_YERPE	MTNB_HUMAN	1	632	two hybrid pooling approach	20711500
P69974	Q99767	Yersinia pestis	YSCK_YERPE	APBA2_HUMAN	1	632	two hybrid pooling approach	20711500
Q7CKH1	Q02410	Yersinia pestis	Q7CKH1_YERPE	APBA1_HUMAN	1	632	two hybrid pooling approach	20711500
Q8ZD36	Q9Y2T2	Yersinia pestis	MNMC_YERPE	AP3M1_HUMAN	1	632	two hybrid pooling approach	20711500
Q7CG32	O14617	Yersinia pestis	Q7CG32_YERPE	AP3D1_HUMAN	1	632	two hybrid pooling approach	20711500
Q7CL78	O00203	Yersinia pestis	Q7CL78_YERPE	AP3B1_HUMAN	1	632	two hybrid pooling approach	20711500
Q8CLS7	P63010	Yersinia pestis	Q8CLS7_YERPE	AP2B1_HUMAN	1	632	two hybrid pooling approach	20711500
Q9ZC68	O75843	Yersinia pestis	ASTD_YERPE	AP1G2_HUMAN	1	632	two hybrid pooling approach	20711500
Q7CJ44	O43747	Yersinia pestis	Q7CJ44_YERPE	AP1G1_HUMAN	1	632	two hybrid pooling approach	20711500
Q74R28	Q10567	Yersinia pestis	UGPC_YERPE	AP1B1_HUMAN	1	632	two hybrid pooling approach	20711500
Q8D184	Q10567	Yersinia pestis	Q8D184_YERPE	AP1B1_HUMAN	1	632	two hybrid pooling approach	20711500
Q8D0Z4	Q10567	Yersinia pestis	Q8D0Z4_YERPE	AP1B1_HUMAN	1	632	two hybrid pooling approach	20711500
Q8CZT6	Q10567	Yersinia pestis	Q8CZT6_YERPE	AP1B1_HUMAN	1	632	two hybrid pooling approach	20711500
Q7CL70	Q10567	Yersinia pestis	Q7CL70_YERPE	AP1B1_HUMAN	1	632	two hybrid pooling approach	20711500
Q7CGN6	Q10567	Yersinia pestis	Q7CGN6_YERPE	AP1B1_HUMAN	1	632	two hybrid pooling approach	20711500
Q7CG16	Q10567	Yersinia pestis	Q7CG16_YERPE	AP1B1_HUMAN	1	632	two hybrid pooling approach	20711500
Q7CFX2	Q10567	Yersinia pestis	Q7CFX2_YERPE	AP1B1_HUMAN	1	632	two hybrid pooling approach	20711500
Q8ZB39	P20073	Yersinia pestis	PYRB_YERPE	ANXA7_HUMAN	1	632	two hybrid pooling approach	20711500
Q8ZDX4	P20073	Yersinia pestis	BTUC_YERPE	ANXA7_HUMAN	1	632	two hybrid pooling approach	20711500
P17778	P08758	Yersinia pestis	YOPM_YERPE	ANXA5_HUMAN	1	632	two hybrid pooling approach	20711500
Q8ZFX5	Q6NY19	Yersinia pestis	HISX_YERPE	KANK3_HUMAN	1	632	two hybrid pooling approach	20711500
P17778	Q6UB98	Yersinia pestis	YOPM_YERPE	ANR12_HUMAN	1	632	two hybrid pooling approach	20711500
Q8CLC4	Q6UB98	Yersinia pestis	Q8CLC4_YERPE	ANR12_HUMAN	1	632	two hybrid pooling approach	20711500
Q7CHR5	Q01484	Yersinia pestis	Q7CHR5_YERPE	ANK2_HUMAN	1	632	two hybrid pooling approach	20711500
O68743	Q01484	Yersinia pestis	O68743_YERPE	ANK2_HUMAN	1	632	two hybrid pooling approach	20711500
P31491	Q8N2N9	Yersinia pestis	YERA_YERPE	AN36B_HUMAN	1	632	two hybrid pooling approach	20711500
Q7CKK6	Q8N2N9	Yersinia pestis	Q7CKK6_YERPE	AN36B_HUMAN	1	632	two hybrid pooling approach	20711500
Q8ZFX5	P39687	Yersinia pestis	HISX_YERPE	AN32A_HUMAN	1	632	two hybrid pooling approach	20711500
Q7CKK6	Q6ZTN6	Yersinia pestis	Q7CKK6_YERPE	AN13D_HUMAN	1	632	two hybrid pooling approach	20711500
Q7ARD3	Q8IZ07	Yersinia pestis	Q7ARD3_YERPE	AN13A_HUMAN	1	632	two hybrid pooling approach	20711500
Q7CJF3	Q9C0C7	Yersinia pestis	DNLJ_YERPE	AMRA1_HUMAN	1	632	two hybrid pooling approach	20711500
Q8ZIE7	Q9C0C7	Yersinia pestis	DDL_YERPE	AMRA1_HUMAN	1	632	two hybrid pooling approach	20711500
Q9X6B0	Q01432	Yersinia pestis	KATG_YERPE	AMPD3_HUMAN	1	632	two hybrid pooling approach	20711500
Q7CGS8	P05091	Yersinia pestis	Q7CGS8_YERPE	ALDH2_HUMAN	1	632	two hybrid pooling approach	20711500
Q8ZHZ5	P49189	Yersinia pestis	FLGH1_YERPE	AL9A1_HUMAN	1	632	two hybrid pooling approach	20711500
Q8D0T7	Q96B36	Yersinia pestis	Q8D0T7_YERPE	AKTS1_HUMAN	1	632	two hybrid pooling approach	20711500
Q8CK83	Q9ULX6	Yersinia pestis	Q8CK83_YERPE	AKP8L_HUMAN	1	632	two hybrid pooling approach	20711500
Q8D0D4	Q12802	Yersinia pestis	Q8D0D4_YERPE	AKP13_HUMAN	1	632	two hybrid pooling approach	20711500
Q8CZT6	P14550	Yersinia pestis	Q8CZT6_YERPE	AK1A1_HUMAN	1	632	two hybrid pooling approach	20711500
Q8D0N9	Q8WYP5	Yersinia pestis	Q8D0N9_YERPE	ELYS_HUMAN	1	632	two hybrid pooling approach	20711500
Q8ZD12	P35869	Yersinia pestis	Y2781_YERPE	AHR_HUMAN	1	632	two hybrid pooling approach	20711500
Q7CFV5	Q09666	Yersinia pestis	Q7CFV5_YERPE	AHNK_HUMAN	1	632	two hybrid pooling approach	20711500
Q8ZHG8	Q5TGY3	Yersinia pestis	SPEA_YERPE	AHDC1_HUMAN	1	632	two hybrid pooling approach	20711500
Q7CHE6	Q6ULP2	Yersinia pestis	Q7CHE6_YERPE	AFTIN_HUMAN	1	632	two hybrid pooling approach	20711500
Q7CHD8	Q6ULP2	Yersinia pestis	Q7CHD8_YERPE	AFTIN_HUMAN	1	632	two hybrid pooling approach	20711500
Q7CHR3	P51825	Yersinia pestis	Q7CHR3_YERPE	AFF1_HUMAN	1	632	two hybrid pooling approach	20711500
Q9Z373	Q08117	Yersinia pestis	Q9Z373_YERPE	AES_HUMAN	1	632	two hybrid pooling approach	20711500
Q8D080	Q08117	Yersinia pestis	Q8D080_YERPE	AES_HUMAN	1	632	two hybrid pooling approach	20711500
Q8D068	Q08117	Yersinia pestis	Q8D068_YERPE	AES_HUMAN	1	632	two hybrid pooling approach	20711500
Q8CZZ7	Q08117	Yersinia pestis	Q8CZZ7_YERPE	AES_HUMAN	1	632	two hybrid pooling approach	20711500
Q8CZU9	Q08117	Yersinia pestis	Q8CZU9_YERPE	AES_HUMAN	1	632	two hybrid pooling approach	20711500
Q8CLQ8	Q08117	Yersinia pestis	Q8CLQ8_YERPE	AES_HUMAN	1	632	two hybrid pooling approach	20711500
Q7CHI6	Q08117	Yersinia pestis	Q7CHI6_YERPE	AES_HUMAN	1	632	two hybrid pooling approach	20711500
O68769	Q08117	Yersinia pestis	O68769_YERPE	AES_HUMAN	1	632	two hybrid pooling approach	20711500
Q7ARD1	Q08117	Yersinia pestis	Q7ARD1_YERPE	AES_HUMAN	1	632	two hybrid pooling approach	20711500
Q8ZJJ5	Q08117	Yersinia pestis	HSLU_YERPE	AES_HUMAN	1	632	two hybrid pooling approach	20711500
Q8ZIF7	Q9BRR6	Yersinia pestis	RSMH_YERPE	ADPGK_HUMAN	1	632	two hybrid pooling approach	20711500
Q8ZHG0	Q6IQ32	Yersinia pestis	AGUA_YERPE	ADNP2_HUMAN	1	632	two hybrid pooling approach	20711500
Q8ZAA1	P55263	Yersinia pestis	BTUB_YERPE	ADK_HUMAN	1	632	two hybrid pooling approach	20711500
Q7CKW7	Q99541	Yersinia pestis	Q7CKW7_YERPE	PLIN2_HUMAN	1	632	two hybrid pooling approach	20711500
Q8CZU2	O15204	Yersinia pestis	Q8CZU2_YERPE	ADEC1_HUMAN	1	632	two hybrid pooling approach	20711500
Q8CZF9	P35611	Yersinia pestis	Q8CZF9_YERPE	ADDA_HUMAN	1	632	two hybrid pooling approach	20711500
Q8ZDA6	P35611	Yersinia pestis	CHBG_YERPE	ADDA_HUMAN	1	632	two hybrid pooling approach	20711500
Q7CKM5	Q8NFM4	Yersinia pestis	Q7CKM5_YERPE	ADCY4_HUMAN	1	632	two hybrid pooling approach	20711500
Q8D134	Q8NI60	Yersinia pestis	Q8D134_YERPE	COQ8A_HUMAN	1	632	two hybrid pooling approach	20711500
Q7CJG2	Q8NI60	Yersinia pestis	Q7CJG2_YERPE	COQ8A_HUMAN	1	632	two hybrid pooling approach	20711500
Q8CWI4	Q13444	Yersinia pestis	Q8CWI4_YERPE	ADA15_HUMAN	1	632	two hybrid pooling approach	20711500
Q8ZAA1	O14672	Yersinia pestis	BTUB_YERPE	ADA10_HUMAN	1	632	two hybrid pooling approach	20711500
Q8ZC32	P63261	Yersinia pestis	QUEA_YERPE	ACTG_HUMAN	1	632	two hybrid pooling approach	20711500
Q8CZW4	P63261	Yersinia pestis	Q8CZW4_YERPE	ACTG_HUMAN	1	632	two hybrid pooling approach	20711500
Q8ZFX5	P63261	Yersinia pestis	HISX_YERPE	ACTG_HUMAN	1	632	two hybrid pooling approach	20711500
P46357	P63261	Yersinia pestis	DAPF_YERPE	ACTG_HUMAN	1	632	two hybrid pooling approach	20711500
Q7CIZ2	P60709	Yersinia pestis	Q7CIZ2_YERPE	ACTB_HUMAN	1	632	two hybrid pooling approach	20711500
Q8CWH4	P62736	Yersinia pestis	Q8CWH4_YERPE	ACTA_HUMAN	1	632	two hybrid pooling approach	20711500
Q8ZHF1	P62736	Yersinia pestis	GLSA1_YERPE	ACTA_HUMAN	1	632	two hybrid pooling approach	20711500
Q74YC7	Q96CM8	Yersinia pestis	Q74YC7_YERPE	ACSF2_HUMAN	1	632	two hybrid pooling approach	20711500
Q8CZX8	Q9Y305	Yersinia pestis	Q8CZX8_YERPE	ACOT9_HUMAN	1	632	two hybrid pooling approach	20711500
Q7CG03	P53396	Yersinia pestis	Q7CG03_YERPE	ACLY_HUMAN	1	632	two hybrid pooling approach	20711500
Q7CJH4	O96019	Yersinia pestis	Q7CJH4_YERPE	ACL6A_HUMAN	1	632	two hybrid pooling approach	20711500
Q74SR9	P11310	Yersinia pestis	TRMN6_YERPE	ACADM_HUMAN	1	632	two hybrid pooling approach	20711500
Q74YG8	O94929	Yersinia pestis	Q74YG8_YERPE	ABLM3_HUMAN	1	632	two hybrid pooling approach	20711500
Q8ZIF7	Q8WU67	Yersinia pestis	RSMH_YERPE	ABHD3_HUMAN	1	632	two hybrid pooling approach	20711500
Q7CHX9	Q9BZC7	Yersinia pestis	Q7CHX9_YERPE	ABCA2_HUMAN	1	632	two hybrid pooling approach	20711500
Q8ZCS5	Q9NRW3	Yersinia pestis	HSCA_YERPE	ABC3C_HUMAN	1	632	two hybrid pooling approach	20711500
Q8D192	Q7Z5R6	Yersinia pestis	Q8D192_YERPE	AB1IP_HUMAN	1	632	two hybrid pooling approach	20711500
Q8D166	Q9BTE6	Yersinia pestis	Q8D166_YERPE	AASD1_HUMAN	1	632	two hybrid pooling approach	20711500
Q8D016	Q13685	Yersinia pestis	Q8D016_YERPE	AAMP_HUMAN	1	632	two hybrid pooling approach	20711500
Q7CI92	A8K9Y5	Yersinia pestis	Q7CI92_YERPE	A8K9Y5_HUMAN	1	632	two hybrid pooling approach	20711500
Q8ZBM0	Q9UPG8	Yersinia pestis	CLCA_YERPE	PLAL2_HUMAN	1	632	two hybrid pooling approach	20711500
O68779	Q6IEG0	Yersinia pestis	O68779_YERPE	SNR48_HUMAN	1	632	two hybrid pooling approach	20711500
Q8ZD91	Q99613	Yersinia pestis	GCH1L_YERPE	EIF3C_HUMAN	1	632	two hybrid pooling approach	20711500
Q8CKI8	A8K7X3	Yersinia pestis	Q8CKI8_YERPE	A8K7X3_HUMAN	1	632	two hybrid pooling approach	20711500
Q8D1R4	Q9H305	Yersinia pestis	Q8D1R4_YERPE	CDIP1_HUMAN	1	632	two hybrid pooling approach	20711500
Q8D080	Q9H305	Yersinia pestis	Q8D080_YERPE	CDIP1_HUMAN	1	632	two hybrid pooling approach	20711500
Q8ZGZ1	Q9Y3A2	Yersinia pestis	TOLB_YERPE	UTP11_HUMAN	1	632	two hybrid pooling approach	20711500
Q7CFW0	P25106	Yersinia pestis	Q7CFW0_YERPE	ACKR3_HUMAN	1	632	two hybrid pooling approach	20711500
Q8CZL7	Q8N5D6	Yersinia pestis	Q8CZL7_YERPE	GBGT1_HUMAN	1	632	two hybrid pooling approach	20711500
Q7CGS9	Q9H7R5	Yersinia pestis	Q7CGS9_YERPE	ZN665_HUMAN	1	632	two hybrid pooling approach	20711500
Q7CKN1	O75648	Yersinia pestis	Q7CKN1_YERPE	MTU1_HUMAN	1	632	two hybrid pooling approach	20711500
P46359	Q92520	Yersinia pestis	FYUA_YERPE	FAM3C_HUMAN	1	632	two hybrid pooling approach	20711500
O68779	Q8IYB8	Yersinia pestis	O68779_YERPE	SUV3_HUMAN	1	632	two hybrid pooling approach	20711500
Q7CIA0	Q14914	Yersinia pestis	Q7CIA0_YERPE	PTGR1_HUMAN	1	632	two hybrid pooling approach	20711500
Q7CKZ2	A8K0D8	Yersinia pestis	Q7CKZ2_YERPE	A8K0D8_HUMAN	1	632	two hybrid pooling approach	20711500
Q8CZY7	O00182	Yersinia pestis	SYDP_YERPE	LEG9_HUMAN	1	632	two hybrid pooling approach	20711500
Q8CZH4	O00182	Yersinia pestis	Q8CZH4_YERPE	LEG9_HUMAN	1	632	two hybrid pooling approach	20711500
Q7CJI6	O00182	Yersinia pestis	Q7CJI6_YERPE	LEG9_HUMAN	1	632	two hybrid pooling approach	20711500
Q7CG21	O00182	Yersinia pestis	Q7CG21_YERPE	LEG9_HUMAN	1	632	two hybrid pooling approach	20711500
Q7ARD3	O00182	Yersinia pestis	Q7ARD3_YERPE	LEG9_HUMAN	1	632	two hybrid pooling approach	20711500
Q8D0P1	O00182	Yersinia pestis	CHEY_YERPE	LEG9_HUMAN	1	632	two hybrid pooling approach	20711500
Q8ZGW9	O00182	Yersinia pestis	BIOD1_YERPE	LEG9_HUMAN	1	632	two hybrid pooling approach	20711500
Q7CKD3	Q9HAP2	Yersinia pestis	Q7CKD3_YERPE	MLXIP_HUMAN	1	632	two hybrid pooling approach	20711500
Q7CHY3	Q9HAP2	Yersinia pestis	Q7CHY3_YERPE	MLXIP_HUMAN	1	632	two hybrid pooling approach	20711500
Q7CKA1	A6NM11	Yersinia pestis	Q7CKA1_YERPE	L37A2_HUMAN	1	632	two hybrid pooling approach	20711500
Q7CGV9	A6NM11	Yersinia pestis	Q7CGV9_YERPE	L37A2_HUMAN	1	632	two hybrid pooling approach	20711500
Q7CGR9	A6NM11	Yersinia pestis	Q7CGR9_YERPE	L37A2_HUMAN	1	632	two hybrid pooling approach	20711500
Q8ZCW0	Q9UHN6	Yersinia pestis	MDTB_YERPE	TMEM2_HUMAN	1	632	two hybrid pooling approach	20711500
Q7CIW0	Q9ULC5	Yersinia pestis	Q7CIW0_YERPE	ACSL5_HUMAN	1	632	two hybrid pooling approach	20711500
Q8D1D2	A4QPH0	Yersinia pestis	Q8D1D2_YERPE	A4QPH0_HUMAN	1	632	two hybrid pooling approach	20711500
Q7CI82	P43657	Yersinia pestis	Q7CI82_YERPE	LPAR6_HUMAN	1	632	two hybrid pooling approach	20711500
Q8D0V0	Q9Y2L8	Yersinia pestis	Q8D0V0_YERPE	ZKSC5_HUMAN	1	632	two hybrid pooling approach	20711500
Q7CI92	Q9Y2L8	Yersinia pestis	Q7CI92_YERPE	ZKSC5_HUMAN	1	632	two hybrid pooling approach	20711500
Q7CK47	Q6ZMT4	Yersinia pestis	Q7CK47_YERPE	KDM7A_HUMAN	1	632	two hybrid pooling approach	20711500
P17778	A4D0T8	Yersinia pestis	YOPM_YERPE	A4D0T8_HUMAN	1	632	two hybrid pooling approach	20711500
P17778	P01023	Yersinia pestis	YOPM_YERPE	A2MG_HUMAN	1	632	two hybrid pooling approach	20711500
Q7ARA5	P01023	Yersinia pestis	Q7ARA5_YERPE	A2MG_HUMAN	1	632	two hybrid pooling approach	20711500
Q8CZJ2	P01023	Yersinia pestis	Q8CZJ2_YERPE	A2MG_HUMAN	1	632	two hybrid pooling approach	20711500
Q7CHS1	P01023	Yersinia pestis	Q7CHS1_YERPE	A2MG_HUMAN	1	632	two hybrid pooling approach	20711500
Q7CFP7	P01023	Yersinia pestis	Q7CFP7_YERPE	A2MG_HUMAN	1	632	two hybrid pooling approach	20711500
Q8ZGJ1	Q99550	Yersinia pestis	END4_YERPE	MPP9_HUMAN	1	632	two hybrid pooling approach	20711500
Q8D1L3	Q676U5	Yersinia pestis	Q8D1L3_YERPE	A16L1_HUMAN	1	632	two hybrid pooling approach	20711500
Q8ZGK8	Q8IZ83	Yersinia pestis	UXUA_YERPE	A16A1_HUMAN	1	632	two hybrid pooling approach	20711500
Q8CZS2	Q8IZ83	Yersinia pestis	Q8CZS2_YERPE	A16A1_HUMAN	1	632	two hybrid pooling approach	20711500
Q7CKQ0	Q8IZ83	Yersinia pestis	Q7CKQ0_YERPE	A16A1_HUMAN	1	632	two hybrid pooling approach	20711500
Q8ZEL9	Q8IZ83	Yersinia pestis	FADR_YERPE	A16A1_HUMAN	1	632	two hybrid pooling approach	20711500
Q8CZQ3	A0PJ79	Yersinia pestis	Q8CZQ3_YERPE	A0PJ79_HUMAN	1	632	two hybrid pooling approach	20711500
Q8Z9S7	Q13542	Yersinia pestis	GLMU_YERPE	4EBP2_HUMAN	1	632	two hybrid pooling approach	20711500
Q8ZHK4	P01903	Yersinia pestis	RF2_YERPE	DRA_HUMAN	1	632	two hybrid pooling approach	20711500
Q8D0H5	P01903	Yersinia pestis	Q8D0H5_YERPE	DRA_HUMAN	1	632	two hybrid pooling approach	20711500
Q7CHZ0	P01903	Yersinia pestis	Q7CHZ0_YERPE	DRA_HUMAN	1	632	two hybrid pooling approach	20711500
Q9R8C5	P28068	Yersinia pestis	Q9R8C5_YERPE	DMB_HUMAN	1	632	two hybrid pooling approach	20711500
Q9F287	Q9GIY3	Yersinia pestis	Q9F287_YERPE	2B1E_HUMAN	1	632	two hybrid pooling approach	20711500
Q9RID8	P30153	Yersinia pestis	Q9RID8_YERPE	2AAA_HUMAN	1	632	two hybrid pooling approach	20711500
Q7CL98	Q15173	Yersinia pestis	Q7CL98_YERPE	2A5B_HUMAN	1	632	two hybrid pooling approach	20711500
Q8D1Q0	P30504	Yersinia pestis	Q8D1Q0_YERPE	1C04_HUMAN	1	632	two hybrid pooling approach	20711500
Q8CZQ3	P30504	Yersinia pestis	Q8CZQ3_YERPE	1C04_HUMAN	1	632	two hybrid pooling approach	20711500
Q7CL98	P30504	Yersinia pestis	Q7CL98_YERPE	1C04_HUMAN	1	632	two hybrid pooling approach	20711500
Q8ZIX0	P30504	Yersinia pestis	RSGA_YERPE	1C04_HUMAN	1	632	two hybrid pooling approach	20711500
Q8ZBN6	P30504	Yersinia pestis	CYSJ_YERPE	1C04_HUMAN	1	632	two hybrid pooling approach	20711500
P68587	P30480	Yersinia pestis	YSCP_YERPE	1B42_HUMAN	1	632	two hybrid pooling approach	20711500
Q8ZHG3	P30480	Yersinia pestis	Y936_YERPE	1B42_HUMAN	1	632	two hybrid pooling approach	20711500
Q8D014	P30480	Yersinia pestis	Q8D014_YERPE	1B42_HUMAN	1	632	two hybrid pooling approach	20711500
Q8CZM8	P30480	Yersinia pestis	Q8CZM8_YERPE	1B42_HUMAN	1	632	two hybrid pooling approach	20711500
Q8CLC4	P30480	Yersinia pestis	Q8CLC4_YERPE	1B42_HUMAN	1	632	two hybrid pooling approach	20711500
Q7CJM9	P30480	Yersinia pestis	RLMN_YERPE	1B42_HUMAN	1	632	two hybrid pooling approach	20711500
Q7CHJ5	P30480	Yersinia pestis	Q7CHJ5_YERPE	1B42_HUMAN	1	632	two hybrid pooling approach	20711500
Q7CFV5	P30480	Yersinia pestis	Q7CFV5_YERPE	1B42_HUMAN	1	632	two hybrid pooling approach	20711500
Q7CFP2	P30480	Yersinia pestis	Q7CFP2_YERPE	1B42_HUMAN	1	632	two hybrid pooling approach	20711500
Q7ARD3	P30480	Yersinia pestis	Q7ARD3_YERPE	1B42_HUMAN	1	632	two hybrid pooling approach	20711500
Q7CGS9	P30512	Yersinia pestis	Q7CGS9_YERPE	1A29_HUMAN	1	632	two hybrid pooling approach	20711500
Q7CGH6	P30512	Yersinia pestis	Q7CGH6_YERPE	1A29_HUMAN	1	632	two hybrid pooling approach	20711500
Q8CWG4	P01892	Yersinia pestis	Q8CWG4_YERPE	1A02_HUMAN	1	632	two hybrid pooling approach	20711500
Q7CHE2	P01892	Yersinia pestis	Q7CHE2_YERPE	1A02_HUMAN	1	632	two hybrid pooling approach	20711500
Q7CHE5	P63104	Yersinia pestis	Q7CHE5_YERPE	1433Z_HUMAN	1	632	two hybrid pooling approach	20711500
Q7ARN5	P63104	Yersinia pestis	Q7ARN5_YERPE	1433Z_HUMAN	1	632	two hybrid pooling approach	20711500
Q8ZG99	P63104	Yersinia pestis	MUKB_YERPE	1433Z_HUMAN	1	632	two hybrid pooling approach	20711500
Q8ZIH1	P63104	Yersinia pestis	LEUD_YERPE	1433Z_HUMAN	1	632	two hybrid pooling approach	20711500
Q7CKD1	Q04917	Yersinia pestis	Q7CKD1_YERPE	1433F_HUMAN	1	632	two hybrid pooling approach	20711500
Q8CZY0	P62258	Yersinia pestis	Q8CZY0_YERPE	1433E_HUMAN	1	632	two hybrid pooling approach	20711500
Q8ZG99	P62258	Yersinia pestis	MUKB_YERPE	1433E_HUMAN	1	632	two hybrid pooling approach	20711500
Q7CKV4	F1D8R0	Yersinia pestis	Q7CKV4_YERPE	F1D8R0_HUMAN	1	632	two hybrid pooling approach	20711500
E7E586	Q9Y6X2	Yersinia pestis	E7E586_YERPE	PIAS3_HUMAN	1	632	two hybrid pooling approach	20711500
Q7CL96	B3KUN1	Yersinia pestis	Q7CL96_YERPE	B3KUN1_HUMAN	1	632	two hybrid pooling approach	20711500
Q7CKD3	D2IYK3	Yersinia pestis	Q7CKD3_YERPE	D2IYK3_HUMAN	1	632	two hybrid pooling approach	20711500
E7E587	P30480	Yersinia pestis	E7E587_YERPE	1B42_HUMAN	1	632	two hybrid pooling approach	20711500
Q7CL55	E9KL26	Yersinia pestis	Q7CL55_YERPE	E9KL26_HUMAN	1	632	two hybrid pooling approach	20711500
Q8D0F7	D1MGQ2	Yersinia pestis	Q8D0F7_YERPE	D1MGQ2_HUMAN	1	632	two hybrid pooling approach	20711500
Q8CZS2	A4D1B1	Yersinia pestis	Q8CZS2_YERPE	A4D1B1_HUMAN	1	632	two hybrid pooling approach	20711500
E7E587	Q8WXA9	Yersinia pestis	E7E587_YERPE	SREK1_HUMAN	1	632	two hybrid pooling approach	20711500
Q8CKI8	B3KNF6	Yersinia pestis	Q8CKI8_YERPE	B3KNF6_HUMAN	1	632	two hybrid pooling approach	20711500
Q7CIY7	A8K5I0	Yersinia pestis	Q7CIY7_YERPE	A8K5I0_HUMAN	1	632	two hybrid pooling approach	20711500
E7E587	Q6ZTQ9	Yersinia pestis	E7E587_YERPE	Q6ZTQ9_HUMAN	1	632	two hybrid pooling approach	20711500
Q8CZV1	D6W5D9	Yersinia pestis	Q8CZV1_YERPE	D6W5D9_HUMAN	1	632	two hybrid pooling approach	20711500
E7E582	Q9UHD2	Yersinia pestis	E7E582_YERPE	TBK1_HUMAN	1	632	two hybrid pooling approach	20711500
E7E583	P31153	Yersinia pestis	E7E583_YERPE	METK2_HUMAN	1	632	two hybrid pooling approach	20711500
Q7CIF0	B1AK66	Yersinia pestis	Q7CIF0_YERPE	B1AK66_HUMAN	1	632	two hybrid pooling approach	20711500
E7E587	Q8NDV7	Yersinia pestis	E7E587_YERPE	TNR6A_HUMAN	1	632	two hybrid pooling approach	20711500
Q7CHZ0	E9KL35	Yersinia pestis	Q7CHZ0_YERPE	E9KL35_HUMAN	1	632	two hybrid pooling approach	20711500
Q7CH18	A4D0W0	Yersinia pestis	Q7CH18_YERPE	A4D0W0_HUMAN	1	632	two hybrid pooling approach	20711500
E7E587	Q9Y4C4	Yersinia pestis	E7E587_YERPE	MFHA1_HUMAN	1	632	two hybrid pooling approach	20711500
P17778	Q2L6I0	Yersinia pestis	YOPM_YERPE	Q2L6I0_HUMAN	1	632	two hybrid pooling approach	20711500
Q8ZHK4	B0UXD8	Yersinia pestis	RF2_YERPE	B0UXD8_HUMAN	1	632	two hybrid pooling approach	20711500
Q8D015	B1AQP2	Yersinia pestis	Q8D015_YERPE	B1AQP2_HUMAN	1	632	two hybrid pooling approach	20711500
Q8ZAR3	E9KL35	Yersinia pestis	PUR9_YERPE	E9KL35_HUMAN	1	632	two hybrid pooling approach	20711500
Q7CJG2	A8K5I0	Yersinia pestis	Q7CJG2_YERPE	A8K5I0_HUMAN	1	632	two hybrid pooling approach	20711500
Q7CHI8	E9KL35	Yersinia pestis	Q7CHI8_YERPE	E9KL35_HUMAN	1	632	two hybrid pooling approach	20711500
Q7CHZ0	B0UXD8	Yersinia pestis	Q7CHZ0_YERPE	B0UXD8_HUMAN	1	632	two hybrid pooling approach	20711500
Q7CL85	A8K2M0	Yersinia pestis	Q7CL85_YERPE	A8K2M0_HUMAN	1	632	two hybrid pooling approach	20711500
Q8CL89	A5PL27	Yersinia pestis	Q8CL89_YERPE	A5PL27_HUMAN	1	632	two hybrid pooling approach	20711500
Q8D0R5	A2RU94	Yersinia pestis	Q8D0R5_YERPE	A2RU94_HUMAN	1	632	two hybrid pooling approach	20711500
Q7CJG2	E5KN15	Yersinia pestis	Q7CJG2_YERPE	E5KN15_HUMAN	1	632	two hybrid pooling approach	20711500
Q7CIQ1	A4D1B1	Yersinia pestis	Q7CIQ1_YERPE	A4D1B1_HUMAN	1	632	two hybrid pooling approach	20711500
Q8ZHG0	A3KME0	Yersinia pestis	AGUA_YERPE	A3KME0_HUMAN	1	632	two hybrid pooling approach	20711500
Q8D177	B1ALW7	Yersinia pestis	Q8D177_YERPE	B1ALW7_HUMAN	1	632	two hybrid pooling approach	20711500
Q7ARN5	D0PNI1	Yersinia pestis	Q7ARN5_YERPE	D0PNI1_HUMAN	1	632	two hybrid pooling approach	20711500
Q7CG08	D0EI67	Yersinia pestis	Q7CG08_YERPE	D0EI67_HUMAN	1	632	two hybrid pooling approach	20711500
Q8ZHK5	A4D0V4	Yersinia pestis	SYK_YERPE	A4D0V4_HUMAN	1	632	two hybrid pooling approach	20711500
Q8CLD1	A0MNP2	Yersinia pestis	Q8CLD1_YERPE	A0MNP2_HUMAN	1	632	two hybrid pooling approach	20711500
Q7CJU5	E9KL35	Yersinia pestis	Q7CJU5_YERPE	E9KL35_HUMAN	1	632	two hybrid pooling approach	20711500
Q8CK83	P25089	Yersinia pestis	Q8CK83_YERPE	FPR3_HUMAN	1	632	two hybrid pooling approach	20711500
E7E526	Q8N2N9	Yersinia pestis	E7E526_YERPE	AN36B_HUMAN	1	632	two hybrid pooling approach	20711500
Q7CH58	P26678	Yersinia pestis	Q7CH58_YERPE	PPLA_HUMAN	1	632	two hybrid pooling approach	20711500
P17778	B4DJ51	Yersinia pestis	YOPM_YERPE	B4DJ51_HUMAN	1	632	two hybrid pooling approach	20711500
Q7CL18	C5H3H2	Yersinia pestis	Q7CL18_YERPE	C5H3H2_HUMAN	1	632	two hybrid pooling approach	20711500
E7E568	Q9NYI0	Yersinia pestis	E7E568_YERPE	PSD3_HUMAN	1	632	two hybrid pooling approach	20711500
E7E596	P21462	Yersinia pestis	E7E596_YERPE	FPR1_HUMAN	1	632	two hybrid pooling approach	20711500
Q8ZDX8	D0VY79	Yersinia pestis	ARNA_YERPE	D0VY79_HUMAN	1	632	two hybrid pooling approach	20711500
Q7CHM9	B0LPF3	Yersinia pestis	Q7CHM9_YERPE	B0LPF3_HUMAN	1	632	two hybrid pooling approach	20711500
Q8ZAA1	D1MGQ2	Yersinia pestis	BTUB_YERPE	D1MGQ2_HUMAN	1	632	two hybrid pooling approach	20711500
E7E597	O14802	Yersinia pestis	E7E597_YERPE	RPC1_HUMAN	1	632	two hybrid pooling approach	20711500
E7E586	O94979	Yersinia pestis	E7E586_YERPE	SC31A_HUMAN	1	632	two hybrid pooling approach	20711500
Q8CWH4	D2JYH4	Yersinia pestis	Q8CWH4_YERPE	D2JYH4_HUMAN	1	632	two hybrid pooling approach	20711500
Q8CZL7	Q5W009	Yersinia pestis	Q8CZL7_YERPE	Q5W009_HUMAN	1	632	two hybrid pooling approach	20711500
Q8D0V8	A4D1H4	Yersinia pestis	Q8D0V8_YERPE	A4D1H4_HUMAN	1	632	two hybrid pooling approach	20711500
Q8CZY0	D0EI67	Yersinia pestis	Q8CZY0_YERPE	D0EI67_HUMAN	1	632	two hybrid pooling approach	20711500
Q7CGF0	A4D0U5	Yersinia pestis	Q7CGF0_YERPE	A4D0U5_HUMAN	1	632	two hybrid pooling approach	20711500
Q9Z381	E5KNY5	Yersinia pestis	Q9Z381_YERPE	E5KNY5_HUMAN	1	632	two hybrid pooling approach	20711500
E7E570	A2I2N5	Yersinia pestis	E7E570_YERPE	A2I2N5_HUMAN	1	632	two hybrid pooling approach	20711500
Q8D0P9	Q86SZ7	Yersinia pestis	Q8D0P9_YERPE	Q86SZ7_HUMAN	1	632	two hybrid pooling approach	20711500
Q8D194	Q546E0	Yersinia pestis	Q8D194_YERPE	Q546E0_HUMAN	1	632	two hybrid pooling approach	20711500
Q7CKZ7	A4D0U5	Yersinia pestis	Q7CKZ7_YERPE	A4D0U5_HUMAN	1	632	two hybrid pooling approach	20711500
Q8D0E1	D0EI67	Yersinia pestis	Q8D0E1_YERPE	D0EI67_HUMAN	1	632	two hybrid pooling approach	20711500
Q7CFV4	A8K3E0	Yersinia pestis	Q7CFV4_YERPE	A8K3E0_HUMAN	1	632	two hybrid pooling approach	20711500
E7E586	Q9UK58	Yersinia pestis	E7E586_YERPE	CCNL1_HUMAN	1	632	two hybrid pooling approach	20711500
Q7CGD9	A4D0U5	Yersinia pestis	CDIA_YERPE	A4D0U5_HUMAN	1	632	two hybrid pooling approach	20711500
Q8CLV2	E5KND5	Yersinia pestis	Q8CLV2_YERPE	E5KND5_HUMAN	1	632	two hybrid pooling approach	20711500
Q8ZIQ4	A8K5I0	Yersinia pestis	DEOC2_YERPE	A8K5I0_HUMAN	1	632	two hybrid pooling approach	20711500
Q0WJP9	D9ZGF2	Yersinia pestis	LSRA_YERPE	D9ZGF2_HUMAN	1	632	two hybrid pooling approach	20711500
P46355	E9KL30	Yersinia pestis	HEM3_YERPE	E9KL30_HUMAN	1	632	two hybrid pooling approach	20711500
E7E585	Q92802	Yersinia pestis	E7E585_YERPE	N42L2_HUMAN	1	632	two hybrid pooling approach	20711500
E7E564	O00165	Yersinia pestis	E7E564_YERPE	HAX1_HUMAN	1	632	two hybrid pooling approach	20711500
Q7CJU9	B0LPF3	Yersinia pestis	Q7CJU9_YERPE	B0LPF3_HUMAN	1	632	two hybrid pooling approach	20711500
Q7CHU1	E9KL35	Yersinia pestis	MTFA_YERPE	E9KL35_HUMAN	1	632	two hybrid pooling approach	20711500
E7E587	P61073	Yersinia pestis	E7E587_YERPE	CXCR4_HUMAN	1	632	two hybrid pooling approach	20711500
Q7CHE5	D0PNI1	Yersinia pestis	Q7CHE5_YERPE	D0PNI1_HUMAN	1	632	two hybrid pooling approach	20711500
E7E587	Q92841	Yersinia pestis	E7E587_YERPE	DDX17_HUMAN	1	632	two hybrid pooling approach	20711500
Q7CGH9	A8K5I0	Yersinia pestis	Q7CGH9_YERPE	A8K5I0_HUMAN	1	632	two hybrid pooling approach	20711500
Q8D0C8	P0CL84	Yersinia pestis	Q8D0C8_YERPE	ST3L2_HUMAN	1	632	two hybrid pooling approach	20711500
Q7CHE6	Q548T7	Yersinia pestis	Q7CHE6_YERPE	Q548T7_HUMAN	1	632	two hybrid pooling approach	20711500
E7E587	Q15773	Yersinia pestis	E7E587_YERPE	MLF2_HUMAN	1	632	two hybrid pooling approach	20711500
Q7CJQ8	E9KL35	Yersinia pestis	Q7CJQ8_YERPE	E9KL35_HUMAN	1	632	two hybrid pooling approach	20711500
Q9Z373	A4D0U5	Yersinia pestis	Q9Z373_YERPE	A4D0U5_HUMAN	1	632	two hybrid pooling approach	20711500
Q8CZY0	D0PNI1	Yersinia pestis	Q8CZY0_YERPE	D0PNI1_HUMAN	1	632	two hybrid pooling approach	20711500
E7E585	Q8WWB7	Yersinia pestis	E7E585_YERPE	GLMP_HUMAN	1	632	two hybrid pooling approach	20711500
Q8D072	F1LJ00	Yersinia pestis	Q8D072_YERPE	F1LJ00_HUMAN	1	632	two hybrid pooling approach	20711500
E7E586	Q9H355	Yersinia pestis	E7E586_YERPE	Q9H355_HUMAN	1	632	two hybrid pooling approach	20711500
Q8D1J6	E9KL35	Yersinia pestis	Q8D1J6_YERPE	E9KL35_HUMAN	1	632	two hybrid pooling approach	20711500
B7SSK1	Q9NQC3	Yersinia pestis	B7SSK1_YERPE	RTN4_HUMAN	1	632	two hybrid pooling approach	20711500
E7E587	Q7Z739	Yersinia pestis	E7E587_YERPE	YTHD3_HUMAN	1	632	two hybrid pooling approach	20711500
Q7CG90	Q5JYA6	Yersinia pestis	Q7CG90_YERPE	Q5JYA6_HUMAN	1	632	two hybrid pooling approach	20711500
Q8D1Q0	Q548T7	Yersinia pestis	Q8D1Q0_YERPE	Q548T7_HUMAN	1	632	two hybrid pooling approach	20711500
Q7CHZ4	Q53RZ9	Yersinia pestis	Q7CHZ4_YERPE	Q53RZ9_HUMAN	1	632	two hybrid pooling approach	20711500
Q8ZIY3	Q86SZ7	Yersinia pestis	CH60_YERPE	Q86SZ7_HUMAN	1	632	two hybrid pooling approach	20711500
Q8D1P4	Q2L6J2	Yersinia pestis	Q8D1P4_YERPE	Q2L6J2_HUMAN	1	632	two hybrid pooling approach	20711500
Q7CJQ8	A4D0U5	Yersinia pestis	Q7CJQ8_YERPE	A4D0U5_HUMAN	1	632	two hybrid pooling approach	20711500
Q7CFR7	D0EI67	Yersinia pestis	Q7CFR7_YERPE	D0EI67_HUMAN	1	632	two hybrid pooling approach	20711500
E7E564	Q96HA1	Yersinia pestis	E7E564_YERPE	P121A_HUMAN	1	632	two hybrid pooling approach	20711500
Q7CKC3	D0EI67	Yersinia pestis	Q7CKC3_YERPE	D0EI67_HUMAN	1	632	two hybrid pooling approach	20711500
Q7CGS9	A4D0R1	Yersinia pestis	Q7CGS9_YERPE	A4D0R1_HUMAN	1	632	two hybrid pooling approach	20711500
Q7CIA4	Q548T7	Yersinia pestis	Q7CIA4_YERPE	Q548T7_HUMAN	1	632	two hybrid pooling approach	20711500
E7E564	P02461	Yersinia pestis	E7E564_YERPE	CO3A1_HUMAN	1	632	two hybrid pooling approach	20711500
E7E526	Q7LBR1	Yersinia pestis	E7E526_YERPE	CHM1B_HUMAN	1	632	two hybrid pooling approach	20711500
E7E587	P49796	Yersinia pestis	E7E587_YERPE	RGS3_HUMAN	1	632	two hybrid pooling approach	20711500
Q8ZG99	D0PNI1	Yersinia pestis	MUKB_YERPE	D0PNI1_HUMAN	1	632	two hybrid pooling approach	20711500
Q8D050	Q5VT14	Yersinia pestis	Q8D050_YERPE	Q5VT14_HUMAN	1	632	two hybrid pooling approach	20711500
E7E587	P02452	Yersinia pestis	E7E587_YERPE	CO1A1_HUMAN	1	632	two hybrid pooling approach	20711500
Q8ZHF1	D2JYH4	Yersinia pestis	GLSA1_YERPE	D2JYH4_HUMAN	1	632	two hybrid pooling approach	20711500
E7E526	Q6ZU80	Yersinia pestis	E7E526_YERPE	CE128_HUMAN	1	632	two hybrid pooling approach	20711500
Q8D0H5	B0UXD8	Yersinia pestis	Q8D0H5_YERPE	B0UXD8_HUMAN	1	632	two hybrid pooling approach	20711500
E7E570	Q3YBR2	Yersinia pestis	E7E570_YERPE	TBRG1_HUMAN	1	632	two hybrid pooling approach	20711500
Q74XD3	A4D1B1	Yersinia pestis	CUTA_YERPE	A4D1B1_HUMAN	1	632	two hybrid pooling approach	20711500
E7E582	Q9NY15	Yersinia pestis	E7E582_YERPE	STAB1_HUMAN	1	632	two hybrid pooling approach	20711500
E7E587	P0C2Y1	Yersinia pestis	E7E587_YERPE	NBPF7_HUMAN	1	632	two hybrid pooling approach	20711500
Q7CG16	F1D8R0	Yersinia pestis	Q7CG16_YERPE	F1D8R0_HUMAN	1	632	two hybrid pooling approach	20711500
Q0WBF9	A8K5I0	Yersinia pestis	PNP_YERPE	A8K5I0_HUMAN	1	632	two hybrid pooling approach	20711500
E7E597	P07910	Yersinia pestis	E7E597_YERPE	HNRPC_HUMAN	1	632	two hybrid pooling approach	20711500
Q7CH46	Q86SZ7	Yersinia pestis	Q7CH46_YERPE	Q86SZ7_HUMAN	1	632	two hybrid pooling approach	20711500
E7E587	Q6NW34	Yersinia pestis	E7E587_YERPE	NEPRO_HUMAN	1	632	two hybrid pooling approach	20711500
E7E587	P22626	Yersinia pestis	E7E587_YERPE	ROA2_HUMAN	1	632	two hybrid pooling approach	20711500
Q7CKC7	A4D0Z4	Yersinia pestis	Q7CKC7_YERPE	A4D0Z4_HUMAN	1	632	two hybrid pooling approach	20711500
E7E587	Q06830	Yersinia pestis	E7E587_YERPE	PRDX1_HUMAN	1	632	two hybrid pooling approach	20711500
Q8CLF6	D9YZV0	Yersinia pestis	Q8CLF6_YERPE	D9YZV0_HUMAN	1	632	two hybrid pooling approach	20711500
E7E585	O00555	Yersinia pestis	E7E585_YERPE	CAC1A_HUMAN	1	632	two hybrid pooling approach	20711500
Q7CIG7	A8K2M0	Yersinia pestis	Q7CIG7_YERPE	A8K2M0_HUMAN	1	632	two hybrid pooling approach	20711500
E7E569	P19838	Yersinia pestis	E7E569_YERPE	NFKB1_HUMAN	1	632	two hybrid pooling approach	20711500
E7E564	A4D2D6	Yersinia pestis	E7E564_YERPE	A4D2D6_HUMAN	1	632	two hybrid pooling approach	20711500
Q7CKW7	Q6FHZ7	Yersinia pestis	Q7CKW7_YERPE	Q6FHZ7_HUMAN	1	632	two hybrid pooling approach	20711500
Q8ZHG8	Q5W009	Yersinia pestis	SPEA_YERPE	Q5W009_HUMAN	1	632	two hybrid pooling approach	20711500
Q8ZEL7	A4D0U5	Yersinia pestis	DADA_YERPE	A4D0U5_HUMAN	1	632	two hybrid pooling approach	20711500
Q8ZCW0	Q548T7	Yersinia pestis	MDTB_YERPE	Q548T7_HUMAN	1	632	two hybrid pooling approach	20711500
E7E587	Q30154	Yersinia pestis	E7E587_YERPE	DRB5_HUMAN	1	632	two hybrid pooling approach	20711500
Q7CFN3	F1D8R8	Yersinia pestis	Q7CFN3_YERPE	F1D8R8_HUMAN	1	632	two hybrid pooling approach	20711500
Q8ZIH1	D0PNI1	Yersinia pestis	LEUD_YERPE	D0PNI1_HUMAN	1	632	two hybrid pooling approach	20711500
Q8D1P4	Q5JPT6	Yersinia pestis	Q8D1P4_YERPE	Q5JPT6_HUMAN	1	632	two hybrid pooling approach	20711500
Q8D131	A8K3M3	Yersinia pestis	Q8D131_YERPE	A8K3M3_HUMAN	1	632	two hybrid pooling approach	20711500
E7E585	Q6P2H3	Yersinia pestis	E7E585_YERPE	CEP85_HUMAN	1	632	two hybrid pooling approach	20711500
Q7CFR7	A4D0U5	Yersinia pestis	Q7CFR7_YERPE	A4D0U5_HUMAN	1	632	two hybrid pooling approach	20711500
E7E570	P30043	Yersinia pestis	E7E570_YERPE	BLVRB_HUMAN	1	632	two hybrid pooling approach	20711500
Q7CHR2	F1D8N4	Yersinia pestis	Q7CHR2_YERPE	F1D8N4_HUMAN	1	632	two hybrid pooling approach	20711500
Q8CL55	E5KRP5	Yersinia pestis	Q8CL55_YERPE	E5KRP5_HUMAN	1	632	two hybrid pooling approach	20711500
Q8CZY2	E9KL35	Yersinia pestis	Q8CZY2_YERPE	E9KL35_HUMAN	1	632	two hybrid pooling approach	20711500
E7E587	Q86YT9	Yersinia pestis	E7E587_YERPE	JAML_HUMAN	1	632	two hybrid pooling approach	20711500
E7E587	P67809	Yersinia pestis	E7E587_YERPE	YBOX1_HUMAN	1	632	two hybrid pooling approach	20711500
Q7CG96	O95857	Yersinia pestis	Q7CG96_YERPE	TSN13_HUMAN	1	632	two hybrid pooling approach	20711500
E7E586	P26599	Yersinia pestis	E7E586_YERPE	PTBP1_HUMAN	1	632	two hybrid pooling approach	20711500
E7E570	Q68CP9	Yersinia pestis	E7E570_YERPE	ARID2_HUMAN	1	632	two hybrid pooling approach	20711500
Q8CL89	B0UXD8	Yersinia pestis	Q8CL89_YERPE	B0UXD8_HUMAN	1	632	two hybrid pooling approach	20711500
Q8CZR4	E9KL35	Yersinia pestis	Q8CZR4_YERPE	E9KL35_HUMAN	1	632	two hybrid pooling approach	20711500
Q7CJG2	B4DJ51	Yersinia pestis	Q7CJG2_YERPE	B4DJ51_HUMAN	1	632	two hybrid pooling approach	20711500
E7E570	P49796	Yersinia pestis	E7E570_YERPE	RGS3_HUMAN	1	632	two hybrid pooling approach	20711500
Q7CIQ1	Q5JPT6	Yersinia pestis	Q7CIQ1_YERPE	Q5JPT6_HUMAN	1	632	two hybrid pooling approach	20711500
Q8CZW5	B2RB89	Yersinia pestis	Q8CZW5_YERPE	B2RB89_HUMAN	1	632	two hybrid pooling approach	20711500
Q8CZL1	A4D1B1	Yersinia pestis	Q8CZL1_YERPE	A4D1B1_HUMAN	1	632	two hybrid pooling approach	20711500
E7E587	Q9NUU7	Yersinia pestis	E7E587_YERPE	DD19A_HUMAN	1	632	two hybrid pooling approach	20711500
E7E587	Q6ZSB9	Yersinia pestis	E7E587_YERPE	ZBT49_HUMAN	1	632	two hybrid pooling approach	20711500
E7E587	Q49A13	Yersinia pestis	E7E587_YERPE	Q49A13_HUMAN	1	632	two hybrid pooling approach	20711500
E7E586	P01912	Yersinia pestis	E7E586_YERPE	2B13_HUMAN	1	632	two hybrid pooling approach	20711500
Q7CH40	B9A6K1	Yersinia pestis	GRPE_YERPE	B9A6K1_HUMAN	1	632	two hybrid pooling approach	20711500
E7E587	Q14192	Yersinia pestis	E7E587_YERPE	FHL2_HUMAN	1	632	two hybrid pooling approach	20711500
E7E570	P37275	Yersinia pestis	E7E570_YERPE	ZEB1_HUMAN	1	632	two hybrid pooling approach	20711500
Q7ARD3	B1ALW7	Yersinia pestis	Q7ARD3_YERPE	B1ALW7_HUMAN	1	632	two hybrid pooling approach	20711500
Q7ARN6	A4D2P1	Yersinia pestis	Q7ARN6_YERPE	A4D2P1_HUMAN	1	632	two hybrid pooling approach	20711500
Q7ARD3	D0EI67	Yersinia pestis	Q7ARD3_YERPE	D0EI67_HUMAN	1	632	two hybrid pooling approach	20711500
Q7ARD3	B2R9N9	Yersinia pestis	Q7ARD3_YERPE	B2R9N9_HUMAN	1	632	two hybrid pooling approach	20711500
Q7ARD3	Q3ZTS7	Yersinia pestis	Q7ARD3_YERPE	Q3ZTS7_HUMAN	1	632	two hybrid pooling approach	20711500
Q74YG8	Q6PKC3	Yersinia pestis	Q74YG8_YERPE	TXD11_HUMAN	1	632	two hybrid pooling approach	20711500
Q7ARD3	A4D0U5	Yersinia pestis	Q7ARD3_YERPE	A4D0U5_HUMAN	1	632	two hybrid pooling approach	20711500
Q9RID8	A8K7B7	Yersinia pestis	Q9RID8_YERPE	A8K7B7_HUMAN	1	632	two hybrid pooling approach	20711500
Q7ARD3	Q9UHQ1	Yersinia pestis	Q7ARD3_YERPE	NARF_HUMAN	1	632	two hybrid pooling approach	20711500
Q8ZBQ3	Q14671	Yersinia pestis	MUTS_YERPE	PUM1_HUMAN	1	632	two hybrid pooling approach	20711500
Q8ZA84	Q14671	Yersinia pestis	CAPP_YERPE	PUM1_HUMAN	1	632	two hybrid pooling approach	20711500
Q8D097	Q14318	Yersinia pestis	Q8D097_YERPE	FKBP8_HUMAN	1	632	two hybrid pooling approach	20711500
Q8ZIY9	Q14318	Yersinia pestis	DSBD_YERPE	FKBP8_HUMAN	1	632	two hybrid pooling approach	20711500
Q7CH90	O00154	Yersinia pestis	Q7CH90_YERPE	BACH_HUMAN	1	632	two hybrid pooling approach	20711500
Q7CJF5	A0A1L1M261	Yersinia pestis	Q7CJF5_YERPE	A0A1L1M261_HUMAN	1	632	two hybrid pooling approach	20711500
P69974	A0A1L1M261	Yersinia pestis	YSCK_YERPE	A0A1L1M261_HUMAN	1	632	two hybrid pooling approach	20711500
P17778	A0A1L1M261	Yersinia pestis	YOPM_YERPE	A0A1L1M261_HUMAN	1	632	two hybrid pooling approach	20711500
Q8CZU2	A0A1L1M261	Yersinia pestis	Q8CZU2_YERPE	A0A1L1M261_HUMAN	1	632	two hybrid pooling approach	20711500
Q8D0F7	A0A1L1M261	Yersinia pestis	Q8D0F7_YERPE	A0A1L1M261_HUMAN	1	632	two hybrid pooling approach	20711500
Q7CGU0	A0A1L1M261	Yersinia pestis	Q7CGU0_YERPE	A0A1L1M261_HUMAN	1	632	two hybrid pooling approach	20711500
Q8ZA84	A0A1L1M261	Yersinia pestis	CAPP_YERPE	A0A1L1M261_HUMAN	1	632	two hybrid pooling approach	20711500
Q7CG08	E5KR06	Yersinia pestis	Q7CG08_YERPE	E5KR06_HUMAN	1	632	two hybrid pooling approach	20711500
P68590	A2I2N5	Yersinia pestis	YSCH_YERPE	A2I2N5_HUMAN	1	632	two hybrid pooling approach	20711500
P69961	A4D2D6	Yersinia pestis	LCRS_YERPE	A4D2D6_HUMAN	1	632	two hybrid pooling approach	20711500
Q7CFV7	E5KR06	Yersinia pestis	Q7CFV7_YERPE	E5KR06_HUMAN	1	632	two hybrid pooling approach	20711500
Q8D0P4	P0DJD1	Yersinia pestis	Q8D0P4_YERPE	RGPD2_HUMAN	1	632	two hybrid pooling approach	20711500
Q7CJG2	P62158	Yersinia pestis	Q7CJG2_YERPE	CALM_HUMAN	1	632	two hybrid pooling approach	20711500
P17778	P62158	Yersinia pestis	YOPM_YERPE	CALM_HUMAN	1	632	two hybrid pooling approach	20711500
Q8D0C8	Q6NXR2	Yersinia pestis	Q8D0C8_YERPE	ST3L2_HUMAN	1	632	two hybrid pooling approach	20711500
Q7CIY7	P08107	Yersinia pestis	Q7CIY7_YERPE	HS71B_HUMAN	1	632	two hybrid pooling approach	20711500
Q7CJG2	P08107	Yersinia pestis	Q7CJG2_YERPE	HS71B_HUMAN	1	632	two hybrid pooling approach	20711500
Q0WBF9	P08107	Yersinia pestis	PNP_YERPE	HS71B_HUMAN	1	632	two hybrid pooling approach	20711500
Q7CGH9	P08107	Yersinia pestis	Q7CGH9_YERPE	HS71B_HUMAN	1	632	two hybrid pooling approach	20711500
Q8D0P4	Q68DN6	Yersinia pestis	Q8D0P4_YERPE	RGPD2_HUMAN	1	632	two hybrid pooling approach	20711500
Q8ZIQ4	P08107	Yersinia pestis	DEOC2_YERPE	HS71B_HUMAN	1	632	two hybrid pooling approach	20711500
P15917	P53618	Bacillus anthracis	LEF_BACAN	COPB_HUMAN	2	1392	anti bait coimmunoprecipitation;pull down	18356299
P15917	P61923	Bacillus anthracis	LEF_BACAN	COPZ1_HUMAN	2	1392	anti bait coimmunoprecipitation;pull down	18356299
P13423	Q9H6X2	Bacillus anthracis	PAG_BACAN	ANTR1_HUMAN	4	1392	enzyme linked immunosorbent assay;experimental interaction detection;fluorescence-activated cell sorting;pull down	14507921;16762926
P13423	P58335	Bacillus anthracis	PAG_BACAN	ANTR2_HUMAN	5	1392	fluorescent resonance energy transfer;isothermal titration calorimetry;surface plasmon resonance;x-ray crystallography	15044490;15243628;15326297
Q81Z75	Q92736	Bacillus anthracis	Q81Z75_BACAN	RYR2_HUMAN	1	1392	two hybrid pooling approach	20711500
Q81SC4	P52907	Bacillus anthracis	Q81SC4_BACAN	CAZA1_HUMAN	1	1392	two hybrid pooling approach	20711500
Q81VF6	Q9Y2F9	Bacillus anthracis	Q81VF6_BACAN	BTBD3_HUMAN	1	1392	two hybrid pooling approach	20711500
Q81S67	P49795	Bacillus anthracis	Q81S67_BACAN	RGS19_HUMAN	1	1392	two hybrid pooling approach	20711500
Q81RK3	Q8IV08	Bacillus anthracis	Q81RK3_BACAN	PLD3_HUMAN	1	1392	two hybrid pooling approach	20711500
Q81VW3	P07332	Bacillus anthracis	SYK_BACAN	FES_HUMAN	1	1392	two hybrid pooling approach	20711500
Q81XC3	Q9P1Z2	Bacillus anthracis	Q81XC3_BACAN	CACO1_HUMAN	1	1392	two hybrid pooling approach	20711500
Q81V12	Q9Y3C5	Bacillus anthracis	Q81V12_BACAN	RNF11_HUMAN	1	1392	two hybrid pooling approach	20711500
Q81VY7	P20339	Bacillus anthracis	Q81VY7_BACAN	RAB5A_HUMAN	1	1392	two hybrid pooling approach	20711500
Q81Z98	P41222	Bacillus anthracis	Q81Z98_BACAN	PTGDS_HUMAN	1	1392	two hybrid pooling approach	20711500
Q81R24	P13693	Bacillus anthracis	Q81R24_BACAN	TCTP_HUMAN	1	1392	two hybrid pooling approach	20711500
Q81ST3	Q7Z3K3	Bacillus anthracis	PANB_BACAN	POGZ_HUMAN	1	1392	two hybrid pooling approach	20711500
Q81Y62	P19838	Bacillus anthracis	Q81Y62_BACAN	NFKB1_HUMAN	1	1392	two hybrid pooling approach	20711500
Q81QV1	O60664	Bacillus anthracis	Q81QV1_BACAN	PLIN3_HUMAN	1	1392	two hybrid pooling approach	20711500
Q81LD0	P17931	Bacillus anthracis	GSA2_BACAN	LEG3_HUMAN	1	1392	two hybrid pooling approach	20711500
Q81TR0	Q86VP1	Bacillus anthracis	Q81TR0_BACAN	TAXB1_HUMAN	1	1392	two hybrid pooling approach	20711500
Q81QV1	O15126	Bacillus anthracis	Q81QV1_BACAN	SCAM1_HUMAN	1	1392	two hybrid pooling approach	20711500
Q81KQ8	P19838	Bacillus anthracis	Q81KQ8_BACAN	NFKB1_HUMAN	1	1392	two hybrid pooling approach	20711500
Q81M57	O14964	Bacillus anthracis	Q81M57_BACAN	HGS_HUMAN	1	1392	two hybrid pooling approach	20711500
Q81NH4	Q96AE4	Bacillus anthracis	Q81NH4_BACAN	FUBP1_HUMAN	1	1392	two hybrid pooling approach	20711500
Q81Z52	Q02447	Bacillus anthracis	Q81Z52_BACAN	SP3_HUMAN	1	1392	two hybrid pooling approach	20711500
Q81SN0	Q96T58	Bacillus anthracis	Q81SN0_BACAN	MINT_HUMAN	1	1392	two hybrid pooling approach	20711500
Q81VV7	O14964	Bacillus anthracis	DISA_BACAN	HGS_HUMAN	1	1392	two hybrid pooling approach	20711500
Q81SN0	P46379	Bacillus anthracis	Q81SN0_BACAN	BAG6_HUMAN	1	1392	two hybrid pooling approach	20711500
Q81SN0	Q7Z3K3	Bacillus anthracis	Q81SN0_BACAN	POGZ_HUMAN	1	1392	two hybrid pooling approach	20711500
Q81VV7	Q9UL45	Bacillus anthracis	DISA_BACAN	BL1S6_HUMAN	1	1392	two hybrid pooling approach	20711500
Q81KT8	Q96BD5	Bacillus anthracis	EZRA_BACAN	PF21A_HUMAN	1	1392	two hybrid pooling approach	20711500
Q81Q14	Q00987	Bacillus anthracis	Q81Q14_BACAN	MDM2_HUMAN	1	1392	two hybrid pooling approach	20711500
Q81V48	Q8N2S1	Bacillus anthracis	Q81V48_BACAN	LTBP4_HUMAN	1	1392	two hybrid pooling approach	20711500
Q81SN0	Q86T24	Bacillus anthracis	Q81SN0_BACAN	KAISO_HUMAN	1	1392	two hybrid pooling approach	20711500
Q81PF8	Q9HCC8	Bacillus anthracis	Q81PF8_BACAN	GDPD2_HUMAN	1	1392	two hybrid pooling approach	20711500
Q81V90	Q7L513	Bacillus anthracis	Q81V90_BACAN	FCRLA_HUMAN	1	1392	two hybrid pooling approach	20711500
Q81QQ0	Q14232	Bacillus anthracis	Q81QQ0_BACAN	EI2BA_HUMAN	1	1392	two hybrid pooling approach	20711500
Q81S56	Q15700	Bacillus anthracis	Q81S56_BACAN	DLG2_HUMAN	1	1392	two hybrid pooling approach	20711500
Q81UM1	P09871	Bacillus anthracis	Q81UM1_BACAN	C1S_HUMAN	1	1392	two hybrid pooling approach	20711500
Q81QV1	P53365	Bacillus anthracis	Q81QV1_BACAN	ARFP2_HUMAN	1	1392	two hybrid pooling approach	20711500
Q81NA2	Q5VYS8	Bacillus anthracis	Q81NA2_BACAN	TUT7_HUMAN	1	1392	two hybrid pooling approach	20711500
Q81JF5	Q8TEL6	Bacillus anthracis	Q81JF5_BACAN	TP4AP_HUMAN	1	1392	two hybrid pooling approach	20711500
Q81M78	Q99961	Bacillus anthracis	Q81M78_BACAN	SH3G1_HUMAN	1	1392	two hybrid pooling approach	20711500
Q81UL0	Q6NUQ1	Bacillus anthracis	Q81UL0_BACAN	RINT1_HUMAN	1	1392	two hybrid pooling approach	20711500
Q81SP6	Q7Z3K3	Bacillus anthracis	Q81SP6_BACAN	POGZ_HUMAN	1	1392	two hybrid pooling approach	20711500
Q81LB8	P12955	Bacillus anthracis	TIG_BACAN	PEPD_HUMAN	1	1392	two hybrid pooling approach	20711500
Q81X81	O00151	Bacillus anthracis	Q81X81_BACAN	PDLI1_HUMAN	1	1392	two hybrid pooling approach	20711500
Q81L02	P30101	Bacillus anthracis	Q81L02_BACAN	PDIA3_HUMAN	1	1392	two hybrid pooling approach	20711500
Q81T33	Q8WUM4	Bacillus anthracis	Q81T33_BACAN	PDC6I_HUMAN	1	1392	two hybrid pooling approach	20711500
Q81YP2	P55209	Bacillus anthracis	Q81YP2_BACAN	NP1L1_HUMAN	1	1392	two hybrid pooling approach	20711500
Q81S27	P19838	Bacillus anthracis	ILVC2_BACAN	NFKB1_HUMAN	1	1392	two hybrid pooling approach	20711500
Q81MI9	P17931	Bacillus anthracis	MTND_BACAN	LEG3_HUMAN	1	1392	two hybrid pooling approach	20711500
Q81L32	Q07666	Bacillus anthracis	SYN_BACAN	KHDR1_HUMAN	1	1392	two hybrid pooling approach	20711500
Q81UJ3	Q96RW7	Bacillus anthracis	Q81UJ3_BACAN	HMCN1_HUMAN	1	1392	two hybrid pooling approach	20711500
Q81UD8	Q9Y2H6	Bacillus anthracis	Q81UD8_BACAN	FND3A_HUMAN	1	1392	two hybrid pooling approach	20711500
Q81LP0	Q14192	Bacillus anthracis	Q81LP0_BACAN	FHL2_HUMAN	1	1392	two hybrid pooling approach	20711500
Q81U00	Q7Z4H7	Bacillus anthracis	Q81U00_BACAN	HAUS6_HUMAN	1	1392	two hybrid pooling approach	20711500
Q81TT4	Q96NT0	Bacillus anthracis	CLPB_BACAN	CC115_HUMAN	1	1392	two hybrid pooling approach	20711500
Q81LQ0	P61769	Bacillus anthracis	Q81LQ0_BACAN	B2MG_HUMAN	1	1392	two hybrid pooling approach	20711500
Q81WF3	Q9Y2Z4	Bacillus anthracis	PYRK_BACAN	SYYM_HUMAN	1	1392	two hybrid pooling approach	20711500
Q6F051	Q14765	Bacillus anthracis	Q6F051_BACAN	STAT4_HUMAN	1	1392	two hybrid pooling approach	20711500
Q6KM77	Q8TAQ2	Bacillus anthracis	Q6KM77_BACAN	SMRC2_HUMAN	1	1392	two hybrid pooling approach	20711500
Q81Y62	O94979	Bacillus anthracis	Q81Y62_BACAN	SC31A_HUMAN	1	1392	two hybrid pooling approach	20711500
Q81RJ7	Q9HA92	Bacillus anthracis	Q81RJ7_BACAN	RSAD1_HUMAN	1	1392	two hybrid pooling approach	20711500
Q81QG7	Q5R372	Bacillus anthracis	Q81QG7_BACAN	RBG1L_HUMAN	1	1392	two hybrid pooling approach	20711500
Q81X77	Q9NXJ9	Bacillus anthracis	GPMI_BACAN	Q9NXJ9_HUMAN	1	1392	two hybrid pooling approach	20711500
Q81ZF0	P47974	Bacillus anthracis	Q81ZF0_BACAN	TISD_HUMAN	1	1392	two hybrid pooling approach	20711500
Q81VG6	Q96BD5	Bacillus anthracis	Q81VG6_BACAN	PF21A_HUMAN	1	1392	two hybrid pooling approach	20711500
Q81PH5	P19838	Bacillus anthracis	Q81PH5_BACAN	NFKB1_HUMAN	1	1392	two hybrid pooling approach	20711500
Q81TB0	O75376	Bacillus anthracis	Q81TB0_BACAN	NCOR1_HUMAN	1	1392	two hybrid pooling approach	20711500
Q81X58	Q9Y6Q9	Bacillus anthracis	Q81X58_BACAN	NCOA3_HUMAN	1	1392	two hybrid pooling approach	20711500
Q81ML9	Q04900	Bacillus anthracis	Q81ML9_BACAN	MUC24_HUMAN	1	1392	two hybrid pooling approach	20711500
Q81Z89	P14618	Bacillus anthracis	Q81Z89_BACAN	KPYM_HUMAN	1	1392	two hybrid pooling approach	20711500
Q81UH0	Q14154	Bacillus anthracis	Q81UH0_BACAN	DELE_HUMAN	1	1392	two hybrid pooling approach	20711500
Q81YG8	P04233	Bacillus anthracis	Q81YG8_BACAN	HG2A_HUMAN	1	1392	two hybrid pooling approach	20711500
Q81R83	Q14192	Bacillus anthracis	Y2173_BACAN	FHL2_HUMAN	1	1392	two hybrid pooling approach	20711500
Q81N73	Q9C005	Bacillus anthracis	Q81N73_BACAN	DPY30_HUMAN	1	1392	two hybrid pooling approach	20711500
Q81TY6	Q99828	Bacillus anthracis	Q81TY6_BACAN	CIB1_HUMAN	1	1392	two hybrid pooling approach	20711500
Q81WE9	P17028	Bacillus anthracis	PYRB_BACAN	ZNF24_HUMAN	1	1392	two hybrid pooling approach	20711500
Q81T30	P15822	Bacillus anthracis	Q81T30_BACAN	ZEP1_HUMAN	1	1392	two hybrid pooling approach	20711500
Q81SN0	Q9H4A3	Bacillus anthracis	Q81SN0_BACAN	WNK1_HUMAN	1	1392	two hybrid pooling approach	20711500
Q81MN9	Q15006	Bacillus anthracis	PPK_BACAN	EMC2_HUMAN	1	1392	two hybrid pooling approach	20711500
Q81Q87	Q8NDV7	Bacillus anthracis	Q81Q87_BACAN	TNR6A_HUMAN	1	1392	two hybrid pooling approach	20711500
Q81U40	Q9BYB0	Bacillus anthracis	Q81U40_BACAN	SHAN3_HUMAN	1	1392	two hybrid pooling approach	20711500
Q81NS9	O00560	Bacillus anthracis	Q81NS9_BACAN	SDCB1_HUMAN	1	1392	two hybrid pooling approach	20711500
Q81NP8	Q9UQC1	Bacillus anthracis	Q81NP8_BACAN	Q9UQC1_HUMAN	1	1392	two hybrid pooling approach	20711500
Q81TH2	Q9C099	Bacillus anthracis	Q81TH2_BACAN	LRCC1_HUMAN	1	1392	two hybrid pooling approach	20711500
Q81L10	Q4VAK3	Bacillus anthracis	NRDR_BACAN	Q4VAK3_HUMAN	1	1392	two hybrid pooling approach	20711500
Q81WC4	P62195	Bacillus anthracis	FTSL_BACAN	PRS8_HUMAN	1	1392	two hybrid pooling approach	20711500
Q81N92	Q7Z3K3	Bacillus anthracis	Q81N92_BACAN	POGZ_HUMAN	1	1392	two hybrid pooling approach	20711500
Q81MC5	Q13438	Bacillus anthracis	Q81MC5_BACAN	OS9_HUMAN	1	1392	two hybrid pooling approach	20711500
Q81MB6	P19838	Bacillus anthracis	RIBBA_BACAN	NFKB1_HUMAN	1	1392	two hybrid pooling approach	20711500
Q81YV1	P19838	Bacillus anthracis	Q81YV1_BACAN	NFKB1_HUMAN	1	1392	two hybrid pooling approach	20711500
Q81Z00	O75592	Bacillus anthracis	Q81Z00_BACAN	MYCB2_HUMAN	1	1392	two hybrid pooling approach	20711500
Q81PD4	Q16584	Bacillus anthracis	Q81PD4_BACAN	M3K11_HUMAN	1	1392	two hybrid pooling approach	20711500
Q81MX7	P14618	Bacillus anthracis	Q81MX7_BACAN	KPYM_HUMAN	1	1392	two hybrid pooling approach	20711500
Q81TT4	Q9UBW5	Bacillus anthracis	CLPB_BACAN	BIN2_HUMAN	1	1392	two hybrid pooling approach	20711500
Q81S73	P46379	Bacillus anthracis	Q81S73_BACAN	BAG6_HUMAN	1	1392	two hybrid pooling approach	20711500
Q81R83	O94973	Bacillus anthracis	Y2173_BACAN	AP2A2_HUMAN	1	1392	two hybrid pooling approach	20711500
Q81TL8	P04275	Bacillus anthracis	TRPB_BACAN	VWF_HUMAN	1	1392	two hybrid pooling approach	20711500
Q81KQ8	Q6PKC3	Bacillus anthracis	Q81KQ8_BACAN	TXD11_HUMAN	1	1392	two hybrid pooling approach	20711500
Q81SN0	O94842	Bacillus anthracis	Q81SN0_BACAN	TOX4_HUMAN	1	1392	two hybrid pooling approach	20711500
Q81MY7	Q96PV0	Bacillus anthracis	Q81MY7_BACAN	SYGP1_HUMAN	1	1392	two hybrid pooling approach	20711500
P13423	Q4FZB7	Bacillus anthracis	PAG_BACAN	KMT5B_HUMAN	1	1392	two hybrid pooling approach	20711500
Q81V12	O95793	Bacillus anthracis	Q81V12_BACAN	STAU1_HUMAN	1	1392	two hybrid pooling approach	20711500
Q81M57	Q92922	Bacillus anthracis	Q81M57_BACAN	SMRC1_HUMAN	1	1392	two hybrid pooling approach	20711500
Q81TW1	Q9NTJ3	Bacillus anthracis	ADDA_BACAN	SMC4_HUMAN	1	1392	two hybrid pooling approach	20711500
Q81SN0	O00560	Bacillus anthracis	Q81SN0_BACAN	SDCB1_HUMAN	1	1392	two hybrid pooling approach	20711500
Q81S07	O00560	Bacillus anthracis	Q81S07_BACAN	SDCB1_HUMAN	1	1392	two hybrid pooling approach	20711500
Q81JS6	O00560	Bacillus anthracis	Q81JS6_BACAN	SDCB1_HUMAN	1	1392	two hybrid pooling approach	20711500
Q6F051	Q5TB80	Bacillus anthracis	Q6F051_BACAN	CE162_HUMAN	1	1392	two hybrid pooling approach	20711500
P13423	Q9UQC1	Bacillus anthracis	PAG_BACAN	Q9UQC1_HUMAN	1	1392	two hybrid pooling approach	20711500
Q81MT6	P04440	Bacillus anthracis	Q81MT6_BACAN	DPB1_HUMAN	1	1392	two hybrid pooling approach	20711500
Q81QV1	O60831	Bacillus anthracis	Q81QV1_BACAN	PRAF2_HUMAN	1	1392	two hybrid pooling approach	20711500
Q6KMJ2	P57721	Bacillus anthracis	Q6KMJ2_BACAN	PCBP3_HUMAN	1	1392	two hybrid pooling approach	20711500
Q81QQ9	Q96P16	Bacillus anthracis	Q81QQ9_BACAN	RPR1A_HUMAN	1	1392	two hybrid pooling approach	20711500
Q81YE8	P19838	Bacillus anthracis	Q81YE8_BACAN	NFKB1_HUMAN	1	1392	two hybrid pooling approach	20711500
Q6EZZ9	P19838	Bacillus anthracis	Q6EZZ9_BACAN	NFKB1_HUMAN	1	1392	two hybrid pooling approach	20711500
Q81SW4	Q13772	Bacillus anthracis	SP4A_BACAN	NCOA4_HUMAN	1	1392	two hybrid pooling approach	20711500
Q81XC3	Q13503	Bacillus anthracis	Q81XC3_BACAN	MED21_HUMAN	1	1392	two hybrid pooling approach	20711500
Q81VW1	Q8NHL6	Bacillus anthracis	Q81VW1_BACAN	LIRB1_HUMAN	1	1392	two hybrid pooling approach	20711500
Q81WX2	Q9Y219	Bacillus anthracis	Q81WX2_BACAN	JAG2_HUMAN	1	1392	two hybrid pooling approach	20711500
Q81SN0	O43464	Bacillus anthracis	Q81SN0_BACAN	HTRA2_HUMAN	1	1392	two hybrid pooling approach	20711500
Q81S26	P30511	Bacillus anthracis	ILVD_BACAN	HLAF_HUMAN	1	1392	two hybrid pooling approach	20711500
Q81KT8	Q8IWJ2	Bacillus anthracis	EZRA_BACAN	GCC2_HUMAN	1	1392	two hybrid pooling approach	20711500
Q81L03	O60861	Bacillus anthracis	Q81L03_BACAN	GAS7_HUMAN	1	1392	two hybrid pooling approach	20711500
Q81SN0	P32519	Bacillus anthracis	Q81SN0_BACAN	ELF1_HUMAN	1	1392	two hybrid pooling approach	20711500
Q81X84	Q6P2E9	Bacillus anthracis	Q81X84_BACAN	EDC4_HUMAN	1	1392	two hybrid pooling approach	20711500
Q81VX5	O00273	Bacillus anthracis	Q81VX5_BACAN	DFFA_HUMAN	1	1392	two hybrid pooling approach	20711500
Q81JT7	P35222	Bacillus anthracis	SYR1_BACAN	CTNB1_HUMAN	1	1392	two hybrid pooling approach	20711500
Q81KW2	Q9Y224	Bacillus anthracis	Q81KW2_BACAN	CN166_HUMAN	1	1392	two hybrid pooling approach	20711500
Q81QV1	Q9NX76	Bacillus anthracis	Q81QV1_BACAN	CKLF6_HUMAN	1	1392	two hybrid pooling approach	20711500
Q81WE4	Q96JB5	Bacillus anthracis	SYI1_BACAN	CK5P3_HUMAN	1	1392	two hybrid pooling approach	20711500
Q81WM3	Q9HCK8	Bacillus anthracis	IF2_BACAN	CHD8_HUMAN	1	1392	two hybrid pooling approach	20711500
Q81SN0	O43747	Bacillus anthracis	Q81SN0_BACAN	AP1G1_HUMAN	1	1392	two hybrid pooling approach	20711500
Q81KT8	Q8TED9	Bacillus anthracis	EZRA_BACAN	AF1L1_HUMAN	1	1392	two hybrid pooling approach	20711500
Q81ZE2	Q9Y6X8	Bacillus anthracis	Q81ZE2_BACAN	ZHX2_HUMAN	1	1392	two hybrid pooling approach	20711500
Q81U00	Q9Y6X8	Bacillus anthracis	Q81U00_BACAN	ZHX2_HUMAN	1	1392	two hybrid pooling approach	20711500
Q81QN9	Q9Y6X8	Bacillus anthracis	Q81QN9_BACAN	ZHX2_HUMAN	1	1392	two hybrid pooling approach	20711500
Q81V90	O60315	Bacillus anthracis	Q81V90_BACAN	ZEB2_HUMAN	1	1392	two hybrid pooling approach	20711500
Q81QB9	Q8IXZ2	Bacillus anthracis	Q81QB9_BACAN	ZC3H3_HUMAN	1	1392	two hybrid pooling approach	20711500
Q81YE8	Q9H4A3	Bacillus anthracis	Q81YE8_BACAN	WNK1_HUMAN	1	1392	two hybrid pooling approach	20711500
Q81RT7	Q9UH99	Bacillus anthracis	Q81RT7_BACAN	SUN2_HUMAN	1	1392	two hybrid pooling approach	20711500
Q81M11	Q96RL1	Bacillus anthracis	Q81M11_BACAN	UIMC1_HUMAN	1	1392	two hybrid pooling approach	20711500
Q81U80	Q9NQB0	Bacillus anthracis	Q81U80_BACAN	TF7L2_HUMAN	1	1392	two hybrid pooling approach	20711500
Q81LD0	Q9NQB0	Bacillus anthracis	GSA2_BACAN	TF7L2_HUMAN	1	1392	two hybrid pooling approach	20711500
Q81TD1	O95793	Bacillus anthracis	Q81TD1_BACAN	STAU1_HUMAN	1	1392	two hybrid pooling approach	20711500
Q81XR7	O00267	Bacillus anthracis	Q81XR7_BACAN	SPT5H_HUMAN	1	1392	two hybrid pooling approach	20711500
Q81ZA2	Q96R06	Bacillus anthracis	Q81ZA2_BACAN	SPAG5_HUMAN	1	1392	two hybrid pooling approach	20711500
Q81K14	Q9UNH7	Bacillus anthracis	Q81K14_BACAN	SNX6_HUMAN	1	1392	two hybrid pooling approach	20711500
Q81KT8	O95721	Bacillus anthracis	EZRA_BACAN	SNP29_HUMAN	1	1392	two hybrid pooling approach	20711500
Q81VV9	Q9UQE7	Bacillus anthracis	Q81VV9_BACAN	SMC3_HUMAN	1	1392	two hybrid pooling approach	20711500
Q81NG1	Q14242	Bacillus anthracis	Q81NG1_BACAN	SELPL_HUMAN	1	1392	two hybrid pooling approach	20711500
Q81UK2	O00560	Bacillus anthracis	Q81UK2_BACAN	SDCB1_HUMAN	1	1392	two hybrid pooling approach	20711500
Q6F051	Q9NQZ2	Bacillus anthracis	Q6F051_BACAN	SAS10_HUMAN	1	1392	two hybrid pooling approach	20711500
Q81VM2	Q15276	Bacillus anthracis	METN1_BACAN	RABE1_HUMAN	1	1392	two hybrid pooling approach	20711500
Q81JM0	Q9UK73	Bacillus anthracis	Q81JM0_BACAN	FEM1B_HUMAN	1	1392	two hybrid pooling approach	20711500
Q81KT8	Q9H799	Bacillus anthracis	EZRA_BACAN	CE042_HUMAN	1	1392	two hybrid pooling approach	20711500
Q81U51	Q8NDN9	Bacillus anthracis	Q81U51_BACAN	RCBT1_HUMAN	1	1392	two hybrid pooling approach	20711500
Q81XC3	Q9BVL2	Bacillus anthracis	Q81XC3_BACAN	NUP58_HUMAN	1	1392	two hybrid pooling approach	20711500
Q81Y15	Q9NYI0	Bacillus anthracis	Q81Y15_BACAN	PSD3_HUMAN	1	1392	two hybrid pooling approach	20711500
Q81XS7	P55786	Bacillus anthracis	Q81XS7_BACAN	PSA_HUMAN	1	1392	two hybrid pooling approach	20711500
Q81SZ0	P36873	Bacillus anthracis	Q81SZ0_BACAN	PP1G_HUMAN	1	1392	two hybrid pooling approach	20711500
Q81ZA1	O15162	Bacillus anthracis	Q81ZA1_BACAN	PLS1_HUMAN	1	1392	two hybrid pooling approach	20711500
Q81X77	Q16512	Bacillus anthracis	GPMI_BACAN	PKN1_HUMAN	1	1392	two hybrid pooling approach	20711500
Q81NC2	O00151	Bacillus anthracis	Q81NC2_BACAN	PDLI1_HUMAN	1	1392	two hybrid pooling approach	20711500
Q81UK8	O75340	Bacillus anthracis	Q81UK8_BACAN	PDCD6_HUMAN	1	1392	two hybrid pooling approach	20711500
Q81NA3	Q6ZW49	Bacillus anthracis	Q81NA3_BACAN	PAXI1_HUMAN	1	1392	two hybrid pooling approach	20711500
Q81KT8	Q9NP74	Bacillus anthracis	EZRA_BACAN	PALMD_HUMAN	1	1392	two hybrid pooling approach	20711500
Q9X365	P04637	Bacillus anthracis	Q9X365_BACAN	P53_HUMAN	1	1392	two hybrid pooling approach	20711500
Q81ZA2	O00376	Bacillus anthracis	Q81ZA2_BACAN	O00376_HUMAN	1	1392	two hybrid pooling approach	20711500
Q81MN9	Q9UHY1	Bacillus anthracis	PPK_BACAN	NRBP_HUMAN	1	1392	two hybrid pooling approach	20711500
Q81Y98	P20393	Bacillus anthracis	Q81Y98_BACAN	NR1D1_HUMAN	1	1392	two hybrid pooling approach	20711500
Q81VE1	P16083	Bacillus anthracis	CH60_BACAN	NQO2_HUMAN	1	1392	two hybrid pooling approach	20711500
Q81QI2	O75323	Bacillus anthracis	Q81QI2_BACAN	NIPS2_HUMAN	1	1392	two hybrid pooling approach	20711500
Q81LW2	P19838	Bacillus anthracis	Q81LW2_BACAN	NFKB1_HUMAN	1	1392	two hybrid pooling approach	20711500
Q81S14	Q9Y6Q9	Bacillus anthracis	MTAD_BACAN	NCOA3_HUMAN	1	1392	two hybrid pooling approach	20711500
Q81PD4	Q3BBV0	Bacillus anthracis	Q81PD4_BACAN	NBPF1_HUMAN	1	1392	two hybrid pooling approach	20711500
Q81KG0	Q13503	Bacillus anthracis	Q81KG0_BACAN	MED21_HUMAN	1	1392	two hybrid pooling approach	20711500
Q81Y62	P14618	Bacillus anthracis	Q81Y62_BACAN	KPYM_HUMAN	1	1392	two hybrid pooling approach	20711500
Q81JI6	Q92845	Bacillus anthracis	Q81JI6_BACAN	KIFA3_HUMAN	1	1392	two hybrid pooling approach	20711500
Q81SN0	Q6AI39	Bacillus anthracis	Q81SN0_BACAN	GSC1L_HUMAN	1	1392	two hybrid pooling approach	20711500
Q81UZ0	P01857	Bacillus anthracis	Q81UZ0_BACAN	IGHG1_HUMAN	1	1392	two hybrid pooling approach	20711500
Q81NI4	P49773	Bacillus anthracis	Q81NI4_BACAN	HINT1_HUMAN	1	1392	two hybrid pooling approach	20711500
Q81VT8	O00165	Bacillus anthracis	RPOB_BACAN	HAX1_HUMAN	1	1392	two hybrid pooling approach	20711500
Q81XC3	Q9Y4F9	Bacillus anthracis	Q81XC3_BACAN	FA65B_HUMAN	1	1392	two hybrid pooling approach	20711500
Q81Z98	O43491	Bacillus anthracis	Q81Z98_BACAN	E41L2_HUMAN	1	1392	two hybrid pooling approach	20711500
Q81M19	Q9BTC0	Bacillus anthracis	Q81M19_BACAN	DIDO1_HUMAN	1	1392	two hybrid pooling approach	20711500
Q81X12	O75534	Bacillus anthracis	Q81X12_BACAN	CSDE1_HUMAN	1	1392	two hybrid pooling approach	20711500
Q9X2Y1	Q9BPX3	Bacillus anthracis	Q9X2Y1_BACAN	CND3_HUMAN	1	1392	two hybrid pooling approach	20711500
Q81XG9	O00299	Bacillus anthracis	Q81XG9_BACAN	CLIC1_HUMAN	1	1392	two hybrid pooling approach	20711500
Q81LU5	Q9HCM1	Bacillus anthracis	Q81LU5_BACAN	K1551_HUMAN	1	1392	two hybrid pooling approach	20711500
Q81QG7	Q7Z3E2	Bacillus anthracis	Q81QG7_BACAN	CC186_HUMAN	1	1392	two hybrid pooling approach	20711500
Q81N05	P10809	Bacillus anthracis	Q81N05_BACAN	CH60_HUMAN	1	1392	two hybrid pooling approach	20711500
Q81TY3	P00746	Bacillus anthracis	Q81TY3_BACAN	CFAD_HUMAN	1	1392	two hybrid pooling approach	20711500
Q81XY2	Q9Y3M2	Bacillus anthracis	Q81XY2_BACAN	CBY1_HUMAN	1	1392	two hybrid pooling approach	20711500
Q81MZ5	P46379	Bacillus anthracis	Q81MZ5_BACAN	BAG6_HUMAN	1	1392	two hybrid pooling approach	20711500
P13423	P30480	Bacillus anthracis	PAG_BACAN	1B42_HUMAN	1	1392	two hybrid pooling approach	20711500
Q81R82	Q9NRM2	Bacillus anthracis	Q81R82_BACAN	ZN277_HUMAN	1	1392	two hybrid pooling approach	20711500
Q81WY3	Q9ULJ6	Bacillus anthracis	Q81WY3_BACAN	ZMIZ1_HUMAN	1	1392	two hybrid pooling approach	20711500
Q81L03	Q9ULJ6	Bacillus anthracis	Q81L03_BACAN	ZMIZ1_HUMAN	1	1392	two hybrid pooling approach	20711500
Q81NS9	P15822	Bacillus anthracis	Q81NS9_BACAN	ZEP1_HUMAN	1	1392	two hybrid pooling approach	20711500
Q81LF9	P15822	Bacillus anthracis	Q81LF9_BACAN	ZEP1_HUMAN	1	1392	two hybrid pooling approach	20711500
Q81KP7	Q9P0L0	Bacillus anthracis	Q81KP7_BACAN	VAPA_HUMAN	1	1392	two hybrid pooling approach	20711500
Q81ZE1	P46939	Bacillus anthracis	Q81ZE1_BACAN	UTRO_HUMAN	1	1392	two hybrid pooling approach	20711500
Q81PQ4	Q9H3M7	Bacillus anthracis	Q81PQ4_BACAN	TXNIP_HUMAN	1	1392	two hybrid pooling approach	20711500
Q81XV4	Q6PKC3	Bacillus anthracis	Q81XV4_BACAN	TXD11_HUMAN	1	1392	two hybrid pooling approach	20711500
Q81X85	Q6PKC3	Bacillus anthracis	Q81X85_BACAN	TXD11_HUMAN	1	1392	two hybrid pooling approach	20711500
Q81RN5	Q99598	Bacillus anthracis	Q81RN5_BACAN	TSNAX_HUMAN	1	1392	two hybrid pooling approach	20711500
Q81M57	Q99816	Bacillus anthracis	Q81M57_BACAN	TS101_HUMAN	1	1392	two hybrid pooling approach	20711500
Q81MS2	Q15643	Bacillus anthracis	SPEA_BACAN	TRIPB_HUMAN	1	1392	two hybrid pooling approach	20711500
Q81UC9	Q15643	Bacillus anthracis	Q81UC9_BACAN	TRIPB_HUMAN	1	1392	two hybrid pooling approach	20711500
Q81SF2	Q15654	Bacillus anthracis	Q81SF2_BACAN	TRIP6_HUMAN	1	1392	two hybrid pooling approach	20711500
Q81V38	Q8NDV7	Bacillus anthracis	Q81V38_BACAN	TNR6A_HUMAN	1	1392	two hybrid pooling approach	20711500
Q81TZ1	Q8NDV7	Bacillus anthracis	Q81TZ1_BACAN	TNR6A_HUMAN	1	1392	two hybrid pooling approach	20711500
Q81UL0	Q10587	Bacillus anthracis	Q81UL0_BACAN	TEF_HUMAN	1	1392	two hybrid pooling approach	20711500
Q81S59	P14868	Bacillus anthracis	Q81S59_BACAN	SYDC_HUMAN	1	1392	two hybrid pooling approach	20711500
Q81X37	Q9UNK0	Bacillus anthracis	Q81X37_BACAN	STX8_HUMAN	1	1392	two hybrid pooling approach	20711500
Q81NB9	P42226	Bacillus anthracis	Q81NB9_BACAN	STAT6_HUMAN	1	1392	two hybrid pooling approach	20711500
Q81S14	P18583	Bacillus anthracis	MTAD_BACAN	SON_HUMAN	1	1392	two hybrid pooling approach	20711500
Q81KT8	O00560	Bacillus anthracis	EZRA_BACAN	SDCB1_HUMAN	1	1392	two hybrid pooling approach	20711500
Q81ZC9	Q9Y2G9	Bacillus anthracis	Q81ZC9_BACAN	SBNO2_HUMAN	1	1392	two hybrid pooling approach	20711500
Q81NZ1	Q969X0	Bacillus anthracis	Q81NZ1_BACAN	RIPL2_HUMAN	1	1392	two hybrid pooling approach	20711500
Q81TU8	P61586	Bacillus anthracis	Q81TU8_BACAN	RHOA_HUMAN	1	1392	two hybrid pooling approach	20711500
Q81UK2	P49796	Bacillus anthracis	Q81UK2_BACAN	RGS3_HUMAN	1	1392	two hybrid pooling approach	20711500
Q81RC8	Q9P0K7	Bacillus anthracis	Q81RC8_BACAN	RAI14_HUMAN	1	1392	two hybrid pooling approach	20711500
Q81L49	Q5TB80	Bacillus anthracis	Q81L49_BACAN	CE162_HUMAN	1	1392	two hybrid pooling approach	20711500
Q81KQ7	Q7Z7A1	Bacillus anthracis	Q81KQ7_BACAN	CNTRL_HUMAN	1	1392	two hybrid pooling approach	20711500
Q81T35	Q9UK73	Bacillus anthracis	Q81T35_BACAN	FEM1B_HUMAN	1	1392	two hybrid pooling approach	20711500
Q81US6	Q9UIL1	Bacillus anthracis	Q81US6_BACAN	SCOC_HUMAN	1	1392	two hybrid pooling approach	20711500
Q81XC3	Q96LM7	Bacillus anthracis	Q81XC3_BACAN	Q96LM7_HUMAN	1	1392	two hybrid pooling approach	20711500
Q81TZ1	Q92982	Bacillus anthracis	Q81TZ1_BACAN	NINJ1_HUMAN	1	1392	two hybrid pooling approach	20711500
Q81N18	Q92982	Bacillus anthracis	Q81N18_BACAN	NINJ1_HUMAN	1	1392	two hybrid pooling approach	20711500
Q81TT4	Q96N16	Bacillus anthracis	CLPB_BACAN	JKIP1_HUMAN	1	1392	two hybrid pooling approach	20711500
Q81N92	Q12899	Bacillus anthracis	Q81N92_BACAN	TRI26_HUMAN	1	1392	two hybrid pooling approach	20711500
Q81M51	P26599	Bacillus anthracis	EX7L_BACAN	PTBP1_HUMAN	1	1392	two hybrid pooling approach	20711500
Q81LD0	Q99460	Bacillus anthracis	GSA2_BACAN	PSMD1_HUMAN	1	1392	two hybrid pooling approach	20711500
Q81MA8	Q9NYI0	Bacillus anthracis	Q81MA8_BACAN	PSD3_HUMAN	1	1392	two hybrid pooling approach	20711500
Q81X62	P25789	Bacillus anthracis	Q81X62_BACAN	PSA4_HUMAN	1	1392	two hybrid pooling approach	20711500
Q81LQ0	Q7Z3K3	Bacillus anthracis	Q81LQ0_BACAN	POGZ_HUMAN	1	1392	two hybrid pooling approach	20711500
Q81ZF8	Q7Z3K3	Bacillus anthracis	ROCA_BACAN	POGZ_HUMAN	1	1392	two hybrid pooling approach	20711500
Q81YH4	Q7Z3K3	Bacillus anthracis	Q81YH4_BACAN	POGZ_HUMAN	1	1392	two hybrid pooling approach	20711500
Q81U00	Q7Z3K3	Bacillus anthracis	Q81U00_BACAN	POGZ_HUMAN	1	1392	two hybrid pooling approach	20711500
Q6KMS8	O15162	Bacillus anthracis	EFP_BACAN	PLS1_HUMAN	1	1392	two hybrid pooling approach	20711500
Q81U40	Q9Y6X2	Bacillus anthracis	Q81U40_BACAN	PIAS3_HUMAN	1	1392	two hybrid pooling approach	20711500
Q81Z98	P50542	Bacillus anthracis	Q81Z98_BACAN	PEX5_HUMAN	1	1392	two hybrid pooling approach	20711500
Q81JV7	P40425	Bacillus anthracis	Q81JV7_BACAN	PBX2_HUMAN	1	1392	two hybrid pooling approach	20711500
Q81K85	P27986	Bacillus anthracis	GLGA_BACAN	P85A_HUMAN	1	1392	two hybrid pooling approach	20711500
Q81JY3	Q13438	Bacillus anthracis	Y5559_BACAN	OS9_HUMAN	1	1392	two hybrid pooling approach	20711500
Q81S48	Q02218	Bacillus anthracis	Q81S48_BACAN	ODO1_HUMAN	1	1392	two hybrid pooling approach	20711500
Q81VA8	Q14207	Bacillus anthracis	Q81VA8_BACAN	NPAT_HUMAN	1	1392	two hybrid pooling approach	20711500
Q81WR2	P19838	Bacillus anthracis	Q81WR2_BACAN	NFKB1_HUMAN	1	1392	two hybrid pooling approach	20711500
Q81QB5	P19838	Bacillus anthracis	IOLD_BACAN	NFKB1_HUMAN	1	1392	two hybrid pooling approach	20711500
Q81LC7	P19838	Bacillus anthracis	HEM3_BACAN	NFKB1_HUMAN	1	1392	two hybrid pooling approach	20711500
Q81K85	O75592	Bacillus anthracis	GLGA_BACAN	MYCB2_HUMAN	1	1392	two hybrid pooling approach	20711500
Q81S14	O75592	Bacillus anthracis	MTAD_BACAN	MYCB2_HUMAN	1	1392	two hybrid pooling approach	20711500
Q81WR2	O75081	Bacillus anthracis	Q81WR2_BACAN	MTG16_HUMAN	1	1392	two hybrid pooling approach	20711500
Q81LX9	Q8NHP6	Bacillus anthracis	Q81LX9_BACAN	MSPD2_HUMAN	1	1392	two hybrid pooling approach	20711500
Q81WT3	Q99542	Bacillus anthracis	CIDA2_BACAN	MMP19_HUMAN	1	1392	two hybrid pooling approach	20711500
Q81KY6	Q93074	Bacillus anthracis	Q81KY6_BACAN	MED12_HUMAN	1	1392	two hybrid pooling approach	20711500
Q81U58	Q9P1T7	Bacillus anthracis	GLPK_BACAN	MDFIC_HUMAN	1	1392	two hybrid pooling approach	20711500
Q81U26	Q9P1T7	Bacillus anthracis	Q81U26_BACAN	MDFIC_HUMAN	1	1392	two hybrid pooling approach	20711500
Q81KQ8	Q8ND30	Bacillus anthracis	Q81KQ8_BACAN	LIPB2_HUMAN	1	1392	two hybrid pooling approach	20711500
Q6KNA9	P17931	Bacillus anthracis	METE_BACAN	LEG3_HUMAN	1	1392	two hybrid pooling approach	20711500
Q81SW4	P17931	Bacillus anthracis	SP4A_BACAN	LEG3_HUMAN	1	1392	two hybrid pooling approach	20711500
Q81SP6	P17931	Bacillus anthracis	Q81SP6_BACAN	LEG3_HUMAN	1	1392	two hybrid pooling approach	20711500
Q81SN0	O95751	Bacillus anthracis	Q81SN0_BACAN	LDOC1_HUMAN	1	1392	two hybrid pooling approach	20711500
Q81WZ5	P00338	Bacillus anthracis	Q81WZ5_BACAN	LDHA_HUMAN	1	1392	two hybrid pooling approach	20711500
Q81R37	O00522	Bacillus anthracis	Q81R37_BACAN	KRIT1_HUMAN	1	1392	two hybrid pooling approach	20711500
Q81TS1	Q92845	Bacillus anthracis	Q81TS1_BACAN	KIFA3_HUMAN	1	1392	two hybrid pooling approach	20711500
Q81RG5	P13861	Bacillus anthracis	Q81RG5_BACAN	KAP2_HUMAN	1	1392	two hybrid pooling approach	20711500
Q81QB6	A7E2V4	Bacillus anthracis	IOLA2_BACAN	ZSWM8_HUMAN	1	1392	two hybrid pooling approach	20711500
Q81P45	A7E2V4	Bacillus anthracis	Q81P45_BACAN	ZSWM8_HUMAN	1	1392	two hybrid pooling approach	20711500
Q81WK6	Q8WYH8	Bacillus anthracis	HSLU_BACAN	ING5_HUMAN	1	1392	two hybrid pooling approach	20711500
Q81W18	O14879	Bacillus anthracis	Q81W18_BACAN	IFIT3_HUMAN	1	1392	two hybrid pooling approach	20711500
Q81UP8	Q16534	Bacillus anthracis	Q81UP8_BACAN	HLF_HUMAN	1	1392	two hybrid pooling approach	20711500
Q81XI5	P13747	Bacillus anthracis	Q81XI5_BACAN	HLAE_HUMAN	1	1392	two hybrid pooling approach	20711500
Q6F051	O00165	Bacillus anthracis	Q6F051_BACAN	HAX1_HUMAN	1	1392	two hybrid pooling approach	20711500
Q9X344	Q14161	Bacillus anthracis	Q9X344_BACAN	GIT2_HUMAN	1	1392	two hybrid pooling approach	20711500
Q81WR4	Q8TEQ6	Bacillus anthracis	MUTL_BACAN	GEMI5_HUMAN	1	1392	two hybrid pooling approach	20711500
Q6KNA9	Q9HCC8	Bacillus anthracis	METE_BACAN	GDPD2_HUMAN	1	1392	two hybrid pooling approach	20711500
Q81UX8	Q9HCC8	Bacillus anthracis	Q81UX8_BACAN	GDPD2_HUMAN	1	1392	two hybrid pooling approach	20711500
Q81TG1	Q01167	Bacillus anthracis	LUTB_BACAN	FOXK2_HUMAN	1	1392	two hybrid pooling approach	20711500
Q81SN0	Q96RU3	Bacillus anthracis	Q81SN0_BACAN	FNBP1_HUMAN	1	1392	two hybrid pooling approach	20711500
Q81KP6	Q86VI1	Bacillus anthracis	Q81KP6_BACAN	EX3L1_HUMAN	1	1392	two hybrid pooling approach	20711500
Q81MT6	O60447	Bacillus anthracis	Q81MT6_BACAN	EVI5_HUMAN	1	1392	two hybrid pooling approach	20711500
Q81X71	P24534	Bacillus anthracis	Q81X71_BACAN	EF1B_HUMAN	1	1392	two hybrid pooling approach	20711500
Q81L97	Q9Y6K1	Bacillus anthracis	Q81L97_BACAN	DNM3A_HUMAN	1	1392	two hybrid pooling approach	20711500
Q81UH0	Q9Y6K1	Bacillus anthracis	Q81UH0_BACAN	DNM3A_HUMAN	1	1392	two hybrid pooling approach	20711500
Q81NP6	Q9P219	Bacillus anthracis	Q81NP6_BACAN	DAPLE_HUMAN	1	1392	two hybrid pooling approach	20711500
Q81U78	P35222	Bacillus anthracis	Q81U78_BACAN	CTNB1_HUMAN	1	1392	two hybrid pooling approach	20711500
Q81WM3	P23528	Bacillus anthracis	IF2_BACAN	COF1_HUMAN	1	1392	two hybrid pooling approach	20711500
Q81LD0	P08123	Bacillus anthracis	GSA2_BACAN	CO1A2_HUMAN	1	1392	two hybrid pooling approach	20711500
Q81Y46	Q99828	Bacillus anthracis	HUTU_BACAN	CIB1_HUMAN	1	1392	two hybrid pooling approach	20711500
Q81X00	Q9BUW7	Bacillus anthracis	Q81X00_BACAN	CI016_HUMAN	1	1392	two hybrid pooling approach	20711500
Q81KT8	Q3L8U1	Bacillus anthracis	EZRA_BACAN	CHD9_HUMAN	1	1392	two hybrid pooling approach	20711500
Q81PD4	O94986	Bacillus anthracis	Q81PD4_BACAN	CE152_HUMAN	1	1392	two hybrid pooling approach	20711500
Q81LJ8	Q7Z6B0	Bacillus anthracis	Q81LJ8_BACAN	CCD91_HUMAN	1	1392	two hybrid pooling approach	20711500
Q81LA5	Q9H2F9	Bacillus anthracis	Q81LA5_BACAN	CCD68_HUMAN	1	1392	two hybrid pooling approach	20711500
Q81PJ0	Q8IX12	Bacillus anthracis	Q81PJ0_BACAN	CCAR1_HUMAN	1	1392	two hybrid pooling approach	20711500
P13423	P45973	Bacillus anthracis	PAG_BACAN	CBX5_HUMAN	1	1392	two hybrid pooling approach	20711500
Q81TH8	Q9UKL3	Bacillus anthracis	POTA_BACAN	C8AP2_HUMAN	1	1392	two hybrid pooling approach	20711500
Q81SH2	P02746	Bacillus anthracis	Q81SH2_BACAN	C1QB_HUMAN	1	1392	two hybrid pooling approach	20711500
Q81LR7	Q9BX70	Bacillus anthracis	LEPA_BACAN	BTBD2_HUMAN	1	1392	two hybrid pooling approach	20711500
Q81Y80	Q6RI45	Bacillus anthracis	Q81Y80_BACAN	BRWD3_HUMAN	1	1392	two hybrid pooling approach	20711500
Q81U80	Q5VTR2	Bacillus anthracis	Q81U80_BACAN	BRE1A_HUMAN	1	1392	two hybrid pooling approach	20711500
Q81T38	P46379	Bacillus anthracis	Q81T38_BACAN	BAG6_HUMAN	1	1392	two hybrid pooling approach	20711500
Q81TG1	P61769	Bacillus anthracis	LUTB_BACAN	B2MG_HUMAN	1	1392	two hybrid pooling approach	20711500
Q81LA9	O75882	Bacillus anthracis	RNPH_BACAN	ATRN_HUMAN	1	1392	two hybrid pooling approach	20711500
Q81ST0	Q2TAZ0	Bacillus anthracis	Q81ST0_BACAN	ATG2A_HUMAN	1	1392	two hybrid pooling approach	20711500
Q81K50	O15085	Bacillus anthracis	Q81K50_BACAN	ARHGB_HUMAN	1	1392	two hybrid pooling approach	20711500
Q81Z98	O43747	Bacillus anthracis	Q81Z98_BACAN	AP1G1_HUMAN	1	1392	two hybrid pooling approach	20711500
Q81SU2	P20073	Bacillus anthracis	Q81SU2_BACAN	ANXA7_HUMAN	1	1392	two hybrid pooling approach	20711500
Q81MC5	P04083	Bacillus anthracis	Q81MC5_BACAN	ANXA1_HUMAN	1	1392	two hybrid pooling approach	20711500
Q81KB5	Q8N283	Bacillus anthracis	Q81KB5_BACAN	ANR35_HUMAN	1	1392	two hybrid pooling approach	20711500
Q81U69	Q8N283	Bacillus anthracis	Q81U69_BACAN	ANR35_HUMAN	1	1392	two hybrid pooling approach	20711500
Q81VY7	P35611	Bacillus anthracis	Q81VY7_BACAN	ADDA_HUMAN	1	1392	two hybrid pooling approach	20711500
Q81Y62	Q8WTS1	Bacillus anthracis	Q81Y62_BACAN	ABHD5_HUMAN	1	1392	two hybrid pooling approach	20711500
Q81UF0	A8K0D8	Bacillus anthracis	Q81UF0_BACAN	A8K0D8_HUMAN	1	1392	two hybrid pooling approach	20711500
Q81Z55	A8K0D8	Bacillus anthracis	Q81Z55_BACAN	A8K0D8_HUMAN	1	1392	two hybrid pooling approach	20711500
Q81LQ0	P30504	Bacillus anthracis	Q81LQ0_BACAN	1C04_HUMAN	1	1392	two hybrid pooling approach	20711500
Q81LM9	Q15942	Bacillus anthracis	Q81LM9_BACAN	ZYX_HUMAN	1	1392	two hybrid pooling approach	20711500
Q81WF4	Q9H0M5	Bacillus anthracis	PYRDB_BACAN	ZN700_HUMAN	1	1392	two hybrid pooling approach	20711500
Q81KT8	Q5SXM1	Bacillus anthracis	EZRA_BACAN	ZN678_HUMAN	1	1392	two hybrid pooling approach	20711500
Q81ME0	Q8N720	Bacillus anthracis	DEOB_BACAN	ZN655_HUMAN	1	1392	two hybrid pooling approach	20711500
Q81TT6	Q8N895	Bacillus anthracis	Q81TT6_BACAN	ZN366_HUMAN	1	1392	two hybrid pooling approach	20711500
Q81LL7	Q15326	Bacillus anthracis	Q81LL7_BACAN	ZMY11_HUMAN	1	1392	two hybrid pooling approach	20711500
Q81ZD6	Q9Y6X8	Bacillus anthracis	Y333_BACAN	ZHX2_HUMAN	1	1392	two hybrid pooling approach	20711500
Q81W25	Q9Y6X8	Bacillus anthracis	SYS_BACAN	ZHX2_HUMAN	1	1392	two hybrid pooling approach	20711500
Q81KK6	Q9Y6X8	Bacillus anthracis	SYL_BACAN	ZHX2_HUMAN	1	1392	two hybrid pooling approach	20711500
Q81SN0	Q9Y6X8	Bacillus anthracis	Q81SN0_BACAN	ZHX2_HUMAN	1	1392	two hybrid pooling approach	20711500
Q81NS9	Q8TCF1	Bacillus anthracis	Q81NS9_BACAN	ZFAN1_HUMAN	1	1392	two hybrid pooling approach	20711500
Q81P26	P15822	Bacillus anthracis	PROB_BACAN	ZEP1_HUMAN	1	1392	two hybrid pooling approach	20711500
Q81TS2	Q9Y2K1	Bacillus anthracis	Q81TS2_BACAN	ZBTB1_HUMAN	1	1392	two hybrid pooling approach	20711500
Q81NA2	Q6AHZ1	Bacillus anthracis	Q81NA2_BACAN	Z518A_HUMAN	1	1392	two hybrid pooling approach	20711500
Q81SP4	Q9H869	Bacillus anthracis	Q81SP4_BACAN	YYAP1_HUMAN	1	1392	two hybrid pooling approach	20711500
Q81ST3	Q6AWC2	Bacillus anthracis	PANB_BACAN	WWC2_HUMAN	1	1392	two hybrid pooling approach	20711500
Q81TL7	Q6PJI9	Bacillus anthracis	TRPA_BACAN	WDR59_HUMAN	1	1392	two hybrid pooling approach	20711500
Q81V37	Q7Z5K2	Bacillus anthracis	RBSD_BACAN	WAPL_HUMAN	1	1392	two hybrid pooling approach	20711500
Q81L21	P04275	Bacillus anthracis	Q81L21_BACAN	VWF_HUMAN	1	1392	two hybrid pooling approach	20711500
Q81XV4	P15692	Bacillus anthracis	Q81XV4_BACAN	VEGFA_HUMAN	1	1392	two hybrid pooling approach	20711500
Q81VJ7	Q9P0L0	Bacillus anthracis	Y200_BACAN	VAPA_HUMAN	1	1392	two hybrid pooling approach	20711500
Q81UH9	Q9UBK9	Bacillus anthracis	Q81UH9_BACAN	UXT_HUMAN	1	1392	two hybrid pooling approach	20711500
Q81K96	P46939	Bacillus anthracis	Q81K96_BACAN	UTRO_HUMAN	1	1392	two hybrid pooling approach	20711500
Q81UI1	Q15853	Bacillus anthracis	Q81UI1_BACAN	USF2_HUMAN	1	1392	two hybrid pooling approach	20711500
Q81Q80	P22415	Bacillus anthracis	Q81Q80_BACAN	USF1_HUMAN	1	1392	two hybrid pooling approach	20711500
Q81XH0	P22415	Bacillus anthracis	Q81XH0_BACAN	USF1_HUMAN	1	1392	two hybrid pooling approach	20711500
Q81QG7	Q70EK8	Bacillus anthracis	Q81QG7_BACAN	UBP53_HUMAN	1	1392	two hybrid pooling approach	20711500
Q81KQ7	Q6PKC3	Bacillus anthracis	Q81KQ7_BACAN	TXD11_HUMAN	1	1392	two hybrid pooling approach	20711500
Q81K27	Q99598	Bacillus anthracis	Q81K27_BACAN	TSNAX_HUMAN	1	1392	two hybrid pooling approach	20711500
Q81NI7	P48995	Bacillus anthracis	Q81NI7_BACAN	TRPC1_HUMAN	1	1392	two hybrid pooling approach	20711500
Q81RN3	Q9C029	Bacillus anthracis	Q81RN3_BACAN	TRIM7_HUMAN	1	1392	two hybrid pooling approach	20711500
Q81YE8	O94842	Bacillus anthracis	Q81YE8_BACAN	TOX4_HUMAN	1	1392	two hybrid pooling approach	20711500
Q81LD0	Q15025	Bacillus anthracis	GSA2_BACAN	TNIP1_HUMAN	1	1392	two hybrid pooling approach	20711500
Q81L45	Q06643	Bacillus anthracis	Q81L45_BACAN	TNFC_HUMAN	1	1392	two hybrid pooling approach	20711500
Q81MI5	Q5J8M3	Bacillus anthracis	Q81MI5_BACAN	EMC4_HUMAN	1	1392	two hybrid pooling approach	20711500
Q81KT8	Q9HD45	Bacillus anthracis	EZRA_BACAN	TM9S3_HUMAN	1	1392	two hybrid pooling approach	20711500
Q81UL0	Q9BVC6	Bacillus anthracis	Q81UL0_BACAN	TM109_HUMAN	1	1392	two hybrid pooling approach	20711500
Q81QV1	Q04726	Bacillus anthracis	Q81QV1_BACAN	TLE3_HUMAN	1	1392	two hybrid pooling approach	20711500
Q81PC9	Q5JTD0	Bacillus anthracis	Q81PC9_BACAN	TJAP1_HUMAN	1	1392	two hybrid pooling approach	20711500
P13423	Q5JTD0	Bacillus anthracis	PAG_BACAN	TJAP1_HUMAN	1	1392	two hybrid pooling approach	20711500
Q81L10	Q9GZM7	Bacillus anthracis	NRDR_BACAN	TINAL_HUMAN	1	1392	two hybrid pooling approach	20711500
Q81YC9	Q9GZM7	Bacillus anthracis	Q81YC9_BACAN	TINAL_HUMAN	1	1392	two hybrid pooling approach	20711500
Q81JU1	Q9GZM7	Bacillus anthracis	Q81JU1_BACAN	TINAL_HUMAN	1	1392	two hybrid pooling approach	20711500
Q81JL0	Q9GZM7	Bacillus anthracis	Q81JL0_BACAN	TINAL_HUMAN	1	1392	two hybrid pooling approach	20711500
Q81Y46	Q92563	Bacillus anthracis	HUTU_BACAN	TICN2_HUMAN	1	1392	two hybrid pooling approach	20711500
Q81PD4	Q6ZMP0	Bacillus anthracis	Q81PD4_BACAN	THSD4_HUMAN	1	1392	two hybrid pooling approach	20711500
Q81NX1	P10599	Bacillus anthracis	Q81NX1_BACAN	THIO_HUMAN	1	1392	two hybrid pooling approach	20711500
Q81QB0	Q9UBB9	Bacillus anthracis	Q81QB0_BACAN	TFP11_HUMAN	1	1392	two hybrid pooling approach	20711500
Q81Y62	Q9UBB9	Bacillus anthracis	Q81Y62_BACAN	TFP11_HUMAN	1	1392	two hybrid pooling approach	20711500
Q81NI5	P19484	Bacillus anthracis	Q81NI5_BACAN	TFEB_HUMAN	1	1392	two hybrid pooling approach	20711500
Q81U20	O43680	Bacillus anthracis	Q81U20_BACAN	TCF21_HUMAN	1	1392	two hybrid pooling approach	20711500
Q81MJ8	Q3YBR2	Bacillus anthracis	Q81MJ8_BACAN	TBRG1_HUMAN	1	1392	two hybrid pooling approach	20711500
Q81JM6	Q86VP1	Bacillus anthracis	Q81JM6_BACAN	TAXB1_HUMAN	1	1392	two hybrid pooling approach	20711500
Q81LU4	P13984	Bacillus anthracis	Q81LU4_BACAN	T2FB_HUMAN	1	1392	two hybrid pooling approach	20711500
Q81JD7	Q9UGT4	Bacillus anthracis	Q81JD7_BACAN	SUSD2_HUMAN	1	1392	two hybrid pooling approach	20711500
Q81SI0	Q6ZWJ1	Bacillus anthracis	Q81SI0_BACAN	STXB4_HUMAN	1	1392	two hybrid pooling approach	20711500
Q81ST3	Q9UNE7	Bacillus anthracis	PANB_BACAN	CHIP_HUMAN	1	1392	two hybrid pooling approach	20711500
Q81VL6	Q9UNE7	Bacillus anthracis	Q81VL6_BACAN	CHIP_HUMAN	1	1392	two hybrid pooling approach	20711500
Q81RH2	Q9UNE7	Bacillus anthracis	Q81RH2_BACAN	CHIP_HUMAN	1	1392	two hybrid pooling approach	20711500
Q81KK2	O95793	Bacillus anthracis	Q81KK2_BACAN	STAU1_HUMAN	1	1392	two hybrid pooling approach	20711500
Q81ME2	Q14765	Bacillus anthracis	Q81ME2_BACAN	STAT4_HUMAN	1	1392	two hybrid pooling approach	20711500
Q6KNA9	Q9NY15	Bacillus anthracis	METE_BACAN	STAB1_HUMAN	1	1392	two hybrid pooling approach	20711500
Q81Z55	Q9NY15	Bacillus anthracis	Q81Z55_BACAN	STAB1_HUMAN	1	1392	two hybrid pooling approach	20711500
Q81Y62	Q9NY15	Bacillus anthracis	Q81Y62_BACAN	STAB1_HUMAN	1	1392	two hybrid pooling approach	20711500
Q81WX2	Q9NY15	Bacillus anthracis	Q81WX2_BACAN	STAB1_HUMAN	1	1392	two hybrid pooling approach	20711500
Q81WV9	Q9NY15	Bacillus anthracis	Q81WV9_BACAN	STAB1_HUMAN	1	1392	two hybrid pooling approach	20711500
Q81R98	Q9NY15	Bacillus anthracis	Q81R98_BACAN	STAB1_HUMAN	1	1392	two hybrid pooling approach	20711500
Q81R90	P50225	Bacillus anthracis	Q81R90_BACAN	ST1A1_HUMAN	1	1392	two hybrid pooling approach	20711500
Q81U20	O94768	Bacillus anthracis	Q81U20_BACAN	ST17B_HUMAN	1	1392	two hybrid pooling approach	20711500
Q81YC1	Q9UEE5	Bacillus anthracis	Q81YC1_BACAN	ST17A_HUMAN	1	1392	two hybrid pooling approach	20711500
Q81LY0	Q9UJW9	Bacillus anthracis	Q81LY0_BACAN	SRTD3_HUMAN	1	1392	two hybrid pooling approach	20711500
Q81N50	Q9UJW9	Bacillus anthracis	Q81N50_BACAN	SRTD3_HUMAN	1	1392	two hybrid pooling approach	20711500
Q81JT7	Q5M775	Bacillus anthracis	SYR1_BACAN	CYTSB_HUMAN	1	1392	two hybrid pooling approach	20711500
Q81QG7	P50453	Bacillus anthracis	Q81QG7_BACAN	SPB9_HUMAN	1	1392	two hybrid pooling approach	20711500
Q81KA5	Q9Y5X3	Bacillus anthracis	Q81KA5_BACAN	SNX5_HUMAN	1	1392	two hybrid pooling approach	20711500
Q81SE9	O60749	Bacillus anthracis	Q81SE9_BACAN	SNX2_HUMAN	1	1392	two hybrid pooling approach	20711500
Q81KT8	Q96Q15	Bacillus anthracis	EZRA_BACAN	SMG1_HUMAN	1	1392	two hybrid pooling approach	20711500
Q81RB5	Q9UQE7	Bacillus anthracis	Q81RB5_BACAN	SMC3_HUMAN	1	1392	two hybrid pooling approach	20711500
Q81WI9	Q9UQE7	Bacillus anthracis	Q81WI9_BACAN	SMC3_HUMAN	1	1392	two hybrid pooling approach	20711500
Q81TT4	Q9NWH9	Bacillus anthracis	CLPB_BACAN	SLTM_HUMAN	1	1392	two hybrid pooling approach	20711500
Q81W18	Q14940	Bacillus anthracis	Q81W18_BACAN	SL9A5_HUMAN	1	1392	two hybrid pooling approach	20711500
Q81TN9	O43699	Bacillus anthracis	Q81TN9_BACAN	SIGL6_HUMAN	1	1392	two hybrid pooling approach	20711500
Q81SP4	Q96RL6	Bacillus anthracis	Q81SP4_BACAN	SIG11_HUMAN	1	1392	two hybrid pooling approach	20711500
Q81ZC1	Q96RL6	Bacillus anthracis	Q81ZC1_BACAN	SIG11_HUMAN	1	1392	two hybrid pooling approach	20711500
Q81P27	Q9NXL6	Bacillus anthracis	PROA_BACAN	SIDT1_HUMAN	1	1392	two hybrid pooling approach	20711500
Q81LJ3	Q92835	Bacillus anthracis	Q81LJ3_BACAN	SHIP1_HUMAN	1	1392	two hybrid pooling approach	20711500
Q81WR2	O43765	Bacillus anthracis	Q81WR2_BACAN	SGTA_HUMAN	1	1392	two hybrid pooling approach	20711500
Q81Z75	P84103	Bacillus anthracis	Q81Z75_BACAN	SRSF3_HUMAN	1	1392	two hybrid pooling approach	20711500
Q81LE2	P84103	Bacillus anthracis	Q81LE2_BACAN	SRSF3_HUMAN	1	1392	two hybrid pooling approach	20711500
Q81K51	O75533	Bacillus anthracis	Q81K51_BACAN	SF3B1_HUMAN	1	1392	two hybrid pooling approach	20711500
Q81UU1	P55735	Bacillus anthracis	Q81UU1_BACAN	SEC13_HUMAN	1	1392	two hybrid pooling approach	20711500
Q81K96	O00560	Bacillus anthracis	Q81K96_BACAN	SDCB1_HUMAN	1	1392	two hybrid pooling approach	20711500
Q81SW9	Q96NL6	Bacillus anthracis	DER_BACAN	SCLT1_HUMAN	1	1392	two hybrid pooling approach	20711500
Q81PQ4	Q9H4B6	Bacillus anthracis	Q81PQ4_BACAN	SAV1_HUMAN	1	1392	two hybrid pooling approach	20711500
Q81XV4	Q5K651	Bacillus anthracis	Q81XV4_BACAN	SAMD9_HUMAN	1	1392	two hybrid pooling approach	20711500
Q81RJ7	Q7L099	Bacillus anthracis	Q81RJ7_BACAN	RUFY3_HUMAN	1	1392	two hybrid pooling approach	20711500
Q81XI1	P24928	Bacillus anthracis	Q81XI1_BACAN	RPB1_HUMAN	1	1392	two hybrid pooling approach	20711500
Q81SF2	P24928	Bacillus anthracis	Q81SF2_BACAN	RPB1_HUMAN	1	1392	two hybrid pooling approach	20711500
Q81NB9	Q99496	Bacillus anthracis	Q81NB9_BACAN	RING2_HUMAN	1	1392	two hybrid pooling approach	20711500
Q81ZE7	Q7Z6I6	Bacillus anthracis	GATB_BACAN	RHG30_HUMAN	1	1392	two hybrid pooling approach	20711500
Q81ME0	P49796	Bacillus anthracis	DEOB_BACAN	RGS3_HUMAN	1	1392	two hybrid pooling approach	20711500
Q81RJ2	P49796	Bacillus anthracis	Q81RJ2_BACAN	RGS3_HUMAN	1	1392	two hybrid pooling approach	20711500
Q81MN8	Q9BXF6	Bacillus anthracis	Q81MN8_BACAN	RFIP5_HUMAN	1	1392	two hybrid pooling approach	20711500
Q81QG7	Q96D15	Bacillus anthracis	Q81QG7_BACAN	RCN3_HUMAN	1	1392	two hybrid pooling approach	20711500
Q81K96	Q92804	Bacillus anthracis	Q81K96_BACAN	RBP56_HUMAN	1	1392	two hybrid pooling approach	20711500
Q81T34	O43251	Bacillus anthracis	Q81T34_BACAN	RFOX2_HUMAN	1	1392	two hybrid pooling approach	20711500
Q81Y46	Q96EV2	Bacillus anthracis	HUTU_BACAN	RBM33_HUMAN	1	1392	two hybrid pooling approach	20711500
Q81U22	Q8TDY2	Bacillus anthracis	HEMH1_BACAN	RBCC1_HUMAN	1	1392	two hybrid pooling approach	20711500
Q81K75	Q7Z6E9	Bacillus anthracis	G6PI_BACAN	RBBP6_HUMAN	1	1392	two hybrid pooling approach	20711500
Q81SQ9	Q7Z5J4	Bacillus anthracis	Q81SQ9_BACAN	RAI1_HUMAN	1	1392	two hybrid pooling approach	20711500
Q81NM4	Q5TB80	Bacillus anthracis	Q81NM4_BACAN	CE162_HUMAN	1	1392	two hybrid pooling approach	20711500
Q9K5J5	Q5TB80	Bacillus anthracis	Q9K5J5_BACAN	CE162_HUMAN	1	1392	two hybrid pooling approach	20711500
Q81XC3	Q9Y222	Bacillus anthracis	Q81XC3_BACAN	DMTF1_HUMAN	1	1392	two hybrid pooling approach	20711500
Q81ME0	Q9UQC1	Bacillus anthracis	DEOB_BACAN	Q9UQC1_HUMAN	1	1392	two hybrid pooling approach	20711500
Q81XA6	Q9UQC1	Bacillus anthracis	Q81XA6_BACAN	Q9UQC1_HUMAN	1	1392	two hybrid pooling approach	20711500
Q81WV8	Q9UG01	Bacillus anthracis	Q81WV8_BACAN	IF172_HUMAN	1	1392	two hybrid pooling approach	20711500
Q81ZE3	Q9UG01	Bacillus anthracis	Q81ZE3_BACAN	IF172_HUMAN	1	1392	two hybrid pooling approach	20711500
Q81M51	Q9UF98	Bacillus anthracis	EX7L_BACAN	Q9UF98_HUMAN	1	1392	two hybrid pooling approach	20711500
Q81Z55	Q9NUL6	Bacillus anthracis	Q81Z55_BACAN	Q9NUL6_HUMAN	1	1392	two hybrid pooling approach	20711500
Q81K51	Q9HCA8	Bacillus anthracis	Q81K51_BACAN	Q9HCA8_HUMAN	1	1392	two hybrid pooling approach	20711500
Q81VT8	Q9HBU0	Bacillus anthracis	RPOB_BACAN	Q9HBU0_HUMAN	1	1392	two hybrid pooling approach	20711500
Q81JJ0	Q9BUD9	Bacillus anthracis	Q81JJ0_BACAN	Q9BUD9_HUMAN	1	1392	two hybrid pooling approach	20711500
Q81V83	Q765P7	Bacillus anthracis	Q81V83_BACAN	MTSSL_HUMAN	1	1392	two hybrid pooling approach	20711500
Q81Z98	Q6GPH4	Bacillus anthracis	Q81Z98_BACAN	XAF1_HUMAN	1	1392	two hybrid pooling approach	20711500
Q81UR5	Q8TE29	Bacillus anthracis	Q81UR5_BACAN	Q8TE29_HUMAN	1	1392	two hybrid pooling approach	20711500
Q81ZA2	Q8N1N5	Bacillus anthracis	Q81ZA2_BACAN	CRPAK_HUMAN	1	1392	two hybrid pooling approach	20711500
Q6KMJ2	Q8N836	Bacillus anthracis	Q6KMJ2_BACAN	Q8N836_HUMAN	1	1392	two hybrid pooling approach	20711500
Q81RC9	Q8IWI9	Bacillus anthracis	Q81RC9_BACAN	MGAP_HUMAN	1	1392	two hybrid pooling approach	20711500
Q81PZ1	Q8IVH2	Bacillus anthracis	Q81PZ1_BACAN	FOXP4_HUMAN	1	1392	two hybrid pooling approach	20711500
Q81LD0	Q71JB2	Bacillus anthracis	GSA2_BACAN	Q71JB2_HUMAN	1	1392	two hybrid pooling approach	20711500
Q81NG1	Q6ZV49	Bacillus anthracis	Q81NG1_BACAN	Q6ZV49_HUMAN	1	1392	two hybrid pooling approach	20711500
Q81K51	Q6ZSC8	Bacillus anthracis	Q81K51_BACAN	Q6ZSC8_HUMAN	1	1392	two hybrid pooling approach	20711500
Q6KMJ2	Q8IZD2	Bacillus anthracis	Q6KMJ2_BACAN	KMT2E_HUMAN	1	1392	two hybrid pooling approach	20711500
Q81N61	Q6P5Q0	Bacillus anthracis	Q81N61_BACAN	Q6P5Q0_HUMAN	1	1392	two hybrid pooling approach	20711500
Q81NA7	Q70EL1	Bacillus anthracis	Q81NA7_BACAN	UBP54_HUMAN	1	1392	two hybrid pooling approach	20711500
Q81Y46	Q659D1	Bacillus anthracis	HUTU_BACAN	Q659D1_HUMAN	1	1392	two hybrid pooling approach	20711500
Q81XC3	Q5T704	Bacillus anthracis	Q81XC3_BACAN	Q5T704_HUMAN	1	1392	two hybrid pooling approach	20711500
Q81UI7	Q5T1V5	Bacillus anthracis	SECA2_BACAN	Q5T1V5_HUMAN	1	1392	two hybrid pooling approach	20711500
Q81SB3	Q12899	Bacillus anthracis	Q81SB3_BACAN	TRI26_HUMAN	1	1392	two hybrid pooling approach	20711500
Q6KNA9	Q59H65	Bacillus anthracis	METE_BACAN	Q59H65_HUMAN	1	1392	two hybrid pooling approach	20711500
Q81VX8	Q59H65	Bacillus anthracis	Q81VX8_BACAN	Q59H65_HUMAN	1	1392	two hybrid pooling approach	20711500
Q81SF2	Q59H65	Bacillus anthracis	Q81SF2_BACAN	Q59H65_HUMAN	1	1392	two hybrid pooling approach	20711500
Q81P26	O14595	Bacillus anthracis	PROB_BACAN	CTDS2_HUMAN	1	1392	two hybrid pooling approach	20711500
Q81TK7	O14595	Bacillus anthracis	Q81TK7_BACAN	CTDS2_HUMAN	1	1392	two hybrid pooling approach	20711500
Q81S59	Q5SWA1	Bacillus anthracis	Q81S59_BACAN	PR15B_HUMAN	1	1392	two hybrid pooling approach	20711500
Q81SZ0	Q9ULH0	Bacillus anthracis	Q81SZ0_BACAN	KDIS_HUMAN	1	1392	two hybrid pooling approach	20711500
Q81TW2	Q96L93	Bacillus anthracis	ADDB_BACAN	KI16B_HUMAN	1	1392	two hybrid pooling approach	20711500
Q81U73	Q2NL98	Bacillus anthracis	Q81U73_BACAN	VMAC_HUMAN	1	1392	two hybrid pooling approach	20711500
Q81WV8	Q2NL98	Bacillus anthracis	Q81WV8_BACAN	VMAC_HUMAN	1	1392	two hybrid pooling approach	20711500
Q81TS3	Q2NL98	Bacillus anthracis	Q81TS3_BACAN	VMAC_HUMAN	1	1392	two hybrid pooling approach	20711500
Q81JV4	Q5JPF3	Bacillus anthracis	Q81JV4_BACAN	AN36C_HUMAN	1	1392	two hybrid pooling approach	20711500
Q81LI7	Q5JPF3	Bacillus anthracis	SYDND_BACAN	AN36C_HUMAN	1	1392	two hybrid pooling approach	20711500
Q81JH6	P55036	Bacillus anthracis	Q81JH6_BACAN	PSMD4_HUMAN	1	1392	two hybrid pooling approach	20711500
Q81QA2	Q9NYI0	Bacillus anthracis	Q81QA2_BACAN	PSD3_HUMAN	1	1392	two hybrid pooling approach	20711500
Q81ZF9	Q9NYI0	Bacillus anthracis	Q81ZF9_BACAN	PSD3_HUMAN	1	1392	two hybrid pooling approach	20711500
Q81LT6	P49720	Bacillus anthracis	Q81LT6_BACAN	PSB3_HUMAN	1	1392	two hybrid pooling approach	20711500
Q81SP4	Q96M27	Bacillus anthracis	Q81SP4_BACAN	PRRC1_HUMAN	1	1392	two hybrid pooling approach	20711500
Q81QV1	Q8TCU6	Bacillus anthracis	Q81QV1_BACAN	PREX1_HUMAN	1	1392	two hybrid pooling approach	20711500
Q81PQ4	Q13162	Bacillus anthracis	Q81PQ4_BACAN	PRDX4_HUMAN	1	1392	two hybrid pooling approach	20711500
Q81Y51	Q13162	Bacillus anthracis	Q81Y51_BACAN	PRDX4_HUMAN	1	1392	two hybrid pooling approach	20711500
Q81WM8	Q13162	Bacillus anthracis	PNP_BACAN	PRDX4_HUMAN	1	1392	two hybrid pooling approach	20711500
Q81TN3	Q13427	Bacillus anthracis	Q81TN3_BACAN	PPIG_HUMAN	1	1392	two hybrid pooling approach	20711500
Q81WR2	Q9Y244	Bacillus anthracis	Q81WR2_BACAN	POMP_HUMAN	1	1392	two hybrid pooling approach	20711500
Q81JH6	Q7Z3K3	Bacillus anthracis	Q81JH6_BACAN	POGZ_HUMAN	1	1392	two hybrid pooling approach	20711500
Q81LD0	P13796	Bacillus anthracis	GSA2_BACAN	PLSL_HUMAN	1	1392	two hybrid pooling approach	20711500
Q81MM5	O15162	Bacillus anthracis	Q81MM5_BACAN	PLS1_HUMAN	1	1392	two hybrid pooling approach	20711500
Q81KM0	Q8IVE3	Bacillus anthracis	Q81KM0_BACAN	PKHH2_HUMAN	1	1392	two hybrid pooling approach	20711500
Q81ZG1	Q9BZ71	Bacillus anthracis	DNLJ_BACAN	PITM3_HUMAN	1	1392	two hybrid pooling approach	20711500
Q81Z39	Q9Y6X2	Bacillus anthracis	Q81Z39_BACAN	PIAS3_HUMAN	1	1392	two hybrid pooling approach	20711500
Q81RS8	P78364	Bacillus anthracis	Q81RS8_BACAN	PHC1_HUMAN	1	1392	two hybrid pooling approach	20711500
Q81MJ8	P12955	Bacillus anthracis	Q81MJ8_BACAN	PEPD_HUMAN	1	1392	two hybrid pooling approach	20711500
Q81JM5	P07237	Bacillus anthracis	Q81JM5_BACAN	PDIA1_HUMAN	1	1392	two hybrid pooling approach	20711500
Q81TK5	P07237	Bacillus anthracis	Q81TK5_BACAN	PDIA1_HUMAN	1	1392	two hybrid pooling approach	20711500
Q81MZ1	P01127	Bacillus anthracis	Q81MZ1_BACAN	PDGFB_HUMAN	1	1392	two hybrid pooling approach	20711500
Q81WR2	P49585	Bacillus anthracis	Q81WR2_BACAN	PCY1A_HUMAN	1	1392	two hybrid pooling approach	20711500
Q81VL0	P49585	Bacillus anthracis	Q81VL0_BACAN	PCY1A_HUMAN	1	1392	two hybrid pooling approach	20711500
Q81KQ8	Q15154	Bacillus anthracis	Q81KQ8_BACAN	PCM1_HUMAN	1	1392	two hybrid pooling approach	20711500
Q81MS2	P40425	Bacillus anthracis	SPEA_BACAN	PBX2_HUMAN	1	1392	two hybrid pooling approach	20711500
Q81TW1	Q9NVD7	Bacillus anthracis	ADDA_BACAN	PARVA_HUMAN	1	1392	two hybrid pooling approach	20711500
Q81UH3	Q9UKK3	Bacillus anthracis	Q81UH3_BACAN	PARP4_HUMAN	1	1392	two hybrid pooling approach	20711500
Q81RG9	Q504Q3	Bacillus anthracis	Q81RG9_BACAN	PAN2_HUMAN	1	1392	two hybrid pooling approach	20711500
Q81S14	P11940	Bacillus anthracis	MTAD_BACAN	PABP1_HUMAN	1	1392	two hybrid pooling approach	20711500
Q81UM5	P11940	Bacillus anthracis	Q81UM5_BACAN	PABP1_HUMAN	1	1392	two hybrid pooling approach	20711500
Q81JM6	Q8WXI9	Bacillus anthracis	Q81JM6_BACAN	P66B_HUMAN	1	1392	two hybrid pooling approach	20711500
Q81NJ6	Q8IYS5	Bacillus anthracis	ARSC_BACAN	OSCAR_HUMAN	1	1392	two hybrid pooling approach	20711500
Q81NS9	O95273	Bacillus anthracis	Q81NS9_BACAN	CCDB1_HUMAN	1	1392	two hybrid pooling approach	20711500
Q81WX2	O43203	Bacillus anthracis	Q81WX2_BACAN	O43203_HUMAN	1	1392	two hybrid pooling approach	20711500
Q81MH8	P19338	Bacillus anthracis	Q81MH8_BACAN	NUCL_HUMAN	1	1392	two hybrid pooling approach	20711500
Q81N85	P49790	Bacillus anthracis	Q81N85_BACAN	NU153_HUMAN	1	1392	two hybrid pooling approach	20711500
Q81S46	P49790	Bacillus anthracis	Q81S46_BACAN	NU153_HUMAN	1	1392	two hybrid pooling approach	20711500
Q81UM4	P30414	Bacillus anthracis	Q81UM4_BACAN	NKTR_HUMAN	1	1392	two hybrid pooling approach	20711500
Q81WR2	Q9UJF2	Bacillus anthracis	Q81WR2_BACAN	NGAP_HUMAN	1	1392	two hybrid pooling approach	20711500
Q81JY5	P19838	Bacillus anthracis	UPP_BACAN	NFKB1_HUMAN	1	1392	two hybrid pooling approach	20711500
Q81XT3	P19838	Bacillus anthracis	SYG_BACAN	NFKB1_HUMAN	1	1392	two hybrid pooling approach	20711500
Q81Y15	P19838	Bacillus anthracis	Q81Y15_BACAN	NFKB1_HUMAN	1	1392	two hybrid pooling approach	20711500
Q81X55	P19838	Bacillus anthracis	Q81X55_BACAN	NFKB1_HUMAN	1	1392	two hybrid pooling approach	20711500
Q81X48	P19838	Bacillus anthracis	Q81X48_BACAN	NFKB1_HUMAN	1	1392	two hybrid pooling approach	20711500
Q81VA8	P19838	Bacillus anthracis	Q81VA8_BACAN	NFKB1_HUMAN	1	1392	two hybrid pooling approach	20711500
Q81UJ6	P19838	Bacillus anthracis	Q81UJ6_BACAN	NFKB1_HUMAN	1	1392	two hybrid pooling approach	20711500
Q81S47	P19838	Bacillus anthracis	Q81S47_BACAN	NFKB1_HUMAN	1	1392	two hybrid pooling approach	20711500
Q81ML4	P19838	Bacillus anthracis	Q81ML4_BACAN	NFKB1_HUMAN	1	1392	two hybrid pooling approach	20711500
Q81KR8	P19838	Bacillus anthracis	Q81KR8_BACAN	NFKB1_HUMAN	1	1392	two hybrid pooling approach	20711500
Q81KL3	P19838	Bacillus anthracis	Q81KL3_BACAN	NFKB1_HUMAN	1	1392	two hybrid pooling approach	20711500
Q81LB0	Q8NFW8	Bacillus anthracis	NTPA_BACAN	NEUA_HUMAN	1	1392	two hybrid pooling approach	20711500
Q81T38	Q14686	Bacillus anthracis	Q81T38_BACAN	NCOA6_HUMAN	1	1392	two hybrid pooling approach	20711500
Q81WX2	Q14686	Bacillus anthracis	Q81WX2_BACAN	NCOA6_HUMAN	1	1392	two hybrid pooling approach	20711500
Q81NS9	Q9Y6Q9	Bacillus anthracis	Q81NS9_BACAN	NCOA3_HUMAN	1	1392	two hybrid pooling approach	20711500
Q81SN0	Q13765	Bacillus anthracis	Q81SN0_BACAN	NACA_HUMAN	1	1392	two hybrid pooling approach	20711500
Q81Y80	P35579	Bacillus anthracis	Q81Y80_BACAN	MYH9_HUMAN	1	1392	two hybrid pooling approach	20711500
Q81Z98	O75592	Bacillus anthracis	Q81Z98_BACAN	MYCB2_HUMAN	1	1392	two hybrid pooling approach	20711500
Q81YD6	O75592	Bacillus anthracis	Q81YD6_BACAN	MYCB2_HUMAN	1	1392	two hybrid pooling approach	20711500
Q81TR9	Q92614	Bacillus anthracis	Q81TR9_BACAN	MY18A_HUMAN	1	1392	two hybrid pooling approach	20711500
Q81TT4	Q14764	Bacillus anthracis	CLPB_BACAN	MVP_HUMAN	1	1392	two hybrid pooling approach	20711500
Q81N92	Q14764	Bacillus anthracis	Q81N92_BACAN	MVP_HUMAN	1	1392	two hybrid pooling approach	20711500
Q81SM8	O15438	Bacillus anthracis	Q81SM8_BACAN	MRP3_HUMAN	1	1392	two hybrid pooling approach	20711500
Q81JL0	Q9Y5S2	Bacillus anthracis	Q81JL0_BACAN	MRCKB_HUMAN	1	1392	two hybrid pooling approach	20711500
Q81XI1	Q02750	Bacillus anthracis	Q81XI1_BACAN	MP2K1_HUMAN	1	1392	two hybrid pooling approach	20711500
Q81Y62	Q02750	Bacillus anthracis	Q81Y62_BACAN	MP2K1_HUMAN	1	1392	two hybrid pooling approach	20711500
Q81R90	Q9GZQ8	Bacillus anthracis	Q81R90_BACAN	MLP3B_HUMAN	1	1392	two hybrid pooling approach	20711500
Q81WR2	Q8TDR0	Bacillus anthracis	Q81WR2_BACAN	MIPT3_HUMAN	1	1392	two hybrid pooling approach	20711500
Q81YB5	Q96T58	Bacillus anthracis	Q81YB5_BACAN	MINT_HUMAN	1	1392	two hybrid pooling approach	20711500
Q81YE8	O60318	Bacillus anthracis	Q81YE8_BACAN	GANP_HUMAN	1	1392	two hybrid pooling approach	20711500
Q81Y62	Q8IX19	Bacillus anthracis	Q81Y62_BACAN	MCEM1_HUMAN	1	1392	two hybrid pooling approach	20711500
Q81XA4	Q96QZ7	Bacillus anthracis	Q81XA4_BACAN	MAGI1_HUMAN	1	1392	two hybrid pooling approach	20711500
Q81JW1	Q9UPN3	Bacillus anthracis	PYRG_BACAN	MACF1_HUMAN	1	1392	two hybrid pooling approach	20711500
Q81QG7	Q92918	Bacillus anthracis	Q81QG7_BACAN	M4K1_HUMAN	1	1392	two hybrid pooling approach	20711500
Q81K50	Q8N2S1	Bacillus anthracis	Q81K50_BACAN	LTBP4_HUMAN	1	1392	two hybrid pooling approach	20711500
Q81JP0	Q8N2S1	Bacillus anthracis	Q81JP0_BACAN	LTBP4_HUMAN	1	1392	two hybrid pooling approach	20711500
Q81ME0	Q8ND56	Bacillus anthracis	DEOB_BACAN	LS14A_HUMAN	1	1392	two hybrid pooling approach	20711500
Q81JP7	Q8N423	Bacillus anthracis	Q81JP7_BACAN	LIRB2_HUMAN	1	1392	two hybrid pooling approach	20711500
Q81LA6	P17931	Bacillus anthracis	Q81LA6_BACAN	LEG3_HUMAN	1	1392	two hybrid pooling approach	20711500
Q81S25	P17931	Bacillus anthracis	Q81S25_BACAN	LEG3_HUMAN	1	1392	two hybrid pooling approach	20711500
Q81NT8	P17931	Bacillus anthracis	Q81NT8_BACAN	LEG3_HUMAN	1	1392	two hybrid pooling approach	20711500
Q81KP1	P06239	Bacillus anthracis	Q81KP1_BACAN	LCK_HUMAN	1	1392	two hybrid pooling approach	20711500
Q81YE8	P42166	Bacillus anthracis	Q81YE8_BACAN	LAP2A_HUMAN	1	1392	two hybrid pooling approach	20711500
Q81Q57	O15230	Bacillus anthracis	Q81Q57_BACAN	LAMA5_HUMAN	1	1392	two hybrid pooling approach	20711500
Q81LD0	O00522	Bacillus anthracis	GSA2_BACAN	KRIT1_HUMAN	1	1392	two hybrid pooling approach	20711500
Q81NJ0	Q96PQ7	Bacillus anthracis	Q81NJ0_BACAN	KLHL5_HUMAN	1	1392	two hybrid pooling approach	20711500
Q81RT0	Q96PQ7	Bacillus anthracis	Q81RT0_BACAN	KLHL5_HUMAN	1	1392	two hybrid pooling approach	20711500
Q81K85	Q9Y2F5	Bacillus anthracis	GLGA_BACAN	ICE1_HUMAN	1	1392	two hybrid pooling approach	20711500
Q81VT8	P05412	Bacillus anthracis	RPOB_BACAN	JUN_HUMAN	1	1392	two hybrid pooling approach	20711500
Q81T40	Q86YT9	Bacillus anthracis	Q81T40_BACAN	JAML_HUMAN	1	1392	two hybrid pooling approach	20711500
Q81VT3	Q9NZM3	Bacillus anthracis	EFG_BACAN	ITSN2_HUMAN	1	1392	two hybrid pooling approach	20711500
Q81WI9	Q96CN7	Bacillus anthracis	Q81WI9_BACAN	ISOC1_HUMAN	1	1392	two hybrid pooling approach	20711500
Q81LK7	P46940	Bacillus anthracis	Q81LK7_BACAN	IQGA1_HUMAN	1	1392	two hybrid pooling approach	20711500
Q81NS2	P01877	Bacillus anthracis	Q81NS2_BACAN	IGHA2_HUMAN	1	1392	two hybrid pooling approach	20711500
Q81YE8	P01877	Bacillus anthracis	Q81YE8_BACAN	IGHA2_HUMAN	1	1392	two hybrid pooling approach	20711500
Q81LQ0	O43432	Bacillus anthracis	Q81LQ0_BACAN	IF4G3_HUMAN	1	1392	two hybrid pooling approach	20711500
Q81K42	P60842	Bacillus anthracis	Q81K42_BACAN	IF4A1_HUMAN	1	1392	two hybrid pooling approach	20711500
Q81ZE6	O43464	Bacillus anthracis	Q81ZE6_BACAN	HTRA2_HUMAN	1	1392	two hybrid pooling approach	20711500
Q81Z97	Q9UJY1	Bacillus anthracis	TOP3_BACAN	HSPB8_HUMAN	1	1392	two hybrid pooling approach	20711500
Q81TI7	P52597	Bacillus anthracis	Q81TI7_BACAN	HNRPF_HUMAN	1	1392	two hybrid pooling approach	20711500
Q6KMS8	P55795	Bacillus anthracis	EFP_BACAN	HNRH2_HUMAN	1	1392	two hybrid pooling approach	20711500
Q81K61	P26583	Bacillus anthracis	Q81K61_BACAN	HMGB2_HUMAN	1	1392	two hybrid pooling approach	20711500
Q81KB5	Q16534	Bacillus anthracis	Q81KB5_BACAN	HLF_HUMAN	1	1392	two hybrid pooling approach	20711500
Q81JI8	P04233	Bacillus anthracis	Q81JI8_BACAN	HG2A_HUMAN	1	1392	two hybrid pooling approach	20711500
Q81Z98	P04233	Bacillus anthracis	Q81Z98_BACAN	HG2A_HUMAN	1	1392	two hybrid pooling approach	20711500
Q81U80	P04233	Bacillus anthracis	Q81U80_BACAN	HG2A_HUMAN	1	1392	two hybrid pooling approach	20711500
Q81RG1	P04233	Bacillus anthracis	Q81RG1_BACAN	HG2A_HUMAN	1	1392	two hybrid pooling approach	20711500
Q81NM5	P04233	Bacillus anthracis	Q81NM5_BACAN	HG2A_HUMAN	1	1392	two hybrid pooling approach	20711500
Q81M67	O00165	Bacillus anthracis	BUK_BACAN	HAX1_HUMAN	1	1392	two hybrid pooling approach	20711500
Q81ZE0	O00165	Bacillus anthracis	Q81ZE0_BACAN	HAX1_HUMAN	1	1392	two hybrid pooling approach	20711500
Q81TT4	Q92522	Bacillus anthracis	CLPB_BACAN	H1X_HUMAN	1	1392	two hybrid pooling approach	20711500
Q81UK2	P25092	Bacillus anthracis	Q81UK2_BACAN	GUC2C_HUMAN	1	1392	two hybrid pooling approach	20711500
Q81SQ9	P09211	Bacillus anthracis	Q81SQ9_BACAN	GSTP1_HUMAN	1	1392	two hybrid pooling approach	20711500
Q81WS3	Q8TDU6	Bacillus anthracis	Q81WS3_BACAN	GPBAR_HUMAN	1	1392	two hybrid pooling approach	20711500
Q81WW1	P34897	Bacillus anthracis	Q81WW1_BACAN	GLYM_HUMAN	1	1392	two hybrid pooling approach	20711500
Q81XV4	P15104	Bacillus anthracis	Q81XV4_BACAN	GLNA_HUMAN	1	1392	two hybrid pooling approach	20711500
Q81W03	Q14161	Bacillus anthracis	SYM1_BACAN	GIT2_HUMAN	1	1392	two hybrid pooling approach	20711500
Q81KT8	Q9HCC8	Bacillus anthracis	EZRA_BACAN	GDPD2_HUMAN	1	1392	two hybrid pooling approach	20711500
Q81S59	Q9HCC8	Bacillus anthracis	Q81S59_BACAN	GDPD2_HUMAN	1	1392	two hybrid pooling approach	20711500
Q81LY1	Q9HCC8	Bacillus anthracis	Q81LY1_BACAN	GDPD2_HUMAN	1	1392	two hybrid pooling approach	20711500
Q81JS4	O60861	Bacillus anthracis	Q81JS4_BACAN	GAS7_HUMAN	1	1392	two hybrid pooling approach	20711500
Q81QQ9	Q96AE4	Bacillus anthracis	Q81QQ9_BACAN	FUBP1_HUMAN	1	1392	two hybrid pooling approach	20711500
Q9RN24	Q96AE4	Bacillus anthracis	Q9RN24_BACAN	FUBP1_HUMAN	1	1392	two hybrid pooling approach	20711500
Q81S59	Q5TBA9	Bacillus anthracis	Q81S59_BACAN	FRY_HUMAN	1	1392	two hybrid pooling approach	20711500
Q81ZA2	Q14192	Bacillus anthracis	Q81ZA2_BACAN	FHL2_HUMAN	1	1392	two hybrid pooling approach	20711500
Q81LC7	Q86WN1	Bacillus anthracis	HEM3_BACAN	FCSD1_HUMAN	1	1392	two hybrid pooling approach	20711500
Q81L40	Q0JRZ9	Bacillus anthracis	MUTS2_BACAN	FCHO2_HUMAN	1	1392	two hybrid pooling approach	20711500
Q6F051	Q12805	Bacillus anthracis	Q6F051_BACAN	FBLN3_HUMAN	1	1392	two hybrid pooling approach	20711500
Q81X70	Q12805	Bacillus anthracis	Q81X70_BACAN	FBLN3_HUMAN	1	1392	two hybrid pooling approach	20711500
Q81U49	Q6ICB0	Bacillus anthracis	Q81U49_BACAN	DESI1_HUMAN	1	1392	two hybrid pooling approach	20711500
Q81ME4	Q6ICB0	Bacillus anthracis	Q81ME4_BACAN	DESI1_HUMAN	1	1392	two hybrid pooling approach	20711500
Q81JI5	P50502	Bacillus anthracis	Q81JI5_BACAN	F10A1_HUMAN	1	1392	two hybrid pooling approach	20711500
Q81YS4	Q9NQT5	Bacillus anthracis	Q81YS4_BACAN	EXOS3_HUMAN	1	1392	two hybrid pooling approach	20711500
Q81UH0	Q01844	Bacillus anthracis	Q81UH0_BACAN	EWS_HUMAN	1	1392	two hybrid pooling approach	20711500
Q81LD0	P03372	Bacillus anthracis	GSA2_BACAN	ESR1_HUMAN	1	1392	two hybrid pooling approach	20711500
Q81V99	Q9Y6I3	Bacillus anthracis	Q81V99_BACAN	EPN1_HUMAN	1	1392	two hybrid pooling approach	20711500
Q81ZE2	P58107	Bacillus anthracis	Q81ZE2_BACAN	EPIPL_HUMAN	1	1392	two hybrid pooling approach	20711500
Q6KNA9	Q09472	Bacillus anthracis	METE_BACAN	EP300_HUMAN	1	1392	two hybrid pooling approach	20711500
Q6KMS8	P55199	Bacillus anthracis	EFP_BACAN	ELL_HUMAN	1	1392	two hybrid pooling approach	20711500
Q81K36	P55199	Bacillus anthracis	Q81K36_BACAN	ELL_HUMAN	1	1392	two hybrid pooling approach	20711500
Q81KT8	P55199	Bacillus anthracis	EZRA_BACAN	ELL_HUMAN	1	1392	two hybrid pooling approach	20711500
Q81ZG1	P32519	Bacillus anthracis	DNLJ_BACAN	ELF1_HUMAN	1	1392	two hybrid pooling approach	20711500
Q81YE8	Q9Y6B2	Bacillus anthracis	Q81YE8_BACAN	EID1_HUMAN	1	1392	two hybrid pooling approach	20711500
Q81ZF0	Q14232	Bacillus anthracis	Q81ZF0_BACAN	EI2BA_HUMAN	1	1392	two hybrid pooling approach	20711500
Q81PD4	P26641	Bacillus anthracis	Q81PD4_BACAN	EF1G_HUMAN	1	1392	two hybrid pooling approach	20711500
Q81U06	P26641	Bacillus anthracis	Q81U06_BACAN	EF1G_HUMAN	1	1392	two hybrid pooling approach	20711500
Q81SA4	P26641	Bacillus anthracis	Q81SA4_BACAN	EF1G_HUMAN	1	1392	two hybrid pooling approach	20711500
Q81NW2	O43491	Bacillus anthracis	Q81NW2_BACAN	E41L2_HUMAN	1	1392	two hybrid pooling approach	20711500
Q81VV3	O43491	Bacillus anthracis	SYE_BACAN	E41L2_HUMAN	1	1392	two hybrid pooling approach	20711500
Q81NZ2	P50570	Bacillus anthracis	Q81NZ2_BACAN	DYN2_HUMAN	1	1392	two hybrid pooling approach	20711500
Q81NJ6	Q14204	Bacillus anthracis	ARSC_BACAN	DYHC1_HUMAN	1	1392	two hybrid pooling approach	20711500
Q81M57	P33316	Bacillus anthracis	Q81M57_BACAN	DUT_HUMAN	1	1392	two hybrid pooling approach	20711500
Q81V76	P33316	Bacillus anthracis	Q81V76_BACAN	DUT_HUMAN	1	1392	two hybrid pooling approach	20711500
Q81TW1	O60941	Bacillus anthracis	ADDA_BACAN	DTNB_HUMAN	1	1392	two hybrid pooling approach	20711500
Q81XC3	O60941	Bacillus anthracis	Q81XC3_BACAN	DTNB_HUMAN	1	1392	two hybrid pooling approach	20711500
Q81PD4	Q8NEU8	Bacillus anthracis	Q81PD4_BACAN	DP13B_HUMAN	1	1392	two hybrid pooling approach	20711500
Q81U73	Q9Y6K1	Bacillus anthracis	Q81U73_BACAN	DNM3A_HUMAN	1	1392	two hybrid pooling approach	20711500
Q81S59	Q9Y6K1	Bacillus anthracis	Q81S59_BACAN	DNM3A_HUMAN	1	1392	two hybrid pooling approach	20711500
Q81VX4	P59666	Bacillus anthracis	COAX_BACAN	DEF3_HUMAN	1	1392	two hybrid pooling approach	20711500
Q81VF6	O00571	Bacillus anthracis	Q81VF6_BACAN	DDX3X_HUMAN	1	1392	two hybrid pooling approach	20711500
Q81QR0	O00571	Bacillus anthracis	Q81QR0_BACAN	DDX3X_HUMAN	1	1392	two hybrid pooling approach	20711500
Q81WF2	Q9Y4D1	Bacillus anthracis	CARB_BACAN	DAAM1_HUMAN	1	1392	two hybrid pooling approach	20711500
Q81V90	Q96F07	Bacillus anthracis	Q81V90_BACAN	CYFP2_HUMAN	1	1392	two hybrid pooling approach	20711500
Q81Y80	Q9H0L4	Bacillus anthracis	Q81Y80_BACAN	CSTFT_HUMAN	1	1392	two hybrid pooling approach	20711500
Q81X16	O75534	Bacillus anthracis	Q81X16_BACAN	CSDE1_HUMAN	1	1392	two hybrid pooling approach	20711500
Q81YE8	P50416	Bacillus anthracis	Q81YE8_BACAN	CPT1A_HUMAN	1	1392	two hybrid pooling approach	20711500
Q81R76	Q16630	Bacillus anthracis	Q81R76_BACAN	CPSF6_HUMAN	1	1392	two hybrid pooling approach	20711500
Q81X58	P24468	Bacillus anthracis	Q81X58_BACAN	COT2_HUMAN	1	1392	two hybrid pooling approach	20711500
Q81PJ7	Q86VX2	Bacillus anthracis	Q81PJ7_BACAN	COMD7_HUMAN	1	1392	two hybrid pooling approach	20711500
Q81UL6	Q9H9E3	Bacillus anthracis	Q81UL6_BACAN	COG4_HUMAN	1	1392	two hybrid pooling approach	20711500
Q81Z97	Q9H9E3	Bacillus anthracis	TOP3_BACAN	COG4_HUMAN	1	1392	two hybrid pooling approach	20711500
Q81ZB1	Q96JB2	Bacillus anthracis	Q81ZB1_BACAN	COG3_HUMAN	1	1392	two hybrid pooling approach	20711500
Q81QG7	P02462	Bacillus anthracis	Q81QG7_BACAN	CO4A1_HUMAN	1	1392	two hybrid pooling approach	20711500
Q81X48	P02462	Bacillus anthracis	Q81X48_BACAN	CO4A1_HUMAN	1	1392	two hybrid pooling approach	20711500
Q81TN3	P02462	Bacillus anthracis	Q81TN3_BACAN	CO4A1_HUMAN	1	1392	two hybrid pooling approach	20711500
Q81L14	P02452	Bacillus anthracis	Q81L14_BACAN	CO1A1_HUMAN	1	1392	two hybrid pooling approach	20711500
Q81VT8	Q9Y224	Bacillus anthracis	RPOB_BACAN	CN166_HUMAN	1	1392	two hybrid pooling approach	20711500
Q81QG7	Q9Y224	Bacillus anthracis	Q81QG7_BACAN	CN166_HUMAN	1	1392	two hybrid pooling approach	20711500
Q81L10	Q9HCM1	Bacillus anthracis	NRDR_BACAN	K1551_HUMAN	1	1392	two hybrid pooling approach	20711500
Q81KT8	Q7Z3E2	Bacillus anthracis	EZRA_BACAN	CC186_HUMAN	1	1392	two hybrid pooling approach	20711500
Q81TX4	Q9ULV3	Bacillus anthracis	Q81TX4_BACAN	CIZ1_HUMAN	1	1392	two hybrid pooling approach	20711500
Q81RG2	Q15642	Bacillus anthracis	Q81RG2_BACAN	CIP4_HUMAN	1	1392	two hybrid pooling approach	20711500
Q81SZ5	Q99828	Bacillus anthracis	Q81SZ5_BACAN	CIB1_HUMAN	1	1392	two hybrid pooling approach	20711500
Q81V70	Q99828	Bacillus anthracis	Q81V70_BACAN	CIB1_HUMAN	1	1392	two hybrid pooling approach	20711500
Q81QN4	Q99828	Bacillus anthracis	Q81QN4_BACAN	CIB1_HUMAN	1	1392	two hybrid pooling approach	20711500
Q81L14	Q9NX63	Bacillus anthracis	Q81L14_BACAN	MIC19_HUMAN	1	1392	two hybrid pooling approach	20711500
Q81YE8	Q9NX63	Bacillus anthracis	Q81YE8_BACAN	MIC19_HUMAN	1	1392	two hybrid pooling approach	20711500
Q81Z69	Q96MT8	Bacillus anthracis	Q81Z69_BACAN	CEP63_HUMAN	1	1392	two hybrid pooling approach	20711500
Q81N31	P60953	Bacillus anthracis	Q81N31_BACAN	CDC42_HUMAN	1	1392	two hybrid pooling approach	20711500
Q81RN4	P60953	Bacillus anthracis	Q81RN4_BACAN	CDC42_HUMAN	1	1392	two hybrid pooling approach	20711500
Q81UE9	O00585	Bacillus anthracis	Q81UE9_BACAN	CCL21_HUMAN	1	1392	two hybrid pooling approach	20711500
Q81LI7	Q53HC0	Bacillus anthracis	SYDND_BACAN	CCD92_HUMAN	1	1392	two hybrid pooling approach	20711500
Q81XI1	Q53HC0	Bacillus anthracis	Q81XI1_BACAN	CCD92_HUMAN	1	1392	two hybrid pooling approach	20711500
Q81RC4	Q6P2H3	Bacillus anthracis	Q81RC4_BACAN	CEP85_HUMAN	1	1392	two hybrid pooling approach	20711500
Q81XV4	Q9GZT6	Bacillus anthracis	Q81XV4_BACAN	CC90B_HUMAN	1	1392	two hybrid pooling approach	20711500
Q81MF0	Q9GZT6	Bacillus anthracis	Q81MF0_BACAN	CC90B_HUMAN	1	1392	two hybrid pooling approach	20711500
Q81UI7	P52907	Bacillus anthracis	SECA2_BACAN	CAZA1_HUMAN	1	1392	two hybrid pooling approach	20711500
Q81TD3	Q14444	Bacillus anthracis	Q81TD3_BACAN	CAPR1_HUMAN	1	1392	two hybrid pooling approach	20711500
Q81YE8	Q05682	Bacillus anthracis	Q81YE8_BACAN	CALD1_HUMAN	1	1392	two hybrid pooling approach	20711500
Q81TT5	Q9Y376	Bacillus anthracis	Q81TT5_BACAN	CAB39_HUMAN	1	1392	two hybrid pooling approach	20711500
Q81K51	Q6NZ36	Bacillus anthracis	Q81K51_BACAN	FAP20_HUMAN	1	1392	two hybrid pooling approach	20711500
Q81NP8	Q9BXJ5	Bacillus anthracis	Q81NP8_BACAN	C1QT2_HUMAN	1	1392	two hybrid pooling approach	20711500
Q9K5J5	P02745	Bacillus anthracis	Q9K5J5_BACAN	C1QA_HUMAN	1	1392	two hybrid pooling approach	20711500
P13423	Q3MJ40	Bacillus anthracis	PAG_BACAN	C144B_HUMAN	1	1392	two hybrid pooling approach	20711500
Q81Q85	Q3MJ40	Bacillus anthracis	Q81Q85_BACAN	C144B_HUMAN	1	1392	two hybrid pooling approach	20711500
Q81ME0	Q9H0E9	Bacillus anthracis	DEOB_BACAN	BRD8_HUMAN	1	1392	two hybrid pooling approach	20711500
Q81VV7	Q9NPI1	Bacillus anthracis	DISA_BACAN	BRD7_HUMAN	1	1392	two hybrid pooling approach	20711500
Q81X61	O60238	Bacillus anthracis	WHIA_BACAN	BNI3L_HUMAN	1	1392	two hybrid pooling approach	20711500
Q81MI3	Q9UHR4	Bacillus anthracis	Q81MI3_BACAN	BI2L1_HUMAN	1	1392	two hybrid pooling approach	20711500
Q81ZG1	P46379	Bacillus anthracis	DNLJ_BACAN	BAG6_HUMAN	1	1392	two hybrid pooling approach	20711500
Q81N18	P46379	Bacillus anthracis	Q81N18_BACAN	BAG6_HUMAN	1	1392	two hybrid pooling approach	20711500
Q81L67	P61769	Bacillus anthracis	Q81L67_BACAN	B2MG_HUMAN	1	1392	two hybrid pooling approach	20711500
Q81JF3	P54259	Bacillus anthracis	Q81JF3_BACAN	ATN1_HUMAN	1	1392	two hybrid pooling approach	20711500
Q81TE2	Q13315	Bacillus anthracis	Q81TE2_BACAN	ATM_HUMAN	1	1392	two hybrid pooling approach	20711500
Q81TT6	P00966	Bacillus anthracis	Q81TT6_BACAN	ASSY_HUMAN	1	1392	two hybrid pooling approach	20711500
Q81KN9	P20933	Bacillus anthracis	Q81KN9_BACAN	ASPG_HUMAN	1	1392	two hybrid pooling approach	20711500
Q9RN24	P29374	Bacillus anthracis	Q9RN24_BACAN	ARI4A_HUMAN	1	1392	two hybrid pooling approach	20711500
Q81QL4	Q92974	Bacillus anthracis	Q81QL4_BACAN	ARHG2_HUMAN	1	1392	two hybrid pooling approach	20711500
Q81YF9	O15143	Bacillus anthracis	Q81YF9_BACAN	ARC1B_HUMAN	1	1392	two hybrid pooling approach	20711500
Q81KQ7	Q92624	Bacillus anthracis	Q81KQ7_BACAN	APBP2_HUMAN	1	1392	two hybrid pooling approach	20711500
Q81XA6	O94973	Bacillus anthracis	Q81XA6_BACAN	AP2A2_HUMAN	1	1392	two hybrid pooling approach	20711500
Q81LQ9	O43747	Bacillus anthracis	Q81LQ9_BACAN	AP1G1_HUMAN	1	1392	two hybrid pooling approach	20711500
Q81MS2	O43747	Bacillus anthracis	SPEA_BACAN	AP1G1_HUMAN	1	1392	two hybrid pooling approach	20711500
Q81WR2	P20073	Bacillus anthracis	Q81WR2_BACAN	ANXA7_HUMAN	1	1392	two hybrid pooling approach	20711500
Q81TK4	P20073	Bacillus anthracis	Q81TK4_BACAN	ANXA7_HUMAN	1	1392	two hybrid pooling approach	20711500
Q81LR7	Q6UB98	Bacillus anthracis	LEPA_BACAN	ANR12_HUMAN	1	1392	two hybrid pooling approach	20711500
Q9K5J5	Q99873	Bacillus anthracis	Q9K5J5_BACAN	ANM1_HUMAN	1	1392	two hybrid pooling approach	20711500
Q81JW1	P15144	Bacillus anthracis	PYRG_BACAN	AMPN_HUMAN	1	1392	two hybrid pooling approach	20711500
Q81VV3	P15144	Bacillus anthracis	SYE_BACAN	AMPN_HUMAN	1	1392	two hybrid pooling approach	20711500
Q81L10	Q12802	Bacillus anthracis	NRDR_BACAN	AKP13_HUMAN	1	1392	two hybrid pooling approach	20711500
Q81XH0	Q12802	Bacillus anthracis	Q81XH0_BACAN	AKP13_HUMAN	1	1392	two hybrid pooling approach	20711500
Q81PX9	Q08117	Bacillus anthracis	Q81PX9_BACAN	AES_HUMAN	1	1392	two hybrid pooling approach	20711500
Q81ZD5	Q08117	Bacillus anthracis	Q81ZD5_BACAN	AES_HUMAN	1	1392	two hybrid pooling approach	20711500
Q81Y98	Q08117	Bacillus anthracis	Q81Y98_BACAN	AES_HUMAN	1	1392	two hybrid pooling approach	20711500
Q81M70	Q08117	Bacillus anthracis	Q81M70_BACAN	AES_HUMAN	1	1392	two hybrid pooling approach	20711500
Q81JH6	P63261	Bacillus anthracis	Q81JH6_BACAN	ACTG_HUMAN	1	1392	two hybrid pooling approach	20711500
Q81SN0	Q08AH1	Bacillus anthracis	Q81SN0_BACAN	ACSM1_HUMAN	1	1392	two hybrid pooling approach	20711500
Q81V91	Q9P2A4	Bacillus anthracis	Q81V91_BACAN	ABI3_HUMAN	1	1392	two hybrid pooling approach	20711500
Q81XC3	Q8IZP0	Bacillus anthracis	Q81XC3_BACAN	ABI1_HUMAN	1	1392	two hybrid pooling approach	20711500
Q81XC3	Q7Z5R6	Bacillus anthracis	Q81XC3_BACAN	AB1IP_HUMAN	1	1392	two hybrid pooling approach	20711500
Q81Y09	Q9BTE6	Bacillus anthracis	Q81Y09_BACAN	AASD1_HUMAN	1	1392	two hybrid pooling approach	20711500
Q81W03	O43681	Bacillus anthracis	SYM1_BACAN	ASNA_HUMAN	1	1392	two hybrid pooling approach	20711500
Q81VP2	Q9ULD2	Bacillus anthracis	Q81VP2_BACAN	MTUS1_HUMAN	1	1392	two hybrid pooling approach	20711500
Q81M79	A8K0D8	Bacillus anthracis	Q81M79_BACAN	A8K0D8_HUMAN	1	1392	two hybrid pooling approach	20711500
Q81ZC1	A5D8Y4	Bacillus anthracis	Q81ZC1_BACAN	A5D8Y4_HUMAN	1	1392	two hybrid pooling approach	20711500
Q81M70	A5D8Y4	Bacillus anthracis	Q81M70_BACAN	A5D8Y4_HUMAN	1	1392	two hybrid pooling approach	20711500
Q81K51	Q15942	Bacillus anthracis	Q81K51_BACAN	ZYX_HUMAN	1	1392	two hybrid pooling approach	20711500
Q81WN6	Q15942	Bacillus anthracis	Q81WN6_BACAN	ZYX_HUMAN	1	1392	two hybrid pooling approach	20711500
Q81SN0	Q9BR11	Bacillus anthracis	Q81SN0_BACAN	ZSWM1_HUMAN	1	1392	two hybrid pooling approach	20711500
Q81N23	Q9UGI0	Bacillus anthracis	Q81N23_BACAN	ZRAN1_HUMAN	1	1392	two hybrid pooling approach	20711500
Q81U08	Q07157	Bacillus anthracis	Q81U08_BACAN	ZO1_HUMAN	1	1392	two hybrid pooling approach	20711500
Q81M04	Q6PML9	Bacillus anthracis	Q81M04_BACAN	ZNT9_HUMAN	1	1392	two hybrid pooling approach	20711500
Q81WK2	Q6PML9	Bacillus anthracis	Q81WK2_BACAN	ZNT9_HUMAN	1	1392	two hybrid pooling approach	20711500
Q81K50	P17028	Bacillus anthracis	Q81K50_BACAN	ZNF24_HUMAN	1	1392	two hybrid pooling approach	20711500
Q81JI8	Q8N1G0	Bacillus anthracis	Q81JI8_BACAN	ZN687_HUMAN	1	1392	two hybrid pooling approach	20711500
Q81V76	O95780	Bacillus anthracis	Q81V76_BACAN	ZN682_HUMAN	1	1392	two hybrid pooling approach	20711500
Q81XS0	Q8NEM1	Bacillus anthracis	FENR2_BACAN	ZN680_HUMAN	1	1392	two hybrid pooling approach	20711500
Q81W25	Q9UID6	Bacillus anthracis	SYS_BACAN	ZN639_HUMAN	1	1392	two hybrid pooling approach	20711500
Q81XX7	Q9UID6	Bacillus anthracis	Q81XX7_BACAN	ZN639_HUMAN	1	1392	two hybrid pooling approach	20711500
Q81MB8	Q92610	Bacillus anthracis	Q81MB8_BACAN	ZN592_HUMAN	1	1392	two hybrid pooling approach	20711500
Q81LC7	Q6ZN55	Bacillus anthracis	HEM3_BACAN	ZN574_HUMAN	1	1392	two hybrid pooling approach	20711500
Q81US9	Q9H707	Bacillus anthracis	Q81US9_BACAN	ZN552_HUMAN	1	1392	two hybrid pooling approach	20711500
Q81XH0	Q5JVG2	Bacillus anthracis	Q81XH0_BACAN	ZN484_HUMAN	1	1392	two hybrid pooling approach	20711500
Q81U80	Q5JVG2	Bacillus anthracis	Q81U80_BACAN	ZN484_HUMAN	1	1392	two hybrid pooling approach	20711500
Q81K96	Q8TF32	Bacillus anthracis	Q81K96_BACAN	ZN431_HUMAN	1	1392	two hybrid pooling approach	20711500
Q81W25	Q14585	Bacillus anthracis	SYS_BACAN	ZN345_HUMAN	1	1392	two hybrid pooling approach	20711500
Q81M84	Q9Y3S2	Bacillus anthracis	Q81M84_BACAN	ZN330_HUMAN	1	1392	two hybrid pooling approach	20711500
Q81VE1	Q5BKZ1	Bacillus anthracis	CH60_BACAN	ZN326_HUMAN	1	1392	two hybrid pooling approach	20711500
Q81JW1	O60281	Bacillus anthracis	PYRG_BACAN	ZN292_HUMAN	1	1392	two hybrid pooling approach	20711500
Q81Y62	O60281	Bacillus anthracis	Q81Y62_BACAN	ZN292_HUMAN	1	1392	two hybrid pooling approach	20711500
Q81XV4	Q9UDV7	Bacillus anthracis	Q81XV4_BACAN	ZN282_HUMAN	1	1392	two hybrid pooling approach	20711500
Q81ZA2	Q9UDV7	Bacillus anthracis	Q81ZA2_BACAN	ZN282_HUMAN	1	1392	two hybrid pooling approach	20711500
Q81WC9	Q9Y2X9	Bacillus anthracis	MURD_BACAN	ZN281_HUMAN	1	1392	two hybrid pooling approach	20711500
Q81TB4	Q9NRM2	Bacillus anthracis	Q81TB4_BACAN	ZN277_HUMAN	1	1392	two hybrid pooling approach	20711500
Q81R75	Q9NRM2	Bacillus anthracis	SYI2_BACAN	ZN277_HUMAN	1	1392	two hybrid pooling approach	20711500
Q81VT8	Q9NRM2	Bacillus anthracis	RPOB_BACAN	ZN277_HUMAN	1	1392	two hybrid pooling approach	20711500
Q81YW6	Q9NRM2	Bacillus anthracis	Q81YW6_BACAN	ZN277_HUMAN	1	1392	two hybrid pooling approach	20711500
Q81V65	Q14586	Bacillus anthracis	Q81V65_BACAN	ZN267_HUMAN	1	1392	two hybrid pooling approach	20711500
Q81KT8	Q9UIE0	Bacillus anthracis	EZRA_BACAN	ZN230_HUMAN	1	1392	two hybrid pooling approach	20711500
Q81RU2	O43670	Bacillus anthracis	Q81RU2_BACAN	ZN207_HUMAN	1	1392	two hybrid pooling approach	20711500
Q81N85	O43670	Bacillus anthracis	Q81N85_BACAN	ZN207_HUMAN	1	1392	two hybrid pooling approach	20711500
Q81M06	Q9UBW7	Bacillus anthracis	GCST_BACAN	ZMYM2_HUMAN	1	1392	two hybrid pooling approach	20711500
Q81TY6	Q9UBW7	Bacillus anthracis	Q81TY6_BACAN	ZMYM2_HUMAN	1	1392	two hybrid pooling approach	20711500
Q81X77	Q9ULJ6	Bacillus anthracis	GPMI_BACAN	ZMIZ1_HUMAN	1	1392	two hybrid pooling approach	20711500
Q81TB0	Q9ULJ6	Bacillus anthracis	Q81TB0_BACAN	ZMIZ1_HUMAN	1	1392	two hybrid pooling approach	20711500
Q81T03	Q9ULJ6	Bacillus anthracis	Q81T03_BACAN	ZMIZ1_HUMAN	1	1392	two hybrid pooling approach	20711500
Q81TR2	Q5H9K5	Bacillus anthracis	CLS2_BACAN	ZMAT1_HUMAN	1	1392	two hybrid pooling approach	20711500
Q81XZ4	Q969J2	Bacillus anthracis	Q81XZ4_BACAN	ZKSC4_HUMAN	1	1392	two hybrid pooling approach	20711500
Q81QS8	Q9Y6X8	Bacillus anthracis	Q81QS8_BACAN	ZHX2_HUMAN	1	1392	two hybrid pooling approach	20711500
Q81KP9	Q9Y6X8	Bacillus anthracis	Y4944_BACAN	ZHX2_HUMAN	1	1392	two hybrid pooling approach	20711500
Q81JH6	Q9UKY1	Bacillus anthracis	Q81JH6_BACAN	ZHX1_HUMAN	1	1392	two hybrid pooling approach	20711500
Q81YE8	Q9UKY1	Bacillus anthracis	Q81YE8_BACAN	ZHX1_HUMAN	1	1392	two hybrid pooling approach	20711500
Q81Y22	Q9UKY1	Bacillus anthracis	Q81Y22_BACAN	ZHX1_HUMAN	1	1392	two hybrid pooling approach	20711500
Q81WQ8	Q9UKY1	Bacillus anthracis	Q81WQ8_BACAN	ZHX1_HUMAN	1	1392	two hybrid pooling approach	20711500
Q81SN0	P17010	Bacillus anthracis	Q81SN0_BACAN	ZFX_HUMAN	1	1392	two hybrid pooling approach	20711500
P13423	P31629	Bacillus anthracis	PAG_BACAN	ZEP2_HUMAN	1	1392	two hybrid pooling approach	20711500
Q81U00	P31629	Bacillus anthracis	Q81U00_BACAN	ZEP2_HUMAN	1	1392	two hybrid pooling approach	20711500
Q81SW8	P15822	Bacillus anthracis	GPDA_BACAN	ZEP1_HUMAN	1	1392	two hybrid pooling approach	20711500
Q81P54	P15822	Bacillus anthracis	Q81P54_BACAN	ZEP1_HUMAN	1	1392	two hybrid pooling approach	20711500
Q81JH6	O60315	Bacillus anthracis	Q81JH6_BACAN	ZEB2_HUMAN	1	1392	two hybrid pooling approach	20711500
Q81WF4	O60315	Bacillus anthracis	PYRDB_BACAN	ZEB2_HUMAN	1	1392	two hybrid pooling approach	20711500
Q81KT8	Q9NXF8	Bacillus anthracis	EZRA_BACAN	ZDHC7_HUMAN	1	1392	two hybrid pooling approach	20711500
Q81L21	Q8WTX9	Bacillus anthracis	Q81L21_BACAN	ZDHC1_HUMAN	1	1392	two hybrid pooling approach	20711500
Q81YD6	Q8IUH5	Bacillus anthracis	Q81YD6_BACAN	ZDH17_HUMAN	1	1392	two hybrid pooling approach	20711500
Q81TH0	Q8IUH5	Bacillus anthracis	Q81TH0_BACAN	ZDH17_HUMAN	1	1392	two hybrid pooling approach	20711500
Q81VP2	O15062	Bacillus anthracis	Q81VP2_BACAN	ZBTB5_HUMAN	1	1392	two hybrid pooling approach	20711500
Q81NG1	Q9Y2K1	Bacillus anthracis	Q81NG1_BACAN	ZBTB1_HUMAN	1	1392	two hybrid pooling approach	20711500
Q81LD4	Q05516	Bacillus anthracis	Q81LD4_BACAN	ZBT16_HUMAN	1	1392	two hybrid pooling approach	20711500
Q81MY7	Q49AG3	Bacillus anthracis	Q81MY7_BACAN	ZBED5_HUMAN	1	1392	two hybrid pooling approach	20711500
Q81M11	Q49AG3	Bacillus anthracis	Q81M11_BACAN	ZBED5_HUMAN	1	1392	two hybrid pooling approach	20711500
Q81JW1	P43403	Bacillus anthracis	PYRG_BACAN	ZAP70_HUMAN	1	1392	two hybrid pooling approach	20711500
Q81X48	Q6AHZ1	Bacillus anthracis	Q81X48_BACAN	Z518A_HUMAN	1	1392	two hybrid pooling approach	20711500
Q81YE8	Q6AHZ1	Bacillus anthracis	Q81YE8_BACAN	Z518A_HUMAN	1	1392	two hybrid pooling approach	20711500
Q81WM3	Q6AHZ1	Bacillus anthracis	IF2_BACAN	Z518A_HUMAN	1	1392	two hybrid pooling approach	20711500
Q81LD0	Q96LW1	Bacillus anthracis	GSA2_BACAN	Z354B_HUMAN	1	1392	two hybrid pooling approach	20711500
Q81UI7	Q9H869	Bacillus anthracis	SECA2_BACAN	YYAP1_HUMAN	1	1392	two hybrid pooling approach	20711500
Q81LD0	Q96TA2	Bacillus anthracis	GSA2_BACAN	YMEL1_HUMAN	1	1392	two hybrid pooling approach	20711500
Q81WI9	Q9BWQ6	Bacillus anthracis	Q81WI9_BACAN	YIPF2_HUMAN	1	1392	two hybrid pooling approach	20711500
Q81LD0	P67809	Bacillus anthracis	GSA2_BACAN	YBOX1_HUMAN	1	1392	two hybrid pooling approach	20711500
Q81TX2	P67809	Bacillus anthracis	Q81TX2_BACAN	YBOX1_HUMAN	1	1392	two hybrid pooling approach	20711500
Q81X16	Q8IZH2	Bacillus anthracis	Q81X16_BACAN	XRN1_HUMAN	1	1392	two hybrid pooling approach	20711500
Q81XS6	O14980	Bacillus anthracis	Q81XS6_BACAN	XPO1_HUMAN	1	1392	two hybrid pooling approach	20711500
Q81RR3	Q01831	Bacillus anthracis	Q81RR3_BACAN	XPC_HUMAN	1	1392	two hybrid pooling approach	20711500
Q81SZ0	Q9H0M0	Bacillus anthracis	Q81SZ0_BACAN	WWP1_HUMAN	1	1392	two hybrid pooling approach	20711500
Q81RS1	Q9H0M0	Bacillus anthracis	Q81RS1_BACAN	WWP1_HUMAN	1	1392	two hybrid pooling approach	20711500
Q81KT8	Q9Y6I7	Bacillus anthracis	EZRA_BACAN	WSB1_HUMAN	1	1392	two hybrid pooling approach	20711500
Q81KP6	O95785	Bacillus anthracis	Q81KP6_BACAN	WIZ_HUMAN	1	1392	two hybrid pooling approach	20711500
Q81VA8	Q5MNZ6	Bacillus anthracis	Q81VA8_BACAN	WIPI3_HUMAN	1	1392	two hybrid pooling approach	20711500
Q81RC4	Q9P202	Bacillus anthracis	Q81RC4_BACAN	WHRN_HUMAN	1	1392	two hybrid pooling approach	20711500
Q81JJ1	Q9P202	Bacillus anthracis	Q81JJ1_BACAN	WHRN_HUMAN	1	1392	two hybrid pooling approach	20711500
Q6KNA9	Q6ZMY6	Bacillus anthracis	METE_BACAN	WDR88_HUMAN	1	1392	two hybrid pooling approach	20711500
Q81YN3	Q6ZMY6	Bacillus anthracis	Q81YN3_BACAN	WDR88_HUMAN	1	1392	two hybrid pooling approach	20711500
Q81V26	Q6ZMY6	Bacillus anthracis	Q81V26_BACAN	WDR88_HUMAN	1	1392	two hybrid pooling approach	20711500
Q81LY0	Q6ZMY6	Bacillus anthracis	Q81LY0_BACAN	WDR88_HUMAN	1	1392	two hybrid pooling approach	20711500
Q81KM0	Q6ZMY6	Bacillus anthracis	Q81KM0_BACAN	WDR88_HUMAN	1	1392	two hybrid pooling approach	20711500
Q81U22	Q6ZMY6	Bacillus anthracis	HEMH1_BACAN	WDR88_HUMAN	1	1392	two hybrid pooling approach	20711500
Q81KV7	Q6ZMY6	Bacillus anthracis	ASSY_BACAN	WDR88_HUMAN	1	1392	two hybrid pooling approach	20711500
Q81L99	Q6PJI9	Bacillus anthracis	Q81L99_BACAN	WDR59_HUMAN	1	1392	two hybrid pooling approach	20711500
Q81K96	Q15061	Bacillus anthracis	Q81K96_BACAN	WDR43_HUMAN	1	1392	two hybrid pooling approach	20711500
Q81V26	Q9HAD4	Bacillus anthracis	Q81V26_BACAN	WDR41_HUMAN	1	1392	two hybrid pooling approach	20711500
Q81YI3	Q9HAD4	Bacillus anthracis	Q81YI3_BACAN	WDR41_HUMAN	1	1392	two hybrid pooling approach	20711500
Q81MY7	Q9BTA9	Bacillus anthracis	Q81MY7_BACAN	WAC_HUMAN	1	1392	two hybrid pooling approach	20711500
Q81TW1	P04275	Bacillus anthracis	ADDA_BACAN	VWF_HUMAN	1	1392	two hybrid pooling approach	20711500
Q81S69	P04275	Bacillus anthracis	Q81S69_BACAN	VWF_HUMAN	1	1392	two hybrid pooling approach	20711500
Q81RG7	P04275	Bacillus anthracis	Q81RG7_BACAN	VWF_HUMAN	1	1392	two hybrid pooling approach	20711500
Q81NM5	P04275	Bacillus anthracis	Q81NM5_BACAN	VWF_HUMAN	1	1392	two hybrid pooling approach	20711500
Q81N85	Q9NP79	Bacillus anthracis	Q81N85_BACAN	VTA1_HUMAN	1	1392	two hybrid pooling approach	20711500
Q81VT8	Q9P253	Bacillus anthracis	RPOB_BACAN	VPS18_HUMAN	1	1392	two hybrid pooling approach	20711500
Q81PS6	Q9H270	Bacillus anthracis	Q81PS6_BACAN	VPS11_HUMAN	1	1392	two hybrid pooling approach	20711500
Q81L62	Q96AX1	Bacillus anthracis	Q81L62_BACAN	VP33A_HUMAN	1	1392	two hybrid pooling approach	20711500
Q81Y62	Q5THJ4	Bacillus anthracis	Q81Y62_BACAN	VP13D_HUMAN	1	1392	two hybrid pooling approach	20711500
Q81XN0	Q5THJ4	Bacillus anthracis	Q81XN0_BACAN	VP13D_HUMAN	1	1392	two hybrid pooling approach	20711500
Q81WR4	Q709C8	Bacillus anthracis	MUTL_BACAN	VP13C_HUMAN	1	1392	two hybrid pooling approach	20711500
Q81ML5	Q69YN4	Bacillus anthracis	Q81ML5_BACAN	VIR_HUMAN	1	1392	two hybrid pooling approach	20711500
Q81M99	Q00341	Bacillus anthracis	OTC_BACAN	VIGLN_HUMAN	1	1392	two hybrid pooling approach	20711500
Q81PM5	P15692	Bacillus anthracis	Q81PM5_BACAN	VEGFA_HUMAN	1	1392	two hybrid pooling approach	20711500
Q81N61	P45880	Bacillus anthracis	Q81N61_BACAN	VDAC2_HUMAN	1	1392	two hybrid pooling approach	20711500
Q81L81	Q8NEY4	Bacillus anthracis	Q81L81_BACAN	VATC2_HUMAN	1	1392	two hybrid pooling approach	20711500
Q81VT8	Q9P0L0	Bacillus anthracis	RPOB_BACAN	VAPA_HUMAN	1	1392	two hybrid pooling approach	20711500
Q81TU4	Q9P0L0	Bacillus anthracis	Y1166_BACAN	VAPA_HUMAN	1	1392	two hybrid pooling approach	20711500
Q81YC9	Q9P0L0	Bacillus anthracis	Q81YC9_BACAN	VAPA_HUMAN	1	1392	two hybrid pooling approach	20711500
Q81UL9	Q9P0L0	Bacillus anthracis	Q81UL9_BACAN	VAPA_HUMAN	1	1392	two hybrid pooling approach	20711500
Q81SR0	Q9P0L0	Bacillus anthracis	Q81SR0_BACAN	VAPA_HUMAN	1	1392	two hybrid pooling approach	20711500
Q81QB9	Q9P0L0	Bacillus anthracis	Q81QB9_BACAN	VAPA_HUMAN	1	1392	two hybrid pooling approach	20711500
Q81NR3	Q9P0L0	Bacillus anthracis	Q81NR3_BACAN	VAPA_HUMAN	1	1392	two hybrid pooling approach	20711500
Q81MI3	Q9P0L0	Bacillus anthracis	Q81MI3_BACAN	VAPA_HUMAN	1	1392	two hybrid pooling approach	20711500
Q81M31	Q9P0L0	Bacillus anthracis	Q81M31_BACAN	VAPA_HUMAN	1	1392	two hybrid pooling approach	20711500
Q81JN7	Q9P0L0	Bacillus anthracis	Q81JN7_BACAN	VAPA_HUMAN	1	1392	two hybrid pooling approach	20711500
Q81JE0	Q9P0L0	Bacillus anthracis	FABZ_BACAN	VAPA_HUMAN	1	1392	two hybrid pooling approach	20711500
Q81NJ6	Q08AM6	Bacillus anthracis	ARSC_BACAN	VAC14_HUMAN	1	1392	two hybrid pooling approach	20711500
Q81M78	Q9UBK9	Bacillus anthracis	Q81M78_BACAN	UXT_HUMAN	1	1392	two hybrid pooling approach	20711500
Q81VY7	Q9UBK9	Bacillus anthracis	Q81VY7_BACAN	UXT_HUMAN	1	1392	two hybrid pooling approach	20711500
Q81TR0	Q9UBK9	Bacillus anthracis	Q81TR0_BACAN	UXT_HUMAN	1	1392	two hybrid pooling approach	20711500
Q81S69	Q9UBK9	Bacillus anthracis	Q81S69_BACAN	UXT_HUMAN	1	1392	two hybrid pooling approach	20711500
Q81RN4	Q9UBK9	Bacillus anthracis	Q81RN4_BACAN	UXT_HUMAN	1	1392	two hybrid pooling approach	20711500
Q81Y46	Q9UBK9	Bacillus anthracis	HUTU_BACAN	UXT_HUMAN	1	1392	two hybrid pooling approach	20711500
Q81LS0	Q9UBK9	Bacillus anthracis	HRCA_BACAN	UXT_HUMAN	1	1392	two hybrid pooling approach	20711500
Q81KV7	P46939	Bacillus anthracis	ASSY_BACAN	UTRO_HUMAN	1	1392	two hybrid pooling approach	20711500
Q81MS2	P46939	Bacillus anthracis	SPEA_BACAN	UTRO_HUMAN	1	1392	two hybrid pooling approach	20711500
Q81QC9	P46939	Bacillus anthracis	Q81QC9_BACAN	UTRO_HUMAN	1	1392	two hybrid pooling approach	20711500
Q81NI5	P46939	Bacillus anthracis	Q81NI5_BACAN	UTRO_HUMAN	1	1392	two hybrid pooling approach	20711500
Q81KY8	P46939	Bacillus anthracis	ACCD_BACAN	UTRO_HUMAN	1	1392	two hybrid pooling approach	20711500
Q81M51	Q9NYH9	Bacillus anthracis	EX7L_BACAN	UTP6_HUMAN	1	1392	two hybrid pooling approach	20711500
Q81L13	Q93008	Bacillus anthracis	Q81L13_BACAN	USP9X_HUMAN	1	1392	two hybrid pooling approach	20711500
Q81VT8	Q93008	Bacillus anthracis	RPOB_BACAN	USP9X_HUMAN	1	1392	two hybrid pooling approach	20711500
Q81UX8	O60763	Bacillus anthracis	Q81UX8_BACAN	USO1_HUMAN	1	1392	two hybrid pooling approach	20711500
Q81SW4	Q15853	Bacillus anthracis	SP4A_BACAN	USF2_HUMAN	1	1392	two hybrid pooling approach	20711500
Q81U80	Q15853	Bacillus anthracis	Q81U80_BACAN	USF2_HUMAN	1	1392	two hybrid pooling approach	20711500
Q81S59	Q8N6Y0	Bacillus anthracis	Q81S59_BACAN	USBP1_HUMAN	1	1392	two hybrid pooling approach	20711500
Q81T34	P07911	Bacillus anthracis	Q81T34_BACAN	UROM_HUMAN	1	1392	two hybrid pooling approach	20711500
Q81SL8	P07911	Bacillus anthracis	Q81SL8_BACAN	UROM_HUMAN	1	1392	two hybrid pooling approach	20711500
Q81VX3	O14795	Bacillus anthracis	HSLO_BACAN	UN13B_HUMAN	1	1392	two hybrid pooling approach	20711500
Q81KV7	O75385	Bacillus anthracis	ASSY_BACAN	ULK1_HUMAN	1	1392	two hybrid pooling approach	20711500
Q81QY8	Q16851	Bacillus anthracis	Q81QY8_BACAN	UGPA_HUMAN	1	1392	two hybrid pooling approach	20711500
Q81Z00	Q92890	Bacillus anthracis	Q81Z00_BACAN	UFD1_HUMAN	1	1392	two hybrid pooling approach	20711500
Q81KT8	Q9HA47	Bacillus anthracis	EZRA_BACAN	UCK1_HUMAN	1	1392	two hybrid pooling approach	20711500
Q81Q12	Q9Y5Z9	Bacillus anthracis	Q81Q12_BACAN	UBIA1_HUMAN	1	1392	two hybrid pooling approach	20711500
Q81LQ0	P62328	Bacillus anthracis	Q81LQ0_BACAN	TYB4_HUMAN	1	1392	two hybrid pooling approach	20711500
Q81S44	P62328	Bacillus anthracis	Q81S44_BACAN	TYB4_HUMAN	1	1392	two hybrid pooling approach	20711500
Q81X77	P62328	Bacillus anthracis	GPMI_BACAN	TYB4_HUMAN	1	1392	two hybrid pooling approach	20711500
Q81ME0	Q9H3M7	Bacillus anthracis	DEOB_BACAN	TXNIP_HUMAN	1	1392	two hybrid pooling approach	20711500
Q81TT4	Q9H3M7	Bacillus anthracis	CLPB_BACAN	TXNIP_HUMAN	1	1392	two hybrid pooling approach	20711500
Q81TR0	Q6PKC3	Bacillus anthracis	Q81TR0_BACAN	TXD11_HUMAN	1	1392	two hybrid pooling approach	20711500
Q81NZ1	Q6PKC3	Bacillus anthracis	Q81NZ1_BACAN	TXD11_HUMAN	1	1392	two hybrid pooling approach	20711500
Q81MQ6	Q6PKC3	Bacillus anthracis	Q81MQ6_BACAN	TXD11_HUMAN	1	1392	two hybrid pooling approach	20711500
Q81K29	Q6PKC3	Bacillus anthracis	Q81K29_BACAN	TXD11_HUMAN	1	1392	two hybrid pooling approach	20711500
Q81TK1	Q6PKC3	Bacillus anthracis	ODO1_BACAN	TXD11_HUMAN	1	1392	two hybrid pooling approach	20711500
Q81X78	Q6IBS0	Bacillus anthracis	ENO_BACAN	TWF2_HUMAN	1	1392	two hybrid pooling approach	20711500
Q81SW0	Q9C0H2	Bacillus anthracis	MENG_BACAN	TTYH3_HUMAN	1	1392	two hybrid pooling approach	20711500
Q81LC5	Q9C0H2	Bacillus anthracis	HEM1_BACAN	TTYH3_HUMAN	1	1392	two hybrid pooling approach	20711500
Q81XC2	O95551	Bacillus anthracis	Q81XC2_BACAN	TYDP2_HUMAN	1	1392	two hybrid pooling approach	20711500
Q81N85	P26651	Bacillus anthracis	Q81N85_BACAN	TTP_HUMAN	1	1392	two hybrid pooling approach	20711500
Q9X334	P26651	Bacillus anthracis	Q9X334_BACAN	TTP_HUMAN	1	1392	two hybrid pooling approach	20711500
Q81U00	P53804	Bacillus anthracis	Q81U00_BACAN	TTC3_HUMAN	1	1392	two hybrid pooling approach	20711500
Q81QG7	Q15006	Bacillus anthracis	Q81QG7_BACAN	EMC2_HUMAN	1	1392	two hybrid pooling approach	20711500
Q81LR1	Q8WVT3	Bacillus anthracis	Q81LR1_BACAN	TPC12_HUMAN	1	1392	two hybrid pooling approach	20711500
Q81YV0	Q9H2G4	Bacillus anthracis	GSA1_BACAN	TSYL2_HUMAN	1	1392	two hybrid pooling approach	20711500
Q81R83	Q9H2G4	Bacillus anthracis	Y2173_BACAN	TSYL2_HUMAN	1	1392	two hybrid pooling approach	20711500
Q81LC3	Q99598	Bacillus anthracis	Q81LC3_BACAN	TSNAX_HUMAN	1	1392	two hybrid pooling approach	20711500
Q81X48	Q99598	Bacillus anthracis	Q81X48_BACAN	TSNAX_HUMAN	1	1392	two hybrid pooling approach	20711500
Q81RS8	Q99598	Bacillus anthracis	Q81RS8_BACAN	TSNAX_HUMAN	1	1392	two hybrid pooling approach	20711500
Q81MT6	Q99598	Bacillus anthracis	Q81MT6_BACAN	TSNAX_HUMAN	1	1392	two hybrid pooling approach	20711500
Q81JK1	Q92574	Bacillus anthracis	Q81JK1_BACAN	TSC1_HUMAN	1	1392	two hybrid pooling approach	20711500
Q81WL8	Q92574	Bacillus anthracis	Q81WL8_BACAN	TSC1_HUMAN	1	1392	two hybrid pooling approach	20711500
Q81TY9	Q92574	Bacillus anthracis	Q81TY9_BACAN	TSC1_HUMAN	1	1392	two hybrid pooling approach	20711500
Q81L14	Q92574	Bacillus anthracis	Q81L14_BACAN	TSC1_HUMAN	1	1392	two hybrid pooling approach	20711500
Q81MN9	Q99816	Bacillus anthracis	PPK_BACAN	TS101_HUMAN	1	1392	two hybrid pooling approach	20711500
Q81QG7	Q99816	Bacillus anthracis	Q81QG7_BACAN	TS101_HUMAN	1	1392	two hybrid pooling approach	20711500
Q81P43	Q9Y2L5	Bacillus anthracis	Q81P43_BACAN	TPPC8_HUMAN	1	1392	two hybrid pooling approach	20711500
Q81TT4	Q9UHF7	Bacillus anthracis	CLPB_BACAN	TRPS1_HUMAN	1	1392	two hybrid pooling approach	20711500
Q81JU4	Q9UHF7	Bacillus anthracis	Q81JU4_BACAN	TRPS1_HUMAN	1	1392	two hybrid pooling approach	20711500
Q81TT4	P48995	Bacillus anthracis	CLPB_BACAN	TRPC1_HUMAN	1	1392	two hybrid pooling approach	20711500
Q81PZ2	P48995	Bacillus anthracis	Q81PZ2_BACAN	TRPC1_HUMAN	1	1392	two hybrid pooling approach	20711500
Q81PF8	P48995	Bacillus anthracis	Q81PF8_BACAN	TRPC1_HUMAN	1	1392	two hybrid pooling approach	20711500
Q81N23	P48995	Bacillus anthracis	Q81N23_BACAN	TRPC1_HUMAN	1	1392	two hybrid pooling approach	20711500
Q81KP6	P48995	Bacillus anthracis	Q81KP6_BACAN	TRPC1_HUMAN	1	1392	two hybrid pooling approach	20711500
Q81KM0	P48995	Bacillus anthracis	Q81KM0_BACAN	TRPC1_HUMAN	1	1392	two hybrid pooling approach	20711500
Q81K50	P48995	Bacillus anthracis	Q81K50_BACAN	TRPC1_HUMAN	1	1392	two hybrid pooling approach	20711500
Q6KNA9	P48995	Bacillus anthracis	METE_BACAN	TRPC1_HUMAN	1	1392	two hybrid pooling approach	20711500
Q81LR7	P48995	Bacillus anthracis	LEPA_BACAN	TRPC1_HUMAN	1	1392	two hybrid pooling approach	20711500
Q81VT3	Q15654	Bacillus anthracis	EFG_BACAN	TRIP6_HUMAN	1	1392	two hybrid pooling approach	20711500
Q81XI5	Q15650	Bacillus anthracis	Q81XI5_BACAN	TRIP4_HUMAN	1	1392	two hybrid pooling approach	20711500
Q81W18	Q9C029	Bacillus anthracis	Q81W18_BACAN	TRIM7_HUMAN	1	1392	two hybrid pooling approach	20711500
Q81Y62	Q9C029	Bacillus anthracis	Q81Y62_BACAN	TRIM7_HUMAN	1	1392	two hybrid pooling approach	20711500
Q81XS6	Q9C029	Bacillus anthracis	Q81XS6_BACAN	TRIM7_HUMAN	1	1392	two hybrid pooling approach	20711500
Q81ZG1	Q9UJV3	Bacillus anthracis	DNLJ_BACAN	TRIM1_HUMAN	1	1392	two hybrid pooling approach	20711500
Q81VV7	O43715	Bacillus anthracis	DISA_BACAN	TRIA1_HUMAN	1	1392	two hybrid pooling approach	20711500
Q81RJ7	Q96LD4	Bacillus anthracis	Q81RJ7_BACAN	TRI47_HUMAN	1	1392	two hybrid pooling approach	20711500
Q81S59	P14373	Bacillus anthracis	Q81S59_BACAN	TRI27_HUMAN	1	1392	two hybrid pooling approach	20711500
Q81NM6	P14373	Bacillus anthracis	Q81NM6_BACAN	TRI27_HUMAN	1	1392	two hybrid pooling approach	20711500
Q81NI7	Q8IYM9	Bacillus anthracis	Q81NI7_BACAN	TRI22_HUMAN	1	1392	two hybrid pooling approach	20711500
Q81V26	Q14142	Bacillus anthracis	Q81V26_BACAN	TRI14_HUMAN	1	1392	two hybrid pooling approach	20711500
Q81YG6	Q96F44	Bacillus anthracis	Q81YG6_BACAN	TRI11_HUMAN	1	1392	two hybrid pooling approach	20711500
Q81LU4	Q15629	Bacillus anthracis	Q81LU4_BACAN	TRAM1_HUMAN	1	1392	two hybrid pooling approach	20711500
Q81ZE0	Q6Q0C0	Bacillus anthracis	Q81ZE0_BACAN	TRAF7_HUMAN	1	1392	two hybrid pooling approach	20711500
Q9APZ2	O00463	Bacillus anthracis	RECA_BACAN	TRAF5_HUMAN	1	1392	two hybrid pooling approach	20711500
Q81VT8	O15533	Bacillus anthracis	RPOB_BACAN	TPSN_HUMAN	1	1392	two hybrid pooling approach	20711500
Q9RMZ3	O15533	Bacillus anthracis	Q9RMZ3_BACAN	TPSN_HUMAN	1	1392	two hybrid pooling approach	20711500
Q81TH5	O14773	Bacillus anthracis	Q81TH5_BACAN	TPP1_HUMAN	1	1392	two hybrid pooling approach	20711500
Q81N23	O14773	Bacillus anthracis	Q81N23_BACAN	TPP1_HUMAN	1	1392	two hybrid pooling approach	20711500
Q81M70	O14773	Bacillus anthracis	Q81M70_BACAN	TPP1_HUMAN	1	1392	two hybrid pooling approach	20711500
Q81LY0	O14773	Bacillus anthracis	Q81LY0_BACAN	TPP1_HUMAN	1	1392	two hybrid pooling approach	20711500
Q81L99	O14773	Bacillus anthracis	Q81L99_BACAN	TPP1_HUMAN	1	1392	two hybrid pooling approach	20711500
Q81S14	O43399	Bacillus anthracis	MTAD_BACAN	TPD54_HUMAN	1	1392	two hybrid pooling approach	20711500
Q81QV1	O94842	Bacillus anthracis	Q81QV1_BACAN	TOX4_HUMAN	1	1392	two hybrid pooling approach	20711500
Q81ST3	O94842	Bacillus anthracis	PANB_BACAN	TOX4_HUMAN	1	1392	two hybrid pooling approach	20711500
Q81X77	Q9UPQ9	Bacillus anthracis	GPMI_BACAN	TNR6B_HUMAN	1	1392	two hybrid pooling approach	20711500
Q81LD4	Q8NDV7	Bacillus anthracis	Q81LD4_BACAN	TNR6A_HUMAN	1	1392	two hybrid pooling approach	20711500
Q81YN3	Q8NDV7	Bacillus anthracis	Q81YN3_BACAN	TNR6A_HUMAN	1	1392	two hybrid pooling approach	20711500
Q81SW4	Q8NDV7	Bacillus anthracis	SP4A_BACAN	TNR6A_HUMAN	1	1392	two hybrid pooling approach	20711500
Q81ST0	Q8NDV7	Bacillus anthracis	Q81ST0_BACAN	TNR6A_HUMAN	1	1392	two hybrid pooling approach	20711500
Q81S59	Q8NDV7	Bacillus anthracis	Q81S59_BACAN	TNR6A_HUMAN	1	1392	two hybrid pooling approach	20711500
Q81MR0	P20333	Bacillus anthracis	Q81MR0_BACAN	TNR1B_HUMAN	1	1392	two hybrid pooling approach	20711500
Q81NN0	Q92973	Bacillus anthracis	GLSA2_BACAN	TNPO1_HUMAN	1	1392	two hybrid pooling approach	20711500
Q81V68	P50591	Bacillus anthracis	Q81V68_BACAN	TNF10_HUMAN	1	1392	two hybrid pooling approach	20711500
Q81WA0	Q71RG4	Bacillus anthracis	Q81WA0_BACAN	TMUB2_HUMAN	1	1392	two hybrid pooling approach	20711500
Q81LQ9	Q9BV81	Bacillus anthracis	Q81LQ9_BACAN	EMC6_HUMAN	1	1392	two hybrid pooling approach	20711500
Q81TR2	Q96BY9	Bacillus anthracis	CLS2_BACAN	SARAF_HUMAN	1	1392	two hybrid pooling approach	20711500
Q81KM0	Q96GC9	Bacillus anthracis	Q81KM0_BACAN	VMP1_HUMAN	1	1392	two hybrid pooling approach	20711500
Q81KP6	Q8TAF8	Bacillus anthracis	Q81KP6_BACAN	TMHS_HUMAN	1	1392	two hybrid pooling approach	20711500
Q81Q87	O94876	Bacillus anthracis	Q81Q87_BACAN	TMCC1_HUMAN	1	1392	two hybrid pooling approach	20711500
Q81WV1	O94876	Bacillus anthracis	Q81WV1_BACAN	TMCC1_HUMAN	1	1392	two hybrid pooling approach	20711500
Q81P16	O94876	Bacillus anthracis	Q81P16_BACAN	TMCC1_HUMAN	1	1392	two hybrid pooling approach	20711500
Q81NR3	Q9HC24	Bacillus anthracis	Q81NR3_BACAN	LFG4_HUMAN	1	1392	two hybrid pooling approach	20711500
Q81TH5	Q969X1	Bacillus anthracis	Q81TH5_BACAN	LFG3_HUMAN	1	1392	two hybrid pooling approach	20711500
Q81UM5	Q9HD45	Bacillus anthracis	Q81UM5_BACAN	TM9S3_HUMAN	1	1392	two hybrid pooling approach	20711500
Q81MM5	Q9HD45	Bacillus anthracis	Q81MM5_BACAN	TM9S3_HUMAN	1	1392	two hybrid pooling approach	20711500
Q81M38	Q9NS93	Bacillus anthracis	Q81M38_BACAN	TM7S3_HUMAN	1	1392	two hybrid pooling approach	20711500
Q81S56	Q8N4L2	Bacillus anthracis	Q81S56_BACAN	TM55A_HUMAN	1	1392	two hybrid pooling approach	20711500
Q81ZE0	Q8N4L2	Bacillus anthracis	Q81ZE0_BACAN	TM55A_HUMAN	1	1392	two hybrid pooling approach	20711500
Q81JY7	Q4KMQ2	Bacillus anthracis	Q81JY7_BACAN	ANO6_HUMAN	1	1392	two hybrid pooling approach	20711500
Q81R09	P31314	Bacillus anthracis	Q81R09_BACAN	TLX1_HUMAN	1	1392	two hybrid pooling approach	20711500
Q81U80	Q9UKI8	Bacillus anthracis	Q81U80_BACAN	TLK1_HUMAN	1	1392	two hybrid pooling approach	20711500
Q81VY7	Q04727	Bacillus anthracis	Q81VY7_BACAN	TLE4_HUMAN	1	1392	two hybrid pooling approach	20711500
Q81T30	Q04727	Bacillus anthracis	Q81T30_BACAN	TLE4_HUMAN	1	1392	two hybrid pooling approach	20711500
Q81QN9	Q04726	Bacillus anthracis	Q81QN9_BACAN	TLE3_HUMAN	1	1392	two hybrid pooling approach	20711500
Q81LK7	Q07352	Bacillus anthracis	Q81LK7_BACAN	TISB_HUMAN	1	1392	two hybrid pooling approach	20711500
Q81MM5	O75663	Bacillus anthracis	Q81MM5_BACAN	TIPRL_HUMAN	1	1392	two hybrid pooling approach	20711500
Q81XS0	Q9BSI4	Bacillus anthracis	FENR2_BACAN	TINF2_HUMAN	1	1392	two hybrid pooling approach	20711500
Q81XP1	Q9BSI4	Bacillus anthracis	Q81XP1_BACAN	TINF2_HUMAN	1	1392	two hybrid pooling approach	20711500
Q81UE9	Q9GZM7	Bacillus anthracis	Q81UE9_BACAN	TINAL_HUMAN	1	1392	two hybrid pooling approach	20711500
Q9X365	Q9GZM7	Bacillus anthracis	Q9X365_BACAN	TINAL_HUMAN	1	1392	two hybrid pooling approach	20711500
Q81TK4	Q9GZM7	Bacillus anthracis	Q81TK4_BACAN	TINAL_HUMAN	1	1392	two hybrid pooling approach	20711500
Q81RW1	Q9GZM7	Bacillus anthracis	Q81RW1_BACAN	TINAL_HUMAN	1	1392	two hybrid pooling approach	20711500
Q81PJ7	Q9GZM7	Bacillus anthracis	Q81PJ7_BACAN	TINAL_HUMAN	1	1392	two hybrid pooling approach	20711500
Q81PH4	Q9GZM7	Bacillus anthracis	Q81PH4_BACAN	TINAL_HUMAN	1	1392	two hybrid pooling approach	20711500
Q81M70	Q9GZM7	Bacillus anthracis	Q81M70_BACAN	TINAL_HUMAN	1	1392	two hybrid pooling approach	20711500
Q81LQ9	Q9GZM7	Bacillus anthracis	Q81LQ9_BACAN	TINAL_HUMAN	1	1392	two hybrid pooling approach	20711500
Q81S14	O43615	Bacillus anthracis	MTAD_BACAN	TIM44_HUMAN	1	1392	two hybrid pooling approach	20711500
Q81X48	Q02763	Bacillus anthracis	Q81X48_BACAN	TIE2_HUMAN	1	1392	two hybrid pooling approach	20711500
Q81KR5	Q01085	Bacillus anthracis	Q81KR5_BACAN	TIAR_HUMAN	1	1392	two hybrid pooling approach	20711500
Q81TU8	Q13009	Bacillus anthracis	Q81TU8_BACAN	TIAM1_HUMAN	1	1392	two hybrid pooling approach	20711500
Q81XD7	P01266	Bacillus anthracis	Q81XD7_BACAN	THYG_HUMAN	1	1392	two hybrid pooling approach	20711500
Q6HQX5	Q9BU02	Bacillus anthracis	Y5405_BACAN	THTPA_HUMAN	1	1392	two hybrid pooling approach	20711500
Q81QR0	Q96J01	Bacillus anthracis	Q81QR0_BACAN	THOC3_HUMAN	1	1392	two hybrid pooling approach	20711500
Q81LN0	P37173	Bacillus anthracis	Q81LN0_BACAN	TGFR2_HUMAN	1	1392	two hybrid pooling approach	20711500
Q81RG2	Q9UBB9	Bacillus anthracis	Q81RG2_BACAN	TFP11_HUMAN	1	1392	two hybrid pooling approach	20711500
P13423	Q9NQB0	Bacillus anthracis	PAG_BACAN	TF7L2_HUMAN	1	1392	two hybrid pooling approach	20711500
Q81NJ0	Q92664	Bacillus anthracis	Q81NJ0_BACAN	TF3A_HUMAN	1	1392	two hybrid pooling approach	20711500
Q81ST0	Q92664	Bacillus anthracis	Q81ST0_BACAN	TF3A_HUMAN	1	1392	two hybrid pooling approach	20711500
Q81N85	Q00403	Bacillus anthracis	Q81N85_BACAN	TF2B_HUMAN	1	1392	two hybrid pooling approach	20711500
Q81KT8	Q8IWB9	Bacillus anthracis	EZRA_BACAN	TEX2_HUMAN	1	1392	two hybrid pooling approach	20711500
Q81LM0	Q9UGI8	Bacillus anthracis	Q81LM0_BACAN	TES_HUMAN	1	1392	two hybrid pooling approach	20711500
Q81YC1	Q9UGI8	Bacillus anthracis	Q81YC1_BACAN	TES_HUMAN	1	1392	two hybrid pooling approach	20711500
Q81WF0	Q9UGI8	Bacillus anthracis	PYRC_BACAN	TES_HUMAN	1	1392	two hybrid pooling approach	20711500
Q81U00	Q9UGI8	Bacillus anthracis	Q81U00_BACAN	TES_HUMAN	1	1392	two hybrid pooling approach	20711500
Q81Q02	Q9UGI8	Bacillus anthracis	Q81Q02_BACAN	TES_HUMAN	1	1392	two hybrid pooling approach	20711500
Q81KU2	Q9UGI8	Bacillus anthracis	Q81KU2_BACAN	TES_HUMAN	1	1392	two hybrid pooling approach	20711500
Q81JI9	P22105	Bacillus anthracis	PURA_BACAN	TENX_HUMAN	1	1392	two hybrid pooling approach	20711500
Q81KS5	Q68CZ2	Bacillus anthracis	Q81KS5_BACAN	TENS3_HUMAN	1	1392	two hybrid pooling approach	20711500
Q81VT8	Q10587	Bacillus anthracis	RPOB_BACAN	TEF_HUMAN	1	1392	two hybrid pooling approach	20711500
Q81JT7	Q10587	Bacillus anthracis	SYR1_BACAN	TEF_HUMAN	1	1392	two hybrid pooling approach	20711500
Q81Y98	Q10587	Bacillus anthracis	Q81Y98_BACAN	TEF_HUMAN	1	1392	two hybrid pooling approach	20711500
Q81NG4	Q10587	Bacillus anthracis	Q81NG4_BACAN	TEF_HUMAN	1	1392	two hybrid pooling approach	20711500
Q81U80	P13693	Bacillus anthracis	Q81U80_BACAN	TCTP_HUMAN	1	1392	two hybrid pooling approach	20711500
Q81PT2	P13693	Bacillus anthracis	Q81PT2_BACAN	TCTP_HUMAN	1	1392	two hybrid pooling approach	20711500
Q81JL0	O14776	Bacillus anthracis	Q81JL0_BACAN	TCRG1_HUMAN	1	1392	two hybrid pooling approach	20711500
Q81JE2	P50990	Bacillus anthracis	Q81JE2_BACAN	TCPQ_HUMAN	1	1392	two hybrid pooling approach	20711500
Q81XT3	P50990	Bacillus anthracis	SYG_BACAN	TCPQ_HUMAN	1	1392	two hybrid pooling approach	20711500
Q81W74	Q99832	Bacillus anthracis	Q81W74_BACAN	TCPH_HUMAN	1	1392	two hybrid pooling approach	20711500
Q81QL7	P49368	Bacillus anthracis	Q81QL7_BACAN	TCPG_HUMAN	1	1392	two hybrid pooling approach	20711500
Q81L21	P78371	Bacillus anthracis	Q81L21_BACAN	TCPB_HUMAN	1	1392	two hybrid pooling approach	20711500
Q81W74	Q3YBR2	Bacillus anthracis	Q81W74_BACAN	TBRG1_HUMAN	1	1392	two hybrid pooling approach	20711500
Q81XB4	Q3YBR2	Bacillus anthracis	Q81XB4_BACAN	TBRG1_HUMAN	1	1392	two hybrid pooling approach	20711500
Q81X81	Q3YBR2	Bacillus anthracis	Q81X81_BACAN	TBRG1_HUMAN	1	1392	two hybrid pooling approach	20711500
Q81S59	Q3YBR2	Bacillus anthracis	Q81S59_BACAN	TBRG1_HUMAN	1	1392	two hybrid pooling approach	20711500
Q81RG2	Q3YBR2	Bacillus anthracis	Q81RG2_BACAN	TBRG1_HUMAN	1	1392	two hybrid pooling approach	20711500
Q81KS3	Q92609	Bacillus anthracis	Q81KS3_BACAN	TBCD5_HUMAN	1	1392	two hybrid pooling approach	20711500
Q81K51	Q99426	Bacillus anthracis	Q81K51_BACAN	TBCB_HUMAN	1	1392	two hybrid pooling approach	20711500
Q81S01	Q66K14	Bacillus anthracis	Q81S01_BACAN	TBC9B_HUMAN	1	1392	two hybrid pooling approach	20711500
Q81WI9	Q8IZP1	Bacillus anthracis	Q81WI9_BACAN	TBC3A_HUMAN	1	1392	two hybrid pooling approach	20711500
Q81T38	Q8WUA7	Bacillus anthracis	Q81T38_BACAN	TB22A_HUMAN	1	1392	two hybrid pooling approach	20711500
Q81Z98	Q93075	Bacillus anthracis	Q81Z98_BACAN	TATD2_HUMAN	1	1392	two hybrid pooling approach	20711500
Q81KI9	Q9UL54	Bacillus anthracis	Q81KI9_BACAN	TAOK2_HUMAN	1	1392	two hybrid pooling approach	20711500
Q81TE2	Q16594	Bacillus anthracis	Q81TE2_BACAN	TAF9_HUMAN	1	1392	two hybrid pooling approach	20711500
Q81WS0	Q15545	Bacillus anthracis	Q81WS0_BACAN	TAF7_HUMAN	1	1392	two hybrid pooling approach	20711500
Q81SN0	Q92750	Bacillus anthracis	Q81SN0_BACAN	TAF4B_HUMAN	1	1392	two hybrid pooling approach	20711500
Q81X75	P21675	Bacillus anthracis	PGK_BACAN	TAF1_HUMAN	1	1392	two hybrid pooling approach	20711500
Q81XR3	P21675	Bacillus anthracis	Q81XR3_BACAN	TAF1_HUMAN	1	1392	two hybrid pooling approach	20711500
Q81QG7	Q13148	Bacillus anthracis	Q81QG7_BACAN	TADBP_HUMAN	1	1392	two hybrid pooling approach	20711500
Q81XX7	Q13148	Bacillus anthracis	Q81XX7_BACAN	TADBP_HUMAN	1	1392	two hybrid pooling approach	20711500
Q81VK2	Q13148	Bacillus anthracis	Q81VK2_BACAN	TADBP_HUMAN	1	1392	two hybrid pooling approach	20711500
Q81PR9	Q13148	Bacillus anthracis	Q81PR9_BACAN	TADBP_HUMAN	1	1392	two hybrid pooling approach	20711500
Q81U22	P40200	Bacillus anthracis	HEMH1_BACAN	TACT_HUMAN	1	1392	two hybrid pooling approach	20711500
Q81KL4	O75410	Bacillus anthracis	Q81KL4_BACAN	TACC1_HUMAN	1	1392	two hybrid pooling approach	20711500
Q81TB0	Q8N5C8	Bacillus anthracis	Q81TB0_BACAN	TAB3_HUMAN	1	1392	two hybrid pooling approach	20711500
Q81W18	Q9Y228	Bacillus anthracis	Q81W18_BACAN	T3JAM_HUMAN	1	1392	two hybrid pooling approach	20711500
Q81KT8	P13984	Bacillus anthracis	EZRA_BACAN	T2FB_HUMAN	1	1392	two hybrid pooling approach	20711500
Q9RMZ4	Q3YBM2	Bacillus anthracis	REPS_BACAN	T176B_HUMAN	1	1392	two hybrid pooling approach	20711500
Q81ME0	Q9BVX2	Bacillus anthracis	DEOB_BACAN	T106C_HUMAN	1	1392	two hybrid pooling approach	20711500
Q81KT8	Q86TM6	Bacillus anthracis	EZRA_BACAN	SYVN1_HUMAN	1	1392	two hybrid pooling approach	20711500
Q81WX2	Q86TM6	Bacillus anthracis	Q81WX2_BACAN	SYVN1_HUMAN	1	1392	two hybrid pooling approach	20711500
Q81LQ9	Q16563	Bacillus anthracis	Q81LQ9_BACAN	SYPL1_HUMAN	1	1392	two hybrid pooling approach	20711500
Q81QV1	Q8N3V7	Bacillus anthracis	Q81QV1_BACAN	SYNPO_HUMAN	1	1392	two hybrid pooling approach	20711500
Q81KB5	O43426	Bacillus anthracis	Q81KB5_BACAN	SYNJ1_HUMAN	1	1392	two hybrid pooling approach	20711500
Q81X77	O43426	Bacillus anthracis	GPMI_BACAN	SYNJ1_HUMAN	1	1392	two hybrid pooling approach	20711500
Q81L77	Q8NF91	Bacillus anthracis	Q81L77_BACAN	SYNE1_HUMAN	1	1392	two hybrid pooling approach	20711500
Q81NI7	Q4FZB7	Bacillus anthracis	Q81NI7_BACAN	KMT5B_HUMAN	1	1392	two hybrid pooling approach	20711500
Q81RD5	Q6UWL2	Bacillus anthracis	Q81RD5_BACAN	SUSD1_HUMAN	1	1392	two hybrid pooling approach	20711500
Q81KT8	P63165	Bacillus anthracis	EZRA_BACAN	SUMO1_HUMAN	1	1392	two hybrid pooling approach	20711500
Q81V38	Q9UNK0	Bacillus anthracis	Q81V38_BACAN	STX8_HUMAN	1	1392	two hybrid pooling approach	20711500
Q81KT8	Q9UNE7	Bacillus anthracis	EZRA_BACAN	CHIP_HUMAN	1	1392	two hybrid pooling approach	20711500
Q81UB3	Q9UNE7	Bacillus anthracis	Q81UB3_BACAN	CHIP_HUMAN	1	1392	two hybrid pooling approach	20711500
Q81KY5	P46977	Bacillus anthracis	Q81KY5_BACAN	STT3A_HUMAN	1	1392	two hybrid pooling approach	20711500
Q81LN0	Q12768	Bacillus anthracis	Q81LN0_BACAN	STRUM_HUMAN	1	1392	two hybrid pooling approach	20711500
Q81S47	Q9Y6Q2	Bacillus anthracis	Q81S47_BACAN	STON1_HUMAN	1	1392	two hybrid pooling approach	20711500
Q81V35	Q9UJZ1	Bacillus anthracis	Q81V35_BACAN	STML2_HUMAN	1	1392	two hybrid pooling approach	20711500
Q81LC5	Q15831	Bacillus anthracis	HEM1_BACAN	STK11_HUMAN	1	1392	two hybrid pooling approach	20711500
Q81WD3	Q9NUL3	Bacillus anthracis	Q81WD3_BACAN	STAU2_HUMAN	1	1392	two hybrid pooling approach	20711500
Q81ZF3	P42226	Bacillus anthracis	Q81ZF3_BACAN	STAT6_HUMAN	1	1392	two hybrid pooling approach	20711500
Q81X21	P42226	Bacillus anthracis	Q81X21_BACAN	STAT6_HUMAN	1	1392	two hybrid pooling approach	20711500
Q81WM8	P42226	Bacillus anthracis	PNP_BACAN	STAT6_HUMAN	1	1392	two hybrid pooling approach	20711500
Q81S17	P42226	Bacillus anthracis	Q81S17_BACAN	STAT6_HUMAN	1	1392	two hybrid pooling approach	20711500
Q81RJ7	P42226	Bacillus anthracis	Q81RJ7_BACAN	STAT6_HUMAN	1	1392	two hybrid pooling approach	20711500
Q81NS9	P42226	Bacillus anthracis	Q81NS9_BACAN	STAT6_HUMAN	1	1392	two hybrid pooling approach	20711500
Q81MY7	P42226	Bacillus anthracis	Q81MY7_BACAN	STAT6_HUMAN	1	1392	two hybrid pooling approach	20711500
Q81X78	P40763	Bacillus anthracis	ENO_BACAN	STAT3_HUMAN	1	1392	two hybrid pooling approach	20711500
Q81T03	P40763	Bacillus anthracis	Q81T03_BACAN	STAT3_HUMAN	1	1392	two hybrid pooling approach	20711500
Q81PS6	P40763	Bacillus anthracis	Q81PS6_BACAN	STAT3_HUMAN	1	1392	two hybrid pooling approach	20711500
Q81KM0	P52630	Bacillus anthracis	Q81KM0_BACAN	STAT2_HUMAN	1	1392	two hybrid pooling approach	20711500
Q81RJ7	P42224	Bacillus anthracis	Q81RJ7_BACAN	STAT1_HUMAN	1	1392	two hybrid pooling approach	20711500
Q81TT4	O75886	Bacillus anthracis	CLPB_BACAN	STAM2_HUMAN	1	1392	two hybrid pooling approach	20711500
Q81NR1	Q9NY15	Bacillus anthracis	Q81NR1_BACAN	STAB1_HUMAN	1	1392	two hybrid pooling approach	20711500
Q81ZC1	Q9NY15	Bacillus anthracis	Q81ZC1_BACAN	STAB1_HUMAN	1	1392	two hybrid pooling approach	20711500
Q81Z98	Q9NY15	Bacillus anthracis	Q81Z98_BACAN	STAB1_HUMAN	1	1392	two hybrid pooling approach	20711500
Q81VL0	Q9NY15	Bacillus anthracis	Q81VL0_BACAN	STAB1_HUMAN	1	1392	two hybrid pooling approach	20711500
Q81UC7	Q9NY15	Bacillus anthracis	Q81UC7_BACAN	STAB1_HUMAN	1	1392	two hybrid pooling approach	20711500
Q81TY6	Q9NY15	Bacillus anthracis	Q81TY6_BACAN	STAB1_HUMAN	1	1392	two hybrid pooling approach	20711500
Q81T01	Q9NY15	Bacillus anthracis	Q81T01_BACAN	STAB1_HUMAN	1	1392	two hybrid pooling approach	20711500
Q81SL2	Q9NY15	Bacillus anthracis	Q81SL2_BACAN	STAB1_HUMAN	1	1392	two hybrid pooling approach	20711500
Q81RG9	Q9NY15	Bacillus anthracis	Q81RG9_BACAN	STAB1_HUMAN	1	1392	two hybrid pooling approach	20711500
Q81QB0	Q9NY15	Bacillus anthracis	Q81QB0_BACAN	STAB1_HUMAN	1	1392	two hybrid pooling approach	20711500
Q81P54	Q9NY15	Bacillus anthracis	Q81P54_BACAN	STAB1_HUMAN	1	1392	two hybrid pooling approach	20711500
Q81NV8	Q9NY15	Bacillus anthracis	Q81NV8_BACAN	STAB1_HUMAN	1	1392	two hybrid pooling approach	20711500
Q81NT8	Q9NY15	Bacillus anthracis	Q81NT8_BACAN	STAB1_HUMAN	1	1392	two hybrid pooling approach	20711500
Q81JL0	Q9NY15	Bacillus anthracis	Q81JL0_BACAN	STAB1_HUMAN	1	1392	two hybrid pooling approach	20711500
Q81JH6	Q9NY15	Bacillus anthracis	Q81JH6_BACAN	STAB1_HUMAN	1	1392	two hybrid pooling approach	20711500
Q81S14	Q9NY15	Bacillus anthracis	MTAD_BACAN	STAB1_HUMAN	1	1392	two hybrid pooling approach	20711500
Q81JX0	Q9NY15	Bacillus anthracis	KITH_BACAN	STAB1_HUMAN	1	1392	two hybrid pooling approach	20711500
Q81K82	Q9NY15	Bacillus anthracis	GLGB_BACAN	STAB1_HUMAN	1	1392	two hybrid pooling approach	20711500
Q81X78	Q9NY15	Bacillus anthracis	ENO_BACAN	STAB1_HUMAN	1	1392	two hybrid pooling approach	20711500
Q81XR2	P50225	Bacillus anthracis	DAPF_BACAN	ST1A1_HUMAN	1	1392	two hybrid pooling approach	20711500
Q81YV1	Q9UEE5	Bacillus anthracis	Q81YV1_BACAN	ST17A_HUMAN	1	1392	two hybrid pooling approach	20711500
Q81RY4	P43308	Bacillus anthracis	Q81RY4_BACAN	SSRB_HUMAN	1	1392	two hybrid pooling approach	20711500
Q81VT3	P28290	Bacillus anthracis	EFG_BACAN	SSFA2_HUMAN	1	1392	two hybrid pooling approach	20711500
Q81PQ4	Q9UJW9	Bacillus anthracis	Q81PQ4_BACAN	SRTD3_HUMAN	1	1392	two hybrid pooling approach	20711500
Q81V12	Q14140	Bacillus anthracis	Q81V12_BACAN	SRTD2_HUMAN	1	1392	two hybrid pooling approach	20711500
Q81N06	Q9UQ35	Bacillus anthracis	Q81N06_BACAN	SRRM2_HUMAN	1	1392	two hybrid pooling approach	20711500
Q81Z69	Q9UQ35	Bacillus anthracis	Q81Z69_BACAN	SRRM2_HUMAN	1	1392	two hybrid pooling approach	20711500
Q81SN0	P37108	Bacillus anthracis	Q81SN0_BACAN	SRP14_HUMAN	1	1392	two hybrid pooling approach	20711500
Q81S56	P10124	Bacillus anthracis	Q81S56_BACAN	SRGN_HUMAN	1	1392	two hybrid pooling approach	20711500
Q81TY9	Q6ZRS2	Bacillus anthracis	Q81TY9_BACAN	SRCAP_HUMAN	1	1392	two hybrid pooling approach	20711500
Q81S25	Q6ZRS2	Bacillus anthracis	Q81S25_BACAN	SRCAP_HUMAN	1	1392	two hybrid pooling approach	20711500
Q81N85	Q6ZRS2	Bacillus anthracis	Q81N85_BACAN	SRCAP_HUMAN	1	1392	two hybrid pooling approach	20711500
Q81L10	P36956	Bacillus anthracis	NRDR_BACAN	SRBP1_HUMAN	1	1392	two hybrid pooling approach	20711500
Q81RY3	Q96JI7	Bacillus anthracis	Q81RY3_BACAN	SPTCS_HUMAN	1	1392	two hybrid pooling approach	20711500
Q81Y62	Q01082	Bacillus anthracis	Q81Y62_BACAN	SPTB2_HUMAN	1	1392	two hybrid pooling approach	20711500
Q81SX2	Q6IQ16	Bacillus anthracis	Q81SX2_BACAN	SPOPL_HUMAN	1	1392	two hybrid pooling approach	20711500
Q81LY0	Q9NZD8	Bacillus anthracis	Q81LY0_BACAN	SPG21_HUMAN	1	1392	two hybrid pooling approach	20711500
Q81XC3	Q9HB58	Bacillus anthracis	Q81XC3_BACAN	SP110_HUMAN	1	1392	two hybrid pooling approach	20711500
Q81U22	P18583	Bacillus anthracis	HEMH1_BACAN	SON_HUMAN	1	1392	two hybrid pooling approach	20711500
Q81ST0	Q9H2Y9	Bacillus anthracis	Q81ST0_BACAN	SO5A1_HUMAN	1	1392	two hybrid pooling approach	20711500
Q81UM4	Q96BD0	Bacillus anthracis	Q81UM4_BACAN	SO4A1_HUMAN	1	1392	two hybrid pooling approach	20711500
Q81VT8	P46721	Bacillus anthracis	RPOB_BACAN	SO1A2_HUMAN	1	1392	two hybrid pooling approach	20711500
Q81KV7	Q9UNH7	Bacillus anthracis	ASSY_BACAN	SNX6_HUMAN	1	1392	two hybrid pooling approach	20711500
Q81RC4	Q9UNH7	Bacillus anthracis	Q81RC4_BACAN	SNX6_HUMAN	1	1392	two hybrid pooling approach	20711500
Q81KK8	Q9Y5X3	Bacillus anthracis	Q81KK8_BACAN	SNX5_HUMAN	1	1392	two hybrid pooling approach	20711500
Q81TM3	O60749	Bacillus anthracis	Q81TM3_BACAN	SNX2_HUMAN	1	1392	two hybrid pooling approach	20711500
Q81VQ8	O60749	Bacillus anthracis	Q81VQ8_BACAN	SNX2_HUMAN	1	1392	two hybrid pooling approach	20711500
Q81VC2	O60749	Bacillus anthracis	Q81VC2_BACAN	SNX2_HUMAN	1	1392	two hybrid pooling approach	20711500
Q81QG7	Q8TEQ0	Bacillus anthracis	Q81QG7_BACAN	SNX29_HUMAN	1	1392	two hybrid pooling approach	20711500
Q81ZF9	Q8TEQ0	Bacillus anthracis	Q81ZF9_BACAN	SNX29_HUMAN	1	1392	two hybrid pooling approach	20711500
Q81UG6	Q13596	Bacillus anthracis	Q81UG6_BACAN	SNX1_HUMAN	1	1392	two hybrid pooling approach	20711500
Q81KT8	O43290	Bacillus anthracis	EZRA_BACAN	SNUT1_HUMAN	1	1392	two hybrid pooling approach	20711500
Q81XT3	Q9NRH2	Bacillus anthracis	SYG_BACAN	SNRK_HUMAN	1	1392	two hybrid pooling approach	20711500
Q81WX2	Q92966	Bacillus anthracis	Q81WX2_BACAN	SNPC3_HUMAN	1	1392	two hybrid pooling approach	20711500
Q81S29	Q12824	Bacillus anthracis	Q81S29_BACAN	SNF5_HUMAN	1	1392	two hybrid pooling approach	20711500
Q81XT1	Q9Y6H5	Bacillus anthracis	Q81XT1_BACAN	SNCAP_HUMAN	1	1392	two hybrid pooling approach	20711500
Q81XH4	Q8TAQ2	Bacillus anthracis	YIDC1_BACAN	SMRC2_HUMAN	1	1392	two hybrid pooling approach	20711500
Q81ZE2	Q8TAQ2	Bacillus anthracis	Q81ZE2_BACAN	SMRC2_HUMAN	1	1392	two hybrid pooling approach	20711500
Q81U22	Q8TAQ2	Bacillus anthracis	HEMH1_BACAN	SMRC2_HUMAN	1	1392	two hybrid pooling approach	20711500
Q81WF2	Q92922	Bacillus anthracis	CARB_BACAN	SMRC1_HUMAN	1	1392	two hybrid pooling approach	20711500
Q9X2Y7	Q92922	Bacillus anthracis	Q9X2Y7_BACAN	SMRC1_HUMAN	1	1392	two hybrid pooling approach	20711500
Q81V76	Q96Q15	Bacillus anthracis	Q81V76_BACAN	SMG1_HUMAN	1	1392	two hybrid pooling approach	20711500
Q81TD1	Q96Q15	Bacillus anthracis	Q81TD1_BACAN	SMG1_HUMAN	1	1392	two hybrid pooling approach	20711500
Q81VV7	Q969G3	Bacillus anthracis	DISA_BACAN	SMCE1_HUMAN	1	1392	two hybrid pooling approach	20711500
Q81KT8	P28370	Bacillus anthracis	EZRA_BACAN	SMCA1_HUMAN	1	1392	two hybrid pooling approach	20711500
Q81JU4	Q96SB8	Bacillus anthracis	Q81JU4_BACAN	SMC6_HUMAN	1	1392	two hybrid pooling approach	20711500
Q6KNA9	Q9NTJ3	Bacillus anthracis	METE_BACAN	SMC4_HUMAN	1	1392	two hybrid pooling approach	20711500
Q81TU9	Q9NTJ3	Bacillus anthracis	HEMH2_BACAN	SMC4_HUMAN	1	1392	two hybrid pooling approach	20711500
Q81KT8	Q9UQE7	Bacillus anthracis	EZRA_BACAN	SMC3_HUMAN	1	1392	two hybrid pooling approach	20711500
Q81ZE2	Q9UQE7	Bacillus anthracis	Q81ZE2_BACAN	SMC3_HUMAN	1	1392	two hybrid pooling approach	20711500
Q81VG6	Q8WU79	Bacillus anthracis	Q81VG6_BACAN	SMAP2_HUMAN	1	1392	two hybrid pooling approach	20711500
Q81VG6	Q13485	Bacillus anthracis	Q81VG6_BACAN	SMAD4_HUMAN	1	1392	two hybrid pooling approach	20711500
Q81TK1	O95391	Bacillus anthracis	ODO1_BACAN	SLU7_HUMAN	1	1392	two hybrid pooling approach	20711500
Q81VT8	O95391	Bacillus anthracis	RPOB_BACAN	SLU7_HUMAN	1	1392	two hybrid pooling approach	20711500
Q81PM7	Q8IYM2	Bacillus anthracis	Q81PM7_BACAN	SLN12_HUMAN	1	1392	two hybrid pooling approach	20711500
Q81UL3	Q14BN4	Bacillus anthracis	Q81UL3_BACAN	SLMAP_HUMAN	1	1392	two hybrid pooling approach	20711500
Q81XR8	O94813	Bacillus anthracis	Q81XR8_BACAN	SLIT2_HUMAN	1	1392	two hybrid pooling approach	20711500
Q81TN9	Q08AF3	Bacillus anthracis	Q81TN9_BACAN	SLFN5_HUMAN	1	1392	two hybrid pooling approach	20711500
Q81Y22	Q08AF3	Bacillus anthracis	Q81Y22_BACAN	SLFN5_HUMAN	1	1392	two hybrid pooling approach	20711500
Q81JV6	Q08AF3	Bacillus anthracis	Q81JV6_BACAN	SLFN5_HUMAN	1	1392	two hybrid pooling approach	20711500
Q81UP1	Q08AF3	Bacillus anthracis	MURQ_BACAN	SLFN5_HUMAN	1	1392	two hybrid pooling approach	20711500
Q81LC7	Q8N196	Bacillus anthracis	HEM3_BACAN	SIX5_HUMAN	1	1392	two hybrid pooling approach	20711500
Q81WW1	Q9BPZ7	Bacillus anthracis	Q81WW1_BACAN	SIN1_HUMAN	1	1392	two hybrid pooling approach	20711500
Q81VB5	Q6IA17	Bacillus anthracis	Q81VB5_BACAN	SIGIR_HUMAN	1	1392	two hybrid pooling approach	20711500
Q81RN4	Q2M3G4	Bacillus anthracis	Q81RN4_BACAN	SHRM1_HUMAN	1	1392	two hybrid pooling approach	20711500
Q81KQ8	Q9Y371	Bacillus anthracis	Q81KQ8_BACAN	SHLB1_HUMAN	1	1392	two hybrid pooling approach	20711500
Q81XC3	Q92835	Bacillus anthracis	Q81XC3_BACAN	SHIP1_HUMAN	1	1392	two hybrid pooling approach	20711500
Q81YF9	Q9BYB0	Bacillus anthracis	Q81YF9_BACAN	SHAN3_HUMAN	1	1392	two hybrid pooling approach	20711500
Q81TM2	Q9BYB0	Bacillus anthracis	Q81TM2_BACAN	SHAN3_HUMAN	1	1392	two hybrid pooling approach	20711500
Q81SP4	Q9BYB0	Bacillus anthracis	Q81SP4_BACAN	SHAN3_HUMAN	1	1392	two hybrid pooling approach	20711500
Q81SC5	Q9BYB0	Bacillus anthracis	Q81SC5_BACAN	SHAN3_HUMAN	1	1392	two hybrid pooling approach	20711500
Q81VA8	O43765	Bacillus anthracis	Q81VA8_BACAN	SGTA_HUMAN	1	1392	two hybrid pooling approach	20711500
Q81VB3	O95905	Bacillus anthracis	Q81VB3_BACAN	ECD_HUMAN	1	1392	two hybrid pooling approach	20711500
Q81VW1	Q13247	Bacillus anthracis	Q81VW1_BACAN	SRSF6_HUMAN	1	1392	two hybrid pooling approach	20711500
Q81LR7	P84103	Bacillus anthracis	LEPA_BACAN	SRSF3_HUMAN	1	1392	two hybrid pooling approach	20711500
Q81VT8	P84103	Bacillus anthracis	RPOB_BACAN	SRSF3_HUMAN	1	1392	two hybrid pooling approach	20711500
Q81ZE0	Q01130	Bacillus anthracis	Q81ZE0_BACAN	SRSF2_HUMAN	1	1392	two hybrid pooling approach	20711500
Q6KNA9	Q92765	Bacillus anthracis	METE_BACAN	SFRP3_HUMAN	1	1392	two hybrid pooling approach	20711500
Q81KT8	Q8IX01	Bacillus anthracis	EZRA_BACAN	SUGP2_HUMAN	1	1392	two hybrid pooling approach	20711500
Q81TW1	Q8IX01	Bacillus anthracis	ADDA_BACAN	SUGP2_HUMAN	1	1392	two hybrid pooling approach	20711500
Q81MN8	P23246	Bacillus anthracis	Q81MN8_BACAN	SFPQ_HUMAN	1	1392	two hybrid pooling approach	20711500
Q81NP8	P23246	Bacillus anthracis	Q81NP8_BACAN	SFPQ_HUMAN	1	1392	two hybrid pooling approach	20711500
Q81LF9	O75533	Bacillus anthracis	Q81LF9_BACAN	SF3B1_HUMAN	1	1392	two hybrid pooling approach	20711500
Q81RY4	O75533	Bacillus anthracis	Q81RY4_BACAN	SF3B1_HUMAN	1	1392	two hybrid pooling approach	20711500
Q81NG1	Q15637	Bacillus anthracis	Q81NG1_BACAN	SF01_HUMAN	1	1392	two hybrid pooling approach	20711500
Q81L10	P50454	Bacillus anthracis	NRDR_BACAN	SERPH_HUMAN	1	1392	two hybrid pooling approach	20711500
Q81UK2	P84101	Bacillus anthracis	Q81UK2_BACAN	SERF2_HUMAN	1	1392	two hybrid pooling approach	20711500
Q81ZE5	Q9NRX5	Bacillus anthracis	Q81ZE5_BACAN	SERC1_HUMAN	1	1392	two hybrid pooling approach	20711500
Q81U80	Q16181	Bacillus anthracis	Q81U80_BACAN	SEPT7_HUMAN	1	1392	two hybrid pooling approach	20711500
Q81K85	P49908	Bacillus anthracis	GLGA_BACAN	SEPP1_HUMAN	1	1392	two hybrid pooling approach	20711500
P77819	P49908	Bacillus anthracis	RPOC_BACAN	SEPP1_HUMAN	1	1392	two hybrid pooling approach	20711500
Q81NM6	P49908	Bacillus anthracis	Q81NM6_BACAN	SEPP1_HUMAN	1	1392	two hybrid pooling approach	20711500
Q81N71	P49908	Bacillus anthracis	Q81N71_BACAN	SEPP1_HUMAN	1	1392	two hybrid pooling approach	20711500
Q81K97	O60613	Bacillus anthracis	MENE_BACAN	SEP15_HUMAN	1	1392	two hybrid pooling approach	20711500
Q81SR0	Q9P0U3	Bacillus anthracis	Q81SR0_BACAN	SENP1_HUMAN	1	1392	two hybrid pooling approach	20711500
Q81TH9	Q14242	Bacillus anthracis	Q81TH9_BACAN	SELPL_HUMAN	1	1392	two hybrid pooling approach	20711500
Q81JT7	Q8IZQ5	Bacillus anthracis	SYR1_BACAN	SELH_HUMAN	1	1392	two hybrid pooling approach	20711500
Q81N92	Q86SQ7	Bacillus anthracis	Q81N92_BACAN	SDCG8_HUMAN	1	1392	two hybrid pooling approach	20711500
Q81L10	O00560	Bacillus anthracis	NRDR_BACAN	SDCB1_HUMAN	1	1392	two hybrid pooling approach	20711500
Q81Z36	O00560	Bacillus anthracis	Q81Z36_BACAN	SDCB1_HUMAN	1	1392	two hybrid pooling approach	20711500
Q81T13	O00560	Bacillus anthracis	Q81T13_BACAN	SDCB1_HUMAN	1	1392	two hybrid pooling approach	20711500
Q81RC8	O00560	Bacillus anthracis	Q81RC8_BACAN	SDCB1_HUMAN	1	1392	two hybrid pooling approach	20711500
Q81QN8	O00560	Bacillus anthracis	Q81QN8_BACAN	SDCB1_HUMAN	1	1392	two hybrid pooling approach	20711500
Q81LT2	O00560	Bacillus anthracis	Q81LT2_BACAN	SDCB1_HUMAN	1	1392	two hybrid pooling approach	20711500
Q81LR1	O00560	Bacillus anthracis	Q81LR1_BACAN	SDCB1_HUMAN	1	1392	two hybrid pooling approach	20711500
Q81JS4	O00560	Bacillus anthracis	Q81JS4_BACAN	SDCB1_HUMAN	1	1392	two hybrid pooling approach	20711500
Q81XR2	Q9NVU7	Bacillus anthracis	DAPF_BACAN	SDA1_HUMAN	1	1392	two hybrid pooling approach	20711500
Q81KT8	Q9NVU7	Bacillus anthracis	EZRA_BACAN	SDA1_HUMAN	1	1392	two hybrid pooling approach	20711500
Q81UW3	Q96I15	Bacillus anthracis	Q81UW3_BACAN	SCLY_HUMAN	1	1392	two hybrid pooling approach	20711500
Q81LE2	Q96NL6	Bacillus anthracis	Q81LE2_BACAN	SCLT1_HUMAN	1	1392	two hybrid pooling approach	20711500
Q81LE3	Q96NL6	Bacillus anthracis	Q81LE3_BACAN	SCLT1_HUMAN	1	1392	two hybrid pooling approach	20711500
Q44643	P60468	Bacillus anthracis	ACPA_BACAN	SC61B_HUMAN	1	1392	two hybrid pooling approach	20711500
Q81S89	O94979	Bacillus anthracis	Q81S89_BACAN	SC31A_HUMAN	1	1392	two hybrid pooling approach	20711500
Q81VB5	O94979	Bacillus anthracis	Q81VB5_BACAN	SC31A_HUMAN	1	1392	two hybrid pooling approach	20711500
Q81V90	O94979	Bacillus anthracis	Q81V90_BACAN	SC31A_HUMAN	1	1392	two hybrid pooling approach	20711500
Q81RQ2	O94979	Bacillus anthracis	Q81RQ2_BACAN	SC31A_HUMAN	1	1392	two hybrid pooling approach	20711500
Q81R90	O94979	Bacillus anthracis	Q81R90_BACAN	SC31A_HUMAN	1	1392	two hybrid pooling approach	20711500
Q81LY0	O75396	Bacillus anthracis	Q81LY0_BACAN	SC22B_HUMAN	1	1392	two hybrid pooling approach	20711500
Q81U05	O75396	Bacillus anthracis	Q81U05_BACAN	SC22B_HUMAN	1	1392	two hybrid pooling approach	20711500
Q81QB6	Q9Y3A5	Bacillus anthracis	IOLA2_BACAN	SBDS_HUMAN	1	1392	two hybrid pooling approach	20711500
Q81U80	Q9UPN7	Bacillus anthracis	Q81U80_BACAN	PP6R1_HUMAN	1	1392	two hybrid pooling approach	20711500
Q81PD4	P07602	Bacillus anthracis	Q81PD4_BACAN	SAP_HUMAN	1	1392	two hybrid pooling approach	20711500
Q81X16	Q9NSI8	Bacillus anthracis	Q81X16_BACAN	SAMN1_HUMAN	1	1392	two hybrid pooling approach	20711500
Q81NK6	Q9Y512	Bacillus anthracis	Q81NK6_BACAN	SAM50_HUMAN	1	1392	two hybrid pooling approach	20711500
Q81YE8	Q9ULF5	Bacillus anthracis	Q81YE8_BACAN	S39AA_HUMAN	1	1392	two hybrid pooling approach	20711500
Q81X16	Q9NUM3	Bacillus anthracis	Q81X16_BACAN	S39A9_HUMAN	1	1392	two hybrid pooling approach	20711500
Q81S14	Q9UHR5	Bacillus anthracis	MTAD_BACAN	S30BP_HUMAN	1	1392	two hybrid pooling approach	20711500
Q81SP4	Q96DW6	Bacillus anthracis	Q81SP4_BACAN	S2538_HUMAN	1	1392	two hybrid pooling approach	20711500
Q81RG1	Q8TCC7	Bacillus anthracis	Q81RG1_BACAN	S22A8_HUMAN	1	1392	two hybrid pooling approach	20711500
Q81JW1	Q9UHW9	Bacillus anthracis	PYRG_BACAN	S12A6_HUMAN	1	1392	two hybrid pooling approach	20711500
Q6F011	Q96FQ6	Bacillus anthracis	Q6F011_BACAN	S10AG_HUMAN	1	1392	two hybrid pooling approach	20711500
Q81RS1	P80511	Bacillus anthracis	Q81RS1_BACAN	S10AC_HUMAN	1	1392	two hybrid pooling approach	20711500
Q81Z98	P06702	Bacillus anthracis	Q81Z98_BACAN	S10A9_HUMAN	1	1392	two hybrid pooling approach	20711500
Q81ZA2	P06702	Bacillus anthracis	Q81ZA2_BACAN	S10A9_HUMAN	1	1392	two hybrid pooling approach	20711500
Q81UK1	P05109	Bacillus anthracis	Q81UK1_BACAN	S10A8_HUMAN	1	1392	two hybrid pooling approach	20711500
Q81U80	P05109	Bacillus anthracis	Q81U80_BACAN	S10A8_HUMAN	1	1392	two hybrid pooling approach	20711500
Q81NG1	Q15413	Bacillus anthracis	Q81NG1_BACAN	RYR3_HUMAN	1	1392	two hybrid pooling approach	20711500
Q81WA0	Q8WXA3	Bacillus anthracis	Q81WA0_BACAN	RUFY2_HUMAN	1	1392	two hybrid pooling approach	20711500
Q81U73	Q8WXA3	Bacillus anthracis	Q81U73_BACAN	RUFY2_HUMAN	1	1392	two hybrid pooling approach	20711500
Q81Q07	P08621	Bacillus anthracis	Q81Q07_BACAN	RU17_HUMAN	1	1392	two hybrid pooling approach	20711500
Q81UI7	P08621	Bacillus anthracis	SECA2_BACAN	RU17_HUMAN	1	1392	two hybrid pooling approach	20711500
Q81PM7	Q9HB90	Bacillus anthracis	Q81PM7_BACAN	RRAGC_HUMAN	1	1392	two hybrid pooling approach	20711500
Q81UV4	Q9HB90	Bacillus anthracis	Q81UV4_BACAN	RRAGC_HUMAN	1	1392	two hybrid pooling approach	20711500
Q81S14	P52435	Bacillus anthracis	MTAD_BACAN	RPB11_HUMAN	1	1392	two hybrid pooling approach	20711500
Q81N05	P52434	Bacillus anthracis	Q81N05_BACAN	RPAB3_HUMAN	1	1392	two hybrid pooling approach	20711500
Q81UL4	Q9HCK4	Bacillus anthracis	Q81UL4_BACAN	ROBO2_HUMAN	1	1392	two hybrid pooling approach	20711500
Q81LJ4	P22626	Bacillus anthracis	Q81LJ4_BACAN	ROA2_HUMAN	1	1392	two hybrid pooling approach	20711500
Q81YT1	P09651	Bacillus anthracis	Y551_BACAN	ROA1_HUMAN	1	1392	two hybrid pooling approach	20711500
Q81X31	P09651	Bacillus anthracis	Q81X31_BACAN	ROA1_HUMAN	1	1392	two hybrid pooling approach	20711500
Q81M22	O00584	Bacillus anthracis	Q81M22_BACAN	RNT2_HUMAN	1	1392	two hybrid pooling approach	20711500
Q81S56	Q9H4P4	Bacillus anthracis	Q81S56_BACAN	RNF41_HUMAN	1	1392	two hybrid pooling approach	20711500
Q81S59	Q96EP0	Bacillus anthracis	Q81S59_BACAN	RNF31_HUMAN	1	1392	two hybrid pooling approach	20711500
Q81WZ5	P61587	Bacillus anthracis	Q81WZ5_BACAN	RND3_HUMAN	1	1392	two hybrid pooling approach	20711500
Q81UH0	P07998	Bacillus anthracis	Q81UH0_BACAN	RNAS1_HUMAN	1	1392	two hybrid pooling approach	20711500
Q81VT8	Q495C1	Bacillus anthracis	RPOB_BACAN	RN212_HUMAN	1	1392	two hybrid pooling approach	20711500
Q81JL0	Q96A37	Bacillus anthracis	Q81JL0_BACAN	RN166_HUMAN	1	1392	two hybrid pooling approach	20711500
Q81LA6	Q8NC42	Bacillus anthracis	Q81LA6_BACAN	RN149_HUMAN	1	1392	two hybrid pooling approach	20711500
Q81M33	Q6ZNA4	Bacillus anthracis	Q81M33_BACAN	RN111_HUMAN	1	1392	two hybrid pooling approach	20711500
Q81L21	O00237	Bacillus anthracis	Q81L21_BACAN	RN103_HUMAN	1	1392	two hybrid pooling approach	20711500
Q81KF8	P31350	Bacillus anthracis	Q81KF8_BACAN	RIR2_HUMAN	1	1392	two hybrid pooling approach	20711500
Q81V76	Q8TB24	Bacillus anthracis	Q81V76_BACAN	RIN3_HUMAN	1	1392	two hybrid pooling approach	20711500
Q81S14	Q13671	Bacillus anthracis	MTAD_BACAN	RIN1_HUMAN	1	1392	two hybrid pooling approach	20711500
Q81NS9	Q969G6	Bacillus anthracis	Q81NS9_BACAN	RIFK_HUMAN	1	1392	two hybrid pooling approach	20711500
Q81U08	Q5UIP0	Bacillus anthracis	Q81U08_BACAN	RIF1_HUMAN	1	1392	two hybrid pooling approach	20711500
Q81XS0	Q5UIP0	Bacillus anthracis	FENR2_BACAN	RIF1_HUMAN	1	1392	two hybrid pooling approach	20711500
Q81WR4	Q9NPQ8	Bacillus anthracis	MUTL_BACAN	RIC8A_HUMAN	1	1392	two hybrid pooling approach	20711500
Q81XE3	Q9NPQ8	Bacillus anthracis	Q81XE3_BACAN	RIC8A_HUMAN	1	1392	two hybrid pooling approach	20711500
Q81LY0	P61586	Bacillus anthracis	Q81LY0_BACAN	RHOA_HUMAN	1	1392	two hybrid pooling approach	20711500
Q81ZA1	Q7Z6I6	Bacillus anthracis	Q81ZA1_BACAN	RHG30_HUMAN	1	1392	two hybrid pooling approach	20711500
Q81TT6	Q68EM7	Bacillus anthracis	Q81TT6_BACAN	RHG17_HUMAN	1	1392	two hybrid pooling approach	20711500
Q81MM5	Q9BRR9	Bacillus anthracis	Q81MM5_BACAN	RHG09_HUMAN	1	1392	two hybrid pooling approach	20711500
Q81S56	Q9BRR9	Bacillus anthracis	Q81S56_BACAN	RHG09_HUMAN	1	1392	two hybrid pooling approach	20711500
Q81KA5	Q92546	Bacillus anthracis	Q81KA5_BACAN	RGP1_HUMAN	1	1392	two hybrid pooling approach	20711500
Q81YX2	Q6PCD5	Bacillus anthracis	Q81YX2_BACAN	RFWD3_HUMAN	1	1392	two hybrid pooling approach	20711500
Q81KZ8	O95980	Bacillus anthracis	Q81KZ8_BACAN	RECK_HUMAN	1	1392	two hybrid pooling approach	20711500
Q81KG1	Q8TC12	Bacillus anthracis	Q81KG1_BACAN	RDH11_HUMAN	1	1392	two hybrid pooling approach	20711500
Q81U80	P54725	Bacillus anthracis	Q81U80_BACAN	RD23A_HUMAN	1	1392	two hybrid pooling approach	20711500
Q81N42	P25791	Bacillus anthracis	Q81N42_BACAN	RBTN2_HUMAN	1	1392	two hybrid pooling approach	20711500
Q81XX8	Q92804	Bacillus anthracis	Q81XX8_BACAN	RBP56_HUMAN	1	1392	two hybrid pooling approach	20711500
Q81LI7	P49792	Bacillus anthracis	SYDND_BACAN	RBP2_HUMAN	1	1392	two hybrid pooling approach	20711500
Q81T03	O43251	Bacillus anthracis	Q81T03_BACAN	RFOX2_HUMAN	1	1392	two hybrid pooling approach	20711500
Q81W65	O43251	Bacillus anthracis	Q81W65_BACAN	RFOX2_HUMAN	1	1392	two hybrid pooling approach	20711500
Q81UH1	O43251	Bacillus anthracis	Y901_BACAN	RFOX2_HUMAN	1	1392	two hybrid pooling approach	20711500
Q81JW1	A0AV96	Bacillus anthracis	PYRG_BACAN	RBM47_HUMAN	1	1392	two hybrid pooling approach	20711500
Q81W27	Q9P2N5	Bacillus anthracis	PDXS_BACAN	RBM27_HUMAN	1	1392	two hybrid pooling approach	20711500
Q81XC3	Q9P2N5	Bacillus anthracis	Q81XC3_BACAN	RBM27_HUMAN	1	1392	two hybrid pooling approach	20711500
Q81SN0	Q9NTZ6	Bacillus anthracis	Q81SN0_BACAN	RBM12_HUMAN	1	1392	two hybrid pooling approach	20711500
Q81PJ7	Q9NTZ6	Bacillus anthracis	Q81PJ7_BACAN	RBM12_HUMAN	1	1392	two hybrid pooling approach	20711500
Q81JX0	Q9Y3P9	Bacillus anthracis	KITH_BACAN	RBGP1_HUMAN	1	1392	two hybrid pooling approach	20711500
Q81VY6	P62491	Bacillus anthracis	Q81VY6_BACAN	RB11A_HUMAN	1	1392	two hybrid pooling approach	20711500
Q81NG4	P61224	Bacillus anthracis	Q81NG4_BACAN	RAP1B_HUMAN	1	1392	two hybrid pooling approach	20711500
Q81PM6	P43487	Bacillus anthracis	Q81PM6_BACAN	RANG_HUMAN	1	1392	two hybrid pooling approach	20711500
Q81KT8	Q96S59	Bacillus anthracis	EZRA_BACAN	RANB9_HUMAN	1	1392	two hybrid pooling approach	20711500
Q81KT8	Q9Y5P3	Bacillus anthracis	EZRA_BACAN	RAI2_HUMAN	1	1392	two hybrid pooling approach	20711500
Q81U00	Q9Y5P3	Bacillus anthracis	Q81U00_BACAN	RAI2_HUMAN	1	1392	two hybrid pooling approach	20711500
Q81S14	Q9P0K7	Bacillus anthracis	MTAD_BACAN	RAI14_HUMAN	1	1392	two hybrid pooling approach	20711500
Q81S59	Q9P0K7	Bacillus anthracis	Q81S59_BACAN	RAI14_HUMAN	1	1392	two hybrid pooling approach	20711500
Q81KT8	P04049	Bacillus anthracis	EZRA_BACAN	RAF1_HUMAN	1	1392	two hybrid pooling approach	20711500
Q81VT8	P26374	Bacillus anthracis	RPOB_BACAN	RAE2_HUMAN	1	1392	two hybrid pooling approach	20711500
Q81QG0	P63000	Bacillus anthracis	ANMK_BACAN	RAC1_HUMAN	1	1392	two hybrid pooling approach	20711500
Q81YP4	P63000	Bacillus anthracis	Q81YP4_BACAN	RAC1_HUMAN	1	1392	two hybrid pooling approach	20711500
Q81RN4	P63000	Bacillus anthracis	Q81RN4_BACAN	RAC1_HUMAN	1	1392	two hybrid pooling approach	20711500
Q81LA6	Q5HYI8	Bacillus anthracis	Q81LA6_BACAN	RABL3_HUMAN	1	1392	two hybrid pooling approach	20711500
Q81WY2	P20339	Bacillus anthracis	Q81WY2_BACAN	RAB5A_HUMAN	1	1392	two hybrid pooling approach	20711500
Q81TB1	P20339	Bacillus anthracis	Q81TB1_BACAN	RAB5A_HUMAN	1	1392	two hybrid pooling approach	20711500
Q81QV1	P20339	Bacillus anthracis	Q81QV1_BACAN	RAB5A_HUMAN	1	1392	two hybrid pooling approach	20711500
Q81LJ8	Q9H0U4	Bacillus anthracis	Q81LJ8_BACAN	RAB1B_HUMAN	1	1392	two hybrid pooling approach	20711500
Q81TT6	O15315	Bacillus anthracis	Q81TT6_BACAN	RA51B_HUMAN	1	1392	two hybrid pooling approach	20711500
Q81WY3	O15315	Bacillus anthracis	Q81WY3_BACAN	RA51B_HUMAN	1	1392	two hybrid pooling approach	20711500
Q81VD3	Q5TB80	Bacillus anthracis	Q81VD3_BACAN	CE162_HUMAN	1	1392	two hybrid pooling approach	20711500
Q81P43	Q5TB80	Bacillus anthracis	Q81P43_BACAN	CE162_HUMAN	1	1392	two hybrid pooling approach	20711500
Q81LC5	Q5TB80	Bacillus anthracis	HEM1_BACAN	CE162_HUMAN	1	1392	two hybrid pooling approach	20711500
Q81X63	Q5R372	Bacillus anthracis	CLPP2_BACAN	RBG1L_HUMAN	1	1392	two hybrid pooling approach	20711500
Q81S59	Q9Y655	Bacillus anthracis	Q81S59_BACAN	Q9Y655_HUMAN	1	1392	two hybrid pooling approach	20711500
Q81NM6	Q7Z7A1	Bacillus anthracis	Q81NM6_BACAN	CNTRL_HUMAN	1	1392	two hybrid pooling approach	20711500
Q81S17	Q7Z7A1	Bacillus anthracis	Q81S17_BACAN	CNTRL_HUMAN	1	1392	two hybrid pooling approach	20711500
Q81LC0	Q7Z7A1	Bacillus anthracis	Q81LC0_BACAN	CNTRL_HUMAN	1	1392	two hybrid pooling approach	20711500
Q81KT8	Q7Z7A1	Bacillus anthracis	EZRA_BACAN	CNTRL_HUMAN	1	1392	two hybrid pooling approach	20711500
Q81TT4	Q9Y222	Bacillus anthracis	CLPB_BACAN	DMTF1_HUMAN	1	1392	two hybrid pooling approach	20711500
Q81SN0	Q9UK73	Bacillus anthracis	Q81SN0_BACAN	FEM1B_HUMAN	1	1392	two hybrid pooling approach	20711500
Q81V35	Q9UK73	Bacillus anthracis	Q81V35_BACAN	FEM1B_HUMAN	1	1392	two hybrid pooling approach	20711500
Q81LW5	Q9UG01	Bacillus anthracis	Q81LW5_BACAN	IF172_HUMAN	1	1392	two hybrid pooling approach	20711500
Q81LM9	Q9UG01	Bacillus anthracis	Q81LM9_BACAN	IF172_HUMAN	1	1392	two hybrid pooling approach	20711500
Q81TT4	Q9UF98	Bacillus anthracis	CLPB_BACAN	Q9UF98_HUMAN	1	1392	two hybrid pooling approach	20711500
Q81U26	Q9NZY0	Bacillus anthracis	Q81U26_BACAN	Q9NZY0_HUMAN	1	1392	two hybrid pooling approach	20711500
Q81XJ3	Q9NWB7	Bacillus anthracis	Q81XJ3_BACAN	IFT57_HUMAN	1	1392	two hybrid pooling approach	20711500
Q81XY2	Q9NUL6	Bacillus anthracis	Q81XY2_BACAN	Q9NUL6_HUMAN	1	1392	two hybrid pooling approach	20711500
Q81T38	O95715	Bacillus anthracis	Q81T38_BACAN	CXL14_HUMAN	1	1392	two hybrid pooling approach	20711500
Q81WY2	Q9NQR4	Bacillus anthracis	Q81WY2_BACAN	NIT2_HUMAN	1	1392	two hybrid pooling approach	20711500
Q81XQ3	Q9HBU0	Bacillus anthracis	Q81XQ3_BACAN	Q9HBU0_HUMAN	1	1392	two hybrid pooling approach	20711500
Q81S59	Q9HBU0	Bacillus anthracis	Q81S59_BACAN	Q9HBU0_HUMAN	1	1392	two hybrid pooling approach	20711500
Q81LR7	O95947	Bacillus anthracis	LEPA_BACAN	TBX6_HUMAN	1	1392	two hybrid pooling approach	20711500
Q81KL2	Q9H7U2	Bacillus anthracis	Q81KL2_BACAN	Q9H7U2_HUMAN	1	1392	two hybrid pooling approach	20711500
Q81PJ7	Q9H6A9	Bacillus anthracis	Q81PJ7_BACAN	PCX3_HUMAN	1	1392	two hybrid pooling approach	20711500
Q81KM0	Q9H355	Bacillus anthracis	Q81KM0_BACAN	Q9H355_HUMAN	1	1392	two hybrid pooling approach	20711500
Q81LK0	Q9H355	Bacillus anthracis	SYA_BACAN	Q9H355_HUMAN	1	1392	two hybrid pooling approach	20711500
Q81UI7	Q9H355	Bacillus anthracis	SECA2_BACAN	Q9H355_HUMAN	1	1392	two hybrid pooling approach	20711500
Q81U80	Q9H355	Bacillus anthracis	Q81U80_BACAN	Q9H355_HUMAN	1	1392	two hybrid pooling approach	20711500
Q81NS5	Q9H355	Bacillus anthracis	Q81NS5_BACAN	Q9H355_HUMAN	1	1392	two hybrid pooling approach	20711500
Q81JL0	Q9H355	Bacillus anthracis	Q81JL0_BACAN	Q9H355_HUMAN	1	1392	two hybrid pooling approach	20711500
Q81WR4	Q9Y520	Bacillus anthracis	MUTL_BACAN	PRC2C_HUMAN	1	1392	two hybrid pooling approach	20711500
Q81SN0	Q9Y520	Bacillus anthracis	Q81SN0_BACAN	PRC2C_HUMAN	1	1392	two hybrid pooling approach	20711500
Q81PJ7	Q9Y520	Bacillus anthracis	Q81PJ7_BACAN	PRC2C_HUMAN	1	1392	two hybrid pooling approach	20711500
Q81K96	Q9H1C8	Bacillus anthracis	Q81K96_BACAN	Q9H1C8_HUMAN	1	1392	two hybrid pooling approach	20711500
Q81KQ7	Q4ADV7	Bacillus anthracis	Q81KQ7_BACAN	RIC1_HUMAN	1	1392	two hybrid pooling approach	20711500
Q81T13	Q9H049	Bacillus anthracis	Q81T13_BACAN	Q9H049_HUMAN	1	1392	two hybrid pooling approach	20711500
Q81XC3	Q9H019	Bacillus anthracis	Q81XC3_BACAN	MFR1L_HUMAN	1	1392	two hybrid pooling approach	20711500
Q81TT4	Q9GZM0	Bacillus anthracis	CLPB_BACAN	Q9GZM0_HUMAN	1	1392	two hybrid pooling approach	20711500
Q81X70	Q6YHU6	Bacillus anthracis	Q81X70_BACAN	THADA_HUMAN	1	1392	two hybrid pooling approach	20711500
Q81SI0	Q9BUD9	Bacillus anthracis	Q81SI0_BACAN	Q9BUD9_HUMAN	1	1392	two hybrid pooling approach	20711500
Q81ZC1	Q9BQ83	Bacillus anthracis	Q81ZC1_BACAN	SLX1_HUMAN	1	1392	two hybrid pooling approach	20711500
Q81NP8	Q99463	Bacillus anthracis	Q81NP8_BACAN	NPY6R_HUMAN	1	1392	two hybrid pooling approach	20711500
Q81TT4	Q96SV5	Bacillus anthracis	CLPB_BACAN	Q96SV5_HUMAN	1	1392	two hybrid pooling approach	20711500
Q81SE5	Q96QE0	Bacillus anthracis	Q81SE5_BACAN	Q96QE0_HUMAN	1	1392	two hybrid pooling approach	20711500
Q81LQ0	Q96LM7	Bacillus anthracis	Q81LQ0_BACAN	Q96LM7_HUMAN	1	1392	two hybrid pooling approach	20711500
Q81UD8	Q96LM7	Bacillus anthracis	Q81UD8_BACAN	Q96LM7_HUMAN	1	1392	two hybrid pooling approach	20711500
Q81PM6	Q96LM7	Bacillus anthracis	Q81PM6_BACAN	Q96LM7_HUMAN	1	1392	two hybrid pooling approach	20711500
Q81S14	O15417	Bacillus anthracis	MTAD_BACAN	TNC18_HUMAN	1	1392	two hybrid pooling approach	20711500
Q81T30	Q6N021	Bacillus anthracis	Q81T30_BACAN	TET2_HUMAN	1	1392	two hybrid pooling approach	20711500
Q81QR0	Q96GI9	Bacillus anthracis	Q81QR0_BACAN	Q96GI9_HUMAN	1	1392	two hybrid pooling approach	20711500
Q81L14	Q6UXT9	Bacillus anthracis	Q81L14_BACAN	ABH15_HUMAN	1	1392	two hybrid pooling approach	20711500
Q81KM0	Q8NEF9	Bacillus anthracis	Q81KM0_BACAN	SRFB1_HUMAN	1	1392	two hybrid pooling approach	20711500
Q81NK5	Q8NEF9	Bacillus anthracis	Q81NK5_BACAN	SRFB1_HUMAN	1	1392	two hybrid pooling approach	20711500
Q81VT3	Q8WY97	Bacillus anthracis	EFG_BACAN	Q8WY97_HUMAN	1	1392	two hybrid pooling approach	20711500
Q81VY7	Q8WY97	Bacillus anthracis	Q81VY7_BACAN	Q8WY97_HUMAN	1	1392	two hybrid pooling approach	20711500
Q81L49	Q92982	Bacillus anthracis	Q81L49_BACAN	NINJ1_HUMAN	1	1392	two hybrid pooling approach	20711500
Q81TU4	Q92982	Bacillus anthracis	Y1166_BACAN	NINJ1_HUMAN	1	1392	two hybrid pooling approach	20711500
Q81SP4	Q92982	Bacillus anthracis	Q81SP4_BACAN	NINJ1_HUMAN	1	1392	two hybrid pooling approach	20711500
Q81K83	Q92982	Bacillus anthracis	GLGC_BACAN	NINJ1_HUMAN	1	1392	two hybrid pooling approach	20711500
Q81WF2	Q8TE29	Bacillus anthracis	CARB_BACAN	Q8TE29_HUMAN	1	1392	two hybrid pooling approach	20711500
Q81NB9	Q8TE29	Bacillus anthracis	Q81NB9_BACAN	Q8TE29_HUMAN	1	1392	two hybrid pooling approach	20711500
Q81L77	Q8TCZ2	Bacillus anthracis	Q81L77_BACAN	C99L2_HUMAN	1	1392	two hybrid pooling approach	20711500
Q81YV0	Q9NQ48	Bacillus anthracis	GSA1_BACAN	LZTL1_HUMAN	1	1392	two hybrid pooling approach	20711500
Q81ZA2	Q8TBV9	Bacillus anthracis	Q81ZA2_BACAN	Q8TBV9_HUMAN	1	1392	two hybrid pooling approach	20711500
Q81XH0	Q8ND71	Bacillus anthracis	Q81XH0_BACAN	GIMA8_HUMAN	1	1392	two hybrid pooling approach	20711500
Q81T34	O75346	Bacillus anthracis	Q81T34_BACAN	ZN253_HUMAN	1	1392	two hybrid pooling approach	20711500
Q81XH6	O75346	Bacillus anthracis	Q81XH6_BACAN	ZN253_HUMAN	1	1392	two hybrid pooling approach	20711500
Q81LM9	Q4LDE5	Bacillus anthracis	Q81LM9_BACAN	SVEP1_HUMAN	1	1392	two hybrid pooling approach	20711500
Q81TN9	Q4LDE5	Bacillus anthracis	Q81TN9_BACAN	SVEP1_HUMAN	1	1392	two hybrid pooling approach	20711500
Q81PJ7	Q8N1N5	Bacillus anthracis	Q81PJ7_BACAN	CRPAK_HUMAN	1	1392	two hybrid pooling approach	20711500
Q9X334	Q8N1N5	Bacillus anthracis	Q9X334_BACAN	CRPAK_HUMAN	1	1392	two hybrid pooling approach	20711500
Q81YG8	Q8N1N5	Bacillus anthracis	Q81YG8_BACAN	CRPAK_HUMAN	1	1392	two hybrid pooling approach	20711500
Q81TU8	Q8NAU3	Bacillus anthracis	Q81TU8_BACAN	Q8NAU3_HUMAN	1	1392	two hybrid pooling approach	20711500
Q81YF9	Q8NAU3	Bacillus anthracis	Q81YF9_BACAN	Q8NAU3_HUMAN	1	1392	two hybrid pooling approach	20711500
Q81XC3	Q5T0J3	Bacillus anthracis	Q81XC3_BACAN	CA220_HUMAN	1	1392	two hybrid pooling approach	20711500
Q81TT4	Q6ZUJ8	Bacillus anthracis	CLPB_BACAN	BCAP_HUMAN	1	1392	two hybrid pooling approach	20711500
Q81X81	Q6ZUJ8	Bacillus anthracis	Q81X81_BACAN	BCAP_HUMAN	1	1392	two hybrid pooling approach	20711500
Q81MH4	Q86TB9	Bacillus anthracis	Q81MH4_BACAN	PATL1_HUMAN	1	1392	two hybrid pooling approach	20711500
Q81Y46	Q6PIY7	Bacillus anthracis	HUTU_BACAN	GLD2_HUMAN	1	1392	two hybrid pooling approach	20711500
Q81ZH8	O15050	Bacillus anthracis	Q81ZH8_BACAN	TRNK1_HUMAN	1	1392	two hybrid pooling approach	20711500
Q81RG2	Q5TCS8	Bacillus anthracis	Q81RG2_BACAN	KAD9_HUMAN	1	1392	two hybrid pooling approach	20711500
Q81RV4	Q9C099	Bacillus anthracis	Q81RV4_BACAN	LRCC1_HUMAN	1	1392	two hybrid pooling approach	20711500
Q81Y62	Q9C099	Bacillus anthracis	Q81Y62_BACAN	LRCC1_HUMAN	1	1392	two hybrid pooling approach	20711500
Q81VK9	Q8N712	Bacillus anthracis	Q81VK9_BACAN	Q8N712_HUMAN	1	1392	two hybrid pooling approach	20711500
Q81K96	Q8N5H5	Bacillus anthracis	Q81K96_BACAN	Q8N5H5_HUMAN	1	1392	two hybrid pooling approach	20711500
Q81RS1	Q93086	Bacillus anthracis	Q81RS1_BACAN	P2RX5_HUMAN	1	1392	two hybrid pooling approach	20711500
Q81TI7	Q8IWJ6	Bacillus anthracis	Q81TI7_BACAN	Q8IWJ6_HUMAN	1	1392	two hybrid pooling approach	20711500
Q81TT4	Q8IWI9	Bacillus anthracis	CLPB_BACAN	MGAP_HUMAN	1	1392	two hybrid pooling approach	20711500
Q81NG4	A6NMS7	Bacillus anthracis	Q81NG4_BACAN	L37A1_HUMAN	1	1392	two hybrid pooling approach	20711500
Q81KT8	Q8IVH2	Bacillus anthracis	EZRA_BACAN	FOXP4_HUMAN	1	1392	two hybrid pooling approach	20711500
Q81SN0	P22732	Bacillus anthracis	Q81SN0_BACAN	GTR5_HUMAN	1	1392	two hybrid pooling approach	20711500
Q81KI9	Q8IUP8	Bacillus anthracis	Q81KI9_BACAN	Q8IUP8_HUMAN	1	1392	two hybrid pooling approach	20711500
Q81TY9	A6H8Y1	Bacillus anthracis	Q81TY9_BACAN	BDP1_HUMAN	1	1392	two hybrid pooling approach	20711500
Q81RG7	Q86UY0	Bacillus anthracis	Q81RG7_BACAN	Q86UY0_HUMAN	1	1392	two hybrid pooling approach	20711500
Q81S27	Q99518	Bacillus anthracis	ILVC2_BACAN	FMO2_HUMAN	1	1392	two hybrid pooling approach	20711500
Q81QV1	Q99518	Bacillus anthracis	Q81QV1_BACAN	FMO2_HUMAN	1	1392	two hybrid pooling approach	20711500
Q81PD4	Q16822	Bacillus anthracis	Q81PD4_BACAN	PCKGM_HUMAN	1	1392	two hybrid pooling approach	20711500
Q81LA6	Q16822	Bacillus anthracis	Q81LA6_BACAN	PCKGM_HUMAN	1	1392	two hybrid pooling approach	20711500
Q81S14	Q86TA4	Bacillus anthracis	MTAD_BACAN	YB049_HUMAN	1	1392	two hybrid pooling approach	20711500
Q81VQ0	Q3KNW1	Bacillus anthracis	Q81VQ0_BACAN	SNAI3_HUMAN	1	1392	two hybrid pooling approach	20711500
Q81K32	Q3KNW1	Bacillus anthracis	Q81K32_BACAN	SNAI3_HUMAN	1	1392	two hybrid pooling approach	20711500
Q81VQ2	Q7Z586	Bacillus anthracis	ECFA1_BACAN	Q7Z586_HUMAN	1	1392	two hybrid pooling approach	20711500
Q81UC9	Q7Z3E9	Bacillus anthracis	Q81UC9_BACAN	Q7Z3E9_HUMAN	1	1392	two hybrid pooling approach	20711500
Q81RS1	Q7L5Y1	Bacillus anthracis	Q81RS1_BACAN	ENOF1_HUMAN	1	1392	two hybrid pooling approach	20711500
Q81ZA1	Q75MG2	Bacillus anthracis	Q81ZA1_BACAN	Q75MG2_HUMAN	1	1392	two hybrid pooling approach	20711500
Q81LF4	Q71V99	Bacillus anthracis	Q81LF4_BACAN	Q71V99_HUMAN	1	1392	two hybrid pooling approach	20711500
Q81TH5	Q71V99	Bacillus anthracis	Q81TH5_BACAN	Q71V99_HUMAN	1	1392	two hybrid pooling approach	20711500
Q81QR0	P04440	Bacillus anthracis	Q81QR0_BACAN	DPB1_HUMAN	1	1392	two hybrid pooling approach	20711500
Q81VG6	P04440	Bacillus anthracis	Q81VG6_BACAN	DPB1_HUMAN	1	1392	two hybrid pooling approach	20711500
Q81P27	Q6ZV49	Bacillus anthracis	PROA_BACAN	Q6ZV49_HUMAN	1	1392	two hybrid pooling approach	20711500
Q81VR0	Q6ZV49	Bacillus anthracis	Q81VR0_BACAN	Q6ZV49_HUMAN	1	1392	two hybrid pooling approach	20711500
Q81NR1	Q6ZV49	Bacillus anthracis	Q81NR1_BACAN	Q6ZV49_HUMAN	1	1392	two hybrid pooling approach	20711500
Q81JS4	Q6ZSZ5	Bacillus anthracis	Q81JS4_BACAN	ARHGI_HUMAN	1	1392	two hybrid pooling approach	20711500
Q81KM0	Q6ZRG2	Bacillus anthracis	Q81KM0_BACAN	Q6ZRG2_HUMAN	1	1392	two hybrid pooling approach	20711500
Q81LI9	Q6ZRD0	Bacillus anthracis	Q81LI9_BACAN	Q6ZRD0_HUMAN	1	1392	two hybrid pooling approach	20711500
Q81UK1	Q6ZRC0	Bacillus anthracis	Q81UK1_BACAN	Q6ZRC0_HUMAN	1	1392	two hybrid pooling approach	20711500
Q81Y46	Q6ZQS4	Bacillus anthracis	HUTU_BACAN	Q6ZQS4_HUMAN	1	1392	two hybrid pooling approach	20711500
Q81TC5	Q6ZQS4	Bacillus anthracis	Q81TC5_BACAN	Q6ZQS4_HUMAN	1	1392	two hybrid pooling approach	20711500
Q81P96	Q15149	Bacillus anthracis	Q81P96_BACAN	PLEC_HUMAN	1	1392	two hybrid pooling approach	20711500
Q81U48	Q8IZD2	Bacillus anthracis	Q81U48_BACAN	KMT2E_HUMAN	1	1392	two hybrid pooling approach	20711500
Q81VL8	Q8IZD2	Bacillus anthracis	Q81VL8_BACAN	KMT2E_HUMAN	1	1392	two hybrid pooling approach	20711500
Q81KB2	Q8IZD2	Bacillus anthracis	Q81KB2_BACAN	KMT2E_HUMAN	1	1392	two hybrid pooling approach	20711500
Q81JS9	Q6P4H7	Bacillus anthracis	Q81JS9_BACAN	Q6P4H7_HUMAN	1	1392	two hybrid pooling approach	20711500
Q81K94	Q6P2I0	Bacillus anthracis	MEND_BACAN	Q6P2I0_HUMAN	1	1392	two hybrid pooling approach	20711500
Q81VT8	Q70EL1	Bacillus anthracis	RPOB_BACAN	UBP54_HUMAN	1	1392	two hybrid pooling approach	20711500
Q81K32	Q92619	Bacillus anthracis	Q81K32_BACAN	HMHA1_HUMAN	1	1392	two hybrid pooling approach	20711500
Q81MD8	Q6P0P0	Bacillus anthracis	Q81MD8_BACAN	Q6P0P0_HUMAN	1	1392	two hybrid pooling approach	20711500
Q81WW1	P35030	Bacillus anthracis	Q81WW1_BACAN	TRY3_HUMAN	1	1392	two hybrid pooling approach	20711500
Q81K50	Q6IPW8	Bacillus anthracis	Q81K50_BACAN	Q6IPW8_HUMAN	1	1392	two hybrid pooling approach	20711500
Q81LC7	Q14393	Bacillus anthracis	HEM3_BACAN	GAS6_HUMAN	1	1392	two hybrid pooling approach	20711500
Q81V35	Q6IA98	Bacillus anthracis	Q81V35_BACAN	Q6IA98_HUMAN	1	1392	two hybrid pooling approach	20711500
Q81MY8	P51148	Bacillus anthracis	Q81MY8_BACAN	RAB5C_HUMAN	1	1392	two hybrid pooling approach	20711500
Q81VY7	P51148	Bacillus anthracis	Q81VY7_BACAN	RAB5C_HUMAN	1	1392	two hybrid pooling approach	20711500
Q81KY6	P37802	Bacillus anthracis	Q81KY6_BACAN	TAGL2_HUMAN	1	1392	two hybrid pooling approach	20711500
Q81K38	Q6EES4	Bacillus anthracis	Q81K38_BACAN	Q6EES4_HUMAN	1	1392	two hybrid pooling approach	20711500
Q81R83	Q6EES4	Bacillus anthracis	Y2173_BACAN	Q6EES4_HUMAN	1	1392	two hybrid pooling approach	20711500
Q81LD0	Q659D1	Bacillus anthracis	GSA2_BACAN	Q659D1_HUMAN	1	1392	two hybrid pooling approach	20711500
Q81V90	Q659D1	Bacillus anthracis	Q81V90_BACAN	Q659D1_HUMAN	1	1392	two hybrid pooling approach	20711500
Q81PT2	Q658P4	Bacillus anthracis	Q81PT2_BACAN	Q658P4_HUMAN	1	1392	two hybrid pooling approach	20711500
Q81JL8	Q64F87	Bacillus anthracis	Q81JL8_BACAN	Q64F87_HUMAN	1	1392	two hybrid pooling approach	20711500
Q81LK0	Q64F87	Bacillus anthracis	SYA_BACAN	Q64F87_HUMAN	1	1392	two hybrid pooling approach	20711500
Q81XS6	Q9BQ39	Bacillus anthracis	Q81XS6_BACAN	DDX50_HUMAN	1	1392	two hybrid pooling approach	20711500
Q6KNA9	Q12899	Bacillus anthracis	METE_BACAN	TRI26_HUMAN	1	1392	two hybrid pooling approach	20711500
Q81WC3	Q12899	Bacillus anthracis	RSMH_BACAN	TRI26_HUMAN	1	1392	two hybrid pooling approach	20711500
Q81R97	Q5HYL6	Bacillus anthracis	Q81R97_BACAN	Q5HYL6_HUMAN	1	1392	two hybrid pooling approach	20711500
Q81T34	Q5HYD9	Bacillus anthracis	Q81T34_BACAN	Q5HYD9_HUMAN	1	1392	two hybrid pooling approach	20711500
Q81WK3	Q59H57	Bacillus anthracis	TRMFO_BACAN	Q59H57_HUMAN	1	1392	two hybrid pooling approach	20711500
Q81ME0	Q59G98	Bacillus anthracis	DEOB_BACAN	Q59G98_HUMAN	1	1392	two hybrid pooling approach	20711500
Q81MY7	Q59G54	Bacillus anthracis	Q81MY7_BACAN	Q59G54_HUMAN	1	1392	two hybrid pooling approach	20711500
Q81SN0	Q59F48	Bacillus anthracis	Q81SN0_BACAN	Q59F48_HUMAN	1	1392	two hybrid pooling approach	20711500
Q81QG0	Q59F13	Bacillus anthracis	ANMK_BACAN	Q59F13_HUMAN	1	1392	two hybrid pooling approach	20711500
Q81RU2	O14595	Bacillus anthracis	Q81RU2_BACAN	CTDS2_HUMAN	1	1392	two hybrid pooling approach	20711500
Q81SE4	P34810	Bacillus anthracis	Q81SE4_BACAN	CD68_HUMAN	1	1392	two hybrid pooling approach	20711500
Q81V26	O95876	Bacillus anthracis	Q81V26_BACAN	FRITZ_HUMAN	1	1392	two hybrid pooling approach	20711500
Q81JL0	Q53GC0	Bacillus anthracis	Q81JL0_BACAN	Q53GC0_HUMAN	1	1392	two hybrid pooling approach	20711500
Q81LK4	Q4W5K1	Bacillus anthracis	Q81LK4_BACAN	Q4W5K1_HUMAN	1	1392	two hybrid pooling approach	20711500
Q81N92	Q4VC00	Bacillus anthracis	Q81N92_BACAN	Q4VC00_HUMAN	1	1392	two hybrid pooling approach	20711500
Q81YC4	Q4VBZ9	Bacillus anthracis	Q81YC4_BACAN	Q4VBZ9_HUMAN	1	1392	two hybrid pooling approach	20711500
Q81TH5	Q4VBZ9	Bacillus anthracis	Q81TH5_BACAN	Q4VBZ9_HUMAN	1	1392	two hybrid pooling approach	20711500
Q81SN0	Q4G1C4	Bacillus anthracis	Q81SN0_BACAN	Q4G1C4_HUMAN	1	1392	two hybrid pooling approach	20711500
Q81VT8	Q4G1C2	Bacillus anthracis	RPOB_BACAN	Q4G1C2_HUMAN	1	1392	two hybrid pooling approach	20711500
Q81JL0	Q495M3	Bacillus anthracis	Q81JL0_BACAN	S36A2_HUMAN	1	1392	two hybrid pooling approach	20711500
Q81JF3	O43760	Bacillus anthracis	Q81JF3_BACAN	SNG2_HUMAN	1	1392	two hybrid pooling approach	20711500
Q81QV1	Q6ZN01	Bacillus anthracis	Q81QV1_BACAN	MASTR_HUMAN	1	1392	two hybrid pooling approach	20711500
Q81SN0	Q30154	Bacillus anthracis	Q81SN0_BACAN	DRB5_HUMAN	1	1392	two hybrid pooling approach	20711500
Q81T03	Q30154	Bacillus anthracis	Q81T03_BACAN	DRB5_HUMAN	1	1392	two hybrid pooling approach	20711500
Q81S27	Q2V8N0	Bacillus anthracis	ILVC2_BACAN	Q2V8N0_HUMAN	1	1392	two hybrid pooling approach	20711500
Q81N85	A8K8P3	Bacillus anthracis	Q81N85_BACAN	SFI1_HUMAN	1	1392	two hybrid pooling approach	20711500
Q81PH4	A8K8P3	Bacillus anthracis	Q81PH4_BACAN	SFI1_HUMAN	1	1392	two hybrid pooling approach	20711500
Q81LA6	Q2NL98	Bacillus anthracis	Q81LA6_BACAN	VMAC_HUMAN	1	1392	two hybrid pooling approach	20711500
Q81SN0	Q2NL98	Bacillus anthracis	Q81SN0_BACAN	VMAC_HUMAN	1	1392	two hybrid pooling approach	20711500
Q81M47	Q2M385	Bacillus anthracis	Q81M47_BACAN	MPEG1_HUMAN	1	1392	two hybrid pooling approach	20711500
Q81VN1	Q6H8Q1	Bacillus anthracis	Q81VN1_BACAN	ABLM2_HUMAN	1	1392	two hybrid pooling approach	20711500
Q81P43	O14524	Bacillus anthracis	Q81P43_BACAN	NEMP1_HUMAN	1	1392	two hybrid pooling approach	20711500
Q81QR0	Q16646	Bacillus anthracis	Q81QR0_BACAN	Q16646_HUMAN	1	1392	two hybrid pooling approach	20711500
Q81ST0	Q14C61	Bacillus anthracis	Q81ST0_BACAN	Q14C61_HUMAN	1	1392	two hybrid pooling approach	20711500
Q81WS3	O14950	Bacillus anthracis	Q81WS3_BACAN	ML12B_HUMAN	1	1392	two hybrid pooling approach	20711500
Q81XB4	Q0VGM3	Bacillus anthracis	Q81XB4_BACAN	Q0VGM3_HUMAN	1	1392	two hybrid pooling approach	20711500
Q81YE8	Q0VD83	Bacillus anthracis	Q81YE8_BACAN	APOBR_HUMAN	1	1392	two hybrid pooling approach	20711500
Q81K51	Q0PKG6	Bacillus anthracis	Q81K51_BACAN	Q0PKG6_HUMAN	1	1392	two hybrid pooling approach	20711500
Q81LD0	Q0EAF5	Bacillus anthracis	GSA2_BACAN	Q0EAF5_HUMAN	1	1392	two hybrid pooling approach	20711500
Q81XA6	Q0EAF5	Bacillus anthracis	Q81XA6_BACAN	Q0EAF5_HUMAN	1	1392	two hybrid pooling approach	20711500
Q81LQ0	Q86UA1	Bacillus anthracis	Q81LQ0_BACAN	PRP39_HUMAN	1	1392	two hybrid pooling approach	20711500
Q81WS0	Q9BX82	Bacillus anthracis	Q81WS0_BACAN	ZN471_HUMAN	1	1392	two hybrid pooling approach	20711500
Q81NE4	Q96RE9	Bacillus anthracis	Q81NE4_BACAN	ZN300_HUMAN	1	1392	two hybrid pooling approach	20711500
Q81W86	Q05C95	Bacillus anthracis	Q81W86_BACAN	Q05C95_HUMAN	1	1392	two hybrid pooling approach	20711500
Q81VA8	Q9NQS3	Bacillus anthracis	Q81VA8_BACAN	NECT3_HUMAN	1	1392	two hybrid pooling approach	20711500
Q81SA6	P31939	Bacillus anthracis	Q81SA6_BACAN	PUR9_HUMAN	1	1392	two hybrid pooling approach	20711500
Q81KK6	O15067	Bacillus anthracis	SYL_BACAN	PUR4_HUMAN	1	1392	two hybrid pooling approach	20711500
Q81KS2	P22102	Bacillus anthracis	Q81KS2_BACAN	PUR2_HUMAN	1	1392	two hybrid pooling approach	20711500
Q81RW1	Q9UHX1	Bacillus anthracis	Q81RW1_BACAN	PUF60_HUMAN	1	1392	two hybrid pooling approach	20711500
Q81VL5	Q9UHX1	Bacillus anthracis	Q81VL5_BACAN	PUF60_HUMAN	1	1392	two hybrid pooling approach	20711500
Q81MH4	P28827	Bacillus anthracis	Q81MH4_BACAN	PTPRM_HUMAN	1	1392	two hybrid pooling approach	20711500
Q81KM0	P23467	Bacillus anthracis	Q81KM0_BACAN	PTPRB_HUMAN	1	1392	two hybrid pooling approach	20711500
Q81R09	P29350	Bacillus anthracis	Q81R09_BACAN	PTN6_HUMAN	1	1392	two hybrid pooling approach	20711500
Q81KQ7	Q9Y2R2	Bacillus anthracis	Q81KQ7_BACAN	PTN22_HUMAN	1	1392	two hybrid pooling approach	20711500
Q81QP7	P18031	Bacillus anthracis	Q81QP7_BACAN	PTN1_HUMAN	1	1392	two hybrid pooling approach	20711500
Q81VF6	Q12923	Bacillus anthracis	Q81VF6_BACAN	PTN13_HUMAN	1	1392	two hybrid pooling approach	20711500
Q81L97	Q05209	Bacillus anthracis	Q81L97_BACAN	PTN12_HUMAN	1	1392	two hybrid pooling approach	20711500
Q81JX0	Q3SYG4	Bacillus anthracis	KITH_BACAN	PTHB1_HUMAN	1	1392	two hybrid pooling approach	20711500
Q81K97	P41222	Bacillus anthracis	MENE_BACAN	PTGDS_HUMAN	1	1392	two hybrid pooling approach	20711500
Q81UK1	P60484	Bacillus anthracis	Q81UK1_BACAN	PTEN_HUMAN	1	1392	two hybrid pooling approach	20711500
Q81RN3	Q14761	Bacillus anthracis	Q81RN3_BACAN	PTCA_HUMAN	1	1392	two hybrid pooling approach	20711500
Q81VA8	Q8IYL9	Bacillus anthracis	Q81VA8_BACAN	PSYR_HUMAN	1	1392	two hybrid pooling approach	20711500
Q81KA5	Q99460	Bacillus anthracis	Q81KA5_BACAN	PSMD1_HUMAN	1	1392	two hybrid pooling approach	20711500
Q81VT8	Q99460	Bacillus anthracis	RPOB_BACAN	PSMD1_HUMAN	1	1392	two hybrid pooling approach	20711500
Q81NS5	P51665	Bacillus anthracis	Q81NS5_BACAN	PSMD7_HUMAN	1	1392	two hybrid pooling approach	20711500
Q81PQ4	Q9NYI0	Bacillus anthracis	Q81PQ4_BACAN	PSD3_HUMAN	1	1392	two hybrid pooling approach	20711500
Q81VT8	Q9NYI0	Bacillus anthracis	RPOB_BACAN	PSD3_HUMAN	1	1392	two hybrid pooling approach	20711500
Q81YC1	Q9NYI0	Bacillus anthracis	Q81YC1_BACAN	PSD3_HUMAN	1	1392	two hybrid pooling approach	20711500
Q81VM1	Q9NYI0	Bacillus anthracis	Q81VM1_BACAN	PSD3_HUMAN	1	1392	two hybrid pooling approach	20711500
Q81VG5	Q9NYI0	Bacillus anthracis	Q81VG5_BACAN	PSD3_HUMAN	1	1392	two hybrid pooling approach	20711500
Q81S59	Q9NYI0	Bacillus anthracis	Q81S59_BACAN	PSD3_HUMAN	1	1392	two hybrid pooling approach	20711500
Q81Z98	P28062	Bacillus anthracis	Q81Z98_BACAN	PSB8_HUMAN	1	1392	two hybrid pooling approach	20711500
Q81X75	P28070	Bacillus anthracis	PGK_BACAN	PSB4_HUMAN	1	1392	two hybrid pooling approach	20711500
Q81LC7	P28070	Bacillus anthracis	HEM3_BACAN	PSB4_HUMAN	1	1392	two hybrid pooling approach	20711500
Q9K5J7	P62195	Bacillus anthracis	RSBW_BACAN	PRS8_HUMAN	1	1392	two hybrid pooling approach	20711500
Q81YF4	P17980	Bacillus anthracis	Q81YF4_BACAN	PRS6A_HUMAN	1	1392	two hybrid pooling approach	20711500
Q81XC3	P62195	Bacillus anthracis	Q81XC3_BACAN	PRS8_HUMAN	1	1392	two hybrid pooling approach	20711500
Q81N92	Q16378	Bacillus anthracis	Q81N92_BACAN	PROL4_HUMAN	1	1392	two hybrid pooling approach	20711500
Q81YN3	O75569	Bacillus anthracis	Q81YN3_BACAN	PRKRA_HUMAN	1	1392	two hybrid pooling approach	20711500
Q81QR0	Q8TCU6	Bacillus anthracis	Q81QR0_BACAN	PREX1_HUMAN	1	1392	two hybrid pooling approach	20711500
Q81N42	P51888	Bacillus anthracis	Q81N42_BACAN	PRELP_HUMAN	1	1392	two hybrid pooling approach	20711500
Q81XC3	P30041	Bacillus anthracis	Q81XC3_BACAN	PRDX6_HUMAN	1	1392	two hybrid pooling approach	20711500
Q81YF9	Q13162	Bacillus anthracis	Q81YF9_BACAN	PRDX4_HUMAN	1	1392	two hybrid pooling approach	20711500
Q81KV0	P30048	Bacillus anthracis	ACKA_BACAN	PRDX3_HUMAN	1	1392	two hybrid pooling approach	20711500
Q81YS4	P30048	Bacillus anthracis	Q81YS4_BACAN	PRDX3_HUMAN	1	1392	two hybrid pooling approach	20711500
Q81W18	P30048	Bacillus anthracis	Q81W18_BACAN	PRDX3_HUMAN	1	1392	two hybrid pooling approach	20711500
Q81VA2	P30048	Bacillus anthracis	Q81VA2_BACAN	PRDX3_HUMAN	1	1392	two hybrid pooling approach	20711500
Q81RM1	Q13029	Bacillus anthracis	Q81RM1_BACAN	PRDM2_HUMAN	1	1392	two hybrid pooling approach	20711500
Q81LN0	Q96BP3	Bacillus anthracis	Q81LN0_BACAN	PPWD1_HUMAN	1	1392	two hybrid pooling approach	20711500
Q81KK8	Q96BP3	Bacillus anthracis	Q81KK8_BACAN	PPWD1_HUMAN	1	1392	two hybrid pooling approach	20711500
Q9RMZ3	Q13427	Bacillus anthracis	Q9RMZ3_BACAN	PPIG_HUMAN	1	1392	two hybrid pooling approach	20711500
Q81RY4	P23284	Bacillus anthracis	Q81RY4_BACAN	PPIB_HUMAN	1	1392	two hybrid pooling approach	20711500
Q81JF3	Q9HAB8	Bacillus anthracis	Q81JF3_BACAN	PPCS_HUMAN	1	1392	two hybrid pooling approach	20711500
Q81MH4	Q4J6C6	Bacillus anthracis	Q81MH4_BACAN	PPCEL_HUMAN	1	1392	two hybrid pooling approach	20711500
Q81W12	P48454	Bacillus anthracis	Q81W12_BACAN	PP2BC_HUMAN	1	1392	two hybrid pooling approach	20711500
Q81U46	Q08209	Bacillus anthracis	Q81U46_BACAN	PP2BA_HUMAN	1	1392	two hybrid pooling approach	20711500
Q81U22	Q96QC0	Bacillus anthracis	HEMH1_BACAN	PP1RA_HUMAN	1	1392	two hybrid pooling approach	20711500
Q81SN0	Q15435	Bacillus anthracis	Q81SN0_BACAN	PP1R7_HUMAN	1	1392	two hybrid pooling approach	20711500
Q81R83	Q9BZL4	Bacillus anthracis	Y2173_BACAN	PP12C_HUMAN	1	1392	two hybrid pooling approach	20711500
P94217	Q9NUX5	Bacillus anthracis	SLAP2_BACAN	POTE1_HUMAN	1	1392	two hybrid pooling approach	20711500
Q81TT4	Q9NUX5	Bacillus anthracis	CLPB_BACAN	POTE1_HUMAN	1	1392	two hybrid pooling approach	20711500
Q81U22	Q9Y253	Bacillus anthracis	HEMH1_BACAN	POLH_HUMAN	1	1392	two hybrid pooling approach	20711500
Q81YE8	Q7Z3K3	Bacillus anthracis	Q81YE8_BACAN	POGZ_HUMAN	1	1392	two hybrid pooling approach	20711500
Q81WW1	Q7Z3K3	Bacillus anthracis	Q81WW1_BACAN	POGZ_HUMAN	1	1392	two hybrid pooling approach	20711500
Q81TG1	Q7Z3K3	Bacillus anthracis	LUTB_BACAN	POGZ_HUMAN	1	1392	two hybrid pooling approach	20711500
Q81S01	Q7Z3K3	Bacillus anthracis	Q81S01_BACAN	POGZ_HUMAN	1	1392	two hybrid pooling approach	20711500
Q81PM6	Q7Z3K3	Bacillus anthracis	Q81PM6_BACAN	POGZ_HUMAN	1	1392	two hybrid pooling approach	20711500
Q81K67	Q7Z3K3	Bacillus anthracis	Q81K67_BACAN	POGZ_HUMAN	1	1392	two hybrid pooling approach	20711500
Q81JJ1	Q7Z3K3	Bacillus anthracis	Q81JJ1_BACAN	POGZ_HUMAN	1	1392	two hybrid pooling approach	20711500
Q81S14	Q8TEM1	Bacillus anthracis	MTAD_BACAN	PO210_HUMAN	1	1392	two hybrid pooling approach	20711500
Q81X77	Q8TEM1	Bacillus anthracis	GPMI_BACAN	PO210_HUMAN	1	1392	two hybrid pooling approach	20711500
Q81LA6	Q12796	Bacillus anthracis	Q81LA6_BACAN	PNRC1_HUMAN	1	1392	two hybrid pooling approach	20711500
Q81L99	Q8ND90	Bacillus anthracis	Q81L99_BACAN	PNMA1_HUMAN	1	1392	two hybrid pooling approach	20711500
Q81PL6	Q8TBY8	Bacillus anthracis	Q81PL6_BACAN	PMFBP_HUMAN	1	1392	two hybrid pooling approach	20711500
Q81JW1	O15031	Bacillus anthracis	PYRG_BACAN	PLXB2_HUMAN	1	1392	two hybrid pooling approach	20711500
Q81MS2	P13796	Bacillus anthracis	SPEA_BACAN	PLSL_HUMAN	1	1392	two hybrid pooling approach	20711500
Q81YS3	Q9NRQ2	Bacillus anthracis	Q81YS3_BACAN	PLS4_HUMAN	1	1392	two hybrid pooling approach	20711500
Q81X58	Q9NRY6	Bacillus anthracis	Q81X58_BACAN	PLS3_HUMAN	1	1392	two hybrid pooling approach	20711500
Q81WR4	O15162	Bacillus anthracis	MUTL_BACAN	PLS1_HUMAN	1	1392	two hybrid pooling approach	20711500
Q81SR6	O15162	Bacillus anthracis	Q81SR6_BACAN	PLS1_HUMAN	1	1392	two hybrid pooling approach	20711500
Q81XX7	O15162	Bacillus anthracis	Q81XX7_BACAN	PLS1_HUMAN	1	1392	two hybrid pooling approach	20711500
Q81TD3	O15162	Bacillus anthracis	Q81TD3_BACAN	PLS1_HUMAN	1	1392	two hybrid pooling approach	20711500
Q81SN0	O15162	Bacillus anthracis	Q81SN0_BACAN	PLS1_HUMAN	1	1392	two hybrid pooling approach	20711500
Q81N85	O15162	Bacillus anthracis	Q81N85_BACAN	PLS1_HUMAN	1	1392	two hybrid pooling approach	20711500
Q81N50	O15162	Bacillus anthracis	Q81N50_BACAN	PLS1_HUMAN	1	1392	two hybrid pooling approach	20711500
Q81LW1	O15162	Bacillus anthracis	Q81LW1_BACAN	PLS1_HUMAN	1	1392	two hybrid pooling approach	20711500
Q81MN9	Q96AD5	Bacillus anthracis	PPK_BACAN	PLPL2_HUMAN	1	1392	two hybrid pooling approach	20711500
Q81TT4	P00747	Bacillus anthracis	CLPB_BACAN	PLMN_HUMAN	1	1392	two hybrid pooling approach	20711500
Q81WA0	P00747	Bacillus anthracis	Q81WA0_BACAN	PLMN_HUMAN	1	1392	two hybrid pooling approach	20711500
Q81WH6	Q13393	Bacillus anthracis	PRKC_BACAN	PLD1_HUMAN	1	1392	two hybrid pooling approach	20711500
Q81N23	P16885	Bacillus anthracis	Q81N23_BACAN	PLCG2_HUMAN	1	1392	two hybrid pooling approach	20711500
Q81N85	O94827	Bacillus anthracis	Q81N85_BACAN	PKHG5_HUMAN	1	1392	two hybrid pooling approach	20711500
Q81V32	Q9H7P9	Bacillus anthracis	Q81V32_BACAN	PKHG2_HUMAN	1	1392	two hybrid pooling approach	20711500
Q81RU2	Q9ULL1	Bacillus anthracis	Q81RU2_BACAN	PKHG1_HUMAN	1	1392	two hybrid pooling approach	20711500
Q81VW1	O43164	Bacillus anthracis	Q81VW1_BACAN	PJA2_HUMAN	1	1392	two hybrid pooling approach	20711500
Q81K96	Q9UKJ0	Bacillus anthracis	Q81K96_BACAN	PILRB_HUMAN	1	1392	two hybrid pooling approach	20711500
Q81XD7	Q9BRB3	Bacillus anthracis	Q81XD7_BACAN	PIGQ_HUMAN	1	1392	two hybrid pooling approach	20711500
Q81XA3	Q9Y6X2	Bacillus anthracis	Q81XA3_BACAN	PIAS3_HUMAN	1	1392	two hybrid pooling approach	20711500
Q81XV4	P42356	Bacillus anthracis	Q81XV4_BACAN	PI4KA_HUMAN	1	1392	two hybrid pooling approach	20711500
Q81VV7	P15735	Bacillus anthracis	DISA_BACAN	PHKG2_HUMAN	1	1392	two hybrid pooling approach	20711500
Q81MY7	Q8WWQ0	Bacillus anthracis	Q81MY7_BACAN	PHIP_HUMAN	1	1392	two hybrid pooling approach	20711500
Q81XB4	P78562	Bacillus anthracis	Q81XB4_BACAN	PHEX_HUMAN	1	1392	two hybrid pooling approach	20711500
Q81R83	P78364	Bacillus anthracis	Y2173_BACAN	PHC1_HUMAN	1	1392	two hybrid pooling approach	20711500
Q81NG4	Q96KR7	Bacillus anthracis	Q81NG4_BACAN	PHAR3_HUMAN	1	1392	two hybrid pooling approach	20711500
Q81M57	Q96PD5	Bacillus anthracis	Q81M57_BACAN	PGRP2_HUMAN	1	1392	two hybrid pooling approach	20711500
Q81UK1	P98160	Bacillus anthracis	Q81UK1_BACAN	PGBM_HUMAN	1	1392	two hybrid pooling approach	20711500
Q81MB8	P18669	Bacillus anthracis	Q81MB8_BACAN	PGAM1_HUMAN	1	1392	two hybrid pooling approach	20711500
Q81V83	P98160	Bacillus anthracis	Q81V83_BACAN	PGBM_HUMAN	1	1392	two hybrid pooling approach	20711500
Q81W25	Q99471	Bacillus anthracis	SYS_BACAN	PFD5_HUMAN	1	1392	two hybrid pooling approach	20711500
Q81W25	Q96BD5	Bacillus anthracis	SYS_BACAN	PF21A_HUMAN	1	1392	two hybrid pooling approach	20711500
Q81JE5	P50542	Bacillus anthracis	MNMA_BACAN	PEX5_HUMAN	1	1392	two hybrid pooling approach	20711500
Q81LY0	P50542	Bacillus anthracis	Q81LY0_BACAN	PEX5_HUMAN	1	1392	two hybrid pooling approach	20711500
Q81Z76	P50542	Bacillus anthracis	SYP2_BACAN	PEX5_HUMAN	1	1392	two hybrid pooling approach	20711500
Q81QS2	P50542	Bacillus anthracis	Q81QS2_BACAN	PEX5_HUMAN	1	1392	two hybrid pooling approach	20711500
Q81N96	Q7Z412	Bacillus anthracis	Q81N96_BACAN	PEX26_HUMAN	1	1392	two hybrid pooling approach	20711500
Q81JJ0	P56645	Bacillus anthracis	Q81JJ0_BACAN	PER3_HUMAN	1	1392	two hybrid pooling approach	20711500
Q81Y80	P12955	Bacillus anthracis	Q81Y80_BACAN	PEPD_HUMAN	1	1392	two hybrid pooling approach	20711500
Q81LQ9	P12955	Bacillus anthracis	Q81LQ9_BACAN	PEPD_HUMAN	1	1392	two hybrid pooling approach	20711500
Q81K51	Q5VY43	Bacillus anthracis	Q81K51_BACAN	PEAR1_HUMAN	1	1392	two hybrid pooling approach	20711500
Q81JP7	Q9NTI5	Bacillus anthracis	Q81JP7_BACAN	PDS5B_HUMAN	1	1392	two hybrid pooling approach	20711500
Q81K28	Q15084	Bacillus anthracis	Q81K28_BACAN	PDIA6_HUMAN	1	1392	two hybrid pooling approach	20711500
Q81LM9	P30101	Bacillus anthracis	Q81LM9_BACAN	PDIA3_HUMAN	1	1392	two hybrid pooling approach	20711500
Q81X77	P30101	Bacillus anthracis	GPMI_BACAN	PDIA3_HUMAN	1	1392	two hybrid pooling approach	20711500
Q81YE8	P07237	Bacillus anthracis	Q81YE8_BACAN	PDIA1_HUMAN	1	1392	two hybrid pooling approach	20711500
Q81XC3	P07237	Bacillus anthracis	Q81XC3_BACAN	PDIA1_HUMAN	1	1392	two hybrid pooling approach	20711500
Q81QR0	O60658	Bacillus anthracis	Q81QR0_BACAN	PDE8A_HUMAN	1	1392	two hybrid pooling approach	20711500
Q81N22	Q13946	Bacillus anthracis	Q81N22_BACAN	PDE7A_HUMAN	1	1392	two hybrid pooling approach	20711500
Q6KNA9	O00408	Bacillus anthracis	METE_BACAN	PDE2A_HUMAN	1	1392	two hybrid pooling approach	20711500
Q81JF3	Q53EL6	Bacillus anthracis	Q81JF3_BACAN	PDCD4_HUMAN	1	1392	two hybrid pooling approach	20711500
Q81LF9	Q53EL6	Bacillus anthracis	Q81LF9_BACAN	PDCD4_HUMAN	1	1392	two hybrid pooling approach	20711500
Q81XD7	Q8NBM8	Bacillus anthracis	Q81XD7_BACAN	PCYXL_HUMAN	1	1392	two hybrid pooling approach	20711500
Q81XC3	P49585	Bacillus anthracis	Q81XC3_BACAN	PCY1A_HUMAN	1	1392	two hybrid pooling approach	20711500
Q81JT7	Q96RV3	Bacillus anthracis	SYR1_BACAN	PCX1_HUMAN	1	1392	two hybrid pooling approach	20711500
Q81YE8	P49585	Bacillus anthracis	Q81YE8_BACAN	PCY1A_HUMAN	1	1392	two hybrid pooling approach	20711500
Q81KG1	Q15154	Bacillus anthracis	Q81KG1_BACAN	PCM1_HUMAN	1	1392	two hybrid pooling approach	20711500
Q81WE9	Q86SE9	Bacillus anthracis	PYRB_BACAN	PCGF5_HUMAN	1	1392	two hybrid pooling approach	20711500
Q81VV7	Q15365	Bacillus anthracis	DISA_BACAN	PCBP1_HUMAN	1	1392	two hybrid pooling approach	20711500
Q81LY0	P40425	Bacillus anthracis	Q81LY0_BACAN	PBX2_HUMAN	1	1392	two hybrid pooling approach	20711500
Q81L99	P40425	Bacillus anthracis	Q81L99_BACAN	PBX2_HUMAN	1	1392	two hybrid pooling approach	20711500
Q81VW3	P40425	Bacillus anthracis	SYK_BACAN	PBX2_HUMAN	1	1392	two hybrid pooling approach	20711500
Q9RMZ3	Q96AQ6	Bacillus anthracis	Q9RMZ3_BACAN	PBIP1_HUMAN	1	1392	two hybrid pooling approach	20711500
Q81XX8	Q96AQ6	Bacillus anthracis	Q81XX8_BACAN	PBIP1_HUMAN	1	1392	two hybrid pooling approach	20711500
Q81M31	Q9UKK3	Bacillus anthracis	Q81M31_BACAN	PARP4_HUMAN	1	1392	two hybrid pooling approach	20711500
Q81KT8	P09874	Bacillus anthracis	EZRA_BACAN	PARP1_HUMAN	1	1392	two hybrid pooling approach	20711500
Q81V12	O43252	Bacillus anthracis	Q81V12_BACAN	PAPS1_HUMAN	1	1392	two hybrid pooling approach	20711500
Q81N09	Q504Q3	Bacillus anthracis	Q81N09_BACAN	PAN2_HUMAN	1	1392	two hybrid pooling approach	20711500
Q81ZE2	Q504Q3	Bacillus anthracis	Q81ZE2_BACAN	PAN2_HUMAN	1	1392	two hybrid pooling approach	20711500
Q81PF8	Q9NP74	Bacillus anthracis	Q81PF8_BACAN	PALMD_HUMAN	1	1392	two hybrid pooling approach	20711500
Q81JU1	Q8NC51	Bacillus anthracis	Q81JU1_BACAN	PAIRB_HUMAN	1	1392	two hybrid pooling approach	20711500
Q81PH9	Q9NWQ8	Bacillus anthracis	PPAC_BACAN	PHAG1_HUMAN	1	1392	two hybrid pooling approach	20711500
Q6KNA9	Q13093	Bacillus anthracis	METE_BACAN	PAFA_HUMAN	1	1392	two hybrid pooling approach	20711500
Q81NS5	Q9UNF0	Bacillus anthracis	Q81NS5_BACAN	PACN2_HUMAN	1	1392	two hybrid pooling approach	20711500
Q81SN0	Q9UNF0	Bacillus anthracis	Q81SN0_BACAN	PACN2_HUMAN	1	1392	two hybrid pooling approach	20711500
Q81XY2	Q86U42	Bacillus anthracis	Q81XY2_BACAN	PABP2_HUMAN	1	1392	two hybrid pooling approach	20711500
Q81L10	P11940	Bacillus anthracis	NRDR_BACAN	PABP1_HUMAN	1	1392	two hybrid pooling approach	20711500
Q81X13	Q9UQ80	Bacillus anthracis	Q81X13_BACAN	PA2G4_HUMAN	1	1392	two hybrid pooling approach	20711500
Q81ML5	P27986	Bacillus anthracis	Q81ML5_BACAN	P85A_HUMAN	1	1392	two hybrid pooling approach	20711500
Q81K51	Q8WXI9	Bacillus anthracis	Q81K51_BACAN	P66B_HUMAN	1	1392	two hybrid pooling approach	20711500
Q81KT8	Q8WXI9	Bacillus anthracis	EZRA_BACAN	P66B_HUMAN	1	1392	two hybrid pooling approach	20711500
Q81RG7	P04637	Bacillus anthracis	Q81RG7_BACAN	P53_HUMAN	1	1392	two hybrid pooling approach	20711500
Q81NX1	O43422	Bacillus anthracis	Q81NX1_BACAN	P52K_HUMAN	1	1392	two hybrid pooling approach	20711500
Q81SN0	Q8IVL5	Bacillus anthracis	Q81SN0_BACAN	P3H2_HUMAN	1	1392	two hybrid pooling approach	20711500
Q81JL0	Q99571	Bacillus anthracis	Q81JL0_BACAN	P2RX4_HUMAN	1	1392	two hybrid pooling approach	20711500
Q81U80	Q8IVL5	Bacillus anthracis	Q81U80_BACAN	P3H2_HUMAN	1	1392	two hybrid pooling approach	20711500
Q81KM0	Q96G74	Bacillus anthracis	Q81KM0_BACAN	OTUD5_HUMAN	1	1392	two hybrid pooling approach	20711500
Q81KT8	Q96P16	Bacillus anthracis	EZRA_BACAN	RPR1A_HUMAN	1	1392	two hybrid pooling approach	20711500
Q81KM0	Q9H1P3	Bacillus anthracis	Q81KM0_BACAN	OSBL2_HUMAN	1	1392	two hybrid pooling approach	20711500
Q81JW4	Q13438	Bacillus anthracis	Q81JW4_BACAN	OS9_HUMAN	1	1392	two hybrid pooling approach	20711500
Q9RMZ3	O43929	Bacillus anthracis	Q9RMZ3_BACAN	ORC4_HUMAN	1	1392	two hybrid pooling approach	20711500
Q81YC9	O15294	Bacillus anthracis	Q81YC9_BACAN	OGT1_HUMAN	1	1392	two hybrid pooling approach	20711500
Q81JL0	O15294	Bacillus anthracis	Q81JL0_BACAN	OGT1_HUMAN	1	1392	two hybrid pooling approach	20711500
Q81JE5	O15294	Bacillus anthracis	MNMA_BACAN	OGT1_HUMAN	1	1392	two hybrid pooling approach	20711500
Q81VT8	O15294	Bacillus anthracis	RPOB_BACAN	OGT1_HUMAN	1	1392	two hybrid pooling approach	20711500
Q81KP6	Q5SWX8	Bacillus anthracis	Q81KP6_BACAN	ODR4_HUMAN	1	1392	two hybrid pooling approach	20711500
Q81JP0	Q5SWX8	Bacillus anthracis	Q81JP0_BACAN	ODR4_HUMAN	1	1392	two hybrid pooling approach	20711500
Q81Z98	P36957	Bacillus anthracis	Q81Z98_BACAN	ODO2_HUMAN	1	1392	two hybrid pooling approach	20711500
Q81ND5	Q02218	Bacillus anthracis	LUTA2_BACAN	ODO1_HUMAN	1	1392	two hybrid pooling approach	20711500
Q81RV9	Q9ULJ1	Bacillus anthracis	Q81RV9_BACAN	ODF2L_HUMAN	1	1392	two hybrid pooling approach	20711500
Q81WR2	Q9ULJ1	Bacillus anthracis	Q81WR2_BACAN	ODF2L_HUMAN	1	1392	two hybrid pooling approach	20711500
Q81ST0	A7KAX9	Bacillus anthracis	Q81ST0_BACAN	RHG32_HUMAN	1	1392	two hybrid pooling approach	20711500
Q81VV7	O75889	Bacillus anthracis	DISA_BACAN	O75889_HUMAN	1	1392	two hybrid pooling approach	20711500
Q81L21	O75807	Bacillus anthracis	Q81L21_BACAN	PR15A_HUMAN	1	1392	two hybrid pooling approach	20711500
Q81W74	O75807	Bacillus anthracis	Q81W74_BACAN	PR15A_HUMAN	1	1392	two hybrid pooling approach	20711500
Q81UI7	O75807	Bacillus anthracis	SECA2_BACAN	PR15A_HUMAN	1	1392	two hybrid pooling approach	20711500
Q81KM0	O15201	Bacillus anthracis	Q81KM0_BACAN	O15201_HUMAN	1	1392	two hybrid pooling approach	20711500
Q81WR4	O00376	Bacillus anthracis	MUTL_BACAN	O00376_HUMAN	1	1392	two hybrid pooling approach	20711500
Q81UK2	O00365	Bacillus anthracis	Q81UK2_BACAN	O00365_HUMAN	1	1392	two hybrid pooling approach	20711500
Q81WF3	Q9UBU9	Bacillus anthracis	PYRK_BACAN	NXF1_HUMAN	1	1392	two hybrid pooling approach	20711500
Q81WW5	Q9UBU9	Bacillus anthracis	Q81WW5_BACAN	NXF1_HUMAN	1	1392	two hybrid pooling approach	20711500
Q81V35	O15504	Bacillus anthracis	Q81V35_BACAN	NUPL2_HUMAN	1	1392	two hybrid pooling approach	20711500
Q81KT8	O15504	Bacillus anthracis	EZRA_BACAN	NUPL2_HUMAN	1	1392	two hybrid pooling approach	20711500
Q81SW4	Q9Y6R0	Bacillus anthracis	SP4A_BACAN	NUMBL_HUMAN	1	1392	two hybrid pooling approach	20711500
Q81KT8	P35658	Bacillus anthracis	EZRA_BACAN	NU214_HUMAN	1	1392	two hybrid pooling approach	20711500
Q81M70	Q5TFE4	Bacillus anthracis	Q81M70_BACAN	NT5D1_HUMAN	1	1392	two hybrid pooling approach	20711500
Q81JD6	P48552	Bacillus anthracis	Q81JD6_BACAN	NRIP1_HUMAN	1	1392	two hybrid pooling approach	20711500
Q81V26	Q16656	Bacillus anthracis	Q81V26_BACAN	NRF1_HUMAN	1	1392	two hybrid pooling approach	20711500
Q81R90	P55055	Bacillus anthracis	Q81R90_BACAN	NR1H2_HUMAN	1	1392	two hybrid pooling approach	20711500
Q81R83	P06748	Bacillus anthracis	Y2173_BACAN	NPM_HUMAN	1	1392	two hybrid pooling approach	20711500
Q81Q28	O60500	Bacillus anthracis	Q81Q28_BACAN	NPHN_HUMAN	1	1392	two hybrid pooling approach	20711500
Q81TT5	P61916	Bacillus anthracis	Q81TT5_BACAN	NPC2_HUMAN	1	1392	two hybrid pooling approach	20711500
Q81X78	O60500	Bacillus anthracis	ENO_BACAN	NPHN_HUMAN	1	1392	two hybrid pooling approach	20711500
Q81RU2	P55209	Bacillus anthracis	Q81RU2_BACAN	NP1L1_HUMAN	1	1392	two hybrid pooling approach	20711500
Q81M11	P55209	Bacillus anthracis	Q81M11_BACAN	NP1L1_HUMAN	1	1392	two hybrid pooling approach	20711500
Q81SN0	P55209	Bacillus anthracis	Q81SN0_BACAN	NP1L1_HUMAN	1	1392	two hybrid pooling approach	20711500
Q81PZ1	P55209	Bacillus anthracis	Q81PZ1_BACAN	NP1L1_HUMAN	1	1392	two hybrid pooling approach	20711500
Q81JL0	Q9UM47	Bacillus anthracis	Q81JL0_BACAN	NOTC3_HUMAN	1	1392	two hybrid pooling approach	20711500
Q81NN0	P46531	Bacillus anthracis	GLSA2_BACAN	NOTC1_HUMAN	1	1392	two hybrid pooling approach	20711500
Q81VA6	Q9UM47	Bacillus anthracis	Q81VA6_BACAN	NOTC3_HUMAN	1	1392	two hybrid pooling approach	20711500
Q81P27	Q9Y3T9	Bacillus anthracis	PROA_BACAN	NOC2L_HUMAN	1	1392	two hybrid pooling approach	20711500
Q81U80	Q9ULX3	Bacillus anthracis	Q81U80_BACAN	NOB1_HUMAN	1	1392	two hybrid pooling approach	20711500
Q81VG2	Q9Y3T9	Bacillus anthracis	Q81VG2_BACAN	NOC2L_HUMAN	1	1392	two hybrid pooling approach	20711500
Q81SR0	O75323	Bacillus anthracis	Q81SR0_BACAN	NIPS2_HUMAN	1	1392	two hybrid pooling approach	20711500
Q81TC5	O75323	Bacillus anthracis	Q81TC5_BACAN	NIPS2_HUMAN	1	1392	two hybrid pooling approach	20711500
Q81PX9	Q6KC79	Bacillus anthracis	Q81PX9_BACAN	NIPBL_HUMAN	1	1392	two hybrid pooling approach	20711500
Q81JK1	P14543	Bacillus anthracis	Q81JK1_BACAN	NID1_HUMAN	1	1392	two hybrid pooling approach	20711500
Q81VA8	P14543	Bacillus anthracis	Q81VA8_BACAN	NID1_HUMAN	1	1392	two hybrid pooling approach	20711500
Q81TN9	P14543	Bacillus anthracis	Q81TN9_BACAN	NID1_HUMAN	1	1392	two hybrid pooling approach	20711500
Q81KK8	P19838	Bacillus anthracis	Q81KK8_BACAN	NFKB1_HUMAN	1	1392	two hybrid pooling approach	20711500
Q81WY7	P19838	Bacillus anthracis	THIC_BACAN	NFKB1_HUMAN	1	1392	two hybrid pooling approach	20711500
Q81NT0	P19838	Bacillus anthracis	Y3095_BACAN	NFKB1_HUMAN	1	1392	two hybrid pooling approach	20711500
Q81TM1	P19838	Bacillus anthracis	TRPD_BACAN	NFKB1_HUMAN	1	1392	two hybrid pooling approach	20711500
Q81ZD5	P19838	Bacillus anthracis	Q81ZD5_BACAN	NFKB1_HUMAN	1	1392	two hybrid pooling approach	20711500
Q81Z98	P19838	Bacillus anthracis	Q81Z98_BACAN	NFKB1_HUMAN	1	1392	two hybrid pooling approach	20711500
Q81Y98	P19838	Bacillus anthracis	Q81Y98_BACAN	NFKB1_HUMAN	1	1392	two hybrid pooling approach	20711500
Q81Y52	P19838	Bacillus anthracis	Q81Y52_BACAN	NFKB1_HUMAN	1	1392	two hybrid pooling approach	20711500
Q81XX9	P19838	Bacillus anthracis	Q81XX9_BACAN	NFKB1_HUMAN	1	1392	two hybrid pooling approach	20711500
Q81XU9	P19838	Bacillus anthracis	Q81XU9_BACAN	NFKB1_HUMAN	1	1392	two hybrid pooling approach	20711500
Q81X16	P19838	Bacillus anthracis	Q81X16_BACAN	NFKB1_HUMAN	1	1392	two hybrid pooling approach	20711500
Q81V38	P19838	Bacillus anthracis	Q81V38_BACAN	NFKB1_HUMAN	1	1392	two hybrid pooling approach	20711500
Q81UM1	P19838	Bacillus anthracis	Q81UM1_BACAN	NFKB1_HUMAN	1	1392	two hybrid pooling approach	20711500
Q81UH0	P19838	Bacillus anthracis	Q81UH0_BACAN	NFKB1_HUMAN	1	1392	two hybrid pooling approach	20711500
Q81TS1	P19838	Bacillus anthracis	Q81TS1_BACAN	NFKB1_HUMAN	1	1392	two hybrid pooling approach	20711500
Q81TR1	P19838	Bacillus anthracis	Q81TR1_BACAN	NFKB1_HUMAN	1	1392	two hybrid pooling approach	20711500
Q81T13	P19838	Bacillus anthracis	Q81T13_BACAN	NFKB1_HUMAN	1	1392	two hybrid pooling approach	20711500
Q81SX9	P19838	Bacillus anthracis	Q81SX9_BACAN	NFKB1_HUMAN	1	1392	two hybrid pooling approach	20711500
Q81SN0	P19838	Bacillus anthracis	Q81SN0_BACAN	NFKB1_HUMAN	1	1392	two hybrid pooling approach	20711500
Q81SI0	P19838	Bacillus anthracis	Q81SI0_BACAN	NFKB1_HUMAN	1	1392	two hybrid pooling approach	20711500
Q81SC3	P19838	Bacillus anthracis	Q81SC3_BACAN	NFKB1_HUMAN	1	1392	two hybrid pooling approach	20711500
Q81S59	P19838	Bacillus anthracis	Q81S59_BACAN	NFKB1_HUMAN	1	1392	two hybrid pooling approach	20711500
Q81RU2	P19838	Bacillus anthracis	Q81RU2_BACAN	NFKB1_HUMAN	1	1392	two hybrid pooling approach	20711500
Q81Q87	P19838	Bacillus anthracis	Q81Q87_BACAN	NFKB1_HUMAN	1	1392	two hybrid pooling approach	20711500
Q81P43	P19838	Bacillus anthracis	Q81P43_BACAN	NFKB1_HUMAN	1	1392	two hybrid pooling approach	20711500
Q81NM4	P19838	Bacillus anthracis	Q81NM4_BACAN	NFKB1_HUMAN	1	1392	two hybrid pooling approach	20711500
Q81NC2	P19838	Bacillus anthracis	Q81NC2_BACAN	NFKB1_HUMAN	1	1392	two hybrid pooling approach	20711500
Q81L57	P19838	Bacillus anthracis	Q81L57_BACAN	NFKB1_HUMAN	1	1392	two hybrid pooling approach	20711500
Q81KC6	P19838	Bacillus anthracis	Q81KC6_BACAN	NFKB1_HUMAN	1	1392	two hybrid pooling approach	20711500
Q81K86	P19838	Bacillus anthracis	Q81K86_BACAN	NFKB1_HUMAN	1	1392	two hybrid pooling approach	20711500
Q81JP0	P19838	Bacillus anthracis	Q81JP0_BACAN	NFKB1_HUMAN	1	1392	two hybrid pooling approach	20711500
Q81JG2	P19838	Bacillus anthracis	Q81JG2_BACAN	NFKB1_HUMAN	1	1392	two hybrid pooling approach	20711500
Q81L15	P19838	Bacillus anthracis	IF3_BACAN	NFKB1_HUMAN	1	1392	two hybrid pooling approach	20711500
Q81T09	Q16236	Bacillus anthracis	DEOD_BACAN	NF2L2_HUMAN	1	1392	two hybrid pooling approach	20711500
Q81UJ9	Q14494	Bacillus anthracis	3MGH_BACAN	NF2L1_HUMAN	1	1392	two hybrid pooling approach	20711500
Q81KI9	Q8NC67	Bacillus anthracis	Q81KI9_BACAN	NETO2_HUMAN	1	1392	two hybrid pooling approach	20711500
Q81WM3	Q9HB63	Bacillus anthracis	IF2_BACAN	NET4_HUMAN	1	1392	two hybrid pooling approach	20711500
Q81YN3	Q92859	Bacillus anthracis	Q81YN3_BACAN	NEO1_HUMAN	1	1392	two hybrid pooling approach	20711500
Q81Z55	Q96SB3	Bacillus anthracis	Q81Z55_BACAN	NEB2_HUMAN	1	1392	two hybrid pooling approach	20711500
Q81VT8	Q96SB3	Bacillus anthracis	RPOB_BACAN	NEB2_HUMAN	1	1392	two hybrid pooling approach	20711500
Q81UY7	Q96SB3	Bacillus anthracis	Q81UY7_BACAN	NEB2_HUMAN	1	1392	two hybrid pooling approach	20711500
Q81TM2	Q92597	Bacillus anthracis	Q81TM2_BACAN	NDRG1_HUMAN	1	1392	two hybrid pooling approach	20711500
Q81KS6	Q9NXR1	Bacillus anthracis	Q81KS6_BACAN	NDE1_HUMAN	1	1392	two hybrid pooling approach	20711500
Q81LM9	O60502	Bacillus anthracis	Q81LM9_BACAN	OGA_HUMAN	1	1392	two hybrid pooling approach	20711500
Q81WK3	Q14686	Bacillus anthracis	TRMFO_BACAN	NCOA6_HUMAN	1	1392	two hybrid pooling approach	20711500
Q81XI8	Q14686	Bacillus anthracis	Q81XI8_BACAN	NCOA6_HUMAN	1	1392	two hybrid pooling approach	20711500
Q81SN0	Q13772	Bacillus anthracis	Q81SN0_BACAN	NCOA4_HUMAN	1	1392	two hybrid pooling approach	20711500
Q81LD0	Q9Y6Q9	Bacillus anthracis	GSA2_BACAN	NCOA3_HUMAN	1	1392	two hybrid pooling approach	20711500
Q81TM2	Q9Y6Q9	Bacillus anthracis	Q81TM2_BACAN	NCOA3_HUMAN	1	1392	two hybrid pooling approach	20711500
Q81XV4	Q15596	Bacillus anthracis	Q81XV4_BACAN	NCOA2_HUMAN	1	1392	two hybrid pooling approach	20711500
Q81Y15	Q15596	Bacillus anthracis	Q81Y15_BACAN	NCOA2_HUMAN	1	1392	two hybrid pooling approach	20711500
Q81XZ0	Q15788	Bacillus anthracis	Q81XZ0_BACAN	NCOA1_HUMAN	1	1392	two hybrid pooling approach	20711500
Q81TT4	Q15788	Bacillus anthracis	CLPB_BACAN	NCOA1_HUMAN	1	1392	two hybrid pooling approach	20711500
Q81VT8	P16333	Bacillus anthracis	RPOB_BACAN	NCK1_HUMAN	1	1392	two hybrid pooling approach	20711500
Q81XF7	Q15788	Bacillus anthracis	Q81XF7_BACAN	NCOA1_HUMAN	1	1392	two hybrid pooling approach	20711500
Q81JF3	P16333	Bacillus anthracis	Q81JF3_BACAN	NCK1_HUMAN	1	1392	two hybrid pooling approach	20711500
Q81V23	Q8NFP9	Bacillus anthracis	Q81V23_BACAN	NBEA_HUMAN	1	1392	two hybrid pooling approach	20711500
Q81UW3	P49321	Bacillus anthracis	Q81UW3_BACAN	NASP_HUMAN	1	1392	two hybrid pooling approach	20711500
Q81NG1	P43490	Bacillus anthracis	Q81NG1_BACAN	NAMPT_HUMAN	1	1392	two hybrid pooling approach	20711500
Q81PM7	Q13765	Bacillus anthracis	Q81PM7_BACAN	NACA_HUMAN	1	1392	two hybrid pooling approach	20711500
Q81Y80	Q13765	Bacillus anthracis	Q81Y80_BACAN	NACA_HUMAN	1	1392	two hybrid pooling approach	20711500
Q81WN6	Q86UW6	Bacillus anthracis	Q81WN6_BACAN	N4BP2_HUMAN	1	1392	two hybrid pooling approach	20711500
Q81MI1	Q8WYB5	Bacillus anthracis	Q81MI1_BACAN	KAT6B_HUMAN	1	1392	two hybrid pooling approach	20711500
Q81PE9	O60237	Bacillus anthracis	PEPX_BACAN	MYPT2_HUMAN	1	1392	two hybrid pooling approach	20711500
Q81JE2	Q5VU43	Bacillus anthracis	Q81JE2_BACAN	MYOME_HUMAN	1	1392	two hybrid pooling approach	20711500
Q81ZE0	Q5VU43	Bacillus anthracis	Q81ZE0_BACAN	MYOME_HUMAN	1	1392	two hybrid pooling approach	20711500
Q9K5J5	P35579	Bacillus anthracis	Q9K5J5_BACAN	MYH9_HUMAN	1	1392	two hybrid pooling approach	20711500
Q81KT8	P35579	Bacillus anthracis	EZRA_BACAN	MYH9_HUMAN	1	1392	two hybrid pooling approach	20711500
Q81WZ5	P35580	Bacillus anthracis	Q81WZ5_BACAN	MYH10_HUMAN	1	1392	two hybrid pooling approach	20711500
Q81MY1	Q7Z401	Bacillus anthracis	Q81MY1_BACAN	MYCPP_HUMAN	1	1392	two hybrid pooling approach	20711500
Q81Z52	O75592	Bacillus anthracis	Q81Z52_BACAN	MYCB2_HUMAN	1	1392	two hybrid pooling approach	20711500
Q81JF3	O75592	Bacillus anthracis	Q81JF3_BACAN	MYCB2_HUMAN	1	1392	two hybrid pooling approach	20711500
Q81UL3	O75592	Bacillus anthracis	Q81UL3_BACAN	MYCB2_HUMAN	1	1392	two hybrid pooling approach	20711500
Q81TN3	Q92614	Bacillus anthracis	Q81TN3_BACAN	MY18A_HUMAN	1	1392	two hybrid pooling approach	20711500
Q81K97	P20591	Bacillus anthracis	MENE_BACAN	MX1_HUMAN	1	1392	two hybrid pooling approach	20711500
Q81ZA2	Q14764	Bacillus anthracis	Q81ZA2_BACAN	MVP_HUMAN	1	1392	two hybrid pooling approach	20711500
Q81XC3	P20591	Bacillus anthracis	Q81XC3_BACAN	MX1_HUMAN	1	1392	two hybrid pooling approach	20711500
Q81ME0	Q14764	Bacillus anthracis	DEOB_BACAN	MVP_HUMAN	1	1392	two hybrid pooling approach	20711500
Q81XS4	P01871	Bacillus anthracis	Q81XS4_BACAN	IGHM_HUMAN	1	1392	two hybrid pooling approach	20711500
Q81SP4	P01871	Bacillus anthracis	Q81SP4_BACAN	IGHM_HUMAN	1	1392	two hybrid pooling approach	20711500
Q81SN0	P01871	Bacillus anthracis	Q81SN0_BACAN	IGHM_HUMAN	1	1392	two hybrid pooling approach	20711500
Q81N92	P01871	Bacillus anthracis	Q81N92_BACAN	IGHM_HUMAN	1	1392	two hybrid pooling approach	20711500
Q81KP6	Q04900	Bacillus anthracis	Q81KP6_BACAN	MUC24_HUMAN	1	1392	two hybrid pooling approach	20711500
Q81JW1	Q9C0I1	Bacillus anthracis	PYRG_BACAN	MTMRC_HUMAN	1	1392	two hybrid pooling approach	20711500
Q81TH2	Q9NXD2	Bacillus anthracis	Q81TH2_BACAN	MTMRA_HUMAN	1	1392	two hybrid pooling approach	20711500
Q81UK2	O43439	Bacillus anthracis	Q81UK2_BACAN	MTG8R_HUMAN	1	1392	two hybrid pooling approach	20711500
Q81P54	Q9HCI7	Bacillus anthracis	Q81P54_BACAN	MSL2_HUMAN	1	1392	two hybrid pooling approach	20711500
Q81LY0	Q8N5Y2	Bacillus anthracis	Q81LY0_BACAN	MS3L1_HUMAN	1	1392	two hybrid pooling approach	20711500
Q81U40	P11717	Bacillus anthracis	Q81U40_BACAN	MPRI_HUMAN	1	1392	two hybrid pooling approach	20711500
Q81U80	P36507	Bacillus anthracis	Q81U80_BACAN	MP2K2_HUMAN	1	1392	two hybrid pooling approach	20711500
Q81XR1	Q02750	Bacillus anthracis	Y5172_BACAN	MP2K1_HUMAN	1	1392	two hybrid pooling approach	20711500
Q81RG3	P36507	Bacillus anthracis	Q81RG3_BACAN	MP2K2_HUMAN	1	1392	two hybrid pooling approach	20711500
Q81JF3	Q9Y605	Bacillus anthracis	Q81JF3_BACAN	MOFA1_HUMAN	1	1392	two hybrid pooling approach	20711500
Q81SN0	P26038	Bacillus anthracis	Q81SN0_BACAN	MOES_HUMAN	1	1392	two hybrid pooling approach	20711500
Q81JJ8	Q96BY2	Bacillus anthracis	Q81JJ8_BACAN	MOAP1_HUMAN	1	1392	two hybrid pooling approach	20711500
Q81X31	Q15014	Bacillus anthracis	Q81X31_BACAN	MO4L2_HUMAN	1	1392	two hybrid pooling approach	20711500
Q81MI5	Q9UBU8	Bacillus anthracis	Q81MI5_BACAN	MO4L1_HUMAN	1	1392	two hybrid pooling approach	20711500
Q81SE5	Q9UBU8	Bacillus anthracis	Q81SE5_BACAN	MO4L1_HUMAN	1	1392	two hybrid pooling approach	20711500
Q81UE4	P41218	Bacillus anthracis	Q81UE4_BACAN	MNDA_HUMAN	1	1392	two hybrid pooling approach	20711500
Q81LM9	Q9UBU8	Bacillus anthracis	Q81LM9_BACAN	MO4L1_HUMAN	1	1392	two hybrid pooling approach	20711500
Q81VT3	P41218	Bacillus anthracis	EFG_BACAN	MNDA_HUMAN	1	1392	two hybrid pooling approach	20711500
Q81ZH8	P19105	Bacillus anthracis	Q81ZH8_BACAN	ML12A_HUMAN	1	1392	two hybrid pooling approach	20711500
Q81W18	Q8NEZ4	Bacillus anthracis	Q81W18_BACAN	KMT2C_HUMAN	1	1392	two hybrid pooling approach	20711500
Q81UK1	Q8NEZ4	Bacillus anthracis	Q81UK1_BACAN	KMT2C_HUMAN	1	1392	two hybrid pooling approach	20711500
Q81ZA2	O14686	Bacillus anthracis	Q81ZA2_BACAN	KMT2D_HUMAN	1	1392	two hybrid pooling approach	20711500
Q6KNA9	Q15773	Bacillus anthracis	METE_BACAN	MLF2_HUMAN	1	1392	two hybrid pooling approach	20711500
Q81S56	Q9UHC7	Bacillus anthracis	Q81S56_BACAN	MKRN1_HUMAN	1	1392	two hybrid pooling approach	20711500
Q81L62	Q8IXI1	Bacillus anthracis	Q81L62_BACAN	MIRO2_HUMAN	1	1392	two hybrid pooling approach	20711500
Q81N42	Q96T58	Bacillus anthracis	Q81N42_BACAN	MINT_HUMAN	1	1392	two hybrid pooling approach	20711500
Q81NP8	Q96T58	Bacillus anthracis	Q81NP8_BACAN	MINT_HUMAN	1	1392	two hybrid pooling approach	20711500
Q81U00	P16455	Bacillus anthracis	Q81U00_BACAN	MGMT_HUMAN	1	1392	two hybrid pooling approach	20711500
Q81QJ9	O43451	Bacillus anthracis	Q81QJ9_BACAN	MGA_HUMAN	1	1392	two hybrid pooling approach	20711500
Q81K85	P55083	Bacillus anthracis	GLGA_BACAN	MFAP4_HUMAN	1	1392	two hybrid pooling approach	20711500
Q81UL4	Q9H1A3	Bacillus anthracis	Q81UL4_BACAN	METL9_HUMAN	1	1392	two hybrid pooling approach	20711500
Q81X77	P31153	Bacillus anthracis	GPMI_BACAN	METK2_HUMAN	1	1392	two hybrid pooling approach	20711500
Q81V26	P31153	Bacillus anthracis	Q81V26_BACAN	METK2_HUMAN	1	1392	two hybrid pooling approach	20711500
Q81N22	Q14814	Bacillus anthracis	Q81N22_BACAN	MEF2D_HUMAN	1	1392	two hybrid pooling approach	20711500
Q81LQ9	Q9NPJ6	Bacillus anthracis	Q81LQ9_BACAN	MED4_HUMAN	1	1392	two hybrid pooling approach	20711500
Q81JW1	Q9ULK4	Bacillus anthracis	PYRG_BACAN	MED23_HUMAN	1	1392	two hybrid pooling approach	20711500
Q81KT8	Q13503	Bacillus anthracis	EZRA_BACAN	MED21_HUMAN	1	1392	two hybrid pooling approach	20711500
Q81X21	Q13503	Bacillus anthracis	Q81X21_BACAN	MED21_HUMAN	1	1392	two hybrid pooling approach	20711500
Q81ZG7	Q13503	Bacillus anthracis	Q81ZG7_BACAN	MED21_HUMAN	1	1392	two hybrid pooling approach	20711500
Q81UI1	Q13503	Bacillus anthracis	Q81UI1_BACAN	MED21_HUMAN	1	1392	two hybrid pooling approach	20711500
Q81S67	Q13503	Bacillus anthracis	Q81S67_BACAN	MED21_HUMAN	1	1392	two hybrid pooling approach	20711500
Q81M57	Q93074	Bacillus anthracis	Q81M57_BACAN	MED12_HUMAN	1	1392	two hybrid pooling approach	20711500
Q81LU5	O15151	Bacillus anthracis	Q81LU5_BACAN	MDM4_HUMAN	1	1392	two hybrid pooling approach	20711500
Q81LX9	Q9P1T7	Bacillus anthracis	Q81LX9_BACAN	MDFIC_HUMAN	1	1392	two hybrid pooling approach	20711500
Q81KQ7	Q9P1T7	Bacillus anthracis	Q81KQ7_BACAN	MDFIC_HUMAN	1	1392	two hybrid pooling approach	20711500
Q81LM9	Q96EZ8	Bacillus anthracis	Q81LM9_BACAN	MCRS1_HUMAN	1	1392	two hybrid pooling approach	20711500
Q81KK8	O60318	Bacillus anthracis	Q81KK8_BACAN	GANP_HUMAN	1	1392	two hybrid pooling approach	20711500
Q81WR4	Q8IX19	Bacillus anthracis	MUTL_BACAN	MCEM1_HUMAN	1	1392	two hybrid pooling approach	20711500
Q81W74	Q8IX19	Bacillus anthracis	Q81W74_BACAN	MCEM1_HUMAN	1	1392	two hybrid pooling approach	20711500
Q81N31	Q14703	Bacillus anthracis	Q81N31_BACAN	MBTP1_HUMAN	1	1392	two hybrid pooling approach	20711500
Q81L89	Q9NR56	Bacillus anthracis	Q81L89_BACAN	MBNL1_HUMAN	1	1392	two hybrid pooling approach	20711500
Q81WY2	Q9P267	Bacillus anthracis	Q81WY2_BACAN	MBD5_HUMAN	1	1392	two hybrid pooling approach	20711500
Q81WW1	Q9P267	Bacillus anthracis	Q81WW1_BACAN	MBD5_HUMAN	1	1392	two hybrid pooling approach	20711500
Q81VT8	P43243	Bacillus anthracis	RPOB_BACAN	MATR3_HUMAN	1	1392	two hybrid pooling approach	20711500
Q81UJ3	P43243	Bacillus anthracis	Q81UJ3_BACAN	MATR3_HUMAN	1	1392	two hybrid pooling approach	20711500
Q81VT8	P27448	Bacillus anthracis	RPOB_BACAN	MARK3_HUMAN	1	1392	two hybrid pooling approach	20711500
Q81K50	P27448	Bacillus anthracis	Q81K50_BACAN	MARK3_HUMAN	1	1392	two hybrid pooling approach	20711500
Q81LB8	P27448	Bacillus anthracis	TIG_BACAN	MARK3_HUMAN	1	1392	two hybrid pooling approach	20711500
Q81RS1	P27448	Bacillus anthracis	Q81RS1_BACAN	MARK3_HUMAN	1	1392	two hybrid pooling approach	20711500
Q81MY7	Q15555	Bacillus anthracis	Q81MY7_BACAN	MARE2_HUMAN	1	1392	two hybrid pooling approach	20711500
Q81LN9	Q9H8J5	Bacillus anthracis	Q81LN9_BACAN	MANS1_HUMAN	1	1392	two hybrid pooling approach	20711500
Q81LK0	Q9Y2U8	Bacillus anthracis	SYA_BACAN	MAN1_HUMAN	1	1392	two hybrid pooling approach	20711500
Q9RMZ3	Q9Y2U8	Bacillus anthracis	Q9RMZ3_BACAN	MAN1_HUMAN	1	1392	two hybrid pooling approach	20711500
Q81RJ7	Q8N5G2	Bacillus anthracis	Q81RJ7_BACAN	MACOI_HUMAN	1	1392	two hybrid pooling approach	20711500
Q81N36	Q9UPN3	Bacillus anthracis	Q81N36_BACAN	MACF1_HUMAN	1	1392	two hybrid pooling approach	20711500
Q81XI0	Q8N5G2	Bacillus anthracis	Q81XI0_BACAN	MACOI_HUMAN	1	1392	two hybrid pooling approach	20711500
Q81SI6	Q9UPN3	Bacillus anthracis	Q81SI6_BACAN	MACF1_HUMAN	1	1392	two hybrid pooling approach	20711500
Q81XY5	O95819	Bacillus anthracis	Q81XY5_BACAN	M4K4_HUMAN	1	1392	two hybrid pooling approach	20711500
Q81LJ8	Q92918	Bacillus anthracis	Q81LJ8_BACAN	M4K1_HUMAN	1	1392	two hybrid pooling approach	20711500
Q81VT3	Q92918	Bacillus anthracis	EFG_BACAN	M4K1_HUMAN	1	1392	two hybrid pooling approach	20711500
Q81U00	P41279	Bacillus anthracis	Q81U00_BACAN	M3K8_HUMAN	1	1392	two hybrid pooling approach	20711500
Q81R09	O95382	Bacillus anthracis	Q81R09_BACAN	M3K6_HUMAN	1	1392	two hybrid pooling approach	20711500
Q6KNA9	Q12852	Bacillus anthracis	METE_BACAN	M3K12_HUMAN	1	1392	two hybrid pooling approach	20711500
Q81XV4	Q99698	Bacillus anthracis	Q81XV4_BACAN	LYST_HUMAN	1	1392	two hybrid pooling approach	20711500
Q81X77	P61626	Bacillus anthracis	GPMI_BACAN	LYSC_HUMAN	1	1392	two hybrid pooling approach	20711500
Q81R82	P10253	Bacillus anthracis	Q81R82_BACAN	LYAG_HUMAN	1	1392	two hybrid pooling approach	20711500
Q81U08	Q8N2S1	Bacillus anthracis	Q81U08_BACAN	LTBP4_HUMAN	1	1392	two hybrid pooling approach	20711500
Q81TK1	Q8N2S1	Bacillus anthracis	ODO1_BACAN	LTBP4_HUMAN	1	1392	two hybrid pooling approach	20711500
Q81ZC1	Q8N2S1	Bacillus anthracis	Q81ZC1_BACAN	LTBP4_HUMAN	1	1392	two hybrid pooling approach	20711500
Q81WX2	O15116	Bacillus anthracis	Q81WX2_BACAN	LSM1_HUMAN	1	1392	two hybrid pooling approach	20711500
Q81S35	Q8N2S1	Bacillus anthracis	Q81S35_BACAN	LTBP4_HUMAN	1	1392	two hybrid pooling approach	20711500
Q81SB0	O95777	Bacillus anthracis	Q81SB0_BACAN	LSM8_HUMAN	1	1392	two hybrid pooling approach	20711500
Q81KY6	O15116	Bacillus anthracis	Q81KY6_BACAN	LSM1_HUMAN	1	1392	two hybrid pooling approach	20711500
Q81XR1	Q9BX40	Bacillus anthracis	Y5172_BACAN	LS14B_HUMAN	1	1392	two hybrid pooling approach	20711500
Q81YC1	Q8ND56	Bacillus anthracis	Q81YC1_BACAN	LS14A_HUMAN	1	1392	two hybrid pooling approach	20711500
Q81X31	Q9Y608	Bacillus anthracis	Q81X31_BACAN	LRRF2_HUMAN	1	1392	two hybrid pooling approach	20711500
Q81YE8	O75197	Bacillus anthracis	Q81YE8_BACAN	LRP5_HUMAN	1	1392	two hybrid pooling approach	20711500
Q81VT8	O75096	Bacillus anthracis	RPOB_BACAN	LRP4_HUMAN	1	1392	two hybrid pooling approach	20711500
Q81R13	Q7Z4F1	Bacillus anthracis	Q81R13_BACAN	LRP10_HUMAN	1	1392	two hybrid pooling approach	20711500
Q81PC9	O94898	Bacillus anthracis	Q81PC9_BACAN	LRIG2_HUMAN	1	1392	two hybrid pooling approach	20711500
Q81K96	Q96CN5	Bacillus anthracis	Q81K96_BACAN	LRC45_HUMAN	1	1392	two hybrid pooling approach	20711500
Q81WL8	O60711	Bacillus anthracis	Q81WL8_BACAN	LPXN_HUMAN	1	1392	two hybrid pooling approach	20711500
Q81ME0	P42704	Bacillus anthracis	DEOB_BACAN	LPPRC_HUMAN	1	1392	two hybrid pooling approach	20711500
Q81M06	Q92539	Bacillus anthracis	GCST_BACAN	LPIN2_HUMAN	1	1392	two hybrid pooling approach	20711500
Q81VE0	Q03252	Bacillus anthracis	GUAA_BACAN	LMNB2_HUMAN	1	1392	two hybrid pooling approach	20711500
Q81Y62	P20700	Bacillus anthracis	Q81Y62_BACAN	LMNB1_HUMAN	1	1392	two hybrid pooling approach	20711500
Q81PM6	P20700	Bacillus anthracis	Q81PM6_BACAN	LMNB1_HUMAN	1	1392	two hybrid pooling approach	20711500
Q81UH9	P02545	Bacillus anthracis	Q81UH9_BACAN	LMNA_HUMAN	1	1392	two hybrid pooling approach	20711500
Q81YZ4	P02545	Bacillus anthracis	Q81YZ4_BACAN	LMNA_HUMAN	1	1392	two hybrid pooling approach	20711500
Q81KT8	P02545	Bacillus anthracis	EZRA_BACAN	LMNA_HUMAN	1	1392	two hybrid pooling approach	20711500
Q81XI5	P02545	Bacillus anthracis	Q81XI5_BACAN	LMNA_HUMAN	1	1392	two hybrid pooling approach	20711500
Q81X15	P02545	Bacillus anthracis	Q81X15_BACAN	LMNA_HUMAN	1	1392	two hybrid pooling approach	20711500
Q81WB2	P49257	Bacillus anthracis	Q81WB2_BACAN	LMAN1_HUMAN	1	1392	two hybrid pooling approach	20711500
Q81TI7	Q8IVB5	Bacillus anthracis	Q81TI7_BACAN	LIX1L_HUMAN	1	1392	two hybrid pooling approach	20711500
Q81JV5	O75022	Bacillus anthracis	Q81JV5_BACAN	LIRB3_HUMAN	1	1392	two hybrid pooling approach	20711500
Q81NR1	Q8N423	Bacillus anthracis	Q81NR1_BACAN	LIRB2_HUMAN	1	1392	two hybrid pooling approach	20711500
Q81Z49	Q8N423	Bacillus anthracis	Q81Z49_BACAN	LIRB2_HUMAN	1	1392	two hybrid pooling approach	20711500
Q81TD3	Q9Y5X9	Bacillus anthracis	Q81TD3_BACAN	LIPE_HUMAN	1	1392	two hybrid pooling approach	20711500
Q81TW1	Q9H400	Bacillus anthracis	ADDA_BACAN	LIME1_HUMAN	1	1392	two hybrid pooling approach	20711500
Q81NT8	Q9UGP4	Bacillus anthracis	Q81NT8_BACAN	LIMD1_HUMAN	1	1392	two hybrid pooling approach	20711500
Q81ME0	Q96PV6	Bacillus anthracis	DEOB_BACAN	LENG8_HUMAN	1	1392	two hybrid pooling approach	20711500
Q81JW1	Q96PV6	Bacillus anthracis	PYRG_BACAN	LENG8_HUMAN	1	1392	two hybrid pooling approach	20711500
Q81X37	Q96PV6	Bacillus anthracis	Q81X37_BACAN	LENG8_HUMAN	1	1392	two hybrid pooling approach	20711500
Q81YC4	Q96PV6	Bacillus anthracis	Q81YC4_BACAN	LENG8_HUMAN	1	1392	two hybrid pooling approach	20711500
Q81R82	P17931	Bacillus anthracis	Q81R82_BACAN	LEG3_HUMAN	1	1392	two hybrid pooling approach	20711500
Q81L99	P17931	Bacillus anthracis	Q81L99_BACAN	LEG3_HUMAN	1	1392	two hybrid pooling approach	20711500
Q81S14	P17931	Bacillus anthracis	MTAD_BACAN	LEG3_HUMAN	1	1392	two hybrid pooling approach	20711500
Q81SR4	P17931	Bacillus anthracis	Y1582_BACAN	LEG3_HUMAN	1	1392	two hybrid pooling approach	20711500
Q81YG8	P17931	Bacillus anthracis	Q81YG8_BACAN	LEG3_HUMAN	1	1392	two hybrid pooling approach	20711500
Q81UL4	P17931	Bacillus anthracis	Q81UL4_BACAN	LEG3_HUMAN	1	1392	two hybrid pooling approach	20711500
Q81RU5	P17931	Bacillus anthracis	Q81RU5_BACAN	LEG3_HUMAN	1	1392	two hybrid pooling approach	20711500
Q81QN9	P17931	Bacillus anthracis	Q81QN9_BACAN	LEG3_HUMAN	1	1392	two hybrid pooling approach	20711500
Q81QB6	P17931	Bacillus anthracis	IOLA2_BACAN	LEG3_HUMAN	1	1392	two hybrid pooling approach	20711500
Q81M70	P17931	Bacillus anthracis	Q81M70_BACAN	LEG3_HUMAN	1	1392	two hybrid pooling approach	20711500
Q81KQ7	P17931	Bacillus anthracis	Q81KQ7_BACAN	LEG3_HUMAN	1	1392	two hybrid pooling approach	20711500
Q81KM0	P17931	Bacillus anthracis	Q81KM0_BACAN	LEG3_HUMAN	1	1392	two hybrid pooling approach	20711500
Q81JH6	P17931	Bacillus anthracis	Q81JH6_BACAN	LEG3_HUMAN	1	1392	two hybrid pooling approach	20711500
Q81WU4	P07195	Bacillus anthracis	PEPT_BACAN	LDHB_HUMAN	1	1392	two hybrid pooling approach	20711500
Q81TK1	Q86U70	Bacillus anthracis	ODO1_BACAN	LDB1_HUMAN	1	1392	two hybrid pooling approach	20711500
Q81NN0	Q9Y383	Bacillus anthracis	GLSA2_BACAN	LC7L2_HUMAN	1	1392	two hybrid pooling approach	20711500
Q81T03	Q6PKG0	Bacillus anthracis	Q81T03_BACAN	LARP1_HUMAN	1	1392	two hybrid pooling approach	20711500
Q81XD7	P18627	Bacillus anthracis	Q81XD7_BACAN	LAG3_HUMAN	1	1392	two hybrid pooling approach	20711500
Q81L77	Q9UNZ5	Bacillus anthracis	Q81L77_BACAN	L10K_HUMAN	1	1392	two hybrid pooling approach	20711500
Q81PD4	Q6PKG0	Bacillus anthracis	Q81PD4_BACAN	LARP1_HUMAN	1	1392	two hybrid pooling approach	20711500
Q81VE1	P18627	Bacillus anthracis	CH60_BACAN	LAG3_HUMAN	1	1392	two hybrid pooling approach	20711500
Q81R13	Q9UNZ5	Bacillus anthracis	Q81R13_BACAN	L10K_HUMAN	1	1392	two hybrid pooling approach	20711500
Q81VA8	P13010	Bacillus anthracis	Q81VA8_BACAN	XRCC5_HUMAN	1	1392	two hybrid pooling approach	20711500
Q81RG2	P14618	Bacillus anthracis	Q81RG2_BACAN	KPYM_HUMAN	1	1392	two hybrid pooling approach	20711500
Q81YE8	O14901	Bacillus anthracis	Q81YE8_BACAN	KLF11_HUMAN	1	1392	two hybrid pooling approach	20711500
Q81M98	Q9Y2U9	Bacillus anthracis	ARGD_BACAN	KLDC2_HUMAN	1	1392	two hybrid pooling approach	20711500
Q81KN5	P33176	Bacillus anthracis	Q81KN5_BACAN	KINH_HUMAN	1	1392	two hybrid pooling approach	20711500
Q81WY6	Q9NQT8	Bacillus anthracis	Q81WY6_BACAN	KI13B_HUMAN	1	1392	two hybrid pooling approach	20711500
Q9RMZ3	Q9Y2U9	Bacillus anthracis	Q9RMZ3_BACAN	KLDC2_HUMAN	1	1392	two hybrid pooling approach	20711500
Q81Z98	Q8N5I3	Bacillus anthracis	Q81Z98_BACAN	KCNRG_HUMAN	1	1392	two hybrid pooling approach	20711500
Q6KNA9	Q8N5I3	Bacillus anthracis	METE_BACAN	KCNRG_HUMAN	1	1392	two hybrid pooling approach	20711500
Q81U22	Q9H3F6	Bacillus anthracis	HEMH1_BACAN	BACD3_HUMAN	1	1392	two hybrid pooling approach	20711500
Q81VT8	P17612	Bacillus anthracis	RPOB_BACAN	KAPCA_HUMAN	1	1392	two hybrid pooling approach	20711500
Q81Y62	P13861	Bacillus anthracis	Q81Y62_BACAN	KAP2_HUMAN	1	1392	two hybrid pooling approach	20711500
Q81X48	P13861	Bacillus anthracis	Q81X48_BACAN	KAP2_HUMAN	1	1392	two hybrid pooling approach	20711500
Q81RJ7	P17612	Bacillus anthracis	Q81RJ7_BACAN	KAPCA_HUMAN	1	1392	two hybrid pooling approach	20711500
Q81XR1	P13861	Bacillus anthracis	Y5172_BACAN	KAP2_HUMAN	1	1392	two hybrid pooling approach	20711500
Q81VA3	P13861	Bacillus anthracis	Q81VA3_BACAN	KAP2_HUMAN	1	1392	two hybrid pooling approach	20711500
Q81UI7	P01834	Bacillus anthracis	SECA2_BACAN	IGKC_HUMAN	1	1392	two hybrid pooling approach	20711500
Q9X334	P01834	Bacillus anthracis	Q9X334_BACAN	IGKC_HUMAN	1	1392	two hybrid pooling approach	20711500
Q81ZA1	P01834	Bacillus anthracis	Q81ZA1_BACAN	IGKC_HUMAN	1	1392	two hybrid pooling approach	20711500
Q81TH5	P01834	Bacillus anthracis	Q81TH5_BACAN	IGKC_HUMAN	1	1392	two hybrid pooling approach	20711500
Q81SN0	P01834	Bacillus anthracis	Q81SN0_BACAN	IGKC_HUMAN	1	1392	two hybrid pooling approach	20711500
Q81PM7	P01834	Bacillus anthracis	Q81PM7_BACAN	IGKC_HUMAN	1	1392	two hybrid pooling approach	20711500
Q81PL6	P01834	Bacillus anthracis	Q81PL6_BACAN	IGKC_HUMAN	1	1392	two hybrid pooling approach	20711500
Q81NH4	P01834	Bacillus anthracis	Q81NH4_BACAN	IGKC_HUMAN	1	1392	two hybrid pooling approach	20711500
Q81S14	P01834	Bacillus anthracis	MTAD_BACAN	IGKC_HUMAN	1	1392	two hybrid pooling approach	20711500
Q81JX0	Q86Y46	Bacillus anthracis	KITH_BACAN	K2C73_HUMAN	1	1392	two hybrid pooling approach	20711500
Q81LC5	P01834	Bacillus anthracis	HEM1_BACAN	IGKC_HUMAN	1	1392	two hybrid pooling approach	20711500
Q81KT8	Q5HYC2	Bacillus anthracis	EZRA_BACAN	K2026_HUMAN	1	1392	two hybrid pooling approach	20711500
Q81K50	Q68DE3	Bacillus anthracis	Q81K50_BACAN	USF3_HUMAN	1	1392	two hybrid pooling approach	20711500
Q81RJ2	Q8N163	Bacillus anthracis	Q81RJ2_BACAN	CCAR2_HUMAN	1	1392	two hybrid pooling approach	20711500
Q81LM9	Q8N163	Bacillus anthracis	Q81LM9_BACAN	CCAR2_HUMAN	1	1392	two hybrid pooling approach	20711500
Q81SN0	Q9C0F1	Bacillus anthracis	Q81SN0_BACAN	CEP44_HUMAN	1	1392	two hybrid pooling approach	20711500
Q81XI0	Q9P260	Bacillus anthracis	Q81XI0_BACAN	K1468_HUMAN	1	1392	two hybrid pooling approach	20711500
Q81JM5	Q8N163	Bacillus anthracis	Q81JM5_BACAN	CCAR2_HUMAN	1	1392	two hybrid pooling approach	20711500
Q81VV7	Q9C0F1	Bacillus anthracis	DISA_BACAN	CEP44_HUMAN	1	1392	two hybrid pooling approach	20711500
Q81LY5	Q7Z7F0	Bacillus anthracis	Q81LY5_BACAN	K0907_HUMAN	1	1392	two hybrid pooling approach	20711500
Q81PQ4	Q5T8A7	Bacillus anthracis	Q81PQ4_BACAN	PPR26_HUMAN	1	1392	two hybrid pooling approach	20711500
Q81JL0	Q2M389	Bacillus anthracis	Q81JL0_BACAN	WASH7_HUMAN	1	1392	two hybrid pooling approach	20711500
Q81JU4	Q7Z7F0	Bacillus anthracis	Q81JU4_BACAN	K0907_HUMAN	1	1392	two hybrid pooling approach	20711500
Q81RD5	Q5T8A7	Bacillus anthracis	Q81RD5_BACAN	PPR26_HUMAN	1	1392	two hybrid pooling approach	20711500
Q81U80	O15033	Bacillus anthracis	Q81U80_BACAN	AREL1_HUMAN	1	1392	two hybrid pooling approach	20711500
Q81NS9	O43151	Bacillus anthracis	Q81NS9_BACAN	TET3_HUMAN	1	1392	two hybrid pooling approach	20711500
Q81N92	Q6AI39	Bacillus anthracis	Q81N92_BACAN	GSC1L_HUMAN	1	1392	two hybrid pooling approach	20711500
Q81SF2	Q6AI39	Bacillus anthracis	Q81SF2_BACAN	GSC1L_HUMAN	1	1392	two hybrid pooling approach	20711500
Q81ST0	Q6AI39	Bacillus anthracis	Q81ST0_BACAN	GSC1L_HUMAN	1	1392	two hybrid pooling approach	20711500
Q81VT8	Q6AI39	Bacillus anthracis	RPOB_BACAN	GSC1L_HUMAN	1	1392	two hybrid pooling approach	20711500
Q81VA8	Q6AI39	Bacillus anthracis	Q81VA8_BACAN	GSC1L_HUMAN	1	1392	two hybrid pooling approach	20711500
Q81NS9	Q6AI39	Bacillus anthracis	Q81NS9_BACAN	GSC1L_HUMAN	1	1392	two hybrid pooling approach	20711500
Q6KMS8	Q14154	Bacillus anthracis	EFP_BACAN	DELE_HUMAN	1	1392	two hybrid pooling approach	20711500
Q81VV9	P05412	Bacillus anthracis	Q81VV9_BACAN	JUN_HUMAN	1	1392	two hybrid pooling approach	20711500
Q81RG9	P05412	Bacillus anthracis	Q81RG9_BACAN	JUN_HUMAN	1	1392	two hybrid pooling approach	20711500
Q81Y46	Q14154	Bacillus anthracis	HUTU_BACAN	DELE_HUMAN	1	1392	two hybrid pooling approach	20711500
Q81SJ8	P05412	Bacillus anthracis	Q81SJ8_BACAN	JUN_HUMAN	1	1392	two hybrid pooling approach	20711500
Q81PK9	P05412	Bacillus anthracis	Q81PK9_BACAN	JUN_HUMAN	1	1392	two hybrid pooling approach	20711500
Q81RT7	O15054	Bacillus anthracis	Q81RT7_BACAN	KDM6B_HUMAN	1	1392	two hybrid pooling approach	20711500
Q81NT6	P23458	Bacillus anthracis	NPD_BACAN	JAK1_HUMAN	1	1392	two hybrid pooling approach	20711500
Q81W61	P23458	Bacillus anthracis	Q81W61_BACAN	JAK1_HUMAN	1	1392	two hybrid pooling approach	20711500
Q81L14	Q9Y219	Bacillus anthracis	Q81L14_BACAN	JAG2_HUMAN	1	1392	two hybrid pooling approach	20711500
Q81X77	Q9NQC1	Bacillus anthracis	GPMI_BACAN	JADE2_HUMAN	1	1392	two hybrid pooling approach	20711500
Q81X78	Q6IE81	Bacillus anthracis	ENO_BACAN	JADE1_HUMAN	1	1392	two hybrid pooling approach	20711500
Q81X85	Q96ST2	Bacillus anthracis	Q81X85_BACAN	IWS1_HUMAN	1	1392	two hybrid pooling approach	20711500
Q81ZG1	Q9NZM3	Bacillus anthracis	DNLJ_BACAN	ITSN2_HUMAN	1	1392	two hybrid pooling approach	20711500
Q81V76	Q15811	Bacillus anthracis	Q81V76_BACAN	ITSN1_HUMAN	1	1392	two hybrid pooling approach	20711500
Q81TW1	Q14573	Bacillus anthracis	ADDA_BACAN	ITPR3_HUMAN	1	1392	two hybrid pooling approach	20711500
Q81YE8	Q14571	Bacillus anthracis	Q81YE8_BACAN	ITPR2_HUMAN	1	1392	two hybrid pooling approach	20711500
Q81T40	Q14643	Bacillus anthracis	Q81T40_BACAN	ITPR1_HUMAN	1	1392	two hybrid pooling approach	20711500
Q81YS9	Q9BY32	Bacillus anthracis	Q81YS9_BACAN	ITPA_HUMAN	1	1392	two hybrid pooling approach	20711500
Q81RL5	P18084	Bacillus anthracis	Q81RL5_BACAN	ITB5_HUMAN	1	1392	two hybrid pooling approach	20711500
Q81UE4	P16144	Bacillus anthracis	Q81UE4_BACAN	ITB4_HUMAN	1	1392	two hybrid pooling approach	20711500
Q6F051	P05107	Bacillus anthracis	Q6F051_BACAN	ITB2_HUMAN	1	1392	two hybrid pooling approach	20711500
Q6KNA9	P05107	Bacillus anthracis	METE_BACAN	ITB2_HUMAN	1	1392	two hybrid pooling approach	20711500
Q81WU4	P20702	Bacillus anthracis	PEPT_BACAN	ITAX_HUMAN	1	1392	two hybrid pooling approach	20711500
Q81X77	Q96CN7	Bacillus anthracis	GPMI_BACAN	ISOC1_HUMAN	1	1392	two hybrid pooling approach	20711500
Q81KT8	Q96CN7	Bacillus anthracis	EZRA_BACAN	ISOC1_HUMAN	1	1392	two hybrid pooling approach	20711500
Q81X48	Q00978	Bacillus anthracis	Q81X48_BACAN	IRF9_HUMAN	1	1392	two hybrid pooling approach	20711500
Q81WM4	Q96CN7	Bacillus anthracis	Q81WM4_BACAN	ISOC1_HUMAN	1	1392	two hybrid pooling approach	20711500
Q81UL3	Q13576	Bacillus anthracis	Q81UL3_BACAN	IQGA2_HUMAN	1	1392	two hybrid pooling approach	20711500
Q81QB6	Q13576	Bacillus anthracis	IOLA2_BACAN	IQGA2_HUMAN	1	1392	two hybrid pooling approach	20711500
Q81VT8	P46940	Bacillus anthracis	RPOB_BACAN	IQGA1_HUMAN	1	1392	two hybrid pooling approach	20711500
Q81QR0	P05154	Bacillus anthracis	Q81QR0_BACAN	IPSP_HUMAN	1	1392	two hybrid pooling approach	20711500
Q81KT8	Q8TEX9	Bacillus anthracis	EZRA_BACAN	IPO4_HUMAN	1	1392	two hybrid pooling approach	20711500
P13423	P46940	Bacillus anthracis	PAG_BACAN	IQGA1_HUMAN	1	1392	two hybrid pooling approach	20711500
Q81NG1	Q8WYH8	Bacillus anthracis	Q81NG1_BACAN	ING5_HUMAN	1	1392	two hybrid pooling approach	20711500
Q81Y62	Q27J81	Bacillus anthracis	Q81Y62_BACAN	INF2_HUMAN	1	1392	two hybrid pooling approach	20711500
Q81T38	P48551	Bacillus anthracis	Q81T38_BACAN	INAR2_HUMAN	1	1392	two hybrid pooling approach	20711500
Q9K5J5	P30740	Bacillus anthracis	Q9K5J5_BACAN	ILEU_HUMAN	1	1392	two hybrid pooling approach	20711500
Q81RN0	P24394	Bacillus anthracis	Q81RN0_BACAN	IL4RA_HUMAN	1	1392	two hybrid pooling approach	20711500
Q81XD7	P32927	Bacillus anthracis	Q81XD7_BACAN	IL3RB_HUMAN	1	1392	two hybrid pooling approach	20711500
Q81M05	P27930	Bacillus anthracis	Q81M05_BACAN	IL1R2_HUMAN	1	1392	two hybrid pooling approach	20711500
Q81TT3	Q14005	Bacillus anthracis	Q81TT3_BACAN	IL16_HUMAN	1	1392	two hybrid pooling approach	20711500
Q81NT0	Q14005	Bacillus anthracis	Y3095_BACAN	IL16_HUMAN	1	1392	two hybrid pooling approach	20711500
Q81R09	Q9UKT9	Bacillus anthracis	Q81R09_BACAN	IKZF3_HUMAN	1	1392	two hybrid pooling approach	20711500
Q81YS7	Q13422	Bacillus anthracis	Q81YS7_BACAN	IKZF1_HUMAN	1	1392	two hybrid pooling approach	20711500
Q81PZ1	O15111	Bacillus anthracis	Q81PZ1_BACAN	IKKA_HUMAN	1	1392	two hybrid pooling approach	20711500
Q81R83	P01857	Bacillus anthracis	Y2173_BACAN	IGHG1_HUMAN	1	1392	two hybrid pooling approach	20711500
Q81KD6	P01857	Bacillus anthracis	Q81KD6_BACAN	IGHG1_HUMAN	1	1392	two hybrid pooling approach	20711500
Q81ZA2	P01857	Bacillus anthracis	Q81ZA2_BACAN	IGHG1_HUMAN	1	1392	two hybrid pooling approach	20711500
Q81YE8	P01857	Bacillus anthracis	Q81YE8_BACAN	IGHG1_HUMAN	1	1392	two hybrid pooling approach	20711500
Q81X85	P01857	Bacillus anthracis	Q81X85_BACAN	IGHG1_HUMAN	1	1392	two hybrid pooling approach	20711500
Q81UY5	P01857	Bacillus anthracis	Q81UY5_BACAN	IGHG1_HUMAN	1	1392	two hybrid pooling approach	20711500
Q81TS3	P01857	Bacillus anthracis	Q81TS3_BACAN	IGHG1_HUMAN	1	1392	two hybrid pooling approach	20711500
Q81PH4	P01877	Bacillus anthracis	Q81PH4_BACAN	IGHA2_HUMAN	1	1392	two hybrid pooling approach	20711500
Q81NR3	Q9P2H3	Bacillus anthracis	Q81NR3_BACAN	IFT80_HUMAN	1	1392	two hybrid pooling approach	20711500
Q81LY0	Q8IY31	Bacillus anthracis	Q81LY0_BACAN	IFT20_HUMAN	1	1392	two hybrid pooling approach	20711500
Q81RG7	Q01629	Bacillus anthracis	Q81RG7_BACAN	IFM2_HUMAN	1	1392	two hybrid pooling approach	20711500
Q81TB4	Q8TCB0	Bacillus anthracis	Q81TB4_BACAN	IFI44_HUMAN	1	1392	two hybrid pooling approach	20711500
Q81KT8	P40305	Bacillus anthracis	EZRA_BACAN	IFI27_HUMAN	1	1392	two hybrid pooling approach	20711500
Q81JP3	P40305	Bacillus anthracis	Q81JP3_BACAN	IFI27_HUMAN	1	1392	two hybrid pooling approach	20711500
Q81S59	P40305	Bacillus anthracis	Q81S59_BACAN	IFI27_HUMAN	1	1392	two hybrid pooling approach	20711500
Q81VA8	P40305	Bacillus anthracis	Q81VA8_BACAN	IFI27_HUMAN	1	1392	two hybrid pooling approach	20711500
Q81UZ6	P63241	Bacillus anthracis	Q81UZ6_BACAN	IF5A1_HUMAN	1	1392	two hybrid pooling approach	20711500
Q81TN9	Q15056	Bacillus anthracis	Q81TN9_BACAN	IF4H_HUMAN	1	1392	two hybrid pooling approach	20711500
Q81KG1	O43432	Bacillus anthracis	Q81KG1_BACAN	IF4G3_HUMAN	1	1392	two hybrid pooling approach	20711500
Q81PD4	P23588	Bacillus anthracis	Q81PD4_BACAN	IF4B_HUMAN	1	1392	two hybrid pooling approach	20711500
Q81P27	Q14240	Bacillus anthracis	PROA_BACAN	IF4A2_HUMAN	1	1392	two hybrid pooling approach	20711500
Q81U00	P60842	Bacillus anthracis	Q81U00_BACAN	IF4A1_HUMAN	1	1392	two hybrid pooling approach	20711500
Q81KV7	P60842	Bacillus anthracis	ASSY_BACAN	IF4A1_HUMAN	1	1392	two hybrid pooling approach	20711500
Q81RN9	Q14240	Bacillus anthracis	Q81RN9_BACAN	IF4A2_HUMAN	1	1392	two hybrid pooling approach	20711500
Q81VA8	P60842	Bacillus anthracis	Q81VA8_BACAN	IF4A1_HUMAN	1	1392	two hybrid pooling approach	20711500
Q81V02	P46199	Bacillus anthracis	Q81V02_BACAN	IF2M_HUMAN	1	1392	two hybrid pooling approach	20711500
Q81UE4	P20042	Bacillus anthracis	Q81UE4_BACAN	IF2B_HUMAN	1	1392	two hybrid pooling approach	20711500
Q81KM0	P20042	Bacillus anthracis	Q81KM0_BACAN	IF2B_HUMAN	1	1392	two hybrid pooling approach	20711500
Q81K85	P50213	Bacillus anthracis	GLGA_BACAN	IDH3A_HUMAN	1	1392	two hybrid pooling approach	20711500
Q81XP0	P54105	Bacillus anthracis	Q81XP0_BACAN	ICLN_HUMAN	1	1392	two hybrid pooling approach	20711500
Q81U00	Q05084	Bacillus anthracis	Q81U00_BACAN	ICA69_HUMAN	1	1392	two hybrid pooling approach	20711500
Q81LC7	Q9P2D0	Bacillus anthracis	HEM3_BACAN	IBTK_HUMAN	1	1392	two hybrid pooling approach	20711500
Q81L39	Q16270	Bacillus anthracis	Q81L39_BACAN	IBP7_HUMAN	1	1392	two hybrid pooling approach	20711500
Q81RT7	Q16270	Bacillus anthracis	Q81RT7_BACAN	IBP7_HUMAN	1	1392	two hybrid pooling approach	20711500
Q81S69	Q16270	Bacillus anthracis	Q81S69_BACAN	IBP7_HUMAN	1	1392	two hybrid pooling approach	20711500
Q81L39	P22692	Bacillus anthracis	Q81L39_BACAN	IBP4_HUMAN	1	1392	two hybrid pooling approach	20711500
Q81JV7	O95998	Bacillus anthracis	Q81JV7_BACAN	I18BP_HUMAN	1	1392	two hybrid pooling approach	20711500
Q6F051	Q13651	Bacillus anthracis	Q6F051_BACAN	I10R1_HUMAN	1	1392	two hybrid pooling approach	20711500
Q81S27	Q13651	Bacillus anthracis	ILVC2_BACAN	I10R1_HUMAN	1	1392	two hybrid pooling approach	20711500
Q81WY2	Q12891	Bacillus anthracis	Q81WY2_BACAN	HYAL2_HUMAN	1	1392	two hybrid pooling approach	20711500
Q81XC3	O43719	Bacillus anthracis	Q81XC3_BACAN	HTSF1_HUMAN	1	1392	two hybrid pooling approach	20711500
Q81K96	O43464	Bacillus anthracis	Q81K96_BACAN	HTRA2_HUMAN	1	1392	two hybrid pooling approach	20711500
Q81JM6	Q92743	Bacillus anthracis	Q81JM6_BACAN	HTRA1_HUMAN	1	1392	two hybrid pooling approach	20711500
Q81US9	Q9P2D3	Bacillus anthracis	Q81US9_BACAN	HTR5B_HUMAN	1	1392	two hybrid pooling approach	20711500
Q81RG9	Q9UJY1	Bacillus anthracis	Q81RG9_BACAN	HSPB8_HUMAN	1	1392	two hybrid pooling approach	20711500
Q81KT8	O14558	Bacillus anthracis	EZRA_BACAN	HSPB6_HUMAN	1	1392	two hybrid pooling approach	20711500
Q81XD7	P04792	Bacillus anthracis	Q81XD7_BACAN	HSPB1_HUMAN	1	1392	two hybrid pooling approach	20711500
Q81LM9	P04792	Bacillus anthracis	Q81LM9_BACAN	HSPB1_HUMAN	1	1392	two hybrid pooling approach	20711500
Q81YB7	P17066	Bacillus anthracis	Q81YB7_BACAN	HSP76_HUMAN	1	1392	two hybrid pooling approach	20711500
Q81JT7	Q00613	Bacillus anthracis	SYR1_BACAN	HSF1_HUMAN	1	1392	two hybrid pooling approach	20711500
Q81VE1	Q00613	Bacillus anthracis	CH60_BACAN	HSF1_HUMAN	1	1392	two hybrid pooling approach	20711500
Q81M96	Q3SXM5	Bacillus anthracis	ARGJ_BACAN	HSDL1_HUMAN	1	1392	two hybrid pooling approach	20711500
Q81UL4	Q96ED9	Bacillus anthracis	Q81UL4_BACAN	HOOK2_HUMAN	1	1392	two hybrid pooling approach	20711500
Q81LD0	Q00839	Bacillus anthracis	GSA2_BACAN	HNRPU_HUMAN	1	1392	two hybrid pooling approach	20711500
Q81R29	Q00839	Bacillus anthracis	Q81R29_BACAN	HNRPU_HUMAN	1	1392	two hybrid pooling approach	20711500
Q81VV7	O60506	Bacillus anthracis	DISA_BACAN	HNRPQ_HUMAN	1	1392	two hybrid pooling approach	20711500
Q81R13	P52272	Bacillus anthracis	Q81R13_BACAN	HNRPM_HUMAN	1	1392	two hybrid pooling approach	20711500
Q81MY8	P14866	Bacillus anthracis	Q81MY8_BACAN	HNRPL_HUMAN	1	1392	two hybrid pooling approach	20711500
Q81JF3	P31942	Bacillus anthracis	Q81JF3_BACAN	HNRH3_HUMAN	1	1392	two hybrid pooling approach	20711500
Q81S56	P31942	Bacillus anthracis	Q81S56_BACAN	HNRH3_HUMAN	1	1392	two hybrid pooling approach	20711500
Q81M47	P55795	Bacillus anthracis	Q81M47_BACAN	HNRH2_HUMAN	1	1392	two hybrid pooling approach	20711500
P77819	P31943	Bacillus anthracis	RPOC_BACAN	HNRH1_HUMAN	1	1392	two hybrid pooling approach	20711500
Q81N92	O14979	Bacillus anthracis	Q81N92_BACAN	HNRDL_HUMAN	1	1392	two hybrid pooling approach	20711500
Q81VX8	O14979	Bacillus anthracis	Q81VX8_BACAN	HNRDL_HUMAN	1	1392	two hybrid pooling approach	20711500
Q81TN1	P30519	Bacillus anthracis	Q81TN1_BACAN	HMOX2_HUMAN	1	1392	two hybrid pooling approach	20711500
Q81XX7	P30519	Bacillus anthracis	Q81XX7_BACAN	HMOX2_HUMAN	1	1392	two hybrid pooling approach	20711500
Q81LD0	P09601	Bacillus anthracis	GSA2_BACAN	HMOX1_HUMAN	1	1392	two hybrid pooling approach	20711500
Q81ZE1	P09601	Bacillus anthracis	Q81ZE1_BACAN	HMOX1_HUMAN	1	1392	two hybrid pooling approach	20711500
Q81LQ9	P09601	Bacillus anthracis	Q81LQ9_BACAN	HMOX1_HUMAN	1	1392	two hybrid pooling approach	20711500
Q81YX4	Q15651	Bacillus anthracis	Q81YX4_BACAN	HMGN3_HUMAN	1	1392	two hybrid pooling approach	20711500
Q81YS3	P05204	Bacillus anthracis	Q81YS3_BACAN	HMGN2_HUMAN	1	1392	two hybrid pooling approach	20711500
Q81MN8	Q96RW7	Bacillus anthracis	Q81MN8_BACAN	HMCN1_HUMAN	1	1392	two hybrid pooling approach	20711500
Q81P27	Q9NP66	Bacillus anthracis	PROA_BACAN	HM20A_HUMAN	1	1392	two hybrid pooling approach	20711500
Q81W05	Q16534	Bacillus anthracis	Q81W05_BACAN	HLF_HUMAN	1	1392	two hybrid pooling approach	20711500
Q81VT8	Q16534	Bacillus anthracis	RPOB_BACAN	HLF_HUMAN	1	1392	two hybrid pooling approach	20711500
Q81Z98	Q16534	Bacillus anthracis	Q81Z98_BACAN	HLF_HUMAN	1	1392	two hybrid pooling approach	20711500
Q81Z69	Q16534	Bacillus anthracis	Q81Z69_BACAN	HLF_HUMAN	1	1392	two hybrid pooling approach	20711500
Q81V35	Q16534	Bacillus anthracis	Q81V35_BACAN	HLF_HUMAN	1	1392	two hybrid pooling approach	20711500
Q81UN5	Q16534	Bacillus anthracis	Q81UN5_BACAN	HLF_HUMAN	1	1392	two hybrid pooling approach	20711500
Q81S59	Q16534	Bacillus anthracis	Q81S59_BACAN	HLF_HUMAN	1	1392	two hybrid pooling approach	20711500
Q81RB5	Q16534	Bacillus anthracis	Q81RB5_BACAN	HLF_HUMAN	1	1392	two hybrid pooling approach	20711500
Q81NR7	P30511	Bacillus anthracis	Q81NR7_BACAN	HLAF_HUMAN	1	1392	two hybrid pooling approach	20711500
Q81MH9	P13747	Bacillus anthracis	Q81MH9_BACAN	HLAE_HUMAN	1	1392	two hybrid pooling approach	20711500
Q81ME0	P13747	Bacillus anthracis	DEOB_BACAN	HLAE_HUMAN	1	1392	two hybrid pooling approach	20711500
Q81WX2	P13747	Bacillus anthracis	Q81WX2_BACAN	HLAE_HUMAN	1	1392	two hybrid pooling approach	20711500
Q81R83	P13747	Bacillus anthracis	Y2173_BACAN	HLAE_HUMAN	1	1392	two hybrid pooling approach	20711500
Q81Z87	P13747	Bacillus anthracis	Q81Z87_BACAN	HLAE_HUMAN	1	1392	two hybrid pooling approach	20711500
Q81UK2	P49773	Bacillus anthracis	Q81UK2_BACAN	HINT1_HUMAN	1	1392	two hybrid pooling approach	20711500
Q81U80	P49773	Bacillus anthracis	Q81U80_BACAN	HINT1_HUMAN	1	1392	two hybrid pooling approach	20711500
Q81PZ2	O14964	Bacillus anthracis	Q81PZ2_BACAN	HGS_HUMAN	1	1392	two hybrid pooling approach	20711500
Q81WV8	P04233	Bacillus anthracis	Q81WV8_BACAN	HG2A_HUMAN	1	1392	two hybrid pooling approach	20711500
Q81LY0	P04233	Bacillus anthracis	Q81LY0_BACAN	HG2A_HUMAN	1	1392	two hybrid pooling approach	20711500
Q81TW1	P04233	Bacillus anthracis	ADDA_BACAN	HG2A_HUMAN	1	1392	two hybrid pooling approach	20711500
Q81SN0	P04233	Bacillus anthracis	Q81SN0_BACAN	HG2A_HUMAN	1	1392	two hybrid pooling approach	20711500
Q81RV9	P04233	Bacillus anthracis	Q81RV9_BACAN	HG2A_HUMAN	1	1392	two hybrid pooling approach	20711500
Q81RR8	P04233	Bacillus anthracis	Q81RR8_BACAN	HG2A_HUMAN	1	1392	two hybrid pooling approach	20711500
Q81QB6	Q30201	Bacillus anthracis	IOLA2_BACAN	HFE_HUMAN	1	1392	two hybrid pooling approach	20711500
Q81LJ8	Q30201	Bacillus anthracis	Q81LJ8_BACAN	HFE_HUMAN	1	1392	two hybrid pooling approach	20711500
Q81LD0	O94992	Bacillus anthracis	GSA2_BACAN	HEXI1_HUMAN	1	1392	two hybrid pooling approach	20711500
Q81YC9	Q14469	Bacillus anthracis	Q81YC9_BACAN	HES1_HUMAN	1	1392	two hybrid pooling approach	20711500
Q81PM5	P42694	Bacillus anthracis	Q81PM5_BACAN	HELZ_HUMAN	1	1392	two hybrid pooling approach	20711500
Q81LD1	Q8N3C0	Bacillus anthracis	Q81LD1_BACAN	ASCC3_HUMAN	1	1392	two hybrid pooling approach	20711500
Q81TS2	Q9H583	Bacillus anthracis	Q81TS2_BACAN	HEAT1_HUMAN	1	1392	two hybrid pooling approach	20711500
Q81MY7	Q9UKV0	Bacillus anthracis	Q81MY7_BACAN	HDAC9_HUMAN	1	1392	two hybrid pooling approach	20711500
Q81JW1	P56524	Bacillus anthracis	PYRG_BACAN	HDAC4_HUMAN	1	1392	two hybrid pooling approach	20711500
Q81UK2	O15379	Bacillus anthracis	Q81UK2_BACAN	HDAC3_HUMAN	1	1392	two hybrid pooling approach	20711500
Q81PZ2	Q13547	Bacillus anthracis	Q81PZ2_BACAN	HDAC1_HUMAN	1	1392	two hybrid pooling approach	20711500
Q9RMZ3	Q9Y5Z7	Bacillus anthracis	Q9RMZ3_BACAN	HCFC2_HUMAN	1	1392	two hybrid pooling approach	20711500
Q81UX8	P51610	Bacillus anthracis	Q81UX8_BACAN	HCFC1_HUMAN	1	1392	two hybrid pooling approach	20711500
Q81LY0	P51610	Bacillus anthracis	Q81LY0_BACAN	HCFC1_HUMAN	1	1392	two hybrid pooling approach	20711500
Q81Y52	P69905	Bacillus anthracis	Q81Y52_BACAN	HBA_HUMAN	1	1392	two hybrid pooling approach	20711500
Q81X74	P69905	Bacillus anthracis	Q81X74_BACAN	HBA_HUMAN	1	1392	two hybrid pooling approach	20711500
Q81M04	P51610	Bacillus anthracis	Q81M04_BACAN	HCFC1_HUMAN	1	1392	two hybrid pooling approach	20711500
Q81WY3	O00165	Bacillus anthracis	Q81WY3_BACAN	HAX1_HUMAN	1	1392	two hybrid pooling approach	20711500
Q81WU4	O00165	Bacillus anthracis	PEPT_BACAN	HAX1_HUMAN	1	1392	two hybrid pooling approach	20711500
Q81KV7	O00165	Bacillus anthracis	ASSY_BACAN	HAX1_HUMAN	1	1392	two hybrid pooling approach	20711500
Q81SR4	O00165	Bacillus anthracis	Y1582_BACAN	HAX1_HUMAN	1	1392	two hybrid pooling approach	20711500
Q81Z69	O00165	Bacillus anthracis	Q81Z69_BACAN	HAX1_HUMAN	1	1392	two hybrid pooling approach	20711500
Q81T34	O00165	Bacillus anthracis	Q81T34_BACAN	HAX1_HUMAN	1	1392	two hybrid pooling approach	20711500
Q81SN0	O00165	Bacillus anthracis	Q81SN0_BACAN	HAX1_HUMAN	1	1392	two hybrid pooling approach	20711500
Q81RJ7	O00165	Bacillus anthracis	Q81RJ7_BACAN	HAX1_HUMAN	1	1392	two hybrid pooling approach	20711500
Q81NH9	O00165	Bacillus anthracis	Q81NH9_BACAN	HAX1_HUMAN	1	1392	two hybrid pooling approach	20711500
Q81N85	O00165	Bacillus anthracis	Q81N85_BACAN	HAX1_HUMAN	1	1392	two hybrid pooling approach	20711500
Q81N06	O00165	Bacillus anthracis	Q81N06_BACAN	HAX1_HUMAN	1	1392	two hybrid pooling approach	20711500
Q81MK7	O00165	Bacillus anthracis	Q81MK7_BACAN	HAX1_HUMAN	1	1392	two hybrid pooling approach	20711500
Q81LT3	O14929	Bacillus anthracis	Q81LT3_BACAN	HAT1_HUMAN	1	1392	two hybrid pooling approach	20711500
Q81LL0	Q13442	Bacillus anthracis	Q81LL0_BACAN	HAP28_HUMAN	1	1392	two hybrid pooling approach	20711500
Q81KB5	Q75N03	Bacillus anthracis	Q81KB5_BACAN	HAKAI_HUMAN	1	1392	two hybrid pooling approach	20711500
Q81Y15	O14929	Bacillus anthracis	Q81Y15_BACAN	HAT1_HUMAN	1	1392	two hybrid pooling approach	20711500
Q81PD4	P84243	Bacillus anthracis	Q81PD4_BACAN	H33_HUMAN	1	1392	two hybrid pooling approach	20711500
Q81YE8	P84243	Bacillus anthracis	Q81YE8_BACAN	H33_HUMAN	1	1392	two hybrid pooling approach	20711500
Q81XC3	P11169	Bacillus anthracis	Q81XC3_BACAN	GTR3_HUMAN	1	1392	two hybrid pooling approach	20711500
Q81Y15	P78347	Bacillus anthracis	Q81Y15_BACAN	GTF2I_HUMAN	1	1392	two hybrid pooling approach	20711500
Q81X48	P09211	Bacillus anthracis	Q81X48_BACAN	GSTP1_HUMAN	1	1392	two hybrid pooling approach	20711500
Q81LY0	P09211	Bacillus anthracis	Q81LY0_BACAN	GSTP1_HUMAN	1	1392	two hybrid pooling approach	20711500
Q81LJ8	P09488	Bacillus anthracis	Q81LJ8_BACAN	GSTM1_HUMAN	1	1392	two hybrid pooling approach	20711500
Q6HQX5	P08263	Bacillus anthracis	Y5405_BACAN	GSTA1_HUMAN	1	1392	two hybrid pooling approach	20711500
Q81RT7	P48506	Bacillus anthracis	Q81RT7_BACAN	GSH1_HUMAN	1	1392	two hybrid pooling approach	20711500
Q81T55	Q9NZM5	Bacillus anthracis	Q81T55_BACAN	GSCR2_HUMAN	1	1392	two hybrid pooling approach	20711500
Q81Z87	Q9NZM5	Bacillus anthracis	Q81Z87_BACAN	GSCR2_HUMAN	1	1392	two hybrid pooling approach	20711500
Q9X365	Q9NZM5	Bacillus anthracis	Q9X365_BACAN	GSCR2_HUMAN	1	1392	two hybrid pooling approach	20711500
Q81WS3	Q9NZM5	Bacillus anthracis	Q81WS3_BACAN	GSCR2_HUMAN	1	1392	two hybrid pooling approach	20711500
Q81M11	P28799	Bacillus anthracis	Q81M11_BACAN	GRN_HUMAN	1	1392	two hybrid pooling approach	20711500
Q81L77	P28799	Bacillus anthracis	Q81L77_BACAN	GRN_HUMAN	1	1392	two hybrid pooling approach	20711500
Q81P27	P28799	Bacillus anthracis	PROA_BACAN	GRN_HUMAN	1	1392	two hybrid pooling approach	20711500
Q81X84	Q7Z429	Bacillus anthracis	Q81X84_BACAN	LFG1_HUMAN	1	1392	two hybrid pooling approach	20711500
Q81VA6	Q7Z429	Bacillus anthracis	Q81VA6_BACAN	LFG1_HUMAN	1	1392	two hybrid pooling approach	20711500
Q81V83	P62993	Bacillus anthracis	Q81V83_BACAN	GRB2_HUMAN	1	1392	two hybrid pooling approach	20711500
Q81NP8	Q96HH9	Bacillus anthracis	Q81NP8_BACAN	GRAM3_HUMAN	1	1392	two hybrid pooling approach	20711500
Q81LC3	P22352	Bacillus anthracis	Q81LC3_BACAN	GPX3_HUMAN	1	1392	two hybrid pooling approach	20711500
Q81WK3	P22352	Bacillus anthracis	TRMFO_BACAN	GPX3_HUMAN	1	1392	two hybrid pooling approach	20711500
Q81NI0	Q96I76	Bacillus anthracis	Q81NI0_BACAN	GPTC3_HUMAN	1	1392	two hybrid pooling approach	20711500
Q81Z52	Q13227	Bacillus anthracis	Q81Z52_BACAN	GPS2_HUMAN	1	1392	two hybrid pooling approach	20711500
Q81JP7	Q13227	Bacillus anthracis	Q81JP7_BACAN	GPS2_HUMAN	1	1392	two hybrid pooling approach	20711500
Q81W74	Q9Y653	Bacillus anthracis	Q81W74_BACAN	AGRG1_HUMAN	1	1392	two hybrid pooling approach	20711500
Q81S59	Q99527	Bacillus anthracis	Q81S59_BACAN	GPER1_HUMAN	1	1392	two hybrid pooling approach	20711500
Q81KT8	P13224	Bacillus anthracis	EZRA_BACAN	GP1BB_HUMAN	1	1392	two hybrid pooling approach	20711500
Q81LD0	Q9H8Y8	Bacillus anthracis	GSA2_BACAN	GORS2_HUMAN	1	1392	two hybrid pooling approach	20711500
Q81Q87	Q9HD26	Bacillus anthracis	Q81Q87_BACAN	GOPC_HUMAN	1	1392	two hybrid pooling approach	20711500
Q81JM6	Q8NBJ4	Bacillus anthracis	Q81JM6_BACAN	GOLM1_HUMAN	1	1392	two hybrid pooling approach	20711500
Q81TM2	Q86XS8	Bacillus anthracis	Q81TM2_BACAN	GOLI_HUMAN	1	1392	two hybrid pooling approach	20711500
Q81V40	Q03113	Bacillus anthracis	Q81V40_BACAN	GNA12_HUMAN	1	1392	two hybrid pooling approach	20711500
Q81XC3	A6NH11	Bacillus anthracis	Q81XC3_BACAN	GLTD2_HUMAN	1	1392	two hybrid pooling approach	20711500
Q81TH5	O94925	Bacillus anthracis	Q81TH5_BACAN	GLSK_HUMAN	1	1392	two hybrid pooling approach	20711500
Q81XF5	P15104	Bacillus anthracis	Q81XF5_BACAN	GLNA_HUMAN	1	1392	two hybrid pooling approach	20711500
Q81TC5	P48060	Bacillus anthracis	Q81TC5_BACAN	GLIP1_HUMAN	1	1392	two hybrid pooling approach	20711500
Q81TY6	Q9Y2X7	Bacillus anthracis	Q81TY6_BACAN	GIT1_HUMAN	1	1392	two hybrid pooling approach	20711500
Q81PQ4	Q8TF65	Bacillus anthracis	Q81PQ4_BACAN	GIPC2_HUMAN	1	1392	two hybrid pooling approach	20711500
Q81PX9	Q8TF65	Bacillus anthracis	Q81PX9_BACAN	GIPC2_HUMAN	1	1392	two hybrid pooling approach	20711500
Q81ZE7	Q8TF65	Bacillus anthracis	GATB_BACAN	GIPC2_HUMAN	1	1392	two hybrid pooling approach	20711500
Q81L31	Q8TF65	Bacillus anthracis	SYFB_BACAN	GIPC2_HUMAN	1	1392	two hybrid pooling approach	20711500
Q81TA1	Q8TEQ6	Bacillus anthracis	Q81TA1_BACAN	GEMI5_HUMAN	1	1392	two hybrid pooling approach	20711500
Q81KQ7	P06396	Bacillus anthracis	Q81KQ7_BACAN	GELS_HUMAN	1	1392	two hybrid pooling approach	20711500
Q81WF2	Q8WTR4	Bacillus anthracis	CARB_BACAN	GDPD5_HUMAN	1	1392	two hybrid pooling approach	20711500
Q81S56	Q9HCC8	Bacillus anthracis	Q81S56_BACAN	GDPD2_HUMAN	1	1392	two hybrid pooling approach	20711500
Q81S29	Q9HCC8	Bacillus anthracis	Q81S29_BACAN	GDPD2_HUMAN	1	1392	two hybrid pooling approach	20711500
Q81WE9	Q9HCC8	Bacillus anthracis	PYRB_BACAN	GDPD2_HUMAN	1	1392	two hybrid pooling approach	20711500
Q81Z88	Q9HCC8	Bacillus anthracis	Q81Z88_BACAN	GDPD2_HUMAN	1	1392	two hybrid pooling approach	20711500
Q81YG7	Q9HCC8	Bacillus anthracis	Q81YG7_BACAN	GDPD2_HUMAN	1	1392	two hybrid pooling approach	20711500
Q81XM1	Q9HCC8	Bacillus anthracis	Q81XM1_BACAN	GDPD2_HUMAN	1	1392	two hybrid pooling approach	20711500
Q81WV8	Q9HCC8	Bacillus anthracis	Q81WV8_BACAN	GDPD2_HUMAN	1	1392	two hybrid pooling approach	20711500
Q81VT9	Q9HCC8	Bacillus anthracis	Q81VT9_BACAN	GDPD2_HUMAN	1	1392	two hybrid pooling approach	20711500
Q81VL0	Q9HCC8	Bacillus anthracis	Q81VL0_BACAN	GDPD2_HUMAN	1	1392	two hybrid pooling approach	20711500
Q81RB5	Q9HCC8	Bacillus anthracis	Q81RB5_BACAN	GDPD2_HUMAN	1	1392	two hybrid pooling approach	20711500
Q81KS6	P50395	Bacillus anthracis	Q81KS6_BACAN	GDIB_HUMAN	1	1392	two hybrid pooling approach	20711500
Q6KMJ2	Q9HCC8	Bacillus anthracis	Q6KMJ2_BACAN	GDPD2_HUMAN	1	1392	two hybrid pooling approach	20711500
Q81TU9	Q9NZC3	Bacillus anthracis	HEMH2_BACAN	GDE1_HUMAN	1	1392	two hybrid pooling approach	20711500
Q81NP8	P23378	Bacillus anthracis	Q81NP8_BACAN	GCSP_HUMAN	1	1392	two hybrid pooling approach	20711500
Q81KP6	Q9H3P7	Bacillus anthracis	Q81KP6_BACAN	GCP60_HUMAN	1	1392	two hybrid pooling approach	20711500
Q81P27	Q9BSJ2	Bacillus anthracis	PROA_BACAN	GCP2_HUMAN	1	1392	two hybrid pooling approach	20711500
Q81XA6	P23378	Bacillus anthracis	Q81XA6_BACAN	GCSP_HUMAN	1	1392	two hybrid pooling approach	20711500
Q81LY8	Q8IWJ2	Bacillus anthracis	TCYP_BACAN	GCC2_HUMAN	1	1392	two hybrid pooling approach	20711500
Q81Y46	Q8IWJ2	Bacillus anthracis	HUTU_BACAN	GCC2_HUMAN	1	1392	two hybrid pooling approach	20711500
Q81ZE2	Q8IWJ2	Bacillus anthracis	Q81ZE2_BACAN	GCC2_HUMAN	1	1392	two hybrid pooling approach	20711500
P77819	Q96CN9	Bacillus anthracis	RPOC_BACAN	GCC1_HUMAN	1	1392	two hybrid pooling approach	20711500
Q81UL0	Q96CN9	Bacillus anthracis	Q81UL0_BACAN	GCC1_HUMAN	1	1392	two hybrid pooling approach	20711500
Q81S06	Q8IWJ2	Bacillus anthracis	Q81S06_BACAN	GCC2_HUMAN	1	1392	two hybrid pooling approach	20711500
Q81PQ4	O95166	Bacillus anthracis	Q81PQ4_BACAN	GBRAP_HUMAN	1	1392	two hybrid pooling approach	20711500
Q81K32	P32456	Bacillus anthracis	Q81K32_BACAN	GBP2_HUMAN	1	1392	two hybrid pooling approach	20711500
Q81PQ4	P63244	Bacillus anthracis	Q81PQ4_BACAN	RACK1_HUMAN	1	1392	two hybrid pooling approach	20711500
Q6KMS8	P63244	Bacillus anthracis	EFP_BACAN	RACK1_HUMAN	1	1392	two hybrid pooling approach	20711500
Q81U22	P63244	Bacillus anthracis	HEMH1_BACAN	RACK1_HUMAN	1	1392	two hybrid pooling approach	20711500
Q81UI7	P63244	Bacillus anthracis	SECA2_BACAN	RACK1_HUMAN	1	1392	two hybrid pooling approach	20711500
Q81WP7	P63244	Bacillus anthracis	Q81WP7_BACAN	RACK1_HUMAN	1	1392	two hybrid pooling approach	20711500
Q81TT6	P62873	Bacillus anthracis	Q81TT6_BACAN	GBB1_HUMAN	1	1392	two hybrid pooling approach	20711500
Q81RJ7	P50440	Bacillus anthracis	Q81RJ7_BACAN	GATM_HUMAN	1	1392	two hybrid pooling approach	20711500
Q81M11	P50440	Bacillus anthracis	Q81M11_BACAN	GATM_HUMAN	1	1392	two hybrid pooling approach	20711500
Q81R83	P50440	Bacillus anthracis	Y2173_BACAN	GATM_HUMAN	1	1392	two hybrid pooling approach	20711500
Q81XX7	O60861	Bacillus anthracis	Q81XX7_BACAN	GAS7_HUMAN	1	1392	two hybrid pooling approach	20711500
Q81TC5	Q9UN86	Bacillus anthracis	Q81TC5_BACAN	G3BP2_HUMAN	1	1392	two hybrid pooling approach	20711500
Q81MY8	Q9UN86	Bacillus anthracis	Q81MY8_BACAN	G3BP2_HUMAN	1	1392	two hybrid pooling approach	20711500
Q81L32	Q9UN86	Bacillus anthracis	SYN_BACAN	G3BP2_HUMAN	1	1392	two hybrid pooling approach	20711500
Q81TN2	O15117	Bacillus anthracis	Q81TN2_BACAN	FYB_HUMAN	1	1392	two hybrid pooling approach	20711500
Q81MT6	O15117	Bacillus anthracis	Q81MT6_BACAN	FYB_HUMAN	1	1392	two hybrid pooling approach	20711500
Q81KM0	O15117	Bacillus anthracis	Q81KM0_BACAN	FYB_HUMAN	1	1392	two hybrid pooling approach	20711500
Q81T13	P35637	Bacillus anthracis	Q81T13_BACAN	FUS_HUMAN	1	1392	two hybrid pooling approach	20711500
Q81NG1	Q9BWH2	Bacillus anthracis	Q81NG1_BACAN	FUND2_HUMAN	1	1392	two hybrid pooling approach	20711500
Q81LL7	Q9BWH2	Bacillus anthracis	Q81LL7_BACAN	FUND2_HUMAN	1	1392	two hybrid pooling approach	20711500
Q81S64	P07954	Bacillus anthracis	ASNA_BACAN	FUMH_HUMAN	1	1392	two hybrid pooling approach	20711500
Q81Z75	P07954	Bacillus anthracis	Q81Z75_BACAN	FUMH_HUMAN	1	1392	two hybrid pooling approach	20711500
Q81U13	Q96AE4	Bacillus anthracis	Q81U13_BACAN	FUBP1_HUMAN	1	1392	two hybrid pooling approach	20711500
Q81W03	Q9P2Q2	Bacillus anthracis	SYM1_BACAN	FRM4A_HUMAN	1	1392	two hybrid pooling approach	20711500
Q81PQ4	P42345	Bacillus anthracis	Q81PQ4_BACAN	MTOR_HUMAN	1	1392	two hybrid pooling approach	20711500
Q81RU2	P14324	Bacillus anthracis	Q81RU2_BACAN	FPPS_HUMAN	1	1392	two hybrid pooling approach	20711500
Q81NS5	Q9P2Q2	Bacillus anthracis	Q81NS5_BACAN	FRM4A_HUMAN	1	1392	two hybrid pooling approach	20711500
Q81U22	P42345	Bacillus anthracis	HEMH1_BACAN	MTOR_HUMAN	1	1392	two hybrid pooling approach	20711500
Q81KQ8	P14324	Bacillus anthracis	Q81KQ8_BACAN	FPPS_HUMAN	1	1392	two hybrid pooling approach	20711500
Q9RN24	Q92802	Bacillus anthracis	Q9RN24_BACAN	N42L2_HUMAN	1	1392	two hybrid pooling approach	20711500
Q81VD3	Q92802	Bacillus anthracis	Q81VD3_BACAN	N42L2_HUMAN	1	1392	two hybrid pooling approach	20711500
Q81N06	Q92802	Bacillus anthracis	Q81N06_BACAN	N42L2_HUMAN	1	1392	two hybrid pooling approach	20711500
Q81JL0	Q9H334	Bacillus anthracis	Q81JL0_BACAN	FOXP1_HUMAN	1	1392	two hybrid pooling approach	20711500
Q81MN9	Q9H334	Bacillus anthracis	PPK_BACAN	FOXP1_HUMAN	1	1392	two hybrid pooling approach	20711500
Q81Y46	Q01167	Bacillus anthracis	HUTU_BACAN	FOXK2_HUMAN	1	1392	two hybrid pooling approach	20711500
Q81LQ9	P85037	Bacillus anthracis	Q81LQ9_BACAN	FOXK1_HUMAN	1	1392	two hybrid pooling approach	20711500
Q81RB6	Q06828	Bacillus anthracis	Q81RB6_BACAN	FMOD_HUMAN	1	1392	two hybrid pooling approach	20711500
Q81NS9	P21333	Bacillus anthracis	Q81NS9_BACAN	FLNA_HUMAN	1	1392	two hybrid pooling approach	20711500
Q81U73	P21333	Bacillus anthracis	Q81U73_BACAN	FLNA_HUMAN	1	1392	two hybrid pooling approach	20711500
Q81WE3	P21333	Bacillus anthracis	Q81WE3_BACAN	FLNA_HUMAN	1	1392	two hybrid pooling approach	20711500
Q81K97	Q02790	Bacillus anthracis	MENE_BACAN	FKBP4_HUMAN	1	1392	two hybrid pooling approach	20711500
Q81ZE1	P26885	Bacillus anthracis	Q81ZE1_BACAN	FKBP2_HUMAN	1	1392	two hybrid pooling approach	20711500
Q81UL9	Q5TD97	Bacillus anthracis	Q81UL9_BACAN	FHL5_HUMAN	1	1392	two hybrid pooling approach	20711500
Q81U22	Q14192	Bacillus anthracis	HEMH1_BACAN	FHL2_HUMAN	1	1392	two hybrid pooling approach	20711500
Q81S26	Q14192	Bacillus anthracis	ILVD_BACAN	FHL2_HUMAN	1	1392	two hybrid pooling approach	20711500
Q81V72	Q14192	Bacillus anthracis	Q81V72_BACAN	FHL2_HUMAN	1	1392	two hybrid pooling approach	20711500
Q81VT8	Q14192	Bacillus anthracis	RPOB_BACAN	FHL2_HUMAN	1	1392	two hybrid pooling approach	20711500
Q81YE8	Q14192	Bacillus anthracis	Q81YE8_BACAN	FHL2_HUMAN	1	1392	two hybrid pooling approach	20711500
Q81X74	Q14192	Bacillus anthracis	Q81X74_BACAN	FHL2_HUMAN	1	1392	two hybrid pooling approach	20711500
Q81X70	Q14192	Bacillus anthracis	Q81X70_BACAN	FHL2_HUMAN	1	1392	two hybrid pooling approach	20711500
Q81WF0	Q14192	Bacillus anthracis	PYRC_BACAN	FHL2_HUMAN	1	1392	two hybrid pooling approach	20711500
Q81VX2	P05230	Bacillus anthracis	Q81VX2_BACAN	FGF1_HUMAN	1	1392	two hybrid pooling approach	20711500
Q81UC7	O15552	Bacillus anthracis	Q81UC7_BACAN	FFAR2_HUMAN	1	1392	two hybrid pooling approach	20711500
Q81NS5	P07332	Bacillus anthracis	Q81NS5_BACAN	FES_HUMAN	1	1392	two hybrid pooling approach	20711500
Q81UX8	P07332	Bacillus anthracis	Q81UX8_BACAN	FES_HUMAN	1	1392	two hybrid pooling approach	20711500
Q81JV4	Q7L513	Bacillus anthracis	Q81JV4_BACAN	FCRLA_HUMAN	1	1392	two hybrid pooling approach	20711500
Q9RMW6	Q0JRZ9	Bacillus anthracis	Y6593_BACAN	FCHO2_HUMAN	1	1392	two hybrid pooling approach	20711500
Q81KK8	Q0JRZ9	Bacillus anthracis	Q81KK8_BACAN	FCHO2_HUMAN	1	1392	two hybrid pooling approach	20711500
Q81W18	Q0JRZ9	Bacillus anthracis	Q81W18_BACAN	FCHO2_HUMAN	1	1392	two hybrid pooling approach	20711500
Q81ZD5	P55899	Bacillus anthracis	Q81ZD5_BACAN	FCGRN_HUMAN	1	1392	two hybrid pooling approach	20711500
Q81UU1	O75015	Bacillus anthracis	Q81UU1_BACAN	FCG3B_HUMAN	1	1392	two hybrid pooling approach	20711500
Q81SN0	P08637	Bacillus anthracis	Q81SN0_BACAN	FCG3A_HUMAN	1	1392	two hybrid pooling approach	20711500
Q81K29	P30273	Bacillus anthracis	Q81K29_BACAN	FCERG_HUMAN	1	1392	two hybrid pooling approach	20711500
Q81LH8	P35555	Bacillus anthracis	Q81LH8_BACAN	FBN1_HUMAN	1	1392	two hybrid pooling approach	20711500
Q6F011	P35555	Bacillus anthracis	Q6F011_BACAN	FBN1_HUMAN	1	1392	two hybrid pooling approach	20711500
Q81YS3	O95967	Bacillus anthracis	Q81YS3_BACAN	FBLN4_HUMAN	1	1392	two hybrid pooling approach	20711500
Q81TL8	Q12805	Bacillus anthracis	TRPB_BACAN	FBLN3_HUMAN	1	1392	two hybrid pooling approach	20711500
Q81V48	Q9NYY8	Bacillus anthracis	Q81V48_BACAN	FAKD2_HUMAN	1	1392	two hybrid pooling approach	20711500
Q81XH0	Q9UNN5	Bacillus anthracis	Q81XH0_BACAN	FAF1_HUMAN	1	1392	two hybrid pooling approach	20711500
Q9X2Y7	Q13158	Bacillus anthracis	Q9X2Y7_BACAN	FADD_HUMAN	1	1392	two hybrid pooling approach	20711500
Q81RC4	Q5RI15	Bacillus anthracis	Q81RC4_BACAN	COX20_HUMAN	1	1392	two hybrid pooling approach	20711500
Q81PD4	Q9UNN5	Bacillus anthracis	Q81PD4_BACAN	FAF1_HUMAN	1	1392	two hybrid pooling approach	20711500
Q81KD6	Q13158	Bacillus anthracis	Q81KD6_BACAN	FADD_HUMAN	1	1392	two hybrid pooling approach	20711500
Q81JU4	Q16875	Bacillus anthracis	Q81JU4_BACAN	F263_HUMAN	1	1392	two hybrid pooling approach	20711500
Q81SN0	Q16875	Bacillus anthracis	Q81SN0_BACAN	F263_HUMAN	1	1392	two hybrid pooling approach	20711500
Q81LQ9	Q9UHL3	Bacillus anthracis	Q81LQ9_BACAN	F153A_HUMAN	1	1392	two hybrid pooling approach	20711500
Q81VA8	Q16875	Bacillus anthracis	Q81VA8_BACAN	F263_HUMAN	1	1392	two hybrid pooling approach	20711500
Q81ND5	Q9NZB2	Bacillus anthracis	LUTA2_BACAN	F120A_HUMAN	1	1392	two hybrid pooling approach	20711500
Q81UM4	Q8IWF6	Bacillus anthracis	Q81UM4_BACAN	DEN6A_HUMAN	1	1392	two hybrid pooling approach	20711500
Q81P31	Q9H1Q7	Bacillus anthracis	Q81P31_BACAN	PED1A_HUMAN	1	1392	two hybrid pooling approach	20711500
Q81RY4	P50502	Bacillus anthracis	Q81RY4_BACAN	F10A1_HUMAN	1	1392	two hybrid pooling approach	20711500
Q81YF9	Q9NQT5	Bacillus anthracis	Q81YF9_BACAN	EXOS3_HUMAN	1	1392	two hybrid pooling approach	20711500
Q81ZF9	Q9Y3B2	Bacillus anthracis	Q81ZF9_BACAN	EXOS1_HUMAN	1	1392	two hybrid pooling approach	20711500
Q81JX0	Q9UPT5	Bacillus anthracis	KITH_BACAN	EXOC7_HUMAN	1	1392	two hybrid pooling approach	20711500
Q81LI8	Q01844	Bacillus anthracis	Q81LI8_BACAN	EWS_HUMAN	1	1392	two hybrid pooling approach	20711500
Q81JL0	Q01844	Bacillus anthracis	Q81JL0_BACAN	EWS_HUMAN	1	1392	two hybrid pooling approach	20711500
Q81L10	Q01844	Bacillus anthracis	NRDR_BACAN	EWS_HUMAN	1	1392	two hybrid pooling approach	20711500
Q81WI9	Q01844	Bacillus anthracis	Q81WI9_BACAN	EWS_HUMAN	1	1392	two hybrid pooling approach	20711500
Q81LA6	P41212	Bacillus anthracis	Q81LA6_BACAN	ETV6_HUMAN	1	1392	two hybrid pooling approach	20711500
Q81P27	P15036	Bacillus anthracis	PROA_BACAN	ETS2_HUMAN	1	1392	two hybrid pooling approach	20711500
Q81S26	O95571	Bacillus anthracis	ILVD_BACAN	ETHE1_HUMAN	1	1392	two hybrid pooling approach	20711500
Q81V99	Q9BSJ8	Bacillus anthracis	Q81V99_BACAN	ESYT1_HUMAN	1	1392	two hybrid pooling approach	20711500
Q81SN0	Q6UWW8	Bacillus anthracis	Q81SN0_BACAN	EST3_HUMAN	1	1392	two hybrid pooling approach	20711500
Q81NC2	Q96J88	Bacillus anthracis	Q81NC2_BACAN	ESIP1_HUMAN	1	1392	two hybrid pooling approach	20711500
Q81L39	P30042	Bacillus anthracis	Q81L39_BACAN	ES1_HUMAN	1	1392	two hybrid pooling approach	20711500
Q81WR4	P62508	Bacillus anthracis	MUTL_BACAN	ERR3_HUMAN	1	1392	two hybrid pooling approach	20711500
Q81YE8	P11474	Bacillus anthracis	Q81YE8_BACAN	ERR1_HUMAN	1	1392	two hybrid pooling approach	20711500
Q81X77	P30042	Bacillus anthracis	GPMI_BACAN	ES1_HUMAN	1	1392	two hybrid pooling approach	20711500
Q81K50	Q6P179	Bacillus anthracis	Q81K50_BACAN	ERAP2_HUMAN	1	1392	two hybrid pooling approach	20711500
Q81Y62	Q12929	Bacillus anthracis	Q81Y62_BACAN	EPS8_HUMAN	1	1392	two hybrid pooling approach	20711500
Q81WS0	O95925	Bacillus anthracis	Q81WS0_BACAN	EPPI_HUMAN	1	1392	two hybrid pooling approach	20711500
Q81S48	O15197	Bacillus anthracis	Q81S48_BACAN	EPHB6_HUMAN	1	1392	two hybrid pooling approach	20711500
Q81X37	Q09472	Bacillus anthracis	Q81X37_BACAN	EP300_HUMAN	1	1392	two hybrid pooling approach	20711500
Q81KA5	Q09472	Bacillus anthracis	Q81KA5_BACAN	EP300_HUMAN	1	1392	two hybrid pooling approach	20711500
Q81Y46	Q9UBC2	Bacillus anthracis	HUTU_BACAN	EP15R_HUMAN	1	1392	two hybrid pooling approach	20711500
Q81XX7	Q09472	Bacillus anthracis	Q81XX7_BACAN	EP300_HUMAN	1	1392	two hybrid pooling approach	20711500
Q81LX9	Q9Y227	Bacillus anthracis	Q81LX9_BACAN	ENTP4_HUMAN	1	1392	two hybrid pooling approach	20711500
Q81MY8	P14625	Bacillus anthracis	Q81MY8_BACAN	ENPL_HUMAN	1	1392	two hybrid pooling approach	20711500
Q81YC1	P14625	Bacillus anthracis	Q81YC1_BACAN	ENPL_HUMAN	1	1392	two hybrid pooling approach	20711500
Q81SE4	P14625	Bacillus anthracis	Q81SE4_BACAN	ENPL_HUMAN	1	1392	two hybrid pooling approach	20711500
Q81VT8	P14625	Bacillus anthracis	RPOB_BACAN	ENPL_HUMAN	1	1392	two hybrid pooling approach	20711500
Q81SI0	P06733	Bacillus anthracis	Q81SI0_BACAN	ENOA_HUMAN	1	1392	two hybrid pooling approach	20711500
Q81KY6	Q8N8S7	Bacillus anthracis	Q81KY6_BACAN	ENAH_HUMAN	1	1392	two hybrid pooling approach	20711500
Q81VT3	Q14246	Bacillus anthracis	EFG_BACAN	AGRE1_HUMAN	1	1392	two hybrid pooling approach	20711500
Q81P27	Q9Y6C2	Bacillus anthracis	PROA_BACAN	EMIL1_HUMAN	1	1392	two hybrid pooling approach	20711500
Q81WK3	Q14241	Bacillus anthracis	TRMFO_BACAN	ELOA1_HUMAN	1	1392	two hybrid pooling approach	20711500
Q81LS0	Q92556	Bacillus anthracis	HRCA_BACAN	ELMO1_HUMAN	1	1392	two hybrid pooling approach	20711500
Q81X63	Q15723	Bacillus anthracis	CLPP2_BACAN	ELF2_HUMAN	1	1392	two hybrid pooling approach	20711500
Q81VQ2	P32519	Bacillus anthracis	ECFA1_BACAN	ELF1_HUMAN	1	1392	two hybrid pooling approach	20711500
Q81VT3	P32519	Bacillus anthracis	EFG_BACAN	ELF1_HUMAN	1	1392	two hybrid pooling approach	20711500
Q6KMS8	Q9HBU6	Bacillus anthracis	EFP_BACAN	EKI1_HUMAN	1	1392	two hybrid pooling approach	20711500
Q9X367	Q7L2H7	Bacillus anthracis	Q9X367_BACAN	EIF3M_HUMAN	1	1392	two hybrid pooling approach	20711500
Q6KMS8	Q7L2H7	Bacillus anthracis	EFP_BACAN	EIF3M_HUMAN	1	1392	two hybrid pooling approach	20711500
Q81MB8	Q14152	Bacillus anthracis	Q81MB8_BACAN	EIF3A_HUMAN	1	1392	two hybrid pooling approach	20711500
Q81Z87	Q9BY44	Bacillus anthracis	Q81Z87_BACAN	EIF2A_HUMAN	1	1392	two hybrid pooling approach	20711500
Q81LA5	Q14232	Bacillus anthracis	Q81LA5_BACAN	EI2BA_HUMAN	1	1392	two hybrid pooling approach	20711500
Q81S59	Q14232	Bacillus anthracis	Q81S59_BACAN	EI2BA_HUMAN	1	1392	two hybrid pooling approach	20711500
Q81Z90	Q14232	Bacillus anthracis	Q81Z90_BACAN	EI2BA_HUMAN	1	1392	two hybrid pooling approach	20711500
Q81Z95	Q14232	Bacillus anthracis	THIE_BACAN	EI2BA_HUMAN	1	1392	two hybrid pooling approach	20711500
Q81W03	Q14232	Bacillus anthracis	SYM1_BACAN	EI2BA_HUMAN	1	1392	two hybrid pooling approach	20711500
Q81Y15	Q14232	Bacillus anthracis	Q81Y15_BACAN	EI2BA_HUMAN	1	1392	two hybrid pooling approach	20711500
Q81SQ9	Q8N3D4	Bacillus anthracis	Q81SQ9_BACAN	EH1L1_HUMAN	1	1392	two hybrid pooling approach	20711500
Q81S78	Q8N3D4	Bacillus anthracis	Q81S78_BACAN	EH1L1_HUMAN	1	1392	two hybrid pooling approach	20711500
Q81JK9	P18146	Bacillus anthracis	Q81JK9_BACAN	EGR1_HUMAN	1	1392	two hybrid pooling approach	20711500
Q81TG1	P17813	Bacillus anthracis	LUTB_BACAN	EGLN_HUMAN	1	1392	two hybrid pooling approach	20711500
Q81Q87	P17813	Bacillus anthracis	Q81Q87_BACAN	EGLN_HUMAN	1	1392	two hybrid pooling approach	20711500
Q81NA2	P00533	Bacillus anthracis	Q81NA2_BACAN	EGFR_HUMAN	1	1392	two hybrid pooling approach	20711500
Q81SN0	Q9UHF1	Bacillus anthracis	Q81SN0_BACAN	EGFL7_HUMAN	1	1392	two hybrid pooling approach	20711500
Q81M10	P13639	Bacillus anthracis	Q81M10_BACAN	EF2_HUMAN	1	1392	two hybrid pooling approach	20711500
Q81QG7	P13639	Bacillus anthracis	Q81QG7_BACAN	EF2_HUMAN	1	1392	two hybrid pooling approach	20711500
Q81VT8	P26641	Bacillus anthracis	RPOB_BACAN	EF1G_HUMAN	1	1392	two hybrid pooling approach	20711500
Q81JL0	P26641	Bacillus anthracis	Q81JL0_BACAN	EF1G_HUMAN	1	1392	two hybrid pooling approach	20711500
Q81VT3	P29692	Bacillus anthracis	EFG_BACAN	EF1D_HUMAN	1	1392	two hybrid pooling approach	20711500
Q81UL4	P29692	Bacillus anthracis	Q81UL4_BACAN	EF1D_HUMAN	1	1392	two hybrid pooling approach	20711500
Q81JL0	P29692	Bacillus anthracis	Q81JL0_BACAN	EF1D_HUMAN	1	1392	two hybrid pooling approach	20711500
Q81LK0	P29692	Bacillus anthracis	SYA_BACAN	EF1D_HUMAN	1	1392	two hybrid pooling approach	20711500
Q81SX2	P24534	Bacillus anthracis	Q81SX2_BACAN	EF1B_HUMAN	1	1392	two hybrid pooling approach	20711500
Q81SW4	P24534	Bacillus anthracis	SP4A_BACAN	EF1B_HUMAN	1	1392	two hybrid pooling approach	20711500
Q81SX6	P68104	Bacillus anthracis	KCY_BACAN	EF1A1_HUMAN	1	1392	two hybrid pooling approach	20711500
Q81VN9	Q15075	Bacillus anthracis	Q81VN9_BACAN	EEA1_HUMAN	1	1392	two hybrid pooling approach	20711500
Q81KW2	P24534	Bacillus anthracis	Q81KW2_BACAN	EF1B_HUMAN	1	1392	two hybrid pooling approach	20711500
Q81TT4	P68104	Bacillus anthracis	CLPB_BACAN	EF1A1_HUMAN	1	1392	two hybrid pooling approach	20711500
Q81NL8	P30084	Bacillus anthracis	Q81NL8_BACAN	ECHM_HUMAN	1	1392	two hybrid pooling approach	20711500
Q81LX9	P55084	Bacillus anthracis	Q81LX9_BACAN	ECHB_HUMAN	1	1392	two hybrid pooling approach	20711500
Q81S14	P40939	Bacillus anthracis	MTAD_BACAN	ECHA_HUMAN	1	1392	two hybrid pooling approach	20711500
Q81UI7	Q9Y2J2	Bacillus anthracis	SECA2_BACAN	E41L3_HUMAN	1	1392	two hybrid pooling approach	20711500
Q6F011	O43491	Bacillus anthracis	Q6F011_BACAN	E41L2_HUMAN	1	1392	two hybrid pooling approach	20711500
Q81UK1	O43491	Bacillus anthracis	Q81UK1_BACAN	E41L2_HUMAN	1	1392	two hybrid pooling approach	20711500
Q81NZ2	O43491	Bacillus anthracis	Q81NZ2_BACAN	E41L2_HUMAN	1	1392	two hybrid pooling approach	20711500
Q81UI7	Q16254	Bacillus anthracis	SECA2_BACAN	E2F4_HUMAN	1	1392	two hybrid pooling approach	20711500
Q81SN0	Q14209	Bacillus anthracis	Q81SN0_BACAN	E2F2_HUMAN	1	1392	two hybrid pooling approach	20711500
Q6KNA9	P63172	Bacillus anthracis	METE_BACAN	DYLT1_HUMAN	1	1392	two hybrid pooling approach	20711500
P13423	P63172	Bacillus anthracis	PAG_BACAN	DYLT1_HUMAN	1	1392	two hybrid pooling approach	20711500
Q81XX6	P63172	Bacillus anthracis	Q81XX6_BACAN	DYLT1_HUMAN	1	1392	two hybrid pooling approach	20711500
Q81VU9	P33316	Bacillus anthracis	Q81VU9_BACAN	DUT_HUMAN	1	1392	two hybrid pooling approach	20711500
Q81K60	P33316	Bacillus anthracis	Q81K60_BACAN	DUT_HUMAN	1	1392	two hybrid pooling approach	20711500
Q81SX9	P33316	Bacillus anthracis	Q81SX9_BACAN	DUT_HUMAN	1	1392	two hybrid pooling approach	20711500
Q81XJ3	P55265	Bacillus anthracis	Q81XJ3_BACAN	DSRAD_HUMAN	1	1392	two hybrid pooling approach	20711500
Q81KI9	Q16555	Bacillus anthracis	Q81KI9_BACAN	DPYL2_HUMAN	1	1392	two hybrid pooling approach	20711500
Q81K85	Q9UHL4	Bacillus anthracis	GLGA_BACAN	DPP2_HUMAN	1	1392	two hybrid pooling approach	20711500
Q81R13	Q9UHL4	Bacillus anthracis	Q81R13_BACAN	DPP2_HUMAN	1	1392	two hybrid pooling approach	20711500
Q81MM5	Q9HCU8	Bacillus anthracis	Q81MM5_BACAN	DPOD4_HUMAN	1	1392	two hybrid pooling approach	20711500
Q81X16	P49005	Bacillus anthracis	Q81X16_BACAN	DPOD2_HUMAN	1	1392	two hybrid pooling approach	20711500
Q81RW6	P49005	Bacillus anthracis	Q81RW6_BACAN	DPOD2_HUMAN	1	1392	two hybrid pooling approach	20711500
Q81RJ7	Q7L591	Bacillus anthracis	Q81RJ7_BACAN	DOK3_HUMAN	1	1392	two hybrid pooling approach	20711500
Q81LY0	Q8NF50	Bacillus anthracis	Q81LY0_BACAN	DOCK8_HUMAN	1	1392	two hybrid pooling approach	20711500
Q81TQ0	Q8NF50	Bacillus anthracis	PRPE_BACAN	DOCK8_HUMAN	1	1392	two hybrid pooling approach	20711500
Q81WW1	Q9Y6K1	Bacillus anthracis	Q81WW1_BACAN	DNM3A_HUMAN	1	1392	two hybrid pooling approach	20711500
Q81UM4	Q9Y6K1	Bacillus anthracis	Q81UM4_BACAN	DNM3A_HUMAN	1	1392	two hybrid pooling approach	20711500
Q81L77	Q9Y6K1	Bacillus anthracis	Q81L77_BACAN	DNM3A_HUMAN	1	1392	two hybrid pooling approach	20711500
Q81VT8	Q9Y2H0	Bacillus anthracis	RPOB_BACAN	DLGP4_HUMAN	1	1392	two hybrid pooling approach	20711500
Q81NM5	Q9Y6K1	Bacillus anthracis	Q81NM5_BACAN	DNM3A_HUMAN	1	1392	two hybrid pooling approach	20711500
Q81KW2	O60879	Bacillus anthracis	Q81KW2_BACAN	DIAP2_HUMAN	1	1392	two hybrid pooling approach	20711500
Q81VW3	P31040	Bacillus anthracis	SYK_BACAN	SDHA_HUMAN	1	1392	two hybrid pooling approach	20711500
Q81LY0	P00367	Bacillus anthracis	Q81LY0_BACAN	DHE3_HUMAN	1	1392	two hybrid pooling approach	20711500
Q81NP8	P23743	Bacillus anthracis	Q81NP8_BACAN	DGKA_HUMAN	1	1392	two hybrid pooling approach	20711500
Q81VT8	O75064	Bacillus anthracis	RPOB_BACAN	DEN4B_HUMAN	1	1392	two hybrid pooling approach	20711500
Q81N92	P17844	Bacillus anthracis	Q81N92_BACAN	DDX5_HUMAN	1	1392	two hybrid pooling approach	20711500
Q81VT8	Q7L014	Bacillus anthracis	RPOB_BACAN	DDX46_HUMAN	1	1392	two hybrid pooling approach	20711500
Q81QG0	Q86XP3	Bacillus anthracis	ANMK_BACAN	DDX42_HUMAN	1	1392	two hybrid pooling approach	20711500
Q81VV3	Q9UJV9	Bacillus anthracis	SYE_BACAN	DDX41_HUMAN	1	1392	two hybrid pooling approach	20711500
Q81TK1	O15523	Bacillus anthracis	ODO1_BACAN	DDX3Y_HUMAN	1	1392	two hybrid pooling approach	20711500
Q81VV3	O15523	Bacillus anthracis	SYE_BACAN	DDX3Y_HUMAN	1	1392	two hybrid pooling approach	20711500
Q81UI7	O15523	Bacillus anthracis	SECA2_BACAN	DDX3Y_HUMAN	1	1392	two hybrid pooling approach	20711500
Q81Z04	O15523	Bacillus anthracis	Q81Z04_BACAN	DDX3Y_HUMAN	1	1392	two hybrid pooling approach	20711500
Q81S59	O15523	Bacillus anthracis	Q81S59_BACAN	DDX3Y_HUMAN	1	1392	two hybrid pooling approach	20711500
Q81NP6	O15523	Bacillus anthracis	Q81NP6_BACAN	DDX3Y_HUMAN	1	1392	two hybrid pooling approach	20711500
Q81M66	Q9GZR7	Bacillus anthracis	Q81M66_BACAN	DDX24_HUMAN	1	1392	two hybrid pooling approach	20711500
Q81KL3	Q92841	Bacillus anthracis	Q81KL3_BACAN	DDX17_HUMAN	1	1392	two hybrid pooling approach	20711500
Q81S27	O15523	Bacillus anthracis	ILVC2_BACAN	DDX3Y_HUMAN	1	1392	two hybrid pooling approach	20711500
Q81KK6	Q9BTE1	Bacillus anthracis	SYL_BACAN	DCTN5_HUMAN	1	1392	two hybrid pooling approach	20711500
Q81JW1	O75935	Bacillus anthracis	PYRG_BACAN	DCTN3_HUMAN	1	1392	two hybrid pooling approach	20711500
Q81WA0	Q9NR28	Bacillus anthracis	Q81WA0_BACAN	DBLOH_HUMAN	1	1392	two hybrid pooling approach	20711500
Q81VT8	Q15038	Bacillus anthracis	RPOB_BACAN	DAZP2_HUMAN	1	1392	two hybrid pooling approach	20711500
Q81QG7	Q9P219	Bacillus anthracis	Q81QG7_BACAN	DAPLE_HUMAN	1	1392	two hybrid pooling approach	20711500
Q81V90	Q9P219	Bacillus anthracis	Q81V90_BACAN	DAPLE_HUMAN	1	1392	two hybrid pooling approach	20711500
Q81K50	P08174	Bacillus anthracis	Q81K50_BACAN	DAF_HUMAN	1	1392	two hybrid pooling approach	20711500
Q81V76	P61803	Bacillus anthracis	Q81V76_BACAN	DAD1_HUMAN	1	1392	two hybrid pooling approach	20711500
Q81S35	P04080	Bacillus anthracis	Q81S35_BACAN	CYTB_HUMAN	1	1392	two hybrid pooling approach	20711500
Q81Y80	P32302	Bacillus anthracis	Q81Y80_BACAN	CXCR5_HUMAN	1	1392	two hybrid pooling approach	20711500
Q81YE5	P25025	Bacillus anthracis	Q81YE5_BACAN	CXCR2_HUMAN	1	1392	two hybrid pooling approach	20711500
Q81KI9	P25025	Bacillus anthracis	Q81KI9_BACAN	CXCR2_HUMAN	1	1392	two hybrid pooling approach	20711500
Q81RY4	P32302	Bacillus anthracis	Q81RY4_BACAN	CXCR5_HUMAN	1	1392	two hybrid pooling approach	20711500
Q81YE8	P25025	Bacillus anthracis	Q81YE8_BACAN	CXCR2_HUMAN	1	1392	two hybrid pooling approach	20711500
Q81SE4	Q13617	Bacillus anthracis	Q81SE4_BACAN	CUL2_HUMAN	1	1392	two hybrid pooling approach	20711500
Q81UC9	O43822	Bacillus anthracis	Q81UC9_BACAN	CU002_HUMAN	1	1392	two hybrid pooling approach	20711500
Q81QG7	O60716	Bacillus anthracis	Q81QG7_BACAN	CTND1_HUMAN	1	1392	two hybrid pooling approach	20711500
Q81VT8	P35222	Bacillus anthracis	RPOB_BACAN	CTNB1_HUMAN	1	1392	two hybrid pooling approach	20711500
Q81S14	P35222	Bacillus anthracis	MTAD_BACAN	CTNB1_HUMAN	1	1392	two hybrid pooling approach	20711500
Q81XV4	P35222	Bacillus anthracis	Q81XV4_BACAN	CTNB1_HUMAN	1	1392	two hybrid pooling approach	20711500
Q81TK4	P29279	Bacillus anthracis	Q81TK4_BACAN	CTGF_HUMAN	1	1392	two hybrid pooling approach	20711500
Q81LC0	P29279	Bacillus anthracis	Q81LC0_BACAN	CTGF_HUMAN	1	1392	two hybrid pooling approach	20711500
Q81X78	Q9Y5B0	Bacillus anthracis	ENO_BACAN	CTDP1_HUMAN	1	1392	two hybrid pooling approach	20711500
Q81VT8	P29279	Bacillus anthracis	RPOB_BACAN	CTGF_HUMAN	1	1392	two hybrid pooling approach	20711500
Q81KK8	P29279	Bacillus anthracis	Q81KK8_BACAN	CTGF_HUMAN	1	1392	two hybrid pooling approach	20711500
Q81MN8	Q7L5N1	Bacillus anthracis	Q81MN8_BACAN	CSN6_HUMAN	1	1392	two hybrid pooling approach	20711500
Q81TM9	Q13098	Bacillus anthracis	Q81TM9_BACAN	CSN1_HUMAN	1	1392	two hybrid pooling approach	20711500
Q81M79	O14936	Bacillus anthracis	Q81M79_BACAN	CSKP_HUMAN	1	1392	two hybrid pooling approach	20711500
Q81LQ0	P07333	Bacillus anthracis	Q81LQ0_BACAN	CSF1R_HUMAN	1	1392	two hybrid pooling approach	20711500
Q81VG6	P07333	Bacillus anthracis	Q81VG6_BACAN	CSF1R_HUMAN	1	1392	two hybrid pooling approach	20711500
Q81VT8	O75534	Bacillus anthracis	RPOB_BACAN	CSDE1_HUMAN	1	1392	two hybrid pooling approach	20711500
Q81SE4	O75534	Bacillus anthracis	Q81SE4_BACAN	CSDE1_HUMAN	1	1392	two hybrid pooling approach	20711500
Q81RM6	Q9BQD3	Bacillus anthracis	Q81RM6_BACAN	KXDL1_HUMAN	1	1392	two hybrid pooling approach	20711500
Q81RU2	Q9BQD3	Bacillus anthracis	Q81RU2_BACAN	KXDL1_HUMAN	1	1392	two hybrid pooling approach	20711500
Q81MY7	Q9BQD3	Bacillus anthracis	Q81MY7_BACAN	KXDL1_HUMAN	1	1392	two hybrid pooling approach	20711500
Q81Z98	Q8N9M1	Bacillus anthracis	Q81Z98_BACAN	CS047_HUMAN	1	1392	two hybrid pooling approach	20711500
Q81K50	Q8WUQ7	Bacillus anthracis	Q81K50_BACAN	CATIN_HUMAN	1	1392	two hybrid pooling approach	20711500
Q81KT8	P02511	Bacillus anthracis	EZRA_BACAN	CRYAB_HUMAN	1	1392	two hybrid pooling approach	20711500
Q81WR2	Q9P021	Bacillus anthracis	Q81WR2_BACAN	CRIPT_HUMAN	1	1392	two hybrid pooling approach	20711500
Q81QG0	Q9NZV1	Bacillus anthracis	ANMK_BACAN	CRIM1_HUMAN	1	1392	two hybrid pooling approach	20711500
Q81VT8	Q9BU40	Bacillus anthracis	RPOB_BACAN	CRDL1_HUMAN	1	1392	two hybrid pooling approach	20711500
Q81MB3	P17927	Bacillus anthracis	BIOB_BACAN	CR1_HUMAN	1	1392	two hybrid pooling approach	20711500
Q81SR0	P17927	Bacillus anthracis	Q81SR0_BACAN	CR1_HUMAN	1	1392	two hybrid pooling approach	20711500
Q81K96	Q96ND0	Bacillus anthracis	Q81K96_BACAN	F210A_HUMAN	1	1392	two hybrid pooling approach	20711500
Q81N85	Q8IV36	Bacillus anthracis	Q81N85_BACAN	HID1_HUMAN	1	1392	two hybrid pooling approach	20711500
Q81S14	Q8IV36	Bacillus anthracis	MTAD_BACAN	HID1_HUMAN	1	1392	two hybrid pooling approach	20711500
Q81MX3	P04632	Bacillus anthracis	Q81MX3_BACAN	CPNS1_HUMAN	1	1392	two hybrid pooling approach	20711500
Q81SN0	Q86YQ8	Bacillus anthracis	Q81SN0_BACAN	CPNE8_HUMAN	1	1392	two hybrid pooling approach	20711500
Q81JW1	Q08477	Bacillus anthracis	PYRG_BACAN	CP4F3_HUMAN	1	1392	two hybrid pooling approach	20711500
Q81V61	Q08477	Bacillus anthracis	Q81V61_BACAN	CP4F3_HUMAN	1	1392	two hybrid pooling approach	20711500
Q81RV9	Q86YQ8	Bacillus anthracis	Q81RV9_BACAN	CPNE8_HUMAN	1	1392	two hybrid pooling approach	20711500
Q81WA0	Q92828	Bacillus anthracis	Q81WA0_BACAN	COR2A_HUMAN	1	1392	two hybrid pooling approach	20711500
Q81KS5	P31146	Bacillus anthracis	Q81KS5_BACAN	COR1A_HUMAN	1	1392	two hybrid pooling approach	20711500
Q81X77	P31146	Bacillus anthracis	GPMI_BACAN	COR1A_HUMAN	1	1392	two hybrid pooling approach	20711500
Q81K38	P53618	Bacillus anthracis	Q81K38_BACAN	COPB_HUMAN	1	1392	two hybrid pooling approach	20711500
Q81RG9	P53618	Bacillus anthracis	Q81RG9_BACAN	COPB_HUMAN	1	1392	two hybrid pooling approach	20711500
Q81N06	P35606	Bacillus anthracis	Q81N06_BACAN	COPB2_HUMAN	1	1392	two hybrid pooling approach	20711500
Q81UJ7	P53621	Bacillus anthracis	Q81UJ7_BACAN	COPA_HUMAN	1	1392	two hybrid pooling approach	20711500
Q81KR8	Q96MW5	Bacillus anthracis	Q81KR8_BACAN	COG8_HUMAN	1	1392	two hybrid pooling approach	20711500
Q81W25	Q9UP83	Bacillus anthracis	SYS_BACAN	COG5_HUMAN	1	1392	two hybrid pooling approach	20711500
Q81JM6	Q9UP83	Bacillus anthracis	Q81JM6_BACAN	COG5_HUMAN	1	1392	two hybrid pooling approach	20711500
Q81SI0	Q9UP83	Bacillus anthracis	Q81SI0_BACAN	COG5_HUMAN	1	1392	two hybrid pooling approach	20711500
Q81ZA2	Q14746	Bacillus anthracis	Q81ZA2_BACAN	COG2_HUMAN	1	1392	two hybrid pooling approach	20711500
Q81W18	Q14746	Bacillus anthracis	Q81W18_BACAN	COG2_HUMAN	1	1392	two hybrid pooling approach	20711500
Q81K50	P23528	Bacillus anthracis	Q81K50_BACAN	COF1_HUMAN	1	1392	two hybrid pooling approach	20711500
Q81UJ7	Q99715	Bacillus anthracis	Q81UJ7_BACAN	COCA1_HUMAN	1	1392	two hybrid pooling approach	20711500
Q81SM8	Q53SF7	Bacillus anthracis	Q81SM8_BACAN	COBL1_HUMAN	1	1392	two hybrid pooling approach	20711500
Q81UK1	P12111	Bacillus anthracis	Q81UK1_BACAN	CO6A3_HUMAN	1	1392	two hybrid pooling approach	20711500
Q81PX9	P0C0L4	Bacillus anthracis	Q81PX9_BACAN	CO4A_HUMAN	1	1392	two hybrid pooling approach	20711500
Q81VY7	P08572	Bacillus anthracis	Q81VY7_BACAN	CO4A2_HUMAN	1	1392	two hybrid pooling approach	20711500
Q81JV4	P08572	Bacillus anthracis	Q81JV4_BACAN	CO4A2_HUMAN	1	1392	two hybrid pooling approach	20711500
Q81ZA1	P08572	Bacillus anthracis	Q81ZA1_BACAN	CO4A2_HUMAN	1	1392	two hybrid pooling approach	20711500
Q6KNA9	P08572	Bacillus anthracis	METE_BACAN	CO4A2_HUMAN	1	1392	two hybrid pooling approach	20711500
Q81LC5	P02462	Bacillus anthracis	HEM1_BACAN	CO4A1_HUMAN	1	1392	two hybrid pooling approach	20711500
Q81TT4	P02462	Bacillus anthracis	CLPB_BACAN	CO4A1_HUMAN	1	1392	two hybrid pooling approach	20711500
Q81M67	P02462	Bacillus anthracis	BUK_BACAN	CO4A1_HUMAN	1	1392	two hybrid pooling approach	20711500
Q81RM1	P02462	Bacillus anthracis	Q81RM1_BACAN	CO4A1_HUMAN	1	1392	two hybrid pooling approach	20711500
Q81KM0	P02461	Bacillus anthracis	Q81KM0_BACAN	CO3A1_HUMAN	1	1392	two hybrid pooling approach	20711500
Q81KF7	P02461	Bacillus anthracis	Q81KF7_BACAN	CO3A1_HUMAN	1	1392	two hybrid pooling approach	20711500
Q81JL0	P02461	Bacillus anthracis	Q81JL0_BACAN	CO3A1_HUMAN	1	1392	two hybrid pooling approach	20711500
Q81VT8	P02461	Bacillus anthracis	RPOB_BACAN	CO3A1_HUMAN	1	1392	two hybrid pooling approach	20711500
Q81VW1	P02461	Bacillus anthracis	Q81VW1_BACAN	CO3A1_HUMAN	1	1392	two hybrid pooling approach	20711500
Q81TU8	P02461	Bacillus anthracis	Q81TU8_BACAN	CO3A1_HUMAN	1	1392	two hybrid pooling approach	20711500
Q81L39	P06681	Bacillus anthracis	Q81L39_BACAN	CO2_HUMAN	1	1392	two hybrid pooling approach	20711500
Q81JM5	Q9UHC6	Bacillus anthracis	Q81JM5_BACAN	CNTP2_HUMAN	1	1392	two hybrid pooling approach	20711500
Q81S14	P34972	Bacillus anthracis	MTAD_BACAN	CNR2_HUMAN	1	1392	two hybrid pooling approach	20711500
Q81PT2	P34972	Bacillus anthracis	Q81PT2_BACAN	CNR2_HUMAN	1	1392	two hybrid pooling approach	20711500
Q81LB8	Q9BT09	Bacillus anthracis	TIG_BACAN	CNPY3_HUMAN	1	1392	two hybrid pooling approach	20711500
Q81WS0	Q9Y2B0	Bacillus anthracis	Q81WS0_BACAN	CNPY2_HUMAN	1	1392	two hybrid pooling approach	20711500
Q81R29	Q9NZN8	Bacillus anthracis	Q81R29_BACAN	CNOT2_HUMAN	1	1392	two hybrid pooling approach	20711500
Q81UI7	Q15417	Bacillus anthracis	SECA2_BACAN	CNN3_HUMAN	1	1392	two hybrid pooling approach	20711500
Q81LC5	Q9BPX3	Bacillus anthracis	HEM1_BACAN	CND3_HUMAN	1	1392	two hybrid pooling approach	20711500
Q81V12	Q9Y224	Bacillus anthracis	Q81V12_BACAN	CN166_HUMAN	1	1392	two hybrid pooling approach	20711500
Q81U80	Q15417	Bacillus anthracis	Q81U80_BACAN	CNN3_HUMAN	1	1392	two hybrid pooling approach	20711500
Q81NS9	Q9BPX3	Bacillus anthracis	Q81NS9_BACAN	CND3_HUMAN	1	1392	two hybrid pooling approach	20711500
Q81UH0	Q86VU5	Bacillus anthracis	Q81UH0_BACAN	CMTD1_HUMAN	1	1392	two hybrid pooling approach	20711500
Q81X58	O94983	Bacillus anthracis	Q81X58_BACAN	CMTA2_HUMAN	1	1392	two hybrid pooling approach	20711500
Q81LU5	P10909	Bacillus anthracis	Q81LU5_BACAN	CLUS_HUMAN	1	1392	two hybrid pooling approach	20711500
Q81YE8	Q9H078	Bacillus anthracis	Q81YE8_BACAN	CLPB_HUMAN	1	1392	two hybrid pooling approach	20711500
Q81KT8	P49759	Bacillus anthracis	EZRA_BACAN	CLK1_HUMAN	1	1392	two hybrid pooling approach	20711500
Q81KN5	P30622	Bacillus anthracis	Q81KN5_BACAN	CLIP1_HUMAN	1	1392	two hybrid pooling approach	20711500
Q81W39	O00299	Bacillus anthracis	Q81W39_BACAN	CLIC1_HUMAN	1	1392	two hybrid pooling approach	20711500
Q81U22	O00299	Bacillus anthracis	HEMH1_BACAN	CLIC1_HUMAN	1	1392	two hybrid pooling approach	20711500
Q81Z98	O00299	Bacillus anthracis	Q81Z98_BACAN	CLIC1_HUMAN	1	1392	two hybrid pooling approach	20711500
Q81X37	Q00610	Bacillus anthracis	Q81X37_BACAN	CLH1_HUMAN	1	1392	two hybrid pooling approach	20711500
Q81QN8	P51790	Bacillus anthracis	Q81QN8_BACAN	CLCN3_HUMAN	1	1392	two hybrid pooling approach	20711500
Q81PL6	Q96S66	Bacillus anthracis	Q81PL6_BACAN	CLCC1_HUMAN	1	1392	two hybrid pooling approach	20711500
Q81QG7	P09496	Bacillus anthracis	Q81QG7_BACAN	CLCA_HUMAN	1	1392	two hybrid pooling approach	20711500
Q81R29	P09496	Bacillus anthracis	Q81R29_BACAN	CLCA_HUMAN	1	1392	two hybrid pooling approach	20711500
Q81WE9	Q7Z460	Bacillus anthracis	PYRB_BACAN	CLAP1_HUMAN	1	1392	two hybrid pooling approach	20711500
Q81Z98	Q96K30	Bacillus anthracis	Q81Z98_BACAN	RITA1_HUMAN	1	1392	two hybrid pooling approach	20711500
Q81N06	Q9H741	Bacillus anthracis	Q81N06_BACAN	CL049_HUMAN	1	1392	two hybrid pooling approach	20711500
Q81VT8	Q9HCM1	Bacillus anthracis	RPOB_BACAN	K1551_HUMAN	1	1392	two hybrid pooling approach	20711500
Q81XV4	Q9HCM1	Bacillus anthracis	Q81XV4_BACAN	K1551_HUMAN	1	1392	two hybrid pooling approach	20711500
Q81K50	Q9HCM1	Bacillus anthracis	Q81K50_BACAN	K1551_HUMAN	1	1392	two hybrid pooling approach	20711500
Q81S41	Q96JB5	Bacillus anthracis	Q81S41_BACAN	CK5P3_HUMAN	1	1392	two hybrid pooling approach	20711500
Q81M70	Q96JB5	Bacillus anthracis	Q81M70_BACAN	CK5P3_HUMAN	1	1392	two hybrid pooling approach	20711500
Q6F051	Q96SN8	Bacillus anthracis	Q6F051_BACAN	CK5P2_HUMAN	1	1392	two hybrid pooling approach	20711500
Q81WU4	Q6P1R3	Bacillus anthracis	PEPT_BACAN	MSD2_HUMAN	1	1392	two hybrid pooling approach	20711500
Q81KV7	Q96JB5	Bacillus anthracis	ASSY_BACAN	CK5P3_HUMAN	1	1392	two hybrid pooling approach	20711500
Q81KT8	Q8N8R7	Bacillus anthracis	EZRA_BACAN	AL14E_HUMAN	1	1392	two hybrid pooling approach	20711500
Q81M42	Q96F05	Bacillus anthracis	Q81M42_BACAN	CK024_HUMAN	1	1392	two hybrid pooling approach	20711500
Q81VL2	Q7Z3E2	Bacillus anthracis	Q81VL2_BACAN	CC186_HUMAN	1	1392	two hybrid pooling approach	20711500
Q81XC3	Q7Z3E2	Bacillus anthracis	Q81XC3_BACAN	CC186_HUMAN	1	1392	two hybrid pooling approach	20711500
Q81TH3	Q8IYJ2	Bacillus anthracis	Q81TH3_BACAN	CJ067_HUMAN	1	1392	two hybrid pooling approach	20711500
Q81TL8	Q9ULV3	Bacillus anthracis	TRPB_BACAN	CIZ1_HUMAN	1	1392	two hybrid pooling approach	20711500
Q81VC2	Q99967	Bacillus anthracis	Q81VC2_BACAN	CITE2_HUMAN	1	1392	two hybrid pooling approach	20711500
Q81N92	O76071	Bacillus anthracis	Q81N92_BACAN	CIAO1_HUMAN	1	1392	two hybrid pooling approach	20711500
Q81JP0	Q5VYM1	Bacillus anthracis	Q81JP0_BACAN	CI131_HUMAN	1	1392	two hybrid pooling approach	20711500
Q9X365	Q99967	Bacillus anthracis	Q9X365_BACAN	CITE2_HUMAN	1	1392	two hybrid pooling approach	20711500
Q81V99	O76071	Bacillus anthracis	Q81V99_BACAN	CIAO1_HUMAN	1	1392	two hybrid pooling approach	20711500
Q81JU4	Q5VXU9	Bacillus anthracis	Q81JU4_BACAN	CI084_HUMAN	1	1392	two hybrid pooling approach	20711500
Q81YA7	Q9BUW7	Bacillus anthracis	Q81YA7_BACAN	CI016_HUMAN	1	1392	two hybrid pooling approach	20711500
Q81TT4	Q9H2X0	Bacillus anthracis	CLPB_BACAN	CHRD_HUMAN	1	1392	two hybrid pooling approach	20711500
Q81UI7	Q7LBR1	Bacillus anthracis	SECA2_BACAN	CHM1B_HUMAN	1	1392	two hybrid pooling approach	20711500
Q81U40	Q9HCK8	Bacillus anthracis	Q81U40_BACAN	CHD8_HUMAN	1	1392	two hybrid pooling approach	20711500
Q81WF2	Q9HCK8	Bacillus anthracis	CARB_BACAN	CHD8_HUMAN	1	1392	two hybrid pooling approach	20711500
Q81JP0	Q8TD26	Bacillus anthracis	Q81JP0_BACAN	CHD6_HUMAN	1	1392	two hybrid pooling approach	20711500
Q81SN0	Q14839	Bacillus anthracis	Q81SN0_BACAN	CHD4_HUMAN	1	1392	two hybrid pooling approach	20711500
Q81LD0	P10809	Bacillus anthracis	GSA2_BACAN	CH60_HUMAN	1	1392	two hybrid pooling approach	20711500
Q81QB6	P10809	Bacillus anthracis	IOLA2_BACAN	CH60_HUMAN	1	1392	two hybrid pooling approach	20711500
Q81LR7	P61604	Bacillus anthracis	LEPA_BACAN	CH10_HUMAN	1	1392	two hybrid pooling approach	20711500
Q81WW2	A4D0V7	Bacillus anthracis	Q81WW2_BACAN	CPED1_HUMAN	1	1392	two hybrid pooling approach	20711500
Q81U80	P61604	Bacillus anthracis	Q81U80_BACAN	CH10_HUMAN	1	1392	two hybrid pooling approach	20711500
Q81W03	Q8NAV2	Bacillus anthracis	SYM1_BACAN	CH058_HUMAN	1	1392	two hybrid pooling approach	20711500
Q81Q81	O15519	Bacillus anthracis	Q81Q81_BACAN	CFLAR_HUMAN	1	1392	two hybrid pooling approach	20711500
Q81P70	P08603	Bacillus anthracis	Q81P70_BACAN	CFAH_HUMAN	1	1392	two hybrid pooling approach	20711500
Q81KR9	Q8TCP9	Bacillus anthracis	Q81KR9_BACAN	F200A_HUMAN	1	1392	two hybrid pooling approach	20711500
Q81PT2	O15519	Bacillus anthracis	Q81PT2_BACAN	CFLAR_HUMAN	1	1392	two hybrid pooling approach	20711500
Q81YS7	P08603	Bacillus anthracis	Q81YS7_BACAN	CFAH_HUMAN	1	1392	two hybrid pooling approach	20711500
Q81TH2	P53567	Bacillus anthracis	Q81TH2_BACAN	CEBPG_HUMAN	1	1392	two hybrid pooling approach	20711500
Q81NR7	Q8WZ64	Bacillus anthracis	Q81NR7_BACAN	ARAP2_HUMAN	1	1392	two hybrid pooling approach	20711500
Q81LR7	P51861	Bacillus anthracis	LEPA_BACAN	CDR1_HUMAN	1	1392	two hybrid pooling approach	20711500
Q81PR9	P50750	Bacillus anthracis	Q81PR9_BACAN	CDK9_HUMAN	1	1392	two hybrid pooling approach	20711500
Q81ZH5	Q99459	Bacillus anthracis	PUR7_BACAN	CDC5L_HUMAN	1	1392	two hybrid pooling approach	20711500
Q81JW1	Q13042	Bacillus anthracis	PYRG_BACAN	CDC16_HUMAN	1	1392	two hybrid pooling approach	20711500
Q81LJ8	P60033	Bacillus anthracis	Q81LJ8_BACAN	CD81_HUMAN	1	1392	two hybrid pooling approach	20711500
Q81TI7	P09564	Bacillus anthracis	Q81TI7_BACAN	CD7_HUMAN	1	1392	two hybrid pooling approach	20711500
Q81UI7	Q07108	Bacillus anthracis	SECA2_BACAN	CD69_HUMAN	1	1392	two hybrid pooling approach	20711500
Q81JE2	P08962	Bacillus anthracis	Q81JE2_BACAN	CD63_HUMAN	1	1392	two hybrid pooling approach	20711500
Q81X77	P08962	Bacillus anthracis	GPMI_BACAN	CD63_HUMAN	1	1392	two hybrid pooling approach	20711500
Q81RY4	O43866	Bacillus anthracis	Q81RY4_BACAN	CD5L_HUMAN	1	1392	two hybrid pooling approach	20711500
Q81X48	P01730	Bacillus anthracis	Q81X48_BACAN	CD4_HUMAN	1	1392	two hybrid pooling approach	20711500
Q6KRG0	P08962	Bacillus anthracis	Q6KRG0_BACAN	CD63_HUMAN	1	1392	two hybrid pooling approach	20711500
Q81YV0	O43866	Bacillus anthracis	GSA1_BACAN	CD5L_HUMAN	1	1392	two hybrid pooling approach	20711500
Q81U22	P01730	Bacillus anthracis	HEMH1_BACAN	CD4_HUMAN	1	1392	two hybrid pooling approach	20711500
Q81JT7	P08575	Bacillus anthracis	SYR1_BACAN	PTPRC_HUMAN	1	1392	two hybrid pooling approach	20711500
Q81Y62	P16070	Bacillus anthracis	Q81Y62_BACAN	CD44_HUMAN	1	1392	two hybrid pooling approach	20711500
Q81XS7	P28906	Bacillus anthracis	Q81XS7_BACAN	CD34_HUMAN	1	1392	two hybrid pooling approach	20711500
Q81U80	P08575	Bacillus anthracis	Q81U80_BACAN	PTPRC_HUMAN	1	1392	two hybrid pooling approach	20711500
Q81UM5	Q8N726	Bacillus anthracis	Q81UM5_BACAN	ARF_HUMAN	1	1392	two hybrid pooling approach	20711500
Q81KY6	P29017	Bacillus anthracis	Q81KY6_BACAN	CD1C_HUMAN	1	1392	two hybrid pooling approach	20711500
Q81SN0	Q9NYV4	Bacillus anthracis	Q81SN0_BACAN	CDK12_HUMAN	1	1392	two hybrid pooling approach	20711500
Q81VT8	Q8N726	Bacillus anthracis	RPOB_BACAN	ARF_HUMAN	1	1392	two hybrid pooling approach	20711500
Q81LJ8	P29017	Bacillus anthracis	Q81LJ8_BACAN	CD1C_HUMAN	1	1392	two hybrid pooling approach	20711500
Q81YS4	Q68CZ6	Bacillus anthracis	Q81YS4_BACAN	HAUS3_HUMAN	1	1392	two hybrid pooling approach	20711500
Q81YC1	Q8NC60	Bacillus anthracis	Q81YC1_BACAN	NOA1_HUMAN	1	1392	two hybrid pooling approach	20711500
Q81QG7	O60583	Bacillus anthracis	Q81QG7_BACAN	CCNT2_HUMAN	1	1392	two hybrid pooling approach	20711500
Q81L10	Q9UK58	Bacillus anthracis	NRDR_BACAN	CCNL1_HUMAN	1	1392	two hybrid pooling approach	20711500
Q81V68	Q9UK58	Bacillus anthracis	Q81V68_BACAN	CCNL1_HUMAN	1	1392	two hybrid pooling approach	20711500
Q81SN0	Q9UK58	Bacillus anthracis	Q81SN0_BACAN	CCNL1_HUMAN	1	1392	two hybrid pooling approach	20711500
Q81VA8	Q9UK58	Bacillus anthracis	Q81VA8_BACAN	CCNL1_HUMAN	1	1392	two hybrid pooling approach	20711500
Q81S56	Q9UK58	Bacillus anthracis	Q81S56_BACAN	CCNL1_HUMAN	1	1392	two hybrid pooling approach	20711500
Q81RG7	P51946	Bacillus anthracis	Q81RG7_BACAN	CCNH_HUMAN	1	1392	two hybrid pooling approach	20711500
Q81PR7	P24863	Bacillus anthracis	Q81PR7_BACAN	CCNC_HUMAN	1	1392	two hybrid pooling approach	20711500
Q81QG0	Q16627	Bacillus anthracis	ANMK_BACAN	CCL14_HUMAN	1	1392	two hybrid pooling approach	20711500
Q81NR1	Q53HC0	Bacillus anthracis	Q81NR1_BACAN	CCD92_HUMAN	1	1392	two hybrid pooling approach	20711500
Q81QB0	Q53HC0	Bacillus anthracis	Q81QB0_BACAN	CCD92_HUMAN	1	1392	two hybrid pooling approach	20711500
Q81TH5	Q8N954	Bacillus anthracis	Q81TH5_BACAN	GPT11_HUMAN	1	1392	two hybrid pooling approach	20711500
Q81XC3	Q6ZRK6	Bacillus anthracis	Q81XC3_BACAN	CCD73_HUMAN	1	1392	two hybrid pooling approach	20711500
Q81QG7	Q9H2F9	Bacillus anthracis	Q81QG7_BACAN	CCD68_HUMAN	1	1392	two hybrid pooling approach	20711500
Q81VT8	Q2TAC2	Bacillus anthracis	RPOB_BACAN	CCD57_HUMAN	1	1392	two hybrid pooling approach	20711500
Q81SN0	Q8IVM0	Bacillus anthracis	Q81SN0_BACAN	CCD50_HUMAN	1	1392	two hybrid pooling approach	20711500
Q6KMS8	Q8N8E3	Bacillus anthracis	EFP_BACAN	CE112_HUMAN	1	1392	two hybrid pooling approach	20711500
Q81KT8	Q6P2H3	Bacillus anthracis	EZRA_BACAN	CEP85_HUMAN	1	1392	two hybrid pooling approach	20711500
Q81YE8	Q6P2H3	Bacillus anthracis	Q81YE8_BACAN	CEP85_HUMAN	1	1392	two hybrid pooling approach	20711500
Q81VX9	Q8IX12	Bacillus anthracis	Q81VX9_BACAN	CCAR1_HUMAN	1	1392	two hybrid pooling approach	20711500
Q81V76	Q9NV96	Bacillus anthracis	Q81V76_BACAN	CC50A_HUMAN	1	1392	two hybrid pooling approach	20711500
Q81PJ7	Q6P2H3	Bacillus anthracis	Q81PJ7_BACAN	CEP85_HUMAN	1	1392	two hybrid pooling approach	20711500
Q81KK8	Q5T0U0	Bacillus anthracis	Q81KK8_BACAN	CC122_HUMAN	1	1392	two hybrid pooling approach	20711500
Q81U80	Q5T0U0	Bacillus anthracis	Q81U80_BACAN	CC122_HUMAN	1	1392	two hybrid pooling approach	20711500
Q81KT8	Q6ZUS5	Bacillus anthracis	EZRA_BACAN	CC121_HUMAN	1	1392	two hybrid pooling approach	20711500
Q81XI1	Q96NT0	Bacillus anthracis	Q81XI1_BACAN	CC115_HUMAN	1	1392	two hybrid pooling approach	20711500
Q81XC3	Q96NT0	Bacillus anthracis	Q81XC3_BACAN	CC115_HUMAN	1	1392	two hybrid pooling approach	20711500
Q81TW1	Q8TBZ0	Bacillus anthracis	ADDA_BACAN	CC110_HUMAN	1	1392	two hybrid pooling approach	20711500
Q81QQ9	Q96G28	Bacillus anthracis	Q81QQ9_BACAN	CFA36_HUMAN	1	1392	two hybrid pooling approach	20711500
Q81PQ4	Q9UK61	Bacillus anthracis	Q81PQ4_BACAN	TASOR_HUMAN	1	1392	two hybrid pooling approach	20711500
Q81S14	Q6ZUJ4	Bacillus anthracis	MTAD_BACAN	CC062_HUMAN	1	1392	two hybrid pooling approach	20711500
Q81N92	Q6ZUJ4	Bacillus anthracis	Q81N92_BACAN	CC062_HUMAN	1	1392	two hybrid pooling approach	20711500
Q81N23	P45973	Bacillus anthracis	Q81N23_BACAN	CBX5_HUMAN	1	1392	two hybrid pooling approach	20711500
Q81X77	P45973	Bacillus anthracis	GPMI_BACAN	CBX5_HUMAN	1	1392	two hybrid pooling approach	20711500
Q81VK9	Q9NWW7	Bacillus anthracis	Q81VK9_BACAN	CB042_HUMAN	1	1392	two hybrid pooling approach	20711500
Q81YF4	P45973	Bacillus anthracis	Q81YF4_BACAN	CBX5_HUMAN	1	1392	two hybrid pooling approach	20711500
Q81VL1	P45973	Bacillus anthracis	Q81VL1_BACAN	CBX5_HUMAN	1	1392	two hybrid pooling approach	20711500
Q81UK2	P07711	Bacillus anthracis	Q81UK2_BACAN	CATL1_HUMAN	1	1392	two hybrid pooling approach	20711500
Q81KQ7	P53634	Bacillus anthracis	Q81KQ7_BACAN	CATC_HUMAN	1	1392	two hybrid pooling approach	20711500
Q81V33	P53634	Bacillus anthracis	TAL1_BACAN	CATC_HUMAN	1	1392	two hybrid pooling approach	20711500
Q81VW1	P07858	Bacillus anthracis	Q81VW1_BACAN	CATB_HUMAN	1	1392	two hybrid pooling approach	20711500
Q81U00	Q92851	Bacillus anthracis	Q81U00_BACAN	CASPA_HUMAN	1	1392	two hybrid pooling approach	20711500
Q81TH5	P49662	Bacillus anthracis	Q81TH5_BACAN	CASP4_HUMAN	1	1392	two hybrid pooling approach	20711500
Q81KT8	Q14511	Bacillus anthracis	EZRA_BACAN	CASL_HUMAN	1	1392	two hybrid pooling approach	20711500
Q81JF3	Q9Y2G2	Bacillus anthracis	Q81JF3_BACAN	CARD8_HUMAN	1	1392	two hybrid pooling approach	20711500
Q81NG1	P47756	Bacillus anthracis	Q81NG1_BACAN	CAPZB_HUMAN	1	1392	two hybrid pooling approach	20711500
Q81VY7	P47756	Bacillus anthracis	Q81VY7_BACAN	CAPZB_HUMAN	1	1392	two hybrid pooling approach	20711500
Q81TT4	Q01518	Bacillus anthracis	CLPB_BACAN	CAP1_HUMAN	1	1392	two hybrid pooling approach	20711500
Q81SE5	Q9Y6W3	Bacillus anthracis	Q81SE5_BACAN	CAN7_HUMAN	1	1392	two hybrid pooling approach	20711500
Q81WK3	Q5T5Y3	Bacillus anthracis	TRMFO_BACAN	CAMP1_HUMAN	1	1392	two hybrid pooling approach	20711500
Q81ME0	P27824	Bacillus anthracis	DEOB_BACAN	CALX_HUMAN	1	1392	two hybrid pooling approach	20711500
Q81X48	P27797	Bacillus anthracis	Q81X48_BACAN	CALR_HUMAN	1	1392	two hybrid pooling approach	20711500
Q81V90	P27797	Bacillus anthracis	Q81V90_BACAN	CALR_HUMAN	1	1392	two hybrid pooling approach	20711500
Q81JF8	Q05682	Bacillus anthracis	Q81JF8_BACAN	CALD1_HUMAN	1	1392	two hybrid pooling approach	20711500
Q81YT1	P22223	Bacillus anthracis	Y551_BACAN	CADH3_HUMAN	1	1392	two hybrid pooling approach	20711500
Q81JM5	O75309	Bacillus anthracis	Q81JM5_BACAN	CAD16_HUMAN	1	1392	two hybrid pooling approach	20711500
Q81YE8	P55287	Bacillus anthracis	Q81YE8_BACAN	CAD11_HUMAN	1	1392	two hybrid pooling approach	20711500
Q81RY4	Q9P1Z2	Bacillus anthracis	Q81RY4_BACAN	CACO1_HUMAN	1	1392	two hybrid pooling approach	20711500
Q81UY7	Q8NDD1	Bacillus anthracis	Q81UY7_BACAN	CA131_HUMAN	1	1392	two hybrid pooling approach	20711500
Q81SL8	Q9P1Z2	Bacillus anthracis	Q81SL8_BACAN	CACO1_HUMAN	1	1392	two hybrid pooling approach	20711500
Q81JF3	P11586	Bacillus anthracis	Q81JF3_BACAN	C1TC_HUMAN	1	1392	two hybrid pooling approach	20711500
Q81UX8	P09871	Bacillus anthracis	Q81UX8_BACAN	C1S_HUMAN	1	1392	two hybrid pooling approach	20711500
Q81XX7	Q96EU7	Bacillus anthracis	Q81XX7_BACAN	C1GLC_HUMAN	1	1392	two hybrid pooling approach	20711500
Q81QR0	Q3MJ40	Bacillus anthracis	Q81QR0_BACAN	C144B_HUMAN	1	1392	two hybrid pooling approach	20711500
Q81XE1	Q3MJ40	Bacillus anthracis	Q81XE1_BACAN	C144B_HUMAN	1	1392	two hybrid pooling approach	20711500
Q81TH5	P20290	Bacillus anthracis	Q81TH5_BACAN	BTF3_HUMAN	1	1392	two hybrid pooling approach	20711500
Q81Y80	Q9BX70	Bacillus anthracis	Q81Y80_BACAN	BTBD2_HUMAN	1	1392	two hybrid pooling approach	20711500
Q6KNA9	O00478	Bacillus anthracis	METE_BACAN	BT3A3_HUMAN	1	1392	two hybrid pooling approach	20711500
Q81WE9	Q7KYR7	Bacillus anthracis	PYRB_BACAN	BT2A1_HUMAN	1	1392	two hybrid pooling approach	20711500
Q81ZE2	Q96G97	Bacillus anthracis	Q81ZE2_BACAN	BSCL2_HUMAN	1	1392	two hybrid pooling approach	20711500
Q81JL0	Q9ULD4	Bacillus anthracis	Q81JL0_BACAN	BRPF3_HUMAN	1	1392	two hybrid pooling approach	20711500
Q81V35	P55201	Bacillus anthracis	Q81V35_BACAN	BRPF1_HUMAN	1	1392	two hybrid pooling approach	20711500
Q81JF8	Q8WUW1	Bacillus anthracis	Q81JF8_BACAN	BRK1_HUMAN	1	1392	two hybrid pooling approach	20711500
Q81TW1	P46736	Bacillus anthracis	ADDA_BACAN	BRCC3_HUMAN	1	1392	two hybrid pooling approach	20711500
Q81TW1	P55201	Bacillus anthracis	ADDA_BACAN	BRPF1_HUMAN	1	1392	two hybrid pooling approach	20711500
Q81TT4	O60238	Bacillus anthracis	CLPB_BACAN	BNI3L_HUMAN	1	1392	two hybrid pooling approach	20711500
Q81SN0	P36894	Bacillus anthracis	Q81SN0_BACAN	BMR1A_HUMAN	1	1392	two hybrid pooling approach	20711500
Q81M57	P30043	Bacillus anthracis	Q81M57_BACAN	BLVRB_HUMAN	1	1392	two hybrid pooling approach	20711500
Q81NI0	Q13490	Bacillus anthracis	Q81NI0_BACAN	BIRC2_HUMAN	1	1392	two hybrid pooling approach	20711500
Q81T37	Q9Y6D5	Bacillus anthracis	Q81T37_BACAN	BIG2_HUMAN	1	1392	two hybrid pooling approach	20711500
Q81MY7	Q9Y6D5	Bacillus anthracis	Q81MY7_BACAN	BIG2_HUMAN	1	1392	two hybrid pooling approach	20711500
Q81WX8	Q9Y6D6	Bacillus anthracis	Q81WX8_BACAN	BIG1_HUMAN	1	1392	two hybrid pooling approach	20711500
Q81VA8	Q9Y6D5	Bacillus anthracis	Q81VA8_BACAN	BIG2_HUMAN	1	1392	two hybrid pooling approach	20711500
Q81YV0	Q14457	Bacillus anthracis	GSA1_BACAN	BECN1_HUMAN	1	1392	two hybrid pooling approach	20711500
Q81ME1	Q9NYF8	Bacillus anthracis	Q81ME1_BACAN	BCLF1_HUMAN	1	1392	two hybrid pooling approach	20711500
Q81VV7	P46379	Bacillus anthracis	DISA_BACAN	BAG6_HUMAN	1	1392	two hybrid pooling approach	20711500
Q81M19	P46379	Bacillus anthracis	Q81M19_BACAN	BAG6_HUMAN	1	1392	two hybrid pooling approach	20711500
Q81JE2	P46379	Bacillus anthracis	Q81JE2_BACAN	BAG6_HUMAN	1	1392	two hybrid pooling approach	20711500
Q81YE8	P46379	Bacillus anthracis	Q81YE8_BACAN	BAG6_HUMAN	1	1392	two hybrid pooling approach	20711500
Q81VA8	P46379	Bacillus anthracis	Q81VA8_BACAN	BAG6_HUMAN	1	1392	two hybrid pooling approach	20711500
Q81TB4	P46379	Bacillus anthracis	Q81TB4_BACAN	BAG6_HUMAN	1	1392	two hybrid pooling approach	20711500
Q81S71	P46379	Bacillus anthracis	Q81S71_BACAN	BAG6_HUMAN	1	1392	two hybrid pooling approach	20711500
Q81QS8	P46379	Bacillus anthracis	Q81QS8_BACAN	BAG6_HUMAN	1	1392	two hybrid pooling approach	20711500
Q81PW2	P48634	Bacillus anthracis	Q81PW2_BACAN	PRC2A_HUMAN	1	1392	two hybrid pooling approach	20711500
Q81KS5	P48634	Bacillus anthracis	Q81KS5_BACAN	PRC2A_HUMAN	1	1392	two hybrid pooling approach	20711500
Q81XR2	P35613	Bacillus anthracis	DAPF_BACAN	BASI_HUMAN	1	1392	two hybrid pooling approach	20711500
Q81Y80	P51572	Bacillus anthracis	Q81Y80_BACAN	BAP31_HUMAN	1	1392	two hybrid pooling approach	20711500
Q81NS2	Q8NDB2	Bacillus anthracis	Q81NS2_BACAN	BANK1_HUMAN	1	1392	two hybrid pooling approach	20711500
Q81K85	Q8NDB2	Bacillus anthracis	GLGA_BACAN	BANK1_HUMAN	1	1392	two hybrid pooling approach	20711500
Q81PD4	Q8NDB2	Bacillus anthracis	Q81PD4_BACAN	BANK1_HUMAN	1	1392	two hybrid pooling approach	20711500
Q81SN0	P61769	Bacillus anthracis	Q81SN0_BACAN	B2MG_HUMAN	1	1392	two hybrid pooling approach	20711500
Q81S78	P61769	Bacillus anthracis	Q81S78_BACAN	B2MG_HUMAN	1	1392	two hybrid pooling approach	20711500
Q81NI6	P61769	Bacillus anthracis	Q81NI6_BACAN	B2MG_HUMAN	1	1392	two hybrid pooling approach	20711500
Q81TL8	P61769	Bacillus anthracis	TRPB_BACAN	B2MG_HUMAN	1	1392	two hybrid pooling approach	20711500
Q81ZA2	P61769	Bacillus anthracis	Q81ZA2_BACAN	B2MG_HUMAN	1	1392	two hybrid pooling approach	20711500
Q81XX7	P61769	Bacillus anthracis	Q81XX7_BACAN	B2MG_HUMAN	1	1392	two hybrid pooling approach	20711500
Q81WY6	P61769	Bacillus anthracis	Q81WY6_BACAN	B2MG_HUMAN	1	1392	two hybrid pooling approach	20711500
Q81UM4	P61769	Bacillus anthracis	Q81UM4_BACAN	B2MG_HUMAN	1	1392	two hybrid pooling approach	20711500
Q81TY3	P61769	Bacillus anthracis	Q81TY3_BACAN	B2MG_HUMAN	1	1392	two hybrid pooling approach	20711500
Q81TT5	P61769	Bacillus anthracis	Q81TT5_BACAN	B2MG_HUMAN	1	1392	two hybrid pooling approach	20711500
Q81TS2	P61769	Bacillus anthracis	Q81TS2_BACAN	B2MG_HUMAN	1	1392	two hybrid pooling approach	20711500
Q81TD1	P61769	Bacillus anthracis	Q81TD1_BACAN	B2MG_HUMAN	1	1392	two hybrid pooling approach	20711500
Q81S17	P61769	Bacillus anthracis	Q81S17_BACAN	B2MG_HUMAN	1	1392	two hybrid pooling approach	20711500
Q81RS1	P61769	Bacillus anthracis	Q81RS1_BACAN	B2MG_HUMAN	1	1392	two hybrid pooling approach	20711500
Q81MY7	P61769	Bacillus anthracis	Q81MY7_BACAN	B2MG_HUMAN	1	1392	two hybrid pooling approach	20711500
Q81LY0	P61769	Bacillus anthracis	Q81LY0_BACAN	B2MG_HUMAN	1	1392	two hybrid pooling approach	20711500
Q81KR8	P61769	Bacillus anthracis	Q81KR8_BACAN	B2MG_HUMAN	1	1392	two hybrid pooling approach	20711500
Q81KL4	P61769	Bacillus anthracis	Q81KL4_BACAN	B2MG_HUMAN	1	1392	two hybrid pooling approach	20711500
Q81JU4	Q9BXK5	Bacillus anthracis	Q81JU4_BACAN	B2L13_HUMAN	1	1392	two hybrid pooling approach	20711500
Q81U22	Q9BXK5	Bacillus anthracis	HEMH1_BACAN	B2L13_HUMAN	1	1392	two hybrid pooling approach	20711500
Q81VT3	Q9BXK5	Bacillus anthracis	EFG_BACAN	B2L13_HUMAN	1	1392	two hybrid pooling approach	20711500
Q81KB7	Q9H6S1	Bacillus anthracis	Q81KB7_BACAN	AZI2_HUMAN	1	1392	two hybrid pooling approach	20711500
Q81KA0	Q9Y679	Bacillus anthracis	Q81KA0_BACAN	AUP1_HUMAN	1	1392	two hybrid pooling approach	20711500
Q81K85	Q9Y679	Bacillus anthracis	GLGA_BACAN	AUP1_HUMAN	1	1392	two hybrid pooling approach	20711500
Q81XC3	Q9H6S1	Bacillus anthracis	Q81XC3_BACAN	AZI2_HUMAN	1	1392	two hybrid pooling approach	20711500
Q81U80	P54252	Bacillus anthracis	Q81U80_BACAN	ATX3_HUMAN	1	1392	two hybrid pooling approach	20711500
Q81KT8	Q8WWM7	Bacillus anthracis	EZRA_BACAN	ATX2L_HUMAN	1	1392	two hybrid pooling approach	20711500
Q81TC5	Q8WWM7	Bacillus anthracis	Q81TC5_BACAN	ATX2L_HUMAN	1	1392	two hybrid pooling approach	20711500
Q81QB9	Q8WWM7	Bacillus anthracis	Q81QB9_BACAN	ATX2L_HUMAN	1	1392	two hybrid pooling approach	20711500
Q81Z55	P54253	Bacillus anthracis	Q81Z55_BACAN	ATX1_HUMAN	1	1392	two hybrid pooling approach	20711500
Q81MZ1	O75882	Bacillus anthracis	Q81MZ1_BACAN	ATRN_HUMAN	1	1392	two hybrid pooling approach	20711500
Q81LF9	O75882	Bacillus anthracis	Q81LF9_BACAN	ATRN_HUMAN	1	1392	two hybrid pooling approach	20711500
Q81SN0	Q13535	Bacillus anthracis	Q81SN0_BACAN	ATR_HUMAN	1	1392	two hybrid pooling approach	20711500
Q81N85	P54259	Bacillus anthracis	Q81N85_BACAN	ATN1_HUMAN	1	1392	two hybrid pooling approach	20711500
Q81MY7	Q13315	Bacillus anthracis	Q81MY7_BACAN	ATM_HUMAN	1	1392	two hybrid pooling approach	20711500
Q81JM6	Q9UII2	Bacillus anthracis	Q81JM6_BACAN	ATIF1_HUMAN	1	1392	two hybrid pooling approach	20711500
Q81JL0	Q9UII2	Bacillus anthracis	Q81JL0_BACAN	ATIF1_HUMAN	1	1392	two hybrid pooling approach	20711500
Q81SN0	Q9H0Y0	Bacillus anthracis	Q81SN0_BACAN	ATG10_HUMAN	1	1392	two hybrid pooling approach	20711500
Q81XV4	Q8IUZ5	Bacillus anthracis	Q81XV4_BACAN	AT2L2_HUMAN	1	1392	two hybrid pooling approach	20711500
Q81ZG1	Q13625	Bacillus anthracis	DNLJ_BACAN	ASPP2_HUMAN	1	1392	two hybrid pooling approach	20711500
Q81SQ9	Q9HBK9	Bacillus anthracis	Q81SQ9_BACAN	AS3MT_HUMAN	1	1392	two hybrid pooling approach	20711500
Q81LR7	P49407	Bacillus anthracis	LEPA_BACAN	ARRB1_HUMAN	1	1392	two hybrid pooling approach	20711500
Q81TR0	P59998	Bacillus anthracis	Q81TR0_BACAN	ARPC4_HUMAN	1	1392	two hybrid pooling approach	20711500
Q81VV3	O15145	Bacillus anthracis	SYE_BACAN	ARPC3_HUMAN	1	1392	two hybrid pooling approach	20711500
Q81R97	P61158	Bacillus anthracis	Q81R97_BACAN	ARP3_HUMAN	1	1392	two hybrid pooling approach	20711500
Q81NG4	P61158	Bacillus anthracis	Q81NG4_BACAN	ARP3_HUMAN	1	1392	two hybrid pooling approach	20711500
Q81Z98	P40616	Bacillus anthracis	Q81Z98_BACAN	ARL1_HUMAN	1	1392	two hybrid pooling approach	20711500
Q81PJ7	O95154	Bacillus anthracis	Q81PJ7_BACAN	ARK73_HUMAN	1	1392	two hybrid pooling approach	20711500
Q81KM0	O15085	Bacillus anthracis	Q81KM0_BACAN	ARHGB_HUMAN	1	1392	two hybrid pooling approach	20711500
Q81QB6	Q92888	Bacillus anthracis	IOLA2_BACAN	ARHG1_HUMAN	1	1392	two hybrid pooling approach	20711500
Q81VV7	P84077	Bacillus anthracis	DISA_BACAN	ARF1_HUMAN	1	1392	two hybrid pooling approach	20711500
Q81QB9	Q6UW56	Bacillus anthracis	Q81QB9_BACAN	ARAID_HUMAN	1	1392	two hybrid pooling approach	20711500
Q81LU4	O95236	Bacillus anthracis	Q81LU4_BACAN	APOL3_HUMAN	1	1392	two hybrid pooling approach	20711500
Q81YE8	O95236	Bacillus anthracis	Q81YE8_BACAN	APOL3_HUMAN	1	1392	two hybrid pooling approach	20711500
Q81UK1	Q06481	Bacillus anthracis	Q81UK1_BACAN	APLP2_HUMAN	1	1392	two hybrid pooling approach	20711500
Q81XC3	Q06481	Bacillus anthracis	Q81XC3_BACAN	APLP2_HUMAN	1	1392	two hybrid pooling approach	20711500
Q81LW1	O94973	Bacillus anthracis	Q81LW1_BACAN	AP2A2_HUMAN	1	1392	two hybrid pooling approach	20711500
Q81M11	O43747	Bacillus anthracis	Q81M11_BACAN	AP1G1_HUMAN	1	1392	two hybrid pooling approach	20711500
Q81S14	O43747	Bacillus anthracis	MTAD_BACAN	AP1G1_HUMAN	1	1392	two hybrid pooling approach	20711500
Q81X21	O43747	Bacillus anthracis	Q81X21_BACAN	AP1G1_HUMAN	1	1392	two hybrid pooling approach	20711500
Q81N85	Q10567	Bacillus anthracis	Q81N85_BACAN	AP1B1_HUMAN	1	1392	two hybrid pooling approach	20711500
Q81KY6	P20073	Bacillus anthracis	Q81KY6_BACAN	ANXA7_HUMAN	1	1392	two hybrid pooling approach	20711500
P13423	P20073	Bacillus anthracis	PAG_BACAN	ANXA7_HUMAN	1	1392	two hybrid pooling approach	20711500
Q81LU9	P08758	Bacillus anthracis	ISPH_BACAN	ANXA5_HUMAN	1	1392	two hybrid pooling approach	20711500
Q81WK3	P08758	Bacillus anthracis	TRMFO_BACAN	ANXA5_HUMAN	1	1392	two hybrid pooling approach	20711500
Q44643	P07355	Bacillus anthracis	ACPA_BACAN	ANXA2_HUMAN	1	1392	two hybrid pooling approach	20711500
Q81Y62	P07355	Bacillus anthracis	Q81Y62_BACAN	ANXA2_HUMAN	1	1392	two hybrid pooling approach	20711500
Q81U58	P07355	Bacillus anthracis	GLPK_BACAN	ANXA2_HUMAN	1	1392	two hybrid pooling approach	20711500
Q81ZA2	P50995	Bacillus anthracis	Q81ZA2_BACAN	ANX11_HUMAN	1	1392	two hybrid pooling approach	20711500
Q81PX9	Q6AI12	Bacillus anthracis	Q81PX9_BACAN	ANR40_HUMAN	1	1392	two hybrid pooling approach	20711500
Q81L30	Q8N283	Bacillus anthracis	SYFA_BACAN	ANR35_HUMAN	1	1392	two hybrid pooling approach	20711500
Q81TW1	Q8N283	Bacillus anthracis	ADDA_BACAN	ANR35_HUMAN	1	1392	two hybrid pooling approach	20711500
Q81KV7	Q8N283	Bacillus anthracis	ASSY_BACAN	ANR35_HUMAN	1	1392	two hybrid pooling approach	20711500
Q81SN0	Q8N283	Bacillus anthracis	Q81SN0_BACAN	ANR35_HUMAN	1	1392	two hybrid pooling approach	20711500
Q81N62	O75179	Bacillus anthracis	Q81N62_BACAN	ANR17_HUMAN	1	1392	two hybrid pooling approach	20711500
Q81NT0	Q6UB98	Bacillus anthracis	Y3095_BACAN	ANR12_HUMAN	1	1392	two hybrid pooling approach	20711500
Q81ZA2	Q6UB99	Bacillus anthracis	Q81ZA2_BACAN	ANR11_HUMAN	1	1392	two hybrid pooling approach	20711500
Q81YE0	Q6UB99	Bacillus anthracis	Q81YE0_BACAN	ANR11_HUMAN	1	1392	two hybrid pooling approach	20711500
Q81MT6	Q6UB99	Bacillus anthracis	Q81MT6_BACAN	ANR11_HUMAN	1	1392	two hybrid pooling approach	20711500
Q81VG6	Q99873	Bacillus anthracis	Q81VG6_BACAN	ANM1_HUMAN	1	1392	two hybrid pooling approach	20711500
Q81PQ4	Q9H8Y5	Bacillus anthracis	Q81PQ4_BACAN	ANKZ1_HUMAN	1	1392	two hybrid pooling approach	20711500
Q81YI3	Q6UB99	Bacillus anthracis	Q81YI3_BACAN	ANR11_HUMAN	1	1392	two hybrid pooling approach	20711500
Q81LU4	Q92688	Bacillus anthracis	Q81LU4_BACAN	AN32B_HUMAN	1	1392	two hybrid pooling approach	20711500
Q81Y46	Q6ZTN6	Bacillus anthracis	HUTU_BACAN	AN13D_HUMAN	1	1392	two hybrid pooling approach	20711500
Q81QG0	Q6ZTN6	Bacillus anthracis	ANMK_BACAN	AN13D_HUMAN	1	1392	two hybrid pooling approach	20711500
Q81MY7	P19961	Bacillus anthracis	Q81MY7_BACAN	AMY2B_HUMAN	1	1392	two hybrid pooling approach	20711500
Q81VT8	Q9C0C7	Bacillus anthracis	RPOB_BACAN	AMRA1_HUMAN	1	1392	two hybrid pooling approach	20711500
Q81JL0	Q07075	Bacillus anthracis	Q81JL0_BACAN	AMPE_HUMAN	1	1392	two hybrid pooling approach	20711500
Q81Y21	Q07075	Bacillus anthracis	Q81Y21_BACAN	AMPE_HUMAN	1	1392	two hybrid pooling approach	20711500
Q81SE4	Q9H6U8	Bacillus anthracis	Q81SE4_BACAN	ALG9_HUMAN	1	1392	two hybrid pooling approach	20711500
Q81XH6	P05062	Bacillus anthracis	Q81XH6_BACAN	ALDOB_HUMAN	1	1392	two hybrid pooling approach	20711500
Q81NA2	P04075	Bacillus anthracis	Q81NA2_BACAN	ALDOA_HUMAN	1	1392	two hybrid pooling approach	20711500
Q81YL5	P04075	Bacillus anthracis	Q81YL5_BACAN	ALDOA_HUMAN	1	1392	two hybrid pooling approach	20711500
Q81U05	P00352	Bacillus anthracis	Q81U05_BACAN	AL1A1_HUMAN	1	1392	two hybrid pooling approach	20711500
Q81WA0	Q96B36	Bacillus anthracis	Q81WA0_BACAN	AKTS1_HUMAN	1	1392	two hybrid pooling approach	20711500
Q81KL4	Q9ULX6	Bacillus anthracis	Q81KL4_BACAN	AKP8L_HUMAN	1	1392	two hybrid pooling approach	20711500
Q81WQ0	Q12802	Bacillus anthracis	Q81WQ0_BACAN	AKP13_HUMAN	1	1392	two hybrid pooling approach	20711500
Q81MY7	Q12802	Bacillus anthracis	Q81MY7_BACAN	AKP13_HUMAN	1	1392	two hybrid pooling approach	20711500
Q81MH5	Q12802	Bacillus anthracis	NAGB_BACAN	AKP13_HUMAN	1	1392	two hybrid pooling approach	20711500
Q81L42	Q12802	Bacillus anthracis	Q81L42_BACAN	AKP13_HUMAN	1	1392	two hybrid pooling approach	20711500
Q81VR0	Q12802	Bacillus anthracis	Q81VR0_BACAN	AKP13_HUMAN	1	1392	two hybrid pooling approach	20711500
Q81XV4	Q12802	Bacillus anthracis	Q81XV4_BACAN	AKP13_HUMAN	1	1392	two hybrid pooling approach	20711500
Q81U26	Q12802	Bacillus anthracis	Q81U26_BACAN	AKP13_HUMAN	1	1392	two hybrid pooling approach	20711500
Q81S59	Q12802	Bacillus anthracis	Q81S59_BACAN	AKP13_HUMAN	1	1392	two hybrid pooling approach	20711500
Q81QR0	Q9NWT8	Bacillus anthracis	Q81QR0_BACAN	AKIP_HUMAN	1	1392	two hybrid pooling approach	20711500
Q81MM5	Q99996	Bacillus anthracis	Q81MM5_BACAN	AKAP9_HUMAN	1	1392	two hybrid pooling approach	20711500
Q81ME4	Q99996	Bacillus anthracis	Q81ME4_BACAN	AKAP9_HUMAN	1	1392	two hybrid pooling approach	20711500
Q81LA6	Q13023	Bacillus anthracis	Q81LA6_BACAN	AKAP6_HUMAN	1	1392	two hybrid pooling approach	20711500
Q81JF3	P35869	Bacillus anthracis	Q81JF3_BACAN	AHR_HUMAN	1	1392	two hybrid pooling approach	20711500
Q81XC3	P35869	Bacillus anthracis	Q81XC3_BACAN	AHR_HUMAN	1	1392	two hybrid pooling approach	20711500
Q81TD1	Q09666	Bacillus anthracis	Q81TD1_BACAN	AHNK_HUMAN	1	1392	two hybrid pooling approach	20711500
Q81Q87	Q99996	Bacillus anthracis	Q81Q87_BACAN	AKAP9_HUMAN	1	1392	two hybrid pooling approach	20711500
Q81ZG1	P55198	Bacillus anthracis	DNLJ_BACAN	AF17_HUMAN	1	1392	two hybrid pooling approach	20711500
Q81T17	Q08117	Bacillus anthracis	Q81T17_BACAN	AES_HUMAN	1	1392	two hybrid pooling approach	20711500
Q81TT4	Q08117	Bacillus anthracis	CLPB_BACAN	AES_HUMAN	1	1392	two hybrid pooling approach	20711500
Q81TH5	Q08117	Bacillus anthracis	Q81TH5_BACAN	AES_HUMAN	1	1392	two hybrid pooling approach	20711500
Q81W74	Q6UXC1	Bacillus anthracis	Q81W74_BACAN	AEGP_HUMAN	1	1392	two hybrid pooling approach	20711500
Q81WX8	Q96A54	Bacillus anthracis	Q81WX8_BACAN	ADR1_HUMAN	1	1392	two hybrid pooling approach	20711500
Q81Y03	Q6IQ32	Bacillus anthracis	Q81Y03_BACAN	ADNP2_HUMAN	1	1392	two hybrid pooling approach	20711500
Q81S35	P00325	Bacillus anthracis	Q81S35_BACAN	ADH1B_HUMAN	1	1392	two hybrid pooling approach	20711500
Q81R98	P00325	Bacillus anthracis	Q81R98_BACAN	ADH1B_HUMAN	1	1392	two hybrid pooling approach	20711500
Q81L14	Q9UEY8	Bacillus anthracis	Q81L14_BACAN	ADDG_HUMAN	1	1392	two hybrid pooling approach	20711500
Q81NS9	Q8NFM4	Bacillus anthracis	Q81NS9_BACAN	ADCY4_HUMAN	1	1392	two hybrid pooling approach	20711500
Q81T30	Q8NFM4	Bacillus anthracis	Q81T30_BACAN	ADCY4_HUMAN	1	1392	two hybrid pooling approach	20711500
Q81XX7	O00116	Bacillus anthracis	Q81XX7_BACAN	ADAS_HUMAN	1	1392	two hybrid pooling approach	20711500
Q81KM0	P78536	Bacillus anthracis	Q81KM0_BACAN	ADA17_HUMAN	1	1392	two hybrid pooling approach	20711500
Q81ZF9	Q13444	Bacillus anthracis	Q81ZF9_BACAN	ADA15_HUMAN	1	1392	two hybrid pooling approach	20711500
Q81P37	P63261	Bacillus anthracis	Q81P37_BACAN	ACTG_HUMAN	1	1392	two hybrid pooling approach	20711500
Q81MA4	P63261	Bacillus anthracis	Q81MA4_BACAN	ACTG_HUMAN	1	1392	two hybrid pooling approach	20711500
Q81SE4	P63261	Bacillus anthracis	Q81SE4_BACAN	ACTG_HUMAN	1	1392	two hybrid pooling approach	20711500
Q81KK8	P60709	Bacillus anthracis	Q81KK8_BACAN	ACTB_HUMAN	1	1392	two hybrid pooling approach	20711500
Q81P26	P62736	Bacillus anthracis	PROB_BACAN	ACTA_HUMAN	1	1392	two hybrid pooling approach	20711500
Q81V26	Q96QF7	Bacillus anthracis	Q81V26_BACAN	ACRC_HUMAN	1	1392	two hybrid pooling approach	20711500
Q81LD0	P53396	Bacillus anthracis	GSA2_BACAN	ACLY_HUMAN	1	1392	two hybrid pooling approach	20711500
Q81QE5	Q6JQN1	Bacillus anthracis	Q81QE5_BACAN	ACD10_HUMAN	1	1392	two hybrid pooling approach	20711500
Q81VE0	P11310	Bacillus anthracis	GUAA_BACAN	ACADM_HUMAN	1	1392	two hybrid pooling approach	20711500
Q81LQ0	O94929	Bacillus anthracis	Q81LQ0_BACAN	ABLM3_HUMAN	1	1392	two hybrid pooling approach	20711500
Q81QG0	Q8IZP0	Bacillus anthracis	ANMK_BACAN	ABI1_HUMAN	1	1392	two hybrid pooling approach	20711500
Q81NX1	Q9BUJ0	Bacillus anthracis	Q81NX1_BACAN	ABHEA_HUMAN	1	1392	two hybrid pooling approach	20711500
Q81LK7	Q7L211	Bacillus anthracis	Q81LK7_BACAN	ABHDD_HUMAN	1	1392	two hybrid pooling approach	20711500
Q81SN0	Q8WTS1	Bacillus anthracis	Q81SN0_BACAN	ABHD5_HUMAN	1	1392	two hybrid pooling approach	20711500
Q81K14	Q8IZY2	Bacillus anthracis	Q81K14_BACAN	ABCA7_HUMAN	1	1392	two hybrid pooling approach	20711500
Q81RN3	Q7Z5R6	Bacillus anthracis	Q81RN3_BACAN	AB1IP_HUMAN	1	1392	two hybrid pooling approach	20711500
Q81R82	Q7Z5R6	Bacillus anthracis	Q81R82_BACAN	AB1IP_HUMAN	1	1392	two hybrid pooling approach	20711500
Q81LM9	Q9NY61	Bacillus anthracis	Q81LM9_BACAN	AATF_HUMAN	1	1392	two hybrid pooling approach	20711500
Q81QV1	Q9BTE6	Bacillus anthracis	Q81QV1_BACAN	AASD1_HUMAN	1	1392	two hybrid pooling approach	20711500
Q81S56	A8KAD5	Bacillus anthracis	Q81S56_BACAN	A8KAD5_HUMAN	1	1392	two hybrid pooling approach	20711500
Q81WH8	A8KAD5	Bacillus anthracis	Q81WH8_BACAN	A8KAD5_HUMAN	1	1392	two hybrid pooling approach	20711500
Q81SN0	Q9P2R3	Bacillus anthracis	Q81SN0_BACAN	ANFY1_HUMAN	1	1392	two hybrid pooling approach	20711500
Q81TW1	A8K9Y5	Bacillus anthracis	ADDA_BACAN	A8K9Y5_HUMAN	1	1392	two hybrid pooling approach	20711500
Q81JG1	A8K9Y5	Bacillus anthracis	HPR_BACAN	A8K9Y5_HUMAN	1	1392	two hybrid pooling approach	20711500
Q81LF9	A8K7T4	Bacillus anthracis	Q81LF9_BACAN	A8K7T4_HUMAN	1	1392	two hybrid pooling approach	20711500
Q81JV5	O43681	Bacillus anthracis	Q81JV5_BACAN	ASNA_HUMAN	1	1392	two hybrid pooling approach	20711500
Q81W18	A8K6U0	Bacillus anthracis	Q81W18_BACAN	A8K6U0_HUMAN	1	1392	two hybrid pooling approach	20711500
Q81LK0	P25106	Bacillus anthracis	SYA_BACAN	ACKR3_HUMAN	1	1392	two hybrid pooling approach	20711500
Q81KV7	Q08J23	Bacillus anthracis	ASSY_BACAN	NSUN2_HUMAN	1	1392	two hybrid pooling approach	20711500
Q81JJ0	Q10589	Bacillus anthracis	Q81JJ0_BACAN	BST2_HUMAN	1	1392	two hybrid pooling approach	20711500
Q9X334	A8K4F0	Bacillus anthracis	Q9X334_BACAN	A8K4F0_HUMAN	1	1392	two hybrid pooling approach	20711500
Q81JU4	A8K451	Bacillus anthracis	Q81JU4_BACAN	A8K451_HUMAN	1	1392	two hybrid pooling approach	20711500
Q81XD7	Q9Y4A0	Bacillus anthracis	Q81XD7_BACAN	JERKL_HUMAN	1	1392	two hybrid pooling approach	20711500
Q6KNA9	Q9NRV9	Bacillus anthracis	METE_BACAN	HEBP1_HUMAN	1	1392	two hybrid pooling approach	20711500
Q81XZ0	O00182	Bacillus anthracis	Q81XZ0_BACAN	LEG9_HUMAN	1	1392	two hybrid pooling approach	20711500
Q81S70	O00182	Bacillus anthracis	Q81S70_BACAN	LEG9_HUMAN	1	1392	two hybrid pooling approach	20711500
Q81PM7	O00182	Bacillus anthracis	Q81PM7_BACAN	LEG9_HUMAN	1	1392	two hybrid pooling approach	20711500
Q81LQ7	A7E2V7	Bacillus anthracis	Q81LQ7_BACAN	A7E2V7_HUMAN	1	1392	two hybrid pooling approach	20711500
Q81L32	Q8N3Y3	Bacillus anthracis	SYN_BACAN	LARG2_HUMAN	1	1392	two hybrid pooling approach	20711500
Q81SN0	A6NM11	Bacillus anthracis	Q81SN0_BACAN	L37A2_HUMAN	1	1392	two hybrid pooling approach	20711500
Q81LD0	A6NHN6	Bacillus anthracis	GSA2_BACAN	NPB15_HUMAN	1	1392	two hybrid pooling approach	20711500
Q81SE4	P22897	Bacillus anthracis	Q81SE4_BACAN	MRC1_HUMAN	1	1392	two hybrid pooling approach	20711500
Q81JF3	A5D8Y4	Bacillus anthracis	Q81JF3_BACAN	A5D8Y4_HUMAN	1	1392	two hybrid pooling approach	20711500
Q81VL0	P01023	Bacillus anthracis	Q81VL0_BACAN	A2MG_HUMAN	1	1392	two hybrid pooling approach	20711500
Q81P27	A1A4Z1	Bacillus anthracis	PROA_BACAN	A1A4Z1_HUMAN	1	1392	two hybrid pooling approach	20711500
Q81S69	P49756	Bacillus anthracis	Q81S69_BACAN	RBM25_HUMAN	1	1392	two hybrid pooling approach	20711500
Q81JW1	A0PJF5	Bacillus anthracis	PYRG_BACAN	A0PJF5_HUMAN	1	1392	two hybrid pooling approach	20711500
Q81WU4	A0PJD3	Bacillus anthracis	PEPT_BACAN	A0PJD3_HUMAN	1	1392	two hybrid pooling approach	20711500
Q81VT8	A0PJ79	Bacillus anthracis	RPOB_BACAN	A0PJ79_HUMAN	1	1392	two hybrid pooling approach	20711500
Q81NM5	Q12912	Bacillus anthracis	Q81NM5_BACAN	LRMP_HUMAN	1	1392	two hybrid pooling approach	20711500
Q81K51	Q12912	Bacillus anthracis	Q81K51_BACAN	LRMP_HUMAN	1	1392	two hybrid pooling approach	20711500
Q81KJ6	Q12912	Bacillus anthracis	Q81KJ6_BACAN	LRMP_HUMAN	1	1392	two hybrid pooling approach	20711500
Q81P31	A0PJD3	Bacillus anthracis	Q81P31_BACAN	A0PJD3_HUMAN	1	1392	two hybrid pooling approach	20711500
Q81UJ9	A0PJ79	Bacillus anthracis	3MGH_BACAN	A0PJ79_HUMAN	1	1392	two hybrid pooling approach	20711500
Q81JR3	Q12912	Bacillus anthracis	Y5637_BACAN	LRMP_HUMAN	1	1392	two hybrid pooling approach	20711500
Q81M89	P30504	Bacillus anthracis	Q81M89_BACAN	1C04_HUMAN	1	1392	two hybrid pooling approach	20711500
Q81L40	P30480	Bacillus anthracis	MUTS2_BACAN	1B42_HUMAN	1	1392	two hybrid pooling approach	20711500
Q81Z52	P30480	Bacillus anthracis	Q81Z52_BACAN	1B42_HUMAN	1	1392	two hybrid pooling approach	20711500
Q81WY2	P30480	Bacillus anthracis	Q81WY2_BACAN	1B42_HUMAN	1	1392	two hybrid pooling approach	20711500
Q81RV9	P30480	Bacillus anthracis	Q81RV9_BACAN	1B42_HUMAN	1	1392	two hybrid pooling approach	20711500
Q9X334	P30480	Bacillus anthracis	Q9X334_BACAN	1B42_HUMAN	1	1392	two hybrid pooling approach	20711500
Q81SN0	P30480	Bacillus anthracis	Q81SN0_BACAN	1B42_HUMAN	1	1392	two hybrid pooling approach	20711500
Q81QP7	P30480	Bacillus anthracis	Q81QP7_BACAN	1B42_HUMAN	1	1392	two hybrid pooling approach	20711500
Q81NZ1	P30480	Bacillus anthracis	Q81NZ1_BACAN	1B42_HUMAN	1	1392	two hybrid pooling approach	20711500
Q81LM9	P30480	Bacillus anthracis	Q81LM9_BACAN	1B42_HUMAN	1	1392	two hybrid pooling approach	20711500
Q81LK7	P30480	Bacillus anthracis	Q81LK7_BACAN	1B42_HUMAN	1	1392	two hybrid pooling approach	20711500
Q81KY6	P30512	Bacillus anthracis	Q81KY6_BACAN	1A29_HUMAN	1	1392	two hybrid pooling approach	20711500
Q81KP6	P30512	Bacillus anthracis	Q81KP6_BACAN	1A29_HUMAN	1	1392	two hybrid pooling approach	20711500
Q81JN0	P01892	Bacillus anthracis	Q81JN0_BACAN	1A02_HUMAN	1	1392	two hybrid pooling approach	20711500
Q81PH9	P30480	Bacillus anthracis	PPAC_BACAN	1B42_HUMAN	1	1392	two hybrid pooling approach	20711500
Q6KNA9	P30480	Bacillus anthracis	METE_BACAN	1B42_HUMAN	1	1392	two hybrid pooling approach	20711500
Q81YJ4	P30512	Bacillus anthracis	Q81YJ4_BACAN	1A29_HUMAN	1	1392	two hybrid pooling approach	20711500
Q81TT4	P30512	Bacillus anthracis	CLPB_BACAN	1A29_HUMAN	1	1392	two hybrid pooling approach	20711500
Q81WS0	P01892	Bacillus anthracis	Q81WS0_BACAN	1A02_HUMAN	1	1392	two hybrid pooling approach	20711500
Q81QP7	A8K3M3	Bacillus anthracis	Q81QP7_BACAN	A8K3M3_HUMAN	1	1392	two hybrid pooling approach	20711500
Q81ZA2	B1ALW7	Bacillus anthracis	Q81ZA2_BACAN	B1ALW7_HUMAN	1	1392	two hybrid pooling approach	20711500
Q81L14	A4D1N4	Bacillus anthracis	Q81L14_BACAN	A4D1N4_HUMAN	1	1392	two hybrid pooling approach	20711500
Q81V44	A8K5I0	Bacillus anthracis	Q81V44_BACAN	A8K5I0_HUMAN	1	1392	two hybrid pooling approach	20711500
Q81Y98	F1D8S3	Bacillus anthracis	Q81Y98_BACAN	F1D8S3_HUMAN	1	1392	two hybrid pooling approach	20711500
Q81RC4	B3KM21	Bacillus anthracis	Q81RC4_BACAN	B3KM21_HUMAN	1	1392	two hybrid pooling approach	20711500
Q81JL0	Q548T7	Bacillus anthracis	Q81JL0_BACAN	Q548T7_HUMAN	1	1392	two hybrid pooling approach	20711500
Q81U22	E9KL35	Bacillus anthracis	HEMH1_BACAN	E9KL35_HUMAN	1	1392	two hybrid pooling approach	20711500
Q81WP7	E9KL35	Bacillus anthracis	Q81WP7_BACAN	E9KL35_HUMAN	1	1392	two hybrid pooling approach	20711500
Q81X58	F1D8R0	Bacillus anthracis	Q81X58_BACAN	F1D8R0_HUMAN	1	1392	two hybrid pooling approach	20711500
Q81LD0	A4D1F7	Bacillus anthracis	GSA2_BACAN	A4D1F7_HUMAN	1	1392	two hybrid pooling approach	20711500
Q81QG7	F1LJ00	Bacillus anthracis	Q81QG7_BACAN	F1LJ00_HUMAN	1	1392	two hybrid pooling approach	20711500
Q81PX9	A8IK34	Bacillus anthracis	Q81PX9_BACAN	A8IK34_HUMAN	1	1392	two hybrid pooling approach	20711500
Q81U00	A4D0U5	Bacillus anthracis	Q81U00_BACAN	A4D0U5_HUMAN	1	1392	two hybrid pooling approach	20711500
Q6KNA9	D9ZGF6	Bacillus anthracis	METE_BACAN	D9ZGF6_HUMAN	1	1392	two hybrid pooling approach	20711500
Q6KMS8	E9KL35	Bacillus anthracis	EFP_BACAN	E9KL35_HUMAN	1	1392	two hybrid pooling approach	20711500
Q81VC2	D9ZGF1	Bacillus anthracis	Q81VC2_BACAN	D9ZGF1_HUMAN	1	1392	two hybrid pooling approach	20711500
P40136	B4DJ51	Bacillus anthracis	CYAA_BACAN	B4DJ51_HUMAN	10	1392	comigration in non denaturing gel electrophoresis;cosedimentation in solution;unspecified method;x-ray crystallography	11807546;12485993;14978283;15063758;15719022;19651602
P40136	Q9BRL5	Bacillus anthracis	CYAA_BACAN	Q9BRL5_HUMAN	1	1392	x-ray crystallography	15131111
Q9X365	D9ZGF1	Bacillus anthracis	Q9X365_BACAN	D9ZGF1_HUMAN	1	1392	two hybrid pooling approach	20711500
Q81ME0	E5KNY5	Bacillus anthracis	DEOB_BACAN	E5KNY5_HUMAN	1	1392	two hybrid pooling approach	20711500
Q81X16	C4N9M8	Bacillus anthracis	Q81X16_BACAN	C4N9M8_HUMAN	1	1392	two hybrid pooling approach	20711500
Q81KM0	B2RNB2	Bacillus anthracis	Q81KM0_BACAN	B2RNB2_HUMAN	1	1392	two hybrid pooling approach	20711500
Q81YP4	A4D2P1	Bacillus anthracis	Q81YP4_BACAN	A4D2P1_HUMAN	1	1392	two hybrid pooling approach	20711500
Q81YE8	B2R4P9	Bacillus anthracis	Q81YE8_BACAN	B2R4P9_HUMAN	1	1392	two hybrid pooling approach	20711500
Q81LS0	A4D1X5	Bacillus anthracis	HRCA_BACAN	A4D1X5_HUMAN	1	1392	two hybrid pooling approach	20711500
Q81V12	Q549M8	Bacillus anthracis	Q81V12_BACAN	Q549M8_HUMAN	1	1392	two hybrid pooling approach	20711500
Q81XA6	P20273	Bacillus anthracis	Q81XA6_BACAN	CD22_HUMAN	1	1392	two hybrid pooling approach	20711500
Q81JM6	B3KNK9	Bacillus anthracis	Q81JM6_BACAN	B3KNK9_HUMAN	1	1392	two hybrid pooling approach	20711500
Q81Q02	A4D0U5	Bacillus anthracis	Q81Q02_BACAN	A4D0U5_HUMAN	1	1392	two hybrid pooling approach	20711500
Q81KU2	A4D0U5	Bacillus anthracis	Q81KU2_BACAN	A4D0U5_HUMAN	1	1392	two hybrid pooling approach	20711500
Q81KW2	Q549M8	Bacillus anthracis	Q81KW2_BACAN	Q549M8_HUMAN	1	1392	two hybrid pooling approach	20711500
Q81YF9	A4D275	Bacillus anthracis	Q81YF9_BACAN	A4D275_HUMAN	1	1392	two hybrid pooling approach	20711500
Q81V83	B0LPF3	Bacillus anthracis	Q81V83_BACAN	B0LPF3_HUMAN	1	1392	two hybrid pooling approach	20711500
Q81S14	E9KL44	Bacillus anthracis	MTAD_BACAN	E9KL44_HUMAN	1	1392	two hybrid pooling approach	20711500
Q81Z00	Q541A5	Bacillus anthracis	Q81Z00_BACAN	Q541A5_HUMAN	1	1392	two hybrid pooling approach	20711500
Q81UK1	D9ZGF2	Bacillus anthracis	Q81UK1_BACAN	D9ZGF2_HUMAN	1	1392	two hybrid pooling approach	20711500
P77819	A4D0Z4	Bacillus anthracis	RPOC_BACAN	A4D0Z4_HUMAN	1	1392	two hybrid pooling approach	20711500
Q81M78	Q6FGM0	Bacillus anthracis	Q81M78_BACAN	Q6FGM0_HUMAN	1	1392	two hybrid pooling approach	20711500
Q81MN9	Q548T7	Bacillus anthracis	PPK_BACAN	Q548T7_HUMAN	1	1392	two hybrid pooling approach	20711500
Q81YE8	A4D1N4	Bacillus anthracis	Q81YE8_BACAN	A4D1N4_HUMAN	1	1392	two hybrid pooling approach	20711500
Q81QG0	A4D2P1	Bacillus anthracis	ANMK_BACAN	A4D2P1_HUMAN	1	1392	two hybrid pooling approach	20711500
Q81UC7	C6KYL4	Bacillus anthracis	Q81UC7_BACAN	C6KYL4_HUMAN	1	1392	two hybrid pooling approach	20711500
Q81WR4	F1D8R5	Bacillus anthracis	MUTL_BACAN	F1D8R5_HUMAN	1	1392	two hybrid pooling approach	20711500
Q81X74	D1MGQ2	Bacillus anthracis	Q81X74_BACAN	D1MGQ2_HUMAN	1	1392	two hybrid pooling approach	20711500
Q81JJ0	A2I2N5	Bacillus anthracis	Q81JJ0_BACAN	A2I2N5_HUMAN	1	1392	two hybrid pooling approach	20711500
Q81VT8	B2R6F3	Bacillus anthracis	RPOB_BACAN	B2R6F3_HUMAN	1	1392	two hybrid pooling approach	20711500
Q81LM0	A4D0U5	Bacillus anthracis	Q81LM0_BACAN	A4D0U5_HUMAN	1	1392	two hybrid pooling approach	20711500
Q81RY4	A0N0R2	Bacillus anthracis	Q81RY4_BACAN	A0N0R2_HUMAN	1	1392	two hybrid pooling approach	20711500
Q81UL0	A4D0Z4	Bacillus anthracis	Q81UL0_BACAN	A4D0Z4_HUMAN	1	1392	two hybrid pooling approach	20711500
Q81LD0	P20273	Bacillus anthracis	GSA2_BACAN	CD22_HUMAN	1	1392	two hybrid pooling approach	20711500
Q81Y62	B2ZZ89	Bacillus anthracis	Q81Y62_BACAN	B2ZZ89_HUMAN	1	1392	two hybrid pooling approach	20711500
Q81RN4	A4D2P1	Bacillus anthracis	Q81RN4_BACAN	A4D2P1_HUMAN	1	1392	two hybrid pooling approach	20711500
Q81XI1	A4QPA9	Bacillus anthracis	Q81XI1_BACAN	A4QPA9_HUMAN	1	1392	two hybrid pooling approach	20711500
Q81X63	F1LJ00	Bacillus anthracis	CLPP2_BACAN	F1LJ00_HUMAN	1	1392	two hybrid pooling approach	20711500
Q81PD4	B2R4P9	Bacillus anthracis	Q81PD4_BACAN	B2R4P9_HUMAN	1	1392	two hybrid pooling approach	20711500
Q81PQ4	E9KL35	Bacillus anthracis	Q81PQ4_BACAN	E9KL35_HUMAN	1	1392	two hybrid pooling approach	20711500
Q81WF0	A4D0U5	Bacillus anthracis	PYRC_BACAN	A4D0U5_HUMAN	1	1392	two hybrid pooling approach	20711500
Q81UK1	F6KD01	Bacillus anthracis	Q81UK1_BACAN	F6KD01_HUMAN	1	1392	two hybrid pooling approach	20711500
Q81SB0	A4D0W0	Bacillus anthracis	Q81SB0_BACAN	A4D0W0_HUMAN	1	1392	two hybrid pooling approach	20711500
Q81X77	B2R4C5	Bacillus anthracis	GPMI_BACAN	B2R4C5_HUMAN	1	1392	two hybrid pooling approach	20711500
Q81Q87	A8K5I0	Bacillus anthracis	Q81Q87_BACAN	A8K5I0_HUMAN	1	1392	two hybrid pooling approach	20711500
Q81XF5	A8YXX4	Bacillus anthracis	Q81XF5_BACAN	A8YXX4_HUMAN	1	1392	two hybrid pooling approach	20711500
Q81L14	Q5VU08	Bacillus anthracis	Q81L14_BACAN	Q5VU08_HUMAN	1	1392	two hybrid pooling approach	20711500
Q81W18	B1ALW7	Bacillus anthracis	Q81W18_BACAN	B1ALW7_HUMAN	1	1392	two hybrid pooling approach	20711500
Q81VA8	B5B0C2	Bacillus anthracis	Q81VA8_BACAN	B5B0C2_HUMAN	1	1392	two hybrid pooling approach	20711500
Q81Y52	D1MGQ2	Bacillus anthracis	Q81Y52_BACAN	D1MGQ2_HUMAN	1	1392	two hybrid pooling approach	20711500
Q81LR7	B2R6F3	Bacillus anthracis	LEPA_BACAN	B2R6F3_HUMAN	1	1392	two hybrid pooling approach	20711500
Q81U22	Q2L6I0	Bacillus anthracis	HEMH1_BACAN	Q2L6I0_HUMAN	1	1392	two hybrid pooling approach	20711500
Q81LY0	E9KL48	Bacillus anthracis	Q81LY0_BACAN	E9KL48_HUMAN	1	1392	two hybrid pooling approach	20711500
Q81LE2	B2R6F3	Bacillus anthracis	Q81LE2_BACAN	B2R6F3_HUMAN	1	1392	two hybrid pooling approach	20711500
Q81LQ9	A4D0R1	Bacillus anthracis	Q81LQ9_BACAN	A4D0R1_HUMAN	1	1392	two hybrid pooling approach	20711500
Q81QG7	Q549M8	Bacillus anthracis	Q81QG7_BACAN	Q549M8_HUMAN	1	1392	two hybrid pooling approach	20711500
Q81R37	A4D1F7	Bacillus anthracis	Q81R37_BACAN	A4D1F7_HUMAN	1	1392	two hybrid pooling approach	20711500
Q81Y62	A4QPA9	Bacillus anthracis	Q81Y62_BACAN	A4QPA9_HUMAN	1	1392	two hybrid pooling approach	20711500
Q81LN0	A3QNQ0	Bacillus anthracis	Q81LN0_BACAN	A3QNQ0_HUMAN	1	1392	two hybrid pooling approach	20711500
Q81RU2	Q5JYA6	Bacillus anthracis	Q81RU2_BACAN	Q5JYA6_HUMAN	1	1392	two hybrid pooling approach	20711500
Q81R90	Q658J6	Bacillus anthracis	Q81R90_BACAN	Q658J6_HUMAN	1	1392	two hybrid pooling approach	20711500
Q81Z75	B2R6F3	Bacillus anthracis	Q81Z75_BACAN	B2R6F3_HUMAN	1	1392	two hybrid pooling approach	20711500
Q81VT8	Q549M8	Bacillus anthracis	RPOB_BACAN	Q549M8_HUMAN	1	1392	two hybrid pooling approach	20711500
Q81Y80	A0N0R2	Bacillus anthracis	Q81Y80_BACAN	A0N0R2_HUMAN	1	1392	two hybrid pooling approach	20711500
Q81UI7	E9KL35	Bacillus anthracis	SECA2_BACAN	E9KL35_HUMAN	1	1392	two hybrid pooling approach	20711500
Q81XV4	A8YXX4	Bacillus anthracis	Q81XV4_BACAN	A8YXX4_HUMAN	1	1392	two hybrid pooling approach	20711500
Q81YC1	A4D0U5	Bacillus anthracis	Q81YC1_BACAN	A4D0U5_HUMAN	1	1392	two hybrid pooling approach	20711500
Q81XR1	A4QPA9	Bacillus anthracis	Y5172_BACAN	A4QPA9_HUMAN	1	1392	two hybrid pooling approach	20711500
Q81P26	D2JYH4	Bacillus anthracis	PROB_BACAN	D2JYH4_HUMAN	1	1392	two hybrid pooling approach	20711500
Q81X77	A2VCK8	Bacillus anthracis	GPMI_BACAN	A2VCK8_HUMAN	1	1392	two hybrid pooling approach	20711500
Q81KS3	B9A6K1	Bacillus anthracis	Q81KS3_BACAN	B9A6K1_HUMAN	1	1392	two hybrid pooling approach	20711500
Q81LQ0	A2VCK8	Bacillus anthracis	Q81LQ0_BACAN	A2VCK8_HUMAN	1	1392	two hybrid pooling approach	20711500
Q81S44	A2VCK8	Bacillus anthracis	Q81S44_BACAN	A2VCK8_HUMAN	1	1392	two hybrid pooling approach	20711500
Q81K96	H0Y4B0	Bacillus anthracis	Q81K96_BACAN	H0Y4B0_HUMAN	1	1392	two hybrid pooling approach	20711500
Q81N85	H0Y4B0	Bacillus anthracis	Q81N85_BACAN	H0Y4B0_HUMAN	1	1392	two hybrid pooling approach	20711500
Q81T57	Q9BZR9	Bacillus anthracis	Q81T57_BACAN	TRIM8_HUMAN	1	1392	two hybrid pooling approach	20711500
Q81MN9	Q9BZR9	Bacillus anthracis	PPK_BACAN	TRIM8_HUMAN	1	1392	two hybrid pooling approach	20711500
Q81V76	Q9BZR9	Bacillus anthracis	Q81V76_BACAN	TRIM8_HUMAN	1	1392	two hybrid pooling approach	20711500
Q81NR7	Q9BZR9	Bacillus anthracis	Q81NR7_BACAN	TRIM8_HUMAN	1	1392	two hybrid pooling approach	20711500
Q81VB3	O43765	Bacillus anthracis	Q81VB3_BACAN	SGTA_HUMAN	1	1392	two hybrid pooling approach	20711500
A0A0F7RI40	Q92982	Bacillus anthracis	A0A0F7RI40_BACAN	NINJ1_HUMAN	1	1392	two hybrid pooling approach	20711500
A0A0F7RG58	Q5T0J3	Bacillus anthracis	A0A0F7RG58_BACAN	CA220_HUMAN	1	1392	two hybrid pooling approach	20711500
A0A0F7RG58	Q59E92	Bacillus anthracis	A0A0F7RG58_BACAN	Q59E92_HUMAN	1	1392	two hybrid pooling approach	20711500
A0A0F7RG58	P30520	Bacillus anthracis	A0A0F7RG58_BACAN	PURA2_HUMAN	1	1392	two hybrid pooling approach	20711500
A0A0F7RKT3	Q7Z3K3	Bacillus anthracis	A0A0F7RKT3_BACAN	POGZ_HUMAN	1	1392	two hybrid pooling approach	20711500
A0A0F7RI40	Q9H307	Bacillus anthracis	A0A0F7RI40_BACAN	PININ_HUMAN	1	1392	two hybrid pooling approach	20711500
A0A0F7RDC0	P49585	Bacillus anthracis	A0A0F7RDC0_BACAN	PCY1A_HUMAN	1	1392	two hybrid pooling approach	20711500
A0A0F7RG58	Q13133	Bacillus anthracis	A0A0F7RG58_BACAN	NR1H3_HUMAN	1	1392	two hybrid pooling approach	20711500
A0A0F7R9M2	P19838	Bacillus anthracis	A0A0F7R9M2_BACAN	NFKB1_HUMAN	1	1392	two hybrid pooling approach	20711500
A0A0F7RKT3	P19838	Bacillus anthracis	A0A0F7RKT3_BACAN	NFKB1_HUMAN	1	1392	two hybrid pooling approach	20711500
A0A0F7R416	Q02952	Bacillus anthracis	A0A0F7R416_BACAN	AKA12_HUMAN	1	1392	two hybrid pooling approach	20711500
A0A0F7RKT3	Q9Y6X8	Bacillus anthracis	A0A0F7RKT3_BACAN	ZHX2_HUMAN	1	1392	two hybrid pooling approach	20711500
A0A0F7RKT3	Q9NY15	Bacillus anthracis	A0A0F7RKT3_BACAN	STAB1_HUMAN	1	1392	two hybrid pooling approach	20711500
A0A0F7R9M2	Q96R06	Bacillus anthracis	A0A0F7R9M2_BACAN	SPAG5_HUMAN	1	1392	two hybrid pooling approach	20711500
A0A0F7R416	Q5HYK7	Bacillus anthracis	A0A0F7R416_BACAN	SH319_HUMAN	1	1392	two hybrid pooling approach	20711500
A0A0F7RKT3	P51149	Bacillus anthracis	A0A0F7RKT3_BACAN	RAB7A_HUMAN	1	1392	two hybrid pooling approach	20711500
A0A0F7R9R7	O14641	Bacillus anthracis	A0A0F7R9R7_BACAN	DVL2_HUMAN	1	1392	two hybrid pooling approach	20711500
A0A0F7RG58	P02461	Bacillus anthracis	A0A0F7RG58_BACAN	CO3A1_HUMAN	1	1392	two hybrid pooling approach	20711500
A0A0F7RBN8	P46379	Bacillus anthracis	A0A0F7RBN8_BACAN	BAG6_HUMAN	1	1392	two hybrid pooling approach	20711500
A0A0F7R9R7	Q8NDB2	Bacillus anthracis	A0A0F7R9R7_BACAN	BANK1_HUMAN	1	1392	two hybrid pooling approach	20711500
A0A0F7RI40	O43747	Bacillus anthracis	A0A0F7RI40_BACAN	AP1G1_HUMAN	1	1392	two hybrid pooling approach	20711500
A0A0F7RBN8	O75843	Bacillus anthracis	A0A0F7RBN8_BACAN	AP1G2_HUMAN	1	1392	two hybrid pooling approach	20711500
A0A0F7R9R7	Q96Q11	Bacillus anthracis	A0A0F7R9R7_BACAN	TRNT1_HUMAN	1	1392	two hybrid pooling approach	20711500
A0A0F7R9R7	O00165	Bacillus anthracis	A0A0F7R9R7_BACAN	HAX1_HUMAN	1	1392	two hybrid pooling approach	20711500
A0A0F7RG58	P02462	Bacillus anthracis	A0A0F7RG58_BACAN	CO4A1_HUMAN	1	1392	two hybrid pooling approach	20711500
A0A0F7RG28	Q9NWW7	Bacillus anthracis	A0A0F7RG28_BACAN	CB042_HUMAN	1	1392	two hybrid pooling approach	20711500
A0A0F7RG28	Q10587	Bacillus anthracis	A0A0F7RG28_BACAN	TEF_HUMAN	1	1392	two hybrid pooling approach	20711500
A0A0F7RG58	Q9HD26	Bacillus anthracis	A0A0F7RG58_BACAN	GOPC_HUMAN	1	1392	two hybrid pooling approach	20711500
A0A0F7REZ1	Q8NHY2	Bacillus anthracis	A0A0F7REZ1_BACAN	RFWD2_HUMAN	1	1392	two hybrid pooling approach	20711500
Q81X48	Q14318	Bacillus anthracis	Q81X48_BACAN	FKBP8_HUMAN	1	1392	two hybrid pooling approach	20711500
Q81PB7	Q14318	Bacillus anthracis	Q81PB7_BACAN	FKBP8_HUMAN	1	1392	two hybrid pooling approach	20711500
A0A1A9IFF4	Q14498	Bacillus anthracis	A0A1A9IFF4_BACAN	RBM39_HUMAN	1	1392	two hybrid pooling approach	20711500
A0A1A9IJH2	Q15751	Bacillus anthracis	A0A1A9IJH2_BACAN	HERC1_HUMAN	1	1392	two hybrid pooling approach	20711500
A0A1A9IJH2	Q14568	Bacillus anthracis	A0A1A9IJH2_BACAN	HS902_HUMAN	1	1392	two hybrid pooling approach	20711500
A0A1A9IJH2	Q7Z3K3	Bacillus anthracis	A0A1A9IJH2_BACAN	POGZ_HUMAN	1	1392	two hybrid pooling approach	20711500
A0A1A9IJH2	Q8N131	Bacillus anthracis	A0A1A9IJH2_BACAN	PORIM_HUMAN	1	1392	two hybrid pooling approach	20711500
A0A1A9IJH2	P13796	Bacillus anthracis	A0A1A9IJH2_BACAN	PLSL_HUMAN	1	1392	two hybrid pooling approach	20711500
A0A1A9IJH2	Q8WXI9	Bacillus anthracis	A0A1A9IJH2_BACAN	P66B_HUMAN	1	1392	two hybrid pooling approach	20711500
A0A1A9IJH2	Q9ULJ1	Bacillus anthracis	A0A1A9IJH2_BACAN	ODF2L_HUMAN	1	1392	two hybrid pooling approach	20711500
A0A1A9IJH2	P01871	Bacillus anthracis	A0A1A9IJH2_BACAN	IGHM_HUMAN	1	1392	two hybrid pooling approach	20711500
A0A1A9IJH2	Q7Z3U7	Bacillus anthracis	A0A1A9IJH2_BACAN	MON2_HUMAN	1	1392	two hybrid pooling approach	20711500
A0A1A9IJH2	Q8N2S1	Bacillus anthracis	A0A1A9IJH2_BACAN	LTBP4_HUMAN	1	1392	two hybrid pooling approach	20711500
A0A1A9IJH2	Q4G0J3	Bacillus anthracis	A0A1A9IJH2_BACAN	LARP7_HUMAN	1	1392	two hybrid pooling approach	20711500
A0A1A9IJH2	Q9NP66	Bacillus anthracis	A0A1A9IJH2_BACAN	HM20A_HUMAN	1	1392	two hybrid pooling approach	20711500
A0A1A9IJH2	Q96A84	Bacillus anthracis	A0A1A9IJH2_BACAN	EMID1_HUMAN	1	1392	two hybrid pooling approach	20711500
A0A1A9IJH2	P13639	Bacillus anthracis	A0A1A9IJH2_BACAN	EF2_HUMAN	1	1392	two hybrid pooling approach	20711500
A0A1A9IJH2	Q8NAV2	Bacillus anthracis	A0A1A9IJH2_BACAN	CH058_HUMAN	1	1392	two hybrid pooling approach	20711500
A0A1A9IJH2	Q6IQ19	Bacillus anthracis	A0A1A9IJH2_BACAN	CCSAP_HUMAN	1	1392	two hybrid pooling approach	20711500
A0A1A9IJH2	Q92888	Bacillus anthracis	A0A1A9IJH2_BACAN	ARHG1_HUMAN	1	1392	two hybrid pooling approach	20711500
A0A1A9IJH2	P33121	Bacillus anthracis	A0A1A9IJH2_BACAN	ACSL1_HUMAN	1	1392	two hybrid pooling approach	20711500
A0A1A9IJH2	O00233	Bacillus anthracis	A0A1A9IJH2_BACAN	PSMD9_HUMAN	1	1392	two hybrid pooling approach	20711500
A0A1A9IJH2	Q9NYI0	Bacillus anthracis	A0A1A9IJH2_BACAN	PSD3_HUMAN	1	1392	two hybrid pooling approach	20711500
A0A1A9IJH2	P19838	Bacillus anthracis	A0A1A9IJH2_BACAN	NFKB1_HUMAN	1	1392	two hybrid pooling approach	20711500
A0A1A9IJH2	Q7Z4H7	Bacillus anthracis	A0A1A9IJH2_BACAN	HAUS6_HUMAN	1	1392	two hybrid pooling approach	20711500
A0A1A9IJH2	O15143	Bacillus anthracis	A0A1A9IJH2_BACAN	ARC1B_HUMAN	1	1392	two hybrid pooling approach	20711500
A0A1A9IJH2	P45880	Bacillus anthracis	A0A1A9IJH2_BACAN	VDAC2_HUMAN	1	1392	two hybrid pooling approach	20711500
A0A1A9IJH2	P19532	Bacillus anthracis	A0A1A9IJH2_BACAN	TFE3_HUMAN	1	1392	two hybrid pooling approach	20711500
A0A1A9IJH2	P21731	Bacillus anthracis	A0A1A9IJH2_BACAN	TA2R_HUMAN	1	1392	two hybrid pooling approach	20711500
A0A1A9IJH2	Q9Y228	Bacillus anthracis	A0A1A9IJH2_BACAN	T3JAM_HUMAN	1	1392	two hybrid pooling approach	20711500
A0A1A9IJH2	Q6ZWJ1	Bacillus anthracis	A0A1A9IJH2_BACAN	STXB4_HUMAN	1	1392	two hybrid pooling approach	20711500
A0A1A9IJH2	Q92541	Bacillus anthracis	A0A1A9IJH2_BACAN	RTF1_HUMAN	1	1392	two hybrid pooling approach	20711500
A0A1A9IJH2	P46063	Bacillus anthracis	A0A1A9IJH2_BACAN	RECQ1_HUMAN	1	1392	two hybrid pooling approach	20711500
A0A1A9IJH2	Q9H4A3	Bacillus anthracis	A0A1A9IJH2_BACAN	WNK1_HUMAN	1	1392	two hybrid pooling approach	20711500
A0A1A9IFF4	O75787	Bacillus anthracis	A0A1A9IFF4_BACAN	RENR_HUMAN	1	1392	two hybrid pooling approach	20711500
A0A1A9IJH2	Q2TAL8	Bacillus anthracis	A0A1A9IJH2_BACAN	QRIC1_HUMAN	1	1392	two hybrid pooling approach	20711500
A0A1A9IJH2	P78364	Bacillus anthracis	A0A1A9IJH2_BACAN	PHC1_HUMAN	1	1392	two hybrid pooling approach	20711500
A0A1A9IJH2	Q96T58	Bacillus anthracis	A0A1A9IJH2_BACAN	MINT_HUMAN	1	1392	two hybrid pooling approach	20711500
A0A1A9IJH2	Q5HYC2	Bacillus anthracis	A0A1A9IJH2_BACAN	K2026_HUMAN	1	1392	two hybrid pooling approach	20711500
A0A1A9IJH2	Q6PKC3	Bacillus anthracis	A0A1A9IJH2_BACAN	TXD11_HUMAN	1	1392	two hybrid pooling approach	20711500
A0A1A9IJH2	P18583	Bacillus anthracis	A0A1A9IJH2_BACAN	SON_HUMAN	1	1392	two hybrid pooling approach	20711500
A0A1A9IJH2	P20339	Bacillus anthracis	A0A1A9IJH2_BACAN	RAB5A_HUMAN	1	1392	two hybrid pooling approach	20711500
A0A1A9IJH2	P17931	Bacillus anthracis	A0A1A9IJH2_BACAN	LEG3_HUMAN	1	1392	two hybrid pooling approach	20711500
A0A1A9IJH2	P26641	Bacillus anthracis	A0A1A9IJH2_BACAN	EF1G_HUMAN	1	1392	two hybrid pooling approach	20711500
A0A1A9IJH2	P20073	Bacillus anthracis	A0A1A9IJH2_BACAN	ANXA7_HUMAN	1	1392	two hybrid pooling approach	20711500
A0A1A9IJH2	Q6AHZ1	Bacillus anthracis	A0A1A9IJH2_BACAN	Z518A_HUMAN	1	1392	two hybrid pooling approach	20711500
A0A1A9IJH2	Q01081	Bacillus anthracis	A0A1A9IJH2_BACAN	U2AF1_HUMAN	1	1392	two hybrid pooling approach	20711500
A0A1A9IFF4	P48995	Bacillus anthracis	A0A1A9IFF4_BACAN	TRPC1_HUMAN	1	1392	two hybrid pooling approach	20711500
A0A1A9IJH2	P28290	Bacillus anthracis	A0A1A9IJH2_BACAN	SSFA2_HUMAN	1	1392	two hybrid pooling approach	20711500
A0A1A9IJH2	Q8N196	Bacillus anthracis	A0A1A9IJH2_BACAN	SIX5_HUMAN	1	1392	two hybrid pooling approach	20711500
A0A1A9IJH2	O94979	Bacillus anthracis	A0A1A9IJH2_BACAN	SC31A_HUMAN	1	1392	two hybrid pooling approach	20711500
A0A1A9IJH2	P10826	Bacillus anthracis	A0A1A9IJH2_BACAN	RARB_HUMAN	1	1392	two hybrid pooling approach	20711500
A0A1A9IJH2	Q6ZUT9	Bacillus anthracis	A0A1A9IJH2_BACAN	DEN5B_HUMAN	1	1392	two hybrid pooling approach	20711500
Q81RT7	A0A1L1M261	Bacillus anthracis	Q81RT7_BACAN	A0A1L1M261_HUMAN	1	1392	two hybrid pooling approach	20711500
Q81W74	A0A1L1M261	Bacillus anthracis	Q81W74_BACAN	A0A1L1M261_HUMAN	1	1392	two hybrid pooling approach	20711500
Q81TH3	A0A1L1M261	Bacillus anthracis	Q81TH3_BACAN	A0A1L1M261_HUMAN	1	1392	two hybrid pooling approach	20711500
Q81W39	A0A1L1M261	Bacillus anthracis	Q81W39_BACAN	A0A1L1M261_HUMAN	1	1392	two hybrid pooling approach	20711500
Q81S56	A0A1L1M261	Bacillus anthracis	Q81S56_BACAN	A0A1L1M261_HUMAN	1	1392	two hybrid pooling approach	20711500
P15917	P46734	Bacillus anthracis	LEF_BACAN	MP2K3_HUMAN	1	1392	protease assay	16455799
A0A0F7R9R7	A8K5I0	Bacillus anthracis	A0A0F7R9R7_BACAN	A8K5I0_HUMAN	1	1392	two hybrid pooling approach	20711500
Q81NP8	P0DJD1	Bacillus anthracis	Q81NP8_BACAN	RGPD2_HUMAN	1	1392	two hybrid pooling approach	20711500
Q81RL5	L7RT22	Bacillus anthracis	Q81RL5_BACAN	L7RT22_HUMAN	1	1392	two hybrid pooling approach	20711500
A0A0F7RG58	F1D8N1	Bacillus anthracis	A0A0F7RG58_BACAN	F1D8N1_HUMAN	1	1392	two hybrid pooling approach	20711500
Q81WI9	Q6IPX1	Bacillus anthracis	Q81WI9_BACAN	TBC3C_HUMAN	1	1392	two hybrid pooling approach	20711500
P40136	P62158	Bacillus anthracis	CYAA_BACAN	CALM_HUMAN	4	1392	x-ray crystallography	11807546;14978283;15063758;15719022
Q81NP8	Q68DN6	Bacillus anthracis	Q81NP8_BACAN	RGPD2_HUMAN	1	1392	two hybrid pooling approach	20711500
Q81V44	P08107	Bacillus anthracis	Q81V44_BACAN	HS71B_HUMAN	1	1392	two hybrid pooling approach	20711500
A0A0F7R9R7	P08107	Bacillus anthracis	A0A0F7R9R7_BACAN	HS71B_HUMAN	1	1392	two hybrid pooling approach	20711500
Q81Q87	P08107	Bacillus anthracis	Q81Q87_BACAN	HS71B_HUMAN	1	1392	two hybrid pooling approach	20711500
P18177	P63000	Clostridium difficile	TOXB_CLODI	RAC1_HUMAN	1	1496	enzymatic study	16730714
P18177	A4D2P1	Clostridium difficile	TOXB_CLODI	A4D2P1_HUMAN	1	1496	enzymatic study	16730714
P18177	P15529	Clostridium difficile	TOXB_CLODI	MCP_HUMAN	1	1496	fluorescence microscopy	20534589
P18177	Q9NQS3	Clostridium difficile	TOXB_CLODI	NECT3_HUMAN	1	1496	anti tag coimmunoprecipitation	26602083
Q00496	P60880	Clostridium botulinum	BXE_CLOBO	SNP25_HUMAN	2	1491	Reactome Curated;protease assay	16131227;21067998
Q57236	P63027	Clostridium botulinum	Q57236_CLOBO	VAMP2_HUMAN	2	1491	protease assay;x-ray crystallography	19543288
D2KHQ9	P63027	Clostridium botulinum	D2KHQ9_CLOBO	VAMP2_HUMAN	1	1491	protease assay	22172278
P10844	P21579	Clostridium botulinum	BXB_CLOBO	SYT1_HUMAN	1	1491	Reactome Curated	21067998
P10845	P21579	Clostridium botulinum	BXA1_CLOBO	SYT1_HUMAN	1	1491	Reactome Curated	21067998
P18640	P21579	Clostridium botulinum	BXC1_CLOBO	SYT1_HUMAN	1	1491	Reactome Curated	21067998
P19321	P21579	Clostridium botulinum	BXD_CLOBO	SYT1_HUMAN	1	1491	Reactome Curated	21067998
P30996	P21579	Clostridium botulinum	BXF_CLOBO	SYT1_HUMAN	1	1491	Reactome Curated	21067998
Q00496	P21579	Clostridium botulinum	BXE_CLOBO	SYT1_HUMAN	1	1491	Reactome Curated	21067998
Q60393	P21579	Clostridium botulinum	BXG_CLOBO	SYT1_HUMAN	1	1491	Reactome Curated	21067998
P10844	P23763	Clostridium botulinum	BXB_CLOBO	VAMP1_HUMAN	1	1491	Reactome Curated	21067998
P10845	P23763	Clostridium botulinum	BXA1_CLOBO	VAMP1_HUMAN	1	1491	Reactome Curated	21067998
P18640	P23763	Clostridium botulinum	BXC1_CLOBO	VAMP1_HUMAN	1	1491	Reactome Curated	21067998
P19321	P23763	Clostridium botulinum	BXD_CLOBO	VAMP1_HUMAN	1	1491	Reactome Curated	21067998
P30996	P23763	Clostridium botulinum	BXF_CLOBO	VAMP1_HUMAN	1	1491	Reactome Curated	21067998
Q00496	P23763	Clostridium botulinum	BXE_CLOBO	VAMP1_HUMAN	1	1491	Reactome Curated	21067998
Q60393	P23763	Clostridium botulinum	BXG_CLOBO	VAMP1_HUMAN	1	1491	Reactome Curated	21067998
P10844	P60880	Clostridium botulinum	BXB_CLOBO	SNP25_HUMAN	1	1491	Reactome Curated	21067998
P10845	P60880	Clostridium botulinum	BXA1_CLOBO	SNP25_HUMAN	1	1491	Reactome Curated	21067998
P18640	P60880	Clostridium botulinum	BXC1_CLOBO	SNP25_HUMAN	1	1491	Reactome Curated	21067998
P19321	P60880	Clostridium botulinum	BXD_CLOBO	SNP25_HUMAN	1	1491	Reactome Curated	21067998
P30996	P60880	Clostridium botulinum	BXF_CLOBO	SNP25_HUMAN	1	1491	Reactome Curated	21067998
Q60393	P60880	Clostridium botulinum	BXG_CLOBO	SNP25_HUMAN	1	1491	Reactome Curated	21067998
P10844	P63027	Clostridium botulinum	BXB_CLOBO	VAMP2_HUMAN	1	1491	Reactome Curated	21067998
P10845	P63027	Clostridium botulinum	BXA1_CLOBO	VAMP2_HUMAN	1	1491	Reactome Curated	21067998
P18640	P63027	Clostridium botulinum	BXC1_CLOBO	VAMP2_HUMAN	1	1491	Reactome Curated	21067998
P19321	P63027	Clostridium botulinum	BXD_CLOBO	VAMP2_HUMAN	1	1491	Reactome Curated	21067998
P30996	P63027	Clostridium botulinum	BXF_CLOBO	VAMP2_HUMAN	1	1491	Reactome Curated	21067998
Q00496	P63027	Clostridium botulinum	BXE_CLOBO	VAMP2_HUMAN	1	1491	Reactome Curated	21067998
Q60393	P63027	Clostridium botulinum	BXG_CLOBO	VAMP2_HUMAN	1	1491	Reactome Curated	21067998
P10844	Q16623	Clostridium botulinum	BXB_CLOBO	STX1A_HUMAN	1	1491	Reactome Curated	21067998
P10845	Q16623	Clostridium botulinum	BXA1_CLOBO	STX1A_HUMAN	1	1491	Reactome Curated	21067998
P18640	Q16623	Clostridium botulinum	BXC1_CLOBO	STX1A_HUMAN	1	1491	Reactome Curated	21067998
P19321	Q16623	Clostridium botulinum	BXD_CLOBO	STX1A_HUMAN	1	1491	Reactome Curated	21067998
P30996	Q16623	Clostridium botulinum	BXF_CLOBO	STX1A_HUMAN	1	1491	Reactome Curated	21067998
Q00496	Q16623	Clostridium botulinum	BXE_CLOBO	STX1A_HUMAN	1	1491	Reactome Curated	21067998
Q60393	Q16623	Clostridium botulinum	BXG_CLOBO	STX1A_HUMAN	1	1491	Reactome Curated	21067998
P10844	Q8N9I0	Clostridium botulinum	BXB_CLOBO	SYT2_HUMAN	1	1491	Reactome Curated	21067998
P10845	Q8N9I0	Clostridium botulinum	BXA1_CLOBO	SYT2_HUMAN	1	1491	Reactome Curated	21067998
P18640	Q8N9I0	Clostridium botulinum	BXC1_CLOBO	SYT2_HUMAN	1	1491	Reactome Curated	21067998
P19321	Q8N9I0	Clostridium botulinum	BXD_CLOBO	SYT2_HUMAN	1	1491	Reactome Curated	21067998
P30996	Q8N9I0	Clostridium botulinum	BXF_CLOBO	SYT2_HUMAN	1	1491	Reactome Curated	21067998
Q00496	Q8N9I0	Clostridium botulinum	BXE_CLOBO	SYT2_HUMAN	1	1491	Reactome Curated	21067998
Q60393	Q8N9I0	Clostridium botulinum	BXG_CLOBO	SYT2_HUMAN	1	1491	Reactome Curated	21067998
Q00496	P62987	Clostridium botulinum	BXE_CLOBO	RL40_HUMAN	1	1491	anti tag coimmunoprecipitation	20823219
P10845	P62987	Clostridium botulinum	BXA1_CLOBO	RL40_HUMAN	1	1491	anti tag coimmunoprecipitation	20823219
P10845	Q496J9	Clostridium botulinum	BXA1_CLOBO	SV2C_HUMAN	3	1491	classical fluorescence spectroscopy;pull down;x-ray crystallography	24240280
Q46342	P63000	Clostridium sordellii	Q46342_CLOSO	RAC1_HUMAN	1	1505	enzymatic study	19744486
Q46342	P01112	Clostridium sordellii	Q46342_CLOSO	RASH_HUMAN	1	1505	enzymatic study	19744486
Q46342	P01116	Clostridium sordellii	Q46342_CLOSO	RASK_HUMAN	1	1505	enzymatic study	19744486
Q46342	P01111	Clostridium sordellii	Q46342_CLOSO	RASN_HUMAN	1	1505	enzymatic study	19744486
Q46342	A4D2P1	Clostridium sordellii	Q46342_CLOSO	A4D2P1_HUMAN	1	1505	enzymatic study	19744486
P06996	P02788	Escherichia coli K-12	OMPC_ECOLI	TRFL_HUMAN	1	83333	coimmunoprecipitation	8132330
P02931	P02788	Escherichia coli K-12	OMPF_ECOLI	TRFL_HUMAN	1	83333	coimmunoprecipitation	8132330
P23827	P03951	Escherichia coli K-12	ECOT_ECOLI	FA11_HUMAN	1	83333	x-ray crystallography	15545266
P23827	P00742	Escherichia coli K-12	ECOT_ECOLI	FA10_HUMAN	1	83333	x-ray crystallography	14579355
P0A6F5	Q16762	Escherichia coli K-12	CH60_ECOLI	THTR_HUMAN	3	83333	cross-linking study;fluorescence technology;molecular sieving	20959808
P0A6F9	Q16762	Escherichia coli K-12	CH10_ECOLI	THTR_HUMAN	2	83333	fluorescence technology;molecular sieving	20959808
P0A6Y8	P04637	Escherichia coli K-12	DNAK_ECOLI	P53_HUMAN	1	83333	affinity chromatography technology	20153329
P0AD57	Q86YH6	Escherichia coli K-12	ISPB_ECOLI	DLP1_HUMAN	1	83333	blue native page	20051244
P0A6B7	P16070	Escherichia coli K-12	ISCS_ECOLI	CD44_HUMAN	1	83333	two hybrid	11983079
P0AA25	P24941	Escherichia coli K-12	THIO_ECOLI	CDK2_HUMAN	1	83333	two hybrid	8606778
P0AA25	O15151	Escherichia coli K-12	THIO_ECOLI	MDM4_HUMAN	1	83333	anti tag coimmunoprecipitation	17875722
P0AA25	Q00987	Escherichia coli K-12	THIO_ECOLI	MDM2_HUMAN	1	83333	anti tag coimmunoprecipitation	17875722
P04949	O43187	Escherichia coli K-12	FLIC_ECOLI	IRAK2_HUMAN	1	83333	Reactome Curated	21067998
P04949	O60602	Escherichia coli K-12	FLIC_ECOLI	TLR5_HUMAN	1	83333	Reactome Curated	21067998
P04949	P51617	Escherichia coli K-12	FLIC_ECOLI	IRAK1_HUMAN	1	83333	Reactome Curated	21067998
P04949	Q13233	Escherichia coli K-12	FLIC_ECOLI	M3K1_HUMAN	1	83333	Reactome Curated	21067998
P04949	Q99836	Escherichia coli K-12	FLIC_ECOLI	MYD88_HUMAN	1	83333	Reactome Curated	21067998
P04949	Q9BXR5	Escherichia coli K-12	FLIC_ECOLI	TLR10_HUMAN	1	83333	Reactome Curated	21067998
P04949	Q9NWZ3	Escherichia coli K-12	FLIC_ECOLI	IRAK4_HUMAN	1	83333	Reactome Curated	21067998
P04949	Q9Y4K3	Escherichia coli K-12	FLIC_ECOLI	TRAF6_HUMAN	1	83333	Reactome Curated	21067998
Q47013	P0CG47	Escherichia coli K-12	ELAD_ECOLI	UBB_HUMAN	1	83333	pull down	17440617
P0A6F5	P05067	Escherichia coli K-12	CH60_ECOLI	A4_HUMAN	1	83333	nuclear magnetic resonance	23603391
Q47013	Q15843	Escherichia coli K-12	ELAD_ECOLI	NEDD8_HUMAN	1	83333	pull down	17440617
P00634	Q5S007	Escherichia coli K-12	PPB_ECOLI	LRRK2_HUMAN	1	83333	Other Methods	23937259
P08191	O00322	Escherichia coli K-12	FIMH_ECOLI	UPK1A_HUMAN	2	83333	experimental interaction detection;solid phase assay	28228557
P0A6Y8	Q30134	Escherichia coli K-12	DNAK_ECOLI	2B18_HUMAN	1	83333	solid phase assay	17357109
P0A6Y8	Q9TQE0	Escherichia coli K-12	DNAK_ECOLI	2B19_HUMAN	1	83333	solid phase assay	17357109
P0A6Y8	P13760	Escherichia coli K-12	DNAK_ECOLI	2B14_HUMAN	1	83333	solid phase assay	17357109
P0A6Y8	P04229	Escherichia coli K-12	DNAK_ECOLI	2B11_HUMAN	1	83333	solid phase assay	17357109
P0A6Y8	P04233	Escherichia coli K-12	DNAK_ECOLI	HG2A_HUMAN	1	83333	solid phase assay	17357109
Q5WMC9	P16333	Escherichia coli	Q5WMC9_ECOLX	NCK1_HUMAN	4	562	experimental interaction detection;fluorescence polarization spectroscopy;imaging technique;pull down	11533668
P71213	P01009	Escherichia coli	P71213_ECOLX	A1AT_HUMAN	1	562	pull down	15271889
Q9R8E4	P60953	Escherichia coli	Q9R8E4_ECOLX	CDC42_HUMAN	2	562	pull down;x-ray crystallography	19620963
P71213	E9KL23	Escherichia coli	P71213_ECOLX	E9KL23_HUMAN	1	562	pull down	15271889
Q57254	P08174	Escherichia coli	AFAE3_ECOLX	DAF_HUMAN	2	562	surface plasmon resonance;unspecified method	15327779
P77067	P19338	Escherichia coli	P77067_ECOLX	NUCL_HUMAN	2	562	enzyme linked immunosorbent assay;imaging technique	15173179
O52302	P07900	Escherichia coli	O52302_ECOLX	HS90A_HUMAN	1	562	anti tag coimmunoprecipitation	20374249
O52302	P08238	Escherichia coli	O52302_ECOLX	HS90B_HUMAN	1	562	anti tag coimmunoprecipitation	20374249
O52302	P08195	Escherichia coli	O52302_ECOLX	4F2_HUMAN	4	562	anti tag coimmunoprecipitation;confocal microscopy;experimental interaction detection;two hybrid	20374249
O52302	P62979	Escherichia coli	O52302_ECOLX	RS27A_HUMAN	1	562	anti tag coimmunoprecipitation	20374249
O52302	P08962	Escherichia coli	O52302_ECOLX	CD63_HUMAN	1	562	two hybrid	20374249
O52302	P40967	Escherichia coli	O52302_ECOLX	PMEL_HUMAN	2	562	experimental interaction detection;two hybrid	20374249
O52302	Q96DB9	Escherichia coli	O52302_ECOLX	FXYD5_HUMAN	2	562	experimental interaction detection;two hybrid	20374249
O52302	P58340	Escherichia coli	O52302_ECOLX	MLF1_HUMAN	1	562	two hybrid	20374249
O52302	Q01151	Escherichia coli	O52302_ECOLX	CD83_HUMAN	2	562	experimental interaction detection;two hybrid	20374249
O52302	P14209	Escherichia coli	O52302_ECOLX	CD99_HUMAN	2	562	experimental interaction detection;two hybrid	20374249
O52302	Q15365	Escherichia coli	O52302_ECOLX	PCBP1_HUMAN	2	562	experimental interaction detection;two hybrid	20374249
O52302	Q7Z692	Escherichia coli	O52302_ECOLX	CEA19_HUMAN	2	562	experimental interaction detection;two hybrid	20374249
Q57254	P06731	Escherichia coli	AFAE3_ECOLX	CEAM5_HUMAN	1	562	nuclear magnetic resonance	18086185
B7UM88	Q9Y5X1	Escherichia coli O127:H6 STRAIN E2348 / 69	B7UM88_ECO27	SNX9_HUMAN	3	574521	anti bait coimmunoprecipitation;far western blotting;two hybrid	16585770
B7UNX4	Q04206	Escherichia coli O127:H6 STRAIN E2348 / 69	B7UNX4_ECO27	TF65_HUMAN	1	574521	protease assay	21113130
B7UM99	Q14247	Escherichia coli O127:H6 STRAIN E2348 / 69	TIR_ECO27	SRC8_HUMAN	1	574521	pull down	19419567
B7UM99	P16333	Escherichia coli O127:H6 STRAIN E2348 / 69	TIR_ECO27	NCK1_HUMAN	3	574521	affinity chromatography technology;experimental interaction detection;imaging technique	11533668
B7UM99	Q9UQB8	Escherichia coli O127:H6 STRAIN E2348 / 69	TIR_ECO27	BAIP2_HUMAN	3	574521	isothermal titration calorimetry;pull down;two hybrid	21893288;25519916
B7UM99	P37235	Escherichia coli O127:H6 STRAIN E2348 / 69	TIR_ECO27	HPCL1_HUMAN	1	574521	two hybrid	25519916
B7UM99	Q9UHR4	Escherichia coli O127:H6 STRAIN E2348 / 69	TIR_ECO27	BI2L1_HUMAN	1	574521	two hybrid	25519916
B7UM99	P61601	Escherichia coli O127:H6 STRAIN E2348 / 69	TIR_ECO27	NCALD_HUMAN	1	574521	two hybrid	25519916
B7UM99	O75716	Escherichia coli O127:H6 STRAIN E2348 / 69	TIR_ECO27	STK16_HUMAN	1	574521	two hybrid	25519916
B7UM99	P29350	Escherichia coli O127:H6 STRAIN E2348 / 69	TIR_ECO27	PTN6_HUMAN	3	574521	anti tag coimmunoprecipitation;confocal microscopy;pull down	23001144
B7UM99	B2RB70	Escherichia coli O127:H6 STRAIN E2348 / 69	TIR_ECO27	B2RB70_HUMAN	1	574521	two hybrid	25519916
P62616	Q8TEQ6	Escherichia coli O157:H7	ISPE_ECO57	GEMI5_HUMAN	1	83334	pull down	11714716
Q7DB74	Q92888	Escherichia coli O157:H7	Q7DB74_ECO57	ARHG1_HUMAN	3	83334	anti tag coimmunoprecipitation;fluorescence microscopy;pull down	20300064
Q7DB74	O15085	Escherichia coli O157:H7	Q7DB74_ECO57	ARHGB_HUMAN	2	83334	anti tag coimmunoprecipitation;pull down	20300064
Q7DB74	Q9NZN5	Escherichia coli O157:H7	Q7DB74_ECO57	ARHGC_HUMAN	1	83334	pull down	20300064
P0AEY0	P37288	Escherichia coli O157:H7	MALE_ECO57	V1AR_HUMAN	1	83334	x-ray crystallography	16511036
P43261	P19338	Escherichia coli O157:H7	EAE_ECO57	NUCL_HUMAN	1	83334	Other Methods	15173179
Q7DB50	P62330	Escherichia coli O157:H7	Q7DB50_ECO57	ARF6_HUMAN	1	83334	x-ray crystallography	22939626
Q7DB50	P62820	Escherichia coli O157:H7	Q7DB50_ECO57	RAB1A_HUMAN	1	83334	x-ray crystallography	22939626
Q8X834	Q05D32	Escherichia coli O157:H7	Q8X834_ECO57	CTSL2_HUMAN	1	83334	two hybrid	25519916
Q7DB77	P37235	Escherichia coli O157:H7	TIR_ECO57	HPCL1_HUMAN	2	83334	luminescence based mammalian interactome mapping;two hybrid	25519916
Q8XAJ5	A2A2Y4	Escherichia coli O157:H7	Q8XAJ5_ECO57	FRMD3_HUMAN	1	83334	two hybrid	25519916
Q8XAJ5	P56555	Escherichia coli O157:H7	Q8XAJ5_ECO57	DSCR4_HUMAN	1	83334	two hybrid	25519916
Q8XBX8	P55039	Escherichia coli O157:H7	Q8XBX8_ECO57	DRG2_HUMAN	1	83334	two hybrid	25519916
Q8XA11	O43257	Escherichia coli O157:H7	Q8XA11_ECO57	ZNHI1_HUMAN	1	83334	two hybrid	25519916
Q8X834	Q9Y4M8	Escherichia coli O157:H7	Q8X834_ECO57	CH071_HUMAN	1	83334	two hybrid	25519916
Q8XA11	Q6Y2X3	Escherichia coli O157:H7	Q8XA11_ECO57	DJC14_HUMAN	1	83334	two hybrid	25519916
Q8XC86	Q9BYM8	Escherichia coli O157:H7	Q8XC86_ECO57	HOIL1_HUMAN	1	83334	two hybrid	25519916
Q7DB77	O43924	Escherichia coli O157:H7	TIR_ECO57	PDE6D_HUMAN	2	83334	luminescence based mammalian interactome mapping;two hybrid	25519916
P0DJ88	Q68DY1	Escherichia coli O157:H7	ESFU2_ECO57	ZN626_HUMAN	1	83334	two hybrid	25519916
Q7DB77	Q9UQB8	Escherichia coli O157:H7	TIR_ECO57	BAIP2_HUMAN	5	83334	isothermal titration calorimetry;luminescence based mammalian interactome mapping;pull down;two hybrid;x-ray crystallography	21893288;25519916
Q8XAL7	P05204	Escherichia coli O157:H7	NLEF_ECO57	HMGN2_HUMAN	1	83334	two hybrid	25519916
Q8XBX8	Q8N456	Escherichia coli O157:H7	Q8XBX8_ECO57	LRC18_HUMAN	1	83334	two hybrid	25519916
Q8XAJ5	P01210	Escherichia coli O157:H7	Q8XAJ5_ECO57	PENK_HUMAN	1	83334	two hybrid	25519916
Q7DB76	Q8TCX5	Escherichia coli O157:H7	Q7DB76_ECO57	RHPN1_HUMAN	1	83334	two hybrid	25519916
Q8XAJ5	Q93096	Escherichia coli O157:H7	Q8XAJ5_ECO57	TP4A1_HUMAN	1	83334	two hybrid	25519916
Q8XA11	Q9NWS0	Escherichia coli O157:H7	Q8XA11_ECO57	PIHD1_HUMAN	1	83334	two hybrid	25519916
Q7DB76	Q15599	Escherichia coli O157:H7	Q7DB76_ECO57	NHRF2_HUMAN	3	83334	experimental interaction detection;pull down;two hybrid	25519916;27018634
Q8XA11	P20807	Escherichia coli O157:H7	Q8XA11_ECO57	CAN3_HUMAN	1	83334	two hybrid	25519916
Q8XA11	Q5JVF3	Escherichia coli O157:H7	Q8XA11_ECO57	PCID2_HUMAN	1	83334	two hybrid	25519916
Q8XC86	O75716	Escherichia coli O157:H7	Q8XC86_ECO57	STK16_HUMAN	1	83334	two hybrid	25519916
Q7DB85	Q8WV41	Escherichia coli O157:H7	Q7DB85_ECO57	SNX33_HUMAN	1	83334	two hybrid	25519916
Q7DB77	O75716	Escherichia coli O157:H7	TIR_ECO57	STK16_HUMAN	2	83334	luminescence based mammalian interactome mapping;two hybrid	25519916
Q7DB77	Q9UM19	Escherichia coli O157:H7	TIR_ECO57	HPCL4_HUMAN	2	83334	luminescence based mammalian interactome mapping;two hybrid	25519916
Q8XAL6	Q9Y3C8	Escherichia coli O157:H7	Q8XAL6_ECO57	UFC1_HUMAN	1	83334	two hybrid	25519916
Q7DB77	P61601	Escherichia coli O157:H7	TIR_ECO57	NCALD_HUMAN	2	83334	luminescence based mammalian interactome mapping;two hybrid	25519916
Q8XAL7	Q96Q11	Escherichia coli O157:H7	NLEF_ECO57	TRNT1_HUMAN	1	83334	two hybrid	25519916
Q8XAL7	P55211	Escherichia coli O157:H7	NLEF_ECO57	CASP9_HUMAN	1	83334	two hybrid	25519916
Q8XAL7	O43414	Escherichia coli O157:H7	NLEF_ECO57	ERI3_HUMAN	1	83334	two hybrid	25519916
Q8XA11	P49759	Escherichia coli O157:H7	Q8XA11_ECO57	CLK1_HUMAN	1	83334	two hybrid	25519916
Q8XA11	Q96HQ2	Escherichia coli O157:H7	Q8XA11_ECO57	C2AIL_HUMAN	1	83334	two hybrid	25519916
Q8XB62	Q9NPQ8	Escherichia coli O157:H7	Q8XB62_ECO57	RIC8A_HUMAN	1	83334	two hybrid	25519916
Q8XB62	Q9H3R5	Escherichia coli O157:H7	Q8XB62_ECO57	CENPH_HUMAN	1	83334	two hybrid	25519916
Q7DB50	Q13287	Escherichia coli O157:H7	Q7DB50_ECO57	NMI_HUMAN	1	83334	two hybrid	25519916
Q7DB85	Q9Y5X1	Escherichia coli O157:H7	Q7DB85_ECO57	SNX9_HUMAN	1	83334	two hybrid	25519916
Q8XA11	P62191	Escherichia coli O157:H7	Q8XA11_ECO57	PRS4_HUMAN	1	83334	two hybrid	25519916
Q8XAL7	P61968	Escherichia coli O157:H7	NLEF_ECO57	LMO4_HUMAN	1	83334	two hybrid	25519916
Q8XAL7	P00374	Escherichia coli O157:H7	NLEF_ECO57	DYR_HUMAN	1	83334	two hybrid	25519916
Q7DB77	Q9UHR4	Escherichia coli O157:H7	TIR_ECO57	BI2L1_HUMAN	2	83334	luminescence based mammalian interactome mapping;two hybrid	25519916
Q7DB77	P49407	Escherichia coli O157:H7	TIR_ECO57	ARRB1_HUMAN	2	83334	luminescence based mammalian interactome mapping;two hybrid	25519916
Q8XB62	Q8IY31	Escherichia coli O157:H7	Q8XB62_ECO57	IFT20_HUMAN	1	83334	two hybrid	25519916
Q7DB85	Q9UI95	Escherichia coli O157:H7	Q7DB85_ECO57	MD2L2_HUMAN	1	83334	two hybrid	25519916
Q8XBX8	P19388	Escherichia coli O157:H7	Q8XBX8_ECO57	RPAB1_HUMAN	1	83334	two hybrid	25519916
A0A0H3JGR6	Q96IZ6	Escherichia coli O157:H7	A0A0H3JGR6_ECO57	MET2A_HUMAN	1	83334	two hybrid	25519916
A0A0H3JFN8	Q9UK73	Escherichia coli O157:H7	A0A0H3JFN8_ECO57	FEM1B_HUMAN	1	83334	two hybrid	25519916
Q8XB62	Q96HT8	Escherichia coli O157:H7	Q8XB62_ECO57	MR1L1_HUMAN	1	83334	two hybrid	25519916
Q8XB62	Q8TEB1	Escherichia coli O157:H7	Q8XB62_ECO57	DCA11_HUMAN	2	83334	experimental interaction detection;pull down	27018634
A0A0H3JP21	Q14244	Escherichia coli O157:H7	A0A0H3JP21_ECO57	MAP7_HUMAN	4	83334	anti tag coimmunoprecipitation;coimmunoprecipitation;experimental interaction detection;pull down	27018634
Q8XAJ5	Q12959	Escherichia coli O157:H7	Q8XAJ5_ECO57	DLG1_HUMAN	1	83334	pull down	27018634
Q8XAJ5	O95487	Escherichia coli O157:H7	Q8XAJ5_ECO57	SC24B_HUMAN	1	83334	pull down	27018634
Q8XAJ5	Q15436	Escherichia coli O157:H7	Q8XAJ5_ECO57	SC23A_HUMAN	1	83334	pull down	27018634
Q8X834	Q09472	Escherichia coli O157:H7	Q8X834_ECO57	EP300_HUMAN	2	83334	experimental interaction detection;pull down	27018634
Q8XBX8	Q14244	Escherichia coli O157:H7	Q8XBX8_ECO57	MAP7_HUMAN	4	83334	anti tag coimmunoprecipitation;coimmunoprecipitation;experimental interaction detection;pull down	27018634
A0A0H3JP21	P26641	Escherichia coli O157:H7	A0A0H3JP21_ECO57	EF1G_HUMAN	1	83334	coimmunoprecipitation	27018634
Q7DB68	O60830	Escherichia coli O157:H7	Q7DB68_ECO57	TI17B_HUMAN	1	83334	anti tag coimmunoprecipitation	21947777
Q7DB77	B2RB70	Escherichia coli O157:H7	TIR_ECO57	B2RB70_HUMAN	2	83334	luminescence based mammalian interactome mapping;two hybrid	25519916
Q7DB77	P29350	Escherichia coli O157:H7	TIR_ECO57	PTN6_HUMAN	1	83334	anti tag coimmunoprecipitation	23001144
P0DJ88	Q9UHR4	Escherichia coli O157:H7	ESFU2_ECO57	BI2L1_HUMAN	6	83334	isothermal titration calorimetry;nuclear magnetic resonance;peptide array;two hybrid	21098279;22921828
P0DJ88	O00401	Escherichia coli O157:H7	ESFU2_ECO57	WASL_HUMAN	2	83334	isothermal titration calorimetry	18650809;22921828
Q8XAL7	B0YJ76	Escherichia coli O157:H7	NLEF_ECO57	B0YJ76_HUMAN	1	83334	two hybrid	25519916
P00779	P00747	Streptococcus dysgalactiae SUBSPECIES EQUISSIMILIS	STRP_STREQ	PLMN_HUMAN	1	119602	x-ray crystallography	12456874
Q53284	P00747	Streptococcus dysgalactiae SUBSPECIES EQUISSIMILIS	Q53284_STREQ	PLMN_HUMAN	1	119602	Other Methods	12456874
Q9LCB8	P13987	Streptococcus intermedius	Q9LCB8_STRIT	CD59_HUMAN	2	1338	experimental interaction detection;far western blotting	15543155
Q6V4L5	P00747	Streptococcus pyogenes	Q6V4L5_STRPY	PLMN_HUMAN	2	1314	competition binding;filter binding	16319056
Q6V4L9	P00747	Streptococcus pyogenes	Q6V4L9_STRPY	PLMN_HUMAN	2	1314	competition binding;filter binding	16319056
Q6V4L4	P00747	Streptococcus pyogenes	Q6V4L4_STRPY	PLMN_HUMAN	2	1314	competition binding;filter binding	16319056
Q6V4L1	P00747	Streptococcus pyogenes	Q6V4L1_STRPY	PLMN_HUMAN	2	1314	competition binding;filter binding	16319056
P13050	P04003	Streptococcus pyogenes	ARP4_STRPY	C4BPA_HUMAN	3	1314	isothermal titration calorimetry;nuclear magnetic resonance;saturation binding	16330538
Q6V4K9	P00747	Streptococcus pyogenes	Q6V4K9_STRPY	PLMN_HUMAN	1	1314	competition binding	16319056
Q76MJ3	P01850	Streptococcus pyogenes	Q76MJ3_STRPY	TRBC1_HUMAN	1	1314	cross-linking study*	12015151
Q5YB85	P02452	Streptococcus GROUP G	Q5YB85_STRSG	CO1A1_HUMAN	1	1320	filter binding	16278217
Q5YB85	P08123	Streptococcus GROUP G	Q5YB85_STRSG	CO1A2_HUMAN	1	1320	filter binding	16278217
P19909	P01857	Streptococcus GROUP G	SPG2_STRSG	IGHG1_HUMAN	1	1320	x-ray crystallography	7788293
Q846V4	P00734	Staphylococcus aureus	Q846V4_STAAU	THRB_HUMAN	6	1280	affinity chromatography technology;classical fluorescence spectroscopy;comigration in non denaturing gel electrophoresis;competition binding;enzymatic study;x-ray crystallography	14523451;16230339;16230340
P0A0I7	P00533	Staphylococcus aureus	AGRA_STAAU	EGFR_HUMAN	2	1280	anti bait coimmunoprecipitation;imaging technique	17255933
P06886	Q8WLQ7	Staphylococcus aureus	TSST_STAAU	Q8WLQ7_HUMAN	1	1280	surface plasmon resonance	17268555
P38507	P01857	Staphylococcus aureus	SPA_STAAU	IGHG1_HUMAN	2	1280	two hybrid;x-ray crystallography	20214683;7236608
P06886	P01733	Staphylococcus aureus	TSST_STAAU	TVB1_HUMAN	1	1280	x-ray crystallography	17268555
D3JIB2	P01024	Staphylococcus aureus	D3JIB2_STAAU	CO3_HUMAN	1	1280	surface plasmon resonance	21217642
D3JIB2	P01031	Staphylococcus aureus	D3JIB2_STAAU	CO5_HUMAN	2	1280	surface plasmon resonance;x-ray crystallography	21217642
Q53682	P02751	Staphylococcus aureus	Q53682_STAAU	FINC_HUMAN	5	1280	enzyme linked immunosorbent assay;filter binding;surface plasmon resonance	20875085;21569203
Q6VAM8	D7RIH8	Staphylococcus aureus	Q6VAM8_STAAU	D7RIH8_HUMAN	1	1280	x-ray crystallography	11432818
Q6XZE9	P01903	Staphylococcus aureus	Q6XZE9_STAAU	DRA_HUMAN	3	1280	cross-linking study*;x-ray crystallography*;x-ray fiber diffraction*	12467569
Q6XZE6	P01903	Staphylococcus aureus	Q6XZE6_STAAU	DRA_HUMAN	1	1280	phage display*	10841792
P0C1U8	P04275	Staphylococcus aureus	SSPA_STAAU	VWF_HUMAN	1	1280	protease assay	25512528
P06886	P42081	Staphylococcus aureus	TSST_STAAU	CD86_HUMAN	1	1280	surface plasmon resonance	27708164
P14738	P02751	Staphylococcus aureus SUBSPECIES AUREUS / STRAIN NCTC 8325	FNBA_STAA8	FINC_HUMAN	4	93061	enzyme linked immunosorbent assay;filter binding;surface plasmon resonance;x-ray crystallography	18713862;20875085
P02976	P02741	Staphylococcus aureus SUBSPECIES AUREUS / STRAIN NCTC 8325	SPA_STAA8	CRP_HUMAN	1	93061	enzyme linked immunosorbent assay	15474020
P02976	P19438	Staphylococcus aureus SUBSPECIES AUREUS / STRAIN NCTC 8325	SPA_STAA8	TNR1A_HUMAN	3	93061	affinity chromatography technology;coimmunoprecipitation;unspecified method	15247912
Q2FZB8	P07996	Staphylococcus aureus SUBSPECIES AUREUS / STRAIN NCTC 8325	Q2FZB8_STAA8	TSP1_HUMAN	2	93061	experimental interaction detection;pull down	26627825
Q2FZB8	P02751	Staphylococcus aureus SUBSPECIES AUREUS / STRAIN NCTC 8325	Q2FZB8_STAA8	FINC_HUMAN	2	93061	experimental interaction detection;pull down	26627825
Q2FZB8	Q13201	Staphylococcus aureus SUBSPECIES AUREUS / STRAIN NCTC 8325	Q2FZB8_STAA8	MMRN1_HUMAN	2	93061	experimental interaction detection;pull down	26627825
Q2FZB8	Q9Y6C2	Staphylococcus aureus SUBSPECIES AUREUS / STRAIN NCTC 8325	Q2FZB8_STAA8	EMIL1_HUMAN	2	93061	experimental interaction detection;pull down	26627825
Q2FZB8	Q70J99	Staphylococcus aureus SUBSPECIES AUREUS / STRAIN NCTC 8325	Q2FZB8_STAA8	UN13D_HUMAN	2	93061	experimental interaction detection;pull down	26627825
Q2FZB8	P16109	Staphylococcus aureus SUBSPECIES AUREUS / STRAIN NCTC 8325	Q2FZB8_STAA8	LYAM3_HUMAN	2	93061	experimental interaction detection;pull down	26627825
Q2FZB8	P02679	Staphylococcus aureus SUBSPECIES AUREUS / STRAIN NCTC 8325	Q2FZB8_STAA8	FIBG_HUMAN	2	93061	experimental interaction detection;pull down	26627825
Q2FZB8	P01024	Staphylococcus aureus SUBSPECIES AUREUS / STRAIN NCTC 8325	Q2FZB8_STAA8	CO3_HUMAN	2	93061	experimental interaction detection;pull down	26627825
Q2FZB8	P00747	Staphylococcus aureus SUBSPECIES AUREUS / STRAIN NCTC 8325	Q2FZB8_STAA8	PLMN_HUMAN	2	93061	experimental interaction detection;pull down	26627825
Q2FZB8	P08514	Staphylococcus aureus SUBSPECIES AUREUS / STRAIN NCTC 8325	Q2FZB8_STAA8	ITA2B_HUMAN	1	93061	pull down	26627825
Q931M7	P00751	Staphylococcus aureus STRAIN Mu50 / ATCC 700699	SCIN_STAAM	CFAB_HUMAN	1	158878	experimental interaction detection	16086019
Q51451	P62258	Pseudomonas aeruginosa	Q51451_PSEAI	1433E_HUMAN	2	287	experimental interaction detection;pull down	12383250
Q51451	P27348	Pseudomonas aeruginosa	Q51451_PSEAI	1433T_HUMAN	2	287	experimental interaction detection;pull down	12383250
Q51451	P63104	Pseudomonas aeruginosa	Q51451_PSEAI	1433Z_HUMAN	2	287	experimental interaction detection;pull down	12383250
Q51451	P61981	Pseudomonas aeruginosa	Q51451_PSEAI	1433G_HUMAN	2	287	experimental interaction detection;pull down	12383250
Q51451	P31947	Pseudomonas aeruginosa	Q51451_PSEAI	1433S_HUMAN	2	287	experimental interaction detection;pull down	12383250
Q51451	P31946	Pseudomonas aeruginosa	Q51451_PSEAI	1433B_HUMAN	3	287	experimental interaction detection;pull down;x-ray crystallography	12383250;17085597
Q51451	Q04917	Pseudomonas aeruginosa	Q51451_PSEAI	1433F_HUMAN	2	287	experimental interaction detection;pull down	12383250
Q51451	P63000	Pseudomonas aeruginosa	Q51451_PSEAI	RAC1_HUMAN	1	287	x-ray crystallography	11135665
Q933J5	P63104	Pseudomonas aeruginosa	Q933J5_PSEAI	1433Z_HUMAN	1	287	x-ray crystallography	17235285
Q51451	A4D2P1	Pseudomonas aeruginosa	Q51451_PSEAI	A4D2P1_HUMAN	1	287	x-ray crystallography	11135665
Q51451	D0PNI1	Pseudomonas aeruginosa	Q51451_PSEAI	D0PNI1_HUMAN	2	287	experimental interaction detection;pull down	12383250
Q933J5	D0PNI1	Pseudomonas aeruginosa	Q933J5_PSEAI	D0PNI1_HUMAN	1	287	x-ray crystallography	17235285
Q93SQ2	A4D2P1	Pseudomonas aeruginosa	Q93SQ2_PSEAI	A4D2P1_HUMAN	2	287	gtpase assay*;x-ray crystallography	11135665
Q93SQ2	P63000	Pseudomonas aeruginosa	Q93SQ2_PSEAI	RAC1_HUMAN	1	287	gtpase assay*	11135665
P18011	Q9UI95	Shigella flexneri	IPAB_SHIFL	MD2L2_HUMAN	4	623	anti tag coimmunoprecipitation;fluorescence microscopy;pull down;two hybrid	17719540
P18012	P35222	Shigella flexneri	IPAC_SHIFL	CTNB1_HUMAN	4	623	coimmunoprecipitation;imaging technique;pull down;two hybrid	12927518
P18011	P16070	Shigella flexneri	IPAB_SHIFL	CD44_HUMAN	4	623	coimmunoprecipitation;enzyme linked immunosorbent assay;filter binding;pull down	11207560
Q7BCK4	O00401	Shigella flexneri	ICSA_SHIFL	WASL_HUMAN	2	623	coimmunoprecipitation;filter binding	9582270
Q6XVZ2	P18206	Shigella flexneri	Q6XVZ2_SHIFL	VINC_HUMAN	4	623	filter binding;fluorescence technology;molecular sieving;x-ray crystallography	16826238;17289036
Q8VSC3	P62837	Shigella flexneri	IPA9_SHIFL	UB2D2_HUMAN	3	623	comigration in sds page;fluorescence polarization spectroscopy;pull down	18997778
P18010	P18206	Shigella flexneri	IPAA_SHIFL	VINC_HUMAN	2	623	solid phase assay;x-ray crystallography	17932491
Q8VSC3	P0CG48	Shigella flexneri	IPA9_SHIFL	UBC_HUMAN	1	623	comigration in sds page	18997778
Q6XVY7	P60953	Shigella flexneri	Q6XVY7_SHIFL	CDC42_HUMAN	1	623	gtpase assay*	19620963
Q6XW05	P60953	Shigella flexneri	Q6XW05_SHIFL	CDC42_HUMAN	1	623	gtpase assay*	19620963
Q6XVY7	P63000	Shigella flexneri	Q6XVY7_SHIFL	RAC1_HUMAN	1	623	gtpase assay*	19620963
Q6XW05	P63000	Shigella flexneri	Q6XW05_SHIFL	RAC1_HUMAN	1	623	gtpase assay*	19620963
Q6XW05	P61586	Shigella flexneri	Q6XW05_SHIFL	RHOA_HUMAN	1	623	gtpase assay*	19620963
Q6XW05	A4D2P1	Shigella flexneri	Q6XW05_SHIFL	A4D2P1_HUMAN	2	623	Other Methods;gtpase assay*	19620963
Q6XVY7	A4D2P1	Shigella flexneri	Q6XVY7_SHIFL	A4D2P1_HUMAN	2	623	Other Methods;gtpase assay*	19620963
P18012	Q96S59	Shigella flexneri	IPAC_SHIFL	RANB9_HUMAN	1	623	two hybrid*	12800254
Q7BU69	P62820	Shigella flexneri	VIRA_SHIFL	RAB1A_HUMAN	1	623	anti tag coimmunoprecipitation	22939626
Q99PZ6	P61077	Shigella flexneri	OSPG_SHIFL	UB2D3_HUMAN	5	623	anti tag coimmunoprecipitation;isothermal titration calorimetry;nuclear magnetic resonance;pull down;x-ray crystallography	24446487
Q99PZ6	P0CG48	Shigella flexneri	OSPG_SHIFL	UBC_HUMAN	3	623	isothermal titration calorimetry;nuclear magnetic resonance;x-ray crystallography	24446487
Q99PZ6	P62837	Shigella flexneri	OSPG_SHIFL	UB2D2_HUMAN	2	623	anti tag coimmunoprecipitation;pull down	24446487
Q99PZ6	Q96LR5	Shigella flexneri	OSPG_SHIFL	UB2E2_HUMAN	1	623	pull down	24446487
Q99PZ6	P68036	Shigella flexneri	OSPG_SHIFL	UB2L3_HUMAN	2	623	anti tag coimmunoprecipitation;pull down	24446487
Q99PZ6	P61086	Shigella flexneri	OSPG_SHIFL	UBE2K_HUMAN	1	623	pull down	24446487
Q99PZ6	O14933	Shigella flexneri	OSPG_SHIFL	UB2L6_HUMAN	2	623	anti tag coimmunoprecipitation;pull down	24446487
Q99PZ6	P61088	Shigella flexneri	OSPG_SHIFL	UBE2N_HUMAN	1	623	pull down	24446487
Q99PZ6	P51668	Shigella flexneri	OSPG_SHIFL	UB2D1_HUMAN	1	623	pull down	24446487
Q99PZ6	Q969T4	Shigella flexneri	OSPG_SHIFL	UB2E3_HUMAN	1	623	pull down	24446487
Q99PZ6	P51965	Shigella flexneri	OSPG_SHIFL	UB2E1_HUMAN	2	623	anti tag coimmunoprecipitation;pull down	24446487
Q99PZ6	P62987	Shigella flexneri	OSPG_SHIFL	RL40_HUMAN	2	623	isothermal titration calorimetry;nuclear magnetic resonance	24856362
Q8VSC3	P62987	Shigella flexneri	IPA9_SHIFL	RL40_HUMAN	1	623	comigration in sds page	18997778
Q8VSC3	Q9Y6K9	Shigella flexneri	IPA9_SHIFL	NEMO_HUMAN	3	623	anti tag coimmunoprecipitation;pull down;two hybrid	20010814
Q8VSC3	Q15025	Shigella flexneri	IPA9_SHIFL	TNIP1_HUMAN	3	623	anti tag coimmunoprecipitation;pull down;two hybrid	20010814
O52623	P60953	Salmonella enterica SUBSPECIES ENTERICA SEROVAR TYPHIMURIUM	SOPE_SALTM	CDC42_HUMAN	3	90371	Other Methods;enzymatic study;x-ray crystallography	12093730
E0D8C2	P28482	Salmonella enterica SUBSPECIES ENTERICA SEROVAR TYPHIMURIUM	E0D8C2_SALTM	MK01_HUMAN	1	90371	phosphatase assay	18084305
Q9EXF9	P14625	Listeria monocytogenes	Q9EXF9_LISMN	ENPL_HUMAN	2	1639	coimmunoprecipitation;far western blotting	16015374
A4GWM6	P12830	Listeria monocytogenes	A4GWM6_LISMN	CADH1_HUMAN	3	1639	isothermal titration calorimetry;x-ray crystallography	12526809;17715295
Q84CF6	P12830	Listeria monocytogenes	Q84CF6_LISMN	CADH1_HUMAN	1	1639	x-ray crystallography	12526809
Q8KTF2	P12830	Listeria monocytogenes	Q8KTF2_LISMN	CADH1_HUMAN	1	1639	Other Methods	12526809
P80200	Q06124	Helicobacter pylori	CGA1_HELPX	PTN11_HUMAN	5	210	anti bait coimmunoprecipitation;anti tag coimmunoprecipitation;coimmunoprecipitation	11743164;12391297;14963045
Q8RNU1	Q9NZQ3	Helicobacter pylori	Q8RNU1_HELPX	SPN90_HUMAN	3	210	coimmunoprecipitation*;imaging technique*;two hybrid*	10619843
Q48898	E9L5Q4	Mycoplasma arthritidis	Q48898_MYCAT	E9L5Q4_HUMAN	1	2111	x-ray crystallography	14962388
Q48898	Q30167	Mycoplasma arthritidis	Q48898_MYCAT	2B1A_HUMAN	1	2111	Other Methods	14962388
P09167	P32004	Aeromonas hydrophila	AERA_AERHY	L1CAM_HUMAN	1	644	filter binding	16424900
P09167	O75326	Aeromonas hydrophila	AERA_AERHY	SEM7A_HUMAN	1	644	filter binding	16424900
Q9F6B4	P07900	Campylobacter jejuni	Q9F6B4_CAMJU	HS90A_HUMAN	2	197	affinity chromatography technology;far western blotting	12614460
Q9F6B4	O75322	Campylobacter jejuni	Q9F6B4_CAMJU	O75322_HUMAN	1	197	pull down*	12614460
Q9F6B4	Q86SX1	Campylobacter jejuni	Q9F6B4_CAMJU	Q86SX1_HUMAN	1	197	pull down*	12614460
P24017	P26022	Klebsiella pneumoniae	OMPA_KLEPN	PTX3_HUMAN	2	573	enzyme linked immunosorbent assay;surface plasmon resonance	15894273
Q5ZSQ3	P62820	Legionella pneumophila SUBSPECIES PNEUMOPHILA STRAIN PHILADEPHIA	DRRA_LEGPH	RAB1A_HUMAN	4	272624	comigration in non denaturing gel electrophoresis;competition binding;isothermal titration calorimetry;x-ray crystallography	19942850
Q5ZUS4	Q13185	Legionella pneumophila SUBSPECIES PNEUMOPHILA STRAIN PHILADEPHIA	Q5ZUS4_LEGPH	CBX3_HUMAN	2	272624	anti bait coimmunoprecipitation;two hybrid	23797873
Q5ZSM7	Q9H0U4	Legionella pneumophila SUBSPECIES PNEUMOPHILA STRAIN PHILADEPHIA	Q5ZSM7_LEGPH	RAB1B_HUMAN	1	272624	x-ray crystallography	23288104
Q5ZUS4	P06748	Legionella pneumophila SUBSPECIES PNEUMOPHILA STRAIN PHILADEPHIA	Q5ZUS4_LEGPH	NPM_HUMAN	1	272624	fluorescence microscopy	23797873
Q5ZUS4	P45973	Legionella pneumophila SUBSPECIES PNEUMOPHILA STRAIN PHILADEPHIA	Q5ZUS4_LEGPH	CBX5_HUMAN	3	272624	anti bait coimmunoprecipitation;pull down;two hybrid	23797873
Q5ZUS4	A4D177	Legionella pneumophila SUBSPECIES PNEUMOPHILA STRAIN PHILADEPHIA	Q5ZUS4_LEGPH	A4D177_HUMAN	2	272624	anti bait coimmunoprecipitation;two hybrid	23797873
Q8GH87	P13688	Moraxella catarrhalis	Q8GH87_MORCA	CEAM1_HUMAN	6	480	cosedimentation in solution;enzyme linked immunosorbent assay;far western blotting;isothermal titration calorimetry;molecular sieving;x ray scattering	18497748
B1PS28	P24390	Vibrio cholerae	B1PS28_VIBCL	ERD21_HUMAN	1	666	fluorescent resonance energy transfer	11703931
Q93FK0	P19338	Citrobacter rodentium	Q93FK0_CITRO	NUCL_HUMAN	2	67825	enzyme linked immunosorbent assay;imaging technique	15173179
Q5NI40	O00560	Francisella tularensis SUBSPECIES TULARENSIS SCHU S4	Q5NI40_FRATT	SDCB1_HUMAN	1	177416	two hybrid pooling approach	20711500
Q5NIH4	Q9UI68	Francisella tularensis SUBSPECIES TULARENSIS SCHU S4	Q5NIH4_FRATT	Q9UI68_HUMAN	1	177416	two hybrid pooling approach	20711500
Q5NFM9	Q96CN9	Francisella tularensis SUBSPECIES TULARENSIS SCHU S4	Q5NFM9_FRATT	GCC1_HUMAN	1	177416	two hybrid pooling approach	20711500
Q5NER4	Q9UBE0	Francisella tularensis SUBSPECIES TULARENSIS SCHU S4	TRUB_FRATT	SAE1_HUMAN	1	177416	two hybrid pooling approach	20711500
Q5NGN4	P17947	Francisella tularensis SUBSPECIES TULARENSIS SCHU S4	Q5NGN4_FRATT	SPI1_HUMAN	1	177416	two hybrid pooling approach	20711500
Q5NGL8	Q9UPN4	Francisella tularensis SUBSPECIES TULARENSIS SCHU S4	SYT_FRATT	CP131_HUMAN	1	177416	two hybrid pooling approach	20711500
Q5NHI8	Q6PKC3	Francisella tularensis SUBSPECIES TULARENSIS SCHU S4	SYR_FRATT	TXD11_HUMAN	1	177416	two hybrid pooling approach	20711500
Q5NHY6	Q7Z7A1	Francisella tularensis SUBSPECIES TULARENSIS SCHU S4	SYE_FRATT	CNTRL_HUMAN	1	177416	two hybrid pooling approach	20711500
Q5NEM8	Q9NQC1	Francisella tularensis SUBSPECIES TULARENSIS SCHU S4	Q5NEM8_FRATT	JADE2_HUMAN	1	177416	two hybrid pooling approach	20711500
Q5NG68	P19447	Francisella tularensis SUBSPECIES TULARENSIS SCHU S4	YQGF_FRATT	ERCC3_HUMAN	1	177416	two hybrid pooling approach	20711500
Q5NGV7	Q9BTE6	Francisella tularensis SUBSPECIES TULARENSIS SCHU S4	KATG_FRATT	AASD1_HUMAN	1	177416	two hybrid pooling approach	20711500
Q5NH37	Q8IUX7	Francisella tularensis SUBSPECIES TULARENSIS SCHU S4	Q5NH37_FRATT	AEBP1_HUMAN	1	177416	two hybrid pooling approach	20711500
Q5NGV8	Q9BZL4	Francisella tularensis SUBSPECIES TULARENSIS SCHU S4	Q5NGV8_FRATT	PP12C_HUMAN	1	177416	two hybrid pooling approach	20711500
Q5NID1	Q8WXW3	Francisella tularensis SUBSPECIES TULARENSIS SCHU S4	RPOC_FRATT	PIBF1_HUMAN	1	177416	two hybrid pooling approach	20711500
Q5NI89	Q6PKC3	Francisella tularensis SUBSPECIES TULARENSIS SCHU S4	Q5NI89_FRATT	TXD11_HUMAN	1	177416	two hybrid pooling approach	20711500
Q5NGE6	Q9NQZ2	Francisella tularensis SUBSPECIES TULARENSIS SCHU S4	Q5NGE6_FRATT	SAS10_HUMAN	1	177416	two hybrid pooling approach	20711500
Q5NGR3	Q7Z2F6	Francisella tularensis SUBSPECIES TULARENSIS SCHU S4	SECA_FRATT	ZN720_HUMAN	1	177416	two hybrid pooling approach	20711500
Q5NID2	Q96RU2	Francisella tularensis SUBSPECIES TULARENSIS SCHU S4	RPOB_FRATT	UBP28_HUMAN	1	177416	two hybrid pooling approach	20711500
Q5NGE6	O60318	Francisella tularensis SUBSPECIES TULARENSIS SCHU S4	Q5NGE6_FRATT	GANP_HUMAN	1	177416	two hybrid pooling approach	20711500
Q5NFB0	P55199	Francisella tularensis SUBSPECIES TULARENSIS SCHU S4	SYS_FRATT	ELL_HUMAN	1	177416	two hybrid pooling approach	20711500
Q5NG44	P08133	Francisella tularensis SUBSPECIES TULARENSIS SCHU S4	RUVB_FRATT	ANXA6_HUMAN	1	177416	two hybrid pooling approach	20711500
Q5NHX8	P36543	Francisella tularensis SUBSPECIES TULARENSIS SCHU S4	PYRH_FRATT	VATE1_HUMAN	1	177416	two hybrid pooling approach	20711500
Q5NEH4	O75420	Francisella tularensis SUBSPECIES TULARENSIS SCHU S4	Q5NEH4_FRATT	PERQ1_HUMAN	1	177416	two hybrid pooling approach	20711500
Q5NEC0	P55209	Francisella tularensis SUBSPECIES TULARENSIS SCHU S4	Q5NEC0_FRATT	NP1L1_HUMAN	1	177416	two hybrid pooling approach	20711500
Q5NFR9	Q96T58	Francisella tularensis SUBSPECIES TULARENSIS SCHU S4	Q5NFR9_FRATT	MINT_HUMAN	1	177416	two hybrid pooling approach	20711500
Q5NGC7	Q9H204	Francisella tularensis SUBSPECIES TULARENSIS SCHU S4	Q5NGC7_FRATT	MED28_HUMAN	1	177416	two hybrid pooling approach	20711500
Q5NEH1	P17931	Francisella tularensis SUBSPECIES TULARENSIS SCHU S4	Q5NEH1_FRATT	LEG3_HUMAN	1	177416	two hybrid pooling approach	20711500
Q5NI79	Q9UIH9	Francisella tularensis SUBSPECIES TULARENSIS SCHU S4	Q5NI79_FRATT	KLF15_HUMAN	1	177416	two hybrid pooling approach	20711500
Q5NE99	Q9Y2J2	Francisella tularensis SUBSPECIES TULARENSIS SCHU S4	SECB2_FRATT	E41L3_HUMAN	1	177416	two hybrid pooling approach	20711500
Q5NGC7	Q6PJW8	Francisella tularensis SUBSPECIES TULARENSIS SCHU S4	Q5NGC7_FRATT	CNST_HUMAN	1	177416	two hybrid pooling approach	20711500
Q5NH48	Q5W0Q7	Francisella tularensis SUBSPECIES TULARENSIS SCHU S4	TIG_FRATT	USPL1_HUMAN	1	177416	two hybrid pooling approach	20711500
Q5NFA9	Q8NDV7	Francisella tularensis SUBSPECIES TULARENSIS SCHU S4	Q5NFA9_FRATT	TNR6A_HUMAN	1	177416	two hybrid pooling approach	20711500
Q5NI93	P98171	Francisella tularensis SUBSPECIES TULARENSIS SCHU S4	Q5NI93_FRATT	RHG04_HUMAN	1	177416	two hybrid pooling approach	20711500
Q5NGW2	Q6ZQS4	Francisella tularensis SUBSPECIES TULARENSIS SCHU S4	Q5NGW2_FRATT	Q6ZQS4_HUMAN	1	177416	two hybrid pooling approach	20711500
Q5NIE9	Q9UL46	Francisella tularensis SUBSPECIES TULARENSIS SCHU S4	Q5NIE9_FRATT	PSME2_HUMAN	1	177416	two hybrid pooling approach	20711500
Q5NIE3	O43439	Francisella tularensis SUBSPECIES TULARENSIS SCHU S4	Q5NIE3_FRATT	MTG8R_HUMAN	1	177416	two hybrid pooling approach	20711500
Q5NFB0	Q14573	Francisella tularensis SUBSPECIES TULARENSIS SCHU S4	SYS_FRATT	ITPR3_HUMAN	1	177416	two hybrid pooling approach	20711500
Q5NID1	Q9NP66	Francisella tularensis SUBSPECIES TULARENSIS SCHU S4	RPOC_FRATT	HM20A_HUMAN	1	177416	two hybrid pooling approach	20711500
Q5NFR9	Q13227	Francisella tularensis SUBSPECIES TULARENSIS SCHU S4	Q5NFR9_FRATT	GPS2_HUMAN	1	177416	two hybrid pooling approach	20711500
Q5NI65	Q9Y6C2	Francisella tularensis SUBSPECIES TULARENSIS SCHU S4	Q5NI65_FRATT	EMIL1_HUMAN	1	177416	two hybrid pooling approach	20711500
Q5NF75	Q92997	Francisella tularensis SUBSPECIES TULARENSIS SCHU S4	Q5NF75_FRATT	DVL3_HUMAN	1	177416	two hybrid pooling approach	20711500
Q5NHY6	O60762	Francisella tularensis SUBSPECIES TULARENSIS SCHU S4	SYE_FRATT	DPM1_HUMAN	1	177416	two hybrid pooling approach	20711500
Q5NIP6	Q5JSL3	Francisella tularensis SUBSPECIES TULARENSIS SCHU S4	GATA_FRATT	DOC11_HUMAN	1	177416	two hybrid pooling approach	20711500
Q5NHC6	Q99653	Francisella tularensis SUBSPECIES TULARENSIS SCHU S4	COQ7_FRATT	CHP1_HUMAN	1	177416	two hybrid pooling approach	20711500
Q5NI02	P46939	Francisella tularensis SUBSPECIES TULARENSIS SCHU S4	Q5NI02_FRATT	UTRO_HUMAN	1	177416	two hybrid pooling approach	20711500
Q5NHF2	Q02763	Francisella tularensis SUBSPECIES TULARENSIS SCHU S4	Q5NHF2_FRATT	TIE2_HUMAN	1	177416	two hybrid pooling approach	20711500
Q5NF68	Q86VP1	Francisella tularensis SUBSPECIES TULARENSIS SCHU S4	Q5NF68_FRATT	TAXB1_HUMAN	1	177416	two hybrid pooling approach	20711500
Q5NGE6	Q92922	Francisella tularensis SUBSPECIES TULARENSIS SCHU S4	Q5NGE6_FRATT	SMRC1_HUMAN	1	177416	two hybrid pooling approach	20711500
Q5NFR9	Q92835	Francisella tularensis SUBSPECIES TULARENSIS SCHU S4	Q5NFR9_FRATT	SHIP1_HUMAN	1	177416	two hybrid pooling approach	20711500
Q5NHR1	Q9BYB0	Francisella tularensis SUBSPECIES TULARENSIS SCHU S4	Q5NHR1_FRATT	SHAN3_HUMAN	1	177416	two hybrid pooling approach	20711500
Q5NGY1	Q14699	Francisella tularensis SUBSPECIES TULARENSIS SCHU S4	RSMH_FRATT	RFTN1_HUMAN	1	177416	two hybrid pooling approach	20711500
Q5NEC0	Q96LM7	Francisella tularensis SUBSPECIES TULARENSIS SCHU S4	Q5NEC0_FRATT	Q96LM7_HUMAN	1	177416	two hybrid pooling approach	20711500
Q5NIP8	Q86XR2	Francisella tularensis SUBSPECIES TULARENSIS SCHU S4	Q5NIP8_FRATT	NIBL2_HUMAN	1	177416	two hybrid pooling approach	20711500
Q5NIB1	Q7Z3K3	Francisella tularensis SUBSPECIES TULARENSIS SCHU S4	BAMB_FRATT	POGZ_HUMAN	1	177416	two hybrid pooling approach	20711500
Q5NFP5	Q9UJ70	Francisella tularensis SUBSPECIES TULARENSIS SCHU S4	Q5NFP5_FRATT	NAGK_HUMAN	1	177416	two hybrid pooling approach	20711500
Q5NHB5	Q9Y4I1	Francisella tularensis SUBSPECIES TULARENSIS SCHU S4	Q5NHB5_FRATT	MYO5A_HUMAN	1	177416	two hybrid pooling approach	20711500
Q5NFK5	P31153	Francisella tularensis SUBSPECIES TULARENSIS SCHU S4	TYSY_FRATT	METK2_HUMAN	1	177416	two hybrid pooling approach	20711500
Q5NGB9	P04233	Francisella tularensis SUBSPECIES TULARENSIS SCHU S4	GSA_FRATT	HG2A_HUMAN	1	177416	two hybrid pooling approach	20711500
Q5NIP6	P04233	Francisella tularensis SUBSPECIES TULARENSIS SCHU S4	GATA_FRATT	HG2A_HUMAN	1	177416	two hybrid pooling approach	20711500
Q5NF74	P42694	Francisella tularensis SUBSPECIES TULARENSIS SCHU S4	Q5NF74_FRATT	HELZ_HUMAN	1	177416	two hybrid pooling approach	20711500
Q5NFN4	Q15486	Francisella tularensis SUBSPECIES TULARENSIS SCHU S4	UVRB_FRATT	GUSP1_HUMAN	1	177416	two hybrid pooling approach	20711500
Q5NH37	P01100	Francisella tularensis SUBSPECIES TULARENSIS SCHU S4	Q5NH37_FRATT	FOS_HUMAN	1	177416	two hybrid pooling approach	20711500
Q5NI79	P07332	Francisella tularensis SUBSPECIES TULARENSIS SCHU S4	Q5NI79_FRATT	FES_HUMAN	1	177416	two hybrid pooling approach	20711500
Q5NIP6	O14641	Francisella tularensis SUBSPECIES TULARENSIS SCHU S4	GATA_FRATT	DVL2_HUMAN	1	177416	two hybrid pooling approach	20711500
Q5NI02	P08575	Francisella tularensis SUBSPECIES TULARENSIS SCHU S4	Q5NI02_FRATT	PTPRC_HUMAN	1	177416	two hybrid pooling approach	20711500
Q5NIE3	P28838	Francisella tularensis SUBSPECIES TULARENSIS SCHU S4	Q5NIE3_FRATT	AMPL_HUMAN	1	177416	two hybrid pooling approach	20711500
Q5NE94	Q92610	Francisella tularensis SUBSPECIES TULARENSIS SCHU S4	Q5NE94_FRATT	ZN592_HUMAN	1	177416	two hybrid pooling approach	20711500
Q5NIB1	Q9H869	Francisella tularensis SUBSPECIES TULARENSIS SCHU S4	BAMB_FRATT	YYAP1_HUMAN	1	177416	two hybrid pooling approach	20711500
Q5NGW2	Q9BTA9	Francisella tularensis SUBSPECIES TULARENSIS SCHU S4	Q5NGW2_FRATT	WAC_HUMAN	1	177416	two hybrid pooling approach	20711500
Q5NEC0	Q9UBK9	Francisella tularensis SUBSPECIES TULARENSIS SCHU S4	Q5NEC0_FRATT	UXT_HUMAN	1	177416	two hybrid pooling approach	20711500
Q5NH45	P46939	Francisella tularensis SUBSPECIES TULARENSIS SCHU S4	Q5NH45_FRATT	UTRO_HUMAN	1	177416	two hybrid pooling approach	20711500
Q5NFR9	O94901	Francisella tularensis SUBSPECIES TULARENSIS SCHU S4	Q5NFR9_FRATT	SUN1_HUMAN	1	177416	two hybrid pooling approach	20711500
Q5NEC0	P48995	Francisella tularensis SUBSPECIES TULARENSIS SCHU S4	Q5NEC0_FRATT	TRPC1_HUMAN	1	177416	two hybrid pooling approach	20711500
Q5NHN8	Q96A61	Francisella tularensis SUBSPECIES TULARENSIS SCHU S4	GCSPA_FRATT	TRI52_HUMAN	1	177416	two hybrid pooling approach	20711500
Q5NGT9	Q9Y5Q9	Francisella tularensis SUBSPECIES TULARENSIS SCHU S4	Q5NGT9_FRATT	TF3C3_HUMAN	1	177416	two hybrid pooling approach	20711500
Q5NEE1	Q9UGI8	Francisella tularensis SUBSPECIES TULARENSIS SCHU S4	CH60_FRATT	TES_HUMAN	1	177416	two hybrid pooling approach	20711500
Q5NID2	Q10587	Francisella tularensis SUBSPECIES TULARENSIS SCHU S4	RPOB_FRATT	TEF_HUMAN	1	177416	two hybrid pooling approach	20711500
Q5NI02	Q9BT92	Francisella tularensis SUBSPECIES TULARENSIS SCHU S4	Q5NI02_FRATT	TCHP_HUMAN	1	177416	two hybrid pooling approach	20711500
Q5NI93	Q86TM6	Francisella tularensis SUBSPECIES TULARENSIS SCHU S4	Q5NI93_FRATT	SYVN1_HUMAN	1	177416	two hybrid pooling approach	20711500
Q5NI90	Q9UNK0	Francisella tularensis SUBSPECIES TULARENSIS SCHU S4	Q5NI90_FRATT	STX8_HUMAN	1	177416	two hybrid pooling approach	20711500
Q5NH45	P16949	Francisella tularensis SUBSPECIES TULARENSIS SCHU S4	Q5NH45_FRATT	STMN1_HUMAN	1	177416	two hybrid pooling approach	20711500
Q5NEC0	P52630	Francisella tularensis SUBSPECIES TULARENSIS SCHU S4	Q5NEC0_FRATT	STAT2_HUMAN	1	177416	two hybrid pooling approach	20711500
Q5NIG6	Q02447	Francisella tularensis SUBSPECIES TULARENSIS SCHU S4	Q5NIG6_FRATT	SP3_HUMAN	1	177416	two hybrid pooling approach	20711500
Q5NEB6	Q969G3	Francisella tularensis SUBSPECIES TULARENSIS SCHU S4	Q5NEB6_FRATT	SMCE1_HUMAN	1	177416	two hybrid pooling approach	20711500
Q5NHX9	Q96RL6	Francisella tularensis SUBSPECIES TULARENSIS SCHU S4	EFTS_FRATT	SIG11_HUMAN	1	177416	two hybrid pooling approach	20711500
Q5NFV6	Q13247	Francisella tularensis SUBSPECIES TULARENSIS SCHU S4	Q5NFV6_FRATT	SRSF6_HUMAN	1	177416	two hybrid pooling approach	20711500
Q5NFA1	O00560	Francisella tularensis SUBSPECIES TULARENSIS SCHU S4	Q5NFA1_FRATT	SDCB1_HUMAN	1	177416	two hybrid pooling approach	20711500
Q5NGF9	O94979	Francisella tularensis SUBSPECIES TULARENSIS SCHU S4	Q5NGF9_FRATT	SC31A_HUMAN	1	177416	two hybrid pooling approach	20711500
Q5NGE6	O94979	Francisella tularensis SUBSPECIES TULARENSIS SCHU S4	Q5NGE6_FRATT	SC31A_HUMAN	1	177416	two hybrid pooling approach	20711500
Q5NGL9	P08579	Francisella tularensis SUBSPECIES TULARENSIS SCHU S4	Q5NGL9_FRATT	RU2B_HUMAN	1	177416	two hybrid pooling approach	20711500
Q5NEI9	Q9H6T3	Francisella tularensis SUBSPECIES TULARENSIS SCHU S4	Q5NEI9_FRATT	RPAP3_HUMAN	1	177416	two hybrid pooling approach	20711500
Q5NH45	Q5EBL4	Francisella tularensis SUBSPECIES TULARENSIS SCHU S4	Q5NH45_FRATT	RIPL1_HUMAN	1	177416	two hybrid pooling approach	20711500
Q5NI89	Q5U651	Francisella tularensis SUBSPECIES TULARENSIS SCHU S4	Q5NI89_FRATT	RAIN_HUMAN	1	177416	two hybrid pooling approach	20711500
Q5NI89	Q7Z7A1	Francisella tularensis SUBSPECIES TULARENSIS SCHU S4	Q5NI89_FRATT	CNTRL_HUMAN	1	177416	two hybrid pooling approach	20711500
Q5NGF8	Q9P2F8	Francisella tularensis SUBSPECIES TULARENSIS SCHU S4	Q5NGF8_FRATT	SI1L2_HUMAN	1	177416	two hybrid pooling approach	20711500
Q5NI93	O15162	Francisella tularensis SUBSPECIES TULARENSIS SCHU S4	Q5NI93_FRATT	PLS1_HUMAN	1	177416	two hybrid pooling approach	20711500
Q5NGT6	O15162	Francisella tularensis SUBSPECIES TULARENSIS SCHU S4	Q5NGT6_FRATT	PLS1_HUMAN	1	177416	two hybrid pooling approach	20711500
Q5NG39	Q9H7P9	Francisella tularensis SUBSPECIES TULARENSIS SCHU S4	DXS_FRATT	PKHG2_HUMAN	1	177416	two hybrid pooling approach	20711500
Q5NH38	O43189	Francisella tularensis SUBSPECIES TULARENSIS SCHU S4	Q5NH38_FRATT	PHF1_HUMAN	1	177416	two hybrid pooling approach	20711500
Q5NG93	P50542	Francisella tularensis SUBSPECIES TULARENSIS SCHU S4	Q5NG93_FRATT	PEX5_HUMAN	1	177416	two hybrid pooling approach	20711500
Q5NI66	Q13438	Francisella tularensis SUBSPECIES TULARENSIS SCHU S4	Q5NI66_FRATT	OS9_HUMAN	1	177416	two hybrid pooling approach	20711500
Q5NIN9	O15294	Francisella tularensis SUBSPECIES TULARENSIS SCHU S4	Q5NIN9_FRATT	OGT1_HUMAN	1	177416	two hybrid pooling approach	20711500
Q5NFS5	P35658	Francisella tularensis SUBSPECIES TULARENSIS SCHU S4	Q5NFS5_FRATT	NU214_HUMAN	1	177416	two hybrid pooling approach	20711500
Q5NF27	P55209	Francisella tularensis SUBSPECIES TULARENSIS SCHU S4	Q5NF27_FRATT	NP1L1_HUMAN	1	177416	two hybrid pooling approach	20711500
Q5NI93	Q9Y3T9	Francisella tularensis SUBSPECIES TULARENSIS SCHU S4	Q5NI93_FRATT	NOC2L_HUMAN	1	177416	two hybrid pooling approach	20711500
Q5NGE6	P19838	Francisella tularensis SUBSPECIES TULARENSIS SCHU S4	Q5NGE6_FRATT	NFKB1_HUMAN	1	177416	two hybrid pooling approach	20711500
Q5NGV3	Q99685	Francisella tularensis SUBSPECIES TULARENSIS SCHU S4	Q5NGV3_FRATT	MGLL_HUMAN	1	177416	two hybrid pooling approach	20711500
Q5NI90	Q9Y2L9	Francisella tularensis SUBSPECIES TULARENSIS SCHU S4	Q5NI90_FRATT	LRCH1_HUMAN	1	177416	two hybrid pooling approach	20711500
Q5NID1	P20700	Francisella tularensis SUBSPECIES TULARENSIS SCHU S4	RPOC_FRATT	LMNB1_HUMAN	1	177416	two hybrid pooling approach	20711500
Q5NG44	Q08380	Francisella tularensis SUBSPECIES TULARENSIS SCHU S4	RUVB_FRATT	LG3BP_HUMAN	1	177416	two hybrid pooling approach	20711500
Q5NI74	P16144	Francisella tularensis SUBSPECIES TULARENSIS SCHU S4	Q5NI74_FRATT	ITB4_HUMAN	1	177416	two hybrid pooling approach	20711500
Q5NHP5	P16144	Francisella tularensis SUBSPECIES TULARENSIS SCHU S4	Q5NHP5_FRATT	ITB4_HUMAN	1	177416	two hybrid pooling approach	20711500
Q5NHE7	P23588	Francisella tularensis SUBSPECIES TULARENSIS SCHU S4	Q5NHE7_FRATT	IF4B_HUMAN	1	177416	two hybrid pooling approach	20711500
Q5NI67	Q96CP6	Francisella tularensis SUBSPECIES TULARENSIS SCHU S4	Q5NI67_FRATT	GRM1A_HUMAN	1	177416	two hybrid pooling approach	20711500
Q5NI86	P63172	Francisella tularensis SUBSPECIES TULARENSIS SCHU S4	Q5NI86_FRATT	DYLT1_HUMAN	1	177416	two hybrid pooling approach	20711500
Q5NEY1	O14641	Francisella tularensis SUBSPECIES TULARENSIS SCHU S4	Q5NEY1_FRATT	DVL2_HUMAN	1	177416	two hybrid pooling approach	20711500
Q5NGF9	O60941	Francisella tularensis SUBSPECIES TULARENSIS SCHU S4	Q5NGF9_FRATT	DTNB_HUMAN	1	177416	two hybrid pooling approach	20711500
Q5NIM0	P04632	Francisella tularensis SUBSPECIES TULARENSIS SCHU S4	DCUP_FRATT	CPNS1_HUMAN	1	177416	two hybrid pooling approach	20711500
Q5NE82	P0C0L4	Francisella tularensis SUBSPECIES TULARENSIS SCHU S4	Q5NE82_FRATT	CO4A_HUMAN	1	177416	two hybrid pooling approach	20711500
Q5NHN8	O94986	Francisella tularensis SUBSPECIES TULARENSIS SCHU S4	GCSPA_FRATT	CE152_HUMAN	1	177416	two hybrid pooling approach	20711500
Q5NEC0	Q99459	Francisella tularensis SUBSPECIES TULARENSIS SCHU S4	Q5NEC0_FRATT	CDC5L_HUMAN	1	177416	two hybrid pooling approach	20711500
Q5NFB0	Q5T3J3	Francisella tularensis SUBSPECIES TULARENSIS SCHU S4	SYS_FRATT	LRIF1_HUMAN	1	177416	two hybrid pooling approach	20711500
Q5NEB8	Q5T3J3	Francisella tularensis SUBSPECIES TULARENSIS SCHU S4	Q5NEB8_FRATT	LRIF1_HUMAN	1	177416	two hybrid pooling approach	20711500
Q5NEY0	P61769	Francisella tularensis SUBSPECIES TULARENSIS SCHU S4	Q5NEY0_FRATT	B2MG_HUMAN	1	177416	two hybrid pooling approach	20711500
Q5NHZ0	P20073	Francisella tularensis SUBSPECIES TULARENSIS SCHU S4	Q5NHZ0_FRATT	ANXA7_HUMAN	1	177416	two hybrid pooling approach	20711500
Q5NI89	Q12802	Francisella tularensis SUBSPECIES TULARENSIS SCHU S4	Q5NI89_FRATT	AKP13_HUMAN	1	177416	two hybrid pooling approach	20711500
Q5NIP6	A8MW92	Francisella tularensis SUBSPECIES TULARENSIS SCHU S4	GATA_FRATT	P20L1_HUMAN	1	177416	two hybrid pooling approach	20711500
Q5NGV7	A8K7A4	Francisella tularensis SUBSPECIES TULARENSIS SCHU S4	KATG_FRATT	A8K7A4_HUMAN	1	177416	two hybrid pooling approach	20711500
Q5NH62	P01903	Francisella tularensis SUBSPECIES TULARENSIS SCHU S4	Q5NH62_FRATT	DRA_HUMAN	1	177416	two hybrid pooling approach	20711500
Q5NGF1	P30480	Francisella tularensis SUBSPECIES TULARENSIS SCHU S4	Q5NGF1_FRATT	1B42_HUMAN	1	177416	two hybrid pooling approach	20711500
Q5NHI8	Q15942	Francisella tularensis SUBSPECIES TULARENSIS SCHU S4	SYR_FRATT	ZYX_HUMAN	1	177416	two hybrid pooling approach	20711500
Q5NHY6	Q7L945	Francisella tularensis SUBSPECIES TULARENSIS SCHU S4	SYE_FRATT	ZN627_HUMAN	1	177416	two hybrid pooling approach	20711500
Q5NF53	Q9UBW7	Francisella tularensis SUBSPECIES TULARENSIS SCHU S4	Q5NF53_FRATT	ZMYM2_HUMAN	1	177416	two hybrid pooling approach	20711500
Q5NI85	Q9Y2W2	Francisella tularensis SUBSPECIES TULARENSIS SCHU S4	Q5NI85_FRATT	WBP11_HUMAN	1	177416	two hybrid pooling approach	20711500
Q5NHE7	Q15853	Francisella tularensis SUBSPECIES TULARENSIS SCHU S4	Q5NHE7_FRATT	USF2_HUMAN	1	177416	two hybrid pooling approach	20711500
Q5NIP5	Q15853	Francisella tularensis SUBSPECIES TULARENSIS SCHU S4	GATB_FRATT	USF2_HUMAN	1	177416	two hybrid pooling approach	20711500
Q5NHD8	O14907	Francisella tularensis SUBSPECIES TULARENSIS SCHU S4	Q5NHD8_FRATT	TX1B3_HUMAN	1	177416	two hybrid pooling approach	20711500
Q5NID1	Q92574	Francisella tularensis SUBSPECIES TULARENSIS SCHU S4	RPOC_FRATT	TSC1_HUMAN	1	177416	two hybrid pooling approach	20711500
Q5NEB4	P48995	Francisella tularensis SUBSPECIES TULARENSIS SCHU S4	Q5NEB4_FRATT	TRPC1_HUMAN	1	177416	two hybrid pooling approach	20711500
Q5NGE6	Q15643	Francisella tularensis SUBSPECIES TULARENSIS SCHU S4	Q5NGE6_FRATT	TRIPB_HUMAN	1	177416	two hybrid pooling approach	20711500
Q5NEC0	Q15388	Francisella tularensis SUBSPECIES TULARENSIS SCHU S4	Q5NEC0_FRATT	TOM20_HUMAN	1	177416	two hybrid pooling approach	20711500
Q5NI85	Q9NQB0	Francisella tularensis SUBSPECIES TULARENSIS SCHU S4	Q5NI85_FRATT	TF7L2_HUMAN	1	177416	two hybrid pooling approach	20711500
Q5NFC4	Q9NQB0	Francisella tularensis SUBSPECIES TULARENSIS SCHU S4	G6PI_FRATT	TF7L2_HUMAN	1	177416	two hybrid pooling approach	20711500
Q5NIL8	Q10587	Francisella tularensis SUBSPECIES TULARENSIS SCHU S4	Q5NIL8_FRATT	TEF_HUMAN	1	177416	two hybrid pooling approach	20711500
Q5NES5	Q9P2M4	Francisella tularensis SUBSPECIES TULARENSIS SCHU S4	Q5NES5_FRATT	TBC14_HUMAN	1	177416	two hybrid pooling approach	20711500
Q5NFP9	O75528	Francisella tularensis SUBSPECIES TULARENSIS SCHU S4	Q5NFP9_FRATT	TADA3_HUMAN	1	177416	two hybrid pooling approach	20711500
Q5NET8	O75157	Francisella tularensis SUBSPECIES TULARENSIS SCHU S4	Q5NET8_FRATT	T22D2_HUMAN	1	177416	two hybrid pooling approach	20711500
Q5NHZ0	P49589	Francisella tularensis SUBSPECIES TULARENSIS SCHU S4	Q5NHZ0_FRATT	SYCC_HUMAN	1	177416	two hybrid pooling approach	20711500
Q5NHL7	P56962	Francisella tularensis SUBSPECIES TULARENSIS SCHU S4	Q5NHL7_FRATT	STX17_HUMAN	1	177416	two hybrid pooling approach	20711500
Q5NE96	Q9UNE7	Francisella tularensis SUBSPECIES TULARENSIS SCHU S4	Q5NE96_FRATT	CHIP_HUMAN	1	177416	two hybrid pooling approach	20711500
Q5NGB9	Q9UNE7	Francisella tularensis SUBSPECIES TULARENSIS SCHU S4	GSA_FRATT	CHIP_HUMAN	1	177416	two hybrid pooling approach	20711500
Q5NIP5	P42226	Francisella tularensis SUBSPECIES TULARENSIS SCHU S4	GATB_FRATT	STAT6_HUMAN	1	177416	two hybrid pooling approach	20711500
Q5NG37	Q9NY15	Francisella tularensis SUBSPECIES TULARENSIS SCHU S4	Q5NG37_FRATT	STAB1_HUMAN	1	177416	two hybrid pooling approach	20711500
Q5NHX9	Q9NY15	Francisella tularensis SUBSPECIES TULARENSIS SCHU S4	EFTS_FRATT	STAB1_HUMAN	1	177416	two hybrid pooling approach	20711500
Q5NGB9	Q9NRA0	Francisella tularensis SUBSPECIES TULARENSIS SCHU S4	GSA_FRATT	SPHK2_HUMAN	1	177416	two hybrid pooling approach	20711500
Q5NFK7	Q9UQE7	Francisella tularensis SUBSPECIES TULARENSIS SCHU S4	Q5NFK7_FRATT	SMC3_HUMAN	1	177416	two hybrid pooling approach	20711500
Q5NES6	O75995	Francisella tularensis SUBSPECIES TULARENSIS SCHU S4	Q5NES6_FRATT	SASH3_HUMAN	1	177416	two hybrid pooling approach	20711500
Q5NGX6	O15304	Francisella tularensis SUBSPECIES TULARENSIS SCHU S4	ERPA_FRATT	SIVA_HUMAN	1	177416	two hybrid pooling approach	20711500
Q5NGW2	O75533	Francisella tularensis SUBSPECIES TULARENSIS SCHU S4	Q5NGW2_FRATT	SF3B1_HUMAN	1	177416	two hybrid pooling approach	20711500
Q5NFK7	Q15019	Francisella tularensis SUBSPECIES TULARENSIS SCHU S4	Q5NFK7_FRATT	SEPT2_HUMAN	1	177416	two hybrid pooling approach	20711500
Q5NHN4	Q9GZR1	Francisella tularensis SUBSPECIES TULARENSIS SCHU S4	GLGB_FRATT	SENP6_HUMAN	1	177416	two hybrid pooling approach	20711500
Q5NHP5	O00560	Francisella tularensis SUBSPECIES TULARENSIS SCHU S4	Q5NHP5_FRATT	SDCB1_HUMAN	1	177416	two hybrid pooling approach	20711500
Q5NGY2	O00560	Francisella tularensis SUBSPECIES TULARENSIS SCHU S4	Q5NGY2_FRATT	SDCB1_HUMAN	1	177416	two hybrid pooling approach	20711500
Q5NET6	Q9Y512	Francisella tularensis SUBSPECIES TULARENSIS SCHU S4	Q5NET6_FRATT	SAM50_HUMAN	1	177416	two hybrid pooling approach	20711500
Q5NIG6	Q9NQQ7	Francisella tularensis SUBSPECIES TULARENSIS SCHU S4	Q5NIG6_FRATT	S35C2_HUMAN	1	177416	two hybrid pooling approach	20711500
Q5NFD5	P31949	Francisella tularensis SUBSPECIES TULARENSIS SCHU S4	Q5NFD5_FRATT	S10AB_HUMAN	1	177416	two hybrid pooling approach	20711500
Q5NIE9	O75298	Francisella tularensis SUBSPECIES TULARENSIS SCHU S4	Q5NIE9_FRATT	RTN2_HUMAN	1	177416	two hybrid pooling approach	20711500
Q5NEX3	Q96T23	Francisella tularensis SUBSPECIES TULARENSIS SCHU S4	Q5NEX3_FRATT	RSF1_HUMAN	1	177416	two hybrid pooling approach	20711500
Q5NEM8	P52435	Francisella tularensis SUBSPECIES TULARENSIS SCHU S4	Q5NEM8_FRATT	RPB11_HUMAN	1	177416	two hybrid pooling approach	20711500
Q5NI24	Q9H871	Francisella tularensis SUBSPECIES TULARENSIS SCHU S4	Q5NI24_FRATT	RMD5A_HUMAN	1	177416	two hybrid pooling approach	20711500
Q5NGW2	Q9H871	Francisella tularensis SUBSPECIES TULARENSIS SCHU S4	Q5NGW2_FRATT	RMD5A_HUMAN	1	177416	two hybrid pooling approach	20711500
Q5NH38	Q14699	Francisella tularensis SUBSPECIES TULARENSIS SCHU S4	Q5NH38_FRATT	RFTN1_HUMAN	1	177416	two hybrid pooling approach	20711500
Q5NHS1	Q8IUH3	Francisella tularensis SUBSPECIES TULARENSIS SCHU S4	PYRG_FRATT	RBM45_HUMAN	1	177416	two hybrid pooling approach	20711500
Q5NE83	Q14498	Francisella tularensis SUBSPECIES TULARENSIS SCHU S4	Q5NE83_FRATT	RBM39_HUMAN	1	177416	two hybrid pooling approach	20711500
Q5NEC0	Q2TAL8	Francisella tularensis SUBSPECIES TULARENSIS SCHU S4	Q5NEC0_FRATT	QRIC1_HUMAN	1	177416	two hybrid pooling approach	20711500
Q5NIP6	Q9P007	Francisella tularensis SUBSPECIES TULARENSIS SCHU S4	GATA_FRATT	Q9P007_HUMAN	1	177416	two hybrid pooling approach	20711500
Q5NEY7	O95715	Francisella tularensis SUBSPECIES TULARENSIS SCHU S4	Q5NEY7_FRATT	CXL14_HUMAN	1	177416	two hybrid pooling approach	20711500
Q5NHZ4	Q8TEG0	Francisella tularensis SUBSPECIES TULARENSIS SCHU S4	SYV_FRATT	Q8TEG0_HUMAN	1	177416	two hybrid pooling approach	20711500
Q5NEE1	Q4LDE5	Francisella tularensis SUBSPECIES TULARENSIS SCHU S4	CH60_FRATT	SVEP1_HUMAN	1	177416	two hybrid pooling approach	20711500
Q5NGD0	Q8N1N5	Francisella tularensis SUBSPECIES TULARENSIS SCHU S4	SYI_FRATT	CRPAK_HUMAN	1	177416	two hybrid pooling approach	20711500
Q5NI40	Q8N1N5	Francisella tularensis SUBSPECIES TULARENSIS SCHU S4	Q5NI40_FRATT	CRPAK_HUMAN	1	177416	two hybrid pooling approach	20711500
Q5NE79	Q6ZV49	Francisella tularensis SUBSPECIES TULARENSIS SCHU S4	TRPB_FRATT	Q6ZV49_HUMAN	1	177416	two hybrid pooling approach	20711500
Q5NHL7	Q70EL1	Francisella tularensis SUBSPECIES TULARENSIS SCHU S4	Q5NHL7_FRATT	UBP54_HUMAN	1	177416	two hybrid pooling approach	20711500
Q5NFC7	Q6IPW8	Francisella tularensis SUBSPECIES TULARENSIS SCHU S4	Q5NFC7_FRATT	Q6IPW8_HUMAN	1	177416	two hybrid pooling approach	20711500
Q5NEG0	P61006	Francisella tularensis SUBSPECIES TULARENSIS SCHU S4	Q5NEG0_FRATT	RAB8A_HUMAN	1	177416	two hybrid pooling approach	20711500
Q5NEH1	P51148	Francisella tularensis SUBSPECIES TULARENSIS SCHU S4	Q5NEH1_FRATT	RAB5C_HUMAN	1	177416	two hybrid pooling approach	20711500
Q5NI66	Q59H65	Francisella tularensis SUBSPECIES TULARENSIS SCHU S4	Q5NI66_FRATT	Q59H65_HUMAN	1	177416	two hybrid pooling approach	20711500
Q5NHL8	Q59EC8	Francisella tularensis SUBSPECIES TULARENSIS SCHU S4	Q5NHL8_FRATT	Q59EC8_HUMAN	1	177416	two hybrid pooling approach	20711500
Q5NHN4	Q9ULH0	Francisella tularensis SUBSPECIES TULARENSIS SCHU S4	GLGB_FRATT	KDIS_HUMAN	1	177416	two hybrid pooling approach	20711500
Q5NEB6	Q30154	Francisella tularensis SUBSPECIES TULARENSIS SCHU S4	Q5NEB6_FRATT	DRB5_HUMAN	1	177416	two hybrid pooling approach	20711500
Q5NGW2	P41222	Francisella tularensis SUBSPECIES TULARENSIS SCHU S4	Q5NGW2_FRATT	PTGDS_HUMAN	1	177416	two hybrid pooling approach	20711500
Q5NH02	Q9UL46	Francisella tularensis SUBSPECIES TULARENSIS SCHU S4	Q5NH02_FRATT	PSME2_HUMAN	1	177416	two hybrid pooling approach	20711500
Q5NE79	Q9NYI0	Francisella tularensis SUBSPECIES TULARENSIS SCHU S4	TRPB_FRATT	PSD3_HUMAN	1	177416	two hybrid pooling approach	20711500
Q5NIP5	P25789	Francisella tularensis SUBSPECIES TULARENSIS SCHU S4	GATB_FRATT	PSA4_HUMAN	1	177416	two hybrid pooling approach	20711500
Q5NIJ3	Q99633	Francisella tularensis SUBSPECIES TULARENSIS SCHU S4	Q5NIJ3_FRATT	PRP18_HUMAN	1	177416	two hybrid pooling approach	20711500
Q5NF74	P10619	Francisella tularensis SUBSPECIES TULARENSIS SCHU S4	Q5NF74_FRATT	PPGB_HUMAN	1	177416	two hybrid pooling approach	20711500
Q5NHR7	O15162	Francisella tularensis SUBSPECIES TULARENSIS SCHU S4	Q5NHR7_FRATT	PLS1_HUMAN	1	177416	two hybrid pooling approach	20711500
Q5NGM7	O15162	Francisella tularensis SUBSPECIES TULARENSIS SCHU S4	Q5NGM7_FRATT	PLS1_HUMAN	1	177416	two hybrid pooling approach	20711500
Q5NHZ0	Q8WXW3	Francisella tularensis SUBSPECIES TULARENSIS SCHU S4	Q5NHZ0_FRATT	PIBF1_HUMAN	1	177416	two hybrid pooling approach	20711500
Q5NGF9	Q8WXW3	Francisella tularensis SUBSPECIES TULARENSIS SCHU S4	Q5NGF9_FRATT	PIBF1_HUMAN	1	177416	two hybrid pooling approach	20711500
Q5NEB6	Q86SQ0	Francisella tularensis SUBSPECIES TULARENSIS SCHU S4	Q5NEB6_FRATT	PHLB2_HUMAN	1	177416	two hybrid pooling approach	20711500
Q5NIG6	P49354	Francisella tularensis SUBSPECIES TULARENSIS SCHU S4	Q5NIG6_FRATT	FNTA_HUMAN	1	177416	two hybrid pooling approach	20711500
Q5NI56	P50542	Francisella tularensis SUBSPECIES TULARENSIS SCHU S4	YIDC_FRATT	PEX5_HUMAN	1	177416	two hybrid pooling approach	20711500
Q5NFX6	Q5T2W1	Francisella tularensis SUBSPECIES TULARENSIS SCHU S4	Q5NFX6_FRATT	NHRF3_HUMAN	1	177416	two hybrid pooling approach	20711500
Q5NHK6	Q14554	Francisella tularensis SUBSPECIES TULARENSIS SCHU S4	Q5NHK6_FRATT	PDIA5_HUMAN	1	177416	two hybrid pooling approach	20711500
Q5NHX9	P11940	Francisella tularensis SUBSPECIES TULARENSIS SCHU S4	EFTS_FRATT	PABP1_HUMAN	1	177416	two hybrid pooling approach	20711500
Q5NID2	P27986	Francisella tularensis SUBSPECIES TULARENSIS SCHU S4	RPOB_FRATT	P85A_HUMAN	1	177416	two hybrid pooling approach	20711500
Q5NI40	Q5VV17	Francisella tularensis SUBSPECIES TULARENSIS SCHU S4	Q5NI40_FRATT	OTUD1_HUMAN	1	177416	two hybrid pooling approach	20711500
Q5NGQ8	Q13438	Francisella tularensis SUBSPECIES TULARENSIS SCHU S4	UVRC_FRATT	OS9_HUMAN	1	177416	two hybrid pooling approach	20711500
Q5NI40	Q9ULJ1	Francisella tularensis SUBSPECIES TULARENSIS SCHU S4	Q5NI40_FRATT	ODF2L_HUMAN	1	177416	two hybrid pooling approach	20711500
Q5NHP0	Q96KG9	Francisella tularensis SUBSPECIES TULARENSIS SCHU S4	GCST_FRATT	SCYL1_HUMAN	1	177416	two hybrid pooling approach	20711500
Q5NFA1	Q8IVI9	Francisella tularensis SUBSPECIES TULARENSIS SCHU S4	Q5NFA1_FRATT	NOSTN_HUMAN	1	177416	two hybrid pooling approach	20711500
Q5NGF1	Q13287	Francisella tularensis SUBSPECIES TULARENSIS SCHU S4	Q5NGF1_FRATT	NMI_HUMAN	1	177416	two hybrid pooling approach	20711500
Q5NIQ1	P19838	Francisella tularensis SUBSPECIES TULARENSIS SCHU S4	Q5NIQ1_FRATT	NFKB1_HUMAN	1	177416	two hybrid pooling approach	20711500
Q5NGF9	P19838	Francisella tularensis SUBSPECIES TULARENSIS SCHU S4	Q5NGF9_FRATT	NFKB1_HUMAN	1	177416	two hybrid pooling approach	20711500
Q5NFB8	P19838	Francisella tularensis SUBSPECIES TULARENSIS SCHU S4	Q5NFB8_FRATT	NFKB1_HUMAN	1	177416	two hybrid pooling approach	20711500
Q5NEH1	Q13469	Francisella tularensis SUBSPECIES TULARENSIS SCHU S4	Q5NEH1_FRATT	NFAC2_HUMAN	1	177416	two hybrid pooling approach	20711500
Q5NHX3	Q9Y6Q9	Francisella tularensis SUBSPECIES TULARENSIS SCHU S4	Q5NHX3_FRATT	NCOA3_HUMAN	1	177416	two hybrid pooling approach	20711500
Q5NHF1	Q9Y2A7	Francisella tularensis SUBSPECIES TULARENSIS SCHU S4	Q5NHF1_FRATT	NCKP1_HUMAN	1	177416	two hybrid pooling approach	20711500
Q5NIG6	P19878	Francisella tularensis SUBSPECIES TULARENSIS SCHU S4	Q5NIG6_FRATT	NCF2_HUMAN	1	177416	two hybrid pooling approach	20711500
Q5NEC0	Q9Y303	Francisella tularensis SUBSPECIES TULARENSIS SCHU S4	Q5NEC0_FRATT	NAGA_HUMAN	1	177416	two hybrid pooling approach	20711500
Q5NGV7	Q9NPC6	Francisella tularensis SUBSPECIES TULARENSIS SCHU S4	KATG_FRATT	MYOZ2_HUMAN	1	177416	two hybrid pooling approach	20711500
Q5NGW2	P01871	Francisella tularensis SUBSPECIES TULARENSIS SCHU S4	Q5NGW2_FRATT	IGHM_HUMAN	1	177416	two hybrid pooling approach	20711500
Q5NGQ8	Q96Q89	Francisella tularensis SUBSPECIES TULARENSIS SCHU S4	UVRC_FRATT	KI20B_HUMAN	1	177416	two hybrid pooling approach	20711500
Q5NF16	O75970	Francisella tularensis SUBSPECIES TULARENSIS SCHU S4	Q5NF16_FRATT	MPDZ_HUMAN	1	177416	two hybrid pooling approach	20711500
Q5NID2	P31153	Francisella tularensis SUBSPECIES TULARENSIS SCHU S4	RPOB_FRATT	METK2_HUMAN	1	177416	two hybrid pooling approach	20711500
Q5NF37	P61968	Francisella tularensis SUBSPECIES TULARENSIS SCHU S4	SYP_FRATT	LMO4_HUMAN	1	177416	two hybrid pooling approach	20711500
Q5NGW4	Q8IVT5	Francisella tularensis SUBSPECIES TULARENSIS SCHU S4	TDH_FRATT	KSR1_HUMAN	1	177416	two hybrid pooling approach	20711500
Q5NI85	P14618	Francisella tularensis SUBSPECIES TULARENSIS SCHU S4	Q5NI85_FRATT	KPYM_HUMAN	1	177416	two hybrid pooling approach	20711500
Q5NH70	Q96PQ7	Francisella tularensis SUBSPECIES TULARENSIS SCHU S4	Q5NH70_FRATT	KLHL5_HUMAN	1	177416	two hybrid pooling approach	20711500
Q5NID2	O94874	Francisella tularensis SUBSPECIES TULARENSIS SCHU S4	RPOB_FRATT	UFL1_HUMAN	1	177416	two hybrid pooling approach	20711500
Q5NHI7	O75143	Francisella tularensis SUBSPECIES TULARENSIS SCHU S4	LPTD_FRATT	ATG13_HUMAN	1	177416	two hybrid pooling approach	20711500
Q5NEB6	Q9NZM3	Francisella tularensis SUBSPECIES TULARENSIS SCHU S4	Q5NEB6_FRATT	ITSN2_HUMAN	1	177416	two hybrid pooling approach	20711500
Q5NFU8	Q9NV31	Francisella tularensis SUBSPECIES TULARENSIS SCHU S4	TGT_FRATT	IMP3_HUMAN	1	177416	two hybrid pooling approach	20711500
Q5NEC0	P05155	Francisella tularensis SUBSPECIES TULARENSIS SCHU S4	Q5NEC0_FRATT	IC1_HUMAN	1	177416	two hybrid pooling approach	20711500
Q5NEY7	Q9H0U3	Francisella tularensis SUBSPECIES TULARENSIS SCHU S4	Q5NEY7_FRATT	MAGT1_HUMAN	1	177416	two hybrid pooling approach	20711500
Q5NHI6	O43464	Francisella tularensis SUBSPECIES TULARENSIS SCHU S4	Q5NHI6_FRATT	HTRA2_HUMAN	1	177416	two hybrid pooling approach	20711500
Q5NGC9	P35680	Francisella tularensis SUBSPECIES TULARENSIS SCHU S4	Q5NGC9_FRATT	HNF1B_HUMAN	1	177416	two hybrid pooling approach	20711500
Q5NIP6	Q16534	Francisella tularensis SUBSPECIES TULARENSIS SCHU S4	GATA_FRATT	HLF_HUMAN	1	177416	two hybrid pooling approach	20711500
Q5NI66	P57764	Francisella tularensis SUBSPECIES TULARENSIS SCHU S4	Q5NI66_FRATT	GSDMD_HUMAN	1	177416	two hybrid pooling approach	20711500
Q5NI24	P29992	Francisella tularensis SUBSPECIES TULARENSIS SCHU S4	Q5NI24_FRATT	GNA11_HUMAN	1	177416	two hybrid pooling approach	20711500
Q5NEB2	Q9NUV9	Francisella tularensis SUBSPECIES TULARENSIS SCHU S4	Q5NEB2_FRATT	GIMA4_HUMAN	1	177416	two hybrid pooling approach	20711500
Q5NFR9	Q9UJY5	Francisella tularensis SUBSPECIES TULARENSIS SCHU S4	Q5NFR9_FRATT	GGA1_HUMAN	1	177416	two hybrid pooling approach	20711500
Q5NEA2	Q9HCC8	Francisella tularensis SUBSPECIES TULARENSIS SCHU S4	Q5NEA2_FRATT	GDPD2_HUMAN	1	177416	two hybrid pooling approach	20711500
Q5NF74	Q9H0R5	Francisella tularensis SUBSPECIES TULARENSIS SCHU S4	Q5NF74_FRATT	GBP3_HUMAN	1	177416	two hybrid pooling approach	20711500
Q5NGF9	O60861	Francisella tularensis SUBSPECIES TULARENSIS SCHU S4	Q5NGF9_FRATT	GAS7_HUMAN	1	177416	two hybrid pooling approach	20711500
Q5NHS4	Q9Y4F9	Francisella tularensis SUBSPECIES TULARENSIS SCHU S4	Q5NHS4_FRATT	FA65B_HUMAN	1	177416	two hybrid pooling approach	20711500
Q5NI85	Q12929	Francisella tularensis SUBSPECIES TULARENSIS SCHU S4	Q5NI85_FRATT	EPS8_HUMAN	1	177416	two hybrid pooling approach	20711500
Q5NGF3	Q15717	Francisella tularensis SUBSPECIES TULARENSIS SCHU S4	FOLD_FRATT	ELAV1_HUMAN	1	177416	two hybrid pooling approach	20711500
Q5NIJ6	Q7L2H7	Francisella tularensis SUBSPECIES TULARENSIS SCHU S4	Q5NIJ6_FRATT	EIF3M_HUMAN	1	177416	two hybrid pooling approach	20711500
Q5NGV7	Q9UHF1	Francisella tularensis SUBSPECIES TULARENSIS SCHU S4	KATG_FRATT	EGFL7_HUMAN	1	177416	two hybrid pooling approach	20711500
Q5NGM6	O60869	Francisella tularensis SUBSPECIES TULARENSIS SCHU S4	RECR_FRATT	EDF1_HUMAN	1	177416	two hybrid pooling approach	20711500
Q5NFL4	O75923	Francisella tularensis SUBSPECIES TULARENSIS SCHU S4	Q5NFL4_FRATT	DYSF_HUMAN	1	177416	two hybrid pooling approach	20711500
Q5NEV8	O60941	Francisella tularensis SUBSPECIES TULARENSIS SCHU S4	MUTS_FRATT	DTNB_HUMAN	1	177416	two hybrid pooling approach	20711500
Q5NFN4	Q9C005	Francisella tularensis SUBSPECIES TULARENSIS SCHU S4	UVRB_FRATT	DPY30_HUMAN	1	177416	two hybrid pooling approach	20711500
Q5NH70	Q9C005	Francisella tularensis SUBSPECIES TULARENSIS SCHU S4	Q5NH70_FRATT	DPY30_HUMAN	1	177416	two hybrid pooling approach	20711500
Q5NEB6	Q8NEU8	Francisella tularensis SUBSPECIES TULARENSIS SCHU S4	Q5NEB6_FRATT	DP13B_HUMAN	1	177416	two hybrid pooling approach	20711500
Q5NIF9	Q01459	Francisella tularensis SUBSPECIES TULARENSIS SCHU S4	Q5NIF9_FRATT	DIAC_HUMAN	1	177416	two hybrid pooling approach	20711500
Q5NF74	O43143	Francisella tularensis SUBSPECIES TULARENSIS SCHU S4	Q5NF74_FRATT	DHX15_HUMAN	1	177416	two hybrid pooling approach	20711500
Q5NFY5	P08174	Francisella tularensis SUBSPECIES TULARENSIS SCHU S4	Q5NFY5_FRATT	DAF_HUMAN	1	177416	two hybrid pooling approach	20711500
Q5NF74	Q495Z4	Francisella tularensis SUBSPECIES TULARENSIS SCHU S4	Q5NF74_FRATT	ASAS1_HUMAN	1	177416	two hybrid pooling approach	20711500
Q5NE82	Q66GS9	Francisella tularensis SUBSPECIES TULARENSIS SCHU S4	Q5NE82_FRATT	CP135_HUMAN	1	177416	two hybrid pooling approach	20711500
Q5NE83	P02462	Francisella tularensis SUBSPECIES TULARENSIS SCHU S4	Q5NE83_FRATT	CO4A1_HUMAN	1	177416	two hybrid pooling approach	20711500
Q5NIB1	O15516	Francisella tularensis SUBSPECIES TULARENSIS SCHU S4	BAMB_FRATT	CLOCK_HUMAN	1	177416	two hybrid pooling approach	20711500
Q5NID2	O00299	Francisella tularensis SUBSPECIES TULARENSIS SCHU S4	RPOB_FRATT	CLIC1_HUMAN	1	177416	two hybrid pooling approach	20711500
Q5NHQ1	Q99828	Francisella tularensis SUBSPECIES TULARENSIS SCHU S4	Q5NHQ1_FRATT	CIB1_HUMAN	1	177416	two hybrid pooling approach	20711500
Q5NFK7	Q8TCP9	Francisella tularensis SUBSPECIES TULARENSIS SCHU S4	Q5NFK7_FRATT	F200A_HUMAN	1	177416	two hybrid pooling approach	20711500
Q5NGW2	P48960	Francisella tularensis SUBSPECIES TULARENSIS SCHU S4	Q5NGW2_FRATT	CD97_HUMAN	1	177416	two hybrid pooling approach	20711500
Q5NEY1	Q68CZ6	Francisella tularensis SUBSPECIES TULARENSIS SCHU S4	Q5NEY1_FRATT	HAUS3_HUMAN	1	177416	two hybrid pooling approach	20711500
Q5NHS4	Q96ST8	Francisella tularensis SUBSPECIES TULARENSIS SCHU S4	Q5NHS4_FRATT	CEP89_HUMAN	1	177416	two hybrid pooling approach	20711500
Q5NE79	Q96ST8	Francisella tularensis SUBSPECIES TULARENSIS SCHU S4	TRPB_FRATT	CEP89_HUMAN	1	177416	two hybrid pooling approach	20711500
Q5NHM0	Q8TAB5	Francisella tularensis SUBSPECIES TULARENSIS SCHU S4	Q5NHM0_FRATT	CA216_HUMAN	1	177416	two hybrid pooling approach	20711500
Q5NEM9	Q9BX70	Francisella tularensis SUBSPECIES TULARENSIS SCHU S4	Q5NEM9_FRATT	BTBD2_HUMAN	1	177416	two hybrid pooling approach	20711500
Q5NII1	P61769	Francisella tularensis SUBSPECIES TULARENSIS SCHU S4	Q5NII1_FRATT	B2MG_HUMAN	1	177416	two hybrid pooling approach	20711500
Q5NI40	P61769	Francisella tularensis SUBSPECIES TULARENSIS SCHU S4	Q5NI40_FRATT	B2MG_HUMAN	1	177416	two hybrid pooling approach	20711500
Q5NHX0	Q76L83	Francisella tularensis SUBSPECIES TULARENSIS SCHU S4	EFG_FRATT	ASXL2_HUMAN	1	177416	two hybrid pooling approach	20711500
Q5NFN3	Q06481	Francisella tularensis SUBSPECIES TULARENSIS SCHU S4	Q5NFN3_FRATT	APLP2_HUMAN	1	177416	two hybrid pooling approach	20711500
Q5NGG6	P20073	Francisella tularensis SUBSPECIES TULARENSIS SCHU S4	AROC_FRATT	ANXA7_HUMAN	1	177416	two hybrid pooling approach	20711500
Q5NF60	Q7Z591	Francisella tularensis SUBSPECIES TULARENSIS SCHU S4	DNLJ_FRATT	AKNA_HUMAN	1	177416	two hybrid pooling approach	20711500
Q5NH85	Q09666	Francisella tularensis SUBSPECIES TULARENSIS SCHU S4	Q5NH85_FRATT	AHNK_HUMAN	1	177416	two hybrid pooling approach	20711500
Q5NEC0	Q9Y4W6	Francisella tularensis SUBSPECIES TULARENSIS SCHU S4	Q5NEC0_FRATT	AFG32_HUMAN	1	177416	two hybrid pooling approach	20711500
Q5NG53	Q86TG1	Francisella tularensis SUBSPECIES TULARENSIS SCHU S4	SYFA_FRATT	T150A_HUMAN	1	177416	two hybrid pooling approach	20711500
Q5NGC3	O00182	Francisella tularensis SUBSPECIES TULARENSIS SCHU S4	RLMKL_FRATT	LEG9_HUMAN	1	177416	two hybrid pooling approach	20711500
Q5NID2	Q8IYH5	Francisella tularensis SUBSPECIES TULARENSIS SCHU S4	RPOB_FRATT	ZZZ3_HUMAN	1	177416	two hybrid pooling approach	20711500
Q5NII1	Q15942	Francisella tularensis SUBSPECIES TULARENSIS SCHU S4	Q5NII1_FRATT	ZYX_HUMAN	1	177416	two hybrid pooling approach	20711500
Q5NFN4	O43264	Francisella tularensis SUBSPECIES TULARENSIS SCHU S4	UVRB_FRATT	ZW10_HUMAN	1	177416	two hybrid pooling approach	20711500
Q5NGZ2	P51815	Francisella tularensis SUBSPECIES TULARENSIS SCHU S4	Q5NGZ2_FRATT	ZN75D_HUMAN	1	177416	two hybrid pooling approach	20711500
Q5NID2	P17028	Francisella tularensis SUBSPECIES TULARENSIS SCHU S4	RPOB_FRATT	ZNF24_HUMAN	1	177416	two hybrid pooling approach	20711500
Q5NF50	Q6IQ21	Francisella tularensis SUBSPECIES TULARENSIS SCHU S4	Q5NF50_FRATT	ZN770_HUMAN	1	177416	two hybrid pooling approach	20711500
Q5NIJ2	Q8N1G0	Francisella tularensis SUBSPECIES TULARENSIS SCHU S4	Q5NIJ2_FRATT	ZN687_HUMAN	1	177416	two hybrid pooling approach	20711500
Q5NF67	Q8N3J9	Francisella tularensis SUBSPECIES TULARENSIS SCHU S4	Q5NF67_FRATT	ZN664_HUMAN	1	177416	two hybrid pooling approach	20711500
Q5NF29	Q8N3J9	Francisella tularensis SUBSPECIES TULARENSIS SCHU S4	Q5NF29_FRATT	ZN664_HUMAN	1	177416	two hybrid pooling approach	20711500
Q5NG68	Q9H582	Francisella tularensis SUBSPECIES TULARENSIS SCHU S4	YQGF_FRATT	ZN644_HUMAN	1	177416	two hybrid pooling approach	20711500
Q5NEC0	Q9NXT0	Francisella tularensis SUBSPECIES TULARENSIS SCHU S4	Q5NEC0_FRATT	ZN586_HUMAN	1	177416	two hybrid pooling approach	20711500
Q5NF37	Q92618	Francisella tularensis SUBSPECIES TULARENSIS SCHU S4	SYP_FRATT	ZN516_HUMAN	1	177416	two hybrid pooling approach	20711500
Q5NG37	Q96SE7	Francisella tularensis SUBSPECIES TULARENSIS SCHU S4	Q5NG37_FRATT	ZN347_HUMAN	1	177416	two hybrid pooling approach	20711500
Q5NH32	Q9NRM2	Francisella tularensis SUBSPECIES TULARENSIS SCHU S4	ILVD_FRATT	ZN277_HUMAN	1	177416	two hybrid pooling approach	20711500
Q5NGR3	Q86WZ6	Francisella tularensis SUBSPECIES TULARENSIS SCHU S4	SECA_FRATT	ZN227_HUMAN	1	177416	two hybrid pooling approach	20711500
Q5NEU6	Q2M3W8	Francisella tularensis SUBSPECIES TULARENSIS SCHU S4	Q5NEU6_FRATT	ZN181_HUMAN	1	177416	two hybrid pooling approach	20711500
Q5NET2	Q5VZL5	Francisella tularensis SUBSPECIES TULARENSIS SCHU S4	Q5NET2_FRATT	ZMYM4_HUMAN	1	177416	two hybrid pooling approach	20711500
Q5NHX9	Q15326	Francisella tularensis SUBSPECIES TULARENSIS SCHU S4	EFTS_FRATT	ZMY11_HUMAN	1	177416	two hybrid pooling approach	20711500
Q5NEC0	Q9Y6X8	Francisella tularensis SUBSPECIES TULARENSIS SCHU S4	Q5NEC0_FRATT	ZHX2_HUMAN	1	177416	two hybrid pooling approach	20711500
Q5NH61	Q9UKY1	Francisella tularensis SUBSPECIES TULARENSIS SCHU S4	Q5NH61_FRATT	ZHX1_HUMAN	1	177416	two hybrid pooling approach	20711500
Q5NF36	Q9UKY1	Francisella tularensis SUBSPECIES TULARENSIS SCHU S4	Q5NF36_FRATT	ZHX1_HUMAN	1	177416	two hybrid pooling approach	20711500
Q5NHD1	Q96KR1	Francisella tularensis SUBSPECIES TULARENSIS SCHU S4	Q5NHD1_FRATT	ZFR_HUMAN	1	177416	two hybrid pooling approach	20711500
Q5NGV7	O60315	Francisella tularensis SUBSPECIES TULARENSIS SCHU S4	KATG_FRATT	ZEB2_HUMAN	1	177416	two hybrid pooling approach	20711500
Q5NIJ0	Q9C0B5	Francisella tularensis SUBSPECIES TULARENSIS SCHU S4	Q5NIJ0_FRATT	ZDHC5_HUMAN	1	177416	two hybrid pooling approach	20711500
Q5NFY4	Q9C0B5	Francisella tularensis SUBSPECIES TULARENSIS SCHU S4	Q5NFY4_FRATT	ZDHC5_HUMAN	1	177416	two hybrid pooling approach	20711500
Q5NH45	Q5T200	Francisella tularensis SUBSPECIES TULARENSIS SCHU S4	Q5NH45_FRATT	ZC3HD_HUMAN	1	177416	two hybrid pooling approach	20711500
Q5NFP9	Q9Y2K1	Francisella tularensis SUBSPECIES TULARENSIS SCHU S4	Q5NFP9_FRATT	ZBTB1_HUMAN	1	177416	two hybrid pooling approach	20711500
Q5NF53	Q9Y2K1	Francisella tularensis SUBSPECIES TULARENSIS SCHU S4	Q5NF53_FRATT	ZBTB1_HUMAN	1	177416	two hybrid pooling approach	20711500
Q5NIJ3	Q49AG3	Francisella tularensis SUBSPECIES TULARENSIS SCHU S4	Q5NIJ3_FRATT	ZBED5_HUMAN	1	177416	two hybrid pooling approach	20711500
Q5NH37	Q52M93	Francisella tularensis SUBSPECIES TULARENSIS SCHU S4	Q5NH37_FRATT	Z585B_HUMAN	1	177416	two hybrid pooling approach	20711500
Q5NIF1	O95070	Francisella tularensis SUBSPECIES TULARENSIS SCHU S4	Q5NIF1_FRATT	YIF1A_HUMAN	1	177416	two hybrid pooling approach	20711500
Q5NGF2	Q9H0D6	Francisella tularensis SUBSPECIES TULARENSIS SCHU S4	Q5NGF2_FRATT	XRN2_HUMAN	1	177416	two hybrid pooling approach	20711500
Q5NI89	Q01831	Francisella tularensis SUBSPECIES TULARENSIS SCHU S4	Q5NI89_FRATT	XPC_HUMAN	1	177416	two hybrid pooling approach	20711500
Q5NGV7	Q01831	Francisella tularensis SUBSPECIES TULARENSIS SCHU S4	KATG_FRATT	XPC_HUMAN	1	177416	two hybrid pooling approach	20711500
Q5NFA1	Q01831	Francisella tularensis SUBSPECIES TULARENSIS SCHU S4	Q5NFA1_FRATT	XPC_HUMAN	1	177416	two hybrid pooling approach	20711500
Q5NFN4	Q9GZV5	Francisella tularensis SUBSPECIES TULARENSIS SCHU S4	UVRB_FRATT	WWTR1_HUMAN	1	177416	two hybrid pooling approach	20711500
Q5NID1	Q9H4A3	Francisella tularensis SUBSPECIES TULARENSIS SCHU S4	RPOC_FRATT	WNK1_HUMAN	1	177416	two hybrid pooling approach	20711500
Q5NGW2	Q9GZT5	Francisella tularensis SUBSPECIES TULARENSIS SCHU S4	Q5NGW2_FRATT	WN10A_HUMAN	1	177416	two hybrid pooling approach	20711500
Q5NIQ5	Q6ZMY6	Francisella tularensis SUBSPECIES TULARENSIS SCHU S4	Q5NIQ5_FRATT	WDR88_HUMAN	1	177416	two hybrid pooling approach	20711500
Q5NEY7	Q3MJ13	Francisella tularensis SUBSPECIES TULARENSIS SCHU S4	Q5NEY7_FRATT	WDR72_HUMAN	1	177416	two hybrid pooling approach	20711500
Q5NGI2	Q9C0J8	Francisella tularensis SUBSPECIES TULARENSIS SCHU S4	RNPH_FRATT	WDR33_HUMAN	1	177416	two hybrid pooling approach	20711500
Q5NFY6	Q5T6F0	Francisella tularensis SUBSPECIES TULARENSIS SCHU S4	Q5NFY6_FRATT	DCA12_HUMAN	1	177416	two hybrid pooling approach	20711500
Q5NHY6	O43709	Francisella tularensis SUBSPECIES TULARENSIS SCHU S4	SYE_FRATT	WBS22_HUMAN	1	177416	two hybrid pooling approach	20711500
Q5NIG6	Q8N1B4	Francisella tularensis SUBSPECIES TULARENSIS SCHU S4	Q5NIG6_FRATT	VPS52_HUMAN	1	177416	two hybrid pooling approach	20711500
Q5NE83	Q96QK1	Francisella tularensis SUBSPECIES TULARENSIS SCHU S4	Q5NE83_FRATT	VPS35_HUMAN	1	177416	two hybrid pooling approach	20711500
Q5NIJ3	Q9UBQ0	Francisella tularensis SUBSPECIES TULARENSIS SCHU S4	Q5NIJ3_FRATT	VPS29_HUMAN	1	177416	two hybrid pooling approach	20711500
Q5NFN4	Q9BRG1	Francisella tularensis SUBSPECIES TULARENSIS SCHU S4	UVRB_FRATT	VPS25_HUMAN	1	177416	two hybrid pooling approach	20711500
Q5NET1	Q9H270	Francisella tularensis SUBSPECIES TULARENSIS SCHU S4	Q5NET1_FRATT	VPS11_HUMAN	1	177416	two hybrid pooling approach	20711500
Q5NFR9	P08670	Francisella tularensis SUBSPECIES TULARENSIS SCHU S4	Q5NFR9_FRATT	VIME_HUMAN	1	177416	two hybrid pooling approach	20711500
Q5NHX0	P40337	Francisella tularensis SUBSPECIES TULARENSIS SCHU S4	EFG_FRATT	VHL_HUMAN	1	177416	two hybrid pooling approach	20711500
Q5NEJ4	P49765	Francisella tularensis SUBSPECIES TULARENSIS SCHU S4	Q5NEJ4_FRATT	VEGFB_HUMAN	1	177416	two hybrid pooling approach	20711500
Q5NIG1	P15692	Francisella tularensis SUBSPECIES TULARENSIS SCHU S4	Q5NIG1_FRATT	VEGFA_HUMAN	1	177416	two hybrid pooling approach	20711500
Q5NE72	Q9UI12	Francisella tularensis SUBSPECIES TULARENSIS SCHU S4	Q5NE72_FRATT	VATH_HUMAN	1	177416	two hybrid pooling approach	20711500
Q5NHE8	Q9UBK9	Francisella tularensis SUBSPECIES TULARENSIS SCHU S4	Q5NHE8_FRATT	UXT_HUMAN	1	177416	two hybrid pooling approach	20711500
Q5NGF2	Q9UBK9	Francisella tularensis SUBSPECIES TULARENSIS SCHU S4	Q5NGF2_FRATT	UXT_HUMAN	1	177416	two hybrid pooling approach	20711500
Q5NEV6	P46939	Francisella tularensis SUBSPECIES TULARENSIS SCHU S4	Q5NEV6_FRATT	UTRO_HUMAN	1	177416	two hybrid pooling approach	20711500
Q5NF74	O75691	Francisella tularensis SUBSPECIES TULARENSIS SCHU S4	Q5NF74_FRATT	UTP20_HUMAN	1	177416	two hybrid pooling approach	20711500
Q5NEC0	Q15849	Francisella tularensis SUBSPECIES TULARENSIS SCHU S4	Q5NEC0_FRATT	UT2_HUMAN	1	177416	two hybrid pooling approach	20711500
Q5NIJ3	Q92575	Francisella tularensis SUBSPECIES TULARENSIS SCHU S4	Q5NIJ3_FRATT	UBXN4_HUMAN	1	177416	two hybrid pooling approach	20711500
Q5NEU6	Q92575	Francisella tularensis SUBSPECIES TULARENSIS SCHU S4	Q5NEU6_FRATT	UBXN4_HUMAN	1	177416	two hybrid pooling approach	20711500
Q5NEC0	O43914	Francisella tularensis SUBSPECIES TULARENSIS SCHU S4	Q5NEC0_FRATT	TYOBP_HUMAN	1	177416	two hybrid pooling approach	20711500
Q5NES9	P62328	Francisella tularensis SUBSPECIES TULARENSIS SCHU S4	Q5NES9_FRATT	TYB4_HUMAN	1	177416	two hybrid pooling approach	20711500
Q5NEC0	P63313	Francisella tularensis SUBSPECIES TULARENSIS SCHU S4	Q5NEC0_FRATT	TYB10_HUMAN	1	177416	two hybrid pooling approach	20711500
Q5NHX0	O43396	Francisella tularensis SUBSPECIES TULARENSIS SCHU S4	EFG_FRATT	TXNL1_HUMAN	1	177416	two hybrid pooling approach	20711500
Q5NFP9	Q9BS26	Francisella tularensis SUBSPECIES TULARENSIS SCHU S4	Q5NFP9_FRATT	ERP44_HUMAN	1	177416	two hybrid pooling approach	20711500
Q5NGF9	Q6PKC3	Francisella tularensis SUBSPECIES TULARENSIS SCHU S4	Q5NGF9_FRATT	TXD11_HUMAN	1	177416	two hybrid pooling approach	20711500
Q5NFC7	Q6PKC3	Francisella tularensis SUBSPECIES TULARENSIS SCHU S4	Q5NFC7_FRATT	TXD11_HUMAN	1	177416	two hybrid pooling approach	20711500
Q5NFN2	O14907	Francisella tularensis SUBSPECIES TULARENSIS SCHU S4	Q5NFN2_FRATT	TX1B3_HUMAN	1	177416	two hybrid pooling approach	20711500
Q5NF50	P26651	Francisella tularensis SUBSPECIES TULARENSIS SCHU S4	Q5NF50_FRATT	TTP_HUMAN	1	177416	two hybrid pooling approach	20711500
Q5NHN4	P26651	Francisella tularensis SUBSPECIES TULARENSIS SCHU S4	GLGB_FRATT	TTP_HUMAN	1	177416	two hybrid pooling approach	20711500
Q5NE82	P53804	Francisella tularensis SUBSPECIES TULARENSIS SCHU S4	Q5NE82_FRATT	TTC3_HUMAN	1	177416	two hybrid pooling approach	20711500
Q5NEA3	Q9UJ04	Francisella tularensis SUBSPECIES TULARENSIS SCHU S4	Q5NEA3_FRATT	TSYL4_HUMAN	1	177416	two hybrid pooling approach	20711500
Q5NIJ6	Q99598	Francisella tularensis SUBSPECIES TULARENSIS SCHU S4	Q5NIJ6_FRATT	TSNAX_HUMAN	1	177416	two hybrid pooling approach	20711500
Q5NHY7	Q99598	Francisella tularensis SUBSPECIES TULARENSIS SCHU S4	Q5NHY7_FRATT	TSNAX_HUMAN	1	177416	two hybrid pooling approach	20711500
Q5NF14	Q92574	Francisella tularensis SUBSPECIES TULARENSIS SCHU S4	Q5NF14_FRATT	TSC1_HUMAN	1	177416	two hybrid pooling approach	20711500
Q5NI33	P48995	Francisella tularensis SUBSPECIES TULARENSIS SCHU S4	Q5NI33_FRATT	TRPC1_HUMAN	1	177416	two hybrid pooling approach	20711500
Q5NEL7	P48995	Francisella tularensis SUBSPECIES TULARENSIS SCHU S4	Q5NEL7_FRATT	TRPC1_HUMAN	1	177416	two hybrid pooling approach	20711500
Q5NEH1	P48995	Francisella tularensis SUBSPECIES TULARENSIS SCHU S4	Q5NEH1_FRATT	TRPC1_HUMAN	1	177416	two hybrid pooling approach	20711500
Q5NFG5	Q15650	Francisella tularensis SUBSPECIES TULARENSIS SCHU S4	Q5NFG5_FRATT	TRIP4_HUMAN	1	177416	two hybrid pooling approach	20711500
Q5NID9	Q15650	Francisella tularensis SUBSPECIES TULARENSIS SCHU S4	EFTU_FRATT	TRIP4_HUMAN	1	177416	two hybrid pooling approach	20711500
Q5NF74	Q96A61	Francisella tularensis SUBSPECIES TULARENSIS SCHU S4	Q5NF74_FRATT	TRI52_HUMAN	1	177416	two hybrid pooling approach	20711500
Q5NFM0	Q14258	Francisella tularensis SUBSPECIES TULARENSIS SCHU S4	Q5NFM0_FRATT	TRI25_HUMAN	1	177416	two hybrid pooling approach	20711500
Q5NID2	Q8IYM9	Francisella tularensis SUBSPECIES TULARENSIS SCHU S4	RPOB_FRATT	TRI22_HUMAN	1	177416	two hybrid pooling approach	20711500
Q5NF08	Q8IYM9	Francisella tularensis SUBSPECIES TULARENSIS SCHU S4	Q5NF08_FRATT	TRI22_HUMAN	1	177416	two hybrid pooling approach	20711500
Q5NES5	Q8IYM9	Francisella tularensis SUBSPECIES TULARENSIS SCHU S4	Q5NES5_FRATT	TRI22_HUMAN	1	177416	two hybrid pooling approach	20711500
Q5NIP6	O14773	Francisella tularensis SUBSPECIES TULARENSIS SCHU S4	GATA_FRATT	TPP1_HUMAN	1	177416	two hybrid pooling approach	20711500
Q5NEV2	O94842	Francisella tularensis SUBSPECIES TULARENSIS SCHU S4	Q5NEV2_FRATT	TOX4_HUMAN	1	177416	two hybrid pooling approach	20711500
Q5NGC7	Q92547	Francisella tularensis SUBSPECIES TULARENSIS SCHU S4	Q5NGC7_FRATT	TOPB1_HUMAN	1	177416	two hybrid pooling approach	20711500
Q5NHD1	O94826	Francisella tularensis SUBSPECIES TULARENSIS SCHU S4	Q5NHD1_FRATT	TOM70_HUMAN	1	177416	two hybrid pooling approach	20711500
Q5NEX4	Q8NDV7	Francisella tularensis SUBSPECIES TULARENSIS SCHU S4	Q5NEX4_FRATT	TNR6A_HUMAN	1	177416	two hybrid pooling approach	20711500
Q5NIP6	Q8NDV7	Francisella tularensis SUBSPECIES TULARENSIS SCHU S4	GATA_FRATT	TNR6A_HUMAN	1	177416	two hybrid pooling approach	20711500
Q5NF50	Q92956	Francisella tularensis SUBSPECIES TULARENSIS SCHU S4	Q5NF50_FRATT	TNR14_HUMAN	1	177416	two hybrid pooling approach	20711500
Q5NI93	Q15025	Francisella tularensis SUBSPECIES TULARENSIS SCHU S4	Q5NI93_FRATT	TNIP1_HUMAN	1	177416	two hybrid pooling approach	20711500
Q5NEY0	Q06643	Francisella tularensis SUBSPECIES TULARENSIS SCHU S4	Q5NEY0_FRATT	TNFC_HUMAN	1	177416	two hybrid pooling approach	20711500
Q5NGT9	Q96BY9	Francisella tularensis SUBSPECIES TULARENSIS SCHU S4	Q5NGT9_FRATT	SARAF_HUMAN	1	177416	two hybrid pooling approach	20711500
Q5NHH2	Q96GC9	Francisella tularensis SUBSPECIES TULARENSIS SCHU S4	Q5NHH2_FRATT	VMP1_HUMAN	1	177416	two hybrid pooling approach	20711500
Q5NIP6	P57088	Francisella tularensis SUBSPECIES TULARENSIS SCHU S4	GATA_FRATT	TMM33_HUMAN	1	177416	two hybrid pooling approach	20711500
Q5NHH2	Q15363	Francisella tularensis SUBSPECIES TULARENSIS SCHU S4	Q5NHH2_FRATT	TMED2_HUMAN	1	177416	two hybrid pooling approach	20711500
Q5NH29	Q9ULS5	Francisella tularensis SUBSPECIES TULARENSIS SCHU S4	Q5NH29_FRATT	TMCC3_HUMAN	1	177416	two hybrid pooling approach	20711500
Q5NH45	Q9HC24	Francisella tularensis SUBSPECIES TULARENSIS SCHU S4	Q5NH45_FRATT	LFG4_HUMAN	1	177416	two hybrid pooling approach	20711500
Q5NEU6	Q86WV6	Francisella tularensis SUBSPECIES TULARENSIS SCHU S4	Q5NEU6_FRATT	STING_HUMAN	1	177416	two hybrid pooling approach	20711500
Q5NFY4	Q9Y6G1	Francisella tularensis SUBSPECIES TULARENSIS SCHU S4	Q5NFY4_FRATT	TM14A_HUMAN	1	177416	two hybrid pooling approach	20711500
Q5NET8	Q9BVC6	Francisella tularensis SUBSPECIES TULARENSIS SCHU S4	Q5NET8_FRATT	TM109_HUMAN	1	177416	two hybrid pooling approach	20711500
Q5NIA8	Q9GZM7	Francisella tularensis SUBSPECIES TULARENSIS SCHU S4	RF1_FRATT	TINAL_HUMAN	1	177416	two hybrid pooling approach	20711500
Q5NIE3	Q9GZM7	Francisella tularensis SUBSPECIES TULARENSIS SCHU S4	Q5NIE3_FRATT	TINAL_HUMAN	1	177416	two hybrid pooling approach	20711500
Q5NGF9	Q9GZM7	Francisella tularensis SUBSPECIES TULARENSIS SCHU S4	Q5NGF9_FRATT	TINAL_HUMAN	1	177416	two hybrid pooling approach	20711500
Q5NH32	Q9GZM7	Francisella tularensis SUBSPECIES TULARENSIS SCHU S4	ILVD_FRATT	TINAL_HUMAN	1	177416	two hybrid pooling approach	20711500
Q5NI85	Q02763	Francisella tularensis SUBSPECIES TULARENSIS SCHU S4	Q5NI85_FRATT	TIE2_HUMAN	1	177416	two hybrid pooling approach	20711500
Q5NEW7	Q02763	Francisella tularensis SUBSPECIES TULARENSIS SCHU S4	Q5NEW7_FRATT	TIE2_HUMAN	1	177416	two hybrid pooling approach	20711500
Q5NEH1	P01266	Francisella tularensis SUBSPECIES TULARENSIS SCHU S4	Q5NEH1_FRATT	THYG_HUMAN	1	177416	two hybrid pooling approach	20711500
Q5NEC0	Q8NA92	Francisella tularensis SUBSPECIES TULARENSIS SCHU S4	Q5NEC0_FRATT	THAP8_HUMAN	1	177416	two hybrid pooling approach	20711500
Q5NH32	O43294	Francisella tularensis SUBSPECIES TULARENSIS SCHU S4	ILVD_FRATT	TGFI1_HUMAN	1	177416	two hybrid pooling approach	20711500
Q5NGV7	P01137	Francisella tularensis SUBSPECIES TULARENSIS SCHU S4	KATG_FRATT	TGFB1_HUMAN	1	177416	two hybrid pooling approach	20711500
Q5NH37	P0C1Z6	Francisella tularensis SUBSPECIES TULARENSIS SCHU S4	Q5NH37_FRATT	TFPT_HUMAN	1	177416	two hybrid pooling approach	20711500
Q5NFN4	Q9NQB0	Francisella tularensis SUBSPECIES TULARENSIS SCHU S4	UVRB_FRATT	TF7L2_HUMAN	1	177416	two hybrid pooling approach	20711500
Q5NIP5	Q8WUA4	Francisella tularensis SUBSPECIES TULARENSIS SCHU S4	GATB_FRATT	TF3C2_HUMAN	1	177416	two hybrid pooling approach	20711500
Q5NE82	Q9UGI8	Francisella tularensis SUBSPECIES TULARENSIS SCHU S4	Q5NE82_FRATT	TES_HUMAN	1	177416	two hybrid pooling approach	20711500
Q5NE79	P55072	Francisella tularensis SUBSPECIES TULARENSIS SCHU S4	TRPB_FRATT	TERA_HUMAN	1	177416	two hybrid pooling approach	20711500
Q5NFP9	Q10587	Francisella tularensis SUBSPECIES TULARENSIS SCHU S4	Q5NFP9_FRATT	TEF_HUMAN	1	177416	two hybrid pooling approach	20711500
Q5NHX0	Q9NYB0	Francisella tularensis SUBSPECIES TULARENSIS SCHU S4	EFG_FRATT	TE2IP_HUMAN	1	177416	two hybrid pooling approach	20711500
Q5NGF1	P13693	Francisella tularensis SUBSPECIES TULARENSIS SCHU S4	Q5NGF1_FRATT	TCTP_HUMAN	1	177416	two hybrid pooling approach	20711500
Q5NFD2	P13693	Francisella tularensis SUBSPECIES TULARENSIS SCHU S4	DER_FRATT	TCTP_HUMAN	1	177416	two hybrid pooling approach	20711500
Q5NI74	Q3YBR2	Francisella tularensis SUBSPECIES TULARENSIS SCHU S4	Q5NI74_FRATT	TBRG1_HUMAN	1	177416	two hybrid pooling approach	20711500
Q5NET2	Q3YBR2	Francisella tularensis SUBSPECIES TULARENSIS SCHU S4	Q5NET2_FRATT	TBRG1_HUMAN	1	177416	two hybrid pooling approach	20711500
Q5NG93	Q9P2M4	Francisella tularensis SUBSPECIES TULARENSIS SCHU S4	Q5NG93_FRATT	TBC14_HUMAN	1	177416	two hybrid pooling approach	20711500
Q5NFR9	Q7Z7G0	Francisella tularensis SUBSPECIES TULARENSIS SCHU S4	Q5NFR9_FRATT	TARSH_HUMAN	1	177416	two hybrid pooling approach	20711500
Q5NF29	Q9P031	Francisella tularensis SUBSPECIES TULARENSIS SCHU S4	Q5NF29_FRATT	TAP26_HUMAN	1	177416	two hybrid pooling approach	20711500
Q5NH75	Q15544	Francisella tularensis SUBSPECIES TULARENSIS SCHU S4	Q5NH75_FRATT	TAF11_HUMAN	1	177416	two hybrid pooling approach	20711500
Q5NFR9	Q9NYJ8	Francisella tularensis SUBSPECIES TULARENSIS SCHU S4	Q5NFR9_FRATT	TAB2_HUMAN	1	177416	two hybrid pooling approach	20711500
Q5NGV7	Q9Y228	Francisella tularensis SUBSPECIES TULARENSIS SCHU S4	KATG_FRATT	T3JAM_HUMAN	1	177416	two hybrid pooling approach	20711500
Q5NEX4	Q99576	Francisella tularensis SUBSPECIES TULARENSIS SCHU S4	Q5NEX4_FRATT	T22D3_HUMAN	1	177416	two hybrid pooling approach	20711500
Q5NEY3	Q96HP8	Francisella tularensis SUBSPECIES TULARENSIS SCHU S4	Q5NEY3_FRATT	T176A_HUMAN	1	177416	two hybrid pooling approach	20711500
Q5NHP5	Q8IUX1	Francisella tularensis SUBSPECIES TULARENSIS SCHU S4	Q5NHP5_FRATT	T126B_HUMAN	1	177416	two hybrid pooling approach	20711500
Q5NHY6	Q86TM6	Francisella tularensis SUBSPECIES TULARENSIS SCHU S4	SYE_FRATT	SYVN1_HUMAN	1	177416	two hybrid pooling approach	20711500
Q5NE83	Q86TM6	Francisella tularensis SUBSPECIES TULARENSIS SCHU S4	Q5NE83_FRATT	SYVN1_HUMAN	1	177416	two hybrid pooling approach	20711500
Q5NFP9	Q16563	Francisella tularensis SUBSPECIES TULARENSIS SCHU S4	Q5NFP9_FRATT	SYPL1_HUMAN	1	177416	two hybrid pooling approach	20711500
Q5NF67	Q96PV0	Francisella tularensis SUBSPECIES TULARENSIS SCHU S4	Q5NF67_FRATT	SYGP1_HUMAN	1	177416	two hybrid pooling approach	20711500
Q5NF60	Q9BX26	Francisella tularensis SUBSPECIES TULARENSIS SCHU S4	DNLJ_FRATT	SYCP2_HUMAN	1	177416	two hybrid pooling approach	20711500
Q5NI22	P49589	Francisella tularensis SUBSPECIES TULARENSIS SCHU S4	Q5NI22_FRATT	SYCC_HUMAN	1	177416	two hybrid pooling approach	20711500
Q5NHS4	P49589	Francisella tularensis SUBSPECIES TULARENSIS SCHU S4	Q5NHS4_FRATT	SYCC_HUMAN	1	177416	two hybrid pooling approach	20711500
Q5NHD1	Q9H5I1	Francisella tularensis SUBSPECIES TULARENSIS SCHU S4	Q5NHD1_FRATT	SUV92_HUMAN	1	177416	two hybrid pooling approach	20711500
Q5NFY5	Q9UGT4	Francisella tularensis SUBSPECIES TULARENSIS SCHU S4	Q5NFY5_FRATT	SUSD2_HUMAN	1	177416	two hybrid pooling approach	20711500
Q5NF60	Q8IWU5	Francisella tularensis SUBSPECIES TULARENSIS SCHU S4	DNLJ_FRATT	SULF2_HUMAN	1	177416	two hybrid pooling approach	20711500
Q5NEH1	Q9UNK0	Francisella tularensis SUBSPECIES TULARENSIS SCHU S4	Q5NEH1_FRATT	STX8_HUMAN	1	177416	two hybrid pooling approach	20711500
Q5NGE6	O43815	Francisella tularensis SUBSPECIES TULARENSIS SCHU S4	Q5NGE6_FRATT	STRN_HUMAN	1	177416	two hybrid pooling approach	20711500
Q5NGA0	P16949	Francisella tularensis SUBSPECIES TULARENSIS SCHU S4	Q5NGA0_FRATT	STMN1_HUMAN	1	177416	two hybrid pooling approach	20711500
Q5NFD2	P16949	Francisella tularensis SUBSPECIES TULARENSIS SCHU S4	DER_FRATT	STMN1_HUMAN	1	177416	two hybrid pooling approach	20711500
Q5NGA0	Q9NUL3	Francisella tularensis SUBSPECIES TULARENSIS SCHU S4	Q5NGA0_FRATT	STAU2_HUMAN	1	177416	two hybrid pooling approach	20711500
Q5NFK4	O95793	Francisella tularensis SUBSPECIES TULARENSIS SCHU S4	Q5NFK4_FRATT	STAU1_HUMAN	1	177416	two hybrid pooling approach	20711500
Q5NGB9	P42226	Francisella tularensis SUBSPECIES TULARENSIS SCHU S4	GSA_FRATT	STAT6_HUMAN	1	177416	two hybrid pooling approach	20711500
Q5NGF9	P40763	Francisella tularensis SUBSPECIES TULARENSIS SCHU S4	Q5NGF9_FRATT	STAT3_HUMAN	1	177416	two hybrid pooling approach	20711500
Q5NET8	P40763	Francisella tularensis SUBSPECIES TULARENSIS SCHU S4	Q5NET8_FRATT	STAT3_HUMAN	1	177416	two hybrid pooling approach	20711500
Q5NEE1	P42224	Francisella tularensis SUBSPECIES TULARENSIS SCHU S4	CH60_FRATT	STAT1_HUMAN	1	177416	two hybrid pooling approach	20711500
Q5NEB5	O75886	Francisella tularensis SUBSPECIES TULARENSIS SCHU S4	Q5NEB5_FRATT	STAM2_HUMAN	1	177416	two hybrid pooling approach	20711500
Q5NI74	Q8N3U4	Francisella tularensis SUBSPECIES TULARENSIS SCHU S4	Q5NI74_FRATT	STAG2_HUMAN	1	177416	two hybrid pooling approach	20711500
Q5NFW7	Q8WVM7	Francisella tularensis SUBSPECIES TULARENSIS SCHU S4	SYA_FRATT	STAG1_HUMAN	1	177416	two hybrid pooling approach	20711500
Q5NH45	Q9NY15	Francisella tularensis SUBSPECIES TULARENSIS SCHU S4	Q5NH45_FRATT	STAB1_HUMAN	1	177416	two hybrid pooling approach	20711500
Q5NF50	P78524	Francisella tularensis SUBSPECIES TULARENSIS SCHU S4	Q5NF50_FRATT	ST5_HUMAN	1	177416	two hybrid pooling approach	20711500
Q5NEM8	P28290	Francisella tularensis SUBSPECIES TULARENSIS SCHU S4	Q5NEM8_FRATT	SSFA2_HUMAN	1	177416	two hybrid pooling approach	20711500
Q5NHM9	P81877	Francisella tularensis SUBSPECIES TULARENSIS SCHU S4	Q5NHM9_FRATT	SSBP2_HUMAN	1	177416	two hybrid pooling approach	20711500
Q5NHF0	Q9UJW9	Francisella tularensis SUBSPECIES TULARENSIS SCHU S4	Q5NHF0_FRATT	SRTD3_HUMAN	1	177416	two hybrid pooling approach	20711500
Q5NEC2	Q9UJW9	Francisella tularensis SUBSPECIES TULARENSIS SCHU S4	Q5NEC2_FRATT	SRTD3_HUMAN	1	177416	two hybrid pooling approach	20711500
Q5NEB6	Q9UJW9	Francisella tularensis SUBSPECIES TULARENSIS SCHU S4	Q5NEB6_FRATT	SRTD3_HUMAN	1	177416	two hybrid pooling approach	20711500
Q5NFW7	Q9UQ35	Francisella tularensis SUBSPECIES TULARENSIS SCHU S4	SYA_FRATT	SRRM2_HUMAN	1	177416	two hybrid pooling approach	20711500
Q5NEB6	Q9UQ35	Francisella tularensis SUBSPECIES TULARENSIS SCHU S4	Q5NEB6_FRATT	SRRM2_HUMAN	1	177416	two hybrid pooling approach	20711500
Q5NEY7	P49458	Francisella tularensis SUBSPECIES TULARENSIS SCHU S4	Q5NEY7_FRATT	SRP09_HUMAN	1	177416	two hybrid pooling approach	20711500
Q5NEM9	P10124	Francisella tularensis SUBSPECIES TULARENSIS SCHU S4	Q5NEM9_FRATT	SRGN_HUMAN	1	177416	two hybrid pooling approach	20711500
Q5NIJ0	Q12772	Francisella tularensis SUBSPECIES TULARENSIS SCHU S4	Q5NIJ0_FRATT	SRBP2_HUMAN	1	177416	two hybrid pooling approach	20711500
Q5NH95	Q12772	Francisella tularensis SUBSPECIES TULARENSIS SCHU S4	Q5NH95_FRATT	SRBP2_HUMAN	1	177416	two hybrid pooling approach	20711500
Q5NHX0	P09486	Francisella tularensis SUBSPECIES TULARENSIS SCHU S4	EFG_FRATT	SPRC_HUMAN	1	177416	two hybrid pooling approach	20711500
Q5NH94	Q01892	Francisella tularensis SUBSPECIES TULARENSIS SCHU S4	ALR_FRATT	SPIB_HUMAN	1	177416	two hybrid pooling approach	20711500
Q5NFV6	Q8N0X2	Francisella tularensis SUBSPECIES TULARENSIS SCHU S4	Q5NFV6_FRATT	SPG16_HUMAN	1	177416	two hybrid pooling approach	20711500
Q5NHN6	Q96I25	Francisella tularensis SUBSPECIES TULARENSIS SCHU S4	Q5NHN6_FRATT	SPF45_HUMAN	1	177416	two hybrid pooling approach	20711500
Q5NFP0	Q07890	Francisella tularensis SUBSPECIES TULARENSIS SCHU S4	Q5NFP0_FRATT	SOS2_HUMAN	1	177416	two hybrid pooling approach	20711500
Q5NEY3	Q92673	Francisella tularensis SUBSPECIES TULARENSIS SCHU S4	Q5NEY3_FRATT	SORL_HUMAN	1	177416	two hybrid pooling approach	20711500
Q5NFV6	P30626	Francisella tularensis SUBSPECIES TULARENSIS SCHU S4	Q5NFV6_FRATT	SORCN_HUMAN	1	177416	two hybrid pooling approach	20711500
Q5NIF1	P18583	Francisella tularensis SUBSPECIES TULARENSIS SCHU S4	Q5NIF1_FRATT	SON_HUMAN	1	177416	two hybrid pooling approach	20711500
Q5NES9	P01241	Francisella tularensis SUBSPECIES TULARENSIS SCHU S4	Q5NES9_FRATT	SOMA_HUMAN	1	177416	two hybrid pooling approach	20711500
Q5NHN0	Q9H3E2	Francisella tularensis SUBSPECIES TULARENSIS SCHU S4	Q5NHN0_FRATT	SNX25_HUMAN	1	177416	two hybrid pooling approach	20711500
Q5NFU8	Q5SXM2	Francisella tularensis SUBSPECIES TULARENSIS SCHU S4	TGT_FRATT	SNPC4_HUMAN	1	177416	two hybrid pooling approach	20711500
Q5NFP9	Q9H4F8	Francisella tularensis SUBSPECIES TULARENSIS SCHU S4	Q5NFP9_FRATT	SMOC1_HUMAN	1	177416	two hybrid pooling approach	20711500
Q5NHX0	Q96Q15	Francisella tularensis SUBSPECIES TULARENSIS SCHU S4	EFG_FRATT	SMG1_HUMAN	1	177416	two hybrid pooling approach	20711500
Q5NIP5	Q5MIZ7	Francisella tularensis SUBSPECIES TULARENSIS SCHU S4	GATB_FRATT	P4R3B_HUMAN	1	177416	two hybrid pooling approach	20711500
Q5NFU8	Q9NTJ3	Francisella tularensis SUBSPECIES TULARENSIS SCHU S4	TGT_FRATT	SMC4_HUMAN	1	177416	two hybrid pooling approach	20711500
Q5NID9	Q14BN4	Francisella tularensis SUBSPECIES TULARENSIS SCHU S4	EFTU_FRATT	SLMAP_HUMAN	1	177416	two hybrid pooling approach	20711500
Q5NID2	Q9H2G2	Francisella tularensis SUBSPECIES TULARENSIS SCHU S4	RPOB_FRATT	SLK_HUMAN	1	177416	two hybrid pooling approach	20711500
Q5NGW2	Q15477	Francisella tularensis SUBSPECIES TULARENSIS SCHU S4	Q5NGW2_FRATT	SKIV2_HUMAN	1	177416	two hybrid pooling approach	20711500
Q5NIJ3	Q9BRV8	Francisella tularensis SUBSPECIES TULARENSIS SCHU S4	Q5NIJ3_FRATT	SIKE1_HUMAN	1	177416	two hybrid pooling approach	20711500
Q5NGI2	Q9Y286	Francisella tularensis SUBSPECIES TULARENSIS SCHU S4	RNPH_FRATT	SIGL7_HUMAN	1	177416	two hybrid pooling approach	20711500
Q5NEU6	O15357	Francisella tularensis SUBSPECIES TULARENSIS SCHU S4	Q5NEU6_FRATT	SHIP2_HUMAN	1	177416	two hybrid pooling approach	20711500
Q5NEH0	Q9BYB0	Francisella tularensis SUBSPECIES TULARENSIS SCHU S4	Q5NEH0_FRATT	SHAN3_HUMAN	1	177416	two hybrid pooling approach	20711500
Q5NGV7	Q99961	Francisella tularensis SUBSPECIES TULARENSIS SCHU S4	KATG_FRATT	SH3G1_HUMAN	1	177416	two hybrid pooling approach	20711500
Q5NF31	Q99961	Francisella tularensis SUBSPECIES TULARENSIS SCHU S4	Q5NF31_FRATT	SH3G1_HUMAN	1	177416	two hybrid pooling approach	20711500
Q5NI56	O43765	Francisella tularensis SUBSPECIES TULARENSIS SCHU S4	YIDC_FRATT	SGTA_HUMAN	1	177416	two hybrid pooling approach	20711500
Q5NIP5	Q96BR1	Francisella tularensis SUBSPECIES TULARENSIS SCHU S4	GATB_FRATT	SGK3_HUMAN	1	177416	two hybrid pooling approach	20711500
Q5NGI2	Q12872	Francisella tularensis SUBSPECIES TULARENSIS SCHU S4	RNPH_FRATT	SFSWA_HUMAN	1	177416	two hybrid pooling approach	20711500
Q5NF50	Q12872	Francisella tularensis SUBSPECIES TULARENSIS SCHU S4	Q5NF50_FRATT	SFSWA_HUMAN	1	177416	two hybrid pooling approach	20711500
Q5NGF2	P84103	Francisella tularensis SUBSPECIES TULARENSIS SCHU S4	Q5NGF2_FRATT	SRSF3_HUMAN	1	177416	two hybrid pooling approach	20711500
Q5NGZ7	Q13435	Francisella tularensis SUBSPECIES TULARENSIS SCHU S4	Q5NGZ7_FRATT	SF3B2_HUMAN	1	177416	two hybrid pooling approach	20711500
Q5NFN3	O75533	Francisella tularensis SUBSPECIES TULARENSIS SCHU S4	Q5NFN3_FRATT	SF3B1_HUMAN	1	177416	two hybrid pooling approach	20711500
Q5NEX2	O75533	Francisella tularensis SUBSPECIES TULARENSIS SCHU S4	Q5NEX2_FRATT	SF3B1_HUMAN	1	177416	two hybrid pooling approach	20711500
Q5NIJ3	Q14242	Francisella tularensis SUBSPECIES TULARENSIS SCHU S4	Q5NIJ3_FRATT	SELPL_HUMAN	1	177416	two hybrid pooling approach	20711500
Q5NF31	Q9UBV2	Francisella tularensis SUBSPECIES TULARENSIS SCHU S4	Q5NF31_FRATT	SE1L1_HUMAN	1	177416	two hybrid pooling approach	20711500
Q5NFD2	Q58EX2	Francisella tularensis SUBSPECIES TULARENSIS SCHU S4	DER_FRATT	SDK2_HUMAN	1	177416	two hybrid pooling approach	20711500
Q5NI89	O00560	Francisella tularensis SUBSPECIES TULARENSIS SCHU S4	Q5NI89_FRATT	SDCB1_HUMAN	1	177416	two hybrid pooling approach	20711500
Q5NF75	O00560	Francisella tularensis SUBSPECIES TULARENSIS SCHU S4	Q5NF75_FRATT	SDCB1_HUMAN	1	177416	two hybrid pooling approach	20711500
Q5NEB3	O15127	Francisella tularensis SUBSPECIES TULARENSIS SCHU S4	Q5NEB3_FRATT	SCAM2_HUMAN	1	177416	two hybrid pooling approach	20711500
Q5NFL4	O94979	Francisella tularensis SUBSPECIES TULARENSIS SCHU S4	Q5NFL4_FRATT	SC31A_HUMAN	1	177416	two hybrid pooling approach	20711500
Q5NES9	O94979	Francisella tularensis SUBSPECIES TULARENSIS SCHU S4	Q5NES9_FRATT	SC31A_HUMAN	1	177416	two hybrid pooling approach	20711500
Q5NEB6	Q01826	Francisella tularensis SUBSPECIES TULARENSIS SCHU S4	Q5NEB6_FRATT	SATB1_HUMAN	1	177416	two hybrid pooling approach	20711500
Q5NGY2	O00422	Francisella tularensis SUBSPECIES TULARENSIS SCHU S4	Q5NGY2_FRATT	SAP18_HUMAN	1	177416	two hybrid pooling approach	20711500
Q5NFQ5	Q9UPU9	Francisella tularensis SUBSPECIES TULARENSIS SCHU S4	Q5NFQ5_FRATT	SMAG1_HUMAN	1	177416	two hybrid pooling approach	20711500
Q5NIE2	Q9Y6R1	Francisella tularensis SUBSPECIES TULARENSIS SCHU S4	Q5NIE2_FRATT	S4A4_HUMAN	1	177416	two hybrid pooling approach	20711500
Q5NF74	Q8WUX1	Francisella tularensis SUBSPECIES TULARENSIS SCHU S4	Q5NF74_FRATT	S38A5_HUMAN	1	177416	two hybrid pooling approach	20711500
Q5NEC0	O14975	Francisella tularensis SUBSPECIES TULARENSIS SCHU S4	Q5NEC0_FRATT	S27A2_HUMAN	1	177416	two hybrid pooling approach	20711500
Q5NHF1	P55011	Francisella tularensis SUBSPECIES TULARENSIS SCHU S4	Q5NHF1_FRATT	S12A2_HUMAN	1	177416	two hybrid pooling approach	20711500
Q5NE94	Q13621	Francisella tularensis SUBSPECIES TULARENSIS SCHU S4	Q5NE94_FRATT	S12A1_HUMAN	1	177416	two hybrid pooling approach	20711500
Q5NGW2	Q8N1F8	Francisella tularensis SUBSPECIES TULARENSIS SCHU S4	Q5NGW2_FRATT	S11IP_HUMAN	1	177416	two hybrid pooling approach	20711500
Q5NHP7	P05109	Francisella tularensis SUBSPECIES TULARENSIS SCHU S4	Q5NHP7_FRATT	S10A8_HUMAN	1	177416	two hybrid pooling approach	20711500
Q5NIJ3	Q13761	Francisella tularensis SUBSPECIES TULARENSIS SCHU S4	Q5NIJ3_FRATT	RUNX3_HUMAN	1	177416	two hybrid pooling approach	20711500
Q5NFY4	P08579	Francisella tularensis SUBSPECIES TULARENSIS SCHU S4	Q5NFY4_FRATT	RU2B_HUMAN	1	177416	two hybrid pooling approach	20711500
Q5NGZ2	P08621	Francisella tularensis SUBSPECIES TULARENSIS SCHU S4	Q5NGZ2_FRATT	RU17_HUMAN	1	177416	two hybrid pooling approach	20711500
Q5NHP0	P08621	Francisella tularensis SUBSPECIES TULARENSIS SCHU S4	GCST_FRATT	RU17_HUMAN	1	177416	two hybrid pooling approach	20711500
Q5NH02	O75298	Francisella tularensis SUBSPECIES TULARENSIS SCHU S4	Q5NH02_FRATT	RTN2_HUMAN	1	177416	two hybrid pooling approach	20711500
Q5NEC0	O75298	Francisella tularensis SUBSPECIES TULARENSIS SCHU S4	Q5NEC0_FRATT	RTN2_HUMAN	1	177416	two hybrid pooling approach	20711500
Q5NFY7	Q16799	Francisella tularensis SUBSPECIES TULARENSIS SCHU S4	Q5NFY7_FRATT	RTN1_HUMAN	1	177416	two hybrid pooling approach	20711500
Q5NF60	Q92541	Francisella tularensis SUBSPECIES TULARENSIS SCHU S4	DNLJ_FRATT	RTF1_HUMAN	1	177416	two hybrid pooling approach	20711500
Q5NIA9	Q9Y2L1	Francisella tularensis SUBSPECIES TULARENSIS SCHU S4	HEM1_FRATT	RRP44_HUMAN	1	177416	two hybrid pooling approach	20711500
Q5NHZ8	Q92766	Francisella tularensis SUBSPECIES TULARENSIS SCHU S4	Q5NHZ8_FRATT	RREB1_HUMAN	1	177416	two hybrid pooling approach	20711500
Q5NIA8	Q5VZM2	Francisella tularensis SUBSPECIES TULARENSIS SCHU S4	RF1_FRATT	RRAGB_HUMAN	1	177416	two hybrid pooling approach	20711500
Q5NF52	Q9H6T3	Francisella tularensis SUBSPECIES TULARENSIS SCHU S4	Q5NF52_FRATT	RPAP3_HUMAN	1	177416	two hybrid pooling approach	20711500
Q5NFN3	P51991	Francisella tularensis SUBSPECIES TULARENSIS SCHU S4	Q5NFN3_FRATT	ROA3_HUMAN	1	177416	two hybrid pooling approach	20711500
Q5NEA3	P51991	Francisella tularensis SUBSPECIES TULARENSIS SCHU S4	Q5NEA3_FRATT	ROA3_HUMAN	1	177416	two hybrid pooling approach	20711500
Q5NI79	P22626	Francisella tularensis SUBSPECIES TULARENSIS SCHU S4	Q5NI79_FRATT	ROA2_HUMAN	1	177416	two hybrid pooling approach	20711500
Q5NGX7	P22626	Francisella tularensis SUBSPECIES TULARENSIS SCHU S4	PNP_FRATT	ROA2_HUMAN	1	177416	two hybrid pooling approach	20711500
Q5NF67	P22626	Francisella tularensis SUBSPECIES TULARENSIS SCHU S4	Q5NF67_FRATT	ROA2_HUMAN	1	177416	two hybrid pooling approach	20711500
Q5NEH8	P22626	Francisella tularensis SUBSPECIES TULARENSIS SCHU S4	Q5NEH8_FRATT	ROA2_HUMAN	1	177416	two hybrid pooling approach	20711500
Q5NHH0	P09651	Francisella tularensis SUBSPECIES TULARENSIS SCHU S4	Q5NHH0_FRATT	ROA1_HUMAN	1	177416	two hybrid pooling approach	20711500
Q5NFD3	P09651	Francisella tularensis SUBSPECIES TULARENSIS SCHU S4	Q5NFD3_FRATT	ROA1_HUMAN	1	177416	two hybrid pooling approach	20711500
Q5NGV3	O00584	Francisella tularensis SUBSPECIES TULARENSIS SCHU S4	Q5NGV3_FRATT	RNT2_HUMAN	1	177416	two hybrid pooling approach	20711500
Q5NHX5	P78317	Francisella tularensis SUBSPECIES TULARENSIS SCHU S4	Q5NHX5_FRATT	RNF4_HUMAN	1	177416	two hybrid pooling approach	20711500
Q5NGW4	Q8NC42	Francisella tularensis SUBSPECIES TULARENSIS SCHU S4	TDH_FRATT	RN149_HUMAN	1	177416	two hybrid pooling approach	20711500
Q5NIA8	Q96EQ8	Francisella tularensis SUBSPECIES TULARENSIS SCHU S4	RF1_FRATT	RN125_HUMAN	1	177416	two hybrid pooling approach	20711500
Q5NE82	P61586	Francisella tularensis SUBSPECIES TULARENSIS SCHU S4	Q5NE82_FRATT	RHOA_HUMAN	1	177416	two hybrid pooling approach	20711500
Q5NH25	Q52LW3	Francisella tularensis SUBSPECIES TULARENSIS SCHU S4	Q5NH25_FRATT	RHG29_HUMAN	1	177416	two hybrid pooling approach	20711500
Q5NGF1	Q52LW3	Francisella tularensis SUBSPECIES TULARENSIS SCHU S4	Q5NGF1_FRATT	RHG29_HUMAN	1	177416	two hybrid pooling approach	20711500
Q5NFY5	Q96QB1	Francisella tularensis SUBSPECIES TULARENSIS SCHU S4	Q5NFY5_FRATT	RHG07_HUMAN	1	177416	two hybrid pooling approach	20711500
Q5NIH2	P49796	Francisella tularensis SUBSPECIES TULARENSIS SCHU S4	Q5NIH2_FRATT	RGS3_HUMAN	1	177416	two hybrid pooling approach	20711500
Q5NIJ1	O14827	Francisella tularensis SUBSPECIES TULARENSIS SCHU S4	Q5NIJ1_FRATT	RGRF2_HUMAN	1	177416	two hybrid pooling approach	20711500
Q5NET3	Q8NHY2	Francisella tularensis SUBSPECIES TULARENSIS SCHU S4	Q5NET3_FRATT	RFWD2_HUMAN	1	177416	two hybrid pooling approach	20711500
Q5NET3	Q9H1J1	Francisella tularensis SUBSPECIES TULARENSIS SCHU S4	Q5NET3_FRATT	REN3A_HUMAN	1	177416	two hybrid pooling approach	20711500
Q5NFN3	Q13123	Francisella tularensis SUBSPECIES TULARENSIS SCHU S4	Q5NFN3_FRATT	RED_HUMAN	1	177416	two hybrid pooling approach	20711500
Q5NF37	Q93062	Francisella tularensis SUBSPECIES TULARENSIS SCHU S4	SYP_FRATT	RBPMS_HUMAN	1	177416	two hybrid pooling approach	20711500
Q5NET2	P49792	Francisella tularensis SUBSPECIES TULARENSIS SCHU S4	Q5NET2_FRATT	RBP2_HUMAN	1	177416	two hybrid pooling approach	20711500
Q5NI79	O43251	Francisella tularensis SUBSPECIES TULARENSIS SCHU S4	Q5NI79_FRATT	RFOX2_HUMAN	1	177416	two hybrid pooling approach	20711500
Q5NI85	Q8IUH3	Francisella tularensis SUBSPECIES TULARENSIS SCHU S4	Q5NI85_FRATT	RBM45_HUMAN	1	177416	two hybrid pooling approach	20711500
Q5NIL8	Q9P2N5	Francisella tularensis SUBSPECIES TULARENSIS SCHU S4	Q5NIL8_FRATT	RBM27_HUMAN	1	177416	two hybrid pooling approach	20711500
Q5NFZ2	Q8WWW0	Francisella tularensis SUBSPECIES TULARENSIS SCHU S4	Q5NFZ2_FRATT	RASF5_HUMAN	1	177416	two hybrid pooling approach	20711500
Q5NEE2	P20936	Francisella tularensis SUBSPECIES TULARENSIS SCHU S4	CH10_FRATT	RASA1_HUMAN	1	177416	two hybrid pooling approach	20711500
Q5NHC6	Q9Y5P3	Francisella tularensis SUBSPECIES TULARENSIS SCHU S4	COQ7_FRATT	RAI2_HUMAN	1	177416	two hybrid pooling approach	20711500
Q5NGF9	Q92878	Francisella tularensis SUBSPECIES TULARENSIS SCHU S4	Q5NGF9_FRATT	RAD50_HUMAN	1	177416	two hybrid pooling approach	20711500
Q5NH32	P15153	Francisella tularensis SUBSPECIES TULARENSIS SCHU S4	ILVD_FRATT	RAC2_HUMAN	1	177416	two hybrid pooling approach	20711500
Q5NFA1	P61026	Francisella tularensis SUBSPECIES TULARENSIS SCHU S4	Q5NFA1_FRATT	RAB10_HUMAN	1	177416	two hybrid pooling approach	20711500
Q5NEL7	Q96PU8	Francisella tularensis SUBSPECIES TULARENSIS SCHU S4	Q5NEL7_FRATT	QKI_HUMAN	1	177416	two hybrid pooling approach	20711500
Q5NGF9	Q7Z7A1	Francisella tularensis SUBSPECIES TULARENSIS SCHU S4	Q5NGF9_FRATT	CNTRL_HUMAN	1	177416	two hybrid pooling approach	20711500
Q5NEB5	Q7Z7A1	Francisella tularensis SUBSPECIES TULARENSIS SCHU S4	Q5NEB5_FRATT	CNTRL_HUMAN	1	177416	two hybrid pooling approach	20711500
Q5NGV3	Q9UQM3	Francisella tularensis SUBSPECIES TULARENSIS SCHU S4	Q5NGV3_FRATT	Q9UQM3_HUMAN	1	177416	two hybrid pooling approach	20711500
Q5NID2	A6NHR9	Francisella tularensis SUBSPECIES TULARENSIS SCHU S4	RPOB_FRATT	SMHD1_HUMAN	1	177416	two hybrid pooling approach	20711500
Q5NGV7	Q9UBK5	Francisella tularensis SUBSPECIES TULARENSIS SCHU S4	KATG_FRATT	HCST_HUMAN	1	177416	two hybrid pooling approach	20711500
Q5NIP6	Q9NWB7	Francisella tularensis SUBSPECIES TULARENSIS SCHU S4	GATA_FRATT	IFT57_HUMAN	1	177416	two hybrid pooling approach	20711500
Q5NEC0	Q9HBS4	Francisella tularensis SUBSPECIES TULARENSIS SCHU S4	Q5NEC0_FRATT	Q9HBS4_HUMAN	1	177416	two hybrid pooling approach	20711500
Q5NFJ2	Q5JXC2	Francisella tularensis SUBSPECIES TULARENSIS SCHU S4	Q5NFJ2_FRATT	MIIP_HUMAN	1	177416	two hybrid pooling approach	20711500
Q5NGM6	Q9H6A9	Francisella tularensis SUBSPECIES TULARENSIS SCHU S4	RECR_FRATT	PCX3_HUMAN	1	177416	two hybrid pooling approach	20711500
Q5NI79	Q9H355	Francisella tularensis SUBSPECIES TULARENSIS SCHU S4	Q5NI79_FRATT	Q9H355_HUMAN	1	177416	two hybrid pooling approach	20711500
Q5NEC0	Q9H355	Francisella tularensis SUBSPECIES TULARENSIS SCHU S4	Q5NEC0_FRATT	Q9H355_HUMAN	1	177416	two hybrid pooling approach	20711500
Q5NE81	Q9H355	Francisella tularensis SUBSPECIES TULARENSIS SCHU S4	Q5NE81_FRATT	Q9H355_HUMAN	1	177416	two hybrid pooling approach	20711500
Q5NI33	A6NC98	Francisella tularensis SUBSPECIES TULARENSIS SCHU S4	Q5NI33_FRATT	CC88B_HUMAN	1	177416	two hybrid pooling approach	20711500
Q5NI66	Q96LM7	Francisella tularensis SUBSPECIES TULARENSIS SCHU S4	Q5NI66_FRATT	Q96LM7_HUMAN	1	177416	two hybrid pooling approach	20711500
Q5NGF1	Q96DC8	Francisella tularensis SUBSPECIES TULARENSIS SCHU S4	Q5NGF1_FRATT	ECHD3_HUMAN	1	177416	two hybrid pooling approach	20711500
Q5NET3	O75746	Francisella tularensis SUBSPECIES TULARENSIS SCHU S4	Q5NET3_FRATT	CMC1_HUMAN	1	177416	two hybrid pooling approach	20711500
Q5NH21	O95976	Francisella tularensis SUBSPECIES TULARENSIS SCHU S4	LIPA_FRATT	IGSF6_HUMAN	1	177416	two hybrid pooling approach	20711500
Q5NHI7	Q8WW39	Francisella tularensis SUBSPECIES TULARENSIS SCHU S4	LPTD_FRATT	Q8WW39_HUMAN	1	177416	two hybrid pooling approach	20711500
Q5NEC0	Q8WVX3	Francisella tularensis SUBSPECIES TULARENSIS SCHU S4	Q5NEC0_FRATT	CD003_HUMAN	1	177416	two hybrid pooling approach	20711500
Q5NEP4	Q92982	Francisella tularensis SUBSPECIES TULARENSIS SCHU S4	Q5NEP4_FRATT	NINJ1_HUMAN	1	177416	two hybrid pooling approach	20711500
Q5NF74	Q6ZS81	Francisella tularensis SUBSPECIES TULARENSIS SCHU S4	Q5NF74_FRATT	WDFY4_HUMAN	1	177416	two hybrid pooling approach	20711500
Q5NF78	Q8TDG4	Francisella tularensis SUBSPECIES TULARENSIS SCHU S4	Q5NF78_FRATT	HELQ_HUMAN	1	177416	two hybrid pooling approach	20711500
Q5NF37	Q8NAU3	Francisella tularensis SUBSPECIES TULARENSIS SCHU S4	SYP_FRATT	Q8NAU3_HUMAN	1	177416	two hybrid pooling approach	20711500
Q5NI22	Q8NAU3	Francisella tularensis SUBSPECIES TULARENSIS SCHU S4	Q5NI22_FRATT	Q8NAU3_HUMAN	1	177416	two hybrid pooling approach	20711500
Q5NIJ3	Q6PIY7	Francisella tularensis SUBSPECIES TULARENSIS SCHU S4	Q5NIJ3_FRATT	GLD2_HUMAN	1	177416	two hybrid pooling approach	20711500
Q5NEM6	P36776	Francisella tularensis SUBSPECIES TULARENSIS SCHU S4	Q5NEM6_FRATT	LONM_HUMAN	1	177416	two hybrid pooling approach	20711500
Q5NGF9	Q9C099	Francisella tularensis SUBSPECIES TULARENSIS SCHU S4	Q5NGF9_FRATT	LRCC1_HUMAN	1	177416	two hybrid pooling approach	20711500
Q5NID9	Q8N6L0	Francisella tularensis SUBSPECIES TULARENSIS SCHU S4	EFTU_FRATT	KASH5_HUMAN	1	177416	two hybrid pooling approach	20711500
Q5NEP5	Q8N6B3	Francisella tularensis SUBSPECIES TULARENSIS SCHU S4	Q5NEP5_FRATT	Q8N6B3_HUMAN	1	177416	two hybrid pooling approach	20711500
Q5NIJ1	Q8N2Q6	Francisella tularensis SUBSPECIES TULARENSIS SCHU S4	Q5NIJ1_FRATT	Q8N2Q6_HUMAN	1	177416	two hybrid pooling approach	20711500
Q5NEI9	Q8IVH2	Francisella tularensis SUBSPECIES TULARENSIS SCHU S4	Q5NEI9_FRATT	FOXP4_HUMAN	1	177416	two hybrid pooling approach	20711500
Q5NHX0	O15015	Francisella tularensis SUBSPECIES TULARENSIS SCHU S4	EFG_FRATT	ZN646_HUMAN	1	177416	two hybrid pooling approach	20711500
Q5NEM8	Q86XR2	Francisella tularensis SUBSPECIES TULARENSIS SCHU S4	Q5NEM8_FRATT	NIBL2_HUMAN	1	177416	two hybrid pooling approach	20711500
Q5NFV6	Q7Z6K1	Francisella tularensis SUBSPECIES TULARENSIS SCHU S4	Q5NFV6_FRATT	THAP5_HUMAN	1	177416	two hybrid pooling approach	20711500
Q5NG84	O75521	Francisella tularensis SUBSPECIES TULARENSIS SCHU S4	Q5NG84_FRATT	ECI2_HUMAN	1	177416	two hybrid pooling approach	20711500
Q5NF53	P04440	Francisella tularensis SUBSPECIES TULARENSIS SCHU S4	Q5NF53_FRATT	DPB1_HUMAN	1	177416	two hybrid pooling approach	20711500
Q5NI33	Q6ZV49	Francisella tularensis SUBSPECIES TULARENSIS SCHU S4	Q5NI33_FRATT	Q6ZV49_HUMAN	1	177416	two hybrid pooling approach	20711500
Q5NF52	Q6ZV49	Francisella tularensis SUBSPECIES TULARENSIS SCHU S4	Q5NF52_FRATT	Q6ZV49_HUMAN	1	177416	two hybrid pooling approach	20711500
Q5NID2	Q9Y4R7	Francisella tularensis SUBSPECIES TULARENSIS SCHU S4	RPOB_FRATT	TTLL3_HUMAN	1	177416	two hybrid pooling approach	20711500
Q5NH03	Q6ZSS4	Francisella tularensis SUBSPECIES TULARENSIS SCHU S4	Q5NH03_FRATT	Q6ZSS4_HUMAN	1	177416	two hybrid pooling approach	20711500
Q5NID7	Q6ZRC0	Francisella tularensis SUBSPECIES TULARENSIS SCHU S4	Q5NID7_FRATT	Q6ZRC0_HUMAN	1	177416	two hybrid pooling approach	20711500
Q5NID2	Q7Z2F6	Francisella tularensis SUBSPECIES TULARENSIS SCHU S4	RPOB_FRATT	ZN720_HUMAN	1	177416	two hybrid pooling approach	20711500
Q5NHX0	Q7Z2F6	Francisella tularensis SUBSPECIES TULARENSIS SCHU S4	EFG_FRATT	ZN720_HUMAN	1	177416	two hybrid pooling approach	20711500
Q5NG37	Q6PHZ7	Francisella tularensis SUBSPECIES TULARENSIS SCHU S4	Q5NG37_FRATT	Q6PHZ7_HUMAN	1	177416	two hybrid pooling approach	20711500
Q5NH38	Q6NVV7	Francisella tularensis SUBSPECIES TULARENSIS SCHU S4	Q5NH38_FRATT	CDPF1_HUMAN	1	177416	two hybrid pooling approach	20711500
Q5NFL4	Q6JBY9	Francisella tularensis SUBSPECIES TULARENSIS SCHU S4	Q5NFL4_FRATT	CPZIP_HUMAN	1	177416	two hybrid pooling approach	20711500
Q5NI40	Q14393	Francisella tularensis SUBSPECIES TULARENSIS SCHU S4	Q5NI40_FRATT	GAS6_HUMAN	1	177416	two hybrid pooling approach	20711500
Q5NFJ2	P62330	Francisella tularensis SUBSPECIES TULARENSIS SCHU S4	Q5NFJ2_FRATT	ARF6_HUMAN	1	177416	two hybrid pooling approach	20711500
Q5NE94	Q64F87	Francisella tularensis SUBSPECIES TULARENSIS SCHU S4	Q5NE94_FRATT	Q64F87_HUMAN	1	177416	two hybrid pooling approach	20711500
Q5NIF4	P20036	Francisella tularensis SUBSPECIES TULARENSIS SCHU S4	RF3_FRATT	DPA1_HUMAN	1	177416	two hybrid pooling approach	20711500
Q5NI74	Q8IYJ3	Francisella tularensis SUBSPECIES TULARENSIS SCHU S4	Q5NI74_FRATT	SYTL1_HUMAN	1	177416	two hybrid pooling approach	20711500
Q5NEH8	Q8IYJ3	Francisella tularensis SUBSPECIES TULARENSIS SCHU S4	Q5NEH8_FRATT	SYTL1_HUMAN	1	177416	two hybrid pooling approach	20711500
Q5NIQ1	Q12899	Francisella tularensis SUBSPECIES TULARENSIS SCHU S4	Q5NIQ1_FRATT	TRI26_HUMAN	1	177416	two hybrid pooling approach	20711500
Q5NGV3	Q12899	Francisella tularensis SUBSPECIES TULARENSIS SCHU S4	Q5NGV3_FRATT	TRI26_HUMAN	1	177416	two hybrid pooling approach	20711500
Q5NFY4	Q8NI27	Francisella tularensis SUBSPECIES TULARENSIS SCHU S4	Q5NFY4_FRATT	THOC2_HUMAN	1	177416	two hybrid pooling approach	20711500
Q5NHD8	Q5HYD9	Francisella tularensis SUBSPECIES TULARENSIS SCHU S4	Q5NHD8_FRATT	Q5HYD9_HUMAN	1	177416	two hybrid pooling approach	20711500
Q5NIF1	Q59FQ0	Francisella tularensis SUBSPECIES TULARENSIS SCHU S4	Q5NIF1_FRATT	Q59FQ0_HUMAN	1	177416	two hybrid pooling approach	20711500
Q5NGM5	Q584P1	Francisella tularensis SUBSPECIES TULARENSIS SCHU S4	Y810_FRATT	Q584P1_HUMAN	1	177416	two hybrid pooling approach	20711500
Q5NI33	Q562E5	Francisella tularensis SUBSPECIES TULARENSIS SCHU S4	Q5NI33_FRATT	Q562E5_HUMAN	1	177416	two hybrid pooling approach	20711500
Q5NID9	Q562E5	Francisella tularensis SUBSPECIES TULARENSIS SCHU S4	EFTU_FRATT	Q562E5_HUMAN	1	177416	two hybrid pooling approach	20711500
Q5NH45	O14595	Francisella tularensis SUBSPECIES TULARENSIS SCHU S4	Q5NH45_FRATT	CTDS2_HUMAN	1	177416	two hybrid pooling approach	20711500
Q5NHI8	Q53GD2	Francisella tularensis SUBSPECIES TULARENSIS SCHU S4	SYR_FRATT	Q53GD2_HUMAN	1	177416	two hybrid pooling approach	20711500
Q5NES5	Q53GD2	Francisella tularensis SUBSPECIES TULARENSIS SCHU S4	Q5NES5_FRATT	Q53GD2_HUMAN	1	177416	two hybrid pooling approach	20711500
Q5NGV7	O00186	Francisella tularensis SUBSPECIES TULARENSIS SCHU S4	KATG_FRATT	STXB3_HUMAN	1	177416	two hybrid pooling approach	20711500
Q5NEH8	Q53EM3	Francisella tularensis SUBSPECIES TULARENSIS SCHU S4	Q5NEH8_FRATT	Q53EM3_HUMAN	1	177416	two hybrid pooling approach	20711500
Q5NH40	Q4VBZ9	Francisella tularensis SUBSPECIES TULARENSIS SCHU S4	Q5NH40_FRATT	Q4VBZ9_HUMAN	1	177416	two hybrid pooling approach	20711500
Q5NFP9	Q4VAK3	Francisella tularensis SUBSPECIES TULARENSIS SCHU S4	Q5NFP9_FRATT	Q4VAK3_HUMAN	1	177416	two hybrid pooling approach	20711500
Q5NEM8	Q4VAK3	Francisella tularensis SUBSPECIES TULARENSIS SCHU S4	Q5NEM8_FRATT	Q4VAK3_HUMAN	1	177416	two hybrid pooling approach	20711500
Q5NGF1	Q5JRA6	Francisella tularensis SUBSPECIES TULARENSIS SCHU S4	Q5NGF1_FRATT	MIA3_HUMAN	1	177416	two hybrid pooling approach	20711500
Q5NGW2	A8K8P3	Francisella tularensis SUBSPECIES TULARENSIS SCHU S4	Q5NGW2_FRATT	SFI1_HUMAN	1	177416	two hybrid pooling approach	20711500
Q5NFT6	Q2NL98	Francisella tularensis SUBSPECIES TULARENSIS SCHU S4	Q5NFT6_FRATT	VMAC_HUMAN	1	177416	two hybrid pooling approach	20711500
Q5NH38	Q2M1Z3	Francisella tularensis SUBSPECIES TULARENSIS SCHU S4	Q5NH38_FRATT	RHG31_HUMAN	1	177416	two hybrid pooling approach	20711500
Q5NHN4	Q9NZ45	Francisella tularensis SUBSPECIES TULARENSIS SCHU S4	GLGB_FRATT	CISD1_HUMAN	1	177416	two hybrid pooling approach	20711500
Q5NGW2	Q15989	Francisella tularensis SUBSPECIES TULARENSIS SCHU S4	Q5NGW2_FRATT	Q15989_HUMAN	1	177416	two hybrid pooling approach	20711500
Q5NH45	Q15810	Francisella tularensis SUBSPECIES TULARENSIS SCHU S4	Q5NH45_FRATT	Q15810_HUMAN	1	177416	two hybrid pooling approach	20711500
Q5NI89	Q86UA1	Francisella tularensis SUBSPECIES TULARENSIS SCHU S4	Q5NI89_FRATT	PRP39_HUMAN	1	177416	two hybrid pooling approach	20711500
Q5NI33	Q05CW4	Francisella tularensis SUBSPECIES TULARENSIS SCHU S4	Q5NI33_FRATT	Q05CW4_HUMAN	1	177416	two hybrid pooling approach	20711500
Q5NHY6	Q9UHX1	Francisella tularensis SUBSPECIES TULARENSIS SCHU S4	SYE_FRATT	PUF60_HUMAN	1	177416	two hybrid pooling approach	20711500
Q5NI33	P17706	Francisella tularensis SUBSPECIES TULARENSIS SCHU S4	Q5NI33_FRATT	PTN2_HUMAN	1	177416	two hybrid pooling approach	20711500
Q5NIA8	Q13308	Francisella tularensis SUBSPECIES TULARENSIS SCHU S4	RF1_FRATT	PTK7_HUMAN	1	177416	two hybrid pooling approach	20711500
Q5NFS5	Q9UL46	Francisella tularensis SUBSPECIES TULARENSIS SCHU S4	Q5NFS5_FRATT	PSME2_HUMAN	1	177416	two hybrid pooling approach	20711500
Q5NF52	Q9UL46	Francisella tularensis SUBSPECIES TULARENSIS SCHU S4	Q5NF52_FRATT	PSME2_HUMAN	1	177416	two hybrid pooling approach	20711500
Q5NHL7	O43242	Francisella tularensis SUBSPECIES TULARENSIS SCHU S4	Q5NHL7_FRATT	PSMD3_HUMAN	1	177416	two hybrid pooling approach	20711500
Q5NID9	O43242	Francisella tularensis SUBSPECIES TULARENSIS SCHU S4	EFTU_FRATT	PSMD3_HUMAN	1	177416	two hybrid pooling approach	20711500
Q5NIP5	Q13200	Francisella tularensis SUBSPECIES TULARENSIS SCHU S4	GATB_FRATT	PSMD2_HUMAN	1	177416	two hybrid pooling approach	20711500
Q5NF74	P51665	Francisella tularensis SUBSPECIES TULARENSIS SCHU S4	Q5NF74_FRATT	PSMD7_HUMAN	1	177416	two hybrid pooling approach	20711500
Q5NFK7	O60759	Francisella tularensis SUBSPECIES TULARENSIS SCHU S4	Q5NFK7_FRATT	CYTIP_HUMAN	1	177416	two hybrid pooling approach	20711500
Q5NGW8	P25788	Francisella tularensis SUBSPECIES TULARENSIS SCHU S4	ENO_FRATT	PSA3_HUMAN	1	177416	two hybrid pooling approach	20711500
Q5NGR3	P79522	Francisella tularensis SUBSPECIES TULARENSIS SCHU S4	SECA_FRATT	PRR3_HUMAN	1	177416	two hybrid pooling approach	20711500
Q5NGM5	P79522	Francisella tularensis SUBSPECIES TULARENSIS SCHU S4	Y810_FRATT	PRR3_HUMAN	1	177416	two hybrid pooling approach	20711500
Q5NG24	Q9ULL5	Francisella tularensis SUBSPECIES TULARENSIS SCHU S4	Q5NG24_FRATT	PRR12_HUMAN	1	177416	two hybrid pooling approach	20711500
Q5NF37	Q6P2Q9	Francisella tularensis SUBSPECIES TULARENSIS SCHU S4	SYP_FRATT	PRP8_HUMAN	1	177416	two hybrid pooling approach	20711500
Q5NHL7	Q6P2Q9	Francisella tularensis SUBSPECIES TULARENSIS SCHU S4	Q5NHL7_FRATT	PRP8_HUMAN	1	177416	two hybrid pooling approach	20711500
Q5NEC0	P07225	Francisella tularensis SUBSPECIES TULARENSIS SCHU S4	Q5NEC0_FRATT	PROS_HUMAN	1	177416	two hybrid pooling approach	20711500
Q5NGW4	P07737	Francisella tularensis SUBSPECIES TULARENSIS SCHU S4	TDH_FRATT	PROF1_HUMAN	1	177416	two hybrid pooling approach	20711500
Q5NI89	Q8TCU6	Francisella tularensis SUBSPECIES TULARENSIS SCHU S4	Q5NI89_FRATT	PREX1_HUMAN	1	177416	two hybrid pooling approach	20711500
Q5NF74	Q8TCU6	Francisella tularensis SUBSPECIES TULARENSIS SCHU S4	Q5NF74_FRATT	PREX1_HUMAN	1	177416	two hybrid pooling approach	20711500
Q5NF27	P30048	Francisella tularensis SUBSPECIES TULARENSIS SCHU S4	Q5NF27_FRATT	PRDX3_HUMAN	1	177416	two hybrid pooling approach	20711500
Q5NIG3	Q9UKN5	Francisella tularensis SUBSPECIES TULARENSIS SCHU S4	MSBA_FRATT	PRDM4_HUMAN	1	177416	two hybrid pooling approach	20711500
Q5NI66	O15355	Francisella tularensis SUBSPECIES TULARENSIS SCHU S4	Q5NI66_FRATT	PPM1G_HUMAN	1	177416	two hybrid pooling approach	20711500
Q5NID2	P35813	Francisella tularensis SUBSPECIES TULARENSIS SCHU S4	RPOB_FRATT	PPM1A_HUMAN	1	177416	two hybrid pooling approach	20711500
Q5NGQ8	P23284	Francisella tularensis SUBSPECIES TULARENSIS SCHU S4	UVRC_FRATT	PPIB_HUMAN	1	177416	two hybrid pooling approach	20711500
Q5NGN2	P23284	Francisella tularensis SUBSPECIES TULARENSIS SCHU S4	Q5NGN2_FRATT	PPIB_HUMAN	1	177416	two hybrid pooling approach	20711500
Q5NF74	P23284	Francisella tularensis SUBSPECIES TULARENSIS SCHU S4	Q5NF74_FRATT	PPIB_HUMAN	1	177416	two hybrid pooling approach	20711500
Q5NIE3	Q8NEB5	Francisella tularensis SUBSPECIES TULARENSIS SCHU S4	Q5NIE3_FRATT	PLPP5_HUMAN	1	177416	two hybrid pooling approach	20711500
Q5NFQ6	P36873	Francisella tularensis SUBSPECIES TULARENSIS SCHU S4	Q5NFQ6_FRATT	PP1G_HUMAN	1	177416	two hybrid pooling approach	20711500
Q5NFY4	Q9Y6A1	Francisella tularensis SUBSPECIES TULARENSIS SCHU S4	Q5NFY4_FRATT	POMT1_HUMAN	1	177416	two hybrid pooling approach	20711500
Q5NI85	Q7Z3K3	Francisella tularensis SUBSPECIES TULARENSIS SCHU S4	Q5NI85_FRATT	POGZ_HUMAN	1	177416	two hybrid pooling approach	20711500
Q5NFR9	Q7Z3K3	Francisella tularensis SUBSPECIES TULARENSIS SCHU S4	Q5NFR9_FRATT	POGZ_HUMAN	1	177416	two hybrid pooling approach	20711500
Q5NFK7	Q7Z3K3	Francisella tularensis SUBSPECIES TULARENSIS SCHU S4	Q5NFK7_FRATT	POGZ_HUMAN	1	177416	two hybrid pooling approach	20711500
Q5NF50	O15031	Francisella tularensis SUBSPECIES TULARENSIS SCHU S4	Q5NF50_FRATT	PLXB2_HUMAN	1	177416	two hybrid pooling approach	20711500
Q5NGF1	Q9BX97	Francisella tularensis SUBSPECIES TULARENSIS SCHU S4	Q5NGF1_FRATT	PLVAP_HUMAN	1	177416	two hybrid pooling approach	20711500
Q5NHQ9	Q9BX97	Francisella tularensis SUBSPECIES TULARENSIS SCHU S4	GLMS_FRATT	PLVAP_HUMAN	1	177416	two hybrid pooling approach	20711500
Q5NFA1	O15162	Francisella tularensis SUBSPECIES TULARENSIS SCHU S4	Q5NFA1_FRATT	PLS1_HUMAN	1	177416	two hybrid pooling approach	20711500
Q5NEB5	O15162	Francisella tularensis SUBSPECIES TULARENSIS SCHU S4	Q5NEB5_FRATT	PLS1_HUMAN	1	177416	two hybrid pooling approach	20711500
Q5NHZ4	Q9NRZ7	Francisella tularensis SUBSPECIES TULARENSIS SCHU S4	SYV_FRATT	PLCC_HUMAN	1	177416	two hybrid pooling approach	20711500
Q5NES5	Q16512	Francisella tularensis SUBSPECIES TULARENSIS SCHU S4	Q5NES5_FRATT	PKN1_HUMAN	1	177416	two hybrid pooling approach	20711500
Q5NGF9	Q9ULM0	Francisella tularensis SUBSPECIES TULARENSIS SCHU S4	Q5NGF9_FRATT	PKHH1_HUMAN	1	177416	two hybrid pooling approach	20711500
Q5NFZ2	Q9BZ72	Francisella tularensis SUBSPECIES TULARENSIS SCHU S4	Q5NFZ2_FRATT	PITM2_HUMAN	1	177416	two hybrid pooling approach	20711500
Q5NEM8	Q9H307	Francisella tularensis SUBSPECIES TULARENSIS SCHU S4	Q5NEM8_FRATT	PININ_HUMAN	1	177416	two hybrid pooling approach	20711500
Q5NGV3	P22061	Francisella tularensis SUBSPECIES TULARENSIS SCHU S4	Q5NGV3_FRATT	PIMT_HUMAN	1	177416	two hybrid pooling approach	20711500
Q5NF74	Q9NWS0	Francisella tularensis SUBSPECIES TULARENSIS SCHU S4	Q5NF74_FRATT	PIHD1_HUMAN	1	177416	two hybrid pooling approach	20711500
Q5NGZ2	Q14442	Francisella tularensis SUBSPECIES TULARENSIS SCHU S4	Q5NGZ2_FRATT	PIGH_HUMAN	1	177416	two hybrid pooling approach	20711500
Q5NGU1	Q13492	Francisella tularensis SUBSPECIES TULARENSIS SCHU S4	Q5NGU1_FRATT	PICAL_HUMAN	1	177416	two hybrid pooling approach	20711500
Q5NID2	Q9Y6X2	Francisella tularensis SUBSPECIES TULARENSIS SCHU S4	RPOB_FRATT	PIAS3_HUMAN	1	177416	two hybrid pooling approach	20711500
Q5NI67	Q9Y6X2	Francisella tularensis SUBSPECIES TULARENSIS SCHU S4	Q5NI67_FRATT	PIAS3_HUMAN	1	177416	two hybrid pooling approach	20711500
Q5NIJ1	P42356	Francisella tularensis SUBSPECIES TULARENSIS SCHU S4	Q5NIJ1_FRATT	PI4KA_HUMAN	1	177416	two hybrid pooling approach	20711500
Q5NEU6	P42356	Francisella tularensis SUBSPECIES TULARENSIS SCHU S4	Q5NEU6_FRATT	PI4KA_HUMAN	1	177416	two hybrid pooling approach	20711500
Q5NEC0	P42356	Francisella tularensis SUBSPECIES TULARENSIS SCHU S4	Q5NEC0_FRATT	PI4KA_HUMAN	1	177416	two hybrid pooling approach	20711500
Q5NIL8	O43189	Francisella tularensis SUBSPECIES TULARENSIS SCHU S4	Q5NIL8_FRATT	PHF1_HUMAN	1	177416	two hybrid pooling approach	20711500
Q5NHM0	O94880	Francisella tularensis SUBSPECIES TULARENSIS SCHU S4	Q5NHM0_FRATT	PHF14_HUMAN	1	177416	two hybrid pooling approach	20711500
Q5NEA2	Q96QT6	Francisella tularensis SUBSPECIES TULARENSIS SCHU S4	Q5NEA2_FRATT	PHF12_HUMAN	1	177416	two hybrid pooling approach	20711500
Q5NF53	Q8NDX5	Francisella tularensis SUBSPECIES TULARENSIS SCHU S4	Q5NF53_FRATT	PHC3_HUMAN	1	177416	two hybrid pooling approach	20711500
Q5NIA8	P21810	Francisella tularensis SUBSPECIES TULARENSIS SCHU S4	RF1_FRATT	PGS1_HUMAN	1	177416	two hybrid pooling approach	20711500
Q5NFN4	Q9H7Z7	Francisella tularensis SUBSPECIES TULARENSIS SCHU S4	UVRB_FRATT	PGES2_HUMAN	1	177416	two hybrid pooling approach	20711500
Q5NFN3	P49354	Francisella tularensis SUBSPECIES TULARENSIS SCHU S4	Q5NFN3_FRATT	FNTA_HUMAN	1	177416	two hybrid pooling approach	20711500
Q5NGF1	Q9UHV9	Francisella tularensis SUBSPECIES TULARENSIS SCHU S4	Q5NGF1_FRATT	PFD2_HUMAN	1	177416	two hybrid pooling approach	20711500
Q5NHG8	Q76G19	Francisella tularensis SUBSPECIES TULARENSIS SCHU S4	Q5NHG8_FRATT	PDZD4_HUMAN	1	177416	two hybrid pooling approach	20711500
Q5NH18	Q5T2W1	Francisella tularensis SUBSPECIES TULARENSIS SCHU S4	RUVC_FRATT	NHRF3_HUMAN	1	177416	two hybrid pooling approach	20711500
Q5NIJ0	Q5T2W1	Francisella tularensis SUBSPECIES TULARENSIS SCHU S4	Q5NIJ0_FRATT	NHRF3_HUMAN	1	177416	two hybrid pooling approach	20711500
Q5NEC0	Q9NR12	Francisella tularensis SUBSPECIES TULARENSIS SCHU S4	Q5NEC0_FRATT	PDLI7_HUMAN	1	177416	two hybrid pooling approach	20711500
Q5NH21	Q14554	Francisella tularensis SUBSPECIES TULARENSIS SCHU S4	LIPA_FRATT	PDIA5_HUMAN	1	177416	two hybrid pooling approach	20711500
Q5NH25	P07237	Francisella tularensis SUBSPECIES TULARENSIS SCHU S4	Q5NH25_FRATT	PDIA1_HUMAN	1	177416	two hybrid pooling approach	20711500
Q5NIG3	O60658	Francisella tularensis SUBSPECIES TULARENSIS SCHU S4	MSBA_FRATT	PDE8A_HUMAN	1	177416	two hybrid pooling approach	20711500
Q5NGP3	P49585	Francisella tularensis SUBSPECIES TULARENSIS SCHU S4	Q5NGP3_FRATT	PCY1A_HUMAN	1	177416	two hybrid pooling approach	20711500
Q5NHH2	P42785	Francisella tularensis SUBSPECIES TULARENSIS SCHU S4	Q5NHH2_FRATT	PCP_HUMAN	1	177416	two hybrid pooling approach	20711500
Q5NGV7	Q15154	Francisella tularensis SUBSPECIES TULARENSIS SCHU S4	KATG_FRATT	PCM1_HUMAN	1	177416	two hybrid pooling approach	20711500
Q5NID2	O94913	Francisella tularensis SUBSPECIES TULARENSIS SCHU S4	RPOB_FRATT	PCF11_HUMAN	1	177416	two hybrid pooling approach	20711500
Q5NI93	Q96JQ0	Francisella tularensis SUBSPECIES TULARENSIS SCHU S4	Q5NI93_FRATT	PCD16_HUMAN	1	177416	two hybrid pooling approach	20711500
Q5NGL9	Q96JQ0	Francisella tularensis SUBSPECIES TULARENSIS SCHU S4	Q5NGL9_FRATT	PCD16_HUMAN	1	177416	two hybrid pooling approach	20711500
Q5NF53	P05165	Francisella tularensis SUBSPECIES TULARENSIS SCHU S4	Q5NF53_FRATT	PCCA_HUMAN	1	177416	two hybrid pooling approach	20711500
Q5NEC0	Q9UKK3	Francisella tularensis SUBSPECIES TULARENSIS SCHU S4	Q5NEC0_FRATT	PARP4_HUMAN	1	177416	two hybrid pooling approach	20711500
Q5NEC0	P25116	Francisella tularensis SUBSPECIES TULARENSIS SCHU S4	Q5NEC0_FRATT	PAR1_HUMAN	1	177416	two hybrid pooling approach	20711500
Q5NEB9	Q8NDF8	Francisella tularensis SUBSPECIES TULARENSIS SCHU S4	Q5NEB9_FRATT	PAPD5_HUMAN	1	177416	two hybrid pooling approach	20711500
Q5NGV7	Q8WX93	Francisella tularensis SUBSPECIES TULARENSIS SCHU S4	KATG_FRATT	PALLD_HUMAN	1	177416	two hybrid pooling approach	20711500
Q5NEH1	Q9H074	Francisella tularensis SUBSPECIES TULARENSIS SCHU S4	Q5NEH1_FRATT	PAIP1_HUMAN	1	177416	two hybrid pooling approach	20711500
Q5NHN4	Q86U42	Francisella tularensis SUBSPECIES TULARENSIS SCHU S4	GLGB_FRATT	PABP2_HUMAN	1	177416	two hybrid pooling approach	20711500
Q5NFB0	P11940	Francisella tularensis SUBSPECIES TULARENSIS SCHU S4	SYS_FRATT	PABP1_HUMAN	1	177416	two hybrid pooling approach	20711500
Q5NH38	P11940	Francisella tularensis SUBSPECIES TULARENSIS SCHU S4	Q5NH38_FRATT	PABP1_HUMAN	1	177416	two hybrid pooling approach	20711500
Q5NFN4	P0C869	Francisella tularensis SUBSPECIES TULARENSIS SCHU S4	UVRB_FRATT	PA24B_HUMAN	1	177416	two hybrid pooling approach	20711500
Q5NIJ3	P0C869	Francisella tularensis SUBSPECIES TULARENSIS SCHU S4	Q5NIJ3_FRATT	PA24B_HUMAN	1	177416	two hybrid pooling approach	20711500
Q5NGV3	O00459	Francisella tularensis SUBSPECIES TULARENSIS SCHU S4	Q5NGV3_FRATT	P85B_HUMAN	1	177416	two hybrid pooling approach	20711500
Q5NIP5	P04637	Francisella tularensis SUBSPECIES TULARENSIS SCHU S4	GATB_FRATT	P53_HUMAN	1	177416	two hybrid pooling approach	20711500
Q5NGF9	P39656	Francisella tularensis SUBSPECIES TULARENSIS SCHU S4	Q5NGF9_FRATT	OST48_HUMAN	1	177416	two hybrid pooling approach	20711500
Q5NFJ2	Q99650	Francisella tularensis SUBSPECIES TULARENSIS SCHU S4	Q5NFJ2_FRATT	OSMR_HUMAN	1	177416	two hybrid pooling approach	20711500
Q5NFP9	Q96SU4	Francisella tularensis SUBSPECIES TULARENSIS SCHU S4	Q5NFP9_FRATT	OSBL9_HUMAN	1	177416	two hybrid pooling approach	20711500
Q5NH99	Q13438	Francisella tularensis SUBSPECIES TULARENSIS SCHU S4	Q5NH99_FRATT	OS9_HUMAN	1	177416	two hybrid pooling approach	20711500
Q5NHS3	Q13438	Francisella tularensis SUBSPECIES TULARENSIS SCHU S4	Q5NHS3_FRATT	OS9_HUMAN	1	177416	two hybrid pooling approach	20711500
Q5NG89	Q13438	Francisella tularensis SUBSPECIES TULARENSIS SCHU S4	Q5NG89_FRATT	OS9_HUMAN	1	177416	two hybrid pooling approach	20711500
Q5NEU6	Q13438	Francisella tularensis SUBSPECIES TULARENSIS SCHU S4	Q5NEU6_FRATT	OS9_HUMAN	1	177416	two hybrid pooling approach	20711500
Q5NEH1	Q9UBD5	Francisella tularensis SUBSPECIES TULARENSIS SCHU S4	Q5NEH1_FRATT	ORC3_HUMAN	1	177416	two hybrid pooling approach	20711500
Q5NET3	Q9UBD5	Francisella tularensis SUBSPECIES TULARENSIS SCHU S4	Q5NET3_FRATT	ORC3_HUMAN	1	177416	two hybrid pooling approach	20711500
Q5NG28	Q6UX06	Francisella tularensis SUBSPECIES TULARENSIS SCHU S4	Q5NG28_FRATT	OLFM4_HUMAN	1	177416	two hybrid pooling approach	20711500
Q5NH37	Q5VST9	Francisella tularensis SUBSPECIES TULARENSIS SCHU S4	Q5NH37_FRATT	OBSCN_HUMAN	1	177416	two hybrid pooling approach	20711500
Q5NGV7	O94875	Francisella tularensis SUBSPECIES TULARENSIS SCHU S4	KATG_FRATT	SRBS2_HUMAN	1	177416	two hybrid pooling approach	20711500
Q5NGF2	O00365	Francisella tularensis SUBSPECIES TULARENSIS SCHU S4	Q5NGF2_FRATT	O00365_HUMAN	1	177416	two hybrid pooling approach	20711500
Q5NEP5	O00365	Francisella tularensis SUBSPECIES TULARENSIS SCHU S4	Q5NEP5_FRATT	O00365_HUMAN	1	177416	two hybrid pooling approach	20711500
Q5NFY5	O95989	Francisella tularensis SUBSPECIES TULARENSIS SCHU S4	Q5NFY5_FRATT	NUDT3_HUMAN	1	177416	two hybrid pooling approach	20711500
Q5NGV7	P35658	Francisella tularensis SUBSPECIES TULARENSIS SCHU S4	KATG_FRATT	NU214_HUMAN	1	177416	two hybrid pooling approach	20711500
Q5NGA0	Q96KG9	Francisella tularensis SUBSPECIES TULARENSIS SCHU S4	Q5NGA0_FRATT	SCYL1_HUMAN	1	177416	two hybrid pooling approach	20711500
Q5NHP5	Q02297	Francisella tularensis SUBSPECIES TULARENSIS SCHU S4	Q5NHP5_FRATT	NRG1_HUMAN	1	177416	two hybrid pooling approach	20711500
Q5NHZ4	Q92823	Francisella tularensis SUBSPECIES TULARENSIS SCHU S4	SYV_FRATT	NRCAM_HUMAN	1	177416	two hybrid pooling approach	20711500
Q5NH91	P06748	Francisella tularensis SUBSPECIES TULARENSIS SCHU S4	Q5NH91_FRATT	NPM_HUMAN	1	177416	two hybrid pooling approach	20711500
Q5NFK7	P06748	Francisella tularensis SUBSPECIES TULARENSIS SCHU S4	Q5NFK7_FRATT	NPM_HUMAN	1	177416	two hybrid pooling approach	20711500
Q5NEW4	Q7Z494	Francisella tularensis SUBSPECIES TULARENSIS SCHU S4	Q5NEW4_FRATT	NPHP3_HUMAN	1	177416	two hybrid pooling approach	20711500
Q5NIP6	Q9NQX5	Francisella tularensis SUBSPECIES TULARENSIS SCHU S4	GATA_FRATT	NPDC1_HUMAN	1	177416	two hybrid pooling approach	20711500
Q5NGE6	Q49A26	Francisella tularensis SUBSPECIES TULARENSIS SCHU S4	Q5NGE6_FRATT	GLYR1_HUMAN	1	177416	two hybrid pooling approach	20711500
Q5NH18	P55209	Francisella tularensis SUBSPECIES TULARENSIS SCHU S4	RUVC_FRATT	NP1L1_HUMAN	1	177416	two hybrid pooling approach	20711500
Q5NII2	P55209	Francisella tularensis SUBSPECIES TULARENSIS SCHU S4	Q5NII2_FRATT	NP1L1_HUMAN	1	177416	two hybrid pooling approach	20711500
Q5NE85	Q8IVI9	Francisella tularensis SUBSPECIES TULARENSIS SCHU S4	Q5NE85_FRATT	NOSTN_HUMAN	1	177416	two hybrid pooling approach	20711500
Q5NGV7	P29474	Francisella tularensis SUBSPECIES TULARENSIS SCHU S4	KATG_FRATT	NOS3_HUMAN	1	177416	two hybrid pooling approach	20711500
Q5NG92	P29474	Francisella tularensis SUBSPECIES TULARENSIS SCHU S4	Q5NG92_FRATT	NOS3_HUMAN	1	177416	two hybrid pooling approach	20711500
Q5NHP5	Q76FK4	Francisella tularensis SUBSPECIES TULARENSIS SCHU S4	Q5NHP5_FRATT	NOL8_HUMAN	1	177416	two hybrid pooling approach	20711500
Q5NHX0	Q6KC79	Francisella tularensis SUBSPECIES TULARENSIS SCHU S4	EFG_FRATT	NIPBL_HUMAN	1	177416	two hybrid pooling approach	20711500
Q5NG24	Q9NPE2	Francisella tularensis SUBSPECIES TULARENSIS SCHU S4	Q5NG24_FRATT	NGRN_HUMAN	1	177416	two hybrid pooling approach	20711500
Q5NFP9	Q13952	Francisella tularensis SUBSPECIES TULARENSIS SCHU S4	Q5NFP9_FRATT	NFYC_HUMAN	1	177416	two hybrid pooling approach	20711500
Q5NIG1	P19838	Francisella tularensis SUBSPECIES TULARENSIS SCHU S4	Q5NIG1_FRATT	NFKB1_HUMAN	1	177416	two hybrid pooling approach	20711500
Q5NH38	P19838	Francisella tularensis SUBSPECIES TULARENSIS SCHU S4	Q5NH38_FRATT	NFKB1_HUMAN	1	177416	two hybrid pooling approach	20711500
Q5NGB2	P19838	Francisella tularensis SUBSPECIES TULARENSIS SCHU S4	BIOB_FRATT	NFKB1_HUMAN	1	177416	two hybrid pooling approach	20711500
Q5NFG5	P19838	Francisella tularensis SUBSPECIES TULARENSIS SCHU S4	Q5NFG5_FRATT	NFKB1_HUMAN	1	177416	two hybrid pooling approach	20711500
Q5NEC0	P19838	Francisella tularensis SUBSPECIES TULARENSIS SCHU S4	Q5NEC0_FRATT	NFKB1_HUMAN	1	177416	two hybrid pooling approach	20711500
Q5NH42	P19838	Francisella tularensis SUBSPECIES TULARENSIS SCHU S4	MIAA_FRATT	NFKB1_HUMAN	1	177416	two hybrid pooling approach	20711500
Q5NI89	Q14494	Francisella tularensis SUBSPECIES TULARENSIS SCHU S4	Q5NI89_FRATT	NF2L1_HUMAN	1	177416	two hybrid pooling approach	20711500
Q5NF50	Q14494	Francisella tularensis SUBSPECIES TULARENSIS SCHU S4	Q5NF50_FRATT	NF2L1_HUMAN	1	177416	two hybrid pooling approach	20711500
Q5NF74	Q99519	Francisella tularensis SUBSPECIES TULARENSIS SCHU S4	Q5NF74_FRATT	NEUR1_HUMAN	1	177416	two hybrid pooling approach	20711500
Q5NFN4	Q9HB63	Francisella tularensis SUBSPECIES TULARENSIS SCHU S4	UVRB_FRATT	NET4_HUMAN	1	177416	two hybrid pooling approach	20711500
Q5NFA1	Q9HB63	Francisella tularensis SUBSPECIES TULARENSIS SCHU S4	Q5NFA1_FRATT	NET4_HUMAN	1	177416	two hybrid pooling approach	20711500
Q5NGR8	Q96SB3	Francisella tularensis SUBSPECIES TULARENSIS SCHU S4	Q5NGR8_FRATT	NEB2_HUMAN	1	177416	two hybrid pooling approach	20711500
Q5NID1	O75376	Francisella tularensis SUBSPECIES TULARENSIS SCHU S4	RPOC_FRATT	NCOR1_HUMAN	1	177416	two hybrid pooling approach	20711500
Q5NHH0	O60502	Francisella tularensis SUBSPECIES TULARENSIS SCHU S4	Q5NHH0_FRATT	OGA_HUMAN	1	177416	two hybrid pooling approach	20711500
Q5NGI2	Q9Y6Q9	Francisella tularensis SUBSPECIES TULARENSIS SCHU S4	RNPH_FRATT	NCOA3_HUMAN	1	177416	two hybrid pooling approach	20711500
Q5NI89	Q9HCG8	Francisella tularensis SUBSPECIES TULARENSIS SCHU S4	Q5NI89_FRATT	CWC22_HUMAN	1	177416	two hybrid pooling approach	20711500
Q5NIP6	Q15080	Francisella tularensis SUBSPECIES TULARENSIS SCHU S4	GATA_FRATT	NCF4_HUMAN	1	177416	two hybrid pooling approach	20711500
Q5NF74	P19878	Francisella tularensis SUBSPECIES TULARENSIS SCHU S4	Q5NF74_FRATT	NCF2_HUMAN	1	177416	two hybrid pooling approach	20711500
Q5NIC1	Q3BBV0	Francisella tularensis SUBSPECIES TULARENSIS SCHU S4	Q5NIC1_FRATT	NBPF1_HUMAN	1	177416	two hybrid pooling approach	20711500
Q5NFQ6	Q58F05	Francisella tularensis SUBSPECIES TULARENSIS SCHU S4	Q5NFQ6_FRATT	Q58F05_HUMAN	1	177416	two hybrid pooling approach	20711500
Q5NIJ3	A2RRP1	Francisella tularensis SUBSPECIES TULARENSIS SCHU S4	Q5NIJ3_FRATT	NBAS_HUMAN	1	177416	two hybrid pooling approach	20711500
Q5NH32	Q13765	Francisella tularensis SUBSPECIES TULARENSIS SCHU S4	ILVD_FRATT	NACA_HUMAN	1	177416	two hybrid pooling approach	20711500
Q5NFB1	Q13765	Francisella tularensis SUBSPECIES TULARENSIS SCHU S4	GPMI_FRATT	NACA_HUMAN	1	177416	two hybrid pooling approach	20711500
Q5NET8	Q86UW6	Francisella tularensis SUBSPECIES TULARENSIS SCHU S4	Q5NET8_FRATT	N4BP2_HUMAN	1	177416	two hybrid pooling approach	20711500
Q5NEW4	O14974	Francisella tularensis SUBSPECIES TULARENSIS SCHU S4	Q5NEW4_FRATT	MYPT1_HUMAN	1	177416	two hybrid pooling approach	20711500
Q5NGX7	Q9NPC6	Francisella tularensis SUBSPECIES TULARENSIS SCHU S4	PNP_FRATT	MYOZ2_HUMAN	1	177416	two hybrid pooling approach	20711500
Q5NID9	Q13459	Francisella tularensis SUBSPECIES TULARENSIS SCHU S4	EFTU_FRATT	MYO9B_HUMAN	1	177416	two hybrid pooling approach	20711500
Q5NFC1	O94832	Francisella tularensis SUBSPECIES TULARENSIS SCHU S4	Q5NFC1_FRATT	MYO1D_HUMAN	1	177416	two hybrid pooling approach	20711500
Q5NGV7	P35579	Francisella tularensis SUBSPECIES TULARENSIS SCHU S4	KATG_FRATT	MYH9_HUMAN	1	177416	two hybrid pooling approach	20711500
Q5NEJ4	Q8N699	Francisella tularensis SUBSPECIES TULARENSIS SCHU S4	Q5NEJ4_FRATT	MYCT1_HUMAN	1	177416	two hybrid pooling approach	20711500
Q5NF74	O75592	Francisella tularensis SUBSPECIES TULARENSIS SCHU S4	Q5NF74_FRATT	MYCB2_HUMAN	1	177416	two hybrid pooling approach	20711500
Q5NEB4	Q92614	Francisella tularensis SUBSPECIES TULARENSIS SCHU S4	Q5NEB4_FRATT	MY18A_HUMAN	1	177416	two hybrid pooling approach	20711500
Q5NHX5	P01871	Francisella tularensis SUBSPECIES TULARENSIS SCHU S4	Q5NHX5_FRATT	IGHM_HUMAN	1	177416	two hybrid pooling approach	20711500
Q5NHM9	P01871	Francisella tularensis SUBSPECIES TULARENSIS SCHU S4	Q5NHM9_FRATT	IGHM_HUMAN	1	177416	two hybrid pooling approach	20711500
Q5NH25	P01871	Francisella tularensis SUBSPECIES TULARENSIS SCHU S4	Q5NH25_FRATT	IGHM_HUMAN	1	177416	two hybrid pooling approach	20711500
Q5NGF1	P01871	Francisella tularensis SUBSPECIES TULARENSIS SCHU S4	Q5NGF1_FRATT	IGHM_HUMAN	1	177416	two hybrid pooling approach	20711500
Q5NFV6	P01871	Francisella tularensis SUBSPECIES TULARENSIS SCHU S4	Q5NFV6_FRATT	IGHM_HUMAN	1	177416	two hybrid pooling approach	20711500
Q5NFR9	P01871	Francisella tularensis SUBSPECIES TULARENSIS SCHU S4	Q5NFR9_FRATT	IGHM_HUMAN	1	177416	two hybrid pooling approach	20711500
Q5NEX3	P01871	Francisella tularensis SUBSPECIES TULARENSIS SCHU S4	Q5NEX3_FRATT	IGHM_HUMAN	1	177416	two hybrid pooling approach	20711500
Q5NEC0	P01871	Francisella tularensis SUBSPECIES TULARENSIS SCHU S4	Q5NEC0_FRATT	IGHM_HUMAN	1	177416	two hybrid pooling approach	20711500
Q5NGA0	Q04900	Francisella tularensis SUBSPECIES TULARENSIS SCHU S4	Q5NGA0_FRATT	MUC24_HUMAN	1	177416	two hybrid pooling approach	20711500
Q5NGW2	P15941	Francisella tularensis SUBSPECIES TULARENSIS SCHU S4	Q5NGW2_FRATT	MUC1_HUMAN	1	177416	two hybrid pooling approach	20711500
Q5NGV3	P52701	Francisella tularensis SUBSPECIES TULARENSIS SCHU S4	Q5NGV3_FRATT	MSH6_HUMAN	1	177416	two hybrid pooling approach	20711500
Q5NHS6	O75970	Francisella tularensis SUBSPECIES TULARENSIS SCHU S4	Q5NHS6_FRATT	MPDZ_HUMAN	1	177416	two hybrid pooling approach	20711500
Q5NEG0	O75970	Francisella tularensis SUBSPECIES TULARENSIS SCHU S4	Q5NEG0_FRATT	MPDZ_HUMAN	1	177416	two hybrid pooling approach	20711500
Q5NID2	Q9Y605	Francisella tularensis SUBSPECIES TULARENSIS SCHU S4	RPOB_FRATT	MOFA1_HUMAN	1	177416	two hybrid pooling approach	20711500
Q5NH45	Q9Y605	Francisella tularensis SUBSPECIES TULARENSIS SCHU S4	Q5NH45_FRATT	MOFA1_HUMAN	1	177416	two hybrid pooling approach	20711500
Q5NI93	P26038	Francisella tularensis SUBSPECIES TULARENSIS SCHU S4	Q5NI93_FRATT	MOES_HUMAN	1	177416	two hybrid pooling approach	20711500
Q5NIN9	Q96BY2	Francisella tularensis SUBSPECIES TULARENSIS SCHU S4	Q5NIN9_FRATT	MOAP1_HUMAN	1	177416	two hybrid pooling approach	20711500
Q5NGV7	Q96BY2	Francisella tularensis SUBSPECIES TULARENSIS SCHU S4	KATG_FRATT	MOAP1_HUMAN	1	177416	two hybrid pooling approach	20711500
Q5NEL7	P40692	Francisella tularensis SUBSPECIES TULARENSIS SCHU S4	Q5NEL7_FRATT	MLH1_HUMAN	1	177416	two hybrid pooling approach	20711500
Q5NES5	Q16539	Francisella tularensis SUBSPECIES TULARENSIS SCHU S4	Q5NES5_FRATT	MK14_HUMAN	1	177416	two hybrid pooling approach	20711500
Q5NF40	Q96T58	Francisella tularensis SUBSPECIES TULARENSIS SCHU S4	Q5NF40_FRATT	MINT_HUMAN	1	177416	two hybrid pooling approach	20711500
Q5NI66	O94851	Francisella tularensis SUBSPECIES TULARENSIS SCHU S4	Q5NI66_FRATT	MICA2_HUMAN	1	177416	two hybrid pooling approach	20711500
Q5NIF4	Q96DM3	Francisella tularensis SUBSPECIES TULARENSIS SCHU S4	RF3_FRATT	MIC1_HUMAN	1	177416	two hybrid pooling approach	20711500
Q5NFQ6	Q96DM3	Francisella tularensis SUBSPECIES TULARENSIS SCHU S4	Q5NFQ6_FRATT	MIC1_HUMAN	1	177416	two hybrid pooling approach	20711500
Q5NHR0	Q8IWA4	Francisella tularensis SUBSPECIES TULARENSIS SCHU S4	GLMU_FRATT	MFN1_HUMAN	1	177416	two hybrid pooling approach	20711500
Q5NII2	Q9H1A3	Francisella tularensis SUBSPECIES TULARENSIS SCHU S4	Q5NII2_FRATT	METL9_HUMAN	1	177416	two hybrid pooling approach	20711500
Q5NHR1	P31153	Francisella tularensis SUBSPECIES TULARENSIS SCHU S4	Q5NHR1_FRATT	METK2_HUMAN	1	177416	two hybrid pooling approach	20711500
Q5NH68	P31153	Francisella tularensis SUBSPECIES TULARENSIS SCHU S4	Q5NH68_FRATT	METK2_HUMAN	1	177416	two hybrid pooling approach	20711500
Q5NHL4	Q12866	Francisella tularensis SUBSPECIES TULARENSIS SCHU S4	Q5NHL4_FRATT	MERTK_HUMAN	1	177416	two hybrid pooling approach	20711500
Q5NHH0	Q12866	Francisella tularensis SUBSPECIES TULARENSIS SCHU S4	Q5NHH0_FRATT	MERTK_HUMAN	1	177416	two hybrid pooling approach	20711500
Q5NG24	O14770	Francisella tularensis SUBSPECIES TULARENSIS SCHU S4	Q5NG24_FRATT	MEIS2_HUMAN	1	177416	two hybrid pooling approach	20711500
Q5NEC0	Q9NPJ6	Francisella tularensis SUBSPECIES TULARENSIS SCHU S4	Q5NEC0_FRATT	MED4_HUMAN	1	177416	two hybrid pooling approach	20711500
Q5NFJ2	Q9H204	Francisella tularensis SUBSPECIES TULARENSIS SCHU S4	Q5NFJ2_FRATT	MED28_HUMAN	1	177416	two hybrid pooling approach	20711500
Q5NIL2	Q9ULK4	Francisella tularensis SUBSPECIES TULARENSIS SCHU S4	Q5NIL2_FRATT	MED23_HUMAN	1	177416	two hybrid pooling approach	20711500
Q5NEC0	Q13503	Francisella tularensis SUBSPECIES TULARENSIS SCHU S4	Q5NEC0_FRATT	MED21_HUMAN	1	177416	two hybrid pooling approach	20711500
Q5NF50	Q9NXL9	Francisella tularensis SUBSPECIES TULARENSIS SCHU S4	Q5NF50_FRATT	MCM9_HUMAN	1	177416	two hybrid pooling approach	20711500
Q5NIJ3	O60318	Francisella tularensis SUBSPECIES TULARENSIS SCHU S4	Q5NIJ3_FRATT	GANP_HUMAN	1	177416	two hybrid pooling approach	20711500
Q5NHR0	Q9NR56	Francisella tularensis SUBSPECIES TULARENSIS SCHU S4	GLMU_FRATT	MBNL1_HUMAN	1	177416	two hybrid pooling approach	20711500
Q5NHK6	P27448	Francisella tularensis SUBSPECIES TULARENSIS SCHU S4	Q5NHK6_FRATT	MARK3_HUMAN	1	177416	two hybrid pooling approach	20711500
Q5NGV3	P27448	Francisella tularensis SUBSPECIES TULARENSIS SCHU S4	Q5NGV3_FRATT	MARK3_HUMAN	1	177416	two hybrid pooling approach	20711500
Q5NF74	P27816	Francisella tularensis SUBSPECIES TULARENSIS SCHU S4	Q5NF74_FRATT	MAP4_HUMAN	1	177416	two hybrid pooling approach	20711500
Q5NHE7	Q96QZ7	Francisella tularensis SUBSPECIES TULARENSIS SCHU S4	Q5NHE7_FRATT	MAGI1_HUMAN	1	177416	two hybrid pooling approach	20711500
Q5NEC0	Q96QZ7	Francisella tularensis SUBSPECIES TULARENSIS SCHU S4	Q5NEC0_FRATT	MAGI1_HUMAN	1	177416	two hybrid pooling approach	20711500
Q5NGZ2	Q9UNF1	Francisella tularensis SUBSPECIES TULARENSIS SCHU S4	Q5NGZ2_FRATT	MAGD2_HUMAN	1	177416	two hybrid pooling approach	20711500
Q5NIL8	O75444	Francisella tularensis SUBSPECIES TULARENSIS SCHU S4	Q5NIL8_FRATT	MAF_HUMAN	1	177416	two hybrid pooling approach	20711500
Q5NII1	Q8WXG6	Francisella tularensis SUBSPECIES TULARENSIS SCHU S4	Q5NII1_FRATT	MADD_HUMAN	1	177416	two hybrid pooling approach	20711500
Q5NGP5	O60664	Francisella tularensis SUBSPECIES TULARENSIS SCHU S4	Q5NGP5_FRATT	PLIN3_HUMAN	1	177416	two hybrid pooling approach	20711500
Q5NGV7	Q92918	Francisella tularensis SUBSPECIES TULARENSIS SCHU S4	KATG_FRATT	M4K1_HUMAN	1	177416	two hybrid pooling approach	20711500
Q5NGR8	Q9H2W1	Francisella tularensis SUBSPECIES TULARENSIS SCHU S4	Q5NGR8_FRATT	M4A6A_HUMAN	1	177416	two hybrid pooling approach	20711500
Q5NFZ8	Q9H2W1	Francisella tularensis SUBSPECIES TULARENSIS SCHU S4	HEM6_FRATT	M4A6A_HUMAN	1	177416	two hybrid pooling approach	20711500
Q5NHN7	Q02978	Francisella tularensis SUBSPECIES TULARENSIS SCHU S4	Q5NHN7_FRATT	M2OM_HUMAN	1	177416	two hybrid pooling approach	20711500
Q5NEC0	Q9HBG7	Francisella tularensis SUBSPECIES TULARENSIS SCHU S4	Q5NEC0_FRATT	LY9_HUMAN	1	177416	two hybrid pooling approach	20711500
Q5NI40	O75427	Francisella tularensis SUBSPECIES TULARENSIS SCHU S4	Q5NI40_FRATT	LRCH4_HUMAN	1	177416	two hybrid pooling approach	20711500
Q5NIA8	Q96CN5	Francisella tularensis SUBSPECIES TULARENSIS SCHU S4	RF1_FRATT	LRC45_HUMAN	1	177416	two hybrid pooling approach	20711500
Q5NGF1	Q96CN5	Francisella tularensis SUBSPECIES TULARENSIS SCHU S4	Q5NGF1_FRATT	LRC45_HUMAN	1	177416	two hybrid pooling approach	20711500
Q5NER8	Q96CN5	Francisella tularensis SUBSPECIES TULARENSIS SCHU S4	Q5NER8_FRATT	LRC45_HUMAN	1	177416	two hybrid pooling approach	20711500
Q5NGW8	O60711	Francisella tularensis SUBSPECIES TULARENSIS SCHU S4	ENO_FRATT	LPXN_HUMAN	1	177416	two hybrid pooling approach	20711500
Q5NFX8	P20700	Francisella tularensis SUBSPECIES TULARENSIS SCHU S4	Y1085_FRATT	LMNB1_HUMAN	1	177416	two hybrid pooling approach	20711500
Q5NGF6	P20700	Francisella tularensis SUBSPECIES TULARENSIS SCHU S4	Q5NGF6_FRATT	LMNB1_HUMAN	1	177416	two hybrid pooling approach	20711500
Q5NEB4	Q9NUN5	Francisella tularensis SUBSPECIES TULARENSIS SCHU S4	Q5NEB4_FRATT	LMBD1_HUMAN	1	177416	two hybrid pooling approach	20711500
Q5NF74	Q13136	Francisella tularensis SUBSPECIES TULARENSIS SCHU S4	Q5NF74_FRATT	LIPA1_HUMAN	1	177416	two hybrid pooling approach	20711500
Q5NGC7	P53671	Francisella tularensis SUBSPECIES TULARENSIS SCHU S4	Q5NGC7_FRATT	LIMK2_HUMAN	1	177416	two hybrid pooling approach	20711500
Q5NEH1	Q9BT23	Francisella tularensis SUBSPECIES TULARENSIS SCHU S4	Q5NEH1_FRATT	LIMD2_HUMAN	1	177416	two hybrid pooling approach	20711500
Q5NF37	Q08380	Francisella tularensis SUBSPECIES TULARENSIS SCHU S4	SYP_FRATT	LG3BP_HUMAN	1	177416	two hybrid pooling approach	20711500
Q5NEB6	Q08380	Francisella tularensis SUBSPECIES TULARENSIS SCHU S4	Q5NEB6_FRATT	LG3BP_HUMAN	1	177416	two hybrid pooling approach	20711500
Q5NFN4	P17931	Francisella tularensis SUBSPECIES TULARENSIS SCHU S4	UVRB_FRATT	LEG3_HUMAN	1	177416	two hybrid pooling approach	20711500
Q5NEL1	Q86U70	Francisella tularensis SUBSPECIES TULARENSIS SCHU S4	SYC_FRATT	LDB1_HUMAN	1	177416	two hybrid pooling approach	20711500
Q5NGF9	P06239	Francisella tularensis SUBSPECIES TULARENSIS SCHU S4	Q5NGF9_FRATT	LCK_HUMAN	1	177416	two hybrid pooling approach	20711500
Q5NF75	P06239	Francisella tularensis SUBSPECIES TULARENSIS SCHU S4	Q5NF75_FRATT	LCK_HUMAN	1	177416	two hybrid pooling approach	20711500
Q5NEG0	P06239	Francisella tularensis SUBSPECIES TULARENSIS SCHU S4	Q5NEG0_FRATT	LCK_HUMAN	1	177416	two hybrid pooling approach	20711500
Q5NHI8	Q9UIQ6	Francisella tularensis SUBSPECIES TULARENSIS SCHU S4	SYR_FRATT	LCAP_HUMAN	1	177416	two hybrid pooling approach	20711500
Q5NF74	Q4G0J3	Francisella tularensis SUBSPECIES TULARENSIS SCHU S4	Q5NF74_FRATT	LARP7_HUMAN	1	177416	two hybrid pooling approach	20711500
Q5NER5	Q4G0J3	Francisella tularensis SUBSPECIES TULARENSIS SCHU S4	Q5NER5_FRATT	LARP7_HUMAN	1	177416	two hybrid pooling approach	20711500
Q5NGI2	Q15012	Francisella tularensis SUBSPECIES TULARENSIS SCHU S4	RNPH_FRATT	LAP4A_HUMAN	1	177416	two hybrid pooling approach	20711500
Q5NID9	Q96RT1	Francisella tularensis SUBSPECIES TULARENSIS SCHU S4	EFTU_FRATT	ERBIN_HUMAN	1	177416	two hybrid pooling approach	20711500
Q5NHS4	P11279	Francisella tularensis SUBSPECIES TULARENSIS SCHU S4	Q5NHS4_FRATT	LAMP1_HUMAN	1	177416	two hybrid pooling approach	20711500
Q5NF74	O15230	Francisella tularensis SUBSPECIES TULARENSIS SCHU S4	Q5NF74_FRATT	LAMA5_HUMAN	1	177416	two hybrid pooling approach	20711500
Q5NFN7	P12956	Francisella tularensis SUBSPECIES TULARENSIS SCHU S4	Q5NFN7_FRATT	XRCC6_HUMAN	1	177416	two hybrid pooling approach	20711500
Q5NFP9	Q9NPI7	Francisella tularensis SUBSPECIES TULARENSIS SCHU S4	Q5NFP9_FRATT	KRCC1_HUMAN	1	177416	two hybrid pooling approach	20711500
Q5NF37	P14618	Francisella tularensis SUBSPECIES TULARENSIS SCHU S4	SYP_FRATT	KPYM_HUMAN	1	177416	two hybrid pooling approach	20711500
Q5NFB1	P14618	Francisella tularensis SUBSPECIES TULARENSIS SCHU S4	GPMI_FRATT	KPYM_HUMAN	1	177416	two hybrid pooling approach	20711500
Q5NID2	Q12918	Francisella tularensis SUBSPECIES TULARENSIS SCHU S4	RPOB_FRATT	KLRB1_HUMAN	1	177416	two hybrid pooling approach	20711500
Q5NFN7	Q96PQ7	Francisella tularensis SUBSPECIES TULARENSIS SCHU S4	Q5NFN7_FRATT	KLHL5_HUMAN	1	177416	two hybrid pooling approach	20711500
Q5NEV5	Q9Y2M5	Francisella tularensis SUBSPECIES TULARENSIS SCHU S4	Q5NEV5_FRATT	KLH20_HUMAN	1	177416	two hybrid pooling approach	20711500
Q5NFR9	O43896	Francisella tularensis SUBSPECIES TULARENSIS SCHU S4	Q5NFR9_FRATT	KIF1C_HUMAN	1	177416	two hybrid pooling approach	20711500
Q5NGF9	O60333	Francisella tularensis SUBSPECIES TULARENSIS SCHU S4	Q5NGF9_FRATT	KIF1B_HUMAN	1	177416	two hybrid pooling approach	20711500
Q5NIG6	Q9P2E2	Francisella tularensis SUBSPECIES TULARENSIS SCHU S4	Q5NIG6_FRATT	KIF17_HUMAN	1	177416	two hybrid pooling approach	20711500
Q5NHY6	P01834	Francisella tularensis SUBSPECIES TULARENSIS SCHU S4	SYE_FRATT	IGKC_HUMAN	1	177416	two hybrid pooling approach	20711500
Q5NGM6	P01834	Francisella tularensis SUBSPECIES TULARENSIS SCHU S4	RECR_FRATT	IGKC_HUMAN	1	177416	two hybrid pooling approach	20711500
Q5NIF3	P01834	Francisella tularensis SUBSPECIES TULARENSIS SCHU S4	Q5NIF3_FRATT	IGKC_HUMAN	1	177416	two hybrid pooling approach	20711500
Q5NI74	P01834	Francisella tularensis SUBSPECIES TULARENSIS SCHU S4	Q5NI74_FRATT	IGKC_HUMAN	1	177416	two hybrid pooling approach	20711500
Q5NGV7	P01834	Francisella tularensis SUBSPECIES TULARENSIS SCHU S4	KATG_FRATT	IGKC_HUMAN	1	177416	two hybrid pooling approach	20711500
Q5NEX4	P01834	Francisella tularensis SUBSPECIES TULARENSIS SCHU S4	Q5NEX4_FRATT	IGKC_HUMAN	1	177416	two hybrid pooling approach	20711500
Q5NEJ4	P01834	Francisella tularensis SUBSPECIES TULARENSIS SCHU S4	Q5NEJ4_FRATT	IGKC_HUMAN	1	177416	two hybrid pooling approach	20711500
Q5NEB5	P01834	Francisella tularensis SUBSPECIES TULARENSIS SCHU S4	Q5NEB5_FRATT	IGKC_HUMAN	1	177416	two hybrid pooling approach	20711500
Q5NF60	P01834	Francisella tularensis SUBSPECIES TULARENSIS SCHU S4	DNLJ_FRATT	IGKC_HUMAN	1	177416	two hybrid pooling approach	20711500
Q5NHN4	A7E2V4	Francisella tularensis SUBSPECIES TULARENSIS SCHU S4	GLGB_FRATT	ZSWM8_HUMAN	1	177416	two hybrid pooling approach	20711500
Q5NES9	Q2KHM9	Francisella tularensis SUBSPECIES TULARENSIS SCHU S4	Q5NES9_FRATT	MOONR_HUMAN	1	177416	two hybrid pooling approach	20711500
Q5NGF9	A2RU30	Francisella tularensis SUBSPECIES TULARENSIS SCHU S4	Q5NGF9_FRATT	TESP1_HUMAN	1	177416	two hybrid pooling approach	20711500
Q5NGM6	O75071	Francisella tularensis SUBSPECIES TULARENSIS SCHU S4	RECR_FRATT	EFC14_HUMAN	1	177416	two hybrid pooling approach	20711500
Q5NFK7	Q93073	Francisella tularensis SUBSPECIES TULARENSIS SCHU S4	Q5NFK7_FRATT	SBP2L_HUMAN	1	177416	two hybrid pooling approach	20711500
Q5NF31	Q14154	Francisella tularensis SUBSPECIES TULARENSIS SCHU S4	Q5NF31_FRATT	DELE_HUMAN	1	177416	two hybrid pooling approach	20711500
Q5NET8	Q15053	Francisella tularensis SUBSPECIES TULARENSIS SCHU S4	Q5NET8_FRATT	K0040_HUMAN	1	177416	two hybrid pooling approach	20711500
Q5NE83	P05412	Francisella tularensis SUBSPECIES TULARENSIS SCHU S4	Q5NE83_FRATT	JUN_HUMAN	1	177416	two hybrid pooling approach	20711500
Q5NHQ9	P05412	Francisella tularensis SUBSPECIES TULARENSIS SCHU S4	GLMS_FRATT	JUN_HUMAN	1	177416	two hybrid pooling approach	20711500
Q5NFP9	O76095	Francisella tularensis SUBSPECIES TULARENSIS SCHU S4	Q5NFP9_FRATT	JTB_HUMAN	1	177416	two hybrid pooling approach	20711500
Q5NF27	Q9NQC1	Francisella tularensis SUBSPECIES TULARENSIS SCHU S4	Q5NF27_FRATT	JADE2_HUMAN	1	177416	two hybrid pooling approach	20711500
Q5NEB5	Q9NQC1	Francisella tularensis SUBSPECIES TULARENSIS SCHU S4	Q5NEB5_FRATT	JADE2_HUMAN	1	177416	two hybrid pooling approach	20711500
Q5NIQ1	Q9NZM3	Francisella tularensis SUBSPECIES TULARENSIS SCHU S4	Q5NIQ1_FRATT	ITSN2_HUMAN	1	177416	two hybrid pooling approach	20711500
Q5NGF1	Q14573	Francisella tularensis SUBSPECIES TULARENSIS SCHU S4	Q5NGF1_FRATT	ITPR3_HUMAN	1	177416	two hybrid pooling approach	20711500
Q5NI93	Q969R8	Francisella tularensis SUBSPECIES TULARENSIS SCHU S4	Q5NI93_FRATT	ITFG2_HUMAN	1	177416	two hybrid pooling approach	20711500
Q5NHP0	Q96J02	Francisella tularensis SUBSPECIES TULARENSIS SCHU S4	GCST_FRATT	ITCH_HUMAN	1	177416	two hybrid pooling approach	20711500
Q5NFR6	P16144	Francisella tularensis SUBSPECIES TULARENSIS SCHU S4	Q5NFR6_FRATT	ITB4_HUMAN	1	177416	two hybrid pooling approach	20711500
Q5NH47	P16144	Francisella tularensis SUBSPECIES TULARENSIS SCHU S4	CLPP_FRATT	ITB4_HUMAN	1	177416	two hybrid pooling approach	20711500
Q5NEU6	P05107	Francisella tularensis SUBSPECIES TULARENSIS SCHU S4	Q5NEU6_FRATT	ITB2_HUMAN	1	177416	two hybrid pooling approach	20711500
Q5NF37	P56199	Francisella tularensis SUBSPECIES TULARENSIS SCHU S4	SYP_FRATT	ITA1_HUMAN	1	177416	two hybrid pooling approach	20711500
Q5NFR9	Q96CN7	Francisella tularensis SUBSPECIES TULARENSIS SCHU S4	Q5NFR9_FRATT	ISOC1_HUMAN	1	177416	two hybrid pooling approach	20711500
Q5NEC0	P48200	Francisella tularensis SUBSPECIES TULARENSIS SCHU S4	Q5NEC0_FRATT	IREB2_HUMAN	1	177416	two hybrid pooling approach	20711500
Q5NEC0	Q13576	Francisella tularensis SUBSPECIES TULARENSIS SCHU S4	Q5NEC0_FRATT	IQGA2_HUMAN	1	177416	two hybrid pooling approach	20711500
Q5NIB3	Q15051	Francisella tularensis SUBSPECIES TULARENSIS SCHU S4	Q5NIB3_FRATT	IQCB1_HUMAN	1	177416	two hybrid pooling approach	20711500
Q5NFP9	O15397	Francisella tularensis SUBSPECIES TULARENSIS SCHU S4	Q5NFP9_FRATT	IPO8_HUMAN	1	177416	two hybrid pooling approach	20711500
Q5NFP9	P06213	Francisella tularensis SUBSPECIES TULARENSIS SCHU S4	Q5NFP9_FRATT	INSR_HUMAN	1	177416	two hybrid pooling approach	20711500
Q5NEC0	P15260	Francisella tularensis SUBSPECIES TULARENSIS SCHU S4	Q5NEC0_FRATT	INGR1_HUMAN	1	177416	two hybrid pooling approach	20711500
Q5NH91	P48551	Francisella tularensis SUBSPECIES TULARENSIS SCHU S4	Q5NH91_FRATT	INAR2_HUMAN	1	177416	two hybrid pooling approach	20711500
Q5NI89	Q8NI35	Francisella tularensis SUBSPECIES TULARENSIS SCHU S4	Q5NI89_FRATT	INADL_HUMAN	1	177416	two hybrid pooling approach	20711500
Q5NEH1	Q14974	Francisella tularensis SUBSPECIES TULARENSIS SCHU S4	Q5NEH1_FRATT	IMB1_HUMAN	1	177416	two hybrid pooling approach	20711500
Q5NEM9	O15131	Francisella tularensis SUBSPECIES TULARENSIS SCHU S4	Q5NEM9_FRATT	IMA6_HUMAN	1	177416	two hybrid pooling approach	20711500
Q5NEC0	P31785	Francisella tularensis SUBSPECIES TULARENSIS SCHU S4	Q5NEC0_FRATT	IL2RG_HUMAN	1	177416	two hybrid pooling approach	20711500
Q5NEC0	P25963	Francisella tularensis SUBSPECIES TULARENSIS SCHU S4	Q5NEC0_FRATT	IKBA_HUMAN	1	177416	two hybrid pooling approach	20711500
Q5NH71	P01857	Francisella tularensis SUBSPECIES TULARENSIS SCHU S4	Q5NH71_FRATT	IGHG1_HUMAN	1	177416	two hybrid pooling approach	20711500
Q5NID2	P01877	Francisella tularensis SUBSPECIES TULARENSIS SCHU S4	RPOB_FRATT	IGHA2_HUMAN	1	177416	two hybrid pooling approach	20711500
Q5NH94	P01877	Francisella tularensis SUBSPECIES TULARENSIS SCHU S4	ALR_FRATT	IGHA2_HUMAN	1	177416	two hybrid pooling approach	20711500
Q5NG93	P01877	Francisella tularensis SUBSPECIES TULARENSIS SCHU S4	Q5NG93_FRATT	IGHA2_HUMAN	1	177416	two hybrid pooling approach	20711500
Q5NHX0	P01877	Francisella tularensis SUBSPECIES TULARENSIS SCHU S4	EFG_FRATT	IGHA2_HUMAN	1	177416	two hybrid pooling approach	20711500
Q5NGF6	P40305	Francisella tularensis SUBSPECIES TULARENSIS SCHU S4	Q5NGF6_FRATT	IFI27_HUMAN	1	177416	two hybrid pooling approach	20711500
Q5NIA8	O60573	Francisella tularensis SUBSPECIES TULARENSIS SCHU S4	RF1_FRATT	IF4E2_HUMAN	1	177416	two hybrid pooling approach	20711500
Q5NGN2	Q14240	Francisella tularensis SUBSPECIES TULARENSIS SCHU S4	Q5NGN2_FRATT	IF4A2_HUMAN	1	177416	two hybrid pooling approach	20711500
Q5NFV6	P60842	Francisella tularensis SUBSPECIES TULARENSIS SCHU S4	Q5NFV6_FRATT	IF4A1_HUMAN	1	177416	two hybrid pooling approach	20711500
Q5NGZ7	P41091	Francisella tularensis SUBSPECIES TULARENSIS SCHU S4	Q5NGZ7_FRATT	IF2G_HUMAN	1	177416	two hybrid pooling approach	20711500
Q5NIP6	Q9HBG6	Francisella tularensis SUBSPECIES TULARENSIS SCHU S4	GATA_FRATT	IF122_HUMAN	1	177416	two hybrid pooling approach	20711500
Q5NG53	Q9BTL4	Francisella tularensis SUBSPECIES TULARENSIS SCHU S4	SYFA_FRATT	IER2_HUMAN	1	177416	two hybrid pooling approach	20711500
Q5NHY6	O75874	Francisella tularensis SUBSPECIES TULARENSIS SCHU S4	SYE_FRATT	IDHC_HUMAN	1	177416	two hybrid pooling approach	20711500
Q5NI96	Q5TEJ8	Francisella tularensis SUBSPECIES TULARENSIS SCHU S4	DDL_FRATT	THMS2_HUMAN	1	177416	two hybrid pooling approach	20711500
Q5NII2	Q12891	Francisella tularensis SUBSPECIES TULARENSIS SCHU S4	Q5NII2_FRATT	HYAL2_HUMAN	1	177416	two hybrid pooling approach	20711500
Q5NET3	Q12891	Francisella tularensis SUBSPECIES TULARENSIS SCHU S4	Q5NET3_FRATT	HYAL2_HUMAN	1	177416	two hybrid pooling approach	20711500
Q5NHE7	O43464	Francisella tularensis SUBSPECIES TULARENSIS SCHU S4	Q5NHE7_FRATT	HTRA2_HUMAN	1	177416	two hybrid pooling approach	20711500
Q5NGE6	P04792	Francisella tularensis SUBSPECIES TULARENSIS SCHU S4	Q5NGE6_FRATT	HSPB1_HUMAN	1	177416	two hybrid pooling approach	20711500
Q5NEB6	P04792	Francisella tularensis SUBSPECIES TULARENSIS SCHU S4	Q5NEB6_FRATT	HSPB1_HUMAN	1	177416	two hybrid pooling approach	20711500
Q5NEB2	P04792	Francisella tularensis SUBSPECIES TULARENSIS SCHU S4	Q5NEB2_FRATT	HSPB1_HUMAN	1	177416	two hybrid pooling approach	20711500
Q5NFW7	Q9NSC5	Francisella tularensis SUBSPECIES TULARENSIS SCHU S4	SYA_FRATT	HOME3_HUMAN	1	177416	two hybrid pooling approach	20711500
Q5NHL7	O43390	Francisella tularensis SUBSPECIES TULARENSIS SCHU S4	Q5NHL7_FRATT	HNRPR_HUMAN	1	177416	two hybrid pooling approach	20711500
Q5NFY5	P31943	Francisella tularensis SUBSPECIES TULARENSIS SCHU S4	Q5NFY5_FRATT	HNRH1_HUMAN	1	177416	two hybrid pooling approach	20711500
Q5NF37	P09601	Francisella tularensis SUBSPECIES TULARENSIS SCHU S4	SYP_FRATT	HMOX1_HUMAN	1	177416	two hybrid pooling approach	20711500
Q5NGR3	P05204	Francisella tularensis SUBSPECIES TULARENSIS SCHU S4	SECA_FRATT	HMGN2_HUMAN	1	177416	two hybrid pooling approach	20711500
Q5NGC7	P35914	Francisella tularensis SUBSPECIES TULARENSIS SCHU S4	Q5NGC7_FRATT	HMGCL_HUMAN	1	177416	two hybrid pooling approach	20711500
Q5NIJ3	P09429	Francisella tularensis SUBSPECIES TULARENSIS SCHU S4	Q5NIJ3_FRATT	HMGB1_HUMAN	1	177416	two hybrid pooling approach	20711500
Q5NHX0	Q96RW7	Francisella tularensis SUBSPECIES TULARENSIS SCHU S4	EFG_FRATT	HMCN1_HUMAN	1	177416	two hybrid pooling approach	20711500
Q5NG53	Q16534	Francisella tularensis SUBSPECIES TULARENSIS SCHU S4	SYFA_FRATT	HLF_HUMAN	1	177416	two hybrid pooling approach	20711500
Q5NHH6	Q16534	Francisella tularensis SUBSPECIES TULARENSIS SCHU S4	Q5NHH6_FRATT	HLF_HUMAN	1	177416	two hybrid pooling approach	20711500
Q5NFN3	Q16534	Francisella tularensis SUBSPECIES TULARENSIS SCHU S4	Q5NFN3_FRATT	HLF_HUMAN	1	177416	two hybrid pooling approach	20711500
Q5NF29	Q16534	Francisella tularensis SUBSPECIES TULARENSIS SCHU S4	Q5NF29_FRATT	HLF_HUMAN	1	177416	two hybrid pooling approach	20711500
Q5NI35	P13747	Francisella tularensis SUBSPECIES TULARENSIS SCHU S4	Q5NI35_FRATT	HLAE_HUMAN	1	177416	two hybrid pooling approach	20711500
Q5NHZ0	P13747	Francisella tularensis SUBSPECIES TULARENSIS SCHU S4	Q5NHZ0_FRATT	HLAE_HUMAN	1	177416	two hybrid pooling approach	20711500
Q5NHX0	P13747	Francisella tularensis SUBSPECIES TULARENSIS SCHU S4	EFG_FRATT	HLAE_HUMAN	1	177416	two hybrid pooling approach	20711500
Q5NID2	P04233	Francisella tularensis SUBSPECIES TULARENSIS SCHU S4	RPOB_FRATT	HG2A_HUMAN	1	177416	two hybrid pooling approach	20711500
Q5NI89	P04233	Francisella tularensis SUBSPECIES TULARENSIS SCHU S4	Q5NI89_FRATT	HG2A_HUMAN	1	177416	two hybrid pooling approach	20711500
Q5NGC3	P04233	Francisella tularensis SUBSPECIES TULARENSIS SCHU S4	RLMKL_FRATT	HG2A_HUMAN	1	177416	two hybrid pooling approach	20711500
Q5NEU6	P04233	Francisella tularensis SUBSPECIES TULARENSIS SCHU S4	Q5NEU6_FRATT	HG2A_HUMAN	1	177416	two hybrid pooling approach	20711500
Q5NES9	P04233	Francisella tularensis SUBSPECIES TULARENSIS SCHU S4	Q5NES9_FRATT	HG2A_HUMAN	1	177416	two hybrid pooling approach	20711500
Q5NEM9	P04233	Francisella tularensis SUBSPECIES TULARENSIS SCHU S4	Q5NEM9_FRATT	HG2A_HUMAN	1	177416	two hybrid pooling approach	20711500
Q5NEB4	P04233	Francisella tularensis SUBSPECIES TULARENSIS SCHU S4	Q5NEB4_FRATT	HG2A_HUMAN	1	177416	two hybrid pooling approach	20711500
Q5NHT8	P04233	Francisella tularensis SUBSPECIES TULARENSIS SCHU S4	HTPG_FRATT	HG2A_HUMAN	1	177416	two hybrid pooling approach	20711500
Q5NID9	P04233	Francisella tularensis SUBSPECIES TULARENSIS SCHU S4	EFTU_FRATT	HG2A_HUMAN	1	177416	two hybrid pooling approach	20711500
Q5NGX7	Q30201	Francisella tularensis SUBSPECIES TULARENSIS SCHU S4	PNP_FRATT	HFE_HUMAN	1	177416	two hybrid pooling approach	20711500
Q5NFC4	P42694	Francisella tularensis SUBSPECIES TULARENSIS SCHU S4	G6PI_FRATT	HELZ_HUMAN	1	177416	two hybrid pooling approach	20711500
Q5NIF9	P68871	Francisella tularensis SUBSPECIES TULARENSIS SCHU S4	Q5NIF9_FRATT	HBB_HUMAN	1	177416	two hybrid pooling approach	20711500
Q5NFZ2	P69905	Francisella tularensis SUBSPECIES TULARENSIS SCHU S4	Q5NFZ2_FRATT	HBA_HUMAN	1	177416	two hybrid pooling approach	20711500
Q5NGV7	P01912	Francisella tularensis SUBSPECIES TULARENSIS SCHU S4	KATG_FRATT	2B13_HUMAN	1	177416	two hybrid pooling approach	20711500
Q5NF67	P01912	Francisella tularensis SUBSPECIES TULARENSIS SCHU S4	Q5NF67_FRATT	2B13_HUMAN	1	177416	two hybrid pooling approach	20711500
Q5NF60	P01912	Francisella tularensis SUBSPECIES TULARENSIS SCHU S4	DNLJ_FRATT	2B13_HUMAN	1	177416	two hybrid pooling approach	20711500
Q5NE99	O00165	Francisella tularensis SUBSPECIES TULARENSIS SCHU S4	SECB2_FRATT	HAX1_HUMAN	1	177416	two hybrid pooling approach	20711500
Q5NFJ2	O00165	Francisella tularensis SUBSPECIES TULARENSIS SCHU S4	Q5NFJ2_FRATT	HAX1_HUMAN	1	177416	two hybrid pooling approach	20711500
Q5NGV3	P01909	Francisella tularensis SUBSPECIES TULARENSIS SCHU S4	Q5NGV3_FRATT	DQA1_HUMAN	1	177416	two hybrid pooling approach	20711500
Q5NI66	P84243	Francisella tularensis SUBSPECIES TULARENSIS SCHU S4	Q5NI66_FRATT	H33_HUMAN	1	177416	two hybrid pooling approach	20711500
Q5NGW2	P84243	Francisella tularensis SUBSPECIES TULARENSIS SCHU S4	Q5NGW2_FRATT	H33_HUMAN	1	177416	two hybrid pooling approach	20711500
Q5NGC7	Q6FI13	Francisella tularensis SUBSPECIES TULARENSIS SCHU S4	Q5NGC7_FRATT	H2A2A_HUMAN	1	177416	two hybrid pooling approach	20711500
Q5NID2	P11169	Francisella tularensis SUBSPECIES TULARENSIS SCHU S4	RPOB_FRATT	GTR3_HUMAN	1	177416	two hybrid pooling approach	20711500
Q5NF37	P78347	Francisella tularensis SUBSPECIES TULARENSIS SCHU S4	SYP_FRATT	GTF2I_HUMAN	1	177416	two hybrid pooling approach	20711500
Q5NHM9	P78347	Francisella tularensis SUBSPECIES TULARENSIS SCHU S4	Q5NHM9_FRATT	GTF2I_HUMAN	1	177416	two hybrid pooling approach	20711500
Q5NGM1	P09211	Francisella tularensis SUBSPECIES TULARENSIS SCHU S4	Q5NGM1_FRATT	GSTP1_HUMAN	1	177416	two hybrid pooling approach	20711500
Q5NEP4	Q9NZM5	Francisella tularensis SUBSPECIES TULARENSIS SCHU S4	Q5NEP4_FRATT	GSCR2_HUMAN	1	177416	two hybrid pooling approach	20711500
Q5NHB4	Q9NZM4	Francisella tularensis SUBSPECIES TULARENSIS SCHU S4	Q5NHB4_FRATT	GSCR1_HUMAN	1	177416	two hybrid pooling approach	20711500
Q5NF52	Q7LDG7	Francisella tularensis SUBSPECIES TULARENSIS SCHU S4	Q5NF52_FRATT	GRP2_HUMAN	1	177416	two hybrid pooling approach	20711500
Q5NEC0	P09341	Francisella tularensis SUBSPECIES TULARENSIS SCHU S4	Q5NEC0_FRATT	GROA_HUMAN	1	177416	two hybrid pooling approach	20711500
Q5NHN0	Q7Z6J2	Francisella tularensis SUBSPECIES TULARENSIS SCHU S4	Q5NHN0_FRATT	GRASP_HUMAN	1	177416	two hybrid pooling approach	20711500
Q5NEC0	P12544	Francisella tularensis SUBSPECIES TULARENSIS SCHU S4	Q5NEC0_FRATT	GRAA_HUMAN	1	177416	two hybrid pooling approach	20711500
Q5NEP4	Q8TDU6	Francisella tularensis SUBSPECIES TULARENSIS SCHU S4	Q5NEP4_FRATT	GPBAR_HUMAN	1	177416	two hybrid pooling approach	20711500
Q5NI89	Q86XS8	Francisella tularensis SUBSPECIES TULARENSIS SCHU S4	Q5NI89_FRATT	GOLI_HUMAN	1	177416	two hybrid pooling approach	20711500
Q5NI66	Q86XS8	Francisella tularensis SUBSPECIES TULARENSIS SCHU S4	Q5NI66_FRATT	GOLI_HUMAN	1	177416	two hybrid pooling approach	20711500
Q5NER2	Q9P2T1	Francisella tularensis SUBSPECIES TULARENSIS SCHU S4	Q5NER2_FRATT	GMPR2_HUMAN	1	177416	two hybrid pooling approach	20711500
Q5NII1	P15104	Francisella tularensis SUBSPECIES TULARENSIS SCHU S4	Q5NII1_FRATT	GLNA_HUMAN	1	177416	two hybrid pooling approach	20711500
Q5NH99	Q14161	Francisella tularensis SUBSPECIES TULARENSIS SCHU S4	Q5NH99_FRATT	GIT2_HUMAN	1	177416	two hybrid pooling approach	20711500
Q5NHH1	Q9Y2X7	Francisella tularensis SUBSPECIES TULARENSIS SCHU S4	Q5NHH1_FRATT	GIT1_HUMAN	1	177416	two hybrid pooling approach	20711500
Q5NI92	Q8TF65	Francisella tularensis SUBSPECIES TULARENSIS SCHU S4	LPXC_FRATT	GIPC2_HUMAN	1	177416	two hybrid pooling approach	20711500
Q5NEN3	Q8TF65	Francisella tularensis SUBSPECIES TULARENSIS SCHU S4	Q5NEN3_FRATT	GIPC2_HUMAN	1	177416	two hybrid pooling approach	20711500
Q5NEL1	O14908	Francisella tularensis SUBSPECIES TULARENSIS SCHU S4	SYC_FRATT	GIPC1_HUMAN	1	177416	two hybrid pooling approach	20711500
Q5NEB2	Q9HCC8	Francisella tularensis SUBSPECIES TULARENSIS SCHU S4	Q5NEB2_FRATT	GDPD2_HUMAN	1	177416	two hybrid pooling approach	20711500
Q5NG28	P52566	Francisella tularensis SUBSPECIES TULARENSIS SCHU S4	Q5NG28_FRATT	GDIR2_HUMAN	1	177416	two hybrid pooling approach	20711500
Q5NID1	Q96CW5	Francisella tularensis SUBSPECIES TULARENSIS SCHU S4	RPOC_FRATT	GCP3_HUMAN	1	177416	two hybrid pooling approach	20711500
Q5NIL8	Q96CN9	Francisella tularensis SUBSPECIES TULARENSIS SCHU S4	Q5NIL8_FRATT	GCC1_HUMAN	1	177416	two hybrid pooling approach	20711500
Q5NGN5	Q96CN9	Francisella tularensis SUBSPECIES TULARENSIS SCHU S4	Q5NGN5_FRATT	GCC1_HUMAN	1	177416	two hybrid pooling approach	20711500
Q5NF74	P63244	Francisella tularensis SUBSPECIES TULARENSIS SCHU S4	Q5NF74_FRATT	RACK1_HUMAN	1	177416	two hybrid pooling approach	20711500
Q5NHX0	P63244	Francisella tularensis SUBSPECIES TULARENSIS SCHU S4	EFG_FRATT	RACK1_HUMAN	1	177416	two hybrid pooling approach	20711500
Q5NEH1	P23769	Francisella tularensis SUBSPECIES TULARENSIS SCHU S4	Q5NEH1_FRATT	GATA2_HUMAN	1	177416	two hybrid pooling approach	20711500
Q5NG02	O60861	Francisella tularensis SUBSPECIES TULARENSIS SCHU S4	Q5NG02_FRATT	GAS7_HUMAN	1	177416	two hybrid pooling approach	20711500
Q5NIA8	P06241	Francisella tularensis SUBSPECIES TULARENSIS SCHU S4	RF1_FRATT	FYN_HUMAN	1	177416	two hybrid pooling approach	20711500
Q5NIG6	P51114	Francisella tularensis SUBSPECIES TULARENSIS SCHU S4	Q5NIG6_FRATT	FXR1_HUMAN	1	177416	two hybrid pooling approach	20711500
Q5NHR7	Q96AE4	Francisella tularensis SUBSPECIES TULARENSIS SCHU S4	Q5NHR7_FRATT	FUBP1_HUMAN	1	177416	two hybrid pooling approach	20711500
Q5NFK7	Q9BXM9	Francisella tularensis SUBSPECIES TULARENSIS SCHU S4	Q5NFK7_FRATT	FSD1L_HUMAN	1	177416	two hybrid pooling approach	20711500
Q5NHZ0	O94915	Francisella tularensis SUBSPECIES TULARENSIS SCHU S4	Q5NHZ0_FRATT	FRYL_HUMAN	1	177416	two hybrid pooling approach	20711500
Q5NFW7	Q9H334	Francisella tularensis SUBSPECIES TULARENSIS SCHU S4	SYA_FRATT	FOXP1_HUMAN	1	177416	two hybrid pooling approach	20711500
Q5NH37	P53539	Francisella tularensis SUBSPECIES TULARENSIS SCHU S4	Q5NH37_FRATT	FOSB_HUMAN	1	177416	two hybrid pooling approach	20711500
Q5NGZ3	P21333	Francisella tularensis SUBSPECIES TULARENSIS SCHU S4	Q5NGZ3_FRATT	FLNA_HUMAN	1	177416	two hybrid pooling approach	20711500
Q5NGW4	Q6UN15	Francisella tularensis SUBSPECIES TULARENSIS SCHU S4	TDH_FRATT	FIP1_HUMAN	1	177416	two hybrid pooling approach	20711500
Q5NF31	Q4L180	Francisella tularensis SUBSPECIES TULARENSIS SCHU S4	Q5NF31_FRATT	FIL1L_HUMAN	1	177416	two hybrid pooling approach	20711500
Q5NHZ4	Q14192	Francisella tularensis SUBSPECIES TULARENSIS SCHU S4	SYV_FRATT	FHL2_HUMAN	1	177416	two hybrid pooling approach	20711500
Q5NII1	Q14192	Francisella tularensis SUBSPECIES TULARENSIS SCHU S4	Q5NII1_FRATT	FHL2_HUMAN	1	177416	two hybrid pooling approach	20711500
Q5NH91	Q14192	Francisella tularensis SUBSPECIES TULARENSIS SCHU S4	Q5NH91_FRATT	FHL2_HUMAN	1	177416	two hybrid pooling approach	20711500
Q5NHC9	Q9NVK5	Francisella tularensis SUBSPECIES TULARENSIS SCHU S4	Q5NHC9_FRATT	FGOP2_HUMAN	1	177416	two hybrid pooling approach	20711500
Q5NF67	Q9UHY8	Francisella tularensis SUBSPECIES TULARENSIS SCHU S4	Q5NF67_FRATT	FEZ2_HUMAN	1	177416	two hybrid pooling approach	20711500
Q5NGE6	Q86WN1	Francisella tularensis SUBSPECIES TULARENSIS SCHU S4	Q5NGE6_FRATT	FCSD1_HUMAN	1	177416	two hybrid pooling approach	20711500
Q5NIQ5	Q7L513	Francisella tularensis SUBSPECIES TULARENSIS SCHU S4	Q5NIQ5_FRATT	FCRLA_HUMAN	1	177416	two hybrid pooling approach	20711500
Q5NF74	P31994	Francisella tularensis SUBSPECIES TULARENSIS SCHU S4	Q5NF74_FRATT	FCG2B_HUMAN	1	177416	two hybrid pooling approach	20711500
Q5NID2	Q9UKA1	Francisella tularensis SUBSPECIES TULARENSIS SCHU S4	RPOB_FRATT	FBXL5_HUMAN	1	177416	two hybrid pooling approach	20711500
Q5NIE3	Q9Y3I1	Francisella tularensis SUBSPECIES TULARENSIS SCHU S4	Q5NIE3_FRATT	FBX7_HUMAN	1	177416	two hybrid pooling approach	20711500
Q5NGW4	O94887	Francisella tularensis SUBSPECIES TULARENSIS SCHU S4	TDH_FRATT	FARP2_HUMAN	1	177416	two hybrid pooling approach	20711500
Q5NI79	Q9Y3D0	Francisella tularensis SUBSPECIES TULARENSIS SCHU S4	Q5NI79_FRATT	MIP18_HUMAN	1	177416	two hybrid pooling approach	20711500
Q5NIF4	Q96LZ7	Francisella tularensis SUBSPECIES TULARENSIS SCHU S4	RF3_FRATT	RMD2_HUMAN	1	177416	two hybrid pooling approach	20711500
Q5NGF1	Q6ZS17	Francisella tularensis SUBSPECIES TULARENSIS SCHU S4	Q5NGF1_FRATT	FA65A_HUMAN	1	177416	two hybrid pooling approach	20711500
Q5NFW7	Q86V20	Francisella tularensis SUBSPECIES TULARENSIS SCHU S4	SYA_FRATT	FA35A_HUMAN	1	177416	two hybrid pooling approach	20711500
Q5NFA4	Q6ICB0	Francisella tularensis SUBSPECIES TULARENSIS SCHU S4	Q5NFA4_FRATT	DESI1_HUMAN	1	177416	two hybrid pooling approach	20711500
Q5NF53	Q9H098	Francisella tularensis SUBSPECIES TULARENSIS SCHU S4	Q5NF53_FRATT	F107B_HUMAN	1	177416	two hybrid pooling approach	20711500
Q5NEC0	P15311	Francisella tularensis SUBSPECIES TULARENSIS SCHU S4	Q5NEC0_FRATT	EZRI_HUMAN	1	177416	two hybrid pooling approach	20711500
Q5NH32	Q9NV70	Francisella tularensis SUBSPECIES TULARENSIS SCHU S4	ILVD_FRATT	EXOC1_HUMAN	1	177416	two hybrid pooling approach	20711500
Q5NHR0	Q86YB8	Francisella tularensis SUBSPECIES TULARENSIS SCHU S4	GLMU_FRATT	ERO1B_HUMAN	1	177416	two hybrid pooling approach	20711500
Q5NFR1	Q99814	Francisella tularensis SUBSPECIES TULARENSIS SCHU S4	Q5NFR1_FRATT	EPAS1_HUMAN	1	177416	two hybrid pooling approach	20711500
Q5NEC0	Q99814	Francisella tularensis SUBSPECIES TULARENSIS SCHU S4	Q5NEC0_FRATT	EPAS1_HUMAN	1	177416	two hybrid pooling approach	20711500
Q5NIP5	Q99814	Francisella tularensis SUBSPECIES TULARENSIS SCHU S4	GATB_FRATT	EPAS1_HUMAN	1	177416	two hybrid pooling approach	20711500
Q5NF50	P14625	Francisella tularensis SUBSPECIES TULARENSIS SCHU S4	Q5NF50_FRATT	ENPL_HUMAN	1	177416	two hybrid pooling approach	20711500
Q5NI74	P06733	Francisella tularensis SUBSPECIES TULARENSIS SCHU S4	Q5NI74_FRATT	ENOA_HUMAN	1	177416	two hybrid pooling approach	20711500
Q5NEP5	Q9Y6C2	Francisella tularensis SUBSPECIES TULARENSIS SCHU S4	Q5NEP5_FRATT	EMIL1_HUMAN	1	177416	two hybrid pooling approach	20711500
Q5NIL8	Q32P44	Francisella tularensis SUBSPECIES TULARENSIS SCHU S4	Q5NIL8_FRATT	EMAL3_HUMAN	1	177416	two hybrid pooling approach	20711500
Q5NEC0	P32519	Francisella tularensis SUBSPECIES TULARENSIS SCHU S4	Q5NEC0_FRATT	ELF1_HUMAN	1	177416	two hybrid pooling approach	20711500
Q5NEC0	O75821	Francisella tularensis SUBSPECIES TULARENSIS SCHU S4	Q5NEC0_FRATT	EIF3G_HUMAN	1	177416	two hybrid pooling approach	20711500
Q5NFY4	Q9H9B1	Francisella tularensis SUBSPECIES TULARENSIS SCHU S4	Q5NFY4_FRATT	EHMT1_HUMAN	1	177416	two hybrid pooling approach	20711500
Q5NEB4	P00533	Francisella tularensis SUBSPECIES TULARENSIS SCHU S4	Q5NEB4_FRATT	EGFR_HUMAN	1	177416	two hybrid pooling approach	20711500
Q5NF37	Q9UHF1	Francisella tularensis SUBSPECIES TULARENSIS SCHU S4	SYP_FRATT	EGFL7_HUMAN	1	177416	two hybrid pooling approach	20711500
Q5NFM0	P13639	Francisella tularensis SUBSPECIES TULARENSIS SCHU S4	Q5NFM0_FRATT	EF2_HUMAN	1	177416	two hybrid pooling approach	20711500
Q5NFE2	P13639	Francisella tularensis SUBSPECIES TULARENSIS SCHU S4	Q5NFE2_FRATT	EF2_HUMAN	1	177416	two hybrid pooling approach	20711500
Q5NEA2	P13639	Francisella tularensis SUBSPECIES TULARENSIS SCHU S4	Q5NEA2_FRATT	EF2_HUMAN	1	177416	two hybrid pooling approach	20711500
Q5NFM0	P68104	Francisella tularensis SUBSPECIES TULARENSIS SCHU S4	Q5NFM0_FRATT	EF1A1_HUMAN	1	177416	two hybrid pooling approach	20711500
Q5NF74	Q92611	Francisella tularensis SUBSPECIES TULARENSIS SCHU S4	Q5NF74_FRATT	EDEM1_HUMAN	1	177416	two hybrid pooling approach	20711500
Q5NF27	P30084	Francisella tularensis SUBSPECIES TULARENSIS SCHU S4	Q5NF27_FRATT	ECHM_HUMAN	1	177416	two hybrid pooling approach	20711500
Q5NIL8	Q9NTX5	Francisella tularensis SUBSPECIES TULARENSIS SCHU S4	Q5NIL8_FRATT	ECHD1_HUMAN	1	177416	two hybrid pooling approach	20711500
Q5NHX5	P40939	Francisella tularensis SUBSPECIES TULARENSIS SCHU S4	Q5NHX5_FRATT	ECHA_HUMAN	1	177416	two hybrid pooling approach	20711500
Q5NEC0	Q13011	Francisella tularensis SUBSPECIES TULARENSIS SCHU S4	Q5NEC0_FRATT	ECH1_HUMAN	1	177416	two hybrid pooling approach	20711500
Q5NHN4	Q9Y2J2	Francisella tularensis SUBSPECIES TULARENSIS SCHU S4	GLGB_FRATT	E41L3_HUMAN	1	177416	two hybrid pooling approach	20711500
Q5NE83	O43491	Francisella tularensis SUBSPECIES TULARENSIS SCHU S4	Q5NE83_FRATT	E41L2_HUMAN	1	177416	two hybrid pooling approach	20711500
Q5NE94	O75923	Francisella tularensis SUBSPECIES TULARENSIS SCHU S4	Q5NE94_FRATT	DYSF_HUMAN	1	177416	two hybrid pooling approach	20711500
Q5NIP6	O75923	Francisella tularensis SUBSPECIES TULARENSIS SCHU S4	GATA_FRATT	DYSF_HUMAN	1	177416	two hybrid pooling approach	20711500
Q5NIJ1	Q86XF0	Francisella tularensis SUBSPECIES TULARENSIS SCHU S4	Q5NIJ1_FRATT	DYRL1_HUMAN	1	177416	two hybrid pooling approach	20711500
Q5NET8	P51808	Francisella tularensis SUBSPECIES TULARENSIS SCHU S4	Q5NET8_FRATT	DYLT3_HUMAN	1	177416	two hybrid pooling approach	20711500
Q5NFC7	P63172	Francisella tularensis SUBSPECIES TULARENSIS SCHU S4	Q5NFC7_FRATT	DYLT1_HUMAN	1	177416	two hybrid pooling approach	20711500
Q5NGL8	Q14204	Francisella tularensis SUBSPECIES TULARENSIS SCHU S4	SYT_FRATT	DYHC1_HUMAN	1	177416	two hybrid pooling approach	20711500
Q5NFB0	Q14204	Francisella tularensis SUBSPECIES TULARENSIS SCHU S4	SYS_FRATT	DYHC1_HUMAN	1	177416	two hybrid pooling approach	20711500
Q5NHD9	O14641	Francisella tularensis SUBSPECIES TULARENSIS SCHU S4	Q5NHD9_FRATT	DVL2_HUMAN	1	177416	two hybrid pooling approach	20711500
Q5NEB6	O60941	Francisella tularensis SUBSPECIES TULARENSIS SCHU S4	Q5NEB6_FRATT	DTNB_HUMAN	1	177416	two hybrid pooling approach	20711500
Q5NF66	Q9C005	Francisella tularensis SUBSPECIES TULARENSIS SCHU S4	Q5NF66_FRATT	DPY30_HUMAN	1	177416	two hybrid pooling approach	20711500
Q5NI85	Q9UHL4	Francisella tularensis SUBSPECIES TULARENSIS SCHU S4	Q5NI85_FRATT	DPP2_HUMAN	1	177416	two hybrid pooling approach	20711500
Q5NEC0	P49005	Francisella tularensis SUBSPECIES TULARENSIS SCHU S4	Q5NEC0_FRATT	DPOD2_HUMAN	1	177416	two hybrid pooling approach	20711500
Q5NHD1	Q8NF50	Francisella tularensis SUBSPECIES TULARENSIS SCHU S4	Q5NHD1_FRATT	DOCK8_HUMAN	1	177416	two hybrid pooling approach	20711500
Q5NIP8	Q9NP97	Francisella tularensis SUBSPECIES TULARENSIS SCHU S4	Q5NIP8_FRATT	DLRB1_HUMAN	1	177416	two hybrid pooling approach	20711500
Q5NID2	Q7L7V1	Francisella tularensis SUBSPECIES TULARENSIS SCHU S4	RPOB_FRATT	DHX32_HUMAN	1	177416	two hybrid pooling approach	20711500
Q5NI74	P31040	Francisella tularensis SUBSPECIES TULARENSIS SCHU S4	Q5NI74_FRATT	SDHA_HUMAN	1	177416	two hybrid pooling approach	20711500
Q5NES9	Q9Y394	Francisella tularensis SUBSPECIES TULARENSIS SCHU S4	Q5NES9_FRATT	DHRS7_HUMAN	1	177416	two hybrid pooling approach	20711500
Q5NG93	P00367	Francisella tularensis SUBSPECIES TULARENSIS SCHU S4	Q5NG93_FRATT	DHE3_HUMAN	1	177416	two hybrid pooling approach	20711500
Q5NF50	P00367	Francisella tularensis SUBSPECIES TULARENSIS SCHU S4	Q5NF50_FRATT	DHE3_HUMAN	1	177416	two hybrid pooling approach	20711500
Q5NF74	Q8IY21	Francisella tularensis SUBSPECIES TULARENSIS SCHU S4	Q5NF74_FRATT	DDX60_HUMAN	1	177416	two hybrid pooling approach	20711500
Q5NHY6	P17844	Francisella tularensis SUBSPECIES TULARENSIS SCHU S4	SYE_FRATT	DDX5_HUMAN	1	177416	two hybrid pooling approach	20711500
Q5NET1	P17844	Francisella tularensis SUBSPECIES TULARENSIS SCHU S4	Q5NET1_FRATT	DDX5_HUMAN	1	177416	two hybrid pooling approach	20711500
Q5NF50	Q7L014	Francisella tularensis SUBSPECIES TULARENSIS SCHU S4	Q5NF50_FRATT	DDX46_HUMAN	1	177416	two hybrid pooling approach	20711500
Q5NGF1	Q92841	Francisella tularensis SUBSPECIES TULARENSIS SCHU S4	Q5NGF1_FRATT	DDX17_HUMAN	1	177416	two hybrid pooling approach	20711500
Q5NIJ1	O43237	Francisella tularensis SUBSPECIES TULARENSIS SCHU S4	Q5NIJ1_FRATT	DC1L2_HUMAN	1	177416	two hybrid pooling approach	20711500
Q5NH53	Q15038	Francisella tularensis SUBSPECIES TULARENSIS SCHU S4	MIAB_FRATT	DAZP2_HUMAN	1	177416	two hybrid pooling approach	20711500
Q5NF52	Q9P219	Francisella tularensis SUBSPECIES TULARENSIS SCHU S4	Q5NF52_FRATT	DAPLE_HUMAN	1	177416	two hybrid pooling approach	20711500
Q5NID2	Q14118	Francisella tularensis SUBSPECIES TULARENSIS SCHU S4	RPOB_FRATT	DAG1_HUMAN	1	177416	two hybrid pooling approach	20711500
Q5NGT6	P08174	Francisella tularensis SUBSPECIES TULARENSIS SCHU S4	Q5NGT6_FRATT	DAF_HUMAN	1	177416	two hybrid pooling approach	20711500
Q5NFJ3	P08174	Francisella tularensis SUBSPECIES TULARENSIS SCHU S4	GLYA_FRATT	DAF_HUMAN	1	177416	two hybrid pooling approach	20711500
Q5NF74	O76096	Francisella tularensis SUBSPECIES TULARENSIS SCHU S4	Q5NF74_FRATT	CYTF_HUMAN	1	177416	two hybrid pooling approach	20711500
Q5NF37	P01034	Francisella tularensis SUBSPECIES TULARENSIS SCHU S4	SYP_FRATT	CYTC_HUMAN	1	177416	two hybrid pooling approach	20711500
Q5NF53	O00622	Francisella tularensis SUBSPECIES TULARENSIS SCHU S4	Q5NF53_FRATT	CYR61_HUMAN	1	177416	two hybrid pooling approach	20711500
Q5NGY9	Q99418	Francisella tularensis SUBSPECIES TULARENSIS SCHU S4	HSLU_FRATT	CYH2_HUMAN	1	177416	two hybrid pooling approach	20711500
Q5NFJ2	Q7L576	Francisella tularensis SUBSPECIES TULARENSIS SCHU S4	Q5NFJ2_FRATT	CYFP1_HUMAN	1	177416	two hybrid pooling approach	20711500
Q5NEJ4	O43927	Francisella tularensis SUBSPECIES TULARENSIS SCHU S4	Q5NEJ4_FRATT	CXL13_HUMAN	1	177416	two hybrid pooling approach	20711500
Q5NFY5	Q9P013	Francisella tularensis SUBSPECIES TULARENSIS SCHU S4	Q5NFY5_FRATT	CWC15_HUMAN	1	177416	two hybrid pooling approach	20711500
Q5NEB6	O60888	Francisella tularensis SUBSPECIES TULARENSIS SCHU S4	Q5NEB6_FRATT	CUTA_HUMAN	1	177416	two hybrid pooling approach	20711500
Q5NGN2	Q13617	Francisella tularensis SUBSPECIES TULARENSIS SCHU S4	Q5NGN2_FRATT	CUL2_HUMAN	1	177416	two hybrid pooling approach	20711500
Q5NI89	Q13616	Francisella tularensis SUBSPECIES TULARENSIS SCHU S4	Q5NI89_FRATT	CUL1_HUMAN	1	177416	two hybrid pooling approach	20711500
Q5NEC0	Q6XXX2	Francisella tularensis SUBSPECIES TULARENSIS SCHU S4	Q5NEC0_FRATT	CU024_HUMAN	1	177416	two hybrid pooling approach	20711500
Q5NEM9	P35222	Francisella tularensis SUBSPECIES TULARENSIS SCHU S4	Q5NEM9_FRATT	CTNB1_HUMAN	1	177416	two hybrid pooling approach	20711500
Q5NF74	Q9Y5B0	Francisella tularensis SUBSPECIES TULARENSIS SCHU S4	Q5NF74_FRATT	CTDP1_HUMAN	1	177416	two hybrid pooling approach	20711500
Q5NF60	O94964	Francisella tularensis SUBSPECIES TULARENSIS SCHU S4	DNLJ_FRATT	SOGA1_HUMAN	1	177416	two hybrid pooling approach	20711500
Q5NEW4	Q9BY42	Francisella tularensis SUBSPECIES TULARENSIS SCHU S4	Q5NEW4_FRATT	RTF2_HUMAN	1	177416	two hybrid pooling approach	20711500
Q5NID1	P67870	Francisella tularensis SUBSPECIES TULARENSIS SCHU S4	RPOC_FRATT	CSK2B_HUMAN	1	177416	two hybrid pooling approach	20711500
Q5NIE3	Q9BQ61	Francisella tularensis SUBSPECIES TULARENSIS SCHU S4	Q5NIE3_FRATT	CS043_HUMAN	1	177416	two hybrid pooling approach	20711500
Q5NIP5	Q9BZJ0	Francisella tularensis SUBSPECIES TULARENSIS SCHU S4	GATB_FRATT	CRNL1_HUMAN	1	177416	two hybrid pooling approach	20711500
Q5NFY4	Q70SY1	Francisella tularensis SUBSPECIES TULARENSIS SCHU S4	Q5NFY4_FRATT	CR3L2_HUMAN	1	177416	two hybrid pooling approach	20711500
Q5NEC0	P17927	Francisella tularensis SUBSPECIES TULARENSIS SCHU S4	Q5NEC0_FRATT	CR1_HUMAN	1	177416	two hybrid pooling approach	20711500
Q5NIN7	Q8WU58	Francisella tularensis SUBSPECIES TULARENSIS SCHU S4	Q5NIN7_FRATT	F222B_HUMAN	1	177416	two hybrid pooling approach	20711500
Q5NI93	Q16630	Francisella tularensis SUBSPECIES TULARENSIS SCHU S4	Q5NI93_FRATT	CPSF6_HUMAN	1	177416	two hybrid pooling approach	20711500
Q5NGR3	P04632	Francisella tularensis SUBSPECIES TULARENSIS SCHU S4	SECA_FRATT	CPNS1_HUMAN	1	177416	two hybrid pooling approach	20711500
Q5NIF3	Q6FI81	Francisella tularensis SUBSPECIES TULARENSIS SCHU S4	Q5NIF3_FRATT	CPIN1_HUMAN	1	177416	two hybrid pooling approach	20711500
Q5NGW2	Q6FI81	Francisella tularensis SUBSPECIES TULARENSIS SCHU S4	Q5NGW2_FRATT	CPIN1_HUMAN	1	177416	two hybrid pooling approach	20711500
Q5NEC0	Q66GS9	Francisella tularensis SUBSPECIES TULARENSIS SCHU S4	Q5NEC0_FRATT	CP135_HUMAN	1	177416	two hybrid pooling approach	20711500
Q5NEC0	Q9BQ65	Francisella tularensis SUBSPECIES TULARENSIS SCHU S4	Q5NEC0_FRATT	USB1_HUMAN	1	177416	two hybrid pooling approach	20711500
Q5NID9	Q9H0I2	Francisella tularensis SUBSPECIES TULARENSIS SCHU S4	EFTU_FRATT	ENKD1_HUMAN	1	177416	two hybrid pooling approach	20711500
Q5NIE3	P31146	Francisella tularensis SUBSPECIES TULARENSIS SCHU S4	Q5NIE3_FRATT	COR1A_HUMAN	1	177416	two hybrid pooling approach	20711500
Q5NID9	P31146	Francisella tularensis SUBSPECIES TULARENSIS SCHU S4	EFTU_FRATT	COR1A_HUMAN	1	177416	two hybrid pooling approach	20711500
Q5NFM0	P35606	Francisella tularensis SUBSPECIES TULARENSIS SCHU S4	Q5NFM0_FRATT	COPB2_HUMAN	1	177416	two hybrid pooling approach	20711500
Q5NE83	Q86VX2	Francisella tularensis SUBSPECIES TULARENSIS SCHU S4	Q5NE83_FRATT	COMD7_HUMAN	1	177416	two hybrid pooling approach	20711500
Q5NFN3	Q96MW5	Francisella tularensis SUBSPECIES TULARENSIS SCHU S4	Q5NFN3_FRATT	COG8_HUMAN	1	177416	two hybrid pooling approach	20711500
Q5NGF9	Q9UP83	Francisella tularensis SUBSPECIES TULARENSIS SCHU S4	Q5NGF9_FRATT	COG5_HUMAN	1	177416	two hybrid pooling approach	20711500
Q5NEY1	Q96JB2	Francisella tularensis SUBSPECIES TULARENSIS SCHU S4	Q5NEY1_FRATT	COG3_HUMAN	1	177416	two hybrid pooling approach	20711500
Q5NEW4	Q96CD2	Francisella tularensis SUBSPECIES TULARENSIS SCHU S4	Q5NEW4_FRATT	COAC_HUMAN	1	177416	two hybrid pooling approach	20711500
Q5NEY0	P12109	Francisella tularensis SUBSPECIES TULARENSIS SCHU S4	Q5NEY0_FRATT	CO6A1_HUMAN	1	177416	two hybrid pooling approach	20711500
Q5NHN4	P12109	Francisella tularensis SUBSPECIES TULARENSIS SCHU S4	GLGB_FRATT	CO6A1_HUMAN	1	177416	two hybrid pooling approach	20711500
Q5NEM9	P0C0L4	Francisella tularensis SUBSPECIES TULARENSIS SCHU S4	Q5NEM9_FRATT	CO4A_HUMAN	1	177416	two hybrid pooling approach	20711500
Q5NH48	P08572	Francisella tularensis SUBSPECIES TULARENSIS SCHU S4	TIG_FRATT	CO4A2_HUMAN	1	177416	two hybrid pooling approach	20711500
Q5NEH1	P08572	Francisella tularensis SUBSPECIES TULARENSIS SCHU S4	Q5NEH1_FRATT	CO4A2_HUMAN	1	177416	two hybrid pooling approach	20711500
Q5NIP6	P08572	Francisella tularensis SUBSPECIES TULARENSIS SCHU S4	GATA_FRATT	CO4A2_HUMAN	1	177416	two hybrid pooling approach	20711500
Q5NII1	P02462	Francisella tularensis SUBSPECIES TULARENSIS SCHU S4	Q5NII1_FRATT	CO4A1_HUMAN	1	177416	two hybrid pooling approach	20711500
Q5NI82	P02462	Francisella tularensis SUBSPECIES TULARENSIS SCHU S4	Q5NI82_FRATT	CO4A1_HUMAN	1	177416	two hybrid pooling approach	20711500
Q5NFA1	P02461	Francisella tularensis SUBSPECIES TULARENSIS SCHU S4	Q5NFA1_FRATT	CO3A1_HUMAN	1	177416	two hybrid pooling approach	20711500
Q5NEC2	P02461	Francisella tularensis SUBSPECIES TULARENSIS SCHU S4	Q5NEC2_FRATT	CO3A1_HUMAN	1	177416	two hybrid pooling approach	20711500
Q5NHY6	P08123	Francisella tularensis SUBSPECIES TULARENSIS SCHU S4	SYE_FRATT	CO1A2_HUMAN	1	177416	two hybrid pooling approach	20711500
Q5NFY4	P02452	Francisella tularensis SUBSPECIES TULARENSIS SCHU S4	Q5NFY4_FRATT	CO1A1_HUMAN	1	177416	two hybrid pooling approach	20711500
Q5NGF1	A5YKK6	Francisella tularensis SUBSPECIES TULARENSIS SCHU S4	Q5NGF1_FRATT	CNOT1_HUMAN	1	177416	two hybrid pooling approach	20711500
Q5NFY5	Q7Z3D6	Francisella tularensis SUBSPECIES TULARENSIS SCHU S4	Q5NFY5_FRATT	CN159_HUMAN	1	177416	two hybrid pooling approach	20711500
Q5NEC0	Q8NDC0	Francisella tularensis SUBSPECIES TULARENSIS SCHU S4	Q5NEC0_FRATT	MISSL_HUMAN	1	177416	two hybrid pooling approach	20711500
Q5NF50	O75503	Francisella tularensis SUBSPECIES TULARENSIS SCHU S4	Q5NF50_FRATT	CLN5_HUMAN	1	177416	two hybrid pooling approach	20711500
Q5NI40	P51790	Francisella tularensis SUBSPECIES TULARENSIS SCHU S4	Q5NI40_FRATT	CLCN3_HUMAN	1	177416	two hybrid pooling approach	20711500
Q5NHY8	Q8N1N0	Francisella tularensis SUBSPECIES TULARENSIS SCHU S4	Q5NHY8_FRATT	CLC4F_HUMAN	1	177416	two hybrid pooling approach	20711500
Q5NHN7	O75122	Francisella tularensis SUBSPECIES TULARENSIS SCHU S4	Q5NHN7_FRATT	CLAP2_HUMAN	1	177416	two hybrid pooling approach	20711500
Q5NF31	Q9HCM1	Francisella tularensis SUBSPECIES TULARENSIS SCHU S4	Q5NF31_FRATT	K1551_HUMAN	1	177416	two hybrid pooling approach	20711500
Q5NFP9	Q14CX7	Francisella tularensis SUBSPECIES TULARENSIS SCHU S4	Q5NFP9_FRATT	NAA25_HUMAN	1	177416	two hybrid pooling approach	20711500
Q5NFJ3	Q14CX7	Francisella tularensis SUBSPECIES TULARENSIS SCHU S4	GLYA_FRATT	NAA25_HUMAN	1	177416	two hybrid pooling approach	20711500
Q5NEB0	Q96FZ5	Francisella tularensis SUBSPECIES TULARENSIS SCHU S4	OBG_FRATT	CKLF7_HUMAN	1	177416	two hybrid pooling approach	20711500
Q5NEB0	Q9NX76	Francisella tularensis SUBSPECIES TULARENSIS SCHU S4	OBG_FRATT	CKLF6_HUMAN	1	177416	two hybrid pooling approach	20711500
Q5NHZ0	Q14008	Francisella tularensis SUBSPECIES TULARENSIS SCHU S4	Q5NHZ0_FRATT	CKAP5_HUMAN	1	177416	two hybrid pooling approach	20711500
Q5NI90	Q6IPW1	Francisella tularensis SUBSPECIES TULARENSIS SCHU S4	Q5NI90_FRATT	CK071_HUMAN	1	177416	two hybrid pooling approach	20711500
Q5NER2	Q8N8R7	Francisella tularensis SUBSPECIES TULARENSIS SCHU S4	Q5NER2_FRATT	AL14E_HUMAN	1	177416	two hybrid pooling approach	20711500
Q5NF29	Q86X95	Francisella tularensis SUBSPECIES TULARENSIS SCHU S4	Q5NF29_FRATT	CIR1_HUMAN	1	177416	two hybrid pooling approach	20711500
Q5NFV6	Q5VYM1	Francisella tularensis SUBSPECIES TULARENSIS SCHU S4	Q5NFV6_FRATT	CI131_HUMAN	1	177416	two hybrid pooling approach	20711500
Q5NI33	Q9H330	Francisella tularensis SUBSPECIES TULARENSIS SCHU S4	Q5NI33_FRATT	TM245_HUMAN	1	177416	two hybrid pooling approach	20711500
Q5NHS4	Q7LBR1	Francisella tularensis SUBSPECIES TULARENSIS SCHU S4	Q5NHS4_FRATT	CHM1B_HUMAN	1	177416	two hybrid pooling approach	20711500
Q5NEH1	Q9HCK8	Francisella tularensis SUBSPECIES TULARENSIS SCHU S4	Q5NEH1_FRATT	CHD8_HUMAN	1	177416	two hybrid pooling approach	20711500
Q5NFK4	Q9NX63	Francisella tularensis SUBSPECIES TULARENSIS SCHU S4	Q5NFK4_FRATT	MIC19_HUMAN	1	177416	two hybrid pooling approach	20711500
Q5NI96	Q9Y6H1	Francisella tularensis SUBSPECIES TULARENSIS SCHU S4	DDL_FRATT	CHCH2_HUMAN	1	177416	two hybrid pooling approach	20711500
Q5NFW7	Q68CZ6	Francisella tularensis SUBSPECIES TULARENSIS SCHU S4	SYA_FRATT	HAUS3_HUMAN	1	177416	two hybrid pooling approach	20711500
Q5NEX3	Q5SZL2	Francisella tularensis SUBSPECIES TULARENSIS SCHU S4	Q5NEX3_FRATT	CE85L_HUMAN	1	177416	two hybrid pooling approach	20711500
Q5NGL8	Q8IYT3	Francisella tularensis SUBSPECIES TULARENSIS SCHU S4	SYT_FRATT	CC170_HUMAN	1	177416	two hybrid pooling approach	20711500
Q5NHD1	Q96MT8	Francisella tularensis SUBSPECIES TULARENSIS SCHU S4	Q5NHD1_FRATT	CEP63_HUMAN	1	177416	two hybrid pooling approach	20711500
Q5NF74	Q86XR8	Francisella tularensis SUBSPECIES TULARENSIS SCHU S4	Q5NF74_FRATT	CEP57_HUMAN	1	177416	two hybrid pooling approach	20711500
Q5NGC9	O95319	Francisella tularensis SUBSPECIES TULARENSIS SCHU S4	Q5NGC9_FRATT	CELF2_HUMAN	1	177416	two hybrid pooling approach	20711500
Q5NFW7	O43303	Francisella tularensis SUBSPECIES TULARENSIS SCHU S4	SYA_FRATT	CP110_HUMAN	1	177416	two hybrid pooling approach	20711500
Q5NET3	O75956	Francisella tularensis SUBSPECIES TULARENSIS SCHU S4	Q5NET3_FRATT	CDKA2_HUMAN	1	177416	two hybrid pooling approach	20711500
Q5NIB3	Q99459	Francisella tularensis SUBSPECIES TULARENSIS SCHU S4	Q5NIB3_FRATT	CDC5L_HUMAN	1	177416	two hybrid pooling approach	20711500
Q5NGV7	P60953	Francisella tularensis SUBSPECIES TULARENSIS SCHU S4	KATG_FRATT	CDC42_HUMAN	1	177416	two hybrid pooling approach	20711500
Q5NEA3	P60953	Francisella tularensis SUBSPECIES TULARENSIS SCHU S4	Q5NEA3_FRATT	CDC42_HUMAN	1	177416	two hybrid pooling approach	20711500
Q5NI33	P30260	Francisella tularensis SUBSPECIES TULARENSIS SCHU S4	Q5NI33_FRATT	CDC27_HUMAN	1	177416	two hybrid pooling approach	20711500
Q5NG10	Q13042	Francisella tularensis SUBSPECIES TULARENSIS SCHU S4	CYSN_FRATT	CDC16_HUMAN	1	177416	two hybrid pooling approach	20711500
Q5NEC0	Q13042	Francisella tularensis SUBSPECIES TULARENSIS SCHU S4	Q5NEC0_FRATT	CDC16_HUMAN	1	177416	two hybrid pooling approach	20711500
Q5NII1	O43866	Francisella tularensis SUBSPECIES TULARENSIS SCHU S4	Q5NII1_FRATT	CD5L_HUMAN	1	177416	two hybrid pooling approach	20711500
Q5NIF9	Q6QIN9	Francisella tularensis SUBSPECIES TULARENSIS SCHU S4	Q5NIF9_FRATT	Q6QIN9_HUMAN	1	177416	two hybrid pooling approach	20711500
Q5NEE1	Q6QIN9	Francisella tularensis SUBSPECIES TULARENSIS SCHU S4	CH60_FRATT	Q6QIN9_HUMAN	1	177416	two hybrid pooling approach	20711500
Q5NG28	P16671	Francisella tularensis SUBSPECIES TULARENSIS SCHU S4	Q5NG28_FRATT	CD36_HUMAN	1	177416	two hybrid pooling approach	20711500
Q5NG93	P11836	Francisella tularensis SUBSPECIES TULARENSIS SCHU S4	Q5NG93_FRATT	CD20_HUMAN	1	177416	two hybrid pooling approach	20711500
Q5NFT9	O75794	Francisella tularensis SUBSPECIES TULARENSIS SCHU S4	Q5NFT9_FRATT	CD123_HUMAN	1	177416	two hybrid pooling approach	20711500
Q5NEQ5	O75794	Francisella tularensis SUBSPECIES TULARENSIS SCHU S4	Q5NEQ5_FRATT	CD123_HUMAN	1	177416	two hybrid pooling approach	20711500
Q5NID2	P32246	Francisella tularensis SUBSPECIES TULARENSIS SCHU S4	RPOB_FRATT	CCR1_HUMAN	1	177416	two hybrid pooling approach	20711500
Q5NEX3	Q2TAC2	Francisella tularensis SUBSPECIES TULARENSIS SCHU S4	Q5NEX3_FRATT	CCD57_HUMAN	1	177416	two hybrid pooling approach	20711500
Q5NGF9	Q8N0Z3	Francisella tularensis SUBSPECIES TULARENSIS SCHU S4	Q5NGF9_FRATT	SPICE_HUMAN	1	177416	two hybrid pooling approach	20711500
Q5NIN9	Q6P2H3	Francisella tularensis SUBSPECIES TULARENSIS SCHU S4	Q5NIN9_FRATT	CEP85_HUMAN	1	177416	two hybrid pooling approach	20711500
Q5NGW2	Q7L592	Francisella tularensis SUBSPECIES TULARENSIS SCHU S4	Q5NGW2_FRATT	NDUF7_HUMAN	1	177416	two hybrid pooling approach	20711500
Q5NFQ6	Q7L592	Francisella tularensis SUBSPECIES TULARENSIS SCHU S4	Q5NFQ6_FRATT	NDUF7_HUMAN	1	177416	two hybrid pooling approach	20711500
Q5NHX0	P47755	Francisella tularensis SUBSPECIES TULARENSIS SCHU S4	EFG_FRATT	CAZA2_HUMAN	1	177416	two hybrid pooling approach	20711500
Q5NF74	P25774	Francisella tularensis SUBSPECIES TULARENSIS SCHU S4	Q5NF74_FRATT	CATS_HUMAN	1	177416	two hybrid pooling approach	20711500
Q5NF37	P04040	Francisella tularensis SUBSPECIES TULARENSIS SCHU S4	SYP_FRATT	CATA_HUMAN	1	177416	two hybrid pooling approach	20711500
Q5NHZ4	Q14511	Francisella tularensis SUBSPECIES TULARENSIS SCHU S4	SYV_FRATT	CASL_HUMAN	1	177416	two hybrid pooling approach	20711500
Q5NEX4	Q9Y2G2	Francisella tularensis SUBSPECIES TULARENSIS SCHU S4	Q5NEX4_FRATT	CARD8_HUMAN	1	177416	two hybrid pooling approach	20711500
Q5NID9	Q9Y2G2	Francisella tularensis SUBSPECIES TULARENSIS SCHU S4	EFTU_FRATT	CARD8_HUMAN	1	177416	two hybrid pooling approach	20711500
Q5NGF9	Q14444	Francisella tularensis SUBSPECIES TULARENSIS SCHU S4	Q5NGF9_FRATT	CAPR1_HUMAN	1	177416	two hybrid pooling approach	20711500
Q5NFJ3	Q01518	Francisella tularensis SUBSPECIES TULARENSIS SCHU S4	GLYA_FRATT	CAP1_HUMAN	1	177416	two hybrid pooling approach	20711500
Q5NEC0	P27824	Francisella tularensis SUBSPECIES TULARENSIS SCHU S4	Q5NEC0_FRATT	CALX_HUMAN	1	177416	two hybrid pooling approach	20711500
Q5NEX4	Q13137	Francisella tularensis SUBSPECIES TULARENSIS SCHU S4	Q5NEX4_FRATT	CACO2_HUMAN	1	177416	two hybrid pooling approach	20711500
Q5NI33	Q9P1Z2	Francisella tularensis SUBSPECIES TULARENSIS SCHU S4	Q5NI33_FRATT	CACO1_HUMAN	1	177416	two hybrid pooling approach	20711500
Q5NIG1	Q9Y5P4	Francisella tularensis SUBSPECIES TULARENSIS SCHU S4	Q5NIG1_FRATT	C43BP_HUMAN	1	177416	two hybrid pooling approach	20711500
Q5NFQ6	Q9Y5P4	Francisella tularensis SUBSPECIES TULARENSIS SCHU S4	Q5NFQ6_FRATT	C43BP_HUMAN	1	177416	two hybrid pooling approach	20711500
Q5NI67	Q99622	Francisella tularensis SUBSPECIES TULARENSIS SCHU S4	Q5NI67_FRATT	C10_HUMAN	1	177416	two hybrid pooling approach	20711500
Q5NE99	Q9NWR8	Francisella tularensis SUBSPECIES TULARENSIS SCHU S4	SECB2_FRATT	MCUB_HUMAN	1	177416	two hybrid pooling approach	20711500
Q5NGX7	A0JLQ5	Francisella tularensis SUBSPECIES TULARENSIS SCHU S4	PNP_FRATT	A0JLQ5_HUMAN	1	177416	two hybrid pooling approach	20711500
Q5NF53	Q5VXM9	Francisella tularensis SUBSPECIES TULARENSIS SCHU S4	Q5NF53_FRATT	Q5VXM9_HUMAN	1	177416	two hybrid pooling approach	20711500
Q5NEC8	Q9ULD4	Francisella tularensis SUBSPECIES TULARENSIS SCHU S4	Q5NEC8_FRATT	BRPF3_HUMAN	1	177416	two hybrid pooling approach	20711500
Q5NG53	Q14692	Francisella tularensis SUBSPECIES TULARENSIS SCHU S4	SYFA_FRATT	BMS1_HUMAN	1	177416	two hybrid pooling approach	20711500
Q5NEC0	Q14692	Francisella tularensis SUBSPECIES TULARENSIS SCHU S4	Q5NEC0_FRATT	BMS1_HUMAN	1	177416	two hybrid pooling approach	20711500
Q5NGX7	Q13490	Francisella tularensis SUBSPECIES TULARENSIS SCHU S4	PNP_FRATT	BIRC2_HUMAN	1	177416	two hybrid pooling approach	20711500
Q5NIJ1	Q9NZS9	Francisella tularensis SUBSPECIES TULARENSIS SCHU S4	Q5NIJ1_FRATT	BFAR_HUMAN	1	177416	two hybrid pooling approach	20711500
Q5NF37	Q6W2J9	Francisella tularensis SUBSPECIES TULARENSIS SCHU S4	SYP_FRATT	BCOR_HUMAN	1	177416	two hybrid pooling approach	20711500
Q5NIQ2	P46379	Francisella tularensis SUBSPECIES TULARENSIS SCHU S4	Q5NIQ2_FRATT	BAG6_HUMAN	1	177416	two hybrid pooling approach	20711500
Q5NI22	P46379	Francisella tularensis SUBSPECIES TULARENSIS SCHU S4	Q5NI22_FRATT	BAG6_HUMAN	1	177416	two hybrid pooling approach	20711500
Q5NET1	P46379	Francisella tularensis SUBSPECIES TULARENSIS SCHU S4	Q5NET1_FRATT	BAG6_HUMAN	1	177416	two hybrid pooling approach	20711500
Q5NEP4	P46379	Francisella tularensis SUBSPECIES TULARENSIS SCHU S4	Q5NEP4_FRATT	BAG6_HUMAN	1	177416	two hybrid pooling approach	20711500
Q5NIE8	Q99933	Francisella tularensis SUBSPECIES TULARENSIS SCHU S4	Q5NIE8_FRATT	BAG1_HUMAN	1	177416	two hybrid pooling approach	20711500
Q5NGK2	P61769	Francisella tularensis SUBSPECIES TULARENSIS SCHU S4	Q5NGK2_FRATT	B2MG_HUMAN	1	177416	two hybrid pooling approach	20711500
Q5NFV6	P61769	Francisella tularensis SUBSPECIES TULARENSIS SCHU S4	Q5NFV6_FRATT	B2MG_HUMAN	1	177416	two hybrid pooling approach	20711500
Q5NET3	P61769	Francisella tularensis SUBSPECIES TULARENSIS SCHU S4	Q5NET3_FRATT	B2MG_HUMAN	1	177416	two hybrid pooling approach	20711500
Q5NEN2	P61769	Francisella tularensis SUBSPECIES TULARENSIS SCHU S4	Q5NEN2_FRATT	B2MG_HUMAN	1	177416	two hybrid pooling approach	20711500
Q5NHL4	Q9UPN4	Francisella tularensis SUBSPECIES TULARENSIS SCHU S4	Q5NHL4_FRATT	CP131_HUMAN	1	177416	two hybrid pooling approach	20711500
Q5NI90	O15169	Francisella tularensis SUBSPECIES TULARENSIS SCHU S4	Q5NI90_FRATT	AXIN1_HUMAN	1	177416	two hybrid pooling approach	20711500
Q5NF52	O15169	Francisella tularensis SUBSPECIES TULARENSIS SCHU S4	Q5NF52_FRATT	AXIN1_HUMAN	1	177416	two hybrid pooling approach	20711500
Q5NHZ4	P54253	Francisella tularensis SUBSPECIES TULARENSIS SCHU S4	SYV_FRATT	ATX1_HUMAN	1	177416	two hybrid pooling approach	20711500
Q5NI35	Q9UNA0	Francisella tularensis SUBSPECIES TULARENSIS SCHU S4	Q5NI35_FRATT	ATS5_HUMAN	1	177416	two hybrid pooling approach	20711500
Q5NGV3	Q13315	Francisella tularensis SUBSPECIES TULARENSIS SCHU S4	Q5NGV3_FRATT	ATM_HUMAN	1	177416	two hybrid pooling approach	20711500
Q5NF53	Q13315	Francisella tularensis SUBSPECIES TULARENSIS SCHU S4	Q5NF53_FRATT	ATM_HUMAN	1	177416	two hybrid pooling approach	20711500
Q5NH37	Q9UII2	Francisella tularensis SUBSPECIES TULARENSIS SCHU S4	Q5NH37_FRATT	ATIF1_HUMAN	1	177416	two hybrid pooling approach	20711500
Q5NH50	Q9UII2	Francisella tularensis SUBSPECIES TULARENSIS SCHU S4	KITH_FRATT	ATIF1_HUMAN	1	177416	two hybrid pooling approach	20711500
Q5NFN4	Q96KQ4	Francisella tularensis SUBSPECIES TULARENSIS SCHU S4	UVRB_FRATT	ASPP1_HUMAN	1	177416	two hybrid pooling approach	20711500
Q5NEP4	Q9UBL3	Francisella tularensis SUBSPECIES TULARENSIS SCHU S4	Q5NEP4_FRATT	ASH2L_HUMAN	1	177416	two hybrid pooling approach	20711500
Q5NGF1	Q9H1I8	Francisella tularensis SUBSPECIES TULARENSIS SCHU S4	Q5NGF1_FRATT	ASCC2_HUMAN	1	177416	two hybrid pooling approach	20711500
Q5NG37	Q96DX5	Francisella tularensis SUBSPECIES TULARENSIS SCHU S4	Q5NG37_FRATT	ASB9_HUMAN	1	177416	two hybrid pooling approach	20711500
Q5NGD0	P32121	Francisella tularensis SUBSPECIES TULARENSIS SCHU S4	SYI_FRATT	ARRB2_HUMAN	1	177416	two hybrid pooling approach	20711500
Q5NHX5	P32121	Francisella tularensis SUBSPECIES TULARENSIS SCHU S4	Q5NHX5_FRATT	ARRB2_HUMAN	1	177416	two hybrid pooling approach	20711500
Q5NGW2	P49407	Francisella tularensis SUBSPECIES TULARENSIS SCHU S4	Q5NGW2_FRATT	ARRB1_HUMAN	1	177416	two hybrid pooling approach	20711500
Q5NET8	P49407	Francisella tularensis SUBSPECIES TULARENSIS SCHU S4	Q5NET8_FRATT	ARRB1_HUMAN	1	177416	two hybrid pooling approach	20711500
Q5NF74	Q4LE39	Francisella tularensis SUBSPECIES TULARENSIS SCHU S4	Q5NF74_FRATT	ARI4B_HUMAN	1	177416	two hybrid pooling approach	20711500
Q5NHT8	Q4LE39	Francisella tularensis SUBSPECIES TULARENSIS SCHU S4	HTPG_FRATT	ARI4B_HUMAN	1	177416	two hybrid pooling approach	20711500
Q5NH02	Q9NWB6	Francisella tularensis SUBSPECIES TULARENSIS SCHU S4	Q5NH02_FRATT	ARGL1_HUMAN	1	177416	two hybrid pooling approach	20711500
Q5NET8	P53365	Francisella tularensis SUBSPECIES TULARENSIS SCHU S4	Q5NET8_FRATT	ARFP2_HUMAN	1	177416	two hybrid pooling approach	20711500
Q5NGF9	P53367	Francisella tularensis SUBSPECIES TULARENSIS SCHU S4	Q5NGF9_FRATT	ARFP1_HUMAN	1	177416	two hybrid pooling approach	20711500
Q5NEE2	P84077	Francisella tularensis SUBSPECIES TULARENSIS SCHU S4	CH10_FRATT	ARF1_HUMAN	1	177416	two hybrid pooling approach	20711500
Q5NHN7	Q8IWT0	Francisella tularensis SUBSPECIES TULARENSIS SCHU S4	Q5NHN7_FRATT	ARCH_HUMAN	1	177416	two hybrid pooling approach	20711500
Q5NEB4	Q8N6S5	Francisella tularensis SUBSPECIES TULARENSIS SCHU S4	Q5NEB4_FRATT	AR6P6_HUMAN	1	177416	two hybrid pooling approach	20711500
Q5NGA0	Q92482	Francisella tularensis SUBSPECIES TULARENSIS SCHU S4	Q5NGA0_FRATT	AQP3_HUMAN	1	177416	two hybrid pooling approach	20711500
Q5NGF1	O95236	Francisella tularensis SUBSPECIES TULARENSIS SCHU S4	Q5NGF1_FRATT	APOL3_HUMAN	1	177416	two hybrid pooling approach	20711500
Q5NGR3	Q02410	Francisella tularensis SUBSPECIES TULARENSIS SCHU S4	SECA_FRATT	APBA1_HUMAN	1	177416	two hybrid pooling approach	20711500
Q5NH38	O94973	Francisella tularensis SUBSPECIES TULARENSIS SCHU S4	Q5NH38_FRATT	AP2A2_HUMAN	1	177416	two hybrid pooling approach	20711500
Q5NGV7	O94973	Francisella tularensis SUBSPECIES TULARENSIS SCHU S4	KATG_FRATT	AP2A2_HUMAN	1	177416	two hybrid pooling approach	20711500
Q5NI89	O75843	Francisella tularensis SUBSPECIES TULARENSIS SCHU S4	Q5NI89_FRATT	AP1G2_HUMAN	1	177416	two hybrid pooling approach	20711500
Q5NIB1	Q10567	Francisella tularensis SUBSPECIES TULARENSIS SCHU S4	BAMB_FRATT	AP1B1_HUMAN	1	177416	two hybrid pooling approach	20711500
Q5NGW2	Q10567	Francisella tularensis SUBSPECIES TULARENSIS SCHU S4	Q5NGW2_FRATT	AP1B1_HUMAN	1	177416	two hybrid pooling approach	20711500
Q5NEX2	P20073	Francisella tularensis SUBSPECIES TULARENSIS SCHU S4	Q5NEX2_FRATT	ANXA7_HUMAN	1	177416	two hybrid pooling approach	20711500
Q5NIJ1	P08133	Francisella tularensis SUBSPECIES TULARENSIS SCHU S4	Q5NIJ1_FRATT	ANXA6_HUMAN	1	177416	two hybrid pooling approach	20711500
Q5NFT7	P08133	Francisella tularensis SUBSPECIES TULARENSIS SCHU S4	Q5NFT7_FRATT	ANXA6_HUMAN	1	177416	two hybrid pooling approach	20711500
Q5NG97	P07355	Francisella tularensis SUBSPECIES TULARENSIS SCHU S4	Q5NG97_FRATT	ANXA2_HUMAN	1	177416	two hybrid pooling approach	20711500
Q5NI96	P04083	Francisella tularensis SUBSPECIES TULARENSIS SCHU S4	DDL_FRATT	ANXA1_HUMAN	1	177416	two hybrid pooling approach	20711500
Q5NHS4	P50995	Francisella tularensis SUBSPECIES TULARENSIS SCHU S4	Q5NHS4_FRATT	ANX11_HUMAN	1	177416	two hybrid pooling approach	20711500
Q5NI74	Q6UB98	Francisella tularensis SUBSPECIES TULARENSIS SCHU S4	Q5NI74_FRATT	ANR12_HUMAN	1	177416	two hybrid pooling approach	20711500
Q5NGE6	Q6UB99	Francisella tularensis SUBSPECIES TULARENSIS SCHU S4	Q5NGE6_FRATT	ANR11_HUMAN	1	177416	two hybrid pooling approach	20711500
Q5NFN3	Q6UB99	Francisella tularensis SUBSPECIES TULARENSIS SCHU S4	Q5NFN3_FRATT	ANR11_HUMAN	1	177416	two hybrid pooling approach	20711500
Q5NFB0	O60678	Francisella tularensis SUBSPECIES TULARENSIS SCHU S4	SYS_FRATT	ANM3_HUMAN	1	177416	two hybrid pooling approach	20711500
Q5NFY6	P12235	Francisella tularensis SUBSPECIES TULARENSIS SCHU S4	Q5NFY6_FRATT	ADT1_HUMAN	1	177416	two hybrid pooling approach	20711500
Q5NGV3	Q9BTT0	Francisella tularensis SUBSPECIES TULARENSIS SCHU S4	Q5NGV3_FRATT	AN32E_HUMAN	1	177416	two hybrid pooling approach	20711500
Q5NGZ2	Q6ZTN6	Francisella tularensis SUBSPECIES TULARENSIS SCHU S4	Q5NGZ2_FRATT	AN13D_HUMAN	1	177416	two hybrid pooling approach	20711500
Q5NHN5	P15144	Francisella tularensis SUBSPECIES TULARENSIS SCHU S4	Q5NHN5_FRATT	AMPN_HUMAN	1	177416	two hybrid pooling approach	20711500
Q5NEC0	Q07075	Francisella tularensis SUBSPECIES TULARENSIS SCHU S4	Q5NEC0_FRATT	AMPE_HUMAN	1	177416	two hybrid pooling approach	20711500
Q5NFB0	P05062	Francisella tularensis SUBSPECIES TULARENSIS SCHU S4	SYS_FRATT	ALDOB_HUMAN	1	177416	two hybrid pooling approach	20711500
Q5NIJ3	P05062	Francisella tularensis SUBSPECIES TULARENSIS SCHU S4	Q5NIJ3_FRATT	ALDOB_HUMAN	1	177416	two hybrid pooling approach	20711500
Q5NHD1	P05062	Francisella tularensis SUBSPECIES TULARENSIS SCHU S4	Q5NHD1_FRATT	ALDOB_HUMAN	1	177416	two hybrid pooling approach	20711500
Q5NFY6	P04075	Francisella tularensis SUBSPECIES TULARENSIS SCHU S4	Q5NFY6_FRATT	ALDOA_HUMAN	1	177416	two hybrid pooling approach	20711500
Q5NH38	Q6ZS30	Francisella tularensis SUBSPECIES TULARENSIS SCHU S4	Q5NH38_FRATT	NBEL1_HUMAN	1	177416	two hybrid pooling approach	20711500
Q5NFY4	Q6ZS30	Francisella tularensis SUBSPECIES TULARENSIS SCHU S4	Q5NFY4_FRATT	NBEL1_HUMAN	1	177416	two hybrid pooling approach	20711500
Q5NGF1	Q8N187	Francisella tularensis SUBSPECIES TULARENSIS SCHU S4	Q5NGF1_FRATT	CARTF_HUMAN	1	177416	two hybrid pooling approach	20711500
Q5NFD5	P00352	Francisella tularensis SUBSPECIES TULARENSIS SCHU S4	Q5NFD5_FRATT	AL1A1_HUMAN	1	177416	two hybrid pooling approach	20711500
Q5NFN4	Q12802	Francisella tularensis SUBSPECIES TULARENSIS SCHU S4	UVRB_FRATT	AKP13_HUMAN	1	177416	two hybrid pooling approach	20711500
Q5NEC0	Q7Z591	Francisella tularensis SUBSPECIES TULARENSIS SCHU S4	Q5NEC0_FRATT	AKNA_HUMAN	1	177416	two hybrid pooling approach	20711500
Q5NII1	Q09666	Francisella tularensis SUBSPECIES TULARENSIS SCHU S4	Q5NII1_FRATT	AHNK_HUMAN	1	177416	two hybrid pooling approach	20711500
Q5NEM9	P51825	Francisella tularensis SUBSPECIES TULARENSIS SCHU S4	Q5NEM9_FRATT	AFF1_HUMAN	1	177416	two hybrid pooling approach	20711500
Q5NH75	Q08117	Francisella tularensis SUBSPECIES TULARENSIS SCHU S4	Q5NH75_FRATT	AES_HUMAN	1	177416	two hybrid pooling approach	20711500
Q5NEC0	Q08117	Francisella tularensis SUBSPECIES TULARENSIS SCHU S4	Q5NEC0_FRATT	AES_HUMAN	1	177416	two hybrid pooling approach	20711500
Q5NI31	Q9H2P0	Francisella tularensis SUBSPECIES TULARENSIS SCHU S4	HEM3_FRATT	ADNP_HUMAN	1	177416	two hybrid pooling approach	20711500
Q5NI40	P35611	Francisella tularensis SUBSPECIES TULARENSIS SCHU S4	Q5NI40_FRATT	ADDA_HUMAN	1	177416	two hybrid pooling approach	20711500
Q5NFK7	Q7Z6V5	Francisella tularensis SUBSPECIES TULARENSIS SCHU S4	Q5NFK7_FRATT	ADAT2_HUMAN	1	177416	two hybrid pooling approach	20711500
Q5NEC0	P63261	Francisella tularensis SUBSPECIES TULARENSIS SCHU S4	Q5NEC0_FRATT	ACTG_HUMAN	1	177416	two hybrid pooling approach	20711500
Q5NI89	Q02548	Francisella tularensis SUBSPECIES TULARENSIS SCHU S4	Q5NI89_FRATT	PAX5_HUMAN	1	177416	two hybrid pooling approach	20711500
Q5NIP5	A8KAD5	Francisella tularensis SUBSPECIES TULARENSIS SCHU S4	GATB_FRATT	A8KAD5_HUMAN	1	177416	two hybrid pooling approach	20711500
Q5NGV3	A8K9Y5	Francisella tularensis SUBSPECIES TULARENSIS SCHU S4	Q5NGV3_FRATT	A8K9Y5_HUMAN	1	177416	two hybrid pooling approach	20711500
Q5NET8	Q9H6E5	Francisella tularensis SUBSPECIES TULARENSIS SCHU S4	Q5NET8_FRATT	STPAP_HUMAN	1	177416	two hybrid pooling approach	20711500
Q5NGW8	O60667	Francisella tularensis SUBSPECIES TULARENSIS SCHU S4	ENO_FRATT	FAIM3_HUMAN	1	177416	two hybrid pooling approach	20711500
Q5NEC0	A8K451	Francisella tularensis SUBSPECIES TULARENSIS SCHU S4	Q5NEC0_FRATT	A8K451_HUMAN	1	177416	two hybrid pooling approach	20711500
Q5NIA8	A8K3J5	Francisella tularensis SUBSPECIES TULARENSIS SCHU S4	RF1_FRATT	A8K3J5_HUMAN	1	177416	two hybrid pooling approach	20711500
Q5NHN8	A8K2F4	Francisella tularensis SUBSPECIES TULARENSIS SCHU S4	GCSPA_FRATT	A8K2F4_HUMAN	1	177416	two hybrid pooling approach	20711500
Q5NHS4	O00481	Francisella tularensis SUBSPECIES TULARENSIS SCHU S4	Q5NHS4_FRATT	BT3A1_HUMAN	1	177416	two hybrid pooling approach	20711500
Q5NH21	Q9BZJ4	Francisella tularensis SUBSPECIES TULARENSIS SCHU S4	LIPA_FRATT	S2539_HUMAN	1	177416	two hybrid pooling approach	20711500
Q5NG28	Q13106	Francisella tularensis SUBSPECIES TULARENSIS SCHU S4	Q5NG28_FRATT	ZN154_HUMAN	1	177416	two hybrid pooling approach	20711500
Q5NET6	A7E1X5	Francisella tularensis SUBSPECIES TULARENSIS SCHU S4	Q5NET6_FRATT	A7E1X5_HUMAN	1	177416	two hybrid pooling approach	20711500
Q5NFP9	Q9UI33	Francisella tularensis SUBSPECIES TULARENSIS SCHU S4	Q5NFP9_FRATT	SCNBA_HUMAN	1	177416	two hybrid pooling approach	20711500
Q5NHP5	Q9NZE8	Francisella tularensis SUBSPECIES TULARENSIS SCHU S4	Q5NHP5_FRATT	RM35_HUMAN	1	177416	two hybrid pooling approach	20711500
Q5NEP4	P61077	Francisella tularensis SUBSPECIES TULARENSIS SCHU S4	Q5NEP4_FRATT	UB2D3_HUMAN	1	177416	two hybrid pooling approach	20711500
Q5NID2	P22897	Francisella tularensis SUBSPECIES TULARENSIS SCHU S4	RPOB_FRATT	MRC1_HUMAN	1	177416	two hybrid pooling approach	20711500
Q5NGW2	O95859	Francisella tularensis SUBSPECIES TULARENSIS SCHU S4	Q5NGW2_FRATT	TSN12_HUMAN	1	177416	two hybrid pooling approach	20711500
Q5NF37	P01023	Francisella tularensis SUBSPECIES TULARENSIS SCHU S4	SYP_FRATT	A2MG_HUMAN	1	177416	two hybrid pooling approach	20711500
Q5NFA1	Q99550	Francisella tularensis SUBSPECIES TULARENSIS SCHU S4	Q5NFA1_FRATT	MPP9_HUMAN	1	177416	two hybrid pooling approach	20711500
Q5NFN4	Q9NQ94	Francisella tularensis SUBSPECIES TULARENSIS SCHU S4	UVRB_FRATT	A1CF_HUMAN	1	177416	two hybrid pooling approach	20711500
Q5NIJ6	Q8IZ83	Francisella tularensis SUBSPECIES TULARENSIS SCHU S4	Q5NIJ6_FRATT	A16A1_HUMAN	1	177416	two hybrid pooling approach	20711500
Q5NHI7	A0M8X1	Francisella tularensis SUBSPECIES TULARENSIS SCHU S4	LPTD_FRATT	A0M8X1_HUMAN	1	177416	two hybrid pooling approach	20711500
Q5NFY7	A0JNV7	Francisella tularensis SUBSPECIES TULARENSIS SCHU S4	Q5NFY7_FRATT	A0JNV7_HUMAN	1	177416	two hybrid pooling approach	20711500
Q5NIB3	P49902	Francisella tularensis SUBSPECIES TULARENSIS SCHU S4	Q5NIB3_FRATT	5NTC_HUMAN	1	177416	two hybrid pooling approach	20711500
Q5NFD3	Q9NRA8	Francisella tularensis SUBSPECIES TULARENSIS SCHU S4	Q5NFD3_FRATT	4ET_HUMAN	1	177416	two hybrid pooling approach	20711500
Q5NGF1	P11171	Francisella tularensis SUBSPECIES TULARENSIS SCHU S4	Q5NGF1_FRATT	41_HUMAN	1	177416	two hybrid pooling approach	20711500
Q5NGF1	P01903	Francisella tularensis SUBSPECIES TULARENSIS SCHU S4	Q5NGF1_FRATT	DRA_HUMAN	1	177416	two hybrid pooling approach	20711500
Q5NFC1	P01903	Francisella tularensis SUBSPECIES TULARENSIS SCHU S4	Q5NFC1_FRATT	DRA_HUMAN	1	177416	two hybrid pooling approach	20711500
Q5NHX5	P30504	Francisella tularensis SUBSPECIES TULARENSIS SCHU S4	Q5NHX5_FRATT	1C04_HUMAN	1	177416	two hybrid pooling approach	20711500
Q5NHH2	P30504	Francisella tularensis SUBSPECIES TULARENSIS SCHU S4	Q5NHH2_FRATT	1C04_HUMAN	1	177416	two hybrid pooling approach	20711500
Q5NGY2	P30504	Francisella tularensis SUBSPECIES TULARENSIS SCHU S4	Q5NGY2_FRATT	1C04_HUMAN	1	177416	two hybrid pooling approach	20711500
Q5NEN3	P30504	Francisella tularensis SUBSPECIES TULARENSIS SCHU S4	Q5NEN3_FRATT	1C04_HUMAN	1	177416	two hybrid pooling approach	20711500
Q5NHX0	P30504	Francisella tularensis SUBSPECIES TULARENSIS SCHU S4	EFG_FRATT	1C04_HUMAN	1	177416	two hybrid pooling approach	20711500
Q5NG97	P30480	Francisella tularensis SUBSPECIES TULARENSIS SCHU S4	Q5NG97_FRATT	1B42_HUMAN	1	177416	two hybrid pooling approach	20711500
Q5NGF9	Q9BZR9	Francisella tularensis SUBSPECIES TULARENSIS SCHU S4	Q5NGF9_FRATT	TRIM8_HUMAN	1	177416	two hybrid pooling approach	20711500
Q5NIF9	A0A1L1M261	Francisella tularensis SUBSPECIES TULARENSIS SCHU S4	Q5NIF9_FRATT	A0A1L1M261_HUMAN	1	177416	two hybrid pooling approach	20711500
Q5NEC0	A0A1L1M261	Francisella tularensis SUBSPECIES TULARENSIS SCHU S4	Q5NEC0_FRATT	A0A1L1M261_HUMAN	1	177416	two hybrid pooling approach	20711500
Q5NH91	A0A1L1M261	Francisella tularensis SUBSPECIES TULARENSIS SCHU S4	Q5NH91_FRATT	A0A1L1M261_HUMAN	1	177416	two hybrid pooling approach	20711500
Q5NGC3	A0A1L1M261	Francisella tularensis SUBSPECIES TULARENSIS SCHU S4	RLMKL_FRATT	A0A1L1M261_HUMAN	1	177416	two hybrid pooling approach	20711500
Q5NEC0	A1L3Z9	Francisella tularensis SUBSPECIES TULARENSIS SCHU S4	Q5NEC0_FRATT	A1L3Z9_HUMAN	1	177416	two hybrid pooling approach	20711500
Q5NHX0	A4D0V4	Francisella tularensis SUBSPECIES TULARENSIS SCHU S4	EFG_FRATT	A4D0V4_HUMAN	1	177416	two hybrid pooling approach	20711500
Q5NH37	A0A024R4Q5	Francisella tularensis SUBSPECIES TULARENSIS SCHU S4	Q5NH37_FRATT	A0A024R4Q5_HUMAN	1	177416	two hybrid pooling approach	20711500
Q5NIL8	A4D0Z4	Francisella tularensis SUBSPECIES TULARENSIS SCHU S4	Q5NIL8_FRATT	A4D0Z4_HUMAN	1	177416	two hybrid pooling approach	20711500
Q5NGN5	A4D0Z4	Francisella tularensis SUBSPECIES TULARENSIS SCHU S4	Q5NGN5_FRATT	A4D0Z4_HUMAN	1	177416	two hybrid pooling approach	20711500
Q5NHX5	E9KL44	Francisella tularensis SUBSPECIES TULARENSIS SCHU S4	Q5NHX5_FRATT	E9KL44_HUMAN	1	177416	two hybrid pooling approach	20711500
Q5NE82	A4D0U5	Francisella tularensis SUBSPECIES TULARENSIS SCHU S4	Q5NE82_FRATT	A4D0U5_HUMAN	1	177416	two hybrid pooling approach	20711500
Q5NIF4	P86790	Francisella tularensis SUBSPECIES TULARENSIS SCHU S4	RF3_FRATT	CCZ1B_HUMAN	1	177416	two hybrid pooling approach	20711500
Q5NIF9	D9YZU5	Francisella tularensis SUBSPECIES TULARENSIS SCHU S4	Q5NIF9_FRATT	D9YZU5_HUMAN	1	177416	two hybrid pooling approach	20711500
Q5NHX0	E9KL35	Francisella tularensis SUBSPECIES TULARENSIS SCHU S4	EFG_FRATT	E9KL35_HUMAN	1	177416	two hybrid pooling approach	20711500
Q5NGV7	Q6FGM0	Francisella tularensis SUBSPECIES TULARENSIS SCHU S4	KATG_FRATT	Q6FGM0_HUMAN	1	177416	two hybrid pooling approach	20711500
Q5NF31	Q6FGM0	Francisella tularensis SUBSPECIES TULARENSIS SCHU S4	Q5NF31_FRATT	Q6FGM0_HUMAN	1	177416	two hybrid pooling approach	20711500
Q5NGF9	B4E273	Francisella tularensis SUBSPECIES TULARENSIS SCHU S4	Q5NGF9_FRATT	B4E273_HUMAN	1	177416	two hybrid pooling approach	20711500
Q5NG93	E9KL48	Francisella tularensis SUBSPECIES TULARENSIS SCHU S4	Q5NG93_FRATT	E9KL48_HUMAN	1	177416	two hybrid pooling approach	20711500
Q5NES9	A2VCK8	Francisella tularensis SUBSPECIES TULARENSIS SCHU S4	Q5NES9_FRATT	A2VCK8_HUMAN	1	177416	two hybrid pooling approach	20711500
Q5NFK4	A4D1N4	Francisella tularensis SUBSPECIES TULARENSIS SCHU S4	Q5NFK4_FRATT	A4D1N4_HUMAN	1	177416	two hybrid pooling approach	20711500
Q5NII1	A8YXX4	Francisella tularensis SUBSPECIES TULARENSIS SCHU S4	Q5NII1_FRATT	A8YXX4_HUMAN	1	177416	two hybrid pooling approach	20711500
Q5NGF2	B2R6F3	Francisella tularensis SUBSPECIES TULARENSIS SCHU S4	Q5NGF2_FRATT	B2R6F3_HUMAN	1	177416	two hybrid pooling approach	20711500
Q5NFP9	A4D0R1	Francisella tularensis SUBSPECIES TULARENSIS SCHU S4	Q5NFP9_FRATT	A4D0R1_HUMAN	1	177416	two hybrid pooling approach	20711500
Q5NFS5	Q86SZ7	Francisella tularensis SUBSPECIES TULARENSIS SCHU S4	Q5NFS5_FRATT	Q86SZ7_HUMAN	1	177416	two hybrid pooling approach	20711500
Q5NH02	Q86SZ7	Francisella tularensis SUBSPECIES TULARENSIS SCHU S4	Q5NH02_FRATT	Q86SZ7_HUMAN	1	177416	two hybrid pooling approach	20711500
Q5NIE9	Q86SZ7	Francisella tularensis SUBSPECIES TULARENSIS SCHU S4	Q5NIE9_FRATT	Q86SZ7_HUMAN	1	177416	two hybrid pooling approach	20711500
Q5NG28	A4D1B1	Francisella tularensis SUBSPECIES TULARENSIS SCHU S4	Q5NG28_FRATT	A4D1B1_HUMAN	1	177416	two hybrid pooling approach	20711500
Q5NEE1	A4D0U5	Francisella tularensis SUBSPECIES TULARENSIS SCHU S4	CH60_FRATT	A4D0U5_HUMAN	1	177416	two hybrid pooling approach	20711500
Q5NGC7	A8K5I0	Francisella tularensis SUBSPECIES TULARENSIS SCHU S4	Q5NGC7_FRATT	A8K5I0_HUMAN	1	177416	two hybrid pooling approach	20711500
Q5NF74	E9KL35	Francisella tularensis SUBSPECIES TULARENSIS SCHU S4	Q5NF74_FRATT	E9KL35_HUMAN	1	177416	two hybrid pooling approach	20711500
Q5NHN6	Q5W009	Francisella tularensis SUBSPECIES TULARENSIS SCHU S4	Q5NHN6_FRATT	Q5W009_HUMAN	1	177416	two hybrid pooling approach	20711500
Q5NF50	E9KL48	Francisella tularensis SUBSPECIES TULARENSIS SCHU S4	Q5NF50_FRATT	E9KL48_HUMAN	1	177416	two hybrid pooling approach	20711500
Q5NID9	B0I1T6	Francisella tularensis SUBSPECIES TULARENSIS SCHU S4	EFTU_FRATT	B0I1T6_HUMAN	1	177416	two hybrid pooling approach	20711500
Q5NFZ2	D1MGQ2	Francisella tularensis SUBSPECIES TULARENSIS SCHU S4	Q5NFZ2_FRATT	D1MGQ2_HUMAN	1	177416	two hybrid pooling approach	20711500
Q5NGW2	B2R4P9	Francisella tularensis SUBSPECIES TULARENSIS SCHU S4	Q5NGW2_FRATT	B2R4P9_HUMAN	1	177416	two hybrid pooling approach	20711500
Q5NIP5	B4DJ51	Francisella tularensis SUBSPECIES TULARENSIS SCHU S4	GATB_FRATT	B4DJ51_HUMAN	1	177416	two hybrid pooling approach	20711500
Q5NEC0	E9KL26	Francisella tularensis SUBSPECIES TULARENSIS SCHU S4	Q5NEC0_FRATT	E9KL26_HUMAN	1	177416	two hybrid pooling approach	20711500
Q5NI66	B2R4P9	Francisella tularensis SUBSPECIES TULARENSIS SCHU S4	Q5NI66_FRATT	B2R4P9_HUMAN	1	177416	two hybrid pooling approach	20711500
Q5NGF1	B1AQP2	Francisella tularensis SUBSPECIES TULARENSIS SCHU S4	Q5NGF1_FRATT	B1AQP2_HUMAN	1	177416	two hybrid pooling approach	20711500
Q5NF52	Q86SZ7	Francisella tularensis SUBSPECIES TULARENSIS SCHU S4	Q5NF52_FRATT	Q86SZ7_HUMAN	1	177416	two hybrid pooling approach	20711500
Q5NFW7	Q548T7	Francisella tularensis SUBSPECIES TULARENSIS SCHU S4	SYA_FRATT	Q548T7_HUMAN	1	177416	two hybrid pooling approach	20711500
Q5NFM9	A4D0Z4	Francisella tularensis SUBSPECIES TULARENSIS SCHU S4	Q5NFM9_FRATT	A4D0Z4_HUMAN	1	177416	two hybrid pooling approach	20711500
Q5NF74	Q5JQI0	Francisella tularensis SUBSPECIES TULARENSIS SCHU S4	Q5NF74_FRATT	Q5JQI0_HUMAN	1	177416	two hybrid pooling approach	20711500
Q5NGM8	A8K5I0	Francisella tularensis SUBSPECIES TULARENSIS SCHU S4	Q5NGM8_FRATT	A8K5I0_HUMAN	1	177416	two hybrid pooling approach	20711500
Q5NES9	B1A4G6	Francisella tularensis SUBSPECIES TULARENSIS SCHU S4	Q5NES9_FRATT	B1A4G6_HUMAN	1	177416	two hybrid pooling approach	20711500
Q5NGC7	P08107	Francisella tularensis SUBSPECIES TULARENSIS SCHU S4	Q5NGC7_FRATT	HS71B_HUMAN	1	177416	two hybrid pooling approach	20711500
Q5NGM8	P08107	Francisella tularensis SUBSPECIES TULARENSIS SCHU S4	Q5NGM8_FRATT	HS71B_HUMAN	1	177416	two hybrid pooling approach	20711500
Q5NIF4	O95766	Francisella tularensis SUBSPECIES TULARENSIS SCHU S4	RF3_FRATT	CCZ1_HUMAN	1	177416	two hybrid pooling approach	20711500
Q5NIP5	P62158	Francisella tularensis SUBSPECIES TULARENSIS SCHU S4	GATB_FRATT	CALM_HUMAN	1	177416	two hybrid pooling approach	20711500
P55980	Q7KZI7	Helicobacter pylori 26695	CAGA_HELPY	MARK2_HUMAN	4	85962	mass spectrometry studies of complexes;molecular sieving;pull down;x-ray crystallography	19966800
P55980	P05556	Helicobacter pylori 26695	CAGA_HELPY	ITB1_HUMAN	1	85962	two hybrid	22908298
B5Z6S0	O43318	Helicobacter pylori G27	B5Z6S0_HELPG	M3K7_HUMAN	3	563041	anti bait coimmunoprecipitation;anti tag coimmunoprecipitation;pull down	19820695
B5Z6S0	Q9Y4K3	Helicobacter pylori G27	B5Z6S0_HELPG	TRAF6_HUMAN	1	563041	pull down	19820695
O84616	O14763	Chlamydia trachomatis STRAIN D / UW-3 / CX	PQQCL_CHLTR	TR10B_HUMAN	2	272561	coimmunoprecipitation;pull down	11805081
O84616	P25445	Chlamydia trachomatis STRAIN D / UW-3 / CX	PQQCL_CHLTR	TNR6_HUMAN	1	272561	pull down	11805081
O84616	O00220	Chlamydia trachomatis STRAIN D / UW-3 / CX	PQQCL_CHLTR	TR10A_HUMAN	1	272561	pull down	11805081
O84616	P19438	Chlamydia trachomatis STRAIN D / UW-3 / CX	PQQCL_CHLTR	TNR1A_HUMAN	1	272561	pull down	11805081
O84760	O00206	Chlamydia trachomatis STRAIN D / UW-3 / CX	O84760_CHLTR	TLR4_HUMAN	1	272561	Reactome Curated	21067998
O84760	O43187	Chlamydia trachomatis STRAIN D / UW-3 / CX	O84760_CHLTR	IRAK2_HUMAN	1	272561	Reactome Curated	21067998
O84760	O60603	Chlamydia trachomatis STRAIN D / UW-3 / CX	O84760_CHLTR	TLR2_HUMAN	1	272561	Reactome Curated	21067998
O84760	P51617	Chlamydia trachomatis STRAIN D / UW-3 / CX	O84760_CHLTR	IRAK1_HUMAN	1	272561	Reactome Curated	21067998
O84760	P08571	Chlamydia trachomatis STRAIN D / UW-3 / CX	O84760_CHLTR	CD14_HUMAN	1	272561	Reactome Curated	21067998
O84760	P58753	Chlamydia trachomatis STRAIN D / UW-3 / CX	O84760_CHLTR	TIRAP_HUMAN	1	272561	Reactome Curated	21067998
O84760	Q06187	Chlamydia trachomatis STRAIN D / UW-3 / CX	O84760_CHLTR	BTK_HUMAN	1	272561	Reactome Curated	21067998
O84760	Q13233	Chlamydia trachomatis STRAIN D / UW-3 / CX	O84760_CHLTR	M3K1_HUMAN	1	272561	Reactome Curated	21067998
O84760	Q5FWG5	Chlamydia trachomatis STRAIN D / UW-3 / CX	O84760_CHLTR	Q5FWG5_HUMAN	1	272561	Reactome Curated	21067998
O84760	Q99836	Chlamydia trachomatis STRAIN D / UW-3 / CX	O84760_CHLTR	MYD88_HUMAN	1	272561	Reactome Curated	21067998
O84760	Q9NWZ3	Chlamydia trachomatis STRAIN D / UW-3 / CX	O84760_CHLTR	IRAK4_HUMAN	1	272561	Reactome Curated	21067998
O84760	Q9Y2C9	Chlamydia trachomatis STRAIN D / UW-3 / CX	O84760_CHLTR	TLR6_HUMAN	1	272561	Reactome Curated	21067998
O84760	Q9Y4K3	Chlamydia trachomatis STRAIN D / UW-3 / CX	O84760_CHLTR	TRAF6_HUMAN	1	272561	Reactome Curated	21067998
O84760	Q9Y6Y9	Chlamydia trachomatis STRAIN D / UW-3 / CX	O84760_CHLTR	LY96_HUMAN	1	272561	Reactome Curated	21067998
A7GBG3	P63027	Clostridium botulinum F STRAIN LANGELAND	A7GBG3_CLOBL	VAMP2_HUMAN	2	441772	protease assay	22172278
Q9K105	P05556	Neisseria meningitidis SEROGROUP B STRAIN MC58	NADA_NEIMB	ITB1_HUMAN	1	122586	far western blotting	21471204
P30690	O00206	Neisseria meningitidis SEROGROUP B STRAIN MC58	OMPB1_NEIMB	TLR4_HUMAN	1	122586	Reactome Curated	21067998
P30690	O43187	Neisseria meningitidis SEROGROUP B STRAIN MC58	OMPB1_NEIMB	IRAK2_HUMAN	1	122586	Reactome Curated	21067998
P30690	O60603	Neisseria meningitidis SEROGROUP B STRAIN MC58	OMPB1_NEIMB	TLR2_HUMAN	1	122586	Reactome Curated	21067998
P30690	P08571	Neisseria meningitidis SEROGROUP B STRAIN MC58	OMPB1_NEIMB	CD14_HUMAN	1	122586	Reactome Curated	21067998
P30690	P51617	Neisseria meningitidis SEROGROUP B STRAIN MC58	OMPB1_NEIMB	IRAK1_HUMAN	1	122586	Reactome Curated	21067998
P30690	P58753	Neisseria meningitidis SEROGROUP B STRAIN MC58	OMPB1_NEIMB	TIRAP_HUMAN	1	122586	Reactome Curated	21067998
P30690	Q06187	Neisseria meningitidis SEROGROUP B STRAIN MC58	OMPB1_NEIMB	BTK_HUMAN	1	122586	Reactome Curated	21067998
P30690	Q13233	Neisseria meningitidis SEROGROUP B STRAIN MC58	OMPB1_NEIMB	M3K1_HUMAN	1	122586	Reactome Curated	21067998
P30690	Q5FWG5	Neisseria meningitidis SEROGROUP B STRAIN MC58	OMPB1_NEIMB	Q5FWG5_HUMAN	1	122586	Reactome Curated	21067998
P30690	Q99836	Neisseria meningitidis SEROGROUP B STRAIN MC58	OMPB1_NEIMB	MYD88_HUMAN	1	122586	Reactome Curated	21067998
P30690	Q9NWZ3	Neisseria meningitidis SEROGROUP B STRAIN MC58	OMPB1_NEIMB	IRAK4_HUMAN	1	122586	Reactome Curated	21067998
P30690	Q9Y2C9	Neisseria meningitidis SEROGROUP B STRAIN MC58	OMPB1_NEIMB	TLR6_HUMAN	1	122586	Reactome Curated	21067998
P30690	Q9Y4K3	Neisseria meningitidis SEROGROUP B STRAIN MC58	OMPB1_NEIMB	TRAF6_HUMAN	1	122586	Reactome Curated	21067998
P30690	Q9Y6Y9	Neisseria meningitidis SEROGROUP B STRAIN MC58	OMPB1_NEIMB	LY96_HUMAN	1	122586	Reactome Curated	21067998
P74873	P63000	Salmonella enterica SUBSPECIES ENTERICA SEROVAR TYPHIMURIUM STRAIN LT2	SPTP_SALTY	RAC1_HUMAN	1	99287	x-ray crystallography	11163217
Q8ZNR3	P0CG48	Salmonella enterica SUBSPECIES ENTERICA SEROVAR TYPHIMURIUM STRAIN LT2	SOPA_SALTY	UBC_HUMAN	1	99287	comigration in sds page	18066077
Q56061	Q8IWE5	Salmonella enterica SUBSPECIES ENTERICA SEROVAR TYPHIMURIUM STRAIN LT2	SIFA_SALTY	PKHM2_HUMAN	7	99287	affinity chromatography technology;coimmunoprecipitation;experimental interaction detection;pull down;two hybrid;x-ray crystallography	15905402;18787122;18996344
P74873	A4D2P1	Salmonella enterica SUBSPECIES ENTERICA SEROVAR TYPHIMURIUM STRAIN LT2	SPTP_SALTY	A4D2P1_HUMAN	1	99287	x-ray crystallography	11163217
Q8ZNR3	P68036	Salmonella enterica SUBSPECIES ENTERICA SEROVAR TYPHIMURIUM STRAIN LT2	SOPA_SALTY	UB2L3_HUMAN	2	99287	fluorescence polarization spectroscopy;pull down	18066077
P0A2M9	P28482	Salmonella enterica SUBSPECIES ENTERICA SEROVAR TYPHIMURIUM STRAIN LT2	SPVC_SALTY	MK01_HUMAN	1	99287	phosphatase assay	18084305
Q8ZNG2	P22059	Salmonella enterica SUBSPECIES ENTERICA SEROVAR TYPHIMURIUM STRAIN LT2	SSEL_SALTY	OSBP1_HUMAN	3	99287	anti bait coimmunoprecipitation;anti tag coimmunoprecipitation;experimental interaction detection	21988961
Q9FD10	P61586	Salmonella enterica SUBSPECIES ENTERICA SEROVAR TYPHIMURIUM STRAIN LT2	SSEJ_SALTY	RHOA_HUMAN	3	99287	fluorescence microscopy;imaging technique;molecular sieving	19887681
Q9FD10	P08134	Salmonella enterica SUBSPECIES ENTERICA SEROVAR TYPHIMURIUM STRAIN LT2	SSEJ_SALTY	RHOC_HUMAN	1	99287	molecular sieving	19887681
Q56061	P51151	Salmonella enterica SUBSPECIES ENTERICA SEROVAR TYPHIMURIUM STRAIN LT2	SIFA_SALTY	RAB9A_HUMAN	1	99287	pull down	18787122
O30916	P60953	Salmonella enterica SUBSPECIES ENTERICA SEROVAR TYPHIMURIUM STRAIN LT2	SOPB_SALTY	CDC42_HUMAN	2	99287	anti tag coimmunoprecipitation;pull down	21435037
P74873	P60953	Salmonella enterica SUBSPECIES ENTERICA SEROVAR TYPHIMURIUM STRAIN LT2	SPTP_SALTY	CDC42_HUMAN	1	99287	anti tag coimmunoprecipitation	21435037
Q7CQD4	P60953	Salmonella enterica SUBSPECIES ENTERICA SEROVAR TYPHIMURIUM STRAIN LT2	SOPE2_SALTY	CDC42_HUMAN	1	99287	anti tag coimmunoprecipitation	21435037
Q8ZQQ2	Q9UBS4	Salmonella enterica SUBSPECIES ENTERICA SEROVAR TYPHIMURIUM STRAIN LT2	SLRP_SALTY	DJB11_HUMAN	5	99287	anti tag coimmunoprecipitation;confocal microscopy;experimental interaction detection;pull down;two hybrid	20335166
P0CE12	P61077	Salmonella enterica SUBSPECIES ENTERICA SEROVAR TYPHIMURIUM STRAIN LT2	SSPH2_SALTY	UB2D3_HUMAN	1	99287	nuclear magnetic resonance	20133640
Q8ZNR3	P62987	Salmonella enterica SUBSPECIES ENTERICA SEROVAR TYPHIMURIUM STRAIN LT2	SOPA_SALTY	RL40_HUMAN	1	99287	comigration in sds page	18066077
P0CE12	Q9Y2Z0	Salmonella enterica SUBSPECIES ENTERICA SEROVAR TYPHIMURIUM STRAIN LT2	SSPH2_SALTY	SGT1_HUMAN	1	99287	experimental interaction detection	23935490
P0CE12	P62987	Salmonella enterica SUBSPECIES ENTERICA SEROVAR TYPHIMURIUM STRAIN LT2	SSPH2_SALTY	RL40_HUMAN	1	99287	comigration in sds page	20133640
P0CE12	O95905	Salmonella enterica SUBSPECIES ENTERICA SEROVAR TYPHIMURIUM STRAIN LT2	SSPH2_SALTY	ECD_HUMAN	1	99287	experimental interaction detection	23935490
Q4VP87	Q14590	Francisella tularensis SUBSPECIES TULARENSIS	Q4VP87_FRATL	ZN235_HUMAN	1	119856	two hybrid pooling approach	20711500
Q4VP87	Q96GE9	Francisella tularensis SUBSPECIES TULARENSIS	Q4VP87_FRATL	TM261_HUMAN	1	119856	two hybrid pooling approach	20711500
Q4VP87	P13693	Francisella tularensis SUBSPECIES TULARENSIS	Q4VP87_FRATL	TCTP_HUMAN	1	119856	two hybrid pooling approach	20711500
Q4VP87	Q8NHL6	Francisella tularensis SUBSPECIES TULARENSIS	Q4VP87_FRATL	LIRB1_HUMAN	1	119856	two hybrid pooling approach	20711500
Q4VP87	Q8NHJ6	Francisella tularensis SUBSPECIES TULARENSIS	Q4VP87_FRATL	LIRB4_HUMAN	1	119856	two hybrid pooling approach	20711500
Q4VP87	P01877	Francisella tularensis SUBSPECIES TULARENSIS	Q4VP87_FRATL	IGHA2_HUMAN	1	119856	two hybrid pooling approach	20711500
Q4VP87	Q86Y74	Francisella tularensis SUBSPECIES TULARENSIS	Q4VP87_FRATL	Q86Y74_HUMAN	1	119856	two hybrid pooling approach	20711500
Q4VP87	Q86VB7	Francisella tularensis SUBSPECIES TULARENSIS	Q4VP87_FRATL	C163A_HUMAN	1	119856	two hybrid pooling approach	20711500
Q4VP87	P30480	Francisella tularensis SUBSPECIES TULARENSIS	Q4VP87_FRATL	1B42_HUMAN	1	119856	two hybrid pooling approach	20711500
Q79RC1	Q10587	Francisella tularensis SUBSPECIES TULARENSIS	Q79RC1_FRATL	TEF_HUMAN	1	119856	two hybrid pooling approach	20711500
Q79RC1	P31321	Francisella tularensis SUBSPECIES TULARENSIS	Q79RC1_FRATL	KAP1_HUMAN	1	119856	two hybrid pooling approach	20711500
Q79RC1	Q9NZ32	Francisella tularensis SUBSPECIES TULARENSIS	Q79RC1_FRATL	ARP10_HUMAN	1	119856	two hybrid pooling approach	20711500
Q79RC4	Q96GX9	Francisella tularensis SUBSPECIES TULARENSIS	Q79RC4_FRATL	MTNB_HUMAN	1	119856	two hybrid pooling approach	20711500
Q8G8T7	O60763	Francisella tularensis SUBSPECIES TULARENSIS	Q8G8T7_FRATL	USO1_HUMAN	1	119856	two hybrid pooling approach	20711500
Q8G8T7	P19838	Francisella tularensis SUBSPECIES TULARENSIS	Q8G8T7_FRATL	NFKB1_HUMAN	1	119856	two hybrid pooling approach	20711500
Q8G8T7	Q7Z3K3	Francisella tularensis SUBSPECIES TULARENSIS	Q8G8T7_FRATL	POGZ_HUMAN	1	119856	two hybrid pooling approach	20711500
Q8G8T7	P62314	Francisella tularensis SUBSPECIES TULARENSIS	Q8G8T7_FRATL	SMD1_HUMAN	1	119856	two hybrid pooling approach	20711500
Q8G8T7	Q9BV68	Francisella tularensis SUBSPECIES TULARENSIS	Q8G8T7_FRATL	RN126_HUMAN	1	119856	two hybrid pooling approach	20711500
Q8G8T7	P01877	Francisella tularensis SUBSPECIES TULARENSIS	Q8G8T7_FRATL	IGHA2_HUMAN	1	119856	two hybrid pooling approach	20711500
Q8G8T7	P13598	Francisella tularensis SUBSPECIES TULARENSIS	Q8G8T7_FRATL	ICAM2_HUMAN	1	119856	two hybrid pooling approach	20711500
Q8G8T7	P69905	Francisella tularensis SUBSPECIES TULARENSIS	Q8G8T7_FRATL	HBA_HUMAN	1	119856	two hybrid pooling approach	20711500
Q8G8T7	P52566	Francisella tularensis SUBSPECIES TULARENSIS	Q8G8T7_FRATL	GDIR2_HUMAN	1	119856	two hybrid pooling approach	20711500
Q8G8T7	Q9Y6C2	Francisella tularensis SUBSPECIES TULARENSIS	Q8G8T7_FRATL	EMIL1_HUMAN	1	119856	two hybrid pooling approach	20711500
Q8G8T7	D1MGQ2	Francisella tularensis SUBSPECIES TULARENSIS	Q8G8T7_FRATL	D1MGQ2_HUMAN	1	119856	two hybrid pooling approach	20711500
Q99SU7	P00747	Staphylococcus aureus SUBSPECIES AUREUS / STRAIN N315	SAK_STAAN	PLMN_HUMAN	2	158879	enzymatic study;surface plasmon resonance	22321644
P25147	P08581	Listeria monocytogenes STRAIN EGD-e	INLB_LISMO	MET_HUMAN	3	169963	cosedimentation in solution;enzyme linked immunosorbent assay;x-ray crystallography	17662939
P0DJM0	P12830	Listeria monocytogenes STRAIN EGD-e	INLA_LISMO	CADH1_HUMAN	1	169963	x-ray crystallography	12526809
D3QNI8	B5BUJ7	Escherichia coli O55:H7 STRAIN CB9615	D3QNI8_ECOCB	B5BUJ7_HUMAN	1	701177	protease assay	21113130
P0A6B8	P16070	Escherichia coli STRAIN CFT073	ISCS_ECOL6	CD44_HUMAN	2	199310	genetic interference;two hybrid	11983079
Q53971	P02751	Streptococcus dysgalactiae	Q53971_STRDY	FINC_HUMAN	1	1334	Other Methods	12736686
Q9ZLT1	Q06124	Helicobacter pylori STRAIN J99	CAGA_HELPJ	PTN11_HUMAN	3	85963	Other Methods;coimmunoprecipitation;unspecified method	15856031
P24664	P01009	Saccharopolyspora erythraea	TRYP_SACER	A1AT_HUMAN	1	1836	protease assay	22115549
P24664	E9KL23	Saccharopolyspora erythraea	TRYP_SACER	E9KL23_HUMAN	1	1836	protease assay	22115549
P59807	P13611	Proteus vulgaris	CABC1_PROVU	CSPG2_HUMAN	1	585	comigration in gel electrophoresis	23601700
P59807	P10124	Proteus vulgaris	CABC1_PROVU	SRGN_HUMAN	1	585	comigration in gel electrophoresis	23601700
Q2STB6	P06748	Burkholderia thailandensis STRAIN E264	Q2STB6_BURTA	NPM_HUMAN	1	271848	fluorescence microscopy	23797873
P01556	P05067	Vibrio cholerae SEROTYPE O1 BIOTYPE El Tor STRAIN N16961	CHTB_VIBCH	A4_HUMAN	1	243277	fluorescence microscopy	20828568
P01555	P24390	Vibrio cholerae SEROTYPE O1 BIOTYPE El Tor STRAIN N16961	CHTA_VIBCH	ERD21_HUMAN	1	243277	fluorescent resonance energy transfer	11703931
P95493	P15516	Porphyromonas gingivalis STRAIN W83	CPG2_PORGI	HIS3_HUMAN	1	242619	protease assay	23499434
Q05608	Q96FW1	Yersinia pseudotuberculosis STRAIN IP 32953	YPKA_YERPS	OTUB1_HUMAN	1	273123	anti bait coimmunoprecipitation	20553488
Q93RN4	P61586	Yersinia pseudotuberculosis STRAIN IP 32953	YOPT_YERPS	RHOA_HUMAN	1	273123	Other Methods	12538863
Q93RN4	P63000	Yersinia pseudotuberculosis STRAIN IP 32953	YOPT_YERPS	RAC1_HUMAN	1	273123	Other Methods	12538863
Q93RN4	P60953	Yersinia pseudotuberculosis STRAIN IP 32953	YOPT_YERPS	CDC42_HUMAN	1	273123	Other Methods	12538863
Q306T3	P05067	Streptomyces sp. KK565	Q306T3_9ACTN	A4_HUMAN	1	353796	protease assay	20828565
Q99XU0	P04196	Streptococcus pyogenes SEROTYPE M1	Q99XU0_STRP1	HRG_HUMAN	3	301447	isothermal titration calorimetry;pull down;surface plasmon resonance	24825900
Q99XU0	P08603	Streptococcus pyogenes SEROTYPE M1	Q99XU0_STRP1	CFAH_HUMAN	1	301447	pull down	24825900
Q99XU0	P01024	Streptococcus pyogenes SEROTYPE M1	Q99XU0_STRP1	CO3_HUMAN	1	301447	pull down	24825900
Q99XU0	P02647	Streptococcus pyogenes SEROTYPE M1	Q99XU0_STRP1	APOA1_HUMAN	1	301447	pull down	24825900
Q99XU0	P02768	Streptococcus pyogenes SEROTYPE M1	Q99XU0_STRP1	ALBU_HUMAN	1	301447	pull down	24825900
Q99XU0	P01009	Streptococcus pyogenes SEROTYPE M1	Q99XU0_STRP1	A1AT_HUMAN	1	301447	pull down	24825900
Q99XU0	P04275	Streptococcus pyogenes SEROTYPE M1	Q99XU0_STRP1	VWF_HUMAN	1	301447	pull down	24825900
Q99XU0	P02760	Streptococcus pyogenes SEROTYPE M1	Q99XU0_STRP1	AMBP_HUMAN	1	301447	pull down	24825900
Q6NK15	Q99075	Corynebacterium diphtheriae NCTC 13129	Q6NK15_CORDI	HBEGF_HUMAN	3	257309	Other Methods;unspecified method;x-ray crystallography	9659904
P44321	P04637	Haemophilus influenzae Rd KW20	3MGA_HAEIN	P53_HUMAN	1	71421	Other Methods	14612521
Q93ED6	P02751	Streptococcus equi SUBSPECIES EQUI	Q93ED6_9STRE	FINC_HUMAN	5	148942	fluorescence polarization spectroscopy;isothermal titration calorimetry;molecular sieving;pull down;x ray scattering	25290767
E1WAC8	Q9UPT5	Salmonella enterica SUBSPECIES ENTERICA SEROVAR TYPHIMURIUM STRAIN SL1344	SIPC_SALTS	EXOC7_HUMAN	4	216597	experimental interaction detection;pull down	20579884
E1WAC8	Q96KP1	Salmonella enterica SUBSPECIES ENTERICA SEROVAR TYPHIMURIUM STRAIN SL1344	SIPC_SALTS	EXOC2_HUMAN	2	216597	pull down	20579884
E1WAC8	Q96A65	Salmonella enterica SUBSPECIES ENTERICA SEROVAR TYPHIMURIUM STRAIN SL1344	SIPC_SALTS	EXOC4_HUMAN	4	216597	experimental interaction detection;pull down	20579884
A0A0H3NGI8	Q13153	Salmonella enterica SUBSPECIES ENTERICA SEROVAR TYPHIMURIUM STRAIN SL1344	A0A0H3NGI8_SALTS	PAK1_HUMAN	2	216597	pull down	24625804
A0A0H3NGI8	Q03135	Salmonella enterica SUBSPECIES ENTERICA SEROVAR TYPHIMURIUM STRAIN SL1344	A0A0H3NGI8_SALTS	CAV1_HUMAN	2	216597	pull down	24625804
A0A0H3NGI8	P63000	Salmonella enterica SUBSPECIES ENTERICA SEROVAR TYPHIMURIUM STRAIN SL1344	A0A0H3NGI8_SALTS	RAC1_HUMAN	2	216597	pull down	24625804
A0A0H3NF38	Q9Y2Z0	Salmonella enterica SUBSPECIES ENTERICA SEROVAR TYPHIMURIUM STRAIN SL1344	A0A0H3NF38_SALTS	SGT1_HUMAN	10	216597	anti bait coimmunoprecipitation;anti tag coimmunoprecipitation;fluorescence microscopy	21566117;23935490
A0A0H3NF38	Q9Y239	Salmonella enterica SUBSPECIES ENTERICA SEROVAR TYPHIMURIUM STRAIN SL1344	A0A0H3NF38_SALTS	NOD1_HUMAN	2	216597	anti tag coimmunoprecipitation	23935490
A0A0H3NA16	P60953	Salmonella enterica SUBSPECIES ENTERICA SEROVAR TYPHIMURIUM STRAIN SL1344	A0A0H3NA16_SALTS	CDC42_HUMAN	2	216597	anti tag coimmunoprecipitation	21566117
A0A0H3NG92	P14923	Salmonella enterica SUBSPECIES ENTERICA SEROVAR TYPHIMURIUM STRAIN SL1344	A0A0H3NG92_SALTS	PLAK_HUMAN	2	216597	anti tag coimmunoprecipitation	21566117
A0A0H3NB75	Q14444	Salmonella enterica SUBSPECIES ENTERICA SEROVAR TYPHIMURIUM STRAIN SL1344	A0A0H3NB75_SALTS	CAPR1_HUMAN	2	216597	anti tag coimmunoprecipitation	21566117
A0A0H3NB75	P15924	Salmonella enterica SUBSPECIES ENTERICA SEROVAR TYPHIMURIUM STRAIN SL1344	A0A0H3NB75_SALTS	DESP_HUMAN	2	216597	anti tag coimmunoprecipitation	21566117
A0A0H3NGY5	P61586	Salmonella enterica SUBSPECIES ENTERICA SEROVAR TYPHIMURIUM STRAIN SL1344	A0A0H3NGY5_SALTS	RHOA_HUMAN	2	216597	anti tag coimmunoprecipitation	21566117
A0A0H3NGY5	P08134	Salmonella enterica SUBSPECIES ENTERICA SEROVAR TYPHIMURIUM STRAIN SL1344	A0A0H3NGY5_SALTS	RHOC_HUMAN	2	216597	anti tag coimmunoprecipitation	21566117
A0A0H3NDL6	P22059	Salmonella enterica SUBSPECIES ENTERICA SEROVAR TYPHIMURIUM STRAIN SL1344	A0A0H3NDL6_SALTS	OSBP1_HUMAN	4	216597	anti bait coimmunoprecipitation;anti tag coimmunoprecipitation	21566117
A0A0H3NF38	O00170	Salmonella enterica SUBSPECIES ENTERICA SEROVAR TYPHIMURIUM STRAIN SL1344	A0A0H3NF38_SALTS	AIP_HUMAN	2	216597	anti tag coimmunoprecipitation	21566117
A0A0H3NF38	O95816	Salmonella enterica SUBSPECIES ENTERICA SEROVAR TYPHIMURIUM STRAIN SL1344	A0A0H3NF38_SALTS	BAG2_HUMAN	2	216597	anti tag coimmunoprecipitation	21566117
A0A0H3NF38	O43684	Salmonella enterica SUBSPECIES ENTERICA SEROVAR TYPHIMURIUM STRAIN SL1344	A0A0H3NF38_SALTS	BUB3_HUMAN	4	216597	anti bait coimmunoprecipitation;anti tag coimmunoprecipitation	21566117
A0A0H3NF38	P61981	Salmonella enterica SUBSPECIES ENTERICA SEROVAR TYPHIMURIUM STRAIN SL1344	A0A0H3NF38_SALTS	1433G_HUMAN	2	216597	anti tag coimmunoprecipitation	21566117
D0ZRB2	P10599	Salmonella enterica SUBSPECIES ENTERICA SEROVAR TYPHIMURIUM STRAIN 14028S	SLRP_SALT1	THIO_HUMAN	8	588858	anti tag coimmunoprecipitation;enzymatic study;pull down;two hybrid	19690162
D0ZRB2	P62837	Salmonella enterica SUBSPECIES ENTERICA SEROVAR TYPHIMURIUM STRAIN 14028S	SLRP_SALT1	UB2D2_HUMAN	2	588858	enzymatic study	19690162
A0A0F6B1Q8	P61586	Salmonella enterica SUBSPECIES ENTERICA SEROVAR TYPHIMURIUM STRAIN 14028S	A0A0F6B1Q8_SALT1	RHOA_HUMAN	8	588858	Other Methods;fluorescence microscopy;nuclear magnetic resonance;pull down	22740689
A0A0F6B1Q8	Q9BST9	Salmonella enterica SUBSPECIES ENTERICA SEROVAR TYPHIMURIUM STRAIN 14028S	A0A0F6B1Q8_SALT1	RTKN_HUMAN	2	588858	Other Methods	22740689
D0ZVG2	P61077	Salmonella enterica SUBSPECIES ENTERICA SEROVAR TYPHIMURIUM STRAIN 14028S	SSPH1_SALT1	UB2D3_HUMAN	2	588858	Other Methods	20133640
A0A0F6B063	Q8IWE5	Salmonella enterica SUBSPECIES ENTERICA SEROVAR TYPHIMURIUM STRAIN 14028S	A0A0F6B063_SALT1	PKHM2_HUMAN	8	588858	anti tag coimmunoprecipitation;confocal microscopy;experimental interaction detection;isothermal titration calorimetry	18996344
D0ZVG2	Q16512	Salmonella enterica SUBSPECIES ENTERICA SEROVAR TYPHIMURIUM STRAIN 14028S	SSPH1_SALT1	PKN1_HUMAN	2	588858	experimental interaction detection	16611232
P9WHW9	O60603	Mycobacterium tuberculosis STRAIN H37Rv	PPE68_MYCTU	TLR2_HUMAN	2	83332	anti bait coimmunoprecipitation	24467650
P9WIG7	O60603	Mycobacterium tuberculosis STRAIN H37Rv	PE35_MYCTU	TLR2_HUMAN	2	83332	anti bait coimmunoprecipitation	24467650
Q6MX51	P10145	Mycobacterium tuberculosis STRAIN H37Rv	Q6MX51_MYCTU	IL8_HUMAN	6	83332	affinity chromatography technology;anti tag coimmunoprecipitation;surface plasmon resonance	26829648
P9WMN3	P10145	Mycobacterium tuberculosis STRAIN H37Rv	GLMU_MYCTU	IL8_HUMAN	6	83332	affinity chromatography technology;anti tag coimmunoprecipitation;surface plasmon resonance	26829648
P9WNX3	P10145	Mycobacterium tuberculosis STRAIN H37Rv	SERA_MYCTU	IL8_HUMAN	2	83332	affinity chromatography technology	26829648
P9WGV3	P10145	Mycobacterium tuberculosis STRAIN H37Rv	SAHH_MYCTU	IL8_HUMAN	6	83332	affinity chromatography technology;anti tag coimmunoprecipitation;surface plasmon resonance	26829648
P17452	P15529	Pasteurella multocida	TOXA_PASMD	MCP_HUMAN	1	747	fluorescence microscopy	20534589
A0A0H3LYM0	A0A0S2Z491	Bordetella bronchiseptica STRAIN RB50			1	257310	fluorescence microscopy	23797873
P0DKX7	B4DJ51	Bordetella pertussis STRAIN Tohama I		B4DJ51_HUMAN	1	257313	classical fluorescence spectroscopy	20534570
Q2GJL5	Q6ZNE5	Anaplasma phagocytophilum STRAIN HZ		BAKOR_HUMAN	1	212042	anti bait coimmunoprecipitation	23197835
Q8YF53	P58753	Brucella melitensis BIOTYPE 1 STRAIN 16M		TIRAP_HUMAN	1	224914	anti tag coimmunoprecipitation	24275656
A0A0H2X3D0	P05814	Chlamydia trachomatis STRAIN A/HAR-13		CASB_HUMAN	1	315277	enzymatic study	17604025
Q7NVC1	Q13075	Chromobacterium violaceum STRAIN ATCC 12472		BIRC1_HUMAN	1	243365	anti tag coimmunoprecipitation	21918512
B1INP5	P63027	Clostridium botulinum STRAIN Okra / TYPE B1		VAMP2_HUMAN	1	498213	protease assay	16636286
P04958	P0DMV8	Clostridium tetani STRAIN E88		HS71A_HUMAN	1	212717	solid phase assay	17357109
D2TI15	C9JL25	Citrobacter rodentium STRAIN ICC168			1	637910	affinity chromatography technology	27822540
A1A766	Q9NZJ4	Escherichia coli STRAIN APEC O1		SACS_HUMAN	1	405955	experimental interaction detection	19208651
Q8Z6A7	O00592	Salmonella enterica SUBSPECIES ENTERICA SEROVAR TYPHI		PODXL_HUMAN	1	90370	anti tag coimmunoprecipitation	23842500
Q7BQ98	O00461	Shigella dysenteriae		GOLI4_HUMAN	1	622	pull down	22267811
P21163	Q86YW7	Elizabethkingia miricola		GPHB5_HUMAN	1	172045		12045258
Q4G4D4	P68366	Edwardsiella tarda		TBA4A_HUMAN	1	636	anti bait coimmunoprecipitation	20855515
Q6RCR0	P62987	Legionella pneumophila		RL40_HUMAN	1	446	comigration in sds page	27049943
Q5X159	P62837	Legionella pneumophila STRAIN Paris		UB2D2_HUMAN	1	297246	x-ray crystallography	26146184
G2K3G6	A0A0U2ZQU7	Listeria monocytogenes STRAIN 10403S			1	393133	x-ray crystallography	17715295
D5VB34	P0DOX3	Moraxella catarrhalis STRAIN BBH18			1	1236608	experimental interaction detection	16906531
A0A0H3A2T3	A0A024RAE4	Mycobacterium avium STRAIN 104			1	243243	two hybrid	19060135
Q7D8M9	A0A0S2Z4S4	Mycobacterium tuberculosis STRAIN CDC1551			1	83331	experimental interaction detection	19880448
Q9R3N6	P18428	Mycoplasma fermentans		LBP_HUMAN	1	2115	enzyme linked immunosorbent assay	15294986
P47515	Q9HC84	Mycoplasma genitalium STRAIN G37		MUC5B_HUMAN	1	243273	experimental interaction detection	12787366
Q601D1	P02751	Mycoplasma hyopneumoniae STRAIN 232		FINC_HUMAN	1	295358	enzyme linked immunosorbent assay	20879998
Q4AAD6	P02751	Mycoplasma hyopneumoniae STRAIN J		FINC_HUMAN	1	262719	enzyme linked immunosorbent assay	25293691
P15363	P07355	Mycoplasma hyorhinis		ANXA2_HUMAN	1	2100	pull down	25136068
P75358	P02679	Mycoplasma pneumoniae STRAIN M129		FIBG_HUMAN	1	272634	far western blotting	21546586
Q98PK8	P63000	Mycoplasma pulmonis STRAIN UAB CTIP		RAC1_HUMAN	1	272635	pull down	24172987
Q7BMV7	P02788	Neisseria meningitidis		TRFL_HUMAN	1	487	protease assay	20133713
Q09057	P02787	Neisseria meningitidis SEROGROUP B		TRFE_HUMAN	1	491	x-ray crystallography	22343719
A0A024A2C9	P04004	Haemophilus influenzae		VTNC_HUMAN	1	727	enzyme linked immunosorbent assay	26538390
E1X6C6	P08603	Haemophilus influenzae STRAIN 10810		CFAH_HUMAN	1	862964	far western blotting	24835392
A4NBN9	P04004	Haemophilus influenzae STRAIN 3655		VTNC_HUMAN	1	375177	enzyme linked immunosorbent assay	26538390
Q9CKF6	P02751	Pasteurella multocida SUBSPECIES MULTOCIDA STRAIN PM70		FINC_HUMAN	1	272843	enzyme linked immunosorbent assay	18160478
Q2TV77	P09486	Finegoldia magna		SPRC_HUMAN	1	1260	far western blotting	18808384
Q8E473	P19013	Streptococcus agalactiae STRAIN NEM316		K2C4_HUMAN	1	211110	experimental interaction detection	17709412
C9E3B4	Q9UGM3	Streptococcus mutans		DMBT1_HUMAN	1	1309	surface plasmon resonance	20231452
P16946	P08603	Streptococcus pyogenes SEROTYPE M49		CFAH_HUMAN	1	301452		18627465
Q56935	E9KL35	Yersinia pseudotuberculosis		E9KL35_HUMAN	1	633	experimental interaction detection	21347310
