direction	bacterial_accession	human_accession	motif	domain	resource	motif_match_count	first_start	first_end
reverse	Q8XAL7	P55211	CLV_C14_Caspase3-7	PF00656	ELM	1	104	109
reverse	P40127	O14773	CLV_PCSK_KEX2_1	PF00082	ELM	4	195	198
reverse	Q0WAP0	O14773	CLV_PCSK_KEX2_1	PF00082	ELM	4	22	25
reverse	Q5NIP6	O14773	CLV_PCSK_KEX2_1	PF00082	ELM	2	33	36
reverse	Q7CL81	P29122	CLV_PCSK_KEX2_1	PF00082	ELM	3	260	263
reverse	P40127	O14773	CLV_PCSK_PC1ET2_1	PF00082	ELM	1	195	198
reverse	Q0WAP0	O14773	CLV_PCSK_PC1ET2_1	PF00082	ELM	4	22	25
reverse	Q5NIP6	O14773	CLV_PCSK_PC1ET2_1	PF00082	ELM	2	33	36
reverse	Q7CL81	P29122	CLV_PCSK_PC1ET2_1	PF00082	ELM	2	260	263
reverse	P40127	O14773	CLV_PCSK_SKI1_1	PF00082	ELM	4	195	200
reverse	Q0WAP0	O14773	CLV_PCSK_SKI1_1	PF00082	ELM	5	9	14
reverse	Q5NIP6	O14773	CLV_PCSK_SKI1_1	PF00082	ELM	4	73	78
reverse	Q7CL81	P29122	CLV_PCSK_SKI1_1	PF00082	ELM	1	44	49
reverse	Q8ZA85	O14773	CLV_PCSK_SKI1_1	PF00082	ELM	1	118	123
reverse	P62616	Q8TEQ6	DEG_SCF_FBW7_1	PF00400	ELM	1	190	198
reverse	Q8CZX8	P31146	DEG_SCF_FBW7_1	PF00400	ELM	1	166	173
reverse	Q8D0H6	Q92828	DEG_SCF_FBW7_1	PF00400	ELM	1	102	110
reverse	Q8XB62	Q8TEB1	DEG_SCF_FBW7_1	PF00400	ELM	2	37	43
reverse	P17778	Q9UEE5	DOC_MAPK_DCC_7	PF00069	ELM	1	166	177
reverse	P58543	Q9H422	DOC_MAPK_DCC_7	PF00069	ELM	1	524	534
reverse	P69986	Q9UHD2	DOC_MAPK_DCC_7	PF00069	ELM	1	274	285
reverse	Q5NHK6	P27448	DOC_MAPK_DCC_7	PF00069	ELM	1	342	353
reverse	Q7DB77	O75716	DOC_MAPK_DCC_7	PF00069	ELM	1	61	71
reverse	Q81KV7	O75385	DOC_MAPK_DCC_7	PF00069	ELM	1	158	169
reverse	Q81VV7	P15735	DOC_MAPK_DCC_7	PF00069	ELM	1	295	305
reverse	Q8D0H6	Q9H2X6	DOC_MAPK_DCC_7	PF00069	ELM	1	507	518
reverse	Q8XA11	P49759	DOC_MAPK_DCC_7	PF00069	ELM	1	155	165
reverse	Q8ZAA1	Q13523	DOC_MAPK_DCC_7	PF00069	ELM	1	43	53
reverse	Q8ZDX8	Q9BXM7	DOC_MAPK_DCC_7	PF00069	ELM	1	381	392
reverse	Q8ZJP8	Q9H422	DOC_MAPK_DCC_7	PF00069	ELM	1	5	16
reverse	Q93KU8	Q15418	DOC_MAPK_DCC_7	PF00069	ELM	1	166	177
reverse	Q93KU8	Q16513	DOC_MAPK_DCC_7	PF00069	ELM	1	166	177
reverse	Q9X6B0	Q96KG9	DOC_MAPK_DCC_7	PF00069	ELM	1	35	45
reverse	B7UM99	O75716	DOC_MAPK_gen_1	PF00069	ELM	1	352	360
reverse	D0ZVG2	Q16512	DOC_MAPK_gen_1	PF00069	ELM	3	401	411
reverse	O84760	O43187	DOC_MAPK_gen_1	PF00069	ELM	1	351	364
reverse	O84760	P51617	DOC_MAPK_gen_1	PF00069	ELM	1	351	364
reverse	O84760	Q13233	DOC_MAPK_gen_1	PF00069	ELM	1	351	364
reverse	P00634	Q5S007	DOC_MAPK_gen_1	PF00069	ELM	4	19	28
reverse	P15917	P46734	DOC_MAPK_gen_1	PF00069	ELM	5	3	10
reverse	P17778	Q9UEE5	DOC_MAPK_gen_1	PF00069	ELM	1	207	215
reverse	P30690	O43187	DOC_MAPK_gen_1	PF00069	ELM	1	1	10
reverse	P30690	P51617	DOC_MAPK_gen_1	PF00069	ELM	1	1	10
reverse	P30690	Q13233	DOC_MAPK_gen_1	PF00069	ELM	1	1	10
reverse	P55980	Q7KZI7	DOC_MAPK_gen_1	PF00069	ELM	2	398	407
reverse	P58543	Q9H422	DOC_MAPK_gen_1	PF00069	ELM	1	467	476
reverse	P69986	Q9UHD2	DOC_MAPK_gen_1	PF00069	ELM	2	254	261
reverse	Q5NES5	Q16512	DOC_MAPK_gen_1	PF00069	ELM	1	389	397
reverse	Q5NES5	Q16539	DOC_MAPK_gen_1	PF00069	ELM	1	389	397
reverse	Q5NGA0	Q96KG9	DOC_MAPK_gen_1	PF00069	ELM	4	118	128
reverse	Q5NGV3	P27448	DOC_MAPK_gen_1	PF00069	ELM	1	148	156
reverse	Q5NGV7	Q92918	DOC_MAPK_gen_1	PF00069	ELM	1	671	680
reverse	Q5NH37	Q5VST9	DOC_MAPK_gen_1	PF00069	ELM	2	2	13
reverse	Q5NHP0	Q96KG9	DOC_MAPK_gen_1	PF00069	ELM	1	336	345
reverse	Q5NID1	Q9H4A3	DOC_MAPK_gen_1	PF00069	ELM	13	12	20
reverse	Q5NID2	Q9H2G2	DOC_MAPK_gen_1	PF00069	ELM	6	44	54
reverse	Q5NIP5	Q96BR1	DOC_MAPK_gen_1	PF00069	ELM	1	435	445
reverse	Q7ARD3	P27448	DOC_MAPK_gen_1	PF00069	ELM	1	30	40
reverse	Q7ARD3	Q15746	DOC_MAPK_gen_1	PF00069	ELM	1	30	40
reverse	Q7ARD3	Q8TDX7	DOC_MAPK_gen_1	PF00069	ELM	1	30	40
reverse	Q7ARD3	Q96KG9	DOC_MAPK_gen_1	PF00069	ELM	1	30	40
reverse	Q7ARN5	Q9NYY3	DOC_MAPK_gen_1	PF00069	ELM	3	131	142
reverse	Q7CG77	Q9BQI3	DOC_MAPK_gen_1	PF00069	ELM	1	386	393
reverse	Q7CIZ7	P27448	DOC_MAPK_gen_1	PF00069	ELM	1	6	15
reverse	Q7DB77	O75716	DOC_MAPK_gen_1	PF00069	ELM	1	349	357
reverse	Q81KT8	P49759	DOC_MAPK_gen_1	PF00069	ELM	2	196	205
reverse	Q81LB8	P27448	DOC_MAPK_gen_1	PF00069	ELM	6	3	14
reverse	Q81LC5	Q15831	DOC_MAPK_gen_1	PF00069	ELM	2	268	279
reverse	Q81VT3	Q92918	DOC_MAPK_gen_1	PF00069	ELM	2	244	253
reverse	Q81VT8	P17612	DOC_MAPK_gen_1	PF00069	ELM	5	182	192
reverse	Q81VT8	P27448	DOC_MAPK_gen_1	PF00069	ELM	5	182	192
reverse	Q81VV7	P15735	DOC_MAPK_gen_1	PF00069	ELM	4	4	14
reverse	Q81X77	Q16512	DOC_MAPK_gen_1	PF00069	ELM	2	1	10
reverse	Q81XR1	A4QPA9	DOC_MAPK_gen_1	PF00069	ELM	1	22	32
reverse	Q81XR1	Q02750	DOC_MAPK_gen_1	PF00069	ELM	1	22	32
reverse	Q81XT3	Q9NRH2	DOC_MAPK_gen_1	PF00069	ELM	2	184	193
reverse	Q8CWG4	P24723	DOC_MAPK_gen_1	PF00069	ELM	2	246	256
reverse	Q8CZQ9	Q15746	DOC_MAPK_gen_1	PF00069	ELM	1	92	100
reverse	Q8CZY7	Q9HBH9	DOC_MAPK_gen_1	PF00069	ELM	1	123	134
reverse	Q8D0G3	Q15746	DOC_MAPK_gen_1	PF00069	ELM	1	85	96
reverse	Q8D0H6	Q9H2X6	DOC_MAPK_gen_1	PF00069	ELM	3	454	464
reverse	Q8D194	O75385	DOC_MAPK_gen_1	PF00069	ELM	2	62	72
reverse	Q8D1K1	Q96KG9	DOC_MAPK_gen_1	PF00069	ELM	1	32	43
reverse	Q8XA11	P49759	DOC_MAPK_gen_1	PF00069	ELM	1	84	94
reverse	Q8ZAA1	Q13523	DOC_MAPK_gen_1	PF00069	ELM	1	71	79
reverse	Q8ZAQ2	O95819	DOC_MAPK_gen_1	PF00069	ELM	2	168	179
reverse	Q8ZBC2	Q16539	DOC_MAPK_gen_1	PF00069	ELM	5	63	72
reverse	Q8ZBN6	Q6ZN16	DOC_MAPK_gen_1	PF00069	ELM	2	260	270
reverse	Q8ZC51	Q9BXM7	DOC_MAPK_gen_1	PF00069	ELM	1	265	275
reverse	Q8ZDX4	Q9BQI3	DOC_MAPK_gen_1	PF00069	ELM	2	16	27
reverse	Q8ZDX8	Q9BXM7	DOC_MAPK_gen_1	PF00069	ELM	3	178	187
reverse	Q8ZHZ4	Q9H792	DOC_MAPK_gen_1	PF00069	ELM	4	5	14
reverse	Q8ZIG9	Q9BUD9	DOC_MAPK_gen_1	PF00069	ELM	1	30	38
reverse	Q8ZIY3	P35626	DOC_MAPK_gen_1	PF00069	ELM	4	12	22
reverse	Q8ZJP8	Q9H422	DOC_MAPK_gen_1	PF00069	ELM	1	95	104
reverse	Q9X6B0	Q96KG9	DOC_MAPK_gen_1	PF00069	ELM	3	2	10
reverse	B7UM99	O75716	DOC_MAPK_HePTP_8	PF00069	ELM	1	122	135
reverse	O84760	O43187	DOC_MAPK_HePTP_8	PF00069	ELM	1	253	266
reverse	O84760	P51617	DOC_MAPK_HePTP_8	PF00069	ELM	1	253	266
reverse	O84760	Q13233	DOC_MAPK_HePTP_8	PF00069	ELM	1	253	266
reverse	P00634	Q5S007	DOC_MAPK_HePTP_8	PF00069	ELM	1	58	71
reverse	P15917	P46734	DOC_MAPK_HePTP_8	PF00069	ELM	1	151	164
reverse	P69986	Q9UHD2	DOC_MAPK_HePTP_8	PF00069	ELM	1	270	285
reverse	Q7CG77	Q9BQI3	DOC_MAPK_HePTP_8	PF00069	ELM	1	143	156
reverse	Q81KT8	P49759	DOC_MAPK_HePTP_8	PF00069	ELM	1	360	373
reverse	Q81KV7	O75385	DOC_MAPK_HePTP_8	PF00069	ELM	1	22	35
reverse	Q81VV7	P15735	DOC_MAPK_HePTP_8	PF00069	ELM	1	292	305
reverse	Q8XA11	P49759	DOC_MAPK_HePTP_8	PF00069	ELM	1	152	165
reverse	B7UM99	O75716	DOC_MAPK_MEF2A_6	PF00069	ELM	1	125	135
reverse	D0ZVG2	Q16512	DOC_MAPK_MEF2A_6	PF00069	ELM	3	4	13
reverse	O52162	P45985	DOC_MAPK_MEF2A_6	PF00069	ELM	3	46	56
reverse	O84760	O43187	DOC_MAPK_MEF2A_6	PF00069	ELM	2	256	266
reverse	O84760	P51617	DOC_MAPK_MEF2A_6	PF00069	ELM	2	256	266
reverse	O84760	Q13233	DOC_MAPK_MEF2A_6	PF00069	ELM	2	256	266
reverse	P00634	Q5S007	DOC_MAPK_MEF2A_6	PF00069	ELM	2	1	10
reverse	P04949	O43187	DOC_MAPK_MEF2A_6	PF00069	ELM	1	139	148
reverse	P04949	P51617	DOC_MAPK_MEF2A_6	PF00069	ELM	1	139	148
reverse	P04949	Q13233	DOC_MAPK_MEF2A_6	PF00069	ELM	1	139	148
reverse	P0A2M9	P28482	DOC_MAPK_MEF2A_6	PF00069	ELM	1	4	12
reverse	P0AA25	P24941	DOC_MAPK_MEF2A_6	PF00069	ELM	2	18	28
reverse	P15917	P46734	DOC_MAPK_MEF2A_6	PF00069	ELM	2	73	81
reverse	P17778	Q9UEE5	DOC_MAPK_MEF2A_6	PF00069	ELM	1	207	217
reverse	P30690	O43187	DOC_MAPK_MEF2A_6	PF00069	ELM	1	1	10
reverse	P30690	P51617	DOC_MAPK_MEF2A_6	PF00069	ELM	1	1	10
reverse	P30690	Q13233	DOC_MAPK_MEF2A_6	PF00069	ELM	1	1	10
reverse	P55980	Q7KZI7	DOC_MAPK_MEF2A_6	PF00069	ELM	1	1037	1046
reverse	P58543	Q9H422	DOC_MAPK_MEF2A_6	PF00069	ELM	1	81	90
reverse	P69986	Q9UHD2	DOC_MAPK_MEF2A_6	PF00069	ELM	1	141	149
reverse	Q5NGA0	Q96KG9	DOC_MAPK_MEF2A_6	PF00069	ELM	2	118	128
reverse	Q5NGV3	P27448	DOC_MAPK_MEF2A_6	PF00069	ELM	1	148	156
reverse	Q5NGV7	Q92918	DOC_MAPK_MEF2A_6	PF00069	ELM	1	611	620
reverse	Q5NH37	Q5VST9	DOC_MAPK_MEF2A_6	PF00069	ELM	2	2	11
reverse	Q5NHK6	P27448	DOC_MAPK_MEF2A_6	PF00069	ELM	2	106	115
reverse	Q5NHP0	Q96KG9	DOC_MAPK_MEF2A_6	PF00069	ELM	2	326	336
reverse	Q5NID1	Q9H4A3	DOC_MAPK_MEF2A_6	PF00069	ELM	3	12	22
reverse	Q5NID2	Q9H2G2	DOC_MAPK_MEF2A_6	PF00069	ELM	3	46	56
reverse	Q5NIP5	Q96BR1	DOC_MAPK_MEF2A_6	PF00069	ELM	2	144	153
reverse	Q7ARN5	Q9NYY3	DOC_MAPK_MEF2A_6	PF00069	ELM	2	134	144
reverse	Q7CG77	Q9BQI3	DOC_MAPK_MEF2A_6	PF00069	ELM	2	146	156
reverse	Q7CIZ7	P27448	DOC_MAPK_MEF2A_6	PF00069	ELM	1	8	17
reverse	Q7DB77	O75716	DOC_MAPK_MEF2A_6	PF00069	ELM	2	61	71
reverse	Q81KT8	P49759	DOC_MAPK_MEF2A_6	PF00069	ELM	2	196	205
reverse	Q81KV7	O75385	DOC_MAPK_MEF2A_6	PF00069	ELM	3	25	35
reverse	Q81LB8	P27448	DOC_MAPK_MEF2A_6	PF00069	ELM	2	108	118
reverse	Q81LC5	Q15831	DOC_MAPK_MEF2A_6	PF00069	ELM	1	271	281
reverse	Q81VT3	Q92918	DOC_MAPK_MEF2A_6	PF00069	ELM	1	262	271
reverse	Q81VT8	P17612	DOC_MAPK_MEF2A_6	PF00069	ELM	2	176	184
reverse	Q81VT8	P27448	DOC_MAPK_MEF2A_6	PF00069	ELM	2	176	184
reverse	Q81VV7	P15735	DOC_MAPK_MEF2A_6	PF00069	ELM	2	115	125
reverse	Q81X77	Q16512	DOC_MAPK_MEF2A_6	PF00069	ELM	1	389	398
reverse	Q81XR1	A4QPA9	DOC_MAPK_MEF2A_6	PF00069	ELM	1	22	32
reverse	Q81XR1	Q02750	DOC_MAPK_MEF2A_6	PF00069	ELM	1	22	32
reverse	Q81XT3	Q9NRH2	DOC_MAPK_MEF2A_6	PF00069	ELM	2	215	225
reverse	Q8CWG4	P24723	DOC_MAPK_MEF2A_6	PF00069	ELM	1	103	111
reverse	Q8CZQ9	Q15746	DOC_MAPK_MEF2A_6	PF00069	ELM	2	77	86
reverse	Q8CZY7	Q9HBH9	DOC_MAPK_MEF2A_6	PF00069	ELM	1	124	134
reverse	Q8D0H6	Q9H2X6	DOC_MAPK_MEF2A_6	PF00069	ELM	7	47	57
reverse	Q8D0H8	P05771	DOC_MAPK_MEF2A_6	PF00069	ELM	1	313	321
reverse	Q8D194	O75385	DOC_MAPK_MEF2A_6	PF00069	ELM	3	62	72
reverse	Q8D1K1	Q96KG9	DOC_MAPK_MEF2A_6	PF00069	ELM	1	34	43
reverse	Q8XA11	P49759	DOC_MAPK_MEF2A_6	PF00069	ELM	2	145	155
reverse	Q8ZAA1	Q13523	DOC_MAPK_MEF2A_6	PF00069	ELM	1	71	79
reverse	Q8ZAQ2	O95819	DOC_MAPK_MEF2A_6	PF00069	ELM	1	53	61
reverse	Q8ZBC2	Q16539	DOC_MAPK_MEF2A_6	PF00069	ELM	2	77	86
reverse	Q8ZBN6	Q6ZN16	DOC_MAPK_MEF2A_6	PF00069	ELM	3	260	270
reverse	Q8ZDX4	Q9BQI3	DOC_MAPK_MEF2A_6	PF00069	ELM	5	19	29
reverse	Q8ZDX8	Q9BXM7	DOC_MAPK_MEF2A_6	PF00069	ELM	5	46	56
reverse	Q8ZHZ4	Q9H792	DOC_MAPK_MEF2A_6	PF00069	ELM	3	7	16
reverse	Q8ZIY3	P35626	DOC_MAPK_MEF2A_6	PF00069	ELM	1	241	250
reverse	Q8ZJG9	Q6P3W7	DOC_MAPK_MEF2A_6	PF00069	ELM	1	238	246
reverse	Q9X6B0	Q96KG9	DOC_MAPK_MEF2A_6	PF00069	ELM	3	2	12
reverse	Q5NEC0	Q96QZ7	DOC_WW_Pin1_4	PF00397	ELM	10	8	14
reverse	Q5NFN4	Q9GZV5	DOC_WW_Pin1_4	PF00397	ELM	2	390	396
reverse	Q5NG02	O60861	DOC_WW_Pin1_4	PF00397	ELM	3	62	68
reverse	Q5NGW2	Q9BTA9	DOC_WW_Pin1_4	PF00397	ELM	3	155	161
reverse	Q5NHP0	Q96J02	DOC_WW_Pin1_4	PF00397	ELM	4	0	6
reverse	Q81ST3	Q6AWC2	DOC_WW_Pin1_4	PF00397	ELM	1	136	142
reverse	Q8ZD41	Q9H0M0	DOC_WW_Pin1_4	PF00397	ELM	1	260	266
reverse	Q8ZEV7	Q9BYW2	DOC_WW_Pin1_4	PF00397	ELM	1	510	516
reverse	Q8ZGA1	Q9BTA9	DOC_WW_Pin1_4	PF00397	ELM	1	100	106
reverse	A0A0H3NF38	P61981	LIG_14-3-3_CanoR_1	PF00244	ELM	10	20	31
reverse	Q51451	D0PNI1	LIG_14-3-3_CanoR_1	PF00244	ELM	2	145	155
reverse	Q51451	P27348	LIG_14-3-3_CanoR_1	PF00244	ELM	2	145	155
reverse	Q51451	P31946	LIG_14-3-3_CanoR_1	PF00244	ELM	2	145	155
reverse	Q51451	P31947	LIG_14-3-3_CanoR_1	PF00244	ELM	2	145	155
reverse	Q51451	P61981	LIG_14-3-3_CanoR_1	PF00244	ELM	2	145	155
reverse	Q51451	P62258	LIG_14-3-3_CanoR_1	PF00244	ELM	2	145	155
reverse	Q51451	P63104	LIG_14-3-3_CanoR_1	PF00244	ELM	2	145	155
reverse	Q51451	Q04917	LIG_14-3-3_CanoR_1	PF00244	ELM	2	145	155
reverse	Q7ARN5	D0PNI1	LIG_14-3-3_CanoR_1	PF00244	ELM	3	30	35
reverse	Q7ARN5	P63104	LIG_14-3-3_CanoR_1	PF00244	ELM	3	30	35
reverse	Q8ZG99	D0PNI1	LIG_14-3-3_CanoR_1	PF00244	ELM	15	7	13
reverse	Q8ZG99	P62258	LIG_14-3-3_CanoR_1	PF00244	ELM	15	7	13
reverse	Q8ZG99	P63104	LIG_14-3-3_CanoR_1	PF00244	ELM	15	7	13
reverse	Q933J5	D0PNI1	LIG_14-3-3_CanoR_1	PF00244	ELM	2	145	155
reverse	Q933J5	P63104	LIG_14-3-3_CanoR_1	PF00244	ELM	2	145	155
reverse	Q5NEC0	Q9UKK3	LIG_BRCT_BRCA1_1	PF00533	ELM	6	375	380
reverse	Q5NF74	Q9Y5B0	LIG_BRCT_BRCA1_1	PF00533	ELM	1	317	322
reverse	Q5NGC7	Q92547	LIG_BRCT_BRCA1_1	PF00533	ELM	6	105	110
reverse	Q81KT8	P09874	LIG_BRCT_BRCA1_1	PF00533	ELM	1	178	183
reverse	Q81X78	Q9Y5B0	LIG_BRCT_BRCA1_1	PF00533	ELM	2	27	32
reverse	Q8CZG2	Q9UKK3	LIG_BRCT_BRCA1_1	PF00533	ELM	1	208	213
reverse	Q8CZH4	Q9UKK3	LIG_BRCT_BRCA1_1	PF00533	ELM	6	253	258
reverse	Q5NFR9	O43896	LIG_FHA_1	PF00498	ELM	9	98	105
reverse	Q5NGF9	O60333	LIG_FHA_1	PF00498	ELM	2	63	70
reverse	Q5NID9	Q14BN4	LIG_FHA_1	PF00498	ELM	6	26	33
reverse	Q81LQ9	P85037	LIG_FHA_1	PF00498	ELM	1	33	40
reverse	Q81TG1	Q01167	LIG_FHA_1	PF00498	ELM	6	33	40
reverse	Q81TW2	Q96L93	LIG_FHA_1	PF00498	ELM	12	13	20
reverse	Q81Y46	Q01167	LIG_FHA_1	PF00498	ELM	7	73	80
reverse	Q9ZC50	Q14BN4	LIG_FHA_1	PF00498	ELM	8	19	26
reverse	Q5NFR9	O43896	LIG_FHA_2	PF00498	ELM	8	10	17
reverse	Q5NGF9	O60333	LIG_FHA_2	PF00498	ELM	2	13	20
reverse	Q5NID9	Q14BN4	LIG_FHA_2	PF00498	ELM	2	254	261
reverse	Q81TG1	Q01167	LIG_FHA_2	PF00498	ELM	2	86	93
reverse	Q81TW2	Q96L93	LIG_FHA_2	PF00498	ELM	12	234	241
reverse	Q81Y46	Q01167	LIG_FHA_2	PF00498	ELM	3	145	152
reverse	Q9ZC50	Q14BN4	LIG_FHA_2	PF00498	ELM	1	6	13
reverse	Q8ZI64	O95166	LIG_LIR_Apic_2	PF02991	ELM	4	74	80
reverse	Q8ZI64	O95166	LIG_LIR_Gen_1	PF02991	ELM	3	20	31
reverse	Q8ZI64	O95166	LIG_LIR_Nem_3	PF02991	ELM	5	20	27
reverse	B7UM99	P16333	LIG_SH2_CRK	PF00017	ELM	2	482	487
reverse	B7UM99	P29350	LIG_SH2_CRK	PF00017	ELM	2	482	487
reverse	O84760	Q06187	LIG_SH2_CRK	PF00017	ELM	3	23	28
reverse	P17778	P27986	LIG_SH2_CRK	PF00017	ELM	1	365	370
reverse	P30690	Q06187	LIG_SH2_CRK	PF00017	ELM	3	23	28
reverse	P80200	Q06124	LIG_SH2_CRK	PF00017	ELM	4	836	841
reverse	Q5NEC0	P52630	LIG_SH2_CRK	PF00017	ELM	5	192	197
reverse	Q5NEG0	P06239	LIG_SH2_CRK	PF00017	ELM	1	145	150
reverse	Q5NET8	P40763	LIG_SH2_CRK	PF00017	ELM	6	453	458
reverse	Q5NEU6	O15357	LIG_SH2_CRK	PF00017	ELM	4	4	9
reverse	Q5NFR9	Q92835	LIG_SH2_CRK	PF00017	ELM	1	568	573
reverse	Q5NGB9	P42226	LIG_SH2_CRK	PF00017	ELM	1	88	93
reverse	Q5NGF9	P06239	LIG_SH2_CRK	PF00017	ELM	1	319	324
reverse	Q5NGF9	P40763	LIG_SH2_CRK	PF00017	ELM	1	319	324
reverse	Q5NGV3	O00459	LIG_SH2_CRK	PF00017	ELM	3	32	37
reverse	Q5NI79	P07332	LIG_SH2_CRK	PF00017	ELM	2	150	155
reverse	Q5NIA8	P06241	LIG_SH2_CRK	PF00017	ELM	2	173	178
reverse	Q5NID2	P27986	LIG_SH2_CRK	PF00017	ELM	9	94	99
reverse	Q5NIP5	P42226	LIG_SH2_CRK	PF00017	ELM	1	326	331
reverse	Q5WMC9	P16333	LIG_SH2_CRK	PF00017	ELM	2	482	487
reverse	Q74R28	P42226	LIG_SH2_CRK	PF00017	ELM	2	12	17
reverse	Q7CJG3	P07948	LIG_SH2_CRK	PF00017	ELM	2	100	105
reverse	Q7DB77	P29350	LIG_SH2_CRK	PF00017	ELM	3	137	142
reverse	Q81JW1	P43403	LIG_SH2_CRK	PF00017	ELM	3	85	90
reverse	Q81K85	P27986	LIG_SH2_CRK	PF00017	ELM	5	43	48
reverse	Q81NB9	P42226	LIG_SH2_CRK	PF00017	ELM	1	270	275
reverse	Q81PS6	P40763	LIG_SH2_CRK	PF00017	ELM	1	78	83
reverse	Q81VT8	P16333	LIG_SH2_CRK	PF00017	ELM	4	16	21
reverse	Q81VW3	P07332	LIG_SH2_CRK	PF00017	ELM	3	150	155
reverse	Q81WM8	P42226	LIG_SH2_CRK	PF00017	ELM	3	298	303
reverse	Q81X78	P40763	LIG_SH2_CRK	PF00017	ELM	4	130	135
reverse	Q8D014	P42226	LIG_SH2_CRK	PF00017	ELM	3	77	82
reverse	Q8D192	P42224	LIG_SH2_CRK	PF00017	ELM	6	10	15
reverse	Q8Z9R8	P42226	LIG_SH2_CRK	PF00017	ELM	3	264	269
reverse	Q8ZA97	P42224	LIG_SH2_CRK	PF00017	ELM	3	37	42
reverse	Q8ZDA6	P06239	LIG_SH2_CRK	PF00017	ELM	1	219	224
reverse	Q8ZDA6	P42226	LIG_SH2_CRK	PF00017	ELM	1	219	224
reverse	Q8ZDJ2	P29350	LIG_SH2_CRK	PF00017	ELM	6	433	438
reverse	Q8ZDX8	P42226	LIG_SH2_CRK	PF00017	ELM	1	617	622
reverse	Q8ZGK8	P51451	LIG_SH2_CRK	PF00017	ELM	2	323	328
reverse	Q8ZH69	Q13588	LIG_SH2_CRK	PF00017	ELM	3	82	87
reverse	Q8ZHI8	P42226	LIG_SH2_CRK	PF00017	ELM	6	88	93
reverse	Q8ZJ74	P06239	LIG_SH2_CRK	PF00017	ELM	1	33	38
reverse	Q8ZJB3	P42226	LIG_SH2_CRK	PF00017	ELM	5	9	14
reverse	Q9ZLT1	Q06124	LIG_SH2_CRK	PF00017	ELM	3	840	845
reverse	P17778	P27986	LIG_SH2_GRB2like	PF00017	ELM	2	38	42
reverse	P30690	Q06187	LIG_SH2_GRB2like	PF00017	ELM	1	219	223
reverse	P80200	Q06124	LIG_SH2_GRB2like	PF00017	ELM	3	67	71
reverse	Q5NEC0	P52630	LIG_SH2_GRB2like	PF00017	ELM	2	375	379
reverse	Q5NET8	P40763	LIG_SH2_GRB2like	PF00017	ELM	7	238	242
reverse	Q5NF75	P06239	LIG_SH2_GRB2like	PF00017	ELM	2	327	331
reverse	Q5NGF9	P06239	LIG_SH2_GRB2like	PF00017	ELM	2	85	89
reverse	Q5NGF9	P40763	LIG_SH2_GRB2like	PF00017	ELM	2	85	89
reverse	Q5NI79	P07332	LIG_SH2_GRB2like	PF00017	ELM	1	377	381
reverse	Q5NID2	P27986	LIG_SH2_GRB2like	PF00017	ELM	1	313	317
reverse	Q81JW1	P43403	LIG_SH2_GRB2like	PF00017	ELM	2	42	46
reverse	Q81PS6	P40763	LIG_SH2_GRB2like	PF00017	ELM	2	19	23
reverse	Q8D192	P42224	LIG_SH2_GRB2like	PF00017	ELM	5	295	299
reverse	Q8Z9R8	P42226	LIG_SH2_GRB2like	PF00017	ELM	1	245	249
reverse	Q8ZA97	P42224	LIG_SH2_GRB2like	PF00017	ELM	1	266	270
reverse	Q8ZDJ2	P29350	LIG_SH2_GRB2like	PF00017	ELM	6	105	109
reverse	Q8ZGK8	P51451	LIG_SH2_GRB2like	PF00017	ELM	1	160	164
reverse	Q8ZH69	Q13588	LIG_SH2_GRB2like	PF00017	ELM	1	126	130
reverse	Q9ZLT1	Q06124	LIG_SH2_GRB2like	PF00017	ELM	2	506	510
reverse	Q5NEC0	P52630	LIG_SH2_PTP2	PF00017	ELM	1	36	40
reverse	Q5NEE1	P42224	LIG_SH2_PTP2	PF00017	ELM	1	218	222
reverse	Q5NEU6	O15357	LIG_SH2_PTP2	PF00017	ELM	1	204	208
reverse	Q5NGV3	O00459	LIG_SH2_PTP2	PF00017	ELM	1	109	113
reverse	Q81JW1	P43403	LIG_SH2_PTP2	PF00017	ELM	4	3	7
reverse	Q81NB9	P42226	LIG_SH2_PTP2	PF00017	ELM	1	90	94
reverse	Q81PS6	P40763	LIG_SH2_PTP2	PF00017	ELM	1	19	23
reverse	Q81VT8	P16333	LIG_SH2_PTP2	PF00017	ELM	2	180	184
reverse	Q8D192	P42224	LIG_SH2_PTP2	PF00017	ELM	1	715	719
reverse	Q8ZDJ2	P29350	LIG_SH2_PTP2	PF00017	ELM	2	1018	1022
reverse	Q8ZH69	Q13588	LIG_SH2_PTP2	PF00017	ELM	1	126	130
reverse	B7UM99	P16333	LIG_SH2_SFK_2	PF00017	ELM	4	451	458
reverse	B7UM99	P29350	LIG_SH2_SFK_2	PF00017	ELM	4	451	458
reverse	P17778	P27986	LIG_SH2_SFK_2	PF00017	ELM	4	36	45
reverse	P30690	Q06187	LIG_SH2_SFK_2	PF00017	ELM	3	128	135
reverse	P80200	Q06124	LIG_SH2_SFK_2	PF00017	ELM	5	500	507
reverse	Q5NEC0	P52630	LIG_SH2_SFK_2	PF00017	ELM	2	521	528
reverse	Q5NEE1	P42224	LIG_SH2_SFK_2	PF00017	ELM	1	216	224
reverse	Q5NET8	P40763	LIG_SH2_SFK_2	PF00017	ELM	5	167	177
reverse	Q5NEU6	O15357	LIG_SH2_SFK_2	PF00017	ELM	2	1	8
reverse	Q5NGF9	P06239	LIG_SH2_SFK_2	PF00017	ELM	2	303	310
reverse	Q5NGF9	P40763	LIG_SH2_SFK_2	PF00017	ELM	2	303	310
reverse	Q5NGV3	O00459	LIG_SH2_SFK_2	PF00017	ELM	1	295	302
reverse	Q5NI79	P07332	LIG_SH2_SFK_2	PF00017	ELM	2	148	157
reverse	Q5NIA8	P06241	LIG_SH2_SFK_2	PF00017	ELM	2	63	73
reverse	Q5NID2	P27986	LIG_SH2_SFK_2	PF00017	ELM	6	92	99
reverse	Q5NIP5	P42226	LIG_SH2_SFK_2	PF00017	ELM	3	225	232
reverse	Q5WMC9	P16333	LIG_SH2_SFK_2	PF00017	ELM	4	451	458
reverse	Q7CJG3	P07948	LIG_SH2_SFK_2	PF00017	ELM	2	116	126
reverse	Q7DB77	P29350	LIG_SH2_SFK_2	PF00017	ELM	2	455	462
reverse	Q81JW1	P43403	LIG_SH2_SFK_2	PF00017	ELM	3	40	47
reverse	Q81K85	P27986	LIG_SH2_SFK_2	PF00017	ELM	7	41	48
reverse	Q81NB9	P42226	LIG_SH2_SFK_2	PF00017	ELM	1	88	97
reverse	Q81PS6	P40763	LIG_SH2_SFK_2	PF00017	ELM	2	17	26
reverse	Q81VT8	P16333	LIG_SH2_SFK_2	PF00017	ELM	6	34	43
reverse	Q81VW3	P07332	LIG_SH2_SFK_2	PF00017	ELM	3	101	111
reverse	Q81WM8	P42226	LIG_SH2_SFK_2	PF00017	ELM	2	278	287
reverse	Q81X78	P40763	LIG_SH2_SFK_2	PF00017	ELM	3	272	281
reverse	Q8D014	P42226	LIG_SH2_SFK_2	PF00017	ELM	5	15	22
reverse	Q8D192	P42224	LIG_SH2_SFK_2	PF00017	ELM	6	6	13
reverse	Q8Z9R8	P42226	LIG_SH2_SFK_2	PF00017	ELM	5	262	270
reverse	Q8ZA97	P42224	LIG_SH2_SFK_2	PF00017	ELM	1	188	195
reverse	Q8ZDJ2	P29350	LIG_SH2_SFK_2	PF00017	ELM	9	431	438
reverse	Q8ZDX8	P42226	LIG_SH2_SFK_2	PF00017	ELM	1	21	28
reverse	Q8ZGK8	P51451	LIG_SH2_SFK_2	PF00017	ELM	4	114	121
reverse	Q8ZH69	Q13588	LIG_SH2_SFK_2	PF00017	ELM	2	90	97
reverse	Q8ZHI8	P42226	LIG_SH2_SFK_2	PF00017	ELM	5	86	93
reverse	Q8ZJB3	P42226	LIG_SH2_SFK_2	PF00017	ELM	3	30	37
reverse	Q9ZLT1	Q06124	LIG_SH2_SFK_2	PF00017	ELM	5	504	511
reverse	O84760	Q06187	LIG_SH2_STAT5	PF00017	ELM	3	65	69
reverse	P17778	P27986	LIG_SH2_STAT5	PF00017	ELM	3	134	138
reverse	P30690	Q06187	LIG_SH2_STAT5	PF00017	ELM	1	130	134
reverse	P80200	Q06124	LIG_SH2_STAT5	PF00017	ELM	6	81	85
reverse	Q5NEC0	P52630	LIG_SH2_STAT5	PF00017	ELM	8	36	40
reverse	Q5NEE1	P42224	LIG_SH2_STAT5	PF00017	ELM	3	198	202
reverse	Q5NEG0	P06239	LIG_SH2_STAT5	PF00017	ELM	6	34	38
reverse	Q5NET8	P40763	LIG_SH2_STAT5	PF00017	ELM	14	281	285
reverse	Q5NEU6	O15357	LIG_SH2_STAT5	PF00017	ELM	2	204	208
reverse	Q5NF75	P06239	LIG_SH2_STAT5	PF00017	ELM	5	114	118
reverse	Q5NFR9	Q92835	LIG_SH2_STAT5	PF00017	ELM	6	99	103
reverse	Q5NGB9	P42226	LIG_SH2_STAT5	PF00017	ELM	6	16	20
reverse	Q5NGF9	P06239	LIG_SH2_STAT5	PF00017	ELM	3	178	182
reverse	Q5NGF9	P40763	LIG_SH2_STAT5	PF00017	ELM	3	178	182
reverse	Q5NGV3	O00459	LIG_SH2_STAT5	PF00017	ELM	5	44	48
reverse	Q5NI79	P07332	LIG_SH2_STAT5	PF00017	ELM	2	333	337
reverse	Q5NIA8	P06241	LIG_SH2_STAT5	PF00017	ELM	1	54	58
reverse	Q5NID2	P27986	LIG_SH2_STAT5	PF00017	ELM	10	25	29
reverse	Q5NIP5	P42226	LIG_SH2_STAT5	PF00017	ELM	6	80	84
reverse	Q74R28	P42226	LIG_SH2_STAT5	PF00017	ELM	4	61	65
reverse	Q7CJG3	P07948	LIG_SH2_STAT5	PF00017	ELM	6	79	83
reverse	Q81JW1	P43403	LIG_SH2_STAT5	PF00017	ELM	7	3	7
reverse	Q81K85	P27986	LIG_SH2_STAT5	PF00017	ELM	9	70	74
reverse	Q81NB9	P42226	LIG_SH2_STAT5	PF00017	ELM	3	90	94
reverse	Q81PS6	P40763	LIG_SH2_STAT5	PF00017	ELM	4	19	23
reverse	Q81VT8	P16333	LIG_SH2_STAT5	PF00017	ELM	13	180	184
reverse	Q81VW3	P07332	LIG_SH2_STAT5	PF00017	ELM	5	92	96
reverse	Q81WM8	P42226	LIG_SH2_STAT5	PF00017	ELM	2	423	427
reverse	Q81X78	P40763	LIG_SH2_STAT5	PF00017	ELM	4	25	29
reverse	Q8D014	P42226	LIG_SH2_STAT5	PF00017	ELM	7	17	21
reverse	Q8D192	P42224	LIG_SH2_STAT5	PF00017	ELM	8	8	12
reverse	Q8Z9R8	P42226	LIG_SH2_STAT5	PF00017	ELM	5	245	249
reverse	Q8ZA97	P42224	LIG_SH2_STAT5	PF00017	ELM	2	350	354
reverse	Q8ZDA6	P06239	LIG_SH2_STAT5	PF00017	ELM	1	219	223
reverse	Q8ZDA6	P42226	LIG_SH2_STAT5	PF00017	ELM	1	219	223
reverse	Q8ZDJ2	P29350	LIG_SH2_STAT5	PF00017	ELM	25	35	39
reverse	Q8ZDX8	P42226	LIG_SH2_STAT5	PF00017	ELM	4	196	200
reverse	Q8ZGK8	P51451	LIG_SH2_STAT5	PF00017	ELM	5	80	84
reverse	Q8ZH69	Q13588	LIG_SH2_STAT5	PF00017	ELM	2	126	130
reverse	Q8ZHI8	P42226	LIG_SH2_STAT5	PF00017	ELM	7	83	87
reverse	Q8ZJB3	P42226	LIG_SH2_STAT5	PF00017	ELM	4	32	36
reverse	Q9ZLT1	Q06124	LIG_SH2_STAT5	PF00017	ELM	7	81	85
reverse	A0A0F7R416	Q5HYK7	LIG_SH3_3	PF00018	ELM	1	77	84
reverse	B7UM99	P16333	LIG_SH3_3	PF00018	ELM	4	13	20
reverse	O84760	Q06187	LIG_SH3_3	PF00018	ELM	3	219	226
reverse	Q5NEG0	P06239	LIG_SH3_3	PF00018	ELM	2	117	124
reverse	Q5NF74	P19878	LIG_SH3_3	PF00018	ELM	4	25	32
reverse	Q5NFN4	Q96KQ4	LIG_SH3_3	PF00018	ELM	3	313	320
reverse	Q5NGV7	O94875	LIG_SH3_3	PF00018	ELM	3	222	229
reverse	Q5NGV7	Q6FGM0	LIG_SH3_3	PF00018	ELM	3	222	229
reverse	Q5NGV7	Q99961	LIG_SH3_3	PF00018	ELM	3	222	229
reverse	Q5NI85	Q12929	LIG_SH3_3	PF00018	ELM	3	62	69
reverse	Q5NIA8	P06241	LIG_SH3_3	PF00018	ELM	1	100	107
reverse	Q5NIG6	P19878	LIG_SH3_3	PF00018	ELM	3	98	105
reverse	Q5NIP6	Q15080	LIG_SH3_3	PF00018	ELM	4	132	139
reverse	Q5WMC9	P16333	LIG_SH3_3	PF00018	ELM	4	13	20
reverse	Q7CJG3	P07948	LIG_SH3_3	PF00018	ELM	3	109	116
reverse	Q81QG0	Q8IZP0	LIG_SH3_3	PF00018	ELM	1	146	153
reverse	Q81TT4	O75886	LIG_SH3_3	PF00018	ELM	1	596	603
reverse	Q81VT3	Q9NZM3	LIG_SH3_3	PF00018	ELM	3	193	200
reverse	Q81VT8	P16333	LIG_SH3_3	PF00018	ELM	6	135	142
reverse	Q81ZG1	Q13625	LIG_SH3_3	PF00018	ELM	2	329	336
reverse	Q81ZG1	Q9NZM3	LIG_SH3_3	PF00018	ELM	2	329	336
reverse	Q8CLT0	Q92882	LIG_SH3_3	PF00018	ELM	1	62	69
reverse	Q8D014	O75886	LIG_SH3_3	PF00018	ELM	1	142	149
reverse	Q8D0R4	Q86UR1	LIG_SH3_3	PF00018	ELM	2	316	323
reverse	Q8RNU1	Q9NZQ3	LIG_SH3_3	PF00018	ELM	4	17	24
reverse	Q8XAJ5	Q12959	LIG_SH3_3	PF00018	ELM	5	40	47
reverse	Q8ZDA6	P06239	LIG_SH3_3	PF00018	ELM	1	50	57
reverse	Q8ZGK8	P51451	LIG_SH3_3	PF00018	ELM	4	6	13
reverse	Q8ZH69	Q13588	LIG_SH3_3	PF00018	ELM	3	101	108
reverse	Q8ZJ74	P06239	LIG_SH3_3	PF00018	ELM	3	33	40
reverse	Q81KT8	P63165	LIG_SUMO_SIM_anti_2	PF11976	ELM	3	1	9
reverse	P17778	P61956	LIG_SUMO_SIM_par_1	PF11976	ELM	2	155	161
reverse	Q81KT8	P63165	LIG_SUMO_SIM_par_1	PF11976	ELM	5	5	14
reverse	Q8ZGH1	Q15555	LIG_SxIP_EBH_1	PF03271	ELM	1	526	536
reverse	O84760	O43187	MOD_CDK_SPK_2	PF00069	ELM	1	102	108
reverse	O84760	P51617	MOD_CDK_SPK_2	PF00069	ELM	1	102	108
reverse	O84760	Q13233	MOD_CDK_SPK_2	PF00069	ELM	1	102	108
reverse	P30690	O43187	MOD_CDK_SPK_2	PF00069	ELM	1	259	265
reverse	P30690	P51617	MOD_CDK_SPK_2	PF00069	ELM	1	259	265
reverse	P30690	Q13233	MOD_CDK_SPK_2	PF00069	ELM	1	259	265
reverse	P69986	Q9UHD2	MOD_CDK_SPK_2	PF00069	ELM	1	6	12
reverse	Q5NID2	Q9H2G2	MOD_CDK_SPK_2	PF00069	ELM	1	886	892
reverse	Q7ARN5	Q9NYY3	MOD_CDK_SPK_2	PF00069	ELM	2	44	50
reverse	Q7CIZ7	P27448	MOD_CDK_SPK_2	PF00069	ELM	1	72	78
reverse	Q81VT8	P17612	MOD_CDK_SPK_2	PF00069	ELM	2	609	615
reverse	Q81VT8	P27448	MOD_CDK_SPK_2	PF00069	ELM	2	609	615
reverse	Q81VV7	P15735	MOD_CDK_SPK_2	PF00069	ELM	1	283	289
reverse	Q81X77	Q16512	MOD_CDK_SPK_2	PF00069	ELM	1	357	363
reverse	Q8D0H6	Q9H2X6	MOD_CDK_SPK_2	PF00069	ELM	2	353	359
reverse	Q8XA11	P49759	MOD_CDK_SPK_2	PF00069	ELM	1	220	226
reverse	Q8ZAQ2	O95819	MOD_CDK_SPK_2	PF00069	ELM	1	508	514
reverse	Q8ZBC2	Q16539	MOD_CDK_SPK_2	PF00069	ELM	1	804	810
reverse	Q8ZBN6	Q6ZN16	MOD_CDK_SPK_2	PF00069	ELM	1	387	393
reverse	Q8ZHZ4	Q9H792	MOD_CDK_SPK_2	PF00069	ELM	1	252	258
reverse	Q8ZJ74	Q9NZJ5	MOD_CDK_SPK_2	PF00069	ELM	1	13	19
reverse	Q8ZJG9	Q6P3W7	MOD_CDK_SPK_2	PF00069	ELM	1	61	67
reverse	Q93KU8	Q15418	MOD_CDK_SPK_2	PF00069	ELM	1	0	6
reverse	Q93KU8	Q16513	MOD_CDK_SPK_2	PF00069	ELM	1	0	6
reverse	Q9X6B0	Q96KG9	MOD_CDK_SPK_2	PF00069	ELM	1	661	667
reverse	A0A0H3NGI8	Q13153	MOD_CK1_1	PF00069	ELM	3	46	53
reverse	B7UM99	O75716	MOD_CK1_1	PF00069	ELM	7	47	54
reverse	D0ZVG2	Q16512	MOD_CK1_1	PF00069	ELM	10	145	152
reverse	O52162	P45985	MOD_CK1_1	PF00069	ELM	2	20	27
reverse	O84760	O43187	MOD_CK1_1	PF00069	ELM	6	35	42
reverse	O84760	P51617	MOD_CK1_1	PF00069	ELM	6	35	42
reverse	O84760	Q13233	MOD_CK1_1	PF00069	ELM	6	35	42
reverse	P00634	Q5S007	MOD_CK1_1	PF00069	ELM	5	77	84
reverse	P04949	O43187	MOD_CK1_1	PF00069	ELM	9	10	17
reverse	P04949	P51617	MOD_CK1_1	PF00069	ELM	9	10	17
reverse	P04949	Q13233	MOD_CK1_1	PF00069	ELM	9	10	17
reverse	P0A2M9	P28482	MOD_CK1_1	PF00069	ELM	4	92	99
reverse	P0AA25	P24941	MOD_CK1_1	PF00069	ELM	1	11	18
reverse	P15917	P46734	MOD_CK1_1	PF00069	ELM	4	458	465
reverse	P17778	Q9UEE5	MOD_CK1_1	PF00069	ELM	5	20	27
reverse	P30690	O43187	MOD_CK1_1	PF00069	ELM	2	243	250
reverse	P30690	P51617	MOD_CK1_1	PF00069	ELM	2	243	250
reverse	P30690	Q13233	MOD_CK1_1	PF00069	ELM	2	243	250
reverse	P55980	Q7KZI7	MOD_CK1_1	PF00069	ELM	5	109	116
reverse	P58543	Q9H422	MOD_CK1_1	PF00069	ELM	2	91	98
reverse	P69986	Q9UHD2	MOD_CK1_1	PF00069	ELM	1	132	139
reverse	Q5NES5	Q16512	MOD_CK1_1	PF00069	ELM	5	28	35
reverse	Q5NES5	Q16539	MOD_CK1_1	PF00069	ELM	5	28	35
reverse	Q5NGA0	Q96KG9	MOD_CK1_1	PF00069	ELM	4	43	50
reverse	Q5NGV7	Q92918	MOD_CK1_1	PF00069	ELM	6	33	40
reverse	Q5NH37	Q5VST9	MOD_CK1_1	PF00069	ELM	1	263	270
reverse	Q5NHK6	P27448	MOD_CK1_1	PF00069	ELM	4	27	34
reverse	Q5NHP0	Q96KG9	MOD_CK1_1	PF00069	ELM	1	20	27
reverse	Q5NID1	Q9H4A3	MOD_CK1_1	PF00069	ELM	17	20	27
reverse	Q5NID2	Q9H2G2	MOD_CK1_1	PF00069	ELM	8	28	35
reverse	Q5NIP5	Q96BR1	MOD_CK1_1	PF00069	ELM	3	15	22
reverse	Q7ARN5	Q9NYY3	MOD_CK1_1	PF00069	ELM	1	29	36
reverse	Q7CG77	Q9BQI3	MOD_CK1_1	PF00069	ELM	2	179	186
reverse	Q7CIZ7	P27448	MOD_CK1_1	PF00069	ELM	2	31	38
reverse	Q7DB77	O75716	MOD_CK1_1	PF00069	ELM	9	78	85
reverse	Q81KT8	P49759	MOD_CK1_1	PF00069	ELM	2	2	9
reverse	Q81KV7	O75385	MOD_CK1_1	PF00069	ELM	3	89	96
reverse	Q81LB8	P27448	MOD_CK1_1	PF00069	ELM	1	208	215
reverse	Q81LC5	Q15831	MOD_CK1_1	PF00069	ELM	3	153	160
reverse	Q81VT3	Q92918	MOD_CK1_1	PF00069	ELM	4	64	71
reverse	Q81VT8	P17612	MOD_CK1_1	PF00069	ELM	5	463	470
reverse	Q81VT8	P27448	MOD_CK1_1	PF00069	ELM	5	463	470
reverse	Q81VV7	P15735	MOD_CK1_1	PF00069	ELM	3	62	69
reverse	Q81XT3	Q9NRH2	MOD_CK1_1	PF00069	ELM	1	267	274
reverse	Q8CWG4	P24723	MOD_CK1_1	PF00069	ELM	2	69	76
reverse	Q8CZQ9	Q15746	MOD_CK1_1	PF00069	ELM	2	194	201
reverse	Q8CZY7	Q9HBH9	MOD_CK1_1	PF00069	ELM	2	138	145
reverse	Q8D017	O15111	MOD_CK1_1	PF00069	ELM	11	12	19
reverse	Q8D0G3	Q15746	MOD_CK1_1	PF00069	ELM	3	42	49
reverse	Q8D0H6	Q9H2X6	MOD_CK1_1	PF00069	ELM	5	317	324
reverse	Q8D0H8	P05771	MOD_CK1_1	PF00069	ELM	3	178	185
reverse	Q8D1K1	Q96KG9	MOD_CK1_1	PF00069	ELM	4	190	197
reverse	Q8XC86	O75716	MOD_CK1_1	PF00069	ELM	6	15	22
reverse	Q8ZAA1	Q13523	MOD_CK1_1	PF00069	ELM	7	118	125
reverse	Q8ZAQ2	O95819	MOD_CK1_1	PF00069	ELM	4	1	8
reverse	Q8ZBN6	Q6ZN16	MOD_CK1_1	PF00069	ELM	3	228	235
reverse	Q8ZC51	Q9BXM7	MOD_CK1_1	PF00069	ELM	3	77	84
reverse	Q8ZDX8	Q9BXM7	MOD_CK1_1	PF00069	ELM	2	212	219
reverse	Q8ZHZ4	Q9H792	MOD_CK1_1	PF00069	ELM	2	156	163
reverse	Q8ZIG9	Q9BUD9	MOD_CK1_1	PF00069	ELM	1	187	194
reverse	Q8ZIY3	P35626	MOD_CK1_1	PF00069	ELM	3	42	49
reverse	Q8ZJ74	Q9NZJ5	MOD_CK1_1	PF00069	ELM	1	24	31
reverse	Q8ZJG9	Q6P3W7	MOD_CK1_1	PF00069	ELM	2	370	377
reverse	Q8ZJP8	Q9H422	MOD_CK1_1	PF00069	ELM	1	68	75
reverse	Q93KU8	Q15418	MOD_CK1_1	PF00069	ELM	6	20	27
reverse	Q93KU8	Q16513	MOD_CK1_1	PF00069	ELM	6	20	27
reverse	Q9X6B0	Q96KG9	MOD_CK1_1	PF00069	ELM	2	472	479
reverse	A0A0H3NGI8	Q13153	MOD_CK2_1	PF00069	ELM	1	66	73
reverse	B7UM99	O75716	MOD_CK2_1	PF00069	ELM	4	132	139
reverse	D0ZVG2	Q16512	MOD_CK2_1	PF00069	ELM	11	21	28
reverse	O52162	P45985	MOD_CK2_1	PF00069	ELM	6	11	18
reverse	O84760	O43187	MOD_CK2_1	PF00069	ELM	9	48	55
reverse	O84760	P51617	MOD_CK2_1	PF00069	ELM	9	48	55
reverse	O84760	Q13233	MOD_CK2_1	PF00069	ELM	9	48	55
reverse	P00634	Q5S007	MOD_CK2_1	PF00069	ELM	7	149	156
reverse	P04949	O43187	MOD_CK2_1	PF00069	ELM	2	23	30
reverse	P04949	P51617	MOD_CK2_1	PF00069	ELM	2	23	30
reverse	P04949	Q13233	MOD_CK2_1	PF00069	ELM	2	23	30
reverse	P0A2M9	P28482	MOD_CK2_1	PF00069	ELM	1	134	141
reverse	P15917	P46734	MOD_CK2_1	PF00069	ELM	8	60	67
reverse	P17778	Q9UEE5	MOD_CK2_1	PF00069	ELM	6	31	38
reverse	P30690	O43187	MOD_CK2_1	PF00069	ELM	1	243	250
reverse	P30690	P51617	MOD_CK2_1	PF00069	ELM	1	243	250
reverse	P30690	Q13233	MOD_CK2_1	PF00069	ELM	1	243	250
reverse	P55980	Q7KZI7	MOD_CK2_1	PF00069	ELM	14	190	197
reverse	P58543	Q9H422	MOD_CK2_1	PF00069	ELM	3	124	131
reverse	P69986	Q9UHD2	MOD_CK2_1	PF00069	ELM	2	132	139
reverse	Q5NES5	Q16512	MOD_CK2_1	PF00069	ELM	6	65	72
reverse	Q5NES5	Q16539	MOD_CK2_1	PF00069	ELM	6	65	72
reverse	Q5NGA0	Q96KG9	MOD_CK2_1	PF00069	ELM	4	10	17
reverse	Q5NGV3	P27448	MOD_CK2_1	PF00069	ELM	5	77	84
reverse	Q5NGV7	Q92918	MOD_CK2_1	PF00069	ELM	6	192	199
reverse	Q5NH37	Q5VST9	MOD_CK2_1	PF00069	ELM	2	221	228
reverse	Q5NHK6	P27448	MOD_CK2_1	PF00069	ELM	5	123	130
reverse	Q5NHP0	Q96KG9	MOD_CK2_1	PF00069	ELM	4	55	62
reverse	Q5NID1	Q9H4A3	MOD_CK2_1	PF00069	ELM	15	28	35
reverse	Q5NID2	Q9H2G2	MOD_CK2_1	PF00069	ELM	12	0	7
reverse	Q5NIP5	Q96BR1	MOD_CK2_1	PF00069	ELM	5	157	164
reverse	Q7ARN5	Q9NYY3	MOD_CK2_1	PF00069	ELM	1	2	9
reverse	Q7CG77	Q9BQI3	MOD_CK2_1	PF00069	ELM	1	242	249
reverse	Q7CIZ7	P27448	MOD_CK2_1	PF00069	ELM	1	241	248
reverse	Q7DB77	O75716	MOD_CK2_1	PF00069	ELM	3	130	137
reverse	Q81KT8	P49759	MOD_CK2_1	PF00069	ELM	10	138	145
reverse	Q81KV7	O75385	MOD_CK2_1	PF00069	ELM	2	76	83
reverse	Q81LB8	P27448	MOD_CK2_1	PF00069	ELM	6	140	147
reverse	Q81LC5	Q15831	MOD_CK2_1	PF00069	ELM	8	36	43
reverse	Q81VT3	Q92918	MOD_CK2_1	PF00069	ELM	9	21	28
reverse	Q81VT8	P17612	MOD_CK2_1	PF00069	ELM	15	49	56
reverse	Q81VT8	P27448	MOD_CK2_1	PF00069	ELM	15	49	56
reverse	Q81VV7	P15735	MOD_CK2_1	PF00069	ELM	4	62	69
reverse	Q81X77	Q16512	MOD_CK2_1	PF00069	ELM	5	98	105
reverse	Q81XR1	A4QPA9	MOD_CK2_1	PF00069	ELM	1	57	64
reverse	Q81XR1	Q02750	MOD_CK2_1	PF00069	ELM	1	57	64
reverse	Q81XT3	Q9NRH2	MOD_CK2_1	PF00069	ELM	2	158	165
reverse	Q8CWG4	P24723	MOD_CK2_1	PF00069	ELM	4	295	302
reverse	Q8CZQ9	Q15746	MOD_CK2_1	PF00069	ELM	2	184	191
reverse	Q8CZY7	Q9HBH9	MOD_CK2_1	PF00069	ELM	2	59	66
reverse	Q8D017	O15111	MOD_CK2_1	PF00069	ELM	3	59	66
reverse	Q8D0G3	Q15746	MOD_CK2_1	PF00069	ELM	1	102	109
reverse	Q8D0H6	Q9H2X6	MOD_CK2_1	PF00069	ELM	9	33	40
reverse	Q8D0H8	P05771	MOD_CK2_1	PF00069	ELM	5	106	113
reverse	Q8D194	O75385	MOD_CK2_1	PF00069	ELM	4	55	62
reverse	Q8D1K1	Q96KG9	MOD_CK2_1	PF00069	ELM	3	15	22
reverse	Q8XA11	P49759	MOD_CK2_1	PF00069	ELM	1	234	241
reverse	Q8XC86	O75716	MOD_CK2_1	PF00069	ELM	4	10	17
reverse	Q8ZAA1	Q13523	MOD_CK2_1	PF00069	ELM	2	313	320
reverse	Q8ZAQ2	O95819	MOD_CK2_1	PF00069	ELM	6	70	77
reverse	Q8ZBC2	Q16539	MOD_CK2_1	PF00069	ELM	6	34	41
reverse	Q8ZBN6	Q6ZN16	MOD_CK2_1	PF00069	ELM	5	114	121
reverse	Q8ZC51	Q9BXM7	MOD_CK2_1	PF00069	ELM	4	98	105
reverse	Q8ZDX4	Q9BQI3	MOD_CK2_1	PF00069	ELM	2	218	225
reverse	Q8ZDX8	Q9BXM7	MOD_CK2_1	PF00069	ELM	5	390	397
reverse	Q8ZHZ4	Q9H792	MOD_CK2_1	PF00069	ELM	2	239	246
reverse	Q8ZIG9	Q9BUD9	MOD_CK2_1	PF00069	ELM	1	267	274
reverse	Q8ZIY3	P35626	MOD_CK2_1	PF00069	ELM	4	153	160
reverse	Q8ZJ74	Q9NZJ5	MOD_CK2_1	PF00069	ELM	2	24	31
reverse	Q8ZJG9	Q6P3W7	MOD_CK2_1	PF00069	ELM	3	3	10
reverse	Q8ZJP8	Q9H422	MOD_CK2_1	PF00069	ELM	3	38	45
reverse	Q93KU8	Q15418	MOD_CK2_1	PF00069	ELM	4	31	38
reverse	Q93KU8	Q16513	MOD_CK2_1	PF00069	ELM	4	31	38
reverse	Q9X6B0	Q96KG9	MOD_CK2_1	PF00069	ELM	4	306	313
reverse	A0A0H3NGI8	Q13153	MOD_GSK3_1	PF00069	ELM	4	22	30
reverse	B7UM99	O75716	MOD_GSK3_1	PF00069	ELM	10	52	60
reverse	D0ZVG2	Q16512	MOD_GSK3_1	PF00069	ELM	8	201	209
reverse	O52162	P45985	MOD_GSK3_1	PF00069	ELM	3	2	10
reverse	O84760	O43187	MOD_GSK3_1	PF00069	ELM	9	108	116
reverse	O84760	P51617	MOD_GSK3_1	PF00069	ELM	9	108	116
reverse	O84760	Q13233	MOD_GSK3_1	PF00069	ELM	9	108	116
reverse	P00634	Q5S007	MOD_GSK3_1	PF00069	ELM	9	15	23
reverse	P04949	O43187	MOD_GSK3_1	PF00069	ELM	13	3	11
reverse	P04949	P51617	MOD_GSK3_1	PF00069	ELM	13	3	11
reverse	P04949	Q13233	MOD_GSK3_1	PF00069	ELM	13	3	11
reverse	P15917	P46734	MOD_GSK3_1	PF00069	ELM	11	10	18
reverse	P17778	Q9UEE5	MOD_GSK3_1	PF00069	ELM	2	16	24
reverse	P30690	O43187	MOD_GSK3_1	PF00069	ELM	5	18	26
reverse	P30690	P51617	MOD_GSK3_1	PF00069	ELM	5	18	26
reverse	P30690	Q13233	MOD_GSK3_1	PF00069	ELM	5	18	26
reverse	P55980	Q7KZI7	MOD_GSK3_1	PF00069	ELM	16	1	9
reverse	P58543	Q9H422	MOD_GSK3_1	PF00069	ELM	6	26	34
reverse	P69986	Q9UHD2	MOD_GSK3_1	PF00069	ELM	3	2	10
reverse	Q5NES5	Q16512	MOD_GSK3_1	PF00069	ELM	8	4	12
reverse	Q5NES5	Q16539	MOD_GSK3_1	PF00069	ELM	8	4	12
reverse	Q5NGA0	Q96KG9	MOD_GSK3_1	PF00069	ELM	6	6	14
reverse	Q5NGV3	P27448	MOD_GSK3_1	PF00069	ELM	4	67	75
reverse	Q5NGV7	Q92918	MOD_GSK3_1	PF00069	ELM	7	33	41
reverse	Q5NH37	Q5VST9	MOD_GSK3_1	PF00069	ELM	4	102	110
reverse	Q5NHK6	P27448	MOD_GSK3_1	PF00069	ELM	2	19	27
reverse	Q5NHP0	Q96KG9	MOD_GSK3_1	PF00069	ELM	3	95	103
reverse	Q5NID1	Q9H4A3	MOD_GSK3_1	PF00069	ELM	15	137	145
reverse	Q5NID2	Q9H2G2	MOD_GSK3_1	PF00069	ELM	16	78	86
reverse	Q5NIP5	Q96BR1	MOD_GSK3_1	PF00069	ELM	3	15	23
reverse	Q7ARD3	P27448	MOD_GSK3_1	PF00069	ELM	1	49	57
reverse	Q7ARD3	Q15746	MOD_GSK3_1	PF00069	ELM	1	49	57
reverse	Q7ARD3	Q8TDX7	MOD_GSK3_1	PF00069	ELM	1	49	57
reverse	Q7ARD3	Q96KG9	MOD_GSK3_1	PF00069	ELM	1	49	57
reverse	Q7ARN5	Q9NYY3	MOD_GSK3_1	PF00069	ELM	1	326	334
reverse	Q7CG77	Q9BQI3	MOD_GSK3_1	PF00069	ELM	4	48	56
reverse	Q7DB77	O75716	MOD_GSK3_1	PF00069	ELM	14	50	58
reverse	Q81KT8	P49759	MOD_GSK3_1	PF00069	ELM	3	149	157
reverse	Q81KV7	O75385	MOD_GSK3_1	PF00069	ELM	2	224	232
reverse	Q81LB8	P27448	MOD_GSK3_1	PF00069	ELM	2	103	111
reverse	Q81LC5	Q15831	MOD_GSK3_1	PF00069	ELM	4	45	53
reverse	Q81VT3	Q92918	MOD_GSK3_1	PF00069	ELM	5	2	10
reverse	Q81VT8	P17612	MOD_GSK3_1	PF00069	ELM	11	55	63
reverse	Q81VT8	P27448	MOD_GSK3_1	PF00069	ELM	11	55	63
reverse	Q81VV7	P15735	MOD_GSK3_1	PF00069	ELM	3	93	101
reverse	Q81X77	Q16512	MOD_GSK3_1	PF00069	ELM	4	94	102
reverse	Q81XT3	Q9NRH2	MOD_GSK3_1	PF00069	ELM	6	68	76
reverse	Q8CWG4	P24723	MOD_GSK3_1	PF00069	ELM	5	65	73
reverse	Q8CZQ9	Q15746	MOD_GSK3_1	PF00069	ELM	1	180	188
reverse	Q8CZY7	Q9HBH9	MOD_GSK3_1	PF00069	ELM	3	3	11
reverse	Q8D017	O15111	MOD_GSK3_1	PF00069	ELM	17	5	13
reverse	Q8D0H6	Q9H2X6	MOD_GSK3_1	PF00069	ELM	16	102	110
reverse	Q8D0H8	P05771	MOD_GSK3_1	PF00069	ELM	6	88	96
reverse	Q8D194	O75385	MOD_GSK3_1	PF00069	ELM	3	76	84
reverse	Q8D1K1	Q96KG9	MOD_GSK3_1	PF00069	ELM	7	1	9
reverse	Q8XA11	P49759	MOD_GSK3_1	PF00069	ELM	3	45	53
reverse	Q8XC86	O75716	MOD_GSK3_1	PF00069	ELM	7	6	14
reverse	Q8ZAA1	Q13523	MOD_GSK3_1	PF00069	ELM	11	172	180
reverse	Q8ZAQ2	O95819	MOD_GSK3_1	PF00069	ELM	5	37	45
reverse	Q8ZBC2	Q16539	MOD_GSK3_1	PF00069	ELM	9	28	36
reverse	Q8ZBN6	Q6ZN16	MOD_GSK3_1	PF00069	ELM	9	64	72
reverse	Q8ZC51	Q9BXM7	MOD_GSK3_1	PF00069	ELM	4	73	81
reverse	Q8ZDX4	Q9BQI3	MOD_GSK3_1	PF00069	ELM	5	0	8
reverse	Q8ZDX8	Q9BXM7	MOD_GSK3_1	PF00069	ELM	7	149	157
reverse	Q8ZHZ4	Q9H792	MOD_GSK3_1	PF00069	ELM	6	103	111
reverse	Q8ZIG9	Q9BUD9	MOD_GSK3_1	PF00069	ELM	1	184	192
reverse	Q8ZIY3	P35626	MOD_GSK3_1	PF00069	ELM	3	42	50
reverse	Q8ZJ74	Q9NZJ5	MOD_GSK3_1	PF00069	ELM	3	9	17
reverse	Q8ZJG9	Q6P3W7	MOD_GSK3_1	PF00069	ELM	10	43	51
reverse	Q8ZJP8	Q9H422	MOD_GSK3_1	PF00069	ELM	3	13	21
reverse	Q93KU8	Q15418	MOD_GSK3_1	PF00069	ELM	3	16	24
reverse	Q93KU8	Q16513	MOD_GSK3_1	PF00069	ELM	3	16	24
reverse	Q9X6B0	Q96KG9	MOD_GSK3_1	PF00069	ELM	9	33	41
reverse	O84760	O43187	MOD_NEK2_1	PF00069	ELM	1	483	490
reverse	O84760	P51617	MOD_NEK2_1	PF00069	ELM	1	483	490
reverse	O84760	Q13233	MOD_NEK2_1	PF00069	ELM	1	483	490
reverse	P00634	Q5S007	MOD_NEK2_1	PF00069	ELM	1	459	466
reverse	P30690	O43187	MOD_NEK2_1	PF00069	ELM	1	22	29
reverse	P30690	P51617	MOD_NEK2_1	PF00069	ELM	1	22	29
reverse	P30690	Q13233	MOD_NEK2_1	PF00069	ELM	1	22	29
reverse	P55980	Q7KZI7	MOD_NEK2_1	PF00069	ELM	4	470	477
reverse	Q81KT8	P49759	MOD_NEK2_1	PF00069	ELM	1	406	413
reverse	Q81VV7	P15735	MOD_NEK2_1	PF00069	ELM	1	138	145
reverse	Q8D0H6	Q9H2X6	MOD_NEK2_1	PF00069	ELM	1	627	634
reverse	Q8XA11	P49759	MOD_NEK2_1	PF00069	ELM	1	38	45
reverse	O52162	P45985	MOD_NEK2_2	PF00069	ELM	2	139	146
reverse	O84760	O43187	MOD_NEK2_2	PF00069	ELM	1	483	490
reverse	O84760	P51617	MOD_NEK2_2	PF00069	ELM	1	483	490
reverse	O84760	Q13233	MOD_NEK2_2	PF00069	ELM	1	483	490
reverse	P00634	Q5S007	MOD_NEK2_2	PF00069	ELM	1	459	466
reverse	P30690	O43187	MOD_NEK2_2	PF00069	ELM	1	22	29
reverse	P30690	P51617	MOD_NEK2_2	PF00069	ELM	1	22	29
reverse	P30690	Q13233	MOD_NEK2_2	PF00069	ELM	1	22	29
reverse	P55980	Q7KZI7	MOD_NEK2_2	PF00069	ELM	10	190	197
reverse	Q5NGV7	Q92918	MOD_NEK2_2	PF00069	ELM	1	411	418
reverse	Q5NH37	Q5VST9	MOD_NEK2_2	PF00069	ELM	2	60	67
reverse	Q5NID1	Q9H4A3	MOD_NEK2_2	PF00069	ELM	1	1312	1319
reverse	Q5NID2	Q9H2G2	MOD_NEK2_2	PF00069	ELM	3	292	299
reverse	Q81KT8	P49759	MOD_NEK2_2	PF00069	ELM	2	146	153
reverse	Q81KV7	O75385	MOD_NEK2_2	PF00069	ELM	1	326	333
reverse	Q81LB8	P27448	MOD_NEK2_2	PF00069	ELM	1	234	241
reverse	Q81VV7	P15735	MOD_NEK2_2	PF00069	ELM	2	138	145
reverse	Q81XT3	Q9NRH2	MOD_NEK2_2	PF00069	ELM	1	238	245
reverse	Q8CZQ9	Q15746	MOD_NEK2_2	PF00069	ELM	1	30	37
reverse	Q8D017	O15111	MOD_NEK2_2	PF00069	ELM	2	9	16
reverse	Q8D0H6	Q9H2X6	MOD_NEK2_2	PF00069	ELM	4	85	92
reverse	Q8D1K1	Q96KG9	MOD_NEK2_2	PF00069	ELM	1	247	254
reverse	Q8XA11	P49759	MOD_NEK2_2	PF00069	ELM	1	38	45
reverse	Q8XC86	O75716	MOD_NEK2_2	PF00069	ELM	1	172	179
reverse	Q8ZAA1	Q13523	MOD_NEK2_2	PF00069	ELM	1	266	273
reverse	Q8ZAQ2	O95819	MOD_NEK2_2	PF00069	ELM	2	270	277
reverse	Q8ZBN6	Q6ZN16	MOD_NEK2_2	PF00069	ELM	1	133	140
reverse	Q8ZC51	Q9BXM7	MOD_NEK2_2	PF00069	ELM	1	151	158
reverse	Q8ZDX4	Q9BQI3	MOD_NEK2_2	PF00069	ELM	2	138	145
reverse	Q8ZHZ4	Q9H792	MOD_NEK2_2	PF00069	ELM	1	3	10
reverse	Q8ZIG9	Q9BUD9	MOD_NEK2_2	PF00069	ELM	1	0	7
reverse	Q9X6B0	Q96KG9	MOD_NEK2_2	PF00069	ELM	2	406	413
reverse	Q57159	Q13315	MOD_PIKK_1	PF00454	ELM	1	150	157
reverse	Q5NEC0	P42356	MOD_PIKK_1	PF00454	ELM	5	270	277
reverse	Q5NEU6	P42356	MOD_PIKK_1	PF00454	ELM	2	85	92
reverse	Q5NF53	Q13315	MOD_PIKK_1	PF00454	ELM	6	53	60
reverse	Q5NHX0	Q96Q15	MOD_PIKK_1	PF00454	ELM	1	670	677
reverse	Q5NIJ1	P42356	MOD_PIKK_1	PF00454	ELM	5	9	16
reverse	Q81KT8	Q96Q15	MOD_PIKK_1	PF00454	ELM	3	94	101
reverse	Q81TE2	Q13315	MOD_PIKK_1	PF00454	ELM	5	14	21
reverse	Q8D0H2	O00443	MOD_PIKK_1	PF00454	ELM	7	55	62
reverse	Q8D0V9	P42356	MOD_PIKK_1	PF00454	ELM	2	141	148
reverse	Q8ZBC2	Q13315	MOD_PIKK_1	PF00454	ELM	6	34	41
reverse	A0A0H3NGI8	Q13153	MOD_PKA_2	PF00069	ELM	2	66	73
reverse	B7UM99	O75716	MOD_PKA_2	PF00069	ELM	3	52	59
reverse	D0ZVG2	Q16512	MOD_PKA_2	PF00069	ELM	5	3	10
reverse	O52162	P45985	MOD_PKA_2	PF00069	ELM	2	165	172
reverse	O84760	O43187	MOD_PKA_2	PF00069	ELM	1	8	15
reverse	O84760	P51617	MOD_PKA_2	PF00069	ELM	1	8	15
reverse	O84760	Q13233	MOD_PKA_2	PF00069	ELM	1	8	15
reverse	P00634	Q5S007	MOD_PKA_2	PF00069	ELM	2	44	51
reverse	P04949	O43187	MOD_PKA_2	PF00069	ELM	4	29	36
reverse	P04949	P51617	MOD_PKA_2	PF00069	ELM	4	29	36
reverse	P04949	Q13233	MOD_PKA_2	PF00069	ELM	4	29	36
reverse	P0A2M9	P28482	MOD_PKA_2	PF00069	ELM	3	63	70
reverse	P15917	P46734	MOD_PKA_2	PF00069	ELM	1	377	384
reverse	P17778	Q9UEE5	MOD_PKA_2	PF00069	ELM	1	16	23
reverse	P30690	O43187	MOD_PKA_2	PF00069	ELM	3	92	99
reverse	P30690	P51617	MOD_PKA_2	PF00069	ELM	3	92	99
reverse	P30690	Q13233	MOD_PKA_2	PF00069	ELM	3	92	99
reverse	P58543	Q9H422	MOD_PKA_2	PF00069	ELM	2	74	81
reverse	P69986	Q9UHD2	MOD_PKA_2	PF00069	ELM	1	254	261
reverse	Q5NES5	Q16512	MOD_PKA_2	PF00069	ELM	1	463	470
reverse	Q5NES5	Q16539	MOD_PKA_2	PF00069	ELM	1	463	470
reverse	Q5NGV7	Q92918	MOD_PKA_2	PF00069	ELM	3	97	104
reverse	Q5NH37	Q5VST9	MOD_PKA_2	PF00069	ELM	1	191	198
reverse	Q5NHK6	P27448	MOD_PKA_2	PF00069	ELM	2	133	140
reverse	Q5NHP0	Q96KG9	MOD_PKA_2	PF00069	ELM	2	114	121
reverse	Q5NID1	Q9H4A3	MOD_PKA_2	PF00069	ELM	4	726	733
reverse	Q5NID2	Q9H2G2	MOD_PKA_2	PF00069	ELM	9	178	185
reverse	Q7ARN5	Q9NYY3	MOD_PKA_2	PF00069	ELM	2	29	36
reverse	Q7CIZ7	P27448	MOD_PKA_2	PF00069	ELM	2	7	14
reverse	Q7DB77	O75716	MOD_PKA_2	PF00069	ELM	5	50	57
reverse	Q81KT8	P49759	MOD_PKA_2	PF00069	ELM	3	120	127
reverse	Q81KV7	O75385	MOD_PKA_2	PF00069	ELM	1	350	357
reverse	Q81LB8	P27448	MOD_PKA_2	PF00069	ELM	1	321	328
reverse	Q81LC5	Q15831	MOD_PKA_2	PF00069	ELM	1	100	107
reverse	Q81VT3	Q92918	MOD_PKA_2	PF00069	ELM	4	298	305
reverse	Q81VT8	P17612	MOD_PKA_2	PF00069	ELM	9	12	19
reverse	Q81VT8	P27448	MOD_PKA_2	PF00069	ELM	9	12	19
reverse	Q81VV7	P15735	MOD_PKA_2	PF00069	ELM	3	138	145
reverse	Q81XT3	Q9NRH2	MOD_PKA_2	PF00069	ELM	3	238	245
reverse	Q8CWG4	P24723	MOD_PKA_2	PF00069	ELM	4	140	147
reverse	Q8CZQ9	Q15746	MOD_PKA_2	PF00069	ELM	2	163	170
reverse	Q8CZY7	Q9HBH9	MOD_PKA_2	PF00069	ELM	1	95	102
reverse	Q8D017	O15111	MOD_PKA_2	PF00069	ELM	1	356	363
reverse	Q8D0G3	Q15746	MOD_PKA_2	PF00069	ELM	1	27	34
reverse	Q8D0H6	Q9H2X6	MOD_PKA_2	PF00069	ELM	8	45	52
reverse	Q8D0H8	P05771	MOD_PKA_2	PF00069	ELM	4	82	89
reverse	Q8D1K1	Q96KG9	MOD_PKA_2	PF00069	ELM	1	263	270
reverse	Q8XC86	O75716	MOD_PKA_2	PF00069	ELM	2	180	187
reverse	Q8ZAA1	Q13523	MOD_PKA_2	PF00069	ELM	3	86	93
reverse	Q8ZAQ2	O95819	MOD_PKA_2	PF00069	ELM	3	329	336
reverse	Q8ZBC2	Q16539	MOD_PKA_2	PF00069	ELM	3	62	69
reverse	Q8ZBN6	Q6ZN16	MOD_PKA_2	PF00069	ELM	1	255	262
reverse	Q8ZC51	Q9BXM7	MOD_PKA_2	PF00069	ELM	2	234	241
reverse	Q8ZDX4	Q9BQI3	MOD_PKA_2	PF00069	ELM	1	270	277
reverse	Q8ZDX8	Q9BXM7	MOD_PKA_2	PF00069	ELM	2	198	205
reverse	Q8ZHZ4	Q9H792	MOD_PKA_2	PF00069	ELM	1	195	202
reverse	Q8ZIG9	Q9BUD9	MOD_PKA_2	PF00069	ELM	2	184	191
reverse	Q8ZJ74	Q9NZJ5	MOD_PKA_2	PF00069	ELM	2	77	84
reverse	Q8ZJG9	Q6P3W7	MOD_PKA_2	PF00069	ELM	6	43	50
reverse	Q8ZJP8	Q9H422	MOD_PKA_2	PF00069	ELM	1	66	73
reverse	Q93KU8	Q15418	MOD_PKA_2	PF00069	ELM	2	16	23
reverse	Q93KU8	Q16513	MOD_PKA_2	PF00069	ELM	2	16	23
reverse	Q9X6B0	Q96KG9	MOD_PKA_2	PF00069	ELM	3	476	483
reverse	A0A0H3NGI8	Q13153	MOD_Plk_1	PF00069	ELM	1	15	22
reverse	B7UM99	O75716	MOD_Plk_1	PF00069	ELM	4	128	135
reverse	D0ZVG2	Q16512	MOD_Plk_1	PF00069	ELM	6	112	119
reverse	O52162	P45985	MOD_Plk_1	PF00069	ELM	5	46	53
reverse	O84760	O43187	MOD_Plk_1	PF00069	ELM	3	269	276
reverse	O84760	P51617	MOD_Plk_1	PF00069	ELM	3	269	276
reverse	O84760	Q13233	MOD_Plk_1	PF00069	ELM	3	269	276
reverse	P00634	Q5S007	MOD_Plk_1	PF00069	ELM	2	221	228
reverse	P04949	O43187	MOD_Plk_1	PF00069	ELM	6	19	26
reverse	P04949	P51617	MOD_Plk_1	PF00069	ELM	6	19	26
reverse	P04949	Q13233	MOD_Plk_1	PF00069	ELM	6	19	26
reverse	P0A2M9	P28482	MOD_Plk_1	PF00069	ELM	1	162	169
reverse	P0AA25	P24941	MOD_Plk_1	PF00069	ELM	1	8	15
reverse	P15917	P46734	MOD_Plk_1	PF00069	ELM	4	231	238
reverse	P17778	Q9UEE5	MOD_Plk_1	PF00069	ELM	3	149	156
reverse	P30690	O43187	MOD_Plk_1	PF00069	ELM	1	18	25
reverse	P30690	P51617	MOD_Plk_1	PF00069	ELM	1	18	25
reverse	P30690	Q13233	MOD_Plk_1	PF00069	ELM	1	18	25
reverse	P55980	Q7KZI7	MOD_Plk_1	PF00069	ELM	12	1	8
reverse	P58543	Q9H422	MOD_Plk_1	PF00069	ELM	4	124	131
reverse	P69986	Q9UHD2	MOD_Plk_1	PF00069	ELM	1	60	67
reverse	Q5NES5	Q16512	MOD_Plk_1	PF00069	ELM	4	21	28
reverse	Q5NES5	Q16539	MOD_Plk_1	PF00069	ELM	4	21	28
reverse	Q5NGA0	Q96KG9	MOD_Plk_1	PF00069	ELM	1	210	217
reverse	Q5NGV3	P27448	MOD_Plk_1	PF00069	ELM	4	37	44
reverse	Q5NGV7	Q92918	MOD_Plk_1	PF00069	ELM	3	306	313
reverse	Q5NH37	Q5VST9	MOD_Plk_1	PF00069	ELM	2	102	109
reverse	Q5NHK6	P27448	MOD_Plk_1	PF00069	ELM	9	147	154
reverse	Q5NHP0	Q96KG9	MOD_Plk_1	PF00069	ELM	1	45	52
reverse	Q5NID1	Q9H4A3	MOD_Plk_1	PF00069	ELM	11	173	180
reverse	Q5NID2	Q9H2G2	MOD_Plk_1	PF00069	ELM	8	647	654
reverse	Q5NIP5	Q96BR1	MOD_Plk_1	PF00069	ELM	1	194	201
reverse	Q7DB77	O75716	MOD_Plk_1	PF00069	ELM	6	11	18
reverse	Q81KT8	P49759	MOD_Plk_1	PF00069	ELM	3	25	32
reverse	Q81KV7	O75385	MOD_Plk_1	PF00069	ELM	5	13	20
reverse	Q81LB8	P27448	MOD_Plk_1	PF00069	ELM	4	23	30
reverse	Q81LC5	Q15831	MOD_Plk_1	PF00069	ELM	2	153	160
reverse	Q81VT3	Q92918	MOD_Plk_1	PF00069	ELM	5	2	9
reverse	Q81VT8	P17612	MOD_Plk_1	PF00069	ELM	4	59	66
reverse	Q81VT8	P27448	MOD_Plk_1	PF00069	ELM	4	59	66
reverse	Q81VV7	P15735	MOD_Plk_1	PF00069	ELM	2	94	101
reverse	Q81X77	Q16512	MOD_Plk_1	PF00069	ELM	5	15	22
reverse	Q81XT3	Q9NRH2	MOD_Plk_1	PF00069	ELM	3	208	215
reverse	Q8CWG4	P24723	MOD_Plk_1	PF00069	ELM	4	290	297
reverse	Q8CZQ9	Q15746	MOD_Plk_1	PF00069	ELM	1	210	217
reverse	Q8CZY7	Q9HBH9	MOD_Plk_1	PF00069	ELM	2	57	64
reverse	Q8D017	O15111	MOD_Plk_1	PF00069	ELM	8	35	42
reverse	Q8D0G3	Q15746	MOD_Plk_1	PF00069	ELM	2	19	26
reverse	Q8D0H6	Q9H2X6	MOD_Plk_1	PF00069	ELM	6	79	86
reverse	Q8D0H8	P05771	MOD_Plk_1	PF00069	ELM	4	141	148
reverse	Q8D194	O75385	MOD_Plk_1	PF00069	ELM	1	231	238
reverse	Q8D1K1	Q96KG9	MOD_Plk_1	PF00069	ELM	2	166	173
reverse	Q8XA11	P49759	MOD_Plk_1	PF00069	ELM	2	111	118
reverse	Q8XC86	O75716	MOD_Plk_1	PF00069	ELM	3	3	10
reverse	Q8ZAA1	Q13523	MOD_Plk_1	PF00069	ELM	8	95	102
reverse	Q8ZAQ2	O95819	MOD_Plk_1	PF00069	ELM	4	2	9
reverse	Q8ZBC2	Q16539	MOD_Plk_1	PF00069	ELM	4	1	8
reverse	Q8ZBN6	Q6ZN16	MOD_Plk_1	PF00069	ELM	3	153	160
reverse	Q8ZC51	Q9BXM7	MOD_Plk_1	PF00069	ELM	1	239	246
reverse	Q8ZDX8	Q9BXM7	MOD_Plk_1	PF00069	ELM	5	192	199
reverse	Q8ZHZ4	Q9H792	MOD_Plk_1	PF00069	ELM	2	107	114
reverse	Q8ZIG9	Q9BUD9	MOD_Plk_1	PF00069	ELM	1	226	233
reverse	Q8ZIY3	P35626	MOD_Plk_1	PF00069	ELM	5	39	46
reverse	Q8ZJ74	Q9NZJ5	MOD_Plk_1	PF00069	ELM	1	43	50
reverse	Q8ZJG9	Q6P3W7	MOD_Plk_1	PF00069	ELM	2	327	334
reverse	Q8ZJP8	Q9H422	MOD_Plk_1	PF00069	ELM	1	107	114
reverse	Q93KU8	Q15418	MOD_Plk_1	PF00069	ELM	3	149	156
reverse	Q93KU8	Q16513	MOD_Plk_1	PF00069	ELM	3	149	156
reverse	Q9X6B0	Q96KG9	MOD_Plk_1	PF00069	ELM	3	252	259
reverse	A0A0H3NGI8	Q13153	MOD_Plk_4	PF00069	ELM	2	15	22
reverse	B7UM99	O75716	MOD_Plk_4	PF00069	ELM	2	399	406
reverse	D0ZVG2	Q16512	MOD_Plk_4	PF00069	ELM	4	216	223
reverse	O52162	P45985	MOD_Plk_4	PF00069	ELM	8	39	46
reverse	O84760	O43187	MOD_Plk_4	PF00069	ELM	7	82	89
reverse	O84760	P51617	MOD_Plk_4	PF00069	ELM	7	82	89
reverse	O84760	Q13233	MOD_Plk_4	PF00069	ELM	7	82	89
reverse	P00634	Q5S007	MOD_Plk_4	PF00069	ELM	2	149	156
reverse	P04949	O43187	MOD_Plk_4	PF00069	ELM	4	7	14
reverse	P04949	P51617	MOD_Plk_4	PF00069	ELM	4	7	14
reverse	P04949	Q13233	MOD_Plk_4	PF00069	ELM	4	7	14
reverse	P0A2M9	P28482	MOD_Plk_4	PF00069	ELM	1	167	174
reverse	P0AA25	P24941	MOD_Plk_4	PF00069	ELM	1	74	81
reverse	P15917	P46734	MOD_Plk_4	PF00069	ELM	1	459	466
reverse	P17778	Q9UEE5	MOD_Plk_4	PF00069	ELM	7	7	14
reverse	P30690	O43187	MOD_Plk_4	PF00069	ELM	4	0	7
reverse	P30690	P51617	MOD_Plk_4	PF00069	ELM	4	0	7
reverse	P30690	Q13233	MOD_Plk_4	PF00069	ELM	4	0	7
reverse	P55980	Q7KZI7	MOD_Plk_4	PF00069	ELM	8	123	130
reverse	P58543	Q9H422	MOD_Plk_4	PF00069	ELM	7	177	184
reverse	P69986	Q9UHD2	MOD_Plk_4	PF00069	ELM	7	60	67
reverse	Q5NES5	Q16512	MOD_Plk_4	PF00069	ELM	5	4	11
reverse	Q5NES5	Q16539	MOD_Plk_4	PF00069	ELM	5	4	11
reverse	Q5NGA0	Q96KG9	MOD_Plk_4	PF00069	ELM	4	6	13
reverse	Q5NGV3	P27448	MOD_Plk_4	PF00069	ELM	2	12	19
reverse	Q5NGV7	Q92918	MOD_Plk_4	PF00069	ELM	4	320	327
reverse	Q5NH37	Q5VST9	MOD_Plk_4	PF00069	ELM	5	103	110
reverse	Q5NHK6	P27448	MOD_Plk_4	PF00069	ELM	5	24	31
reverse	Q5NHP0	Q96KG9	MOD_Plk_4	PF00069	ELM	1	204	211
reverse	Q5NID1	Q9H4A3	MOD_Plk_4	PF00069	ELM	14	137	144
reverse	Q5NID2	Q9H2G2	MOD_Plk_4	PF00069	ELM	10	136	143
reverse	Q5NIP5	Q96BR1	MOD_Plk_4	PF00069	ELM	3	70	77
reverse	Q7ARD3	P27448	MOD_Plk_4	PF00069	ELM	1	58	65
reverse	Q7ARD3	Q15746	MOD_Plk_4	PF00069	ELM	1	58	65
reverse	Q7ARD3	Q8TDX7	MOD_Plk_4	PF00069	ELM	1	58	65
reverse	Q7ARD3	Q96KG9	MOD_Plk_4	PF00069	ELM	1	58	65
reverse	Q7ARN5	Q9NYY3	MOD_Plk_4	PF00069	ELM	9	2	9
reverse	Q7CG77	Q9BQI3	MOD_Plk_4	PF00069	ELM	5	36	43
reverse	Q7CIZ7	P27448	MOD_Plk_4	PF00069	ELM	2	80	87
reverse	Q7DB77	O75716	MOD_Plk_4	PF00069	ELM	4	102	109
reverse	Q81KT8	P49759	MOD_Plk_4	PF00069	ELM	7	2	9
reverse	Q81KV7	O75385	MOD_Plk_4	PF00069	ELM	5	54	61
reverse	Q81LB8	P27448	MOD_Plk_4	PF00069	ELM	2	58	65
reverse	Q81LC5	Q15831	MOD_Plk_4	PF00069	ELM	9	36	43
reverse	Q81VT3	Q92918	MOD_Plk_4	PF00069	ELM	6	114	121
reverse	Q81VT8	P17612	MOD_Plk_4	PF00069	ELM	9	120	127
reverse	Q81VT8	P27448	MOD_Plk_4	PF00069	ELM	9	120	127
reverse	Q81VV7	P15735	MOD_Plk_4	PF00069	ELM	5	6	13
reverse	Q81X77	Q16512	MOD_Plk_4	PF00069	ELM	6	157	164
reverse	Q81XT3	Q9NRH2	MOD_Plk_4	PF00069	ELM	1	68	75
reverse	Q8CWG4	P24723	MOD_Plk_4	PF00069	ELM	5	52	59
reverse	Q8CZQ9	Q15746	MOD_Plk_4	PF00069	ELM	1	184	191
reverse	Q8CZY7	Q9HBH9	MOD_Plk_4	PF00069	ELM	1	127	134
reverse	Q8D017	O15111	MOD_Plk_4	PF00069	ELM	12	5	12
reverse	Q8D0G3	Q15746	MOD_Plk_4	PF00069	ELM	1	114	121
reverse	Q8D0H6	Q9H2X6	MOD_Plk_4	PF00069	ELM	10	63	70
reverse	Q8D0H8	P05771	MOD_Plk_4	PF00069	ELM	4	106	113
reverse	Q8D194	O75385	MOD_Plk_4	PF00069	ELM	3	263	270
reverse	Q8D1K1	Q96KG9	MOD_Plk_4	PF00069	ELM	7	80	87
reverse	Q8XA11	P49759	MOD_Plk_4	PF00069	ELM	3	7	14
reverse	Q8XC86	O75716	MOD_Plk_4	PF00069	ELM	3	6	13
reverse	Q8ZAA1	Q13523	MOD_Plk_4	PF00069	ELM	4	3	10
reverse	Q8ZAQ2	O95819	MOD_Plk_4	PF00069	ELM	3	277	284
reverse	Q8ZBC2	Q16539	MOD_Plk_4	PF00069	ELM	6	393	400
reverse	Q8ZBN6	Q6ZN16	MOD_Plk_4	PF00069	ELM	4	5	12
reverse	Q8ZC51	Q9BXM7	MOD_Plk_4	PF00069	ELM	6	13	20
reverse	Q8ZDX4	Q9BQI3	MOD_Plk_4	PF00069	ELM	3	132	139
reverse	Q8ZDX8	Q9BXM7	MOD_Plk_4	PF00069	ELM	4	102	109
reverse	Q8ZHZ4	Q9H792	MOD_Plk_4	PF00069	ELM	5	26	33
reverse	Q8ZIG9	Q9BUD9	MOD_Plk_4	PF00069	ELM	3	37	44
reverse	Q8ZIY3	P35626	MOD_Plk_4	PF00069	ELM	5	89	96
reverse	Q8ZJ74	Q9NZJ5	MOD_Plk_4	PF00069	ELM	3	18	25
reverse	Q8ZJG9	Q6P3W7	MOD_Plk_4	PF00069	ELM	2	76	83
reverse	Q8ZJP8	Q9H422	MOD_Plk_4	PF00069	ELM	2	23	30
reverse	Q93KU8	Q15418	MOD_Plk_4	PF00069	ELM	5	7	14
reverse	Q93KU8	Q16513	MOD_Plk_4	PF00069	ELM	5	7	14
reverse	Q9X6B0	Q96KG9	MOD_Plk_4	PF00069	ELM	6	27	34
reverse	A0A0H3NGI8	Q13153	MOD_ProDKin_1	PF00069	ELM	4	3	10
reverse	B7UM99	O75716	MOD_ProDKin_1	PF00069	ELM	6	47	54
reverse	D0ZVG2	Q16512	MOD_ProDKin_1	PF00069	ELM	3	21	28
reverse	O52162	P45985	MOD_ProDKin_1	PF00069	ELM	1	74	81
reverse	O84760	O43187	MOD_ProDKin_1	PF00069	ELM	8	102	109
reverse	O84760	P51617	MOD_ProDKin_1	PF00069	ELM	8	102	109
reverse	O84760	Q13233	MOD_ProDKin_1	PF00069	ELM	8	102	109
reverse	P00634	Q5S007	MOD_ProDKin_1	PF00069	ELM	4	12	19
reverse	P04949	O43187	MOD_ProDKin_1	PF00069	ELM	2	280	287
reverse	P04949	P51617	MOD_ProDKin_1	PF00069	ELM	2	280	287
reverse	P04949	Q13233	MOD_ProDKin_1	PF00069	ELM	2	280	287
reverse	P0A2M9	P28482	MOD_ProDKin_1	PF00069	ELM	2	89	96
reverse	P15917	P46734	MOD_ProDKin_1	PF00069	ELM	2	430	437
reverse	P30690	O43187	MOD_ProDKin_1	PF00069	ELM	2	147	154
reverse	P30690	P51617	MOD_ProDKin_1	PF00069	ELM	2	147	154
reverse	P30690	Q13233	MOD_ProDKin_1	PF00069	ELM	2	147	154
reverse	P55980	Q7KZI7	MOD_ProDKin_1	PF00069	ELM	3	7	14
reverse	P58543	Q9H422	MOD_ProDKin_1	PF00069	ELM	3	92	99
reverse	P69986	Q9UHD2	MOD_ProDKin_1	PF00069	ELM	4	6	13
reverse	Q5NES5	Q16512	MOD_ProDKin_1	PF00069	ELM	2	195	202
reverse	Q5NES5	Q16539	MOD_ProDKin_1	PF00069	ELM	2	195	202
reverse	Q5NGA0	Q96KG9	MOD_ProDKin_1	PF00069	ELM	3	21	28
reverse	Q5NGV3	P27448	MOD_ProDKin_1	PF00069	ELM	1	89	96
reverse	Q5NGV7	Q92918	MOD_ProDKin_1	PF00069	ELM	10	30	37
reverse	Q5NHK6	P27448	MOD_ProDKin_1	PF00069	ELM	3	141	148
reverse	Q5NHP0	Q96KG9	MOD_ProDKin_1	PF00069	ELM	4	0	7
reverse	Q5NID1	Q9H4A3	MOD_ProDKin_1	PF00069	ELM	6	20	27
reverse	Q5NID2	Q9H2G2	MOD_ProDKin_1	PF00069	ELM	7	153	160
reverse	Q5NIP5	Q96BR1	MOD_ProDKin_1	PF00069	ELM	1	144	151
reverse	Q7ARN5	Q9NYY3	MOD_ProDKin_1	PF00069	ELM	3	44	51
reverse	Q7CG77	Q9BQI3	MOD_ProDKin_1	PF00069	ELM	1	242	249
reverse	Q7CIZ7	P27448	MOD_ProDKin_1	PF00069	ELM	7	45	52
reverse	Q7DB77	O75716	MOD_ProDKin_1	PF00069	ELM	4	45	52
reverse	Q81KV7	O75385	MOD_ProDKin_1	PF00069	ELM	3	167	174
reverse	Q81LC5	Q15831	MOD_ProDKin_1	PF00069	ELM	1	434	441
reverse	Q81VT3	Q92918	MOD_ProDKin_1	PF00069	ELM	2	78	85
reverse	Q81VT8	P17612	MOD_ProDKin_1	PF00069	ELM	11	49	56
reverse	Q81VT8	P27448	MOD_ProDKin_1	PF00069	ELM	11	49	56
reverse	Q81VV7	P15735	MOD_ProDKin_1	PF00069	ELM	3	18	25
reverse	Q81X77	Q16512	MOD_ProDKin_1	PF00069	ELM	2	239	246
reverse	Q81XT3	Q9NRH2	MOD_ProDKin_1	PF00069	ELM	3	52	59
reverse	Q8CWG4	P24723	MOD_ProDKin_1	PF00069	ELM	2	246	253
reverse	Q8CZY7	Q9HBH9	MOD_ProDKin_1	PF00069	ELM	2	34	41
reverse	Q8D017	O15111	MOD_ProDKin_1	PF00069	ELM	2	140	147
reverse	Q8D0G3	Q15746	MOD_ProDKin_1	PF00069	ELM	1	42	49
reverse	Q8D0H6	Q9H2X6	MOD_ProDKin_1	PF00069	ELM	11	30	37
reverse	Q8D0H8	P05771	MOD_ProDKin_1	PF00069	ELM	3	119	126
reverse	Q8D194	O75385	MOD_ProDKin_1	PF00069	ELM	2	106	113
reverse	Q8D1K1	Q96KG9	MOD_ProDKin_1	PF00069	ELM	3	5	12
reverse	Q8XA11	P49759	MOD_ProDKin_1	PF00069	ELM	1	220	227
reverse	Q8ZAA1	Q13523	MOD_ProDKin_1	PF00069	ELM	2	302	309
reverse	Q8ZAQ2	O95819	MOD_ProDKin_1	PF00069	ELM	6	16	23
reverse	Q8ZBC2	Q16539	MOD_ProDKin_1	PF00069	ELM	4	11	18
reverse	Q8ZBN6	Q6ZN16	MOD_ProDKin_1	PF00069	ELM	8	10	17
reverse	Q8ZDX4	Q9BQI3	MOD_ProDKin_1	PF00069	ELM	1	317	324
reverse	Q8ZDX8	Q9BXM7	MOD_ProDKin_1	PF00069	ELM	4	184	191
reverse	Q8ZHZ4	Q9H792	MOD_ProDKin_1	PF00069	ELM	4	161	168
reverse	Q8ZIG9	Q9BUD9	MOD_ProDKin_1	PF00069	ELM	1	51	58
reverse	Q8ZIY3	P35626	MOD_ProDKin_1	PF00069	ELM	4	42	49
reverse	Q8ZJ74	Q9NZJ5	MOD_ProDKin_1	PF00069	ELM	4	13	20
reverse	Q8ZJG9	Q6P3W7	MOD_ProDKin_1	PF00069	ELM	4	3	10
reverse	Q93KU8	Q15418	MOD_ProDKin_1	PF00069	ELM	1	0	7
reverse	Q93KU8	Q16513	MOD_ProDKin_1	PF00069	ELM	1	0	7
reverse	Q9X6B0	Q96KG9	MOD_ProDKin_1	PF00069	ELM	8	14	21
reverse	Q8ZD36	Q9Y2T2	TRG_ENDOCYTIC_2	PF00928	ELM	4	96	100
reverse	A0A0H3NF38	P61981	3DID_14-3-3_LIG_0-1	PF00244	3did	1	24	29
reverse	Q7ARN5	D0PNI1	3DID_14-3-3_LIG_0-1	PF00244	3did	1	102	107
reverse	Q7ARN5	P63104	3DID_14-3-3_LIG_0-1	PF00244	3did	1	102	107
reverse	A0A0H3NF38	P61981	3DID_14-3-3_LIG_0-19	PF00244	3did	11	214	217
reverse	Q8ZG99	D0PNI1	3DID_14-3-3_LIG_0-19	PF00244	3did	2	148	151
reverse	Q8ZG99	P62258	3DID_14-3-3_LIG_0-19	PF00244	3did	2	148	151
reverse	Q8ZG99	P63104	3DID_14-3-3_LIG_0-19	PF00244	3did	2	148	151
reverse	A0A0H3NF38	P61981	3DID_14-3-3_LIG_0-88	PF00244	3did	1	372	379
reverse	Q51451	D0PNI1	3DID_14-3-3_LIG_0-88	PF00244	3did	3	132	139
reverse	Q51451	P27348	3DID_14-3-3_LIG_0-88	PF00244	3did	3	132	139
reverse	Q51451	P31946	3DID_14-3-3_LIG_0-88	PF00244	3did	3	132	139
reverse	Q51451	P31947	3DID_14-3-3_LIG_0-88	PF00244	3did	3	132	139
reverse	Q51451	P61981	3DID_14-3-3_LIG_0-88	PF00244	3did	3	132	139
reverse	Q51451	P62258	3DID_14-3-3_LIG_0-88	PF00244	3did	3	132	139
reverse	Q51451	P63104	3DID_14-3-3_LIG_0-88	PF00244	3did	3	132	139
reverse	Q51451	Q04917	3DID_14-3-3_LIG_0-88	PF00244	3did	3	132	139
reverse	Q8ZG99	D0PNI1	3DID_14-3-3_LIG_0-88	PF00244	3did	4	186	192
reverse	Q8ZG99	P62258	3DID_14-3-3_LIG_0-88	PF00244	3did	4	186	192
reverse	Q8ZG99	P63104	3DID_14-3-3_LIG_0-88	PF00244	3did	4	186	192
reverse	Q933J5	D0PNI1	3DID_14-3-3_LIG_0-88	PF00244	3did	3	132	139
reverse	Q933J5	P63104	3DID_14-3-3_LIG_0-88	PF00244	3did	3	132	139
reverse	Q8ZG99	D0PNI1	3DID_14-3-3_LIG_0-93	PF00244	3did	2	569	574
reverse	Q8ZG99	P62258	3DID_14-3-3_LIG_0-93	PF00244	3did	2	569	574
reverse	Q8ZG99	P63104	3DID_14-3-3_LIG_0-93	PF00244	3did	2	569	574
reverse	Q7ARN5	D0PNI1	3DID_14-3-3_LIG_11-3	PF00244	3did	1	102	107
reverse	Q7ARN5	P63104	3DID_14-3-3_LIG_11-3	PF00244	3did	1	102	107
reverse	Q51451	D0PNI1	3DID_14-3-3_LIG_11-9	PF00244	3did	1	8	11
reverse	Q51451	P27348	3DID_14-3-3_LIG_11-9	PF00244	3did	1	8	11
reverse	Q51451	P31946	3DID_14-3-3_LIG_11-9	PF00244	3did	1	8	11
reverse	Q51451	P31947	3DID_14-3-3_LIG_11-9	PF00244	3did	1	8	11
reverse	Q51451	P61981	3DID_14-3-3_LIG_11-9	PF00244	3did	1	8	11
reverse	Q51451	P62258	3DID_14-3-3_LIG_11-9	PF00244	3did	1	8	11
reverse	Q51451	P63104	3DID_14-3-3_LIG_11-9	PF00244	3did	1	8	11
reverse	Q51451	Q04917	3DID_14-3-3_LIG_11-9	PF00244	3did	1	8	11
reverse	Q933J5	D0PNI1	3DID_14-3-3_LIG_11-9	PF00244	3did	1	8	11
reverse	Q933J5	P63104	3DID_14-3-3_LIG_11-9	PF00244	3did	1	8	11
reverse	A0A0H3NF38	P61981	3DID_14-3-3_LIG_4-0	PF00244	3did	11	214	217
reverse	Q8ZG99	D0PNI1	3DID_14-3-3_LIG_4-0	PF00244	3did	2	148	151
reverse	Q8ZG99	P62258	3DID_14-3-3_LIG_4-0	PF00244	3did	2	148	151
reverse	Q8ZG99	P63104	3DID_14-3-3_LIG_4-0	PF00244	3did	2	148	151
reverse	Q51451	D0PNI1	3DID_14-3-3_LIG_4-8	PF00244	3did	1	229	233
reverse	Q51451	P27348	3DID_14-3-3_LIG_4-8	PF00244	3did	1	229	233
reverse	Q51451	P31946	3DID_14-3-3_LIG_4-8	PF00244	3did	1	229	233
reverse	Q51451	P31947	3DID_14-3-3_LIG_4-8	PF00244	3did	1	229	233
reverse	Q51451	P61981	3DID_14-3-3_LIG_4-8	PF00244	3did	1	229	233
reverse	Q51451	P62258	3DID_14-3-3_LIG_4-8	PF00244	3did	1	229	233
reverse	Q51451	P63104	3DID_14-3-3_LIG_4-8	PF00244	3did	1	229	233
reverse	Q51451	Q04917	3DID_14-3-3_LIG_4-8	PF00244	3did	1	229	233
reverse	Q8ZG99	D0PNI1	3DID_14-3-3_LIG_4-8	PF00244	3did	1	188	192
reverse	Q8ZG99	P62258	3DID_14-3-3_LIG_4-8	PF00244	3did	1	188	192
reverse	Q8ZG99	P63104	3DID_14-3-3_LIG_4-8	PF00244	3did	1	188	192
reverse	Q933J5	D0PNI1	3DID_14-3-3_LIG_4-8	PF00244	3did	1	229	233
reverse	Q933J5	P63104	3DID_14-3-3_LIG_4-8	PF00244	3did	1	229	233
reverse	A0A0H3NF38	P61981	3DID_14-3-3_LIG_5-0	PF00244	3did	12	153	158
reverse	Q8ZI64	O95166	3DID_ATG8_LIG_6-10	PF02991	3did	2	22	27
reverse	P17778	Q6UB98	3DID_Ank_2_LIG_9-13	PF12796	3did	1	110	115
reverse	P31527	P19838	3DID_Ank_2_LIG_9-13	PF12796	3did	1	474	479
reverse	Q5NGF9	P19838	3DID_Ank_2_LIG_9-13	PF12796	3did	1	397	402
reverse	Q5NHH1	Q9Y2X7	3DID_Ank_2_LIG_9-13	PF12796	3did	1	170	175
reverse	Q5NHN4	Q9ULH0	3DID_Ank_2_LIG_9-13	PF12796	3did	2	547	552
reverse	Q5NI74	Q6UB98	3DID_Ank_2_LIG_9-13	PF12796	3did	1	186	191
reverse	Q6EZZ9	P19838	3DID_Ank_2_LIG_9-13	PF12796	3did	1	99	104
reverse	Q7CFY4	P46531	3DID_Ank_2_LIG_9-13	PF12796	3did	1	499	504
reverse	Q81TW1	Q8N283	3DID_Ank_2_LIG_9-13	PF12796	3did	2	385	390
reverse	Q8D0V3	P19838	3DID_Ank_2_LIG_9-13	PF12796	3did	2	98	103
reverse	Q8ZA76	Q15027	3DID_Ank_2_LIG_9-13	PF12796	3did	1	572	577
reverse	Q8ZCW0	P19838	3DID_Ank_2_LIG_9-13	PF12796	3did	1	91	96
reverse	Q8ZCW0	P46531	3DID_Ank_2_LIG_9-13	PF12796	3did	1	91	96
reverse	Q8ZDG9	P19838	3DID_Ank_2_LIG_9-13	PF12796	3did	1	71	76
reverse	Q8ZEL9	P19838	3DID_Ank_2_LIG_9-13	PF12796	3did	1	5	10
reverse	Q8ZH09	Q9UK73	3DID_Ank_2_LIG_9-13	PF12796	3did	1	139	144
reverse	Q8ZII0	P19838	3DID_Ank_2_LIG_9-13	PF12796	3did	1	391	396
reverse	Q8ZJI2	P46531	3DID_Ank_2_LIG_9-13	PF12796	3did	1	55	60
reverse	Q0WBF9	Q13342	3DID_Bromodomain_LIG_2-1	PF00439	3did	1	569	573
reverse	Q81TW1	P55201	3DID_Bromodomain_LIG_2-1	PF00439	3did	1	468	472
reverse	Q81X75	P21675	3DID_Bromodomain_LIG_2-1	PF00439	3did	1	369	373
reverse	Q5NEH1	Q9HCK8	3DID_Chromo_LIG_6-4	PF00385	3did	1	595	599
reverse	Q81TW1	A8K9Y5	3DID_Chromo_LIG_6-4	PF00385	3did	1	1127	1131
reverse	Q81X77	P45973	3DID_Chromo_LIG_6-4	PF00385	3did	1	98	102
reverse	Q81JE2	P50990	3DID_Cpn60_TCP1_LIG_0-0	PF00118	3did	1	56	63
reverse	Q81LD0	P10809	3DID_Cpn60_TCP1_LIG_0-0	PF00118	3did	2	165	170
reverse	B7UM99	B2RB70	3DID_EF-hand_7_LIG_1-1	PF13499	3did	2	232	240
reverse	B7UM99	P37235	3DID_EF-hand_7_LIG_1-1	PF13499	3did	2	232	240
reverse	B7UM99	P61601	3DID_EF-hand_7_LIG_1-1	PF13499	3did	2	232	240
reverse	P40136	B4DJ51	3DID_EF-hand_7_LIG_1-1	PF13499	3did	1	514	522
reverse	P40136	Q9BRL5	3DID_EF-hand_7_LIG_1-1	PF13499	3did	1	514	522
reverse	Q5NHC6	Q99653	3DID_EF-hand_7_LIG_1-1	PF13499	3did	1	187	195
reverse	Q5NHQ1	Q99828	3DID_EF-hand_7_LIG_1-1	PF13499	3did	1	705	713
reverse	Q81JW1	Q9UPN3	3DID_EF-hand_7_LIG_1-1	PF13499	3did	1	187	195
reverse	Q81LD0	P13796	3DID_EF-hand_7_LIG_1-1	PF13499	3did	1	2	10
reverse	Q81MS2	P13796	3DID_EF-hand_7_LIG_1-1	PF13499	3did	1	249	257
reverse	Q81Y46	Q99828	3DID_EF-hand_7_LIG_1-1	PF13499	3did	2	2	10
reverse	Q8D0P1	O75340	3DID_EF-hand_7_LIG_1-1	PF13499	3did	1	69	77
reverse	Q8ZAA1	P19105	3DID_EF-hand_7_LIG_1-1	PF13499	3did	1	159	167
reverse	Q5NF52	Q7LDG7	3DID_EF-hand_7_LIG_1-8	PF13499	3did	1	180	188
reverse	Q5NFV6	P30626	3DID_EF-hand_7_LIG_1-8	PF13499	3did	1	163	171
reverse	Q5NHQ1	Q99828	3DID_EF-hand_7_LIG_1-8	PF13499	3did	1	350	358
reverse	Q74RZ6	Q99828	3DID_EF-hand_7_LIG_1-8	PF13499	3did	2	44	52
reverse	Q81JW1	Q9UPN3	3DID_EF-hand_7_LIG_1-8	PF13499	3did	1	23	31
reverse	Q8CZP1	O75340	3DID_EF-hand_7_LIG_1-8	PF13499	3did	2	68	76
reverse	Q8ZAA1	P19105	3DID_EF-hand_7_LIG_1-8	PF13499	3did	1	455	463
reverse	Q8ZE38	P24844	3DID_EF-hand_7_LIG_1-8	PF13499	3did	3	283	291
reverse	P0DKX7	B4DJ51	3DID_EF-hand_7_LIG_5-2	PF13499	3did	1	738	746
reverse	P40136	B4DJ51	3DID_EF-hand_7_LIG_5-2	PF13499	3did	1	365	373
reverse	P40136	Q9BRL5	3DID_EF-hand_7_LIG_5-2	PF13499	3did	1	365	373
reverse	Q5NF52	Q7LDG7	3DID_EF-hand_7_LIG_5-2	PF13499	3did	1	180	188
reverse	Q5NFV6	P30626	3DID_EF-hand_7_LIG_5-2	PF13499	3did	1	163	171
reverse	Q5NHQ1	Q99828	3DID_EF-hand_7_LIG_5-2	PF13499	3did	1	350	358
reverse	Q74RZ6	Q99828	3DID_EF-hand_7_LIG_5-2	PF13499	3did	3	44	52
reverse	Q81JW1	Q9UPN3	3DID_EF-hand_7_LIG_5-2	PF13499	3did	2	23	31
reverse	Q8CZP1	O75340	3DID_EF-hand_7_LIG_5-2	PF13499	3did	3	68	76
reverse	Q8ZAA1	P19105	3DID_EF-hand_7_LIG_5-2	PF13499	3did	1	455	463
reverse	Q8ZE38	P24844	3DID_EF-hand_7_LIG_5-2	PF13499	3did	3	283	291
reverse	Q5NHQ1	Q99828	3DID_EF-hand_7_LIG_5-5	PF13499	3did	1	481	489
reverse	Q7DB77	B2RB70	3DID_EF-hand_7_LIG_5-5	PF13499	3did	1	403	411
reverse	Q7DB77	P37235	3DID_EF-hand_7_LIG_5-5	PF13499	3did	1	403	411
reverse	Q7DB77	P61601	3DID_EF-hand_7_LIG_5-5	PF13499	3did	1	403	411
reverse	Q7DB77	Q9UM19	3DID_EF-hand_7_LIG_5-5	PF13499	3did	1	403	411
reverse	Q8CLT0	Q30154	3DID_MHC_II_beta_LIG_1-2	PF00969	3did	2	176	182
reverse	Q5NGX7	Q30201	3DID_MHC_I_LIG_14-0	PF00129	3did	1	455	460
reverse	Q81S26	P30511	3DID_MHC_I_LIG_14-0	PF00129	3did	1	484	489
reverse	Q8ZIG9	P13747	3DID_MHC_I_LIG_14-0	PF00129	3did	1	290	295
reverse	A0A0F7R9R7	O14641	3DID_PDZ_LIG_0-68	PF00595	3did	1	180	184
reverse	O68759	O00560	3DID_PDZ_LIG_0-68	PF00595	3did	1	25	29
reverse	P58526	O00560	3DID_PDZ_LIG_0-68	PF00595	3did	1	211	215
reverse	P68587	P49796	3DID_PDZ_LIG_0-68	PF00595	3did	1	256	260
reverse	Q5NEG0	O75970	3DID_PDZ_LIG_0-68	PF00595	3did	1	117	121
reverse	Q5NEL1	O14908	3DID_PDZ_LIG_0-68	PF00595	3did	1	64	68
reverse	Q5NF75	O00560	3DID_PDZ_LIG_0-68	PF00595	3did	1	71	75
reverse	Q5NF75	Q92997	3DID_PDZ_LIG_0-68	PF00595	3did	1	71	75
reverse	Q5NGC7	P53671	3DID_PDZ_LIG_0-68	PF00595	3did	2	245	249
reverse	Q5NI92	Q8TF65	3DID_PDZ_LIG_0-68	PF00595	3did	1	12	16
reverse	Q5NID9	Q96RT1	3DID_PDZ_LIG_0-68	PF00595	3did	1	255	259
reverse	Q8ZDF8	O00560	3DID_PDZ_LIG_0-68	PF00595	3did	1	255	259
reverse	O68759	O00560	3DID_PDZ_LIG_10-0	PF00595	3did	1	43	47
reverse	P17778	P49796	3DID_PDZ_LIG_10-0	PF00595	3did	3	193	197
reverse	P46359	O00560	3DID_PDZ_LIG_10-0	PF00595	3did	1	669	673
reverse	P58700	Q15599	3DID_PDZ_LIG_10-0	PF00595	3did	1	51	55
reverse	P69974	Q99767	3DID_PDZ_LIG_10-0	PF00595	3did	1	74	78
reverse	Q5NEC0	Q96QZ7	3DID_PDZ_LIG_10-0	PF00595	3did	1	559	563
reverse	Q5NEC0	Q9NR12	3DID_PDZ_LIG_10-0	PF00595	3did	1	559	563
reverse	Q5NEG0	O75970	3DID_PDZ_LIG_10-0	PF00595	3did	1	13	17
reverse	Q5NEN3	Q8TF65	3DID_PDZ_LIG_10-0	PF00595	3did	2	23	27
reverse	Q5NFA1	O00560	3DID_PDZ_LIG_10-0	PF00595	3did	1	156	160
reverse	Q5NFK7	O60759	3DID_PDZ_LIG_10-0	PF00595	3did	3	240	244
reverse	Q5NFN2	O14907	3DID_PDZ_LIG_10-0	PF00595	3did	2	83	87
reverse	Q5NFX6	Q5T2W1	3DID_PDZ_LIG_10-0	PF00595	3did	1	190	194
reverse	Q5NGC7	P53671	3DID_PDZ_LIG_10-0	PF00595	3did	1	268	272
reverse	Q5NGR8	Q96SB3	3DID_PDZ_LIG_10-0	PF00595	3did	3	206	210
reverse	Q5NGY2	O00560	3DID_PDZ_LIG_10-0	PF00595	3did	2	598	602
reverse	Q5NHD9	O14641	3DID_PDZ_LIG_10-0	PF00595	3did	2	115	119
reverse	Q5NHE7	Q96QZ7	3DID_PDZ_LIG_10-0	PF00595	3did	2	196	200
reverse	Q5NHP5	O00560	3DID_PDZ_LIG_10-0	PF00595	3did	1	76	80
reverse	Q5NHS6	O75970	3DID_PDZ_LIG_10-0	PF00595	3did	3	6	10
reverse	Q5NIH2	P49796	3DID_PDZ_LIG_10-0	PF00595	3did	1	188	192
reverse	Q7ARN6	P49796	3DID_PDZ_LIG_10-0	PF00595	3did	1	104	108
reverse	Q7CGI0	O00560	3DID_PDZ_LIG_10-0	PF00595	3did	1	231	235
reverse	Q81KT8	O00560	3DID_PDZ_LIG_10-0	PF00595	3did	1	15	19
reverse	Q81ME0	P49796	3DID_PDZ_LIG_10-0	PF00595	3did	1	276	280
reverse	Q81VT8	Q96SB3	3DID_PDZ_LIG_10-0	PF00595	3did	1	624	628
reverse	Q81ZE7	Q8TF65	3DID_PDZ_LIG_10-0	PF00595	3did	1	443	447
reverse	Q8CLE6	Q9P2F8	3DID_PDZ_LIG_10-0	PF00595	3did	2	152	156
reverse	Q8CZH6	Q15599	3DID_PDZ_LIG_10-0	PF00595	3did	1	163	167
reverse	Q8CZQ2	Q96RT1	3DID_PDZ_LIG_10-0	PF00595	3did	2	30	34
reverse	Q8CZW9	O14907	3DID_PDZ_LIG_10-0	PF00595	3did	2	68	72
reverse	Q8D195	O43166	3DID_PDZ_LIG_10-0	PF00595	3did	1	287	291
reverse	Q8Z9V7	O14907	3DID_PDZ_LIG_10-0	PF00595	3did	5	66	70
reverse	Q8ZAN0	Q9NR12	3DID_PDZ_LIG_10-0	PF00595	3did	1	73	77
reverse	Q8ZDF8	O00560	3DID_PDZ_LIG_10-0	PF00595	3did	1	111	115
reverse	Q8ZGH1	O00560	3DID_PDZ_LIG_10-0	PF00595	3did	2	13	17
reverse	Q8ZIL6	Q9NR12	3DID_PDZ_LIG_10-0	PF00595	3did	1	136	140
reverse	Q8ZJ10	O14908	3DID_PDZ_LIG_10-0	PF00595	3did	1	74	78
reverse	A0A0F7R9R7	O14641	3DID_PDZ_LIG_4-7	PF00595	3did	1	102	106
reverse	P17778	P49796	3DID_PDZ_LIG_4-7	PF00595	3did	1	320	324
reverse	P58526	O00560	3DID_PDZ_LIG_4-7	PF00595	3did	3	3	7
reverse	P68587	P49796	3DID_PDZ_LIG_4-7	PF00595	3did	1	160	164
reverse	Q5NEC0	Q96QZ7	3DID_PDZ_LIG_4-7	PF00595	3did	3	155	159
reverse	Q5NEC0	Q9NR12	3DID_PDZ_LIG_4-7	PF00595	3did	3	155	159
reverse	Q5NEL1	O14908	3DID_PDZ_LIG_4-7	PF00595	3did	2	1	5
reverse	Q5NF16	O75970	3DID_PDZ_LIG_4-7	PF00595	3did	1	282	286
reverse	Q5NF75	O00560	3DID_PDZ_LIG_4-7	PF00595	3did	1	101	105
reverse	Q5NF75	Q92997	3DID_PDZ_LIG_4-7	PF00595	3did	1	101	105
reverse	Q5NFA1	O00560	3DID_PDZ_LIG_4-7	PF00595	3did	1	32	36
reverse	Q5NFK7	O60759	3DID_PDZ_LIG_4-7	PF00595	3did	1	95	99
reverse	Q5NFX6	Q5T2W1	3DID_PDZ_LIG_4-7	PF00595	3did	2	184	188
reverse	Q5NGR3	Q02410	3DID_PDZ_LIG_4-7	PF00595	3did	2	179	183
reverse	Q5NGR8	Q96SB3	3DID_PDZ_LIG_4-7	PF00595	3did	1	6	10
reverse	Q5NGY2	O00560	3DID_PDZ_LIG_4-7	PF00595	3did	2	525	529
reverse	Q5NHD8	O14907	3DID_PDZ_LIG_4-7	PF00595	3did	1	230	234
reverse	Q5NHD9	O14641	3DID_PDZ_LIG_4-7	PF00595	3did	1	160	164
reverse	Q5NHE7	Q96QZ7	3DID_PDZ_LIG_4-7	PF00595	3did	1	195	199
reverse	Q5NHG8	Q76G19	3DID_PDZ_LIG_4-7	PF00595	3did	1	322	326
reverse	Q5NHP5	O00560	3DID_PDZ_LIG_4-7	PF00595	3did	1	64	68
reverse	Q5NHS6	O75970	3DID_PDZ_LIG_4-7	PF00595	3did	1	103	107
reverse	Q5NI89	O00560	3DID_PDZ_LIG_4-7	PF00595	3did	1	206	210
reverse	Q5NI89	Q8NI35	3DID_PDZ_LIG_4-7	PF00595	3did	1	206	210
reverse	Q5NI92	Q8TF65	3DID_PDZ_LIG_4-7	PF00595	3did	3	9	13
reverse	Q5NIJ0	Q5T2W1	3DID_PDZ_LIG_4-7	PF00595	3did	1	2	6
reverse	Q7ARN6	P49796	3DID_PDZ_LIG_4-7	PF00595	3did	1	77	81
reverse	Q7CGI0	O00560	3DID_PDZ_LIG_4-7	PF00595	3did	1	432	436
reverse	Q7CGT6	O00560	3DID_PDZ_LIG_4-7	PF00595	3did	1	74	78
reverse	Q81KT8	O00560	3DID_PDZ_LIG_4-7	PF00595	3did	1	220	224
reverse	Q81L10	O00560	3DID_PDZ_LIG_4-7	PF00595	3did	1	135	139
reverse	Q81L31	Q8TF65	3DID_PDZ_LIG_4-7	PF00595	3did	1	622	626
reverse	Q81VT8	Q96SB3	3DID_PDZ_LIG_4-7	PF00595	3did	2	537	541
reverse	Q8CZQ2	Q96RT1	3DID_PDZ_LIG_4-7	PF00595	3did	1	73	77
reverse	Q8D195	O43166	3DID_PDZ_LIG_4-7	PF00595	3did	2	298	302
reverse	Q8XAJ5	Q12959	3DID_PDZ_LIG_4-7	PF00595	3did	1	356	360
reverse	Q8ZAN0	Q9NR12	3DID_PDZ_LIG_4-7	PF00595	3did	2	18	22
reverse	Q8ZDF8	O00560	3DID_PDZ_LIG_4-7	PF00595	3did	1	161	165
reverse	Q8ZJ10	O14908	3DID_PDZ_LIG_4-7	PF00595	3did	2	85	89
reverse	A0A0F7R9R7	O14641	3DID_PDZ_LIG_4-9	PF00595	3did	1	131	135
reverse	P58526	O00560	3DID_PDZ_LIG_4-9	PF00595	3did	2	199	203
reverse	P58700	Q15599	3DID_PDZ_LIG_4-9	PF00595	3did	1	67	71
reverse	Q5NEC0	Q96QZ7	3DID_PDZ_LIG_4-9	PF00595	3did	1	1237	1242
reverse	Q5NEC0	Q9NR12	3DID_PDZ_LIG_4-9	PF00595	3did	1	1237	1242
reverse	Q5NEG0	O75970	3DID_PDZ_LIG_4-9	PF00595	3did	1	116	121
reverse	Q5NEN3	Q8TF65	3DID_PDZ_LIG_4-9	PF00595	3did	1	290	295
reverse	Q5NFX6	Q5T2W1	3DID_PDZ_LIG_4-9	PF00595	3did	1	28	33
reverse	Q5NGR3	Q02410	3DID_PDZ_LIG_4-9	PF00595	3did	1	105	110
reverse	Q5NI40	O00560	3DID_PDZ_LIG_4-9	PF00595	3did	2	237	241
reverse	Q5NID9	Q96RT1	3DID_PDZ_LIG_4-9	PF00595	3did	1	224	228
reverse	Q5NIJ0	Q5T2W1	3DID_PDZ_LIG_4-9	PF00595	3did	1	464	469
reverse	Q81L10	O00560	3DID_PDZ_LIG_4-9	PF00595	3did	1	9	13
reverse	Q81VT8	Q96SB3	3DID_PDZ_LIG_4-9	PF00595	3did	1	122	126
reverse	Q8CLE6	Q9P2F8	3DID_PDZ_LIG_4-9	PF00595	3did	1	13	18
reverse	Q8D195	O43166	3DID_PDZ_LIG_4-9	PF00595	3did	1	294	298
reverse	Q8ZDF8	O00560	3DID_PDZ_LIG_4-9	PF00595	3did	2	254	259
reverse	Q8ZEU8	O00560	3DID_PDZ_LIG_4-9	PF00595	3did	1	92	97
reverse	Q8ZIL6	Q9NR12	3DID_PDZ_LIG_4-9	PF00595	3did	1	40	45
reverse	Q8ZJ10	O14908	3DID_PDZ_LIG_4-9	PF00595	3did	2	254	259
reverse	Q8ZJN2	Q5T2W1	3DID_PDZ_LIG_4-9	PF00595	3did	1	38	42
reverse	Q0WBF9	Q13342	3DID_PHD_LIG_1-5	PF00628	3did	2	134	142
reverse	Q5NEA2	Q96QT6	3DID_PHD_LIG_1-5	PF00628	3did	1	131	139
reverse	Q5NEX3	Q96T23	3DID_PHD_LIG_1-5	PF00628	3did	2	376	384
reverse	Q81W25	Q96BD5	3DID_PHD_LIG_1-5	PF00628	3did	1	258	266
reverse	Q8ZJP8	Q96BD5	3DID_PHD_LIG_1-5	PF00628	3did	1	124	132
reverse	B7UM99	O75716	3DID_Pkinase_LIG_1-28	PF00069	3did	1	443	447
reverse	D0ZVG2	Q16512	3DID_Pkinase_LIG_1-28	PF00069	3did	2	145	149
reverse	O84760	O43187	3DID_Pkinase_LIG_1-28	PF00069	3did	4	35	39
reverse	O84760	P51617	3DID_Pkinase_LIG_1-28	PF00069	3did	4	35	39
reverse	O84760	Q13233	3DID_Pkinase_LIG_1-28	PF00069	3did	4	35	39
reverse	P00634	Q5S007	3DID_Pkinase_LIG_1-28	PF00069	3did	1	193	197
reverse	P15917	P46734	3DID_Pkinase_LIG_1-28	PF00069	3did	1	510	514
reverse	P58543	Q9H422	3DID_Pkinase_LIG_1-28	PF00069	3did	1	193	197
reverse	Q5NES5	Q16512	3DID_Pkinase_LIG_1-28	PF00069	3did	2	28	32
reverse	Q5NES5	Q16539	3DID_Pkinase_LIG_1-28	PF00069	3did	2	28	32
reverse	Q5NGV7	Q92918	3DID_Pkinase_LIG_1-28	PF00069	3did	2	317	321
reverse	Q5NID1	Q9H4A3	3DID_Pkinase_LIG_1-28	PF00069	3did	3	205	209
reverse	Q5NID2	Q9H2G2	3DID_Pkinase_LIG_1-28	PF00069	3did	3	743	747
reverse	Q5NIP5	Q96BR1	3DID_Pkinase_LIG_1-28	PF00069	3did	1	92	96
reverse	Q7DB77	O75716	3DID_Pkinase_LIG_1-28	PF00069	3did	4	218	222
reverse	Q81LC5	Q15831	3DID_Pkinase_LIG_1-28	PF00069	3did	1	153	157
reverse	Q81VT8	P17612	3DID_Pkinase_LIG_1-28	PF00069	3did	1	528	532
reverse	Q81VT8	P27448	3DID_Pkinase_LIG_1-28	PF00069	3did	1	528	532
reverse	Q8CWG4	P24723	3DID_Pkinase_LIG_1-28	PF00069	3did	1	70	74
reverse	Q8D017	O15111	3DID_Pkinase_LIG_1-28	PF00069	3did	2	242	246
reverse	Q8D0G3	Q15746	3DID_Pkinase_LIG_1-28	PF00069	3did	1	114	118
reverse	Q8D0H6	Q9H2X6	3DID_Pkinase_LIG_1-28	PF00069	3did	1	418	422
reverse	Q8D0H8	P05771	3DID_Pkinase_LIG_1-28	PF00069	3did	1	405	409
reverse	Q8XC86	O75716	3DID_Pkinase_LIG_1-28	PF00069	3did	2	15	19
reverse	Q8ZAQ2	O95819	3DID_Pkinase_LIG_1-28	PF00069	3did	1	126	130
reverse	Q8ZHZ4	Q9H792	3DID_Pkinase_LIG_1-28	PF00069	3did	1	156	160
reverse	Q8ZIY3	P35626	3DID_Pkinase_LIG_1-28	PF00069	3did	1	153	157
reverse	Q9X6B0	Q96KG9	3DID_Pkinase_LIG_1-28	PF00069	3did	1	472	476
reverse	A0A0H3NA16	P60953	3DID_Ras_LIG_6-3	PF00071	3did	1	440	446
reverse	O30916	P60953	3DID_Ras_LIG_6-3	PF00071	3did	1	440	446
reverse	P18177	A4D2P1	3DID_Ras_LIG_6-3	PF00071	3did	1	1110	1117
reverse	P18177	P63000	3DID_Ras_LIG_6-3	PF00071	3did	1	1110	1117
reverse	P58497	Q9NP72	3DID_Ras_LIG_6-3	PF00071	3did	1	10	17
reverse	P58543	Q9H0N0	3DID_Ras_LIG_6-3	PF00071	3did	1	382	388
reverse	P74873	A4D2P1	3DID_Ras_LIG_6-3	PF00071	3did	2	110	116
reverse	P74873	P60953	3DID_Ras_LIG_6-3	PF00071	3did	2	110	116
reverse	P74873	P63000	3DID_Ras_LIG_6-3	PF00071	3did	2	110	116
reverse	Q0WBF9	P15153	3DID_Ras_LIG_6-3	PF00071	3did	1	241	247
reverse	Q51451	A4D2P1	3DID_Ras_LIG_6-3	PF00071	3did	4	40	47
reverse	Q51451	P63000	3DID_Ras_LIG_6-3	PF00071	3did	4	40	47
reverse	Q5NE82	P61586	3DID_Ras_LIG_6-3	PF00071	3did	1	782	788
reverse	Q5NEH1	P51148	3DID_Ras_LIG_6-3	PF00071	3did	1	1045	1052
reverse	Q5NIF1	Q59FQ0	3DID_Ras_LIG_6-3	PF00071	3did	3	19	25
reverse	Q5ZSM7	Q9H0U4	3DID_Ras_LIG_6-3	PF00071	3did	1	441	447
reverse	Q7DB50	P62820	3DID_Ras_LIG_6-3	PF00071	3did	3	74	80
reverse	Q8ZA76	P61224	3DID_Ras_LIG_6-3	PF00071	3did	1	342	348
reverse	Q8ZAG5	P61586	3DID_Ras_LIG_6-3	PF00071	3did	2	113	119
reverse	Q8ZCT9	P61586	3DID_Ras_LIG_6-3	PF00071	3did	1	105	112
reverse	Q8ZDA6	P10301	3DID_Ras_LIG_6-3	PF00071	3did	1	86	93
reverse	Q93RN4	P60953	3DID_Ras_LIG_6-3	PF00071	3did	1	94	101
reverse	Q93RN4	P61586	3DID_Ras_LIG_6-3	PF00071	3did	1	94	101
reverse	Q93RN4	P63000	3DID_Ras_LIG_6-3	PF00071	3did	1	94	101
reverse	Q93SQ2	A4D2P1	3DID_Ras_LIG_6-3	PF00071	3did	4	40	47
reverse	Q93SQ2	P63000	3DID_Ras_LIG_6-3	PF00071	3did	4	40	47
reverse	Q8ZH69	Q13588	3DID_SH2_LIG_1-10	PF00017	3did	1	126	129
reverse	Q81JW1	P43403	3DID_SH2_LIG_1-34	PF00017	3did	1	42	48
reverse	P17778	P27986	3DID_SH2_LIG_4-11	PF00017	3did	1	364	369
reverse	P80200	Q06124	3DID_SH2_LIG_4-11	PF00017	3did	1	1074	1079
reverse	Q5NEC0	P52630	3DID_SH2_LIG_4-11	PF00017	3did	1	191	196
reverse	Q5NEU6	O15357	3DID_SH2_LIG_4-11	PF00017	3did	1	2	7
reverse	Q5NIA8	P06241	3DID_SH2_LIG_4-11	PF00017	3did	1	40	45
reverse	Q5NID2	P27986	3DID_SH2_LIG_4-11	PF00017	3did	1	585	590
reverse	Q7DB77	P29350	3DID_SH2_LIG_4-11	PF00017	3did	1	136	141
reverse	Q81VW3	P07332	3DID_SH2_LIG_4-11	PF00017	3did	1	279	284
reverse	Q8D014	P42226	3DID_SH2_LIG_4-11	PF00017	3did	1	76	81
reverse	Q8Z9R8	P42226	3DID_SH2_LIG_4-11	PF00017	3did	1	518	523
reverse	Q8ZA97	P42224	3DID_SH2_LIG_4-11	PF00017	3did	1	189	194
reverse	Q8ZDJ2	P29350	3DID_SH2_LIG_4-11	PF00017	3did	2	432	437
reverse	Q8ZGK8	P51451	3DID_SH2_LIG_4-11	PF00017	3did	1	198	203
reverse	Q8ZHI8	P42226	3DID_SH2_LIG_4-11	PF00017	3did	2	227	232
reverse	Q8ZJB3	P42226	3DID_SH2_LIG_4-11	PF00017	3did	1	202	207
reverse	Q5NI93	P98171	3DID_SH3_9_LIG_0-53	PF14604	3did	1	132	136
reverse	Q8D194	Q546E0	3DID_SH3_9_LIG_0-53	PF14604	3did	1	65	71
reverse	Q8D194	Q9BYC5	3DID_SH3_9_LIG_0-53	PF14604	3did	1	65	71
reverse	Q8ZC18	P98171	3DID_SH3_9_LIG_0-53	PF14604	3did	1	72	78
reverse	P10844	Q16623	3DID_Syntaxin_LIG_1-0	PF00804	3did	1	700	708
reverse	P18640	Q16623	3DID_Syntaxin_LIG_1-0	PF00804	3did	2	220	228
reverse	P19321	Q16623	3DID_Syntaxin_LIG_1-0	PF00804	3did	1	507	515
reverse	P30996	Q16623	3DID_Syntaxin_LIG_1-0	PF00804	3did	1	647	655
reverse	Q60393	Q16623	3DID_Syntaxin_LIG_1-0	PF00804	3did	1	705	713
reverse	Q5NEC0	P12544	3DID_Trypsin_LIG_5-1	PF00089	3did	2	518	521
reverse	Q5NGW8	O60667	3DID_V-set_LIG_35-0	PF07686	3did	1	33	41
reverse	Q5NH21	O95976	3DID_V-set_LIG_35-0	PF07686	3did	1	21	29
reverse	Q81X78	O60500	3DID_V-set_LIG_35-0	PF07686	3did	1	414	422
reverse	Q5NGW8	O60667	3DID_V-set_LIG_73-0	PF07686	3did	1	33	41
reverse	Q5NH21	O95976	3DID_V-set_LIG_73-0	PF07686	3did	1	21	29
reverse	Q81X78	O60500	3DID_V-set_LIG_73-0	PF07686	3did	1	414	422
reverse	P18010	P18206	3DID_Vinculin_LIG_2-3	PF01044	3did	3	8	16
reverse	P18010	P18206	3DID_Vinculin_LIG_2-7	PF01044	3did	1	12	20
reverse	P58680	P43034	3DID_WD40_LIG_12-4	PF00400	3did	1	83	86
reverse	Q5NIQ5	Q6ZMY6	3DID_WD40_LIG_12-4	PF00400	3did	1	56	59
reverse	Q6KNA9	Q6ZMY6	3DID_WD40_LIG_12-4	PF00400	3did	2	398	401
reverse	Q81VT8	Q9C0C7	3DID_WD40_LIG_12-4	PF00400	3did	1	1048	1051
reverse	Q8CZR4	E9KL35	3DID_WD40_LIG_12-4	PF00400	3did	1	184	187
reverse	Q8CZR4	P63244	3DID_WD40_LIG_12-4	PF00400	3did	1	184	187
reverse	Q8ZAR3	E9KL35	3DID_WD40_LIG_12-4	PF00400	3did	1	371	374
reverse	Q8ZAR3	P63244	3DID_WD40_LIG_12-4	PF00400	3did	1	371	374
reverse	A0A0H3NF38	O43684	3DID_WD40_LIG_12-7	PF00400	3did	1	628	633
reverse	P62616	Q8TEQ6	3DID_WD40_LIG_12-7	PF00400	3did	1	253	257
reverse	Q0WBF9	O43660	3DID_WD40_LIG_12-7	PF00400	3did	2	406	411
reverse	Q5NGI2	Q9C0J8	3DID_WD40_LIG_12-7	PF00400	3did	1	96	102
reverse	Q5NIP5	Q8WUA4	3DID_WD40_LIG_12-7	PF00400	3did	2	54	60
reverse	Q6KNA9	Q6ZMY6	3DID_WD40_LIG_12-7	PF00400	3did	2	223	229
reverse	Q7CHU1	E9KL35	3DID_WD40_LIG_12-7	PF00400	3did	1	168	173
reverse	Q7CHU1	P63244	3DID_WD40_LIG_12-7	PF00400	3did	1	168	173
reverse	Q81KT8	Q9Y6I7	3DID_WD40_LIG_12-7	PF00400	3did	2	197	202
reverse	Q81UI7	E9KL35	3DID_WD40_LIG_12-7	PF00400	3did	2	293	299
reverse	Q81UI7	P63244	3DID_WD40_LIG_12-7	PF00400	3did	2	293	299
reverse	Q81VT8	Q9C0C7	3DID_WD40_LIG_12-7	PF00400	3did	5	89	96
reverse	Q81WA0	Q92828	3DID_WD40_LIG_12-7	PF00400	3did	1	430	435
reverse	Q81X77	P31146	3DID_WD40_LIG_12-7	PF00400	3did	1	69	74
reverse	Q8CZR4	E9KL35	3DID_WD40_LIG_12-7	PF00400	3did	2	382	389
reverse	Q8CZR4	P63244	3DID_WD40_LIG_12-7	PF00400	3did	2	382	389
reverse	Q8CZX8	P31146	3DID_WD40_LIG_12-7	PF00400	3did	1	246	253
reverse	Q8D016	Q13685	3DID_WD40_LIG_12-7	PF00400	3did	1	472	478
reverse	Q8D0H6	Q92828	3DID_WD40_LIG_12-7	PF00400	3did	1	406	413
reverse	Q8ZAR3	E9KL35	3DID_WD40_LIG_12-7	PF00400	3did	1	398	404
reverse	Q8ZAR3	P63244	3DID_WD40_LIG_12-7	PF00400	3did	1	398	404
reverse	Q8ZCQ2	Q96BP3	3DID_WD40_LIG_12-7	PF00400	3did	7	708	715
reverse	Q8ZHG7	Q9H1Z4	3DID_WD40_LIG_12-7	PF00400	3did	2	141	146
reverse	Q8ZIE7	Q9C0C7	3DID_WD40_LIG_12-7	PF00400	3did	1	13	18
reverse	Q8ZII0	Q9H7Q5	3DID_WD40_LIG_12-7	PF00400	3did	3	95	100
reverse	Q8ZJ16	Q9NNW5	3DID_WD40_LIG_12-7	PF00400	3did	1	48	55
reverse	A0A0H3NF38	O43684	3DID_WD40_LIG_5-2	PF00400	3did	2	628	633
reverse	P62616	Q8TEQ6	3DID_WD40_LIG_5-2	PF00400	3did	1	253	257
reverse	Q0WBF9	O43660	3DID_WD40_LIG_5-2	PF00400	3did	5	150	154
reverse	Q5NFV6	Q8N0X2	3DID_WD40_LIG_5-2	PF00400	3did	1	269	273
reverse	Q5NGI2	Q9C0J8	3DID_WD40_LIG_5-2	PF00400	3did	1	96	102
reverse	Q5NHX0	E9KL35	3DID_WD40_LIG_5-2	PF00400	3did	1	253	256
reverse	Q5NHX0	P63244	3DID_WD40_LIG_5-2	PF00400	3did	1	253	256
reverse	Q5NIP5	Q8WUA4	3DID_WD40_LIG_5-2	PF00400	3did	2	54	60
reverse	Q6KNA9	Q6ZMY6	3DID_WD40_LIG_5-2	PF00400	3did	2	223	229
reverse	Q7CHU1	E9KL35	3DID_WD40_LIG_5-2	PF00400	3did	1	168	173
reverse	Q7CHU1	P63244	3DID_WD40_LIG_5-2	PF00400	3did	1	168	173
reverse	Q7CIZ3	Q15751	3DID_WD40_LIG_5-2	PF00400	3did	1	519	522
reverse	Q7CIZ7	Q6ZMY6	3DID_WD40_LIG_5-2	PF00400	3did	1	322	327
reverse	Q81KT8	Q9Y6I7	3DID_WD40_LIG_5-2	PF00400	3did	2	197	202
reverse	Q81UI7	E9KL35	3DID_WD40_LIG_5-2	PF00400	3did	3	72	77
reverse	Q81UI7	P63244	3DID_WD40_LIG_5-2	PF00400	3did	3	72	77
reverse	Q81VT8	Q9C0C7	3DID_WD40_LIG_5-2	PF00400	3did	5	89	96
reverse	Q81WA0	Q92828	3DID_WD40_LIG_5-2	PF00400	3did	2	8	11
reverse	Q81X77	P31146	3DID_WD40_LIG_5-2	PF00400	3did	2	69	74
reverse	Q8CZR4	E9KL35	3DID_WD40_LIG_5-2	PF00400	3did	2	382	389
reverse	Q8CZR4	P63244	3DID_WD40_LIG_5-2	PF00400	3did	2	382	389
reverse	Q8CZX8	P31146	3DID_WD40_LIG_5-2	PF00400	3did	1	246	253
reverse	Q8D016	Q13685	3DID_WD40_LIG_5-2	PF00400	3did	1	472	478
reverse	Q8D0H6	Q92828	3DID_WD40_LIG_5-2	PF00400	3did	2	118	121
reverse	Q8D1J6	A2RUS2	3DID_WD40_LIG_5-2	PF00400	3did	1	110	113
reverse	Q8D1J6	E9KL35	3DID_WD40_LIG_5-2	PF00400	3did	1	110	113
reverse	Q8D1J6	P63244	3DID_WD40_LIG_5-2	PF00400	3did	1	110	113
reverse	Q8ZAR3	E9KL35	3DID_WD40_LIG_5-2	PF00400	3did	1	398	404
reverse	Q8ZAR3	P63244	3DID_WD40_LIG_5-2	PF00400	3did	1	398	404
reverse	Q8ZCQ2	Q96BP3	3DID_WD40_LIG_5-2	PF00400	3did	7	708	715
reverse	Q8ZHG7	Q9H1Z4	3DID_WD40_LIG_5-2	PF00400	3did	3	37	40
reverse	Q8ZIE7	Q9C0C7	3DID_WD40_LIG_5-2	PF00400	3did	1	13	18
reverse	Q8ZII0	Q9H7Q5	3DID_WD40_LIG_5-2	PF00400	3did	5	95	100
reverse	Q8ZJ16	Q9NNW5	3DID_WD40_LIG_5-2	PF00400	3did	1	48	55
reverse	Q5NF74	E9KL35	3DID_WD40_LIG_6-6	PF00400	3did	1	221	224
reverse	Q5NF74	P63244	3DID_WD40_LIG_6-6	PF00400	3did	1	221	224
reverse	Q5NF74	Q6ZS81	3DID_WD40_LIG_6-6	PF00400	3did	1	221	224
reverse	Q5NFM0	P35606	3DID_WD40_LIG_6-6	PF00400	3did	1	155	158
reverse	Q5NFV6	Q8N0X2	3DID_WD40_LIG_6-6	PF00400	3did	1	233	236
reverse	Q5NGE6	O43815	3DID_WD40_LIG_6-6	PF00400	3did	1	453	456
reverse	Q5NHX0	E9KL35	3DID_WD40_LIG_6-6	PF00400	3did	1	399	402
reverse	Q5NHX0	P63244	3DID_WD40_LIG_6-6	PF00400	3did	1	399	402
reverse	Q5NIE3	P31146	3DID_WD40_LIG_6-6	PF00400	3did	1	450	453
reverse	Q5NIP5	Q8WUA4	3DID_WD40_LIG_6-6	PF00400	3did	1	360	363
reverse	Q6KNA9	Q6ZMY6	3DID_WD40_LIG_6-6	PF00400	3did	2	260	263
reverse	Q7CIZ7	Q6ZMY6	3DID_WD40_LIG_6-6	PF00400	3did	1	194	197
reverse	Q81U22	E9KL35	3DID_WD40_LIG_6-6	PF00400	3did	1	300	303
reverse	Q81U22	P63244	3DID_WD40_LIG_6-6	PF00400	3did	1	300	303
reverse	Q81U22	Q6ZMY6	3DID_WD40_LIG_6-6	PF00400	3did	1	300	303
reverse	Q81UI7	E9KL35	3DID_WD40_LIG_6-6	PF00400	3did	3	405	408
reverse	Q81UI7	P63244	3DID_WD40_LIG_6-6	PF00400	3did	3	405	408
reverse	Q81V26	Q6ZMY6	3DID_WD40_LIG_6-6	PF00400	3did	1	78	81
reverse	Q81VT8	Q9C0C7	3DID_WD40_LIG_6-6	PF00400	3did	1	177	180
reverse	Q81WA0	Q92828	3DID_WD40_LIG_6-6	PF00400	3did	2	420	423
reverse	Q8CZR4	E9KL35	3DID_WD40_LIG_6-6	PF00400	3did	1	495	498
reverse	Q8CZR4	P63244	3DID_WD40_LIG_6-6	PF00400	3did	1	495	498
reverse	Q8D0H6	Q92828	3DID_WD40_LIG_6-6	PF00400	3did	2	498	501
reverse	Q8D1J6	A2RUS2	3DID_WD40_LIG_6-6	PF00400	3did	1	282	285
reverse	Q8D1J6	E9KL35	3DID_WD40_LIG_6-6	PF00400	3did	1	282	285
reverse	Q8D1J6	P63244	3DID_WD40_LIG_6-6	PF00400	3did	1	282	285
reverse	Q8XB62	Q8TEB1	3DID_WD40_LIG_6-6	PF00400	3did	1	73	76
reverse	Q8ZCQ2	Q96BP3	3DID_WD40_LIG_6-6	PF00400	3did	3	601	604
reverse	Q8ZIE7	Q9C0C7	3DID_WD40_LIG_6-6	PF00400	3did	1	175	178
reverse	Q8ZII0	Q9H7Q5	3DID_WD40_LIG_6-6	PF00400	3did	1	256	259
reverse	Q8ZJ16	Q9NNW5	3DID_WD40_LIG_6-6	PF00400	3did	1	109	112
reverse	Q5NFN4	Q9GZV5	3DID_WW_LIG_0-155	PF00397	3did	1	316	322
reverse	Q5NI02	P08575	3DID_Y_phosphatase_LIG_0-0	PF00102	3did	1	271	274
reverse	Q8D0N9	P18433	3DID_Y_phosphatase_LIG_0-0	PF00102	3did	1	690	693
reverse	Q8D131	A8K3M3	3DID_Y_phosphatase_LIG_0-0	PF00102	3did	1	163	166
reverse	Q8D131	P18031	3DID_Y_phosphatase_LIG_0-0	PF00102	3did	1	163	166
reverse	Q8Z9U2	P23467	3DID_Y_phosphatase_LIG_0-0	PF00102	3did	1	46	49
reverse	Q8ZDJ2	P29350	3DID_Y_phosphatase_LIG_0-0	PF00102	3did	2	899	902
reverse	Q8ZIL4	P08575	3DID_Y_phosphatase_LIG_0-0	PF00102	3did	1	352	355
reverse	Q8ZGB4	O43847	CLV_NRD_NRD_1	PF00675	ELM	2	19	22
reverse	P40127	Q14094	DOC_CYCLIN_RxL_1	PF00134	ELM	1	259	272
reverse	P42713	Q9UK58	DOC_CYCLIN_RxL_1	PF00134	ELM	1	81	93
reverse	Q8ZAQ2	P62140	DOC_PP1_RVXF_1	PF00149	ELM	2	267	274
reverse	Q5NFQ6	P36873	DOC_PP2B_PxIxIT_1	PF00149	ELM	1	220	226
reverse	Q8D008	Q9UK59	DOC_PP2B_PxIxIT_1	PF00149	ELM	1	185	191
reverse	P0DJ88	O00401	DOC_PP4_FxxP_1	PF00568	ELM	1	55	59
reverse	Q7BCK4	O00401	DOC_PP4_FxxP_1	PF00568	ELM	1	50	54
reverse	A0A0H3NF38	O43684	LIG_APCC_ABBA_1	PF00400	ELM	1	528	534
reverse	P17778	Q6ZMY6	LIG_APCC_ABBA_1	PF00400	ELM	1	88	94
reverse	P17778	Q96BP3	LIG_APCC_ABBA_1	PF00400	ELM	1	88	94
reverse	Q5NEY7	Q3MJ13	LIG_APCC_ABBA_1	PF00400	ELM	2	224	230
reverse	Q5NF74	E9KL35	LIG_APCC_ABBA_1	PF00400	ELM	1	434	440
reverse	Q5NF74	P63244	LIG_APCC_ABBA_1	PF00400	ELM	1	434	440
reverse	Q5NF74	Q6ZS81	LIG_APCC_ABBA_1	PF00400	ELM	1	434	440
reverse	Q5NGE6	O43815	LIG_APCC_ABBA_1	PF00400	ELM	1	455	461
reverse	Q6KNA9	Q6ZMY6	LIG_APCC_ABBA_1	PF00400	ELM	2	137	143
reverse	Q7CIZ3	Q15751	LIG_APCC_ABBA_1	PF00400	ELM	1	858	864
reverse	Q7CJF3	Q9C0C7	LIG_APCC_ABBA_1	PF00400	ELM	1	156	162
reverse	Q81KT8	Q9Y6I7	LIG_APCC_ABBA_1	PF00400	ELM	1	314	320
reverse	Q81KV7	Q6ZMY6	LIG_APCC_ABBA_1	PF00400	ELM	1	133	139
reverse	Q81U22	E9KL35	LIG_APCC_ABBA_1	PF00400	ELM	1	87	93
reverse	Q81U22	P63244	LIG_APCC_ABBA_1	PF00400	ELM	1	87	93
reverse	Q81U22	Q6ZMY6	LIG_APCC_ABBA_1	PF00400	ELM	1	87	93
reverse	Q81UI7	E9KL35	LIG_APCC_ABBA_1	PF00400	ELM	1	693	699
reverse	Q81UI7	P63244	LIG_APCC_ABBA_1	PF00400	ELM	1	693	699
reverse	Q81VT8	Q9C0C7	LIG_APCC_ABBA_1	PF00400	ELM	1	317	323
reverse	Q81WA0	Q92828	LIG_APCC_ABBA_1	PF00400	ELM	2	852	858
reverse	Q81WR4	Q8TEQ6	LIG_APCC_ABBA_1	PF00400	ELM	2	42	48
reverse	Q8CZX8	P31146	LIG_APCC_ABBA_1	PF00400	ELM	1	79	85
reverse	Q8D0H6	Q92828	LIG_APCC_ABBA_1	PF00400	ELM	1	528	534
reverse	Q8ZAR3	E9KL35	LIG_APCC_ABBA_1	PF00400	ELM	1	477	483
reverse	Q8ZAR3	P63244	LIG_APCC_ABBA_1	PF00400	ELM	1	477	483
reverse	Q8ZCQ2	Q96BP3	LIG_APCC_ABBA_1	PF00400	ELM	2	558	564
reverse	Q8ZII0	Q9H7Q5	LIG_APCC_ABBA_1	PF00400	ELM	2	226	232
reverse	P58680	P43034	LIG_APCC_ABBAyCdc20_2	PF00400	ELM	1	51	58
reverse	Q5NIE3	P31146	LIG_APCC_ABBAyCdc20_2	PF00400	ELM	1	141	148
reverse	Q5NIP5	Q8WUA4	LIG_APCC_ABBAyCdc20_2	PF00400	ELM	1	300	307
reverse	Q81WR4	Q8TEQ6	LIG_APCC_ABBAyCdc20_2	PF00400	ELM	1	512	519
reverse	Q8ZCQ2	Q96BP3	LIG_APCC_ABBAyCdc20_2	PF00400	ELM	1	1108	1115
reverse	Q8ZES0	Q58WW2	LIG_APCC_ABBAyCdc20_2	PF00400	ELM	1	112	119
reverse	Q8ZII0	Q9H7Q5	LIG_APCC_ABBAyCdc20_2	PF00400	ELM	3	225	232
reverse	Q5NEB6	Q8NEU8	LIG_PTB_Apo_2	PF00640	ELM	1	56	64
reverse	Q5NGR3	Q02410	LIG_PTB_Apo_2	PF00640	ELM	1	811	819
reverse	Q81JX0	Q9Y3P9	LIG_PTB_Apo_2	PF00640	ELM	1	102	110
reverse	Q8D0N7	Q9Y3P9	LIG_PTB_Apo_2	PF00640	ELM	1	593	601
reverse	B7UM99	P16333	LIG_SH2_STAP1	PF00017	ELM	2	473	478
reverse	B7UM99	P29350	LIG_SH2_STAP1	PF00017	ELM	2	473	478
reverse	P30690	Q06187	LIG_SH2_STAP1	PF00017	ELM	3	219	224
reverse	P80200	Q06124	LIG_SH2_STAP1	PF00017	ELM	4	67	72
reverse	Q5NEC0	P52630	LIG_SH2_STAP1	PF00017	ELM	3	375	380
reverse	Q5NEG0	P06239	LIG_SH2_STAP1	PF00017	ELM	2	176	181
reverse	Q5NET8	P40763	LIG_SH2_STAP1	PF00017	ELM	6	169	174
reverse	Q5NEU6	O15357	LIG_SH2_STAP1	PF00017	ELM	1	278	283
reverse	Q5NF75	P06239	LIG_SH2_STAP1	PF00017	ELM	2	327	332
reverse	Q5NFR9	Q92835	LIG_SH2_STAP1	PF00017	ELM	2	20	25
reverse	Q5NGB9	P42226	LIG_SH2_STAP1	PF00017	ELM	2	48	53
reverse	Q5NGF9	P06239	LIG_SH2_STAP1	PF00017	ELM	2	234	239
reverse	Q5NGF9	P40763	LIG_SH2_STAP1	PF00017	ELM	2	234	239
reverse	Q5NGV3	O00459	LIG_SH2_STAP1	PF00017	ELM	2	44	49
reverse	Q5NI79	P07332	LIG_SH2_STAP1	PF00017	ELM	4	150	155
reverse	Q5NIA8	P06241	LIG_SH2_STAP1	PF00017	ELM	2	54	59
reverse	Q5NID2	P27986	LIG_SH2_STAP1	PF00017	ELM	1	68	73
reverse	Q5NIP5	P42226	LIG_SH2_STAP1	PF00017	ELM	3	229	234
reverse	Q5WMC9	P16333	LIG_SH2_STAP1	PF00017	ELM	2	473	478
reverse	Q7CJG3	P07948	LIG_SH2_STAP1	PF00017	ELM	1	485	490
reverse	Q7DB77	P29350	LIG_SH2_STAP1	PF00017	ELM	1	518	523
reverse	Q81JW1	P43403	LIG_SH2_STAP1	PF00017	ELM	2	74	79
reverse	Q81K85	P27986	LIG_SH2_STAP1	PF00017	ELM	1	334	339
reverse	Q81PS6	P40763	LIG_SH2_STAP1	PF00017	ELM	1	16	21
reverse	Q81VT8	P16333	LIG_SH2_STAP1	PF00017	ELM	4	171	176
reverse	Q81VW3	P07332	LIG_SH2_STAP1	PF00017	ELM	2	274	279
reverse	Q81WM8	P42226	LIG_SH2_STAP1	PF00017	ELM	3	62	67
reverse	Q81X78	P40763	LIG_SH2_STAP1	PF00017	ELM	2	7	12
reverse	Q8D014	P42226	LIG_SH2_STAP1	PF00017	ELM	3	137	142
reverse	Q8D192	P42224	LIG_SH2_STAP1	PF00017	ELM	5	10	15
reverse	Q8Z9R8	P42226	LIG_SH2_STAP1	PF00017	ELM	2	340	345
reverse	Q8ZA97	P42224	LIG_SH2_STAP1	PF00017	ELM	2	71	76
reverse	Q8ZDJ2	P29350	LIG_SH2_STAP1	PF00017	ELM	9	341	346
reverse	Q8ZDX8	P42226	LIG_SH2_STAP1	PF00017	ELM	1	23	28
reverse	Q8ZHI8	P42226	LIG_SH2_STAP1	PF00017	ELM	3	228	233
reverse	Q8ZJ74	P06239	LIG_SH2_STAP1	PF00017	ELM	1	211	216
reverse	Q8ZJB3	P42226	LIG_SH2_STAP1	PF00017	ELM	2	663	668
reverse	Q9ZLT1	Q06124	LIG_SH2_STAP1	PF00017	ELM	3	675	680
reverse	P00634	Q5S007	MOD_Plk_2-3	PF00069	ELM	2	149	156
reverse	P04949	O43187	MOD_Plk_2-3	PF00069	ELM	2	107	114
reverse	P04949	P51617	MOD_Plk_2-3	PF00069	ELM	2	107	114
reverse	P04949	Q13233	MOD_Plk_2-3	PF00069	ELM	2	107	114
reverse	P15917	P46734	MOD_Plk_2-3	PF00069	ELM	3	127	134
reverse	P17778	Q9UEE5	MOD_Plk_2-3	PF00069	ELM	1	307	314
reverse	P55980	Q7KZI7	MOD_Plk_2-3	PF00069	ELM	1	415	422
reverse	Q5NES5	Q16512	MOD_Plk_2-3	PF00069	ELM	2	154	161
reverse	Q5NES5	Q16539	MOD_Plk_2-3	PF00069	ELM	2	154	161
reverse	Q5NGV3	P27448	MOD_Plk_2-3	PF00069	ELM	1	189	196
reverse	Q5NGV7	Q92918	MOD_Plk_2-3	PF00069	ELM	2	151	158
reverse	Q5NHP0	Q96KG9	MOD_Plk_2-3	PF00069	ELM	1	160	167
reverse	Q5NID1	Q9H4A3	MOD_Plk_2-3	PF00069	ELM	5	190	197
reverse	Q5NID2	Q9H2G2	MOD_Plk_2-3	PF00069	ELM	3	418	425
reverse	Q5NIP5	Q96BR1	MOD_Plk_2-3	PF00069	ELM	1	151	158
reverse	Q81LB8	P27448	MOD_Plk_2-3	PF00069	ELM	2	140	147
reverse	Q81VT3	Q92918	MOD_Plk_2-3	PF00069	ELM	1	232	239
reverse	Q81VT8	P17612	MOD_Plk_2-3	PF00069	ELM	4	243	250
reverse	Q81VT8	P27448	MOD_Plk_2-3	PF00069	ELM	4	243	250
reverse	Q81VV7	P15735	MOD_Plk_2-3	PF00069	ELM	1	180	187
reverse	Q81X77	Q16512	MOD_Plk_2-3	PF00069	ELM	1	449	456
reverse	Q81XT3	Q9NRH2	MOD_Plk_2-3	PF00069	ELM	4	115	122
reverse	Q8CZQ9	Q15746	MOD_Plk_2-3	PF00069	ELM	1	210	217
reverse	Q8D017	O15111	MOD_Plk_2-3	PF00069	ELM	1	449	456
reverse	Q8D0H8	P05771	MOD_Plk_2-3	PF00069	ELM	2	106	113
reverse	Q8D194	O75385	MOD_Plk_2-3	PF00069	ELM	1	343	350
reverse	Q8D1K1	Q96KG9	MOD_Plk_2-3	PF00069	ELM	1	230	237
reverse	Q8XA11	P49759	MOD_Plk_2-3	PF00069	ELM	2	192	199
reverse	Q8ZAA1	Q13523	MOD_Plk_2-3	PF00069	ELM	2	249	256
reverse	Q8ZAQ2	O95819	MOD_Plk_2-3	PF00069	ELM	2	322	329
reverse	Q8ZBC2	Q16539	MOD_Plk_2-3	PF00069	ELM	1	313	320
reverse	Q8ZBN6	Q6ZN16	MOD_Plk_2-3	PF00069	ELM	1	306	313
reverse	Q8ZC51	Q9BXM7	MOD_Plk_2-3	PF00069	ELM	1	209	216
reverse	Q8ZIG9	Q9BUD9	MOD_Plk_2-3	PF00069	ELM	1	250	257
reverse	Q8ZIY3	P35626	MOD_Plk_2-3	PF00069	ELM	3	208	215
reverse	D0ZRB2	P62837	MOD_SUMO_for_1	PF00179	ELM	2	25	29
reverse	D0ZVG2	P61077	MOD_SUMO_for_1	PF00179	ELM	1	672	676
reverse	D0ZRB2	P62837	MOD_SUMO_rev_2	PF00179	ELM	2	57	67
reverse	D0ZVG2	P61077	MOD_SUMO_rev_2	PF00179	ELM	1	616	624
reverse	P0CE12	P61077	MOD_SUMO_rev_2	PF00179	ELM	1	401	407
reverse	Q5X159	P62837	MOD_SUMO_rev_2	PF00179	ELM	1	7	13
reverse	Q8ZNR3	P68036	MOD_SUMO_rev_2	PF00179	ELM	1	651	661
reverse	P15917	P61923	TRG_DiLeu_BaEn_1	PF01217	ELM	6	320	326
reverse	A0A0H3NF38	O43684	TRG_ER_diArg_1	PF00400	ELM	3	16	19
reverse	P62616	Q8TEQ6	TRG_ER_diArg_1	PF00400	ELM	1	215	219
reverse	Q0WBF9	O43660	TRG_ER_diArg_1	PF00400	ELM	4	77	80
reverse	Q5NFV6	Q8N0X2	TRG_ER_diArg_1	PF00400	ELM	1	45	48
reverse	Q5NGE6	O43815	TRG_ER_diArg_1	PF00400	ELM	2	141	145
reverse	Q5NHX0	E9KL35	TRG_ER_diArg_1	PF00400	ELM	3	251	255
reverse	Q5NHX0	P63244	TRG_ER_diArg_1	PF00400	ELM	3	251	255
reverse	Q5NIE3	P31146	TRG_ER_diArg_1	PF00400	ELM	2	362	365
reverse	Q5NIP6	Q9HBG6	TRG_ER_diArg_1	PF00400	ELM	2	6	10
reverse	Q6KMS8	E9KL35	TRG_ER_diArg_1	PF00400	ELM	1	67	70
reverse	Q6KMS8	P63244	TRG_ER_diArg_1	PF00400	ELM	1	67	70
reverse	Q7CIZ7	Q6ZMY6	TRG_ER_diArg_1	PF00400	ELM	2	6	10
reverse	Q7CJF3	Q9C0C7	TRG_ER_diArg_1	PF00400	ELM	2	164	167
reverse	Q81KT8	Q9Y6I7	TRG_ER_diArg_1	PF00400	ELM	1	24	28
reverse	Q81TL7	Q6PJI9	TRG_ER_diArg_1	PF00400	ELM	1	33	37
reverse	Q81U22	E9KL35	TRG_ER_diArg_1	PF00400	ELM	1	27	30
reverse	Q81U22	P63244	TRG_ER_diArg_1	PF00400	ELM	1	27	30
reverse	Q81U22	Q6ZMY6	TRG_ER_diArg_1	PF00400	ELM	1	27	30
reverse	Q81UI7	E9KL35	TRG_ER_diArg_1	PF00400	ELM	1	516	519
reverse	Q81UI7	P63244	TRG_ER_diArg_1	PF00400	ELM	1	516	519
reverse	Q81VT8	Q9C0C7	TRG_ER_diArg_1	PF00400	ELM	6	11	15
reverse	Q81WA0	Q92828	TRG_ER_diArg_1	PF00400	ELM	1	41	45
reverse	Q81WR4	Q8TEQ6	TRG_ER_diArg_1	PF00400	ELM	1	87	91
reverse	Q8CZR4	E9KL35	TRG_ER_diArg_1	PF00400	ELM	3	200	204
reverse	Q8CZR4	P63244	TRG_ER_diArg_1	PF00400	ELM	3	200	204
reverse	Q8CZX8	P31146	TRG_ER_diArg_1	PF00400	ELM	2	68	72
reverse	Q8D016	Q13685	TRG_ER_diArg_1	PF00400	ELM	2	85	88
reverse	Q8D0H6	Q92828	TRG_ER_diArg_1	PF00400	ELM	2	357	360
reverse	Q8D1J6	A2RUS2	TRG_ER_diArg_1	PF00400	ELM	2	11	14
reverse	Q8D1J6	E9KL35	TRG_ER_diArg_1	PF00400	ELM	2	11	14
reverse	Q8D1J6	P63244	TRG_ER_diArg_1	PF00400	ELM	2	11	14
reverse	Q8ZAR3	E9KL35	TRG_ER_diArg_1	PF00400	ELM	2	3	6
reverse	Q8ZAR3	P63244	TRG_ER_diArg_1	PF00400	ELM	2	3	6
reverse	Q8ZCQ2	Q96BP3	TRG_ER_diArg_1	PF00400	ELM	1	809	812
reverse	Q8ZES0	Q58WW2	TRG_ER_diArg_1	PF00400	ELM	1	64	67
reverse	Q8ZII0	Q9H7Q5	TRG_ER_diArg_1	PF00400	ELM	4	129	133
reverse	Q7CHW4	P07339	TRG_Pf-PMV_PEXEL_1	PF00026	ELM	2	117	123
reverse	Q8ZIH1	P07339	TRG_Pf-PMV_PEXEL_1	PF00026	ELM	1	46	51
reverse	A0A0H3NF38	P61981	3DID_14-3-3_LIG_0-29	PF00244	3did	11	6	11
reverse	Q51451	D0PNI1	3DID_14-3-3_LIG_0-29	PF00244	3did	1	342	348
reverse	Q51451	P27348	3DID_14-3-3_LIG_0-29	PF00244	3did	1	342	348
reverse	Q51451	P31946	3DID_14-3-3_LIG_0-29	PF00244	3did	1	342	348
reverse	Q51451	P31947	3DID_14-3-3_LIG_0-29	PF00244	3did	1	342	348
reverse	Q51451	P61981	3DID_14-3-3_LIG_0-29	PF00244	3did	1	342	348
reverse	Q51451	P62258	3DID_14-3-3_LIG_0-29	PF00244	3did	1	342	348
reverse	Q51451	P63104	3DID_14-3-3_LIG_0-29	PF00244	3did	1	342	348
reverse	Q51451	Q04917	3DID_14-3-3_LIG_0-29	PF00244	3did	1	342	348
reverse	Q7ARN5	D0PNI1	3DID_14-3-3_LIG_0-29	PF00244	3did	3	102	107
reverse	Q7ARN5	P63104	3DID_14-3-3_LIG_0-29	PF00244	3did	3	102	107
reverse	Q8ZG99	D0PNI1	3DID_14-3-3_LIG_0-29	PF00244	3did	3	148	151
reverse	Q8ZG99	P62258	3DID_14-3-3_LIG_0-29	PF00244	3did	3	148	151
reverse	Q8ZG99	P63104	3DID_14-3-3_LIG_0-29	PF00244	3did	3	148	151
reverse	Q933J5	D0PNI1	3DID_14-3-3_LIG_0-29	PF00244	3did	1	342	348
reverse	Q933J5	P63104	3DID_14-3-3_LIG_0-29	PF00244	3did	1	342	348
reverse	A0A0H3NF38	P61981	3DID_14-3-3_LIG_0-4	PF00244	3did	3	372	378
reverse	Q7ARN5	D0PNI1	3DID_14-3-3_LIG_0-4	PF00244	3did	2	101	107
reverse	Q7ARN5	P63104	3DID_14-3-3_LIG_0-4	PF00244	3did	2	101	107
reverse	Q8ZG99	D0PNI1	3DID_14-3-3_LIG_0-4	PF00244	3did	1	145	151
reverse	Q8ZG99	P62258	3DID_14-3-3_LIG_0-4	PF00244	3did	1	145	151
reverse	Q8ZG99	P63104	3DID_14-3-3_LIG_0-4	PF00244	3did	1	145	151
reverse	A0A0H3NF38	P61981	3DID_14-3-3_LIG_0-8	PF00244	3did	2	24	29
reverse	Q51451	D0PNI1	3DID_14-3-3_LIG_0-8	PF00244	3did	1	79	84
reverse	Q51451	P27348	3DID_14-3-3_LIG_0-8	PF00244	3did	1	79	84
reverse	Q51451	P31946	3DID_14-3-3_LIG_0-8	PF00244	3did	1	79	84
reverse	Q51451	P31947	3DID_14-3-3_LIG_0-8	PF00244	3did	1	79	84
reverse	Q51451	P61981	3DID_14-3-3_LIG_0-8	PF00244	3did	1	79	84
reverse	Q51451	P62258	3DID_14-3-3_LIG_0-8	PF00244	3did	1	79	84
reverse	Q51451	P63104	3DID_14-3-3_LIG_0-8	PF00244	3did	1	79	84
reverse	Q51451	Q04917	3DID_14-3-3_LIG_0-8	PF00244	3did	1	79	84
reverse	Q7ARN5	D0PNI1	3DID_14-3-3_LIG_0-8	PF00244	3did	2	39	44
reverse	Q7ARN5	P63104	3DID_14-3-3_LIG_0-8	PF00244	3did	2	39	44
reverse	Q933J5	D0PNI1	3DID_14-3-3_LIG_0-8	PF00244	3did	1	79	84
reverse	Q933J5	P63104	3DID_14-3-3_LIG_0-8	PF00244	3did	1	79	84
reverse	Q51451	D0PNI1	3DID_14-3-3_LIG_8-31	PF00244	3did	1	394	397
reverse	Q51451	P27348	3DID_14-3-3_LIG_8-31	PF00244	3did	1	394	397
reverse	Q51451	P31946	3DID_14-3-3_LIG_8-31	PF00244	3did	1	394	397
reverse	Q51451	P31947	3DID_14-3-3_LIG_8-31	PF00244	3did	1	394	397
reverse	Q51451	P61981	3DID_14-3-3_LIG_8-31	PF00244	3did	1	394	397
reverse	Q51451	P62258	3DID_14-3-3_LIG_8-31	PF00244	3did	1	394	397
reverse	Q51451	P63104	3DID_14-3-3_LIG_8-31	PF00244	3did	1	394	397
reverse	Q51451	Q04917	3DID_14-3-3_LIG_8-31	PF00244	3did	1	394	397
reverse	Q933J5	D0PNI1	3DID_14-3-3_LIG_8-31	PF00244	3did	1	394	397
reverse	Q933J5	P63104	3DID_14-3-3_LIG_8-31	PF00244	3did	1	394	397
reverse	A0A0H3NF38	P61981	3DID_14-3-3_LIG_8-8	PF00244	3did	3	372	377
reverse	Q51451	D0PNI1	3DID_14-3-3_LIG_8-8	PF00244	3did	1	145	148
reverse	Q51451	P27348	3DID_14-3-3_LIG_8-8	PF00244	3did	1	145	148
reverse	Q51451	P31946	3DID_14-3-3_LIG_8-8	PF00244	3did	1	145	148
reverse	Q51451	P31947	3DID_14-3-3_LIG_8-8	PF00244	3did	1	145	148
reverse	Q51451	P61981	3DID_14-3-3_LIG_8-8	PF00244	3did	1	145	148
reverse	Q51451	P62258	3DID_14-3-3_LIG_8-8	PF00244	3did	1	145	148
reverse	Q51451	P63104	3DID_14-3-3_LIG_8-8	PF00244	3did	1	145	148
reverse	Q51451	Q04917	3DID_14-3-3_LIG_8-8	PF00244	3did	1	145	148
reverse	Q7ARN5	D0PNI1	3DID_14-3-3_LIG_8-8	PF00244	3did	1	101	104
reverse	Q7ARN5	P63104	3DID_14-3-3_LIG_8-8	PF00244	3did	1	101	104
reverse	Q8ZG99	D0PNI1	3DID_14-3-3_LIG_8-8	PF00244	3did	3	7	10
reverse	Q8ZG99	P62258	3DID_14-3-3_LIG_8-8	PF00244	3did	3	7	10
reverse	Q8ZG99	P63104	3DID_14-3-3_LIG_8-8	PF00244	3did	3	7	10
reverse	Q933J5	D0PNI1	3DID_14-3-3_LIG_8-8	PF00244	3did	1	145	148
reverse	Q933J5	P63104	3DID_14-3-3_LIG_8-8	PF00244	3did	1	145	148
reverse	O68743	Q96TA2	3DID_AAA_lid_3_LIG_2-1	PF17862	3did	1	30	36
reverse	Q5NEC0	Q9Y4W6	3DID_AAA_lid_3_LIG_2-1	PF17862	3did	2	513	517
reverse	Q81LD0	Q96TA2	3DID_AAA_lid_3_LIG_2-1	PF17862	3did	2	94	100
reverse	Q8ZHG8	P35998	3DID_AAA_lid_3_LIG_2-1	PF17862	3did	3	187	193
reverse	O68743	Q96TA2	3DID_AAA_lid_3_LIG_2-2	PF17862	3did	1	49	54
reverse	Q5NEC0	Q9Y4W6	3DID_AAA_lid_3_LIG_2-2	PF17862	3did	2	144	149
reverse	Q81YF4	P17980	3DID_AAA_lid_3_LIG_2-2	PF17862	3did	1	247	252
reverse	Q5NEC0	Q13042	3DID_ANAPC3_LIG_0-0	PF12895	3did	1	283	287
reverse	Q5NI33	P30260	3DID_ANAPC3_LIG_0-0	PF12895	3did	1	278	282
reverse	Q81KT8	Q9UNE7	3DID_ANAPC3_LIG_0-0	PF12895	3did	1	560	564
reverse	Q8ZI64	O95166	3DID_ATG8_LIG_2-11	PF02991	3did	1	387	391
reverse	Q8ZI64	O95166	3DID_ATG8_LIG_6-2	PF02991	3did	1	29	34
reverse	Q8ZI64	O95166	3DID_ATG8_LIG_6-22	PF02991	3did	2	104	108
reverse	Q8ZC32	P63261	3DID_Actin_LIG_26-1	PF00022	3did	1	145	153
reverse	Q8ZCW0	Q9P1U1	3DID_Actin_LIG_26-1	PF00022	3did	1	309	317
reverse	Q81MA4	P63261	3DID_Actin_LIG_4-4	PF00022	3did	1	515	521
reverse	Q8ZBG8	Q9H9F9	3DID_Actin_LIG_4-4	PF00022	3did	1	31	37
reverse	Q8ZC32	P63261	3DID_Actin_LIG_4-4	PF00022	3did	1	98	104
reverse	Q81MA4	P63261	3DID_Actin_LIG_4-6	PF00022	3did	1	251	254
reverse	Q8ZBG8	Q9H9F9	3DID_Actin_LIG_4-6	PF00022	3did	1	34	37
reverse	Q8ZC32	P63261	3DID_Actin_LIG_4-6	PF00022	3did	1	22	25
reverse	Q8ZHF1	P62736	3DID_Actin_LIG_4-6	PF00022	3did	1	258	261
reverse	A0A0H3JFN8	Q9UK73	3DID_Ank_2_LIG_4-10	PF12796	3did	1	60	68
reverse	P17778	Q6UB98	3DID_Ank_2_LIG_4-10	PF12796	3did	3	163	171
reverse	P31527	P19838	3DID_Ank_2_LIG_4-10	PF12796	3did	1	504	512
reverse	P69974	P19838	3DID_Ank_2_LIG_4-10	PF12796	3did	1	160	168
reverse	Q5NEH0	Q9BYB0	3DID_Ank_2_LIG_4-10	PF12796	3did	2	81	89
reverse	Q5NFB8	P19838	3DID_Ank_2_LIG_4-10	PF12796	3did	1	216	224
reverse	Q5NFN3	Q6UB99	3DID_Ank_2_LIG_4-10	PF12796	3did	1	198	206
reverse	Q5NFN4	Q96KQ4	3DID_Ank_2_LIG_4-10	PF12796	3did	2	235	243
reverse	Q5NG37	Q96DX5	3DID_Ank_2_LIG_4-10	PF12796	3did	1	440	448
reverse	Q5NGB2	P19838	3DID_Ank_2_LIG_4-10	PF12796	3did	1	61	69
reverse	Q5NGE6	P19838	3DID_Ank_2_LIG_4-10	PF12796	3did	1	23	31
reverse	Q5NGE6	Q6UB99	3DID_Ank_2_LIG_4-10	PF12796	3did	1	23	31
reverse	Q5NGV8	Q9BZL4	3DID_Ank_2_LIG_4-10	PF12796	3did	2	158	166
reverse	Q5NH38	P19838	3DID_Ank_2_LIG_4-10	PF12796	3did	1	48	56
reverse	Q5NH42	P19838	3DID_Ank_2_LIG_4-10	PF12796	3did	2	89	97
reverse	Q5NH99	Q14161	3DID_Ank_2_LIG_4-10	PF12796	3did	1	151	159
reverse	Q5NI74	Q6UB98	3DID_Ank_2_LIG_4-10	PF12796	3did	1	76	84
reverse	Q7CFY4	P46531	3DID_Ank_2_LIG_4-10	PF12796	3did	4	1619	1627
reverse	Q7CGB6	P19838	3DID_Ank_2_LIG_4-10	PF12796	3did	1	311	319
reverse	Q81JG2	P19838	3DID_Ank_2_LIG_4-10	PF12796	3did	1	164	172
reverse	Q81KV7	Q8N283	3DID_Ank_2_LIG_4-10	PF12796	3did	1	43	51
reverse	Q81LC7	P19838	3DID_Ank_2_LIG_4-10	PF12796	3did	1	126	134
reverse	Q81LC7	Q9P2D0	3DID_Ank_2_LIG_4-10	PF12796	3did	1	126	134
reverse	Q81NN0	P46531	3DID_Ank_2_LIG_4-10	PF12796	3did	2	72	80
reverse	Q81PE9	O60237	3DID_Ank_2_LIG_4-10	PF12796	3did	2	441	449
reverse	Q81QB5	P19838	3DID_Ank_2_LIG_4-10	PF12796	3did	1	343	351
reverse	Q81SC3	P19838	3DID_Ank_2_LIG_4-10	PF12796	3did	1	218	226
reverse	Q81TM1	P19838	3DID_Ank_2_LIG_4-10	PF12796	3did	2	282	290
reverse	Q81TW1	Q8N283	3DID_Ank_2_LIG_4-10	PF12796	3did	4	667	675
reverse	Q81UM1	P19838	3DID_Ank_2_LIG_4-10	PF12796	3did	2	82	90
reverse	Q81WY7	P19838	3DID_Ank_2_LIG_4-10	PF12796	3did	1	486	494
reverse	Q81XT3	P19838	3DID_Ank_2_LIG_4-10	PF12796	3did	4	10	18
reverse	Q81ZG1	Q13625	3DID_Ank_2_LIG_4-10	PF12796	3did	4	5	13
reverse	Q8CZH3	P19838	3DID_Ank_2_LIG_4-10	PF12796	3did	1	30	38
reverse	Q8D007	P19838	3DID_Ank_2_LIG_4-10	PF12796	3did	3	117	125
reverse	Q8D0V3	P19838	3DID_Ank_2_LIG_4-10	PF12796	3did	1	345	353
reverse	Q8D130	Q9Y2X7	3DID_Ank_2_LIG_4-10	PF12796	3did	1	86	94
reverse	Q8D1H3	P19838	3DID_Ank_2_LIG_4-10	PF12796	3did	3	9	17
reverse	Q8D1K0	P19838	3DID_Ank_2_LIG_4-10	PF12796	3did	3	64	72
reverse	Q8D1M6	Q9UM47	3DID_Ank_2_LIG_4-10	PF12796	3did	3	551	559
reverse	Q8ZAF1	P19838	3DID_Ank_2_LIG_4-10	PF12796	3did	2	97	105
reverse	Q8ZBN2	Q9Y575	3DID_Ank_2_LIG_4-10	PF12796	3did	1	122	130
reverse	Q8ZCT6	P19838	3DID_Ank_2_LIG_4-10	PF12796	3did	1	283	291
reverse	Q8ZCV9	P19838	3DID_Ank_2_LIG_4-10	PF12796	3did	1	682	690
reverse	Q8ZCW0	P19838	3DID_Ank_2_LIG_4-10	PF12796	3did	1	502	510
reverse	Q8ZCW0	P46531	3DID_Ank_2_LIG_4-10	PF12796	3did	1	502	510
reverse	Q8ZD27	P19838	3DID_Ank_2_LIG_4-10	PF12796	3did	1	228	236
reverse	Q8ZEW6	P19838	3DID_Ank_2_LIG_4-10	PF12796	3did	1	26	34
reverse	Q8ZF52	P19838	3DID_Ank_2_LIG_4-10	PF12796	3did	1	51	59
reverse	Q8ZGA9	P19838	3DID_Ank_2_LIG_4-10	PF12796	3did	1	61	69
reverse	Q8ZH00	P25963	3DID_Ank_2_LIG_4-10	PF12796	3did	1	221	229
reverse	Q8ZIH1	P19838	3DID_Ank_2_LIG_4-10	PF12796	3did	1	153	161
reverse	Q8ZII0	P19838	3DID_Ank_2_LIG_4-10	PF12796	3did	2	566	574
reverse	Q8ZIL4	P19838	3DID_Ank_2_LIG_4-10	PF12796	3did	2	497	505
reverse	Q8ZJ18	P19838	3DID_Ank_2_LIG_4-10	PF12796	3did	2	537	545
reverse	Q8ZJI2	P46531	3DID_Ank_2_LIG_4-10	PF12796	3did	2	238	246
reverse	Q9RI12	P19838	3DID_Ank_2_LIG_4-10	PF12796	3did	1	318	326
reverse	Q9Z3B4	P19838	3DID_Ank_2_LIG_4-10	PF12796	3did	1	137	145
reverse	Q5NGE6	P19838	3DID_Ank_2_LIG_8-1	PF12796	3did	1	225	233
reverse	Q5NGE6	Q6UB99	3DID_Ank_2_LIG_8-1	PF12796	3did	1	225	233
reverse	Q8ZEL2	P19838	3DID_Ank_2_LIG_8-1	PF12796	3did	1	18	26
reverse	P17778	Q6UB98	3DID_Ank_LIG_2-5	PF00023	3did	2	4	12
reverse	Q0WAP0	Q9P0K7	3DID_Ank_LIG_2-5	PF00023	3did	2	328	336
reverse	Q7CFY4	P46531	3DID_Ank_LIG_2-5	PF00023	3did	2	137	145
reverse	Q81LI7	Q5JPF3	3DID_Ank_LIG_2-5	PF00023	3did	1	527	535
reverse	Q81S14	Q9P0K7	3DID_Ank_LIG_2-5	PF00023	3did	1	190	198
reverse	Q8ZBN2	Q9Y575	3DID_Ank_LIG_2-5	PF00023	3did	1	140	148
reverse	Q7DB50	P62330	3DID_Arf_LIG_1-0	PF00025	3did	2	37	45
reverse	Q81VV7	P84077	3DID_Arf_LIG_1-0	PF00025	3did	1	222	230
reverse	Q5NFJ2	P62330	3DID_Arf_LIG_1-1	PF00025	3did	1	242	250
reverse	Q7DB50	P62330	3DID_Arf_LIG_1-1	PF00025	3did	2	37	45
reverse	Q81VV7	P84077	3DID_Arf_LIG_1-1	PF00025	3did	1	248	256
reverse	P18012	P35222	3DID_Arm_LIG_1-0	PF00514	3did	1	78	82
reverse	Q81VT8	P35222	3DID_Arm_LIG_1-0	PF00514	3did	1	405	409
reverse	Q8ZC18	P35222	3DID_Arm_LIG_1-0	PF00514	3did	2	96	100
reverse	Q81VT8	P35222	3DID_Arm_LIG_1-1	PF00514	3did	2	481	484
reverse	Q81S14	P35222	3DID_Arm_LIG_1-17	PF00514	3did	1	427	431
reverse	Q81VT8	P35222	3DID_Arm_LIG_1-17	PF00514	3did	1	92	97
reverse	Q81JT7	P35222	3DID_Arm_LIG_2-0	PF00514	3did	2	58	63
reverse	Q8D1G8	P35222	3DID_Arm_LIG_2-0	PF00514	3did	1	611	616
reverse	Q8ZC18	P35222	3DID_Arm_LIG_2-0	PF00514	3did	2	68	73
reverse	Q81JT7	P35222	3DID_Arm_LIG_2-10	PF00514	3did	1	324	330
reverse	Q81S14	P35222	3DID_Arm_LIG_2-10	PF00514	3did	1	427	431
reverse	Q81VT8	P35222	3DID_Arm_LIG_2-10	PF00514	3did	1	92	97
reverse	Q8D1G8	P35222	3DID_Arm_LIG_2-10	PF00514	3did	1	605	612
reverse	Q5NEM9	O15131	3DID_Arm_LIG_2-11	PF00514	3did	1	320	325
reverse	Q5NEM9	P35222	3DID_Arm_LIG_2-11	PF00514	3did	1	320	325
reverse	Q81VT8	P35222	3DID_Arm_LIG_2-11	PF00514	3did	2	9	14
reverse	Q8ZAB3	P35222	3DID_Arm_LIG_2-11	PF00514	3did	2	582	587
reverse	Q81VT8	P35222	3DID_Arm_LIG_2-13	PF00514	3did	4	9	14
reverse	Q81VT8	P35222	3DID_Arm_LIG_2-2	PF00514	3did	2	481	484
reverse	Q8D1G8	P35222	3DID_Arm_LIG_2-2	PF00514	3did	1	608	613
reverse	Q8ZAB3	P35222	3DID_Arm_LIG_2-2	PF00514	3did	1	582	587
reverse	P18012	P35222	3DID_Arm_LIG_2-21	PF00514	3did	1	78	82
reverse	Q5NEM9	O15131	3DID_Arm_LIG_2-21	PF00514	3did	1	320	326
reverse	Q5NEM9	P35222	3DID_Arm_LIG_2-21	PF00514	3did	1	320	326
reverse	Q81JT7	P35222	3DID_Arm_LIG_2-21	PF00514	3did	1	379	385
reverse	Q8ZC18	P35222	3DID_Arm_LIG_2-21	PF00514	3did	1	97	101
reverse	P18012	P35222	3DID_Arm_LIG_3-0	PF00514	3did	1	78	82
reverse	Q81VT8	P35222	3DID_Arm_LIG_3-0	PF00514	3did	1	405	409
reverse	Q8ZC18	P35222	3DID_Arm_LIG_3-0	PF00514	3did	2	96	100
reverse	Q81VT8	P35222	3DID_Arm_LIG_3-1	PF00514	3did	2	481	484
reverse	Q81VT8	P35222	3DID_Arm_LIG_4-1	PF00514	3did	2	481	484
reverse	P18012	P35222	3DID_Arm_LIG_4-2	PF00514	3did	1	78	82
reverse	Q81VT8	P35222	3DID_Arm_LIG_4-2	PF00514	3did	1	405	409
reverse	Q8ZC18	P35222	3DID_Arm_LIG_4-2	PF00514	3did	2	96	100
reverse	P18012	P35222	3DID_Arm_LIG_5-0	PF00514	3did	1	78	82
reverse	P18012	P35222	3DID_Arm_LIG_6-0	PF00514	3did	1	78	82
reverse	Q81VT8	P35222	3DID_Arm_LIG_6-0	PF00514	3did	1	405	409
reverse	Q8ZC18	P35222	3DID_Arm_LIG_6-0	PF00514	3did	2	96	100
reverse	Q81VT8	P35222	3DID_Arm_LIG_6-1	PF00514	3did	2	481	484
reverse	Q81JT7	P35222	3DID_Arm_LIG_6-13	PF00514	3did	2	58	63
reverse	Q8D1G8	P35222	3DID_Arm_LIG_6-13	PF00514	3did	1	611	616
reverse	Q8ZC18	P35222	3DID_Arm_LIG_6-13	PF00514	3did	2	68	73
reverse	Q81JT7	P35222	3DID_Arm_LIG_6-14	PF00514	3did	1	324	330
reverse	Q81S14	P35222	3DID_Arm_LIG_6-14	PF00514	3did	1	427	431
reverse	Q81VT8	P35222	3DID_Arm_LIG_6-14	PF00514	3did	1	92	97
reverse	Q8D1G8	P35222	3DID_Arm_LIG_6-14	PF00514	3did	1	605	612
reverse	Q81VT8	P35222	3DID_Arm_LIG_6-2	PF00514	3did	1	481	484
reverse	Q8D1G8	P35222	3DID_Arm_LIG_6-2	PF00514	3did	1	608	613
reverse	Q8ZAB3	P35222	3DID_Arm_LIG_6-2	PF00514	3did	1	582	587
reverse	P18012	P35222	3DID_Arm_LIG_7-0	PF00514	3did	1	78	82
reverse	Q81VT8	P35222	3DID_Arm_LIG_7-0	PF00514	3did	1	405	409
reverse	Q8ZC18	P35222	3DID_Arm_LIG_7-0	PF00514	3did	2	96	100
reverse	Q81VT8	P35222	3DID_Arm_LIG_7-1	PF00514	3did	2	481	484
reverse	Q81VT8	P35222	3DID_Arm_LIG_7-9	PF00514	3did	1	185	189
reverse	Q5NEC0	Q9UKK3	3DID_BRCT_LIG_1-0	PF00533	3did	1	555	561
reverse	Q5NGC7	Q92547	3DID_BRCT_LIG_1-0	PF00533	3did	1	283	289
reverse	Q81KT8	P09874	3DID_BRCT_LIG_1-0	PF00533	3did	2	31	37
reverse	Q81UH3	Q9UKK3	3DID_BRCT_LIG_1-0	PF00533	3did	1	30	36
reverse	Q81X78	Q9Y5B0	3DID_BRCT_LIG_1-0	PF00533	3did	2	44	50
reverse	Q5NEC8	Q9ULD4	3DID_Bromodomain_LIG_6-0	PF00439	3did	1	1015	1020
reverse	Q5NHX9	Q15326	3DID_Bromodomain_LIG_6-0	PF00439	3did	2	209	214
reverse	Q81ME0	Q9H0E9	3DID_Bromodomain_LIG_6-0	PF00439	3did	2	78	83
reverse	Q81X75	P21675	3DID_Bromodomain_LIG_6-0	PF00439	3did	2	11	14
reverse	Q8CZQ3	Q13342	3DID_Bromodomain_LIG_6-0	PF00439	3did	1	384	389
reverse	Q0WBF9	Q13342	3DID_Bromodomain_LIG_6-18	PF00439	3did	2	525	528
reverse	Q5NEC8	Q9ULD4	3DID_Bromodomain_LIG_6-18	PF00439	3did	1	1228	1231
reverse	Q5NHX9	Q15326	3DID_Bromodomain_LIG_6-18	PF00439	3did	2	46	49
reverse	Q6KNA9	Q09472	3DID_Bromodomain_LIG_6-18	PF00439	3did	2	97	100
reverse	Q81TW1	P55201	3DID_Bromodomain_LIG_6-18	PF00439	3did	2	784	787
reverse	Q81X75	P21675	3DID_Bromodomain_LIG_6-18	PF00439	3did	1	178	181
reverse	Q8CZQ3	Q13342	3DID_Bromodomain_LIG_6-18	PF00439	3did	1	79	82
reverse	Q5NEH1	Q9HCK8	3DID_Chromo_LIG_6-88	PF00385	3did	1	1048	1051
reverse	Q5ZUS4	P45973	3DID_Chromo_LIG_6-88	PF00385	3did	3	44	47
reverse	Q5ZUS4	Q13185	3DID_Chromo_LIG_6-88	PF00385	3did	3	44	47
reverse	Q81KT8	Q3L8U1	3DID_Chromo_LIG_6-88	PF00385	3did	1	102	105
reverse	Q81TW1	A8K9Y5	3DID_Chromo_LIG_6-88	PF00385	3did	3	240	243
reverse	Q81WF2	Q9HCK8	3DID_Chromo_LIG_6-88	PF00385	3did	1	550	553
reverse	Q8ZAC2	Q14839	3DID_Chromo_LIG_6-88	PF00385	3did	2	79	82
reverse	Q81LD0	P10809	3DID_Cpn60_TCP1_LIG_3-0	PF00118	3did	1	185	189
reverse	Q81QL7	P49368	3DID_Cpn60_TCP1_LIG_3-0	PF00118	3did	1	438	442
reverse	P0DKX7	B4DJ51	3DID_EF-hand_7_LIG_1-0	PF13499	3did	2	853	861
reverse	P40136	B4DJ51	3DID_EF-hand_7_LIG_1-0	PF13499	3did	2	130	138
reverse	P40136	Q9BRL5	3DID_EF-hand_7_LIG_1-0	PF13499	3did	2	130	138
reverse	Q5NF52	Q7LDG7	3DID_EF-hand_7_LIG_1-0	PF13499	3did	2	191	199
reverse	Q5NFV6	P30626	3DID_EF-hand_7_LIG_1-0	PF13499	3did	1	48	56
reverse	Q5NHC6	Q99653	3DID_EF-hand_7_LIG_1-0	PF13499	3did	1	187	195
reverse	Q5NHQ1	Q99828	3DID_EF-hand_7_LIG_1-0	PF13499	3did	1	479	487
reverse	Q5NIP5	B4DJ51	3DID_EF-hand_7_LIG_1-0	PF13499	3did	1	352	360
reverse	Q81LD0	P13796	3DID_EF-hand_7_LIG_1-0	PF13499	3did	1	2	10
reverse	Q81Y46	Q99828	3DID_EF-hand_7_LIG_1-0	PF13499	3did	1	225	233
reverse	Q8CZP1	O75340	3DID_EF-hand_7_LIG_1-0	PF13499	3did	1	273	281
reverse	Q8Z9V7	P37235	3DID_EF-hand_7_LIG_1-0	PF13499	3did	1	187	195
reverse	P0DKX7	B4DJ51	3DID_EF-hand_7_LIG_1-2	PF13499	3did	1	326	334
reverse	P40136	B4DJ51	3DID_EF-hand_7_LIG_1-2	PF13499	3did	4	55	63
reverse	P40136	Q9BRL5	3DID_EF-hand_7_LIG_1-2	PF13499	3did	4	55	63
reverse	Q5NF52	Q7LDG7	3DID_EF-hand_7_LIG_1-2	PF13499	3did	2	230	238
reverse	Q5NFV6	P30626	3DID_EF-hand_7_LIG_1-2	PF13499	3did	3	46	54
reverse	Q5NHQ1	Q99828	3DID_EF-hand_7_LIG_1-2	PF13499	3did	8	295	303
reverse	Q74RZ6	Q99828	3DID_EF-hand_7_LIG_1-2	PF13499	3did	1	154	162
reverse	Q7DB77	B2RB70	3DID_EF-hand_7_LIG_1-2	PF13499	3did	1	225	233
reverse	Q7DB77	P37235	3DID_EF-hand_7_LIG_1-2	PF13499	3did	1	225	233
reverse	Q7DB77	P61601	3DID_EF-hand_7_LIG_1-2	PF13499	3did	1	225	233
reverse	Q7DB77	Q9UM19	3DID_EF-hand_7_LIG_1-2	PF13499	3did	1	225	233
reverse	Q81LD0	P13796	3DID_EF-hand_7_LIG_1-2	PF13499	3did	1	338	346
reverse	Q81Y46	Q99828	3DID_EF-hand_7_LIG_1-2	PF13499	3did	1	114	122
reverse	Q8CZP1	O75340	3DID_EF-hand_7_LIG_1-2	PF13499	3did	1	615	623
reverse	Q8Z9V7	P37235	3DID_EF-hand_7_LIG_1-2	PF13499	3did	1	178	186
reverse	Q8ZAA1	P19105	3DID_EF-hand_7_LIG_1-2	PF13499	3did	1	530	538
reverse	Q81TW2	Q96L93	3DID_FHA_LIG_0-2	PF00498	3did	1	720	723
reverse	Q5NGF9	O60333	3DID_FHA_LIG_0-3	PF00498	3did	2	15	19
reverse	Q5NEC0	Q96QZ7	3DID_Guanylate_kin_LIG_0-12	PF00625	3did	2	184	192
reverse	Q5NEC0	Q96QZ7	3DID_Guanylate_kin_LIG_0-14	PF00625	3did	2	327	335
reverse	Q5NHE7	Q96QZ7	3DID_Guanylate_kin_LIG_0-2	PF00625	3did	1	551	559
reverse	Q5NHE7	Q96QZ7	3DID_Guanylate_kin_LIG_4-3	PF00625	3did	1	551	559
reverse	Q5NEC0	Q96QZ7	3DID_Guanylate_kin_LIG_4-6	PF00625	3did	2	184	192
reverse	Q5NEC0	Q96QZ7	3DID_Guanylate_kin_LIG_5-0	PF00625	3did	2	464	472
reverse	Q5NHE7	Q96QZ7	3DID_Guanylate_kin_LIG_8-0	PF00625	3did	1	551	559
reverse	Q5NEC0	Q96QZ7	3DID_Guanylate_kin_LIG_8-11	PF00625	3did	2	184	192
reverse	Q5NEC0	Q96QZ7	3DID_Guanylate_kin_LIG_8-7	PF00625	3did	2	327	335
reverse	Q5NF50	P14625	3DID_HSP90_LIG_1-27	PF00183	3did	3	31	35
reverse	Q5NF50	P14625	3DID_HSP90_LIG_1-70	PF00183	3did	1	433	436
reverse	Q81VT8	P14625	3DID_HSP90_LIG_1-70	PF00183	3did	5	252	255
reverse	Q8ZAL3	P14625	3DID_HSP90_LIG_1-70	PF00183	3did	5	1	4
reverse	Q8ZAQ2	P14625	3DID_HSP90_LIG_1-70	PF00183	3did	1	332	335
reverse	Q8ZI64	P14625	3DID_HSP90_LIG_1-70	PF00183	3did	2	12	15
reverse	Q8ZIM0	Q12931	3DID_HSP90_LIG_1-70	PF00183	3did	1	235	238
reverse	Q5NFP9	Q13952	3DID_Histone_LIG_16-1	PF00125	3did	2	407	410
reverse	Q5NFP9	Q13952	3DID_Histone_LIG_5-0	PF00125	3did	1	245	250
reverse	Q5NFP9	Q13952	3DID_Histone_LIG_9-14	PF00125	3did	1	585	588
reverse	Q5NFP9	Q13952	3DID_Histone_LIG_9-48	PF00125	3did	1	493	496
reverse	Q5NGW2	B2R4P9	3DID_Histone_LIG_9-48	PF00125	3did	1	313	316
reverse	Q5NGW2	P84243	3DID_Histone_LIG_9-48	PF00125	3did	1	313	316
reverse	Q5NI66	B2R4P9	3DID_Histone_LIG_9-48	PF00125	3did	1	241	244
reverse	Q5NI66	P84243	3DID_Histone_LIG_9-48	PF00125	3did	1	241	244
reverse	Q5NGC7	Q6FI13	3DID_Histone_LIG_9-65	PF00125	3did	1	474	479
reverse	Q5NGW2	B2R4P9	3DID_Histone_LIG_9-65	PF00125	3did	1	626	631
reverse	Q5NGW2	P84243	3DID_Histone_LIG_9-65	PF00125	3did	1	626	631
reverse	Q5NFP9	Q13952	3DID_Histone_LIG_9-68	PF00125	3did	1	246	249
reverse	Q5NGC7	Q6FI13	3DID_Histone_LIG_9-68	PF00125	3did	1	413	416
reverse	Q5NFP9	Q13952	3DID_Histone_LIG_9-69	PF00125	3did	1	419	422
reverse	Q5NFP9	Q13952	3DID_Histone_LIG_9-9	PF00125	3did	1	246	250
reverse	Q5NGW2	B2R4P9	3DID_Histone_LIG_9-9	PF00125	3did	1	330	333
reverse	Q5NGW2	P84243	3DID_Histone_LIG_9-9	PF00125	3did	1	330	333
reverse	Q8ZC49	O60573	3DID_IF4E_LIG_6-0	PF01652	3did	1	294	302
reverse	Q8ZAL3	Q53G59	3DID_Kelch_1_LIG_0-11	PF01344	3did	2	586	592
reverse	Q8ZH69	Q14145	3DID_Kelch_1_LIG_0-11	PF01344	3did	1	215	221
reverse	Q5NEG0	O75970	3DID_PDZ_LIG_0-69	PF00595	3did	1	15	21
reverse	Q5NF75	O00560	3DID_PDZ_LIG_0-69	PF00595	3did	1	291	297
reverse	Q5NF75	Q92997	3DID_PDZ_LIG_0-69	PF00595	3did	1	291	297
reverse	Q5NGC7	P53671	3DID_PDZ_LIG_0-69	PF00595	3did	1	467	473
reverse	Q5NGR8	Q96SB3	3DID_PDZ_LIG_0-69	PF00595	3did	1	479	485
reverse	Q5NHD8	O14907	3DID_PDZ_LIG_0-69	PF00595	3did	1	252	258
reverse	Q5NI92	Q8TF65	3DID_PDZ_LIG_0-69	PF00595	3did	1	73	79
reverse	Q8XAJ5	Q12959	3DID_PDZ_LIG_0-69	PF00595	3did	1	163	169
reverse	Q8ZGH1	O00560	3DID_PDZ_LIG_0-69	PF00595	3did	1	547	553
reverse	Q8ZJ10	O14908	3DID_PDZ_LIG_0-69	PF00595	3did	1	235	241
reverse	P55980	Q7KZI7	3DID_Pkinase_LIG_5-34	PF00069	3did	1	996	1000
reverse	P58543	Q9H422	3DID_Pkinase_LIG_5-34	PF00069	3did	1	404	407
reverse	Q5NHK6	P27448	3DID_Pkinase_LIG_5-34	PF00069	3did	2	374	377
reverse	Q5NID1	Q9H4A3	3DID_Pkinase_LIG_5-34	PF00069	3did	3	307	310
reverse	Q81VT8	P17612	3DID_Pkinase_LIG_5-34	PF00069	3did	1	8	12
reverse	Q81VT8	P27448	3DID_Pkinase_LIG_5-34	PF00069	3did	1	8	12
reverse	Q8ZAQ2	O95819	3DID_Pkinase_LIG_5-34	PF00069	3did	1	186	190
reverse	Q8ZBC2	Q16539	3DID_Pkinase_LIG_5-34	PF00069	3did	1	605	609
reverse	Q8ZBN6	Q6ZN16	3DID_Pkinase_LIG_5-34	PF00069	3did	1	420	424
reverse	Q8ZDX8	Q9BXM7	3DID_Pkinase_LIG_5-34	PF00069	3did	1	198	201
reverse	P00634	Q5S007	3DID_Pkinase_LIG_7-8	PF00069	3did	1	45	53
reverse	P04949	O43187	3DID_Pkinase_LIG_7-8	PF00069	3did	1	65	73
reverse	P04949	P51617	3DID_Pkinase_LIG_7-8	PF00069	3did	1	65	73
reverse	P04949	Q13233	3DID_Pkinase_LIG_7-8	PF00069	3did	1	65	73
reverse	P17778	Q9UEE5	3DID_Pkinase_LIG_7-8	PF00069	3did	1	65	73
reverse	P55980	Q7KZI7	3DID_Pkinase_LIG_7-8	PF00069	3did	1	59	67
reverse	Q5NGA0	Q96KG9	3DID_Pkinase_LIG_7-8	PF00069	3did	1	335	343
reverse	Q5NHK6	P27448	3DID_Pkinase_LIG_7-8	PF00069	3did	1	174	182
reverse	Q5NID2	Q9H2G2	3DID_Pkinase_LIG_7-8	PF00069	3did	1	409	417
reverse	Q5NIP5	Q96BR1	3DID_Pkinase_LIG_7-8	PF00069	3did	3	119	127
reverse	Q7ARN5	Q9NYY3	3DID_Pkinase_LIG_7-8	PF00069	3did	1	290	298
reverse	Q7DB77	O75716	3DID_Pkinase_LIG_7-8	PF00069	3did	1	497	505
reverse	Q81KT8	P49759	3DID_Pkinase_LIG_7-8	PF00069	3did	2	27	35
reverse	Q81KV7	O75385	3DID_Pkinase_LIG_7-8	PF00069	3did	1	267	275
reverse	Q81VT8	P17612	3DID_Pkinase_LIG_7-8	PF00069	3did	1	427	435
reverse	Q81VT8	P27448	3DID_Pkinase_LIG_7-8	PF00069	3did	1	427	435
reverse	Q81VV7	P15735	3DID_Pkinase_LIG_7-8	PF00069	3did	1	199	207
reverse	Q8CWG4	P24723	3DID_Pkinase_LIG_7-8	PF00069	3did	2	89	97
reverse	Q8D017	O15111	3DID_Pkinase_LIG_7-8	PF00069	3did	1	554	562
reverse	Q8D0H6	Q9H2X6	3DID_Pkinase_LIG_7-8	PF00069	3did	2	359	367
reverse	Q8D1K1	Q96KG9	3DID_Pkinase_LIG_7-8	PF00069	3did	1	183	191
reverse	Q8ZAQ2	O95819	3DID_Pkinase_LIG_7-8	PF00069	3did	1	118	126
reverse	Q8ZBC2	Q16539	3DID_Pkinase_LIG_7-8	PF00069	3did	2	191	199
reverse	Q8ZBN6	Q6ZN16	3DID_Pkinase_LIG_7-8	PF00069	3did	1	415	423
reverse	Q8ZC51	Q9BXM7	3DID_Pkinase_LIG_7-8	PF00069	3did	2	205	213
reverse	Q8ZIG9	Q9BUD9	3DID_Pkinase_LIG_7-8	PF00069	3did	1	168	176
reverse	Q8ZJG9	Q6P3W7	3DID_Pkinase_LIG_7-8	PF00069	3did	1	152	160
reverse	Q93KU8	Q15418	3DID_Pkinase_LIG_7-8	PF00069	3did	1	65	73
reverse	Q93KU8	Q16513	3DID_Pkinase_LIG_7-8	PF00069	3did	1	65	73
reverse	Q9X6B0	Q96KG9	3DID_Pkinase_LIG_7-8	PF00069	3did	1	699	707
reverse	P55980	Q7KZI7	3DID_Pkinase_LIG_9-4	PF00069	3did	1	996	1000
reverse	P58543	Q9H422	3DID_Pkinase_LIG_9-4	PF00069	3did	1	404	407
reverse	Q5NGA0	Q96KG9	3DID_Pkinase_LIG_9-4	PF00069	3did	1	331	336
reverse	Q5NHK6	P27448	3DID_Pkinase_LIG_9-4	PF00069	3did	2	374	377
reverse	Q5NID1	Q9H4A3	3DID_Pkinase_LIG_9-4	PF00069	3did	3	307	312
reverse	Q81VT8	P17612	3DID_Pkinase_LIG_9-4	PF00069	3did	1	8	12
reverse	Q81VT8	P27448	3DID_Pkinase_LIG_9-4	PF00069	3did	1	8	12
reverse	Q81VV7	P15735	3DID_Pkinase_LIG_9-4	PF00069	3did	1	215	220
reverse	Q8D0H6	Q9H2X6	3DID_Pkinase_LIG_9-4	PF00069	3did	1	804	809
reverse	Q8D0H8	P05771	3DID_Pkinase_LIG_9-4	PF00069	3did	1	82	87
reverse	Q8ZAQ2	O95819	3DID_Pkinase_LIG_9-4	PF00069	3did	1	186	190
reverse	Q8ZBC2	Q16539	3DID_Pkinase_LIG_9-4	PF00069	3did	1	605	609
reverse	Q8ZBN6	Q6ZN16	3DID_Pkinase_LIG_9-4	PF00069	3did	1	420	424
reverse	Q8ZDX8	Q9BXM7	3DID_Pkinase_LIG_9-4	PF00069	3did	1	198	201
reverse	B7UM99	P16333	3DID_SH2_LIG_0-4	PF00017	3did	1	474	477
reverse	B7UM99	P29350	3DID_SH2_LIG_0-4	PF00017	3did	1	474	477
reverse	P80200	Q06124	3DID_SH2_LIG_0-4	PF00017	3did	3	390	393
reverse	Q5NEC0	P52630	3DID_SH2_LIG_0-4	PF00017	3did	3	135	138
reverse	Q5NET8	P40763	3DID_SH2_LIG_0-4	PF00017	3did	2	853	856
reverse	Q5NFR9	Q92835	3DID_SH2_LIG_0-4	PF00017	3did	1	434	437
reverse	Q5NGB9	P42226	3DID_SH2_LIG_0-4	PF00017	3did	2	199	202
reverse	Q5NGF9	P06239	3DID_SH2_LIG_0-4	PF00017	3did	3	236	239
reverse	Q5NGF9	P40763	3DID_SH2_LIG_0-4	PF00017	3did	3	236	239
reverse	Q5NGV3	O00459	3DID_SH2_LIG_0-4	PF00017	3did	1	135	138
reverse	Q5NIA8	P06241	3DID_SH2_LIG_0-4	PF00017	3did	3	16	19
reverse	Q5NID2	P27986	3DID_SH2_LIG_0-4	PF00017	3did	4	603	606
reverse	Q5NIP5	P42226	3DID_SH2_LIG_0-4	PF00017	3did	1	162	165
reverse	Q5WMC9	P16333	3DID_SH2_LIG_0-4	PF00017	3did	1	474	477
reverse	Q81K85	P27986	3DID_SH2_LIG_0-4	PF00017	3did	1	219	222
reverse	Q81NB9	P42226	3DID_SH2_LIG_0-4	PF00017	3did	3	379	382
reverse	Q81VT8	P16333	3DID_SH2_LIG_0-4	PF00017	3did	1	805	808
reverse	Q81WM8	P42226	3DID_SH2_LIG_0-4	PF00017	3did	4	209	212
reverse	Q8D014	P42226	3DID_SH2_LIG_0-4	PF00017	3did	2	66	69
reverse	Q8Z9R8	P42226	3DID_SH2_LIG_0-4	PF00017	3did	1	556	559
reverse	Q8ZDJ2	P29350	3DID_SH2_LIG_0-4	PF00017	3did	2	1113	1116
reverse	Q8ZDX8	P42226	3DID_SH2_LIG_0-4	PF00017	3did	1	89	92
reverse	Q8ZJB3	P42226	3DID_SH2_LIG_0-4	PF00017	3did	3	204	207
reverse	Q9ZLT1	Q06124	3DID_SH2_LIG_0-4	PF00017	3did	3	394	397
reverse	B7UM99	P16333	3DID_SH2_LIG_4-12	PF00017	3did	1	469	474
reverse	B7UM99	P29350	3DID_SH2_LIG_4-12	PF00017	3did	1	469	474
reverse	P80200	Q06124	3DID_SH2_LIG_4-12	PF00017	3did	1	907	912
reverse	Q5NEC0	P52630	3DID_SH2_LIG_4-12	PF00017	3did	1	182	188
reverse	Q5NID2	P27986	3DID_SH2_LIG_4-12	PF00017	3did	1	123	128
reverse	Q5NIP5	P42226	3DID_SH2_LIG_4-12	PF00017	3did	1	299	305
reverse	Q5WMC9	P16333	3DID_SH2_LIG_4-12	PF00017	3did	1	469	474
reverse	Q81K85	P27986	3DID_SH2_LIG_4-12	PF00017	3did	1	219	224
reverse	Q81NB9	P42226	3DID_SH2_LIG_4-12	PF00017	3did	1	96	102
reverse	Q81VT8	P16333	3DID_SH2_LIG_4-12	PF00017	3did	1	566	571
reverse	Q81WM8	P42226	3DID_SH2_LIG_4-12	PF00017	3did	1	63	68
reverse	Q8ZDJ2	P29350	3DID_SH2_LIG_4-12	PF00017	3did	1	428	434
reverse	P17778	P27986	3DID_SH2_LIG_4-2	PF00017	3did	1	363	366
reverse	P80200	Q06124	3DID_SH2_LIG_4-2	PF00017	3did	2	396	399
reverse	Q5NEC0	P52630	3DID_SH2_LIG_4-2	PF00017	3did	1	185	188
reverse	Q5NEG0	P06239	3DID_SH2_LIG_4-2	PF00017	3did	1	178	181
reverse	Q5NET8	P40763	3DID_SH2_LIG_4-2	PF00017	3did	1	184	187
reverse	Q5NF75	P06239	3DID_SH2_LIG_4-2	PF00017	3did	1	341	344
reverse	Q5NGB9	P42226	3DID_SH2_LIG_4-2	PF00017	3did	1	56	59
reverse	Q5NGF9	P06239	3DID_SH2_LIG_4-2	PF00017	3did	2	17	20
reverse	Q5NGF9	P40763	3DID_SH2_LIG_4-2	PF00017	3did	2	17	20
reverse	Q5NI79	P07332	3DID_SH2_LIG_4-2	PF00017	3did	1	17	20
reverse	Q5NID2	P27986	3DID_SH2_LIG_4-2	PF00017	3did	4	73	76
reverse	Q5NIP5	P42226	3DID_SH2_LIG_4-2	PF00017	3did	2	225	228
reverse	Q81JW1	P43403	3DID_SH2_LIG_4-2	PF00017	3did	1	388	391
reverse	Q81K85	P27986	3DID_SH2_LIG_4-2	PF00017	3did	1	436	439
reverse	Q81VT8	P16333	3DID_SH2_LIG_4-2	PF00017	3did	3	66	69
reverse	Q81WM8	P42226	3DID_SH2_LIG_4-2	PF00017	3did	1	53	56
reverse	Q81X78	P40763	3DID_SH2_LIG_4-2	PF00017	3did	2	159	162
reverse	Q8D014	P42226	3DID_SH2_LIG_4-2	PF00017	3did	2	75	78
reverse	Q8Z9R8	P42226	3DID_SH2_LIG_4-2	PF00017	3did	3	209	212
reverse	Q8ZA97	P42224	3DID_SH2_LIG_4-2	PF00017	3did	2	63	66
reverse	Q8ZDX8	P42226	3DID_SH2_LIG_4-2	PF00017	3did	3	375	378
reverse	Q8ZHI8	P42226	3DID_SH2_LIG_4-2	PF00017	3did	1	837	840
reverse	Q8ZJB3	P42226	3DID_SH2_LIG_4-2	PF00017	3did	2	92	95
reverse	Q9ZLT1	Q06124	3DID_SH2_LIG_4-2	PF00017	3did	2	400	403
reverse	B7UM99	P16333	3DID_SH3_1_LIG_2-28	PF00018	3did	2	69	75
reverse	Q5NGV7	O94875	3DID_SH3_1_LIG_2-28	PF00018	3did	1	563	569
reverse	Q5NGV7	Q6FGM0	3DID_SH3_1_LIG_2-28	PF00018	3did	1	563	569
reverse	Q5NGV7	Q99961	3DID_SH3_1_LIG_2-28	PF00018	3did	1	563	569
reverse	Q5NI85	Q12929	3DID_SH3_1_LIG_2-28	PF00018	3did	1	15	21
reverse	Q5WMC9	P16333	3DID_SH3_1_LIG_2-28	PF00018	3did	2	69	75
reverse	Q8D0R4	Q86UR1	3DID_SH3_1_LIG_2-28	PF00018	3did	1	398	402
reverse	Q8ZGK8	P51451	3DID_SH3_1_LIG_2-28	PF00018	3did	2	233	239
reverse	B7UM99	P16333	3DID_SH3_1_LIG_3-36	PF00018	3did	1	493	498
reverse	Q5NEE2	P20936	3DID_SH3_1_LIG_3-36	PF00018	3did	1	4	9
reverse	Q5WMC9	P16333	3DID_SH3_1_LIG_3-36	PF00018	3did	1	493	498
reverse	Q7CJG3	P07948	3DID_SH3_1_LIG_3-36	PF00018	3did	1	271	276
reverse	Q81TT4	O75886	3DID_SH3_1_LIG_3-36	PF00018	3did	1	181	186
reverse	Q8XAJ5	Q12959	3DID_SH3_1_LIG_3-36	PF00018	3did	1	400	405
reverse	B7UM99	Q14247	3DID_SH3_9_LIG_0-12	PF14604	3did	2	69	75
reverse	B7UM99	Q9UHR4	3DID_SH3_9_LIG_0-12	PF14604	3did	2	69	75
reverse	Q5NGV7	O94875	3DID_SH3_9_LIG_0-12	PF14604	3did	1	563	569
reverse	Q7DB77	Q9UHR4	3DID_SH3_9_LIG_0-12	PF14604	3did	2	69	75
reverse	Q8D194	Q546E0	3DID_SH3_9_LIG_0-12	PF14604	3did	1	169	174
reverse	Q8D194	Q9BYC5	3DID_SH3_9_LIG_0-12	PF14604	3did	1	169	174
reverse	Q5NI93	P98171	3DID_SH3_9_LIG_0-20	PF14604	3did	1	139	142
reverse	Q5NIQ1	Q9NZM3	3DID_SH3_9_LIG_0-20	PF14604	3did	1	214	218
reverse	Q81ZG1	Q9NZM3	3DID_SH3_9_LIG_0-20	PF14604	3did	1	251	255
reverse	Q5NGV3	Q12899	3DID_SPRY_LIG_4-2	PF00622	3did	1	187	190
reverse	Q5NID2	Q8IYM9	3DID_SPRY_LIG_4-2	PF00622	3did	2	629	634
reverse	Q7CIZ3	Q15751	3DID_SPRY_LIG_4-2	PF00622	3did	2	716	719
reverse	Q81WE9	Q7KYR7	3DID_SPRY_LIG_4-2	PF00622	3did	1	254	259
reverse	Q81ZG1	Q9UJV3	3DID_SPRY_LIG_4-2	PF00622	3did	3	226	229
reverse	Q8ZIK3	Q9C029	3DID_SPRY_LIG_4-2	PF00622	3did	1	83	87
reverse	Q5NEC0	Q13042	3DID_TPR_12_LIG_0-1	PF13424	3did	1	184	189
reverse	Q81VT8	O15294	3DID_TPR_12_LIG_0-1	PF13424	3did	1	582	587
reverse	Q5NEC0	Q13042	3DID_TPR_12_LIG_0-2	PF13424	3did	1	283	287
reverse	Q7CIZ7	O75153	3DID_TPR_12_LIG_0-2	PF13424	3did	1	393	397
reverse	Q81VT8	O15294	3DID_TPR_12_LIG_0-2	PF13424	3did	1	584	588
reverse	Q5NEB5	O75886	3DID_VHS_LIG_0-0	PF00790	3did	2	106	111
reverse	Q81TT4	O75886	3DID_VHS_LIG_0-0	PF00790	3did	1	765	770
reverse	Q8D014	O75886	3DID_VHS_LIG_0-0	PF00790	3did	1	272	277
reverse	Q5NFR9	Q9UJY5	3DID_VHS_LIG_0-13	PF00790	3did	1	514	519
reverse	Q5NEB5	O75886	3DID_VHS_LIG_0-4	PF00790	3did	1	104	109
reverse	Q5NFR9	Q9UJY5	3DID_VHS_LIG_0-4	PF00790	3did	1	573	579
reverse	Q5NEB5	O75886	3DID_VHS_LIG_0-6	PF00790	3did	1	104	109
reverse	Q5NFR9	Q9UJY5	3DID_VHS_LIG_0-6	PF00790	3did	1	573	579
reverse	Q81VV7	O14964	3DID_VHS_LIG_0-6	PF00790	3did	1	266	270
reverse	Q8D014	O75886	3DID_VHS_LIG_0-6	PF00790	3did	2	173	176
reverse	A0A0H3NF38	O43684	3DID_WD40_LIG_16-0	PF00400	3did	1	543	549
reverse	Q5NGE6	O43815	3DID_WD40_LIG_16-0	PF00400	3did	1	197	203
reverse	Q5NHX0	E9KL35	3DID_WD40_LIG_16-0	PF00400	3did	1	601	607
reverse	Q5NHX0	P63244	3DID_WD40_LIG_16-0	PF00400	3did	1	601	607
reverse	Q5NID9	P31146	3DID_WD40_LIG_16-0	PF00400	3did	1	33	39
reverse	Q5NIE3	P31146	3DID_WD40_LIG_16-0	PF00400	3did	1	376	382
reverse	Q81VT8	Q9C0C7	3DID_WD40_LIG_16-0	PF00400	3did	1	323	329
reverse	Q81WA0	Q92828	3DID_WD40_LIG_16-0	PF00400	3did	1	799	805
reverse	Q8D016	Q13685	3DID_WD40_LIG_16-0	PF00400	3did	1	147	153
reverse	Q8ZAR3	E9KL35	3DID_WD40_LIG_16-0	PF00400	3did	1	454	460
reverse	Q8ZAR3	P63244	3DID_WD40_LIG_16-0	PF00400	3did	1	454	460
reverse	Q8ZJ16	Q9NNW5	3DID_WD40_LIG_16-0	PF00400	3did	1	47	53
reverse	A0A0H3NF38	O43684	3DID_WD40_LIG_2-6	PF00400	3did	1	708	714
reverse	P58680	P43034	3DID_WD40_LIG_2-6	PF00400	3did	2	80	85
reverse	P62616	Q8TEQ6	3DID_WD40_LIG_2-6	PF00400	3did	1	68	72
reverse	Q0WBF9	O43660	3DID_WD40_LIG_2-6	PF00400	3did	1	404	409
reverse	Q5NF74	E9KL35	3DID_WD40_LIG_2-6	PF00400	3did	1	442	447
reverse	Q5NF74	P63244	3DID_WD40_LIG_2-6	PF00400	3did	1	442	447
reverse	Q5NF74	Q6ZS81	3DID_WD40_LIG_2-6	PF00400	3did	1	442	447
reverse	Q5NGI2	Q9C0J8	3DID_WD40_LIG_2-6	PF00400	3did	2	75	80
reverse	Q5NHX0	E9KL35	3DID_WD40_LIG_2-6	PF00400	3did	1	252	255
reverse	Q5NHX0	P63244	3DID_WD40_LIG_2-6	PF00400	3did	1	252	255
reverse	Q5NID9	P31146	3DID_WD40_LIG_2-6	PF00400	3did	1	373	378
reverse	Q5NIP5	Q8WUA4	3DID_WD40_LIG_2-6	PF00400	3did	1	300	306
reverse	Q5NIP6	Q9HBG6	3DID_WD40_LIG_2-6	PF00400	3did	1	7	10
reverse	Q7CJF3	Q9C0C7	3DID_WD40_LIG_2-6	PF00400	3did	2	131	136
reverse	Q81TL7	Q6PJI9	3DID_WD40_LIG_2-6	PF00400	3did	1	63	68
reverse	Q81UI7	E9KL35	3DID_WD40_LIG_2-6	PF00400	3did	2	70	76
reverse	Q81UI7	P63244	3DID_WD40_LIG_2-6	PF00400	3did	2	70	76
reverse	Q81WA0	Q92828	3DID_WD40_LIG_2-6	PF00400	3did	1	41	44
reverse	Q81WR4	Q8TEQ6	3DID_WD40_LIG_2-6	PF00400	3did	1	242	246
reverse	Q8CZR4	E9KL35	3DID_WD40_LIG_2-6	PF00400	3did	2	209	213
reverse	Q8CZR4	P63244	3DID_WD40_LIG_2-6	PF00400	3did	2	209	213
reverse	Q8CZX8	P31146	3DID_WD40_LIG_2-6	PF00400	3did	1	11	15
reverse	Q8D0H6	Q92828	3DID_WD40_LIG_2-6	PF00400	3did	2	204	208
reverse	Q8D1J6	A2RUS2	3DID_WD40_LIG_2-6	PF00400	3did	1	274	280
reverse	Q8D1J6	E9KL35	3DID_WD40_LIG_2-6	PF00400	3did	1	274	280
reverse	Q8D1J6	P63244	3DID_WD40_LIG_2-6	PF00400	3did	1	274	280
reverse	Q8ZCQ2	Q96BP3	3DID_WD40_LIG_2-6	PF00400	3did	2	932	937
reverse	Q8ZHG7	Q9H1Z4	3DID_WD40_LIG_2-6	PF00400	3did	1	147	153
reverse	Q8ZII0	Q9H7Q5	3DID_WD40_LIG_2-6	PF00400	3did	5	124	129
reverse	A0A0H3NF38	O43684	3DID_WD40_LIG_6-1	PF00400	3did	2	102	107
reverse	P17778	Q6ZMY6	3DID_WD40_LIG_6-1	PF00400	3did	1	370	375
reverse	P17778	Q96BP3	3DID_WD40_LIG_6-1	PF00400	3did	1	370	375
reverse	P58680	P43034	3DID_WD40_LIG_6-1	PF00400	3did	1	58	63
reverse	P62616	Q8TEQ6	3DID_WD40_LIG_6-1	PF00400	3did	1	46	51
reverse	Q0WBF9	O43660	3DID_WD40_LIG_6-1	PF00400	3did	1	288	293
reverse	Q5NFM0	P35606	3DID_WD40_LIG_6-1	PF00400	3did	1	219	224
reverse	Q5NHX0	E9KL35	3DID_WD40_LIG_6-1	PF00400	3did	3	202	207
reverse	Q5NHX0	P63244	3DID_WD40_LIG_6-1	PF00400	3did	3	202	207
reverse	Q5NID9	P31146	3DID_WD40_LIG_6-1	PF00400	3did	1	240	245
reverse	Q5NIE3	P31146	3DID_WD40_LIG_6-1	PF00400	3did	1	292	297
reverse	Q5NIP6	Q9HBG6	3DID_WD40_LIG_6-1	PF00400	3did	1	11	16
reverse	Q6KMS8	E9KL35	3DID_WD40_LIG_6-1	PF00400	3did	1	106	111
reverse	Q6KMS8	P63244	3DID_WD40_LIG_6-1	PF00400	3did	1	106	111
reverse	Q6KNA9	Q6ZMY6	3DID_WD40_LIG_6-1	PF00400	3did	1	297	302
reverse	Q7CIZ3	Q15751	3DID_WD40_LIG_6-1	PF00400	3did	1	341	346
reverse	Q7CJF3	Q9C0C7	3DID_WD40_LIG_6-1	PF00400	3did	3	25	30
reverse	Q81KT8	Q9Y6I7	3DID_WD40_LIG_6-1	PF00400	3did	5	73	78
reverse	Q81KV7	Q6ZMY6	3DID_WD40_LIG_6-1	PF00400	3did	1	214	219
reverse	Q81TL7	Q6PJI9	3DID_WD40_LIG_6-1	PF00400	3did	1	130	135
reverse	Q81U22	E9KL35	3DID_WD40_LIG_6-1	PF00400	3did	1	259	264
reverse	Q81U22	P63244	3DID_WD40_LIG_6-1	PF00400	3did	1	259	264
reverse	Q81U22	Q6ZMY6	3DID_WD40_LIG_6-1	PF00400	3did	1	259	264
reverse	Q81UI7	E9KL35	3DID_WD40_LIG_6-1	PF00400	3did	4	271	276
reverse	Q81UI7	P63244	3DID_WD40_LIG_6-1	PF00400	3did	4	271	276
reverse	Q81VT8	Q9C0C7	3DID_WD40_LIG_6-1	PF00400	3did	8	101	106
reverse	Q81WA0	Q92828	3DID_WD40_LIG_6-1	PF00400	3did	2	305	310
reverse	Q81WR4	Q8TEQ6	3DID_WD40_LIG_6-1	PF00400	3did	2	417	422
reverse	Q81X77	P31146	3DID_WD40_LIG_6-1	PF00400	3did	2	149	154
reverse	Q8CZR4	E9KL35	3DID_WD40_LIG_6-1	PF00400	3did	2	166	171
reverse	Q8CZR4	P63244	3DID_WD40_LIG_6-1	PF00400	3did	2	166	171
reverse	Q8D016	Q13685	3DID_WD40_LIG_6-1	PF00400	3did	1	365	370
reverse	Q8D1J6	A2RUS2	3DID_WD40_LIG_6-1	PF00400	3did	1	96	101
reverse	Q8D1J6	E9KL35	3DID_WD40_LIG_6-1	PF00400	3did	1	96	101
reverse	Q8D1J6	P63244	3DID_WD40_LIG_6-1	PF00400	3did	1	96	101
reverse	Q8ZAR3	E9KL35	3DID_WD40_LIG_6-1	PF00400	3did	2	123	128
reverse	Q8ZAR3	P63244	3DID_WD40_LIG_6-1	PF00400	3did	2	123	128
reverse	Q8ZCQ2	Q96BP3	3DID_WD40_LIG_6-1	PF00400	3did	3	524	529
reverse	Q8ZES0	Q58WW2	3DID_WD40_LIG_6-1	PF00400	3did	1	38	43
reverse	Q8ZGX4	Q969X6	3DID_WD40_LIG_6-1	PF00400	3did	1	296	301
reverse	Q8ZHG7	Q9H1Z4	3DID_WD40_LIG_6-1	PF00400	3did	2	63	68
reverse	Q8ZII0	Q9H7Q5	3DID_WD40_LIG_6-1	PF00400	3did	1	377	382
reverse	A0A0H3NF38	O43684	3DID_WD40_LIG_8-7	PF00400	3did	1	713	721
reverse	P58680	P43034	3DID_WD40_LIG_8-7	PF00400	3did	1	230	238
reverse	P62616	Q8TEQ6	3DID_WD40_LIG_8-7	PF00400	3did	1	68	76
reverse	Q5NGI2	Q9C0J8	3DID_WD40_LIG_8-7	PF00400	3did	1	217	225
reverse	Q5NID9	P31146	3DID_WD40_LIG_8-7	PF00400	3did	1	116	124
reverse	Q5NIE3	P31146	3DID_WD40_LIG_8-7	PF00400	3did	2	457	465
reverse	Q7CIZ3	Q15751	3DID_WD40_LIG_8-7	PF00400	3did	2	190	198
reverse	Q7CIZ7	Q6ZMY6	3DID_WD40_LIG_8-7	PF00400	3did	1	70	78
reverse	Q7CJF3	Q9C0C7	3DID_WD40_LIG_8-7	PF00400	3did	2	618	626
reverse	Q81KT8	Q9Y6I7	3DID_WD40_LIG_8-7	PF00400	3did	3	154	162
reverse	Q81WA0	Q92828	3DID_WD40_LIG_8-7	PF00400	3did	1	55	63
reverse	Q81WR4	Q8TEQ6	3DID_WD40_LIG_8-7	PF00400	3did	1	88	96
reverse	Q8CZR4	E9KL35	3DID_WD40_LIG_8-7	PF00400	3did	2	565	573
reverse	Q8CZR4	P63244	3DID_WD40_LIG_8-7	PF00400	3did	2	565	573
reverse	Q8ZAR3	E9KL35	3DID_WD40_LIG_8-7	PF00400	3did	2	66	74
reverse	Q8ZAR3	P63244	3DID_WD40_LIG_8-7	PF00400	3did	2	66	74
reverse	Q8ZCQ2	Q96BP3	3DID_WD40_LIG_8-7	PF00400	3did	2	13	21
reverse	Q8ZII0	Q9H7Q5	3DID_WD40_LIG_8-7	PF00400	3did	1	97	105
reverse	Q81JT7	P08575	3DID_Y_phosphatase_LIG_0-17	PF00102	3did	2	110	114
reverse	Q8ZDJ2	P29350	3DID_Y_phosphatase_LIG_0-17	PF00102	3did	1	233	237
reverse	P40127	O14773	CLV_PCSK_PC7_1	PF00082	ELM	1	191	198
reverse	Q0WAP0	O14773	CLV_PCSK_PC7_1	PF00082	ELM	1	18	25
reverse	A0A0H3NF38	O43684	DEG_APCC_DBOX_1	PF00400	ELM	1	429	438
reverse	Q0WBF9	O43660	DEG_APCC_DBOX_1	PF00400	ELM	1	407	416
reverse	Q5NEY7	Q3MJ13	DEG_APCC_DBOX_1	PF00400	ELM	1	13	22
reverse	Q5NF74	E9KL35	DEG_APCC_DBOX_1	PF00400	ELM	1	519	528
reverse	Q5NF74	P63244	DEG_APCC_DBOX_1	PF00400	ELM	1	519	528
reverse	Q5NF74	Q6ZS81	DEG_APCC_DBOX_1	PF00400	ELM	1	519	528
reverse	Q5NGE6	O43815	DEG_APCC_DBOX_1	PF00400	ELM	1	140	149
reverse	Q5NIP5	Q8WUA4	DEG_APCC_DBOX_1	PF00400	ELM	1	208	217
reverse	Q5NIQ5	Q6ZMY6	DEG_APCC_DBOX_1	PF00400	ELM	1	222	231
reverse	Q6KMS8	E9KL35	DEG_APCC_DBOX_1	PF00400	ELM	1	36	45
reverse	Q6KMS8	P63244	DEG_APCC_DBOX_1	PF00400	ELM	1	36	45
reverse	Q6KNA9	Q6ZMY6	DEG_APCC_DBOX_1	PF00400	ELM	2	294	303
reverse	Q7CIZ3	Q15751	DEG_APCC_DBOX_1	PF00400	ELM	1	418	427
reverse	Q7CIZ7	Q6ZMY6	DEG_APCC_DBOX_1	PF00400	ELM	1	5	14
reverse	Q81KT8	Q9Y6I7	DEG_APCC_DBOX_1	PF00400	ELM	2	382	391
reverse	Q81VT8	Q9C0C7	DEG_APCC_DBOX_1	PF00400	ELM	3	262	271
reverse	Q81WR4	Q8TEQ6	DEG_APCC_DBOX_1	PF00400	ELM	1	203	212
reverse	Q8CZX8	P31146	DEG_APCC_DBOX_1	PF00400	ELM	2	173	182
reverse	Q8D016	Q13685	DEG_APCC_DBOX_1	PF00400	ELM	1	307	316
reverse	Q8D0H6	Q92828	DEG_APCC_DBOX_1	PF00400	ELM	2	339	348
reverse	Q8XB62	Q8TEB1	DEG_APCC_DBOX_1	PF00400	ELM	1	131	140
reverse	Q8ZAR3	E9KL35	DEG_APCC_DBOX_1	PF00400	ELM	1	6	15
reverse	Q8ZAR3	P63244	DEG_APCC_DBOX_1	PF00400	ELM	1	6	15
reverse	Q8ZCQ2	Q96BP3	DEG_APCC_DBOX_1	PF00400	ELM	2	521	530
reverse	Q8ZII0	Q9H7Q5	DEG_APCC_DBOX_1	PF00400	ELM	3	398	407
reverse	P17778	Q6UB98	DOC_ANK_TNKS_1	PF00023	ELM	1	46	54
reverse	Q7CFY4	P46531	DOC_ANK_TNKS_1	PF00023	ELM	1	754	762
reverse	Q8D1M6	Q9UM47	DOC_ANK_TNKS_1	PF00023	ELM	1	590	598
reverse	Q5NGC7	P53671	LIG_PDZ_Class_2	PF00595	ELM	1	551	557
reverse	Q5NGY2	O00560	LIG_PDZ_Class_2	PF00595	ELM	1	693	699
reverse	Q5NHE7	Q96QZ7	LIG_PDZ_Class_2	PF00595	ELM	1	799	805
reverse	Q5NIJ0	Q5T2W1	LIG_PDZ_Class_2	PF00595	ELM	1	483	489
reverse	Q81Z36	O00560	LIG_PDZ_Class_2	PF00595	ELM	1	241	247
reverse	A0A0F7R416	Q5HYK7	LIG_Pex14_1	PF00018	ELM	1	211	216
reverse	Q5NEB6	Q9NZM3	LIG_Pex14_1	PF00018	ELM	1	322	327
reverse	Q5NF31	Q6FGM0	LIG_Pex14_1	PF00018	ELM	1	47	52
reverse	Q5NF31	Q99961	LIG_Pex14_1	PF00018	ELM	1	47	52
reverse	Q5NGV7	O94875	LIG_Pex14_1	PF00018	ELM	3	85	90
reverse	Q5NGV7	Q6FGM0	LIG_Pex14_1	PF00018	ELM	3	85	90
reverse	Q5NGV7	Q99961	LIG_Pex14_1	PF00018	ELM	3	85	90
reverse	Q7CJG3	P07948	LIG_Pex14_1	PF00018	ELM	1	276	281
reverse	Q81VT8	P16333	LIG_Pex14_1	PF00018	ELM	1	689	694
reverse	Q81ZG1	Q13625	LIG_Pex14_1	PF00018	ELM	1	305	310
reverse	Q81ZG1	Q9NZM3	LIG_Pex14_1	PF00018	ELM	1	305	310
reverse	Q8D0R4	Q86UR1	LIG_Pex14_1	PF00018	ELM	1	252	257
reverse	B7UM99	P16333	LIG_SH2_STAT3	PF00017	ELM	1	346	350
reverse	B7UM99	P29350	LIG_SH2_STAT3	PF00017	ELM	1	346	350
reverse	O84760	Q06187	LIG_SH2_STAT3	PF00017	ELM	1	399	403
reverse	P80200	Q06124	LIG_SH2_STAT3	PF00017	ELM	1	336	340
reverse	Q5NEC0	P52630	LIG_SH2_STAT3	PF00017	ELM	1	985	989
reverse	Q5NEG0	P06239	LIG_SH2_STAT3	PF00017	ELM	1	248	252
reverse	Q5NET8	P40763	LIG_SH2_STAT3	PF00017	ELM	5	812	816
reverse	Q5NEU6	O15357	LIG_SH2_STAT3	PF00017	ELM	1	152	156
reverse	Q5NF75	P06239	LIG_SH2_STAT3	PF00017	ELM	1	333	337
reverse	Q5NGF9	P06239	LIG_SH2_STAT3	PF00017	ELM	2	163	167
reverse	Q5NGF9	P40763	LIG_SH2_STAT3	PF00017	ELM	2	163	167
reverse	Q5NIA8	P06241	LIG_SH2_STAT3	PF00017	ELM	1	139	143
reverse	Q5NIP5	P42226	LIG_SH2_STAT3	PF00017	ELM	1	229	233
reverse	Q5WMC9	P16333	LIG_SH2_STAT3	PF00017	ELM	1	346	350
reverse	Q7DB77	P29350	LIG_SH2_STAT3	PF00017	ELM	1	343	347
reverse	Q81NB9	P42226	LIG_SH2_STAT3	PF00017	ELM	1	422	426
reverse	Q81VT8	P16333	LIG_SH2_STAT3	PF00017	ELM	3	708	712
reverse	Q81WM8	P42226	LIG_SH2_STAT3	PF00017	ELM	1	280	284
reverse	Q8D192	P42224	LIG_SH2_STAT3	PF00017	ELM	1	441	445
reverse	Q8Z9R8	P42226	LIG_SH2_STAT3	PF00017	ELM	1	2	6
reverse	Q8ZDJ2	P29350	LIG_SH2_STAT3	PF00017	ELM	9	134	138
reverse	Q8ZDX8	P42226	LIG_SH2_STAT3	PF00017	ELM	2	23	27
reverse	Q9ZLT1	Q06124	LIG_SH2_STAT3	PF00017	ELM	1	340	344
reverse	P17778	P27986	LIG_TYR_ITIM	PF00017	ELM	2	132	138
reverse	Q5NEC0	P52630	LIG_TYR_ITIM	PF00017	ELM	1	879	885
reverse	Q5NET8	P40763	LIG_TYR_ITIM	PF00017	ELM	3	52	58
reverse	Q5NFR9	Q92835	LIG_TYR_ITIM	PF00017	ELM	1	110	116
reverse	Q5NI79	P07332	LIG_TYR_ITIM	PF00017	ELM	1	246	252
reverse	Q5NID2	P27986	LIG_TYR_ITIM	PF00017	ELM	1	652	658
reverse	Q7CJG3	P07948	LIG_TYR_ITIM	PF00017	ELM	1	278	284
reverse	Q7DB77	P29350	LIG_TYR_ITIM	PF00017	ELM	1	487	493
reverse	Q81K85	P27986	LIG_TYR_ITIM	PF00017	ELM	4	81	87
reverse	Q81NB9	P42226	LIG_TYR_ITIM	PF00017	ELM	1	268	274
reverse	Q81VT8	P16333	LIG_TYR_ITIM	PF00017	ELM	2	178	184
reverse	Q81WM8	P42226	LIG_TYR_ITIM	PF00017	ELM	1	296	302
reverse	Q8D014	P42226	LIG_TYR_ITIM	PF00017	ELM	2	75	81
reverse	Q8D192	P42224	LIG_TYR_ITIM	PF00017	ELM	1	646	652
reverse	Q8Z9R8	P42226	LIG_TYR_ITIM	PF00017	ELM	2	517	523
reverse	Q8ZA97	P42224	LIG_TYR_ITIM	PF00017	ELM	1	312	318
reverse	Q8ZDJ2	P29350	LIG_TYR_ITIM	PF00017	ELM	1	563	569
reverse	Q8ZH69	Q13588	LIG_TYR_ITIM	PF00017	ELM	1	221	227
reverse	Q8ZJB3	P42226	LIG_TYR_ITIM	PF00017	ELM	2	30	36
reverse	Q51451	D0PNI1	3DID_14-3-3_LIG_8-6	PF00244	3did	1	136	140
reverse	Q51451	P27348	3DID_14-3-3_LIG_8-6	PF00244	3did	1	136	140
reverse	Q51451	P31946	3DID_14-3-3_LIG_8-6	PF00244	3did	1	136	140
reverse	Q51451	P31947	3DID_14-3-3_LIG_8-6	PF00244	3did	1	136	140
reverse	Q51451	P61981	3DID_14-3-3_LIG_8-6	PF00244	3did	1	136	140
reverse	Q51451	P62258	3DID_14-3-3_LIG_8-6	PF00244	3did	1	136	140
reverse	Q51451	P63104	3DID_14-3-3_LIG_8-6	PF00244	3did	1	136	140
reverse	Q51451	Q04917	3DID_14-3-3_LIG_8-6	PF00244	3did	1	136	140
reverse	Q8ZG99	D0PNI1	3DID_14-3-3_LIG_8-6	PF00244	3did	1	799	803
reverse	Q8ZG99	P62258	3DID_14-3-3_LIG_8-6	PF00244	3did	1	799	803
reverse	Q8ZG99	P63104	3DID_14-3-3_LIG_8-6	PF00244	3did	1	799	803
reverse	Q933J5	D0PNI1	3DID_14-3-3_LIG_8-6	PF00244	3did	1	136	140
reverse	Q933J5	P63104	3DID_14-3-3_LIG_8-6	PF00244	3did	1	136	140
reverse	Q81MA4	P63261	3DID_Actin_LIG_27-0	PF00022	3did	1	481	485
reverse	Q5NEC0	P63261	3DID_Actin_LIG_4-1	PF00022	3did	1	444	450
reverse	Q81P26	P62736	3DID_Actin_LIG_4-1	PF00022	3did	1	206	212
reverse	Q8ZHF1	P62736	3DID_Actin_LIG_4-1	PF00022	3did	1	258	264
reverse	Q5NEC0	P63261	3DID_Actin_LIG_4-15	PF00022	3did	2	175	180
reverse	Q81P26	P62736	3DID_Actin_LIG_4-15	PF00022	3did	1	206	211
reverse	Q8ZHF1	P62736	3DID_Actin_LIG_4-15	PF00022	3did	2	39	44
reverse	Q5NEC0	Q9UKK3	3DID_BRCT_LIG_2-12	PF00533	3did	1	376	380
reverse	Q81X78	Q9Y5B0	3DID_BRCT_LIG_2-12	PF00533	3did	1	244	248
reverse	Q8CZH4	Q9UKK3	3DID_BRCT_LIG_2-12	PF00533	3did	1	379	383
reverse	Q0WBF9	Q13342	3DID_Bromodomain_LIG_2-5	PF00439	3did	1	641	645
reverse	Q6KNA9	Q09472	3DID_Bromodomain_LIG_2-5	PF00439	3did	1	148	153
reverse	Q81TW1	P55201	3DID_Bromodomain_LIG_2-5	PF00439	3did	1	35	39
reverse	Q0WBF9	Q13342	3DID_Bromodomain_LIG_2-6	PF00439	3did	1	569	572
reverse	Q5NHX9	Q15326	3DID_Bromodomain_LIG_2-6	PF00439	3did	1	68	71
reverse	Q81X75	P21675	3DID_Bromodomain_LIG_2-6	PF00439	3did	1	178	181
reverse	Q0WBF9	Q13342	3DID_Bromodomain_LIG_2-64	PF00439	3did	1	569	573
reverse	Q6KNA9	Q09472	3DID_Bromodomain_LIG_2-64	PF00439	3did	1	688	693
reverse	Q81TW1	P55201	3DID_Bromodomain_LIG_2-64	PF00439	3did	1	468	473
reverse	Q0WBF9	Q13342	3DID_Bromodomain_LIG_2-74	PF00439	3did	1	626	631
reverse	Q81TW1	P55201	3DID_Bromodomain_LIG_2-74	PF00439	3did	1	459	464
reverse	Q81X75	P21675	3DID_Bromodomain_LIG_2-74	PF00439	3did	1	84	89
reverse	Q0WBF9	Q13342	3DID_Bromodomain_LIG_2-81	PF00439	3did	1	626	631
reverse	Q6KNA9	Q09472	3DID_Bromodomain_LIG_2-81	PF00439	3did	1	730	736
reverse	Q81TW1	P55201	3DID_Bromodomain_LIG_2-81	PF00439	3did	1	459	464
reverse	Q0WBF9	Q13342	3DID_Bromodomain_LIG_6-17	PF00439	3did	3	45	51
reverse	Q5NEC8	Q9ULD4	3DID_Bromodomain_LIG_6-17	PF00439	3did	2	308	314
reverse	Q81TW1	P55201	3DID_Bromodomain_LIG_6-17	PF00439	3did	2	459	463
reverse	Q81X75	P21675	3DID_Bromodomain_LIG_6-17	PF00439	3did	2	84	89
reverse	Q8CZQ3	Q13342	3DID_Bromodomain_LIG_6-17	PF00439	3did	1	387	391
reverse	Q0WBF9	Q13342	3DID_Bromodomain_LIG_6-58	PF00439	3did	2	525	530
reverse	Q5NHX9	Q15326	3DID_Bromodomain_LIG_6-58	PF00439	3did	2	5	10
reverse	Q6KNA9	Q09472	3DID_Bromodomain_LIG_6-58	PF00439	3did	1	750	755
reverse	Q81TW1	P55201	3DID_Bromodomain_LIG_6-58	PF00439	3did	2	459	464
reverse	Q81VV7	Q9NPI1	3DID_Bromodomain_LIG_6-58	PF00439	3did	1	336	341
reverse	Q81X75	P21675	3DID_Bromodomain_LIG_6-58	PF00439	3did	1	84	89
reverse	Q8VSC3	Q9Y6K9	3DID_CC2-LZ_LIG_0-4	PF16516	3did	1	251	255
reverse	P40127	Q14094	3DID_Cyclin_N_LIG_4-0	PF00134	3did	1	605	610
reverse	P0DKX7	B4DJ51	3DID_EF-hand_7_LIG_5-14	PF13499	3did	1	128	136
reverse	P40136	B4DJ51	3DID_EF-hand_7_LIG_5-14	PF13499	3did	1	307	315
reverse	P40136	Q9BRL5	3DID_EF-hand_7_LIG_5-14	PF13499	3did	1	307	315
reverse	Q5NFV6	P30626	3DID_EF-hand_7_LIG_5-14	PF13499	3did	1	67	75
reverse	Q5NHQ1	Q99828	3DID_EF-hand_7_LIG_5-14	PF13499	3did	1	590	598
reverse	Q74RZ6	Q99828	3DID_EF-hand_7_LIG_5-14	PF13499	3did	1	512	520
reverse	Q8CZP1	O75340	3DID_EF-hand_7_LIG_5-14	PF13499	3did	1	232	240
reverse	Q8ZE38	P24844	3DID_EF-hand_7_LIG_5-14	PF13499	3did	2	21	29
reverse	Q5NEC0	Q96QZ7	3DID_Guanylate_kin_LIG_4-2	PF00625	3did	1	1267	1275
reverse	Q5NHE7	Q96QZ7	3DID_Guanylate_kin_LIG_4-2	PF00625	3did	1	1	9
reverse	Q8CKN6	Q08289	3DID_Guanylate_kin_LIG_4-2	PF00625	3did	1	615	623
reverse	Q5NEC0	Q96QZ7	3DID_Guanylate_kin_LIG_5-1	PF00625	3did	2	624	632
reverse	Q5NHE7	Q96QZ7	3DID_Guanylate_kin_LIG_5-1	PF00625	3did	4	7	15
reverse	Q8CKN6	Q08289	3DID_Guanylate_kin_LIG_5-1	PF00625	3did	1	179	187
reverse	Q5NGC7	Q6FI13	3DID_Histone_LIG_10-5	PF00125	3did	2	94	98
reverse	Q5NI66	B2R4P9	3DID_Histone_LIG_10-5	PF00125	3did	1	369	373
reverse	Q5NI66	P84243	3DID_Histone_LIG_10-5	PF00125	3did	1	369	373
reverse	O68759	O00560	3DID_PDZ_LIG_4-11	PF00595	3did	1	165	168
reverse	Q5NEN3	Q8TF65	3DID_PDZ_LIG_4-11	PF00595	3did	1	212	215
reverse	Q5NF75	O00560	3DID_PDZ_LIG_4-11	PF00595	3did	1	113	116
reverse	Q5NF75	Q92997	3DID_PDZ_LIG_4-11	PF00595	3did	1	113	116
reverse	Q5NFX6	Q5T2W1	3DID_PDZ_LIG_4-11	PF00595	3did	1	642	645
reverse	Q5NGR3	Q02410	3DID_PDZ_LIG_4-11	PF00595	3did	1	261	264
reverse	Q5NH18	Q5T2W1	3DID_PDZ_LIG_4-11	PF00595	3did	1	25	28
reverse	Q5NHD8	O14907	3DID_PDZ_LIG_4-11	PF00595	3did	1	268	271
reverse	Q5NI92	Q8TF65	3DID_PDZ_LIG_4-11	PF00595	3did	1	248	251
reverse	Q5NID9	Q96RT1	3DID_PDZ_LIG_4-11	PF00595	3did	1	330	333
reverse	Q8CZH6	Q15599	3DID_PDZ_LIG_4-11	PF00595	3did	1	138	141
reverse	Q8Z9V7	O14907	3DID_PDZ_LIG_4-11	PF00595	3did	1	422	425
reverse	Q8ZGY3	O00560	3DID_PDZ_LIG_4-11	PF00595	3did	1	370	373
reverse	Q9X6B7	Q9HD26	3DID_PDZ_LIG_4-11	PF00595	3did	1	18	21
reverse	B7UM99	O75716	3DID_Pkinase_LIG_7-0	PF00069	3did	1	432	440
reverse	D0ZVG2	Q16512	3DID_Pkinase_LIG_7-0	PF00069	3did	1	580	588
reverse	P04949	O43187	3DID_Pkinase_LIG_7-0	PF00069	3did	1	347	355
reverse	P04949	P51617	3DID_Pkinase_LIG_7-0	PF00069	3did	1	347	355
reverse	P04949	Q13233	3DID_Pkinase_LIG_7-0	PF00069	3did	1	347	355
reverse	P0A2M9	P28482	3DID_Pkinase_LIG_7-0	PF00069	3did	1	59	67
reverse	P15917	P46734	3DID_Pkinase_LIG_7-0	PF00069	3did	1	426	434
reverse	P30690	O43187	3DID_Pkinase_LIG_7-0	PF00069	3did	1	166	174
reverse	P30690	P51617	3DID_Pkinase_LIG_7-0	PF00069	3did	1	166	174
reverse	P30690	Q13233	3DID_Pkinase_LIG_7-0	PF00069	3did	1	166	174
reverse	Q81VT3	Q92918	3DID_Pkinase_LIG_7-0	PF00069	3did	2	419	427
reverse	Q8CWG4	P24723	3DID_Pkinase_LIG_7-0	PF00069	3did	3	48	56
reverse	Q8D017	O15111	3DID_Pkinase_LIG_7-0	PF00069	3did	1	376	384
reverse	Q8ZAA1	Q13523	3DID_Pkinase_LIG_7-0	PF00069	3did	1	158	166
reverse	Q8ZBN6	Q6ZN16	3DID_Pkinase_LIG_7-0	PF00069	3did	1	417	425
reverse	B7UM99	P16333	3DID_SH2_LIG_4-6	PF00017	3did	1	473	477
reverse	B7UM99	P29350	3DID_SH2_LIG_4-6	PF00017	3did	1	473	477
reverse	P30690	Q06187	3DID_SH2_LIG_4-6	PF00017	3did	1	284	288
reverse	P80200	Q06124	3DID_SH2_LIG_4-6	PF00017	3did	1	603	607
reverse	Q5NEC0	P52630	3DID_SH2_LIG_4-6	PF00017	3did	1	753	757
reverse	Q5NET8	P40763	3DID_SH2_LIG_4-6	PF00017	3did	1	668	672
reverse	Q5NEU6	O15357	3DID_SH2_LIG_4-6	PF00017	3did	1	50	54
reverse	Q5NI79	P07332	3DID_SH2_LIG_4-6	PF00017	3did	1	150	154
reverse	Q5NIA8	P06241	3DID_SH2_LIG_4-6	PF00017	3did	1	65	69
reverse	Q5NIP5	P42226	3DID_SH2_LIG_4-6	PF00017	3did	1	326	330
reverse	Q5WMC9	P16333	3DID_SH2_LIG_4-6	PF00017	3did	1	473	477
reverse	Q74R28	P42226	3DID_SH2_LIG_4-6	PF00017	3did	1	12	16
reverse	Q7CJG3	P07948	3DID_SH2_LIG_4-6	PF00017	3did	1	280	284
reverse	Q81K85	P27986	3DID_SH2_LIG_4-6	PF00017	3did	1	176	180
reverse	Q81VT8	P16333	3DID_SH2_LIG_4-6	PF00017	3did	1	236	240
reverse	Q81X78	P40763	3DID_SH2_LIG_4-6	PF00017	3did	1	274	278
reverse	Q8D014	P42226	3DID_SH2_LIG_4-6	PF00017	3did	1	172	176
reverse	Q8ZDJ2	P29350	3DID_SH2_LIG_4-6	PF00017	3did	2	969	973
reverse	Q8ZH69	Q13588	3DID_SH2_LIG_4-6	PF00017	3did	1	82	86
reverse	Q8ZHI8	P42226	3DID_SH2_LIG_4-6	PF00017	3did	1	561	565
reverse	Q8ZJB3	P42226	3DID_SH2_LIG_4-6	PF00017	3did	1	531	535
reverse	Q9ZLT1	Q06124	3DID_SH2_LIG_4-6	PF00017	3did	1	607	611
reverse	Q8ZDJ2	P29350	3DID_SH2_LIG_4-7	PF00017	3did	1	1106	1110
reverse	Q8ZHI8	P42226	3DID_SH2_LIG_4-7	PF00017	3did	1	573	577
reverse	D0ZVG2	P61077	3DID_UQ_con_LIG_4-2	PF00179	3did	1	353	358
reverse	Q5NEB5	O75886	3DID_VHS_LIG_0-12	PF00790	3did	1	159	163
reverse	Q81TT4	O75886	3DID_VHS_LIG_0-12	PF00790	3did	2	136	140
reverse	Q8ZGA1	O14964	3DID_VHS_LIG_0-12	PF00790	3did	2	204	208
reverse	A0A0H3NF38	O43684	3DID_WD40_LIG_19-1	PF00400	3did	1	668	672
reverse	Q0WBF9	O43660	3DID_WD40_LIG_19-1	PF00400	3did	1	566	570
reverse	Q5NFV6	Q8N0X2	3DID_WD40_LIG_19-1	PF00400	3did	1	233	237
reverse	Q5NGE6	O43815	3DID_WD40_LIG_19-1	PF00400	3did	1	611	615
reverse	Q5NHX0	E9KL35	3DID_WD40_LIG_19-1	PF00400	3did	2	584	588
reverse	Q5NHX0	P63244	3DID_WD40_LIG_19-1	PF00400	3did	2	584	588
reverse	Q5NID9	P31146	3DID_WD40_LIG_19-1	PF00400	3did	1	216	220
reverse	Q6KNA9	Q6ZMY6	3DID_WD40_LIG_19-1	PF00400	3did	1	663	667
reverse	Q7CIZ3	Q15751	3DID_WD40_LIG_19-1	PF00400	3did	1	45	49
reverse	Q7CJF3	Q9C0C7	3DID_WD40_LIG_19-1	PF00400	3did	1	449	453
reverse	Q81VT8	Q9C0C7	3DID_WD40_LIG_19-1	PF00400	3did	2	997	1001
reverse	Q81WA0	Q92828	3DID_WD40_LIG_19-1	PF00400	3did	1	198	202
reverse	Q8ZCQ2	Q96BP3	3DID_WD40_LIG_19-1	PF00400	3did	1	1098	1102
reverse	Q8ZGX4	Q969X6	3DID_WD40_LIG_19-1	PF00400	3did	1	32	36
reverse	A0A0H3NF38	O43684	3DID_WD40_LIG_6-0	PF00400	3did	1	668	672
reverse	Q0WBF9	O43660	3DID_WD40_LIG_6-0	PF00400	3did	1	566	570
reverse	Q5NFV6	Q8N0X2	3DID_WD40_LIG_6-0	PF00400	3did	1	233	237
reverse	Q5NGE6	O43815	3DID_WD40_LIG_6-0	PF00400	3did	1	611	615
reverse	Q5NHX0	E9KL35	3DID_WD40_LIG_6-0	PF00400	3did	2	584	588
reverse	Q5NHX0	P63244	3DID_WD40_LIG_6-0	PF00400	3did	2	584	588
reverse	Q5NID9	P31146	3DID_WD40_LIG_6-0	PF00400	3did	1	216	220
reverse	Q6KNA9	Q6ZMY6	3DID_WD40_LIG_6-0	PF00400	3did	1	663	667
reverse	Q7CIZ3	Q15751	3DID_WD40_LIG_6-0	PF00400	3did	1	45	49
reverse	Q7CJF3	Q9C0C7	3DID_WD40_LIG_6-0	PF00400	3did	1	449	453
reverse	Q81VT8	Q9C0C7	3DID_WD40_LIG_6-0	PF00400	3did	2	997	1001
reverse	Q81WA0	Q92828	3DID_WD40_LIG_6-0	PF00400	3did	1	198	202
reverse	Q8ZCQ2	Q96BP3	3DID_WD40_LIG_6-0	PF00400	3did	1	1098	1102
reverse	Q8ZGX4	Q969X6	3DID_WD40_LIG_6-0	PF00400	3did	1	32	36
reverse	Q8D0N9	P18433	3DID_Y_phosphatase_LIG_0-18	PF00102	3did	1	188	193
reverse	Q8ZHG8	P24863	DOC_CYCLIN_yCln2_LP_2	PF00134	ELM	1	122	129
reverse	Q74RZ6	Q99828	DOC_PP2B_LxvP_1	PF13499	ELM	1	681	685
reverse	Q8Z9V7	P37235	DOC_PP2B_LxvP_1	PF13499	ELM	2	242	246
reverse	Q8ZI65	O75340	DOC_PP2B_LxvP_1	PF13499	ELM	1	197	201
reverse	Q51451	D0PNI1	3DID_14-3-3_LIG_10-0	PF00244	3did	2	425	428
reverse	Q51451	P27348	3DID_14-3-3_LIG_10-0	PF00244	3did	2	425	428
reverse	Q51451	P31946	3DID_14-3-3_LIG_10-0	PF00244	3did	2	425	428
reverse	Q51451	P31947	3DID_14-3-3_LIG_10-0	PF00244	3did	2	425	428
reverse	Q51451	P61981	3DID_14-3-3_LIG_10-0	PF00244	3did	2	425	428
reverse	Q51451	P62258	3DID_14-3-3_LIG_10-0	PF00244	3did	2	425	428
reverse	Q51451	P63104	3DID_14-3-3_LIG_10-0	PF00244	3did	2	425	428
reverse	Q51451	Q04917	3DID_14-3-3_LIG_10-0	PF00244	3did	2	425	428
reverse	Q933J5	D0PNI1	3DID_14-3-3_LIG_10-0	PF00244	3did	2	425	428
reverse	Q933J5	P63104	3DID_14-3-3_LIG_10-0	PF00244	3did	2	425	428
reverse	Q5NEC0	Q9Y4W6	3DID_AAA_lid_3_LIG_2-0	PF17862	3did	1	631	634
reverse	Q8XA11	P62191	3DID_AAA_lid_3_LIG_2-0	PF17862	3did	1	27	30
reverse	Q9K5J7	P62195	3DID_AAA_lid_3_LIG_2-0	PF17862	3did	1	75	78
reverse	A0A0F7R9M2	P19838	3DID_Ank_2_LIG_4-19	PF12796	3did	1	64	72
reverse	A0A0F7RKT3	P19838	3DID_Ank_2_LIG_4-19	PF12796	3did	1	142	150
reverse	O68769	P19838	3DID_Ank_2_LIG_4-19	PF12796	3did	1	87	95
reverse	Q0WAP0	Q9P0K7	3DID_Ank_2_LIG_4-19	PF12796	3did	2	3	11
reverse	Q5NFN3	Q6UB99	3DID_Ank_2_LIG_4-19	PF12796	3did	1	429	437
reverse	Q5NGE6	P19838	3DID_Ank_2_LIG_4-19	PF12796	3did	1	365	373
reverse	Q5NGE6	Q6UB99	3DID_Ank_2_LIG_4-19	PF12796	3did	1	365	373
reverse	Q5NIQ1	P19838	3DID_Ank_2_LIG_4-19	PF12796	3did	1	1	9
reverse	Q7CGB6	P19838	3DID_Ank_2_LIG_4-19	PF12796	3did	1	417	425
reverse	Q81L30	Q8N283	3DID_Ank_2_LIG_4-19	PF12796	3did	1	296	304
reverse	Q81LC7	P19838	3DID_Ank_2_LIG_4-19	PF12796	3did	1	250	258
reverse	Q81LC7	Q9P2D0	3DID_Ank_2_LIG_4-19	PF12796	3did	1	250	258
reverse	Q81LI7	Q5JPF3	3DID_Ank_2_LIG_4-19	PF12796	3did	3	112	120
reverse	Q81TW1	Q8N283	3DID_Ank_2_LIG_4-19	PF12796	3did	1	295	303
reverse	Q81UM1	P19838	3DID_Ank_2_LIG_4-19	PF12796	3did	1	262	270
reverse	Q81XT3	P19838	3DID_Ank_2_LIG_4-19	PF12796	3did	1	256	264
reverse	Q8D007	P19838	3DID_Ank_2_LIG_4-19	PF12796	3did	1	204	212
reverse	Q8D0V3	P19838	3DID_Ank_2_LIG_4-19	PF12796	3did	1	342	350
reverse	Q8D1H3	P19838	3DID_Ank_2_LIG_4-19	PF12796	3did	4	825	833
reverse	Q8ZBN2	Q9Y575	3DID_Ank_2_LIG_4-19	PF12796	3did	1	93	101
reverse	Q8ZEL2	P19838	3DID_Ank_2_LIG_4-19	PF12796	3did	1	53	61
reverse	Q8ZGJ9	P19838	3DID_Ank_2_LIG_4-19	PF12796	3did	2	69	77
reverse	Q8ZII0	P19838	3DID_Ank_2_LIG_4-19	PF12796	3did	1	727	735
reverse	Q8ZIM0	P19838	3DID_Ank_2_LIG_4-19	PF12796	3did	2	271	279
reverse	Q8ZJJ7	P46531	3DID_Ank_2_LIG_4-19	PF12796	3did	1	151	159
reverse	P0DKX7	B4DJ51	3DID_EF-hand_7_LIG_5-11	PF13499	3did	3	257	265
reverse	Q5NFP9	Q13952	3DID_Histone_LIG_9-37	PF00125	3did	1	417	422
reverse	Q5NGW2	B2R4P9	3DID_Histone_LIG_9-37	PF00125	3did	1	303	307
reverse	Q5NGW2	P84243	3DID_Histone_LIG_9-37	PF00125	3did	1	303	307
reverse	Q5NEB4	Q92614	3DID_PDZ_LIG_0-0	PF00595	3did	1	162	166
reverse	Q5NEY1	O14641	3DID_PDZ_LIG_0-0	PF00595	3did	1	73	77
reverse	Q5NHD9	O14641	3DID_PDZ_LIG_0-0	PF00595	3did	1	247	251
reverse	Q81VT8	Q96SB3	3DID_PDZ_LIG_0-0	PF00595	3did	1	291	295
reverse	Q8CLE6	Q9P2F8	3DID_PDZ_LIG_0-0	PF00595	3did	2	14	18
reverse	Q8CZW9	O14907	3DID_PDZ_LIG_0-0	PF00595	3did	1	155	159
reverse	Q8XAJ5	Q12959	3DID_PDZ_LIG_0-0	PF00595	3did	1	437	441
reverse	Q8ZDF8	O00560	3DID_PDZ_LIG_0-0	PF00595	3did	1	10	14
reverse	Q8ZJ10	O14908	3DID_PDZ_LIG_0-0	PF00595	3did	1	95	99
reverse	P58526	O00560	3DID_PDZ_LIG_0-52	PF00595	3did	1	189	195
reverse	P68587	P49796	3DID_PDZ_LIG_0-52	PF00595	3did	1	251	257
reverse	Q5NEC0	Q96QZ7	3DID_PDZ_LIG_0-52	PF00595	3did	1	969	975
reverse	Q5NEC0	Q9NR12	3DID_PDZ_LIG_0-52	PF00595	3did	1	969	975
reverse	Q5NEL1	O14908	3DID_PDZ_LIG_0-52	PF00595	3did	1	62	68
reverse	Q5NFA1	O00560	3DID_PDZ_LIG_0-52	PF00595	3did	2	3	9
reverse	Q5NGC7	P53671	3DID_PDZ_LIG_0-52	PF00595	3did	1	240	246
reverse	Q5NGR8	Q96SB3	3DID_PDZ_LIG_0-52	PF00595	3did	1	150	156
reverse	Q5NGY2	O00560	3DID_PDZ_LIG_0-52	PF00595	3did	1	365	371
reverse	Q5NHE7	Q96QZ7	3DID_PDZ_LIG_0-52	PF00595	3did	1	8	14
reverse	Q5NHG8	Q76G19	3DID_PDZ_LIG_0-52	PF00595	3did	1	419	425
reverse	Q5NIH2	P49796	3DID_PDZ_LIG_0-52	PF00595	3did	1	196	202
reverse	Q81NT0	Q14005	3DID_PDZ_LIG_0-52	PF00595	3did	1	157	163
reverse	Q81Z36	O00560	3DID_PDZ_LIG_0-52	PF00595	3did	1	4	10
reverse	Q8CZW9	O14907	3DID_PDZ_LIG_0-52	PF00595	3did	1	234	240
reverse	Q8ZBM5	Q8TEW8	3DID_PDZ_LIG_0-52	PF00595	3did	1	25	31
reverse	Q8ZDF8	O00560	3DID_PDZ_LIG_0-52	PF00595	3did	2	472	478
reverse	Q8ZJ10	O14908	3DID_PDZ_LIG_0-52	PF00595	3did	1	253	259
reverse	Q5NEB4	Q92614	3DID_PDZ_LIG_4-14	PF00595	3did	1	162	166
reverse	Q5NEY1	O14641	3DID_PDZ_LIG_4-14	PF00595	3did	1	73	77
reverse	Q5NHD9	O14641	3DID_PDZ_LIG_4-14	PF00595	3did	1	247	251
reverse	Q81VT8	Q96SB3	3DID_PDZ_LIG_4-14	PF00595	3did	1	291	295
reverse	Q8CLE6	Q9P2F8	3DID_PDZ_LIG_4-14	PF00595	3did	2	14	18
reverse	Q8CZW9	O14907	3DID_PDZ_LIG_4-14	PF00595	3did	1	155	159
reverse	Q8XAJ5	Q12959	3DID_PDZ_LIG_4-14	PF00595	3did	1	437	441
reverse	Q8ZDF8	O00560	3DID_PDZ_LIG_4-14	PF00595	3did	1	10	14
reverse	Q8ZJ10	O14908	3DID_PDZ_LIG_4-14	PF00595	3did	1	95	99
reverse	Q5NEB4	Q92614	3DID_PDZ_LIG_8-0	PF00595	3did	1	162	166
reverse	Q5NEG0	O75970	3DID_PDZ_LIG_8-0	PF00595	3did	1	276	280
reverse	Q5NEY1	O14641	3DID_PDZ_LIG_8-0	PF00595	3did	2	73	77
reverse	Q5NFN2	O14907	3DID_PDZ_LIG_8-0	PF00595	3did	1	179	183
reverse	Q5NFX6	Q5T2W1	3DID_PDZ_LIG_8-0	PF00595	3did	1	638	642
reverse	Q5NHD9	O14641	3DID_PDZ_LIG_8-0	PF00595	3did	1	247	251
reverse	Q5NHE7	Q96QZ7	3DID_PDZ_LIG_8-0	PF00595	3did	1	545	549
reverse	Q5NHS6	O75970	3DID_PDZ_LIG_8-0	PF00595	3did	1	233	237
reverse	Q5NIJ0	Q5T2W1	3DID_PDZ_LIG_8-0	PF00595	3did	1	165	169
reverse	Q81KT8	O00560	3DID_PDZ_LIG_8-0	PF00595	3did	1	333	337
reverse	Q81VT8	Q96SB3	3DID_PDZ_LIG_8-0	PF00595	3did	2	291	295
reverse	Q8CLE6	Q9P2F8	3DID_PDZ_LIG_8-0	PF00595	3did	2	14	18
reverse	Q8CZH6	Q15599	3DID_PDZ_LIG_8-0	PF00595	3did	1	3	7
reverse	Q8CZW9	O14907	3DID_PDZ_LIG_8-0	PF00595	3did	1	155	159
reverse	Q8XAJ5	Q12959	3DID_PDZ_LIG_8-0	PF00595	3did	2	227	231
reverse	Q8ZAN0	Q9NR12	3DID_PDZ_LIG_8-0	PF00595	3did	1	138	142
reverse	Q8ZBM5	Q8TEW8	3DID_PDZ_LIG_8-0	PF00595	3did	2	166	170
reverse	Q8ZDF8	O00560	3DID_PDZ_LIG_8-0	PF00595	3did	1	10	14
reverse	Q8ZJ10	O14908	3DID_PDZ_LIG_8-0	PF00595	3did	1	95	99
reverse	Q81TW1	P55201	3DID_PWWP_LIG_0-42	PF00855	3did	1	471	475
reverse	O52162	P45985	3DID_Pkinase_LIG_11-18	PF00069	3did	1	275	280
reverse	P15917	P46734	3DID_Pkinase_LIG_11-18	PF00069	3did	1	87	92
reverse	P30690	O43187	3DID_Pkinase_LIG_11-18	PF00069	3did	1	297	302
reverse	P30690	P51617	3DID_Pkinase_LIG_11-18	PF00069	3did	1	297	302
reverse	P30690	Q13233	3DID_Pkinase_LIG_11-18	PF00069	3did	1	297	302
reverse	P55980	Q7KZI7	3DID_Pkinase_LIG_11-18	PF00069	3did	5	222	227
reverse	P69986	Q9UHD2	3DID_Pkinase_LIG_11-18	PF00069	3did	1	128	133
reverse	Q5NES5	Q16512	3DID_Pkinase_LIG_11-18	PF00069	3did	1	373	378
reverse	Q5NES5	Q16539	3DID_Pkinase_LIG_11-18	PF00069	3did	1	373	378
reverse	Q5NGA0	Q96KG9	3DID_Pkinase_LIG_11-18	PF00069	3did	1	434	439
reverse	Q5NGV3	P27448	3DID_Pkinase_LIG_11-18	PF00069	3did	1	4	9
reverse	Q5NGV7	Q92918	3DID_Pkinase_LIG_11-18	PF00069	3did	1	339	344
reverse	Q5NHK6	P27448	3DID_Pkinase_LIG_11-18	PF00069	3did	1	116	121
reverse	Q5NID1	Q9H4A3	3DID_Pkinase_LIG_11-18	PF00069	3did	5	210	215
reverse	Q5NID2	Q9H2G2	3DID_Pkinase_LIG_11-18	PF00069	3did	4	201	206
reverse	Q5NIP5	Q96BR1	3DID_Pkinase_LIG_11-18	PF00069	3did	1	385	390
reverse	Q81KT8	P49759	3DID_Pkinase_LIG_11-18	PF00069	3did	1	93	98
reverse	Q81KV7	O75385	3DID_Pkinase_LIG_11-18	PF00069	3did	1	396	401
reverse	Q81LB8	P27448	3DID_Pkinase_LIG_11-18	PF00069	3did	1	279	284
reverse	Q81LC5	Q15831	3DID_Pkinase_LIG_11-18	PF00069	3did	3	69	74
reverse	Q81VT8	P17612	3DID_Pkinase_LIG_11-18	PF00069	3did	4	13	18
reverse	Q81VT8	P27448	3DID_Pkinase_LIG_11-18	PF00069	3did	4	13	18
reverse	Q81X77	Q16512	3DID_Pkinase_LIG_11-18	PF00069	3did	1	1	6
reverse	Q81XT3	Q9NRH2	3DID_Pkinase_LIG_11-18	PF00069	3did	1	89	94
reverse	Q8CZQ9	Q15746	3DID_Pkinase_LIG_11-18	PF00069	3did	1	46	51
reverse	Q8D194	O75385	3DID_Pkinase_LIG_11-18	PF00069	3did	2	147	152
reverse	Q8D1K1	Q96KG9	3DID_Pkinase_LIG_11-18	PF00069	3did	2	148	153
reverse	Q8XC86	O75716	3DID_Pkinase_LIG_11-18	PF00069	3did	1	91	96
reverse	Q8ZAA1	Q13523	3DID_Pkinase_LIG_11-18	PF00069	3did	1	270	275
reverse	Q8ZBC2	Q16539	3DID_Pkinase_LIG_11-18	PF00069	3did	6	63	68
reverse	Q8ZC51	Q9BXM7	3DID_Pkinase_LIG_11-18	PF00069	3did	2	265	270
reverse	Q8ZDX4	Q9BQI3	3DID_Pkinase_LIG_11-18	PF00069	3did	1	279	284
reverse	Q8ZDX8	Q9BXM7	3DID_Pkinase_LIG_11-18	PF00069	3did	2	136	141
reverse	Q8ZIG9	Q9BUD9	3DID_Pkinase_LIG_11-18	PF00069	3did	1	183	188
reverse	Q8ZJG9	Q6P3W7	3DID_Pkinase_LIG_11-18	PF00069	3did	1	425	430
reverse	Q9X6B0	Q96KG9	3DID_Pkinase_LIG_11-18	PF00069	3did	1	147	152
reverse	B7UM99	O75716	3DID_Pkinase_LIG_7-3	PF00069	3did	1	405	413
reverse	D0ZVG2	Q16512	3DID_Pkinase_LIG_7-3	PF00069	3did	1	353	361
reverse	P04949	O43187	3DID_Pkinase_LIG_7-3	PF00069	3did	3	75	83
reverse	P04949	P51617	3DID_Pkinase_LIG_7-3	PF00069	3did	3	75	83
reverse	P04949	Q13233	3DID_Pkinase_LIG_7-3	PF00069	3did	3	75	83
reverse	P58543	Q9H422	3DID_Pkinase_LIG_7-3	PF00069	3did	1	412	420
reverse	Q7ARN5	Q9NYY3	3DID_Pkinase_LIG_7-3	PF00069	3did	1	87	95
reverse	Q8D017	O15111	3DID_Pkinase_LIG_7-3	PF00069	3did	1	268	276
reverse	Q8D0H6	Q9H2X6	3DID_Pkinase_LIG_7-3	PF00069	3did	2	308	316
reverse	Q8D194	O75385	3DID_Pkinase_LIG_7-3	PF00069	3did	1	72	80
reverse	Q8ZAA1	Q13523	3DID_Pkinase_LIG_7-3	PF00069	3did	2	181	189
reverse	Q8ZBN6	Q6ZN16	3DID_Pkinase_LIG_7-3	PF00069	3did	2	21	29
reverse	Q8ZHZ4	Q9H792	3DID_Pkinase_LIG_7-3	PF00069	3did	1	248	256
reverse	Q8ZIY3	P35626	3DID_Pkinase_LIG_7-3	PF00069	3did	1	193	201
reverse	Q8ZJP8	Q9H422	3DID_Pkinase_LIG_7-3	PF00069	3did	1	119	127
reverse	Q5NIP5	P25789	3DID_Proteasome_A_N_LIG_2-1	PF10584	3did	1	374	378
reverse	Q5NEA3	P51991	3DID_RRM_1_LIG_3-0	PF00076	3did	1	422	430
reverse	Q5NEC0	O75821	3DID_RRM_1_LIG_3-0	PF00076	3did	1	1173	1181
reverse	Q5NER5	Q4G0J3	3DID_RRM_1_LIG_3-0	PF00076	3did	1	204	212
reverse	Q5NF74	Q4G0J3	3DID_RRM_1_LIG_3-0	PF00076	3did	1	252	260
reverse	Q5NFN3	P51991	3DID_RRM_1_LIG_3-0	PF00076	3did	1	174	182
reverse	Q5NHE7	P23588	3DID_RRM_1_LIG_3-0	PF00076	3did	1	766	774
reverse	Q5NHL7	O43390	3DID_RRM_1_LIG_3-0	PF00076	3did	1	211	219
reverse	Q5NHY6	Q9UHX1	3DID_RRM_1_LIG_3-0	PF00076	3did	1	47	55
reverse	Q5NI79	O43251	3DID_RRM_1_LIG_3-0	PF00076	3did	1	282	290
reverse	Q5NI79	P22626	3DID_RRM_1_LIG_3-0	PF00076	3did	1	282	290
reverse	Q5NI93	Q16630	3DID_RRM_1_LIG_3-0	PF00076	3did	1	176	184
reverse	Q7CL81	Q13243	3DID_RRM_1_LIG_3-0	PF00076	3did	1	382	390
reverse	Q81W27	Q9P2N5	3DID_RRM_1_LIG_3-0	PF00076	3did	1	241	249
reverse	Q81X31	P09651	3DID_RRM_1_LIG_3-0	PF00076	3did	1	30	38
reverse	Q8D050	Q9UHX1	3DID_RRM_1_LIG_3-0	PF00076	3did	1	288	296
reverse	Q8D0W1	P22626	3DID_RRM_1_LIG_3-0	PF00076	3did	1	47	55
reverse	Q8D0W1	Q13243	3DID_RRM_1_LIG_3-0	PF00076	3did	1	47	55
reverse	Q8Z9R8	P31483	3DID_RRM_1_LIG_3-0	PF00076	3did	1	86	94
reverse	Q8ZBN6	Q4G0J3	3DID_RRM_1_LIG_3-0	PF00076	3did	1	218	226
reverse	Q8ZBN6	Q8IUH3	3DID_RRM_1_LIG_3-0	PF00076	3did	1	218	226
reverse	Q8ZC08	Q15020	3DID_RRM_1_LIG_3-0	PF00076	3did	1	152	160
reverse	Q8ZD27	O43251	3DID_RRM_1_LIG_3-0	PF00076	3did	1	79	87
reverse	Q8ZF52	P23246	3DID_RRM_1_LIG_3-0	PF00076	3did	1	44	52
reverse	Q9ZFR9	Q14011	3DID_RRM_1_LIG_3-0	PF00076	3did	1	143	151
reverse	B7UM99	P16333	3DID_SH2_LIG_4-0	PF00017	3did	1	472	477
reverse	B7UM99	P29350	3DID_SH2_LIG_4-0	PF00017	3did	1	472	477
reverse	P30690	Q06187	3DID_SH2_LIG_4-0	PF00017	3did	2	22	27
reverse	P80200	Q06124	3DID_SH2_LIG_4-0	PF00017	3did	3	835	840
reverse	Q5NEC0	P52630	3DID_SH2_LIG_4-0	PF00017	3did	1	752	757
reverse	Q5NET8	P40763	3DID_SH2_LIG_4-0	PF00017	3did	2	569	574
reverse	Q5NEU6	O15357	3DID_SH2_LIG_4-0	PF00017	3did	2	203	208
reverse	Q5NI79	P07332	3DID_SH2_LIG_4-0	PF00017	3did	1	103	108
reverse	Q5WMC9	P16333	3DID_SH2_LIG_4-0	PF00017	3did	1	472	477
reverse	Q7CJG3	P07948	3DID_SH2_LIG_4-0	PF00017	3did	1	117	122
reverse	Q81JW1	P43403	3DID_SH2_LIG_4-0	PF00017	3did	1	93	98
reverse	Q81K85	P27986	3DID_SH2_LIG_4-0	PF00017	3did	1	151	156
reverse	Q81VW3	P07332	3DID_SH2_LIG_4-0	PF00017	3did	1	227	232
reverse	Q81WM8	P42226	3DID_SH2_LIG_4-0	PF00017	3did	1	297	302
reverse	Q8D192	P42224	3DID_SH2_LIG_4-0	PF00017	3did	1	9	14
reverse	Q8ZDA6	P06239	3DID_SH2_LIG_4-0	PF00017	3did	1	134	139
reverse	Q8ZDA6	P42226	3DID_SH2_LIG_4-0	PF00017	3did	1	134	139
reverse	Q8ZDJ2	P29350	3DID_SH2_LIG_4-0	PF00017	3did	1	469	474
reverse	Q8ZH69	Q13588	3DID_SH2_LIG_4-0	PF00017	3did	1	246	251
reverse	Q9ZLT1	Q06124	3DID_SH2_LIG_4-0	PF00017	3did	3	839	844
reverse	Q5NEC0	Q13042	3DID_TPR_12_LIG_0-7	PF13424	3did	2	632	635
reverse	Q81JE5	O15294	3DID_TPR_12_LIG_0-7	PF13424	3did	1	88	91
reverse	Q81VT8	O15294	3DID_TPR_12_LIG_0-7	PF13424	3did	3	40	43
reverse	Q8ZC18	A2A3L6	3DID_TPR_12_LIG_0-7	PF13424	3did	2	191	194
reverse	P18177	Q9NQS3	3DID_V-set_LIG_34-0	PF07686	3did	1	796	804
reverse	Q8ZCW0	Q96RL6	3DID_V-set_LIG_34-0	PF07686	3did	3	27	35
reverse	Q8ZDJ2	P01732	3DID_V-set_LIG_34-0	PF07686	3did	2	36	44
reverse	Q5NFM0	P35606	3DID_WD40_LIG_19-0	PF00400	3did	1	219	224
reverse	Q5NHX0	E9KL35	3DID_WD40_LIG_19-0	PF00400	3did	1	396	401
reverse	Q5NHX0	P63244	3DID_WD40_LIG_19-0	PF00400	3did	1	396	401
reverse	Q7CIZ3	Q15751	3DID_WD40_LIG_19-0	PF00400	3did	1	341	346
reverse	Q81UI7	E9KL35	3DID_WD40_LIG_19-0	PF00400	3did	1	402	407
reverse	Q81UI7	P63244	3DID_WD40_LIG_19-0	PF00400	3did	1	402	407
reverse	Q81VT8	Q9C0C7	3DID_WD40_LIG_19-0	PF00400	3did	3	174	179
reverse	Q81X77	P31146	3DID_WD40_LIG_19-0	PF00400	3did	2	149	154
reverse	Q8ZCQ2	Q96BP3	3DID_WD40_LIG_19-0	PF00400	3did	1	1066	1071
reverse	P17778	Q6ZMY6	3DID_WD40_LIG_19-2	PF00400	3did	1	157	160
reverse	P17778	Q96BP3	3DID_WD40_LIG_19-2	PF00400	3did	1	157	160
reverse	Q5NFM0	P35606	3DID_WD40_LIG_19-2	PF00400	3did	2	154	157
reverse	Q7CIZ3	Q15751	3DID_WD40_LIG_19-2	PF00400	3did	1	901	904
reverse	Q81KV7	Q6ZMY6	3DID_WD40_LIG_19-2	PF00400	3did	1	60	63
reverse	Q81WA0	Q92828	3DID_WD40_LIG_19-2	PF00400	3did	1	582	585
reverse	Q81WR4	Q8TEQ6	3DID_WD40_LIG_19-2	PF00400	3did	1	293	296
reverse	Q8D1J6	A2RUS2	3DID_WD40_LIG_19-2	PF00400	3did	1	89	92
reverse	Q8D1J6	E9KL35	3DID_WD40_LIG_19-2	PF00400	3did	1	89	92
reverse	Q8D1J6	P63244	3DID_WD40_LIG_19-2	PF00400	3did	1	89	92
reverse	Q8XB62	Q8TEB1	3DID_WD40_LIG_19-2	PF00400	3did	1	207	210
reverse	Q8ZCQ2	Q96BP3	3DID_WD40_LIG_19-2	PF00400	3did	1	1068	1071
reverse	Q8ZGX4	Q969X6	3DID_WD40_LIG_19-2	PF00400	3did	2	31	34
reverse	Q8ZIE7	Q9C0C7	3DID_WD40_LIG_19-2	PF00400	3did	1	255	258
reverse	Q8ZII0	Q9H7Q5	3DID_WD40_LIG_19-2	PF00400	3did	1	24	27
reverse	Q0WBF9	O43660	3DID_WD40_LIG_2-4	PF00400	3did	2	404	409
reverse	Q5NF74	E9KL35	3DID_WD40_LIG_2-4	PF00400	3did	2	353	358
reverse	Q5NF74	P63244	3DID_WD40_LIG_2-4	PF00400	3did	2	353	358
reverse	Q5NF74	Q6ZS81	3DID_WD40_LIG_2-4	PF00400	3did	2	353	358
reverse	Q5NGI2	Q9C0J8	3DID_WD40_LIG_2-4	PF00400	3did	1	75	80
reverse	Q5NID9	P31146	3DID_WD40_LIG_2-4	PF00400	3did	1	373	378
reverse	Q5NIP5	Q8WUA4	3DID_WD40_LIG_2-4	PF00400	3did	1	52	57
reverse	Q7CJF3	Q9C0C7	3DID_WD40_LIG_2-4	PF00400	3did	1	131	136
reverse	Q81VT8	Q9C0C7	3DID_WD40_LIG_2-4	PF00400	3did	1	922	927
reverse	Q81WR4	Q8TEQ6	3DID_WD40_LIG_2-4	PF00400	3did	1	134	139
reverse	Q8ZII0	Q9H7Q5	3DID_WD40_LIG_2-4	PF00400	3did	3	124	129
reverse	P62616	Q8TEQ6	3DID_WD40_LIG_6-39	PF00400	3did	1	62	66
reverse	Q0WBF9	O43660	3DID_WD40_LIG_6-39	PF00400	3did	1	484	488
reverse	Q5NFV6	Q8N0X2	3DID_WD40_LIG_6-39	PF00400	3did	1	277	281
reverse	Q5NGE6	O43815	3DID_WD40_LIG_6-39	PF00400	3did	1	657	661
reverse	Q5NHX0	E9KL35	3DID_WD40_LIG_6-39	PF00400	3did	1	624	628
reverse	Q5NHX0	P63244	3DID_WD40_LIG_6-39	PF00400	3did	1	624	628
reverse	Q5NIE3	P31146	3DID_WD40_LIG_6-39	PF00400	3did	1	449	453
reverse	Q81KT8	Q9Y6I7	3DID_WD40_LIG_6-39	PF00400	3did	1	234	238
reverse	Q81UI7	E9KL35	3DID_WD40_LIG_6-39	PF00400	3did	1	420	424
reverse	Q81UI7	P63244	3DID_WD40_LIG_6-39	PF00400	3did	1	420	424
reverse	Q81VT8	Q9C0C7	3DID_WD40_LIG_6-39	PF00400	3did	1	816	820
reverse	P17778	Q6ZMY6	3DID_WD40_LIG_6-8	PF00400	3did	1	157	160
reverse	P17778	Q96BP3	3DID_WD40_LIG_6-8	PF00400	3did	1	157	160
reverse	Q5NFM0	P35606	3DID_WD40_LIG_6-8	PF00400	3did	2	154	157
reverse	Q7CIZ3	Q15751	3DID_WD40_LIG_6-8	PF00400	3did	1	901	904
reverse	Q81KV7	Q6ZMY6	3DID_WD40_LIG_6-8	PF00400	3did	1	60	63
reverse	Q81WA0	Q92828	3DID_WD40_LIG_6-8	PF00400	3did	1	582	585
reverse	Q81WR4	Q8TEQ6	3DID_WD40_LIG_6-8	PF00400	3did	1	293	296
reverse	Q8D1J6	A2RUS2	3DID_WD40_LIG_6-8	PF00400	3did	1	89	92
reverse	Q8D1J6	E9KL35	3DID_WD40_LIG_6-8	PF00400	3did	1	89	92
reverse	Q8D1J6	P63244	3DID_WD40_LIG_6-8	PF00400	3did	1	89	92
reverse	Q8XB62	Q8TEB1	3DID_WD40_LIG_6-8	PF00400	3did	1	207	210
reverse	Q8ZCQ2	Q96BP3	3DID_WD40_LIG_6-8	PF00400	3did	1	1068	1071
reverse	Q8ZGX4	Q969X6	3DID_WD40_LIG_6-8	PF00400	3did	2	31	34
reverse	Q8ZIE7	Q9C0C7	3DID_WD40_LIG_6-8	PF00400	3did	1	255	258
reverse	Q8ZII0	Q9H7Q5	3DID_WD40_LIG_6-8	PF00400	3did	1	24	27
reverse	Q5NIE3	O43439	LIG_MYND_3	PF01753	ELM	1	284	289
reverse	O84760	O43187	MOD_CDK_SPxxK_3	PF00069	ELM	1	500	508
reverse	O84760	P51617	MOD_CDK_SPxxK_3	PF00069	ELM	1	500	508
reverse	O84760	Q13233	MOD_CDK_SPxxK_3	PF00069	ELM	1	500	508
reverse	P00634	Q5S007	MOD_CDK_SPxxK_3	PF00069	ELM	1	12	20
reverse	P0A2M9	P28482	MOD_CDK_SPxxK_3	PF00069	ELM	1	126	134
reverse	P15917	P46734	MOD_CDK_SPxxK_3	PF00069	ELM	1	535	543
reverse	P69986	Q9UHD2	MOD_CDK_SPxxK_3	PF00069	ELM	1	227	235
reverse	Q5NES5	Q16512	MOD_CDK_SPxxK_3	PF00069	ELM	1	195	203
reverse	Q5NES5	Q16539	MOD_CDK_SPxxK_3	PF00069	ELM	1	195	203
reverse	Q5NGV7	Q92918	MOD_CDK_SPxxK_3	PF00069	ELM	1	47	55
reverse	Q5NHK6	P27448	MOD_CDK_SPxxK_3	PF00069	ELM	1	400	408
reverse	Q5NHP0	Q96KG9	MOD_CDK_SPxxK_3	PF00069	ELM	2	239	247
reverse	Q5NID1	Q9H4A3	MOD_CDK_SPxxK_3	PF00069	ELM	1	146	154
reverse	Q5NID2	Q9H2G2	MOD_CDK_SPxxK_3	PF00069	ELM	1	894	902
reverse	Q7CIZ7	P27448	MOD_CDK_SPxxK_3	PF00069	ELM	1	198	206
reverse	Q81VT8	P17612	MOD_CDK_SPxxK_3	PF00069	ELM	1	540	548
reverse	Q81VT8	P27448	MOD_CDK_SPxxK_3	PF00069	ELM	1	540	548
reverse	Q8ZAQ2	O95819	MOD_CDK_SPxxK_3	PF00069	ELM	1	16	24
reverse	Q8ZBC2	Q16539	MOD_CDK_SPxxK_3	PF00069	ELM	1	11	19
reverse	Q8ZBN6	Q6ZN16	MOD_CDK_SPxxK_3	PF00069	ELM	1	232	240
reverse	Q8ZDX8	Q9BXM7	MOD_CDK_SPxxK_3	PF00069	ELM	1	616	624
reverse	Q8ZJG9	Q6P3W7	MOD_CDK_SPxxK_3	PF00069	ELM	1	61	69
reverse	O52162	P45985	MOD_PK_1	PF00069	ELM	1	267	274
reverse	P00634	Q5S007	MOD_PK_1	PF00069	ELM	1	313	320
reverse	P30690	O43187	MOD_PK_1	PF00069	ELM	2	110	117
reverse	P30690	P51617	MOD_PK_1	PF00069	ELM	2	110	117
reverse	P30690	Q13233	MOD_PK_1	PF00069	ELM	2	110	117
reverse	P69986	Q9UHD2	MOD_PK_1	PF00069	ELM	2	129	136
reverse	Q5NHK6	P27448	MOD_PK_1	PF00069	ELM	3	24	31
reverse	Q5NID1	Q9H4A3	MOD_PK_1	PF00069	ELM	1	1263	1270
reverse	Q5NID2	Q9H2G2	MOD_PK_1	PF00069	ELM	3	454	461
reverse	Q5NIP5	Q96BR1	MOD_PK_1	PF00069	ELM	1	231	238
reverse	Q7ARN5	Q9NYY3	MOD_PK_1	PF00069	ELM	1	101	108
reverse	Q7DB77	O75716	MOD_PK_1	PF00069	ELM	1	139	146
reverse	Q81KT8	P49759	MOD_PK_1	PF00069	ELM	1	312	319
reverse	Q81KV7	O75385	MOD_PK_1	PF00069	ELM	1	48	55
reverse	Q81VT8	P17612	MOD_PK_1	PF00069	ELM	2	139	146
reverse	Q81VT8	P27448	MOD_PK_1	PF00069	ELM	2	139	146
reverse	Q8CWG4	P24723	MOD_PK_1	PF00069	ELM	1	52	59
reverse	Q8D0H6	Q9H2X6	MOD_PK_1	PF00069	ELM	1	567	574
reverse	Q8ZAQ2	O95819	MOD_PK_1	PF00069	ELM	2	368	375
reverse	Q8ZBC2	Q16539	MOD_PK_1	PF00069	ELM	2	77	84
reverse	Q8ZBN6	Q6ZN16	MOD_PK_1	PF00069	ELM	1	392	399
reverse	Q8ZDX8	Q9BXM7	MOD_PK_1	PF00069	ELM	1	618	625
reverse	Q8ZHZ4	Q9H792	MOD_PK_1	PF00069	ELM	2	103	110
reverse	Q8ZIG9	Q9BUD9	MOD_PK_1	PF00069	ELM	1	188	195
reverse	Q8ZIY3	P35626	MOD_PK_1	PF00069	ELM	1	131	138
reverse	Q8ZJG9	Q6P3W7	MOD_PK_1	PF00069	ELM	1	446	453
reverse	Q8ZJP8	Q9H422	MOD_PK_1	PF00069	ELM	1	125	132
reverse	B7UM99	O75716	MOD_PKA_1	PF00069	ELM	1	430	437
reverse	O84760	O43187	MOD_PKA_1	PF00069	ELM	1	228	235
reverse	O84760	P51617	MOD_PKA_1	PF00069	ELM	1	228	235
reverse	O84760	Q13233	MOD_PKA_1	PF00069	ELM	1	228	235
reverse	P00634	Q5S007	MOD_PKA_1	PF00069	ELM	1	44	51
reverse	P15917	P46734	MOD_PKA_1	PF00069	ELM	1	648	655
reverse	P30690	O43187	MOD_PKA_1	PF00069	ELM	1	297	304
reverse	P30690	P51617	MOD_PKA_1	PF00069	ELM	1	297	304
reverse	P30690	Q13233	MOD_PKA_1	PF00069	ELM	1	297	304
reverse	P55980	Q7KZI7	MOD_PKA_1	PF00069	ELM	3	222	229
reverse	P58543	Q9H422	MOD_PKA_1	PF00069	ELM	1	74	81
reverse	P69986	Q9UHD2	MOD_PKA_1	PF00069	ELM	1	254	261
reverse	Q5NGA0	Q96KG9	MOD_PKA_1	PF00069	ELM	2	215	222
reverse	Q5NGV3	P27448	MOD_PKA_1	PF00069	ELM	2	4	11
reverse	Q5NID1	Q9H4A3	MOD_PKA_1	PF00069	ELM	1	1353	1360
reverse	Q5NID2	Q9H2G2	MOD_PKA_1	PF00069	ELM	3	268	275
reverse	Q7DB77	O75716	MOD_PKA_1	PF00069	ELM	1	433	440
reverse	Q81LC5	Q15831	MOD_PKA_1	PF00069	ELM	1	206	213
reverse	Q81VT3	Q92918	MOD_PKA_1	PF00069	ELM	2	244	251
reverse	Q81VT8	P17612	MOD_PKA_1	PF00069	ELM	2	482	489
reverse	Q81VT8	P27448	MOD_PKA_1	PF00069	ELM	2	482	489
reverse	Q81X77	Q16512	MOD_PKA_1	PF00069	ELM	1	1	8
reverse	Q81XT3	Q9NRH2	MOD_PKA_1	PF00069	ELM	1	374	381
reverse	Q8CWG4	P24723	MOD_PKA_1	PF00069	ELM	3	12	19
reverse	Q8CZQ9	Q15746	MOD_PKA_1	PF00069	ELM	1	92	99
reverse	Q8D1K1	Q96KG9	MOD_PKA_1	PF00069	ELM	1	263	270
reverse	Q8ZAA1	Q13523	MOD_PKA_1	PF00069	ELM	3	3	10
reverse	Q8ZAQ2	O95819	MOD_PKA_1	PF00069	ELM	1	360	367
reverse	Q8ZBC2	Q16539	MOD_PKA_1	PF00069	ELM	2	87	94
reverse	Q8ZC51	Q9BXM7	MOD_PKA_1	PF00069	ELM	1	286	293
reverse	Q8ZDX8	Q9BXM7	MOD_PKA_1	PF00069	ELM	2	237	244
reverse	Q8ZHZ4	Q9H792	MOD_PKA_1	PF00069	ELM	1	195	202
reverse	Q8ZIG9	Q9BUD9	MOD_PKA_1	PF00069	ELM	1	184	191
reverse	Q8ZIY3	P35626	MOD_PKA_1	PF00069	ELM	2	131	138
reverse	Q8ZJG9	Q6P3W7	MOD_PKA_1	PF00069	ELM	1	446	453
reverse	Q9X6B0	Q96KG9	MOD_PKA_1	PF00069	ELM	3	384	391
reverse	P15917	P61923	TRG_DiLeu_BaEn_2	PF01217	ELM	1	364	371
reverse	Q8ZD36	Q9Y2T2	TRG_DiLeu_BaLyEn_6	PF01217	ELM	2	309	315
reverse	Q51451	D0PNI1	3DID_14-3-3_LIG_0-16	PF00244	3did	1	145	149
reverse	Q51451	P27348	3DID_14-3-3_LIG_0-16	PF00244	3did	1	145	149
reverse	Q51451	P31946	3DID_14-3-3_LIG_0-16	PF00244	3did	1	145	149
reverse	Q51451	P31947	3DID_14-3-3_LIG_0-16	PF00244	3did	1	145	149
reverse	Q51451	P61981	3DID_14-3-3_LIG_0-16	PF00244	3did	1	145	149
reverse	Q51451	P62258	3DID_14-3-3_LIG_0-16	PF00244	3did	1	145	149
reverse	Q51451	P63104	3DID_14-3-3_LIG_0-16	PF00244	3did	1	145	149
reverse	Q51451	Q04917	3DID_14-3-3_LIG_0-16	PF00244	3did	1	145	149
reverse	Q7ARN5	D0PNI1	3DID_14-3-3_LIG_0-16	PF00244	3did	1	101	105
reverse	Q7ARN5	P63104	3DID_14-3-3_LIG_0-16	PF00244	3did	1	101	105
reverse	Q8ZG99	D0PNI1	3DID_14-3-3_LIG_0-16	PF00244	3did	2	186	191
reverse	Q8ZG99	P62258	3DID_14-3-3_LIG_0-16	PF00244	3did	2	186	191
reverse	Q8ZG99	P63104	3DID_14-3-3_LIG_0-16	PF00244	3did	2	186	191
reverse	Q933J5	D0PNI1	3DID_14-3-3_LIG_0-16	PF00244	3did	1	145	149
reverse	Q933J5	P63104	3DID_14-3-3_LIG_0-16	PF00244	3did	1	145	149
reverse	Q51451	D0PNI1	3DID_14-3-3_LIG_0-18	PF00244	3did	1	145	149
reverse	Q51451	P27348	3DID_14-3-3_LIG_0-18	PF00244	3did	1	145	149
reverse	Q51451	P31946	3DID_14-3-3_LIG_0-18	PF00244	3did	1	145	149
reverse	Q51451	P31947	3DID_14-3-3_LIG_0-18	PF00244	3did	1	145	149
reverse	Q51451	P61981	3DID_14-3-3_LIG_0-18	PF00244	3did	1	145	149
reverse	Q51451	P62258	3DID_14-3-3_LIG_0-18	PF00244	3did	1	145	149
reverse	Q51451	P63104	3DID_14-3-3_LIG_0-18	PF00244	3did	1	145	149
reverse	Q51451	Q04917	3DID_14-3-3_LIG_0-18	PF00244	3did	1	145	149
reverse	Q7ARN5	D0PNI1	3DID_14-3-3_LIG_0-18	PF00244	3did	1	101	105
reverse	Q7ARN5	P63104	3DID_14-3-3_LIG_0-18	PF00244	3did	1	101	105
reverse	Q8ZG99	D0PNI1	3DID_14-3-3_LIG_0-18	PF00244	3did	3	186	191
reverse	Q8ZG99	P62258	3DID_14-3-3_LIG_0-18	PF00244	3did	3	186	191
reverse	Q8ZG99	P63104	3DID_14-3-3_LIG_0-18	PF00244	3did	3	186	191
reverse	Q933J5	D0PNI1	3DID_14-3-3_LIG_0-18	PF00244	3did	1	145	149
reverse	Q933J5	P63104	3DID_14-3-3_LIG_0-18	PF00244	3did	1	145	149
reverse	A0A0H3NF38	P61981	3DID_14-3-3_LIG_0-2	PF00244	3did	3	372	378
reverse	Q7ARN5	D0PNI1	3DID_14-3-3_LIG_0-2	PF00244	3did	1	101	107
reverse	Q7ARN5	P63104	3DID_14-3-3_LIG_0-2	PF00244	3did	1	101	107
reverse	Q8ZG99	D0PNI1	3DID_14-3-3_LIG_0-2	PF00244	3did	1	145	151
reverse	Q8ZG99	P62258	3DID_14-3-3_LIG_0-2	PF00244	3did	1	145	151
reverse	Q8ZG99	P63104	3DID_14-3-3_LIG_0-2	PF00244	3did	1	145	151
reverse	A0A0H3NF38	P61981	3DID_14-3-3_LIG_0-5	PF00244	3did	3	372	378
reverse	Q7ARN5	D0PNI1	3DID_14-3-3_LIG_0-5	PF00244	3did	1	101	107
reverse	Q7ARN5	P63104	3DID_14-3-3_LIG_0-5	PF00244	3did	1	101	107
reverse	Q8ZG99	D0PNI1	3DID_14-3-3_LIG_0-5	PF00244	3did	2	145	151
reverse	Q8ZG99	P62258	3DID_14-3-3_LIG_0-5	PF00244	3did	2	145	151
reverse	Q8ZG99	P63104	3DID_14-3-3_LIG_0-5	PF00244	3did	2	145	151
reverse	Q8ZG99	D0PNI1	3DID_14-3-3_LIG_11-7	PF00244	3did	1	371	375
reverse	Q8ZG99	P62258	3DID_14-3-3_LIG_11-7	PF00244	3did	1	371	375
reverse	Q8ZG99	P63104	3DID_14-3-3_LIG_11-7	PF00244	3did	1	371	375
reverse	A0A0H3NF38	P61981	3DID_14-3-3_LIG_8-0	PF00244	3did	3	372	378
reverse	Q7ARN5	D0PNI1	3DID_14-3-3_LIG_8-0	PF00244	3did	1	101	107
reverse	Q7ARN5	P63104	3DID_14-3-3_LIG_8-0	PF00244	3did	1	101	107
reverse	Q8ZG99	D0PNI1	3DID_14-3-3_LIG_8-0	PF00244	3did	1	145	151
reverse	Q8ZG99	P62258	3DID_14-3-3_LIG_8-0	PF00244	3did	1	145	151
reverse	Q8ZG99	P63104	3DID_14-3-3_LIG_8-0	PF00244	3did	1	145	151
reverse	A0A0H3NF38	P61981	3DID_14-3-3_LIG_8-21	PF00244	3did	1	425	428
reverse	Q51451	D0PNI1	3DID_14-3-3_LIG_8-21	PF00244	3did	1	146	149
reverse	Q51451	P27348	3DID_14-3-3_LIG_8-21	PF00244	3did	1	146	149
reverse	Q51451	P31946	3DID_14-3-3_LIG_8-21	PF00244	3did	1	146	149
reverse	Q51451	P31947	3DID_14-3-3_LIG_8-21	PF00244	3did	1	146	149
reverse	Q51451	P61981	3DID_14-3-3_LIG_8-21	PF00244	3did	1	146	149
reverse	Q51451	P62258	3DID_14-3-3_LIG_8-21	PF00244	3did	1	146	149
reverse	Q51451	P63104	3DID_14-3-3_LIG_8-21	PF00244	3did	1	146	149
reverse	Q51451	Q04917	3DID_14-3-3_LIG_8-21	PF00244	3did	1	146	149
reverse	Q7ARN5	D0PNI1	3DID_14-3-3_LIG_8-21	PF00244	3did	1	102	105
reverse	Q7ARN5	P63104	3DID_14-3-3_LIG_8-21	PF00244	3did	1	102	105
reverse	Q8ZG99	D0PNI1	3DID_14-3-3_LIG_8-21	PF00244	3did	1	569	572
reverse	Q8ZG99	P62258	3DID_14-3-3_LIG_8-21	PF00244	3did	1	569	572
reverse	Q8ZG99	P63104	3DID_14-3-3_LIG_8-21	PF00244	3did	1	569	572
reverse	Q933J5	D0PNI1	3DID_14-3-3_LIG_8-21	PF00244	3did	1	146	149
reverse	Q933J5	P63104	3DID_14-3-3_LIG_8-21	PF00244	3did	1	146	149
reverse	Q9ZC68	O75592	3DID_ANAPC10_LIG_0-1	PF03256	3did	1	393	397
reverse	P46357	P63261	3DID_Actin_LIG_27-4	PF00022	3did	1	91	96
reverse	Q5NEC0	P63261	3DID_Actin_LIG_27-4	PF00022	3did	2	28	34
reverse	Q81MA4	P63261	3DID_Actin_LIG_27-4	PF00022	3did	2	25	30
reverse	Q8ZFX5	P63261	3DID_Actin_LIG_27-4	PF00022	3did	1	46	52
reverse	Q81JT7	P35222	3DID_Arm_LIG_6-77	PF00514	3did	3	211	216
reverse	Q81S14	P35222	3DID_Arm_LIG_6-77	PF00514	3did	1	232	237
reverse	Q81VT8	P35222	3DID_Arm_LIG_6-77	PF00514	3did	1	866	870
reverse	Q8ZAB3	P35222	3DID_Arm_LIG_6-77	PF00514	3did	2	243	248
reverse	Q8ZC18	P35222	3DID_Arm_LIG_6-77	PF00514	3did	2	86	92
reverse	Q5NEC0	Q9UKK3	3DID_BRCT_LIG_2-9	PF00533	3did	1	546	549
reverse	Q0WBF9	Q13342	3DID_Bromodomain_LIG_2-2	PF00439	3did	1	641	647
reverse	P58543	Q15149	3DID_CH_LIG_2-2	PF00307	3did	1	8	16
reverse	Q5NH45	P46939	3DID_CH_LIG_2-2	PF00307	3did	1	674	682
reverse	Q8ZAA1	O75427	3DID_CH_LIG_2-2	PF00307	3did	1	385	393
reverse	Q8ZGH1	Q15555	3DID_CH_LIG_2-2	PF00307	3did	1	515	523
reverse	Q5NID2	O94913	3DID_CID_LIG_3-2	PF04818	3did	3	743	747
reverse	Q5NF52	Q7LDG7	3DID_EF-hand_7_LIG_1-3	PF13499	3did	2	234	242
reverse	Q5NFV6	P30626	3DID_EF-hand_7_LIG_1-3	PF13499	3did	1	136	144
reverse	Q5NHC6	Q99653	3DID_EF-hand_7_LIG_1-3	PF13499	3did	1	163	171
reverse	Q5NHQ1	Q99828	3DID_EF-hand_7_LIG_1-3	PF13499	3did	2	461	469
reverse	Q8Z9V7	P37235	3DID_EF-hand_7_LIG_1-3	PF13499	3did	1	485	493
reverse	B7UM99	B2RB70	3DID_EF-hand_7_LIG_12-0	PF13499	3did	1	431	439
reverse	B7UM99	P37235	3DID_EF-hand_7_LIG_12-0	PF13499	3did	1	431	439
reverse	B7UM99	P61601	3DID_EF-hand_7_LIG_12-0	PF13499	3did	1	431	439
reverse	P0DKX7	B4DJ51	3DID_EF-hand_7_LIG_12-0	PF13499	3did	4	249	257
reverse	P40136	B4DJ51	3DID_EF-hand_7_LIG_12-0	PF13499	3did	2	296	304
reverse	P40136	Q9BRL5	3DID_EF-hand_7_LIG_12-0	PF13499	3did	2	296	304
reverse	Q5NHQ1	Q99828	3DID_EF-hand_7_LIG_12-0	PF13499	3did	1	482	490
reverse	Q5NIP5	B4DJ51	3DID_EF-hand_7_LIG_12-0	PF13499	3did	1	128	136
reverse	Q74RZ6	Q99828	3DID_EF-hand_7_LIG_12-0	PF13499	3did	1	534	542
reverse	Q81LD0	P13796	3DID_EF-hand_7_LIG_12-0	PF13499	3did	1	72	80
reverse	Q81MS2	P13796	3DID_EF-hand_7_LIG_12-0	PF13499	3did	2	41	49
reverse	Q81Y46	Q99828	3DID_EF-hand_7_LIG_12-0	PF13499	3did	1	300	308
reverse	Q8CZP1	O75340	3DID_EF-hand_7_LIG_12-0	PF13499	3did	1	619	627
reverse	Q8ZAA1	P19105	3DID_EF-hand_7_LIG_12-0	PF13499	3did	1	282	290
reverse	Q8ZE38	P24844	3DID_EF-hand_7_LIG_12-0	PF13499	3did	1	294	302
reverse	Q8ZGK8	Q8IV61	3DID_EF-hand_7_LIG_12-0	PF13499	3did	2	45	53
reverse	P0DKX7	B4DJ51	3DID_EF-hand_7_LIG_12-1	PF13499	3did	6	225	233
reverse	Q74RZ6	Q99828	3DID_EF-hand_7_LIG_12-1	PF13499	3did	1	580	588
reverse	Q81LD0	P13796	3DID_EF-hand_7_LIG_12-1	PF13499	3did	1	419	427
reverse	Q81MS2	P13796	3DID_EF-hand_7_LIG_12-1	PF13499	3did	1	79	87
reverse	Q8CZP1	O75340	3DID_EF-hand_7_LIG_12-1	PF13499	3did	1	187	195
reverse	Q8Z9V7	P37235	3DID_EF-hand_7_LIG_12-1	PF13499	3did	2	11	19
reverse	Q8ZEC9	Q8NI22	3DID_EF-hand_7_LIG_12-1	PF13499	3did	1	6	14
reverse	Q8ZGK8	Q8IV61	3DID_EF-hand_7_LIG_12-1	PF13499	3did	1	49	57
reverse	Q8ZI65	O75340	3DID_EF-hand_7_LIG_12-1	PF13499	3did	2	123	131
reverse	Q81TG1	Q01167	3DID_FHA_LIG_0-12	PF00498	3did	1	270	274
reverse	Q81TW2	Q96L93	3DID_FHA_LIG_0-12	PF00498	3did	1	658	662
reverse	Q81Y46	Q01167	3DID_FHA_LIG_0-24	PF00498	3did	1	137	141
reverse	Q5NEH4	O75420	3DID_GYF_LIG_0-10	PF02213	3did	1	66	69
reverse	Q81LD0	Q99460	3DID_HEAT_2_LIG_2-2	PF13646	3did	1	96	104
reverse	Q5NFP9	Q13952	3DID_Histone_LIG_5-18	PF00125	3did	1	417	422
reverse	Q5NGW2	B2R4P9	3DID_Histone_LIG_5-18	PF00125	3did	1	303	307
reverse	Q5NGW2	P84243	3DID_Histone_LIG_5-18	PF00125	3did	1	303	307
reverse	Q81K97	P41222	3DID_Lipocalin_LIG_0-1	PF00061	3did	2	118	121
reverse	P68587	Q30154	3DID_MHC_II_beta_LIG_0-0	PF00969	3did	1	336	339
reverse	Q48898	E9L5Q4	3DID_MHC_II_beta_LIG_0-0	PF00969	3did	1	12	15
reverse	B7UM99	O75716	3DID_Pkinase_LIG_1-2	PF00069	3did	1	436	441
reverse	P00634	Q5S007	3DID_Pkinase_LIG_1-2	PF00069	3did	1	123	129
reverse	Q7DB77	O75716	3DID_Pkinase_LIG_1-2	PF00069	3did	1	436	441
reverse	P00634	Q5S007	3DID_Pkinase_LIG_18-0	PF00069	3did	1	214	223
reverse	B7UM99	O75716	3DID_Pkinase_LIG_18-2	PF00069	3did	1	543	548
reverse	P00634	Q5S007	3DID_Pkinase_LIG_18-2	PF00069	3did	1	309	314
reverse	Q8D0H6	Q9H2X6	3DID_Pkinase_LIG_18-2	PF00069	3did	1	468	473
reverse	P00634	Q5S007	3DID_Pkinase_LIG_18-3	PF00069	3did	1	311	316
reverse	Q5NGV7	Q92918	3DID_Pkinase_LIG_18-3	PF00069	3did	1	566	571
reverse	Q81VT8	P17612	3DID_Pkinase_LIG_18-3	PF00069	3did	1	261	266
reverse	Q81VT8	P27448	3DID_Pkinase_LIG_18-3	PF00069	3did	1	261	266
reverse	Q8ZIG9	Q9BUD9	3DID_Pkinase_LIG_18-3	PF00069	3did	1	121	126
reverse	Q9X6B0	Q96KG9	3DID_Pkinase_LIG_18-3	PF00069	3did	1	561	566
reverse	P00634	Q5S007	3DID_Pkinase_LIG_7-2	PF00069	3did	1	213	221
reverse	Q5NGA0	Q96KG9	3DID_Pkinase_LIG_7-2	PF00069	3did	1	75	83
reverse	Q8ZAA1	Q13523	3DID_Pkinase_LIG_7-2	PF00069	3did	1	460	468
reverse	Q8ZBC2	Q16539	3DID_Pkinase_LIG_7-2	PF00069	3did	1	406	414
reverse	Q8ZHZ4	Q9H792	3DID_Pkinase_LIG_7-2	PF00069	3did	1	124	132
reverse	Q8ZJ74	Q9NZJ5	3DID_Pkinase_LIG_7-2	PF00069	3did	1	260	268
reverse	Q8ZJG9	Q6P3W7	3DID_Pkinase_LIG_7-2	PF00069	3did	1	108	116
reverse	Q5NF74	P19878	3DID_SH3_1_LIG_1-25	PF00018	3did	1	238	242
reverse	Q5NFN4	Q96KQ4	3DID_SH3_1_LIG_1-25	PF00018	3did	1	56	60
reverse	Q7CJG3	P07948	3DID_SH3_1_LIG_1-25	PF00018	3did	1	270	274
reverse	Q81TT4	O75886	3DID_SH3_1_LIG_1-25	PF00018	3did	1	302	306
reverse	B7UM99	P16333	3DID_SH3_1_LIG_2-12	PF00018	3did	2	19	23
reverse	O84760	Q06187	3DID_SH3_1_LIG_2-12	PF00018	3did	1	222	226
reverse	Q5NF74	P19878	3DID_SH3_1_LIG_2-12	PF00018	3did	1	28	32
reverse	Q5NGV7	O94875	3DID_SH3_1_LIG_2-12	PF00018	3did	2	427	431
reverse	Q5NGV7	Q6FGM0	3DID_SH3_1_LIG_2-12	PF00018	3did	2	427	431
reverse	Q5NGV7	Q99961	3DID_SH3_1_LIG_2-12	PF00018	3did	2	427	431
reverse	Q5WMC9	P16333	3DID_SH3_1_LIG_2-12	PF00018	3did	1	19	23
reverse	Q81QG0	Q8IZP0	3DID_SH3_1_LIG_2-12	PF00018	3did	1	149	153
reverse	Q81VT8	P16333	3DID_SH3_1_LIG_2-12	PF00018	3did	2	943	947
reverse	Q8ZDA6	P06239	3DID_SH3_1_LIG_2-12	PF00018	3did	1	53	57
reverse	Q8ZJ74	P06239	3DID_SH3_1_LIG_2-12	PF00018	3did	1	197	201
reverse	B7UM88	Q9Y5X1	3DID_SH3_2_LIG_2-21	PF07653	3did	5	74	81
reverse	B7UM99	Q9UQB8	3DID_SH3_2_LIG_2-21	PF07653	3did	1	63	70
reverse	Q5NEH0	Q9BYB0	3DID_SH3_2_LIG_2-21	PF07653	3did	1	105	110
reverse	Q7DB85	Q9Y5X1	3DID_SH3_2_LIG_2-21	PF07653	3did	7	74	81
reverse	B7UM88	Q9Y5X1	3DID_SH3_2_LIG_2-30	PF07653	3did	5	74	81
reverse	B7UM99	Q9UQB8	3DID_SH3_2_LIG_2-30	PF07653	3did	1	63	70
reverse	Q5NEH0	Q9BYB0	3DID_SH3_2_LIG_2-30	PF07653	3did	1	105	110
reverse	Q7DB85	Q9Y5X1	3DID_SH3_2_LIG_2-30	PF07653	3did	7	74	81
reverse	B7UM99	Q14247	3DID_SH3_9_LIG_0-5	PF14604	3did	2	69	75
reverse	B7UM99	Q9UHR4	3DID_SH3_9_LIG_0-5	PF14604	3did	2	69	75
reverse	Q5NGV7	O94875	3DID_SH3_9_LIG_0-5	PF14604	3did	1	563	569
reverse	Q7DB77	Q9UHR4	3DID_SH3_9_LIG_0-5	PF14604	3did	1	69	75
reverse	Q8ZG99	D0PNI1	3DID_14-3-3_LIG_8-29	PF00244	3did	1	489	493
reverse	Q8ZG99	P62258	3DID_14-3-3_LIG_8-29	PF00244	3did	1	489	493
reverse	Q8ZG99	P63104	3DID_14-3-3_LIG_8-29	PF00244	3did	1	489	493
reverse	Q8ZC32	P63261	3DID_Actin_LIG_1-1	PF00022	3did	1	261	269
reverse	D2TI15	C9JL25	3DID_Cpn60_TCP1_LIG_9-1	PF00118	3did	1	174	177
reverse	Q81JE2	P50990	3DID_Cpn60_TCP1_LIG_9-1	PF00118	3did	1	615	618
reverse	P40136	B4DJ51	3DID_EF-hand_7_LIG_3-0	PF13499	3did	1	137	145
reverse	P40136	Q9BRL5	3DID_EF-hand_7_LIG_3-0	PF13499	3did	1	137	145
reverse	Q81VT8	Q99460	3DID_HEAT_2_LIG_1-4	PF13646	3did	4	302	310
reverse	Q81VT8	Q99460	3DID_HEAT_2_LIG_2-1	PF13646	3did	4	302	310
reverse	A0A0F7R9R7	O14641	3DID_PDZ_LIG_0-49	PF00595	3did	2	132	135
reverse	O68759	O00560	3DID_PDZ_LIG_0-49	PF00595	3did	1	272	275
reverse	P58526	O00560	3DID_PDZ_LIG_0-49	PF00595	3did	1	284	287
reverse	P68587	P49796	3DID_PDZ_LIG_0-49	PF00595	3did	1	257	260
reverse	Q5NGR8	Q96SB3	3DID_PDZ_LIG_0-49	PF00595	3did	1	524	527
reverse	Q5NHD9	O14641	3DID_PDZ_LIG_0-49	PF00595	3did	1	106	109
reverse	Q81L31	Q8TF65	3DID_PDZ_LIG_0-49	PF00595	3did	1	445	448
reverse	Q81Z36	O00560	3DID_PDZ_LIG_0-49	PF00595	3did	1	7	10
reverse	Q8CLE6	Q9P2F8	3DID_PDZ_LIG_0-49	PF00595	3did	1	68	71
reverse	B7UM99	P16333	3DID_SH2_LIG_4-10	PF00017	3did	1	452	455
reverse	B7UM99	P29350	3DID_SH2_LIG_4-10	PF00017	3did	1	452	455
reverse	P80200	Q06124	3DID_SH2_LIG_4-10	PF00017	3did	2	890	894
reverse	Q5NET8	P40763	3DID_SH2_LIG_4-10	PF00017	3did	1	970	974
reverse	Q5WMC9	P16333	3DID_SH2_LIG_4-10	PF00017	3did	1	452	455
reverse	Q7DB77	P29350	3DID_SH2_LIG_4-10	PF00017	3did	1	456	459
reverse	Q81JW1	P43403	3DID_SH2_LIG_4-10	PF00017	3did	1	410	413
reverse	Q8Z9R8	P42226	3DID_SH2_LIG_4-10	PF00017	3did	2	262	266
reverse	Q8ZDJ2	P29350	3DID_SH2_LIG_4-10	PF00017	3did	1	1122	1125
reverse	Q9ZLT1	Q06124	3DID_SH2_LIG_4-10	PF00017	3did	1	950	954
reverse	Q5NID2	P27986	3DID_SH2_LIG_4-14	PF00017	3did	1	416	421
reverse	Q81VT8	P16333	3DID_SH2_LIG_4-14	PF00017	3did	1	345	350
reverse	Q8Z9R8	P42226	3DID_SH2_LIG_4-14	PF00017	3did	1	303	308
reverse	Q8ZH69	Q13588	3DID_SH2_LIG_4-14	PF00017	3did	1	210	215
reverse	A0A0H3NF38	O43684	3DID_WD40_LIG_12-13	PF00400	3did	1	184	189
reverse	P58680	P43034	3DID_WD40_LIG_12-13	PF00400	3did	1	13	18
reverse	Q0WBF9	O43660	3DID_WD40_LIG_12-13	PF00400	3did	1	573	578
reverse	Q5NHX0	E9KL35	3DID_WD40_LIG_12-13	PF00400	3did	1	673	678
reverse	Q5NHX0	P63244	3DID_WD40_LIG_12-13	PF00400	3did	1	673	678
reverse	Q5NID9	P31146	3DID_WD40_LIG_12-13	PF00400	3did	1	173	178
reverse	Q8CZX8	P31146	3DID_WD40_LIG_12-13	PF00400	3did	1	8	13
reverse	Q8ZCQ2	Q96BP3	3DID_WD40_LIG_12-13	PF00400	3did	3	163	168
reverse	Q5NEY7	Q3MJ13	3DID_WD40_LIG_6-42	PF00400	3did	1	325	330
reverse	Q5NID9	P31146	3DID_WD40_LIG_6-42	PF00400	3did	1	6	10
reverse	Q7CIZ3	Q15751	3DID_WD40_LIG_6-42	PF00400	3did	1	843	847
reverse	Q7CJF3	Q9C0C7	3DID_WD40_LIG_6-42	PF00400	3did	2	186	191
reverse	Q81KT8	Q9Y6I7	3DID_WD40_LIG_6-42	PF00400	3did	1	416	421
reverse	Q81TL7	Q6PJI9	3DID_WD40_LIG_6-42	PF00400	3did	2	3	7
reverse	Q81U22	E9KL35	3DID_WD40_LIG_6-42	PF00400	3did	1	170	174
reverse	Q81U22	P63244	3DID_WD40_LIG_6-42	PF00400	3did	1	170	174
reverse	Q81U22	Q6ZMY6	3DID_WD40_LIG_6-42	PF00400	3did	1	170	174
reverse	Q81UI7	E9KL35	3DID_WD40_LIG_6-42	PF00400	3did	1	40	45
reverse	Q81UI7	P63244	3DID_WD40_LIG_6-42	PF00400	3did	1	40	45
reverse	Q8D016	Q13685	3DID_WD40_LIG_6-42	PF00400	3did	1	459	463
reverse	Q5NG37	Q6PHZ7	LIG_NRBOX	PF00104	ELM	2	45	52
reverse	Q8CZZ7	P11474	LIG_NRBOX	PF00104	ELM	1	564	571
reverse	Q5NEB6	Q8NEU8	LIG_PTB_Phospho_1	PF00640	ELM	1	56	63
reverse	Q5NGR3	Q02410	LIG_PTB_Phospho_1	PF00640	ELM	1	811	818
reverse	Q81JX0	Q9Y3P9	LIG_PTB_Phospho_1	PF00640	ELM	1	102	109
reverse	Q51451	D0PNI1	3DID_14-3-3_LIG_11-22	PF00244	3did	1	8	11
reverse	Q51451	P27348	3DID_14-3-3_LIG_11-22	PF00244	3did	1	8	11
reverse	Q51451	P31946	3DID_14-3-3_LIG_11-22	PF00244	3did	1	8	11
reverse	Q51451	P31947	3DID_14-3-3_LIG_11-22	PF00244	3did	1	8	11
reverse	Q51451	P61981	3DID_14-3-3_LIG_11-22	PF00244	3did	1	8	11
reverse	Q51451	P62258	3DID_14-3-3_LIG_11-22	PF00244	3did	1	8	11
reverse	Q51451	P63104	3DID_14-3-3_LIG_11-22	PF00244	3did	1	8	11
reverse	Q51451	Q04917	3DID_14-3-3_LIG_11-22	PF00244	3did	1	8	11
reverse	Q8ZG99	D0PNI1	3DID_14-3-3_LIG_11-22	PF00244	3did	1	663	667
reverse	Q8ZG99	P62258	3DID_14-3-3_LIG_11-22	PF00244	3did	1	663	667
reverse	Q8ZG99	P63104	3DID_14-3-3_LIG_11-22	PF00244	3did	1	663	667
reverse	Q933J5	D0PNI1	3DID_14-3-3_LIG_11-22	PF00244	3did	1	8	11
reverse	Q933J5	P63104	3DID_14-3-3_LIG_11-22	PF00244	3did	1	8	11
reverse	Q8ZG99	D0PNI1	3DID_14-3-3_LIG_4-9	PF00244	3did	2	318	322
reverse	Q8ZG99	P62258	3DID_14-3-3_LIG_4-9	PF00244	3did	2	318	322
reverse	Q8ZG99	P63104	3DID_14-3-3_LIG_4-9	PF00244	3did	2	318	322
reverse	Q8D1G8	P35222	3DID_Arm_LIG_2-24	PF00514	3did	2	50	56
reverse	Q8CZH4	Q9UKK3	3DID_BRCT_LIG_2-11	PF00533	3did	2	230	234
reverse	D2TI15	C9JL25	3DID_Cpn60_TCP1_LIG_3-3	PF00118	3did	1	20	23
reverse	P42713	Q9UK58	3DID_Cyclin_N_LIG_4-7	PF00134	3did	2	285	289
reverse	Q5NEC0	P15311	3DID_FERM_M_LIG_2-0	PF00373	3did	1	963	971
reverse	Q5NGF9	Q9ULM0	3DID_FERM_M_LIG_2-0	PF00373	3did	1	295	303
reverse	Q81LD0	A4D1F7	3DID_FERM_M_LIG_2-0	PF00373	3did	2	79	87
reverse	Q81LD0	O00522	3DID_FERM_M_LIG_2-0	PF00373	3did	2	79	87
reverse	Q9ZC81	O43491	3DID_FERM_M_LIG_2-0	PF00373	3did	1	271	279
reverse	Q5NFR9	O43896	3DID_FHA_LIG_0-18	PF00498	3did	1	273	277
reverse	Q5NGF9	O60333	3DID_FHA_LIG_0-18	PF00498	3did	4	26	30
reverse	Q81TG1	Q01167	3DID_FHA_LIG_0-18	PF00498	3did	1	217	222
reverse	Q81TW2	Q96L93	3DID_FHA_LIG_0-18	PF00498	3did	2	257	261
reverse	Q81Y46	Q01167	3DID_FHA_LIG_0-18	PF00498	3did	2	67	72
reverse	Q9ZC50	Q14BN4	3DID_FHA_LIG_0-18	PF00498	3did	1	455	459
reverse	Q5NF74	Q9Y5B0	3DID_NIF_LIG_0-1	PF03031	3did	1	264	268
reverse	O68759	O00560	3DID_PDZ_LIG_0-19	PF00595	3did	1	214	217
reverse	P68587	P49796	3DID_PDZ_LIG_0-19	PF00595	3did	1	201	204
reverse	Q5NEG0	O75970	3DID_PDZ_LIG_0-19	PF00595	3did	1	275	278
reverse	Q5NEY1	O14641	3DID_PDZ_LIG_0-19	PF00595	3did	1	72	75
reverse	Q5NF75	O00560	3DID_PDZ_LIG_0-19	PF00595	3did	1	75	78
reverse	Q5NF75	Q92997	3DID_PDZ_LIG_0-19	PF00595	3did	1	75	78
reverse	Q5NFA1	O00560	3DID_PDZ_LIG_0-19	PF00595	3did	1	4	7
reverse	Q5NFK7	O60759	3DID_PDZ_LIG_0-19	PF00595	3did	2	205	208
reverse	Q5NFN2	O14907	3DID_PDZ_LIG_0-19	PF00595	3did	1	199	202
reverse	Q5NHD8	O14907	3DID_PDZ_LIG_0-19	PF00595	3did	2	20	23
reverse	Q5NHE7	Q96QZ7	3DID_PDZ_LIG_0-19	PF00595	3did	2	176	179
reverse	Q5NHN0	Q7Z6J2	3DID_PDZ_LIG_0-19	PF00595	3did	1	265	268
reverse	Q5NHP5	O00560	3DID_PDZ_LIG_0-19	PF00595	3did	2	422	425
reverse	Q7DB76	Q15599	3DID_PDZ_LIG_0-19	PF00595	3did	1	103	106
reverse	Q7DB76	Q8TCX5	3DID_PDZ_LIG_0-19	PF00595	3did	1	103	106
reverse	Q81L31	Q8TF65	3DID_PDZ_LIG_0-19	PF00595	3did	1	726	729
reverse	Q81VT8	Q96SB3	3DID_PDZ_LIG_0-19	PF00595	3did	1	100	103
reverse	Q8CZH6	Q15599	3DID_PDZ_LIG_0-19	PF00595	3did	1	134	137
reverse	Q8CZQ2	Q96RT1	3DID_PDZ_LIG_0-19	PF00595	3did	1	18	21
reverse	Q8CZW9	O14907	3DID_PDZ_LIG_0-19	PF00595	3did	1	260	263
reverse	Q8D195	O43166	3DID_PDZ_LIG_0-19	PF00595	3did	1	7	10
reverse	Q8ZDF8	O00560	3DID_PDZ_LIG_0-19	PF00595	3did	1	484	487
reverse	Q8ZGY3	O00560	3DID_PDZ_LIG_0-19	PF00595	3did	2	16	19
reverse	A0A0F7R9R7	O14641	3DID_PDZ_LIG_8-24	PF00595	3did	1	125	130
reverse	P58526	O00560	3DID_PDZ_LIG_8-24	PF00595	3did	2	169	174
reverse	P68587	P49796	3DID_PDZ_LIG_8-24	PF00595	3did	1	255	260
reverse	Q5NEC0	Q96QZ7	3DID_PDZ_LIG_8-24	PF00595	3did	2	495	500
reverse	Q5NEC0	Q9NR12	3DID_PDZ_LIG_8-24	PF00595	3did	2	495	500
reverse	Q5NEN3	Q8TF65	3DID_PDZ_LIG_8-24	PF00595	3did	2	186	191
reverse	Q5NFN2	O14907	3DID_PDZ_LIG_8-24	PF00595	3did	1	45	50
reverse	Q5NGR8	Q96SB3	3DID_PDZ_LIG_8-24	PF00595	3did	1	443	448
reverse	Q5NH18	Q5T2W1	3DID_PDZ_LIG_8-24	PF00595	3did	1	7	12
reverse	Q5NHG8	Q76G19	3DID_PDZ_LIG_8-24	PF00595	3did	1	30	35
reverse	Q5NIH2	P49796	3DID_PDZ_LIG_8-24	PF00595	3did	1	216	221
reverse	Q5NIJ0	Q5T2W1	3DID_PDZ_LIG_8-24	PF00595	3did	1	424	429
reverse	Q7ARN5	O75970	3DID_PDZ_LIG_8-24	PF00595	3did	1	76	81
reverse	Q81L31	Q8TF65	3DID_PDZ_LIG_8-24	PF00595	3did	2	252	257
reverse	Q81VT8	Q96SB3	3DID_PDZ_LIG_8-24	PF00595	3did	2	651	656
reverse	Q8CZW9	O14907	3DID_PDZ_LIG_8-24	PF00595	3did	2	178	183
reverse	Q8XAJ5	Q12959	3DID_PDZ_LIG_8-24	PF00595	3did	1	24	29
reverse	Q8Z9V7	O14907	3DID_PDZ_LIG_8-24	PF00595	3did	1	247	252
reverse	Q8ZAN0	Q9NR12	3DID_PDZ_LIG_8-24	PF00595	3did	1	250	255
reverse	Q8ZBM5	Q8TEW8	3DID_PDZ_LIG_8-24	PF00595	3did	1	259	264
reverse	Q8ZGY3	O00560	3DID_PDZ_LIG_8-24	PF00595	3did	1	147	152
reverse	Q5NGR3	Q02410	3DID_PDZ_LIG_8-32	PF00595	3did	1	877	880
reverse	Q7CGI0	O00560	3DID_PDZ_LIG_8-32	PF00595	3did	1	278	281
reverse	Q81L10	O00560	3DID_PDZ_LIG_8-32	PF00595	3did	1	27	30
reverse	Q8ZBM5	Q8TEW8	3DID_PDZ_LIG_8-32	PF00595	3did	1	247	250
reverse	B7UM99	O75716	3DID_Pkinase_LIG_1-29	PF00069	3did	1	430	434
reverse	P0A2M9	P28482	3DID_Pkinase_LIG_1-29	PF00069	3did	1	89	93
reverse	Q5NID2	Q9H2G2	3DID_Pkinase_LIG_1-29	PF00069	3did	1	530	534
reverse	Q7CG77	Q9BQI3	3DID_Pkinase_LIG_1-29	PF00069	3did	1	386	390
reverse	Q7DB77	O75716	3DID_Pkinase_LIG_1-29	PF00069	3did	1	433	437
reverse	Q81VT8	P17612	3DID_Pkinase_LIG_1-29	PF00069	3did	1	482	486
reverse	Q81VT8	P27448	3DID_Pkinase_LIG_1-29	PF00069	3did	1	482	486
reverse	Q8D1K1	Q96KG9	3DID_Pkinase_LIG_1-29	PF00069	3did	1	263	267
reverse	Q8ZBC2	Q16539	3DID_Pkinase_LIG_1-29	PF00069	3did	1	174	178
reverse	Q8ZBN6	Q6ZN16	3DID_Pkinase_LIG_1-29	PF00069	3did	1	75	79
reverse	Q8ZDX8	Q9BXM7	3DID_Pkinase_LIG_1-29	PF00069	3did	1	199	203
reverse	Q8ZIY3	P35626	3DID_Pkinase_LIG_1-29	PF00069	3did	1	283	287
reverse	A0A0F7R416	Q5HYK7	3DID_SH3_1_LIG_6-40	PF00018	3did	1	359	362
reverse	B7UM99	P16333	3DID_SH3_1_LIG_6-40	PF00018	3did	1	19	22
reverse	Q5WMC9	P16333	3DID_SH3_1_LIG_6-40	PF00018	3did	1	19	22
reverse	Q81QG0	Q8IZP0	3DID_SH3_1_LIG_6-40	PF00018	3did	1	379	382
reverse	Q8D0R4	Q86UR1	3DID_SH3_1_LIG_6-40	PF00018	3did	1	432	435
reverse	P58680	P43034	3DID_WD40_LIG_12-1	PF00400	3did	1	78	83
reverse	Q5NEY7	Q3MJ13	3DID_WD40_LIG_12-1	PF00400	3did	1	13	17
reverse	Q6KNA9	Q6ZMY6	3DID_WD40_LIG_12-1	PF00400	3did	2	223	228
reverse	Q7CJF3	Q9C0C7	3DID_WD40_LIG_12-1	PF00400	3did	2	340	344
reverse	Q81VT8	Q9C0C7	3DID_WD40_LIG_12-1	PF00400	3did	1	993	997
reverse	Q81WA0	Q92828	3DID_WD40_LIG_12-1	PF00400	3did	1	932	937
reverse	Q8CZX8	P31146	3DID_WD40_LIG_12-1	PF00400	3did	1	54	58
reverse	Q8ZCQ2	Q96BP3	3DID_WD40_LIG_12-1	PF00400	3did	1	804	808
reverse	Q8ZHG7	Q9H1Z4	3DID_WD40_LIG_12-1	PF00400	3did	1	291	296
reverse	Q8ZII0	Q9H7Q5	3DID_WD40_LIG_12-1	PF00400	3did	4	196	201
reverse	A0A0H3NF38	O43684	3DID_WD40_LIG_7-0	PF00400	3did	2	380	385
reverse	P17778	Q6ZMY6	3DID_WD40_LIG_7-0	PF00400	3did	1	109	114
reverse	P17778	Q96BP3	3DID_WD40_LIG_7-0	PF00400	3did	1	109	114
reverse	P62616	Q8TEQ6	3DID_WD40_LIG_7-0	PF00400	3did	1	5	10
reverse	Q5NEY7	Q3MJ13	3DID_WD40_LIG_7-0	PF00400	3did	1	18	22
reverse	Q5NGE6	O43815	3DID_WD40_LIG_7-0	PF00400	3did	1	578	583
reverse	Q5NID9	P31146	3DID_WD40_LIG_7-0	PF00400	3did	1	295	300
reverse	Q81UI7	E9KL35	3DID_WD40_LIG_7-0	PF00400	3did	1	161	166
reverse	Q81UI7	P63244	3DID_WD40_LIG_7-0	PF00400	3did	1	161	166
reverse	Q81VT8	Q9C0C7	3DID_WD40_LIG_7-0	PF00400	3did	1	1123	1128
reverse	Q81WA0	Q92828	3DID_WD40_LIG_7-0	PF00400	3did	2	396	400
reverse	Q81WR4	Q8TEQ6	3DID_WD40_LIG_7-0	PF00400	3did	2	23	29
reverse	Q8ZCQ2	Q96BP3	3DID_WD40_LIG_7-0	PF00400	3did	1	84	89
reverse	Q8ZES0	Q58WW2	3DID_WD40_LIG_7-0	PF00400	3did	1	143	148
reverse	Q8ZJ16	Q9NNW5	3DID_WD40_LIG_7-0	PF00400	3did	1	101	106
reverse	Q5NGE6	O43815	DEG_APCC_KENBOX_2	PF00400	ELM	1	370	375
reverse	Q6KMS8	E9KL35	DEG_APCC_KENBOX_2	PF00400	ELM	1	104	109
reverse	Q6KMS8	P63244	DEG_APCC_KENBOX_2	PF00400	ELM	1	104	109
reverse	Q81KV7	Q6ZMY6	DEG_APCC_KENBOX_2	PF00400	ELM	1	157	162
reverse	P30690	O43187	DOC_MAPK_NFAT4_5	PF00069	ELM	1	2	11
reverse	P30690	P51617	DOC_MAPK_NFAT4_5	PF00069	ELM	1	2	11
reverse	P30690	Q13233	DOC_MAPK_NFAT4_5	PF00069	ELM	1	2	11
reverse	P55980	Q7KZI7	DOC_MAPK_NFAT4_5	PF00069	ELM	1	1038	1047
reverse	Q5NH37	Q5VST9	DOC_MAPK_NFAT4_5	PF00069	ELM	1	5	14
reverse	Q5NID1	Q9H4A3	DOC_MAPK_NFAT4_5	PF00069	ELM	1	120	129
reverse	Q81LB8	P27448	DOC_MAPK_NFAT4_5	PF00069	ELM	1	355	364
reverse	Q8D0H6	Q9H2X6	DOC_MAPK_NFAT4_5	PF00069	ELM	1	925	934
reverse	Q8ZDX4	Q9BQI3	DOC_MAPK_NFAT4_5	PF00069	ELM	1	238	247
reverse	Q8ZD36	Q9Y2T2	LIG_deltaCOP1_diTrp_1	PF00928	ELM	3	172	180
reverse	Q5NF74	E9KL35	LIG_EH1_1	PF00400	ELM	1	411	420
reverse	Q5NF74	P63244	LIG_EH1_1	PF00400	ELM	1	411	420
reverse	Q5NF74	Q6ZS81	LIG_EH1_1	PF00400	ELM	1	411	420
reverse	Q7CIZ3	Q15751	LIG_EH1_1	PF00400	ELM	1	615	624
reverse	Q81KT8	Q9Y6I7	LIG_EH1_1	PF00400	ELM	1	500	509
reverse	Q81UI7	E9KL35	LIG_EH1_1	PF00400	ELM	1	642	651
reverse	Q81UI7	P63244	LIG_EH1_1	PF00400	ELM	1	642	651
reverse	Q8D016	Q13685	LIG_EH1_1	PF00400	ELM	1	52	61
reverse	Q8ZCQ2	Q96BP3	LIG_EH1_1	PF00400	ELM	1	11	20
reverse	Q8ZC49	O60573	LIG_eIF4E_1	PF01652	ELM	1	279	286
reverse	P0DJ88	O00401	LIG_GBD_Chelix_1	PF00786	ELM	5	129	138
reverse	B7UM99	P16333	LIG_SH2_NCK_1	PF00017	ELM	2	451	458
reverse	B7UM99	P29350	LIG_SH2_NCK_1	PF00017	ELM	2	451	458
reverse	P30690	Q06187	LIG_SH2_NCK_1	PF00017	ELM	2	146	153
reverse	P80200	Q06124	LIG_SH2_NCK_1	PF00017	ELM	3	890	897
reverse	Q5NEC0	P52630	LIG_SH2_NCK_1	PF00017	ELM	1	845	852
reverse	Q5NET8	P40763	LIG_SH2_NCK_1	PF00017	ELM	1	685	692
reverse	Q5NEU6	O15357	LIG_SH2_NCK_1	PF00017	ELM	1	221	228
reverse	Q5NI79	P07332	LIG_SH2_NCK_1	PF00017	ELM	1	262	269
reverse	Q5NID2	P27986	LIG_SH2_NCK_1	PF00017	ELM	3	578	585
reverse	Q5NIP5	P42226	LIG_SH2_NCK_1	PF00017	ELM	1	324	331
reverse	Q5WMC9	P16333	LIG_SH2_NCK_1	PF00017	ELM	2	451	458
reverse	Q81VT8	P16333	LIG_SH2_NCK_1	PF00017	ELM	1	1052	1059
reverse	Q8D192	P42224	LIG_SH2_NCK_1	PF00017	ELM	1	549	556
reverse	Q8Z9R8	P42226	LIG_SH2_NCK_1	PF00017	ELM	1	374	381
reverse	Q8ZA97	P42224	LIG_SH2_NCK_1	PF00017	ELM	1	348	355
reverse	Q8ZDJ2	P29350	LIG_SH2_NCK_1	PF00017	ELM	1	1595	1602
reverse	Q8ZGK8	P51451	LIG_SH2_NCK_1	PF00017	ELM	1	114	121
reverse	Q8ZH69	Q13588	LIG_SH2_NCK_1	PF00017	ELM	1	80	87
reverse	Q8ZJB3	P42226	LIG_SH2_NCK_1	PF00017	ELM	1	201	208
reverse	Q9ZLT1	Q06124	LIG_SH2_NCK_1	PF00017	ELM	2	896	903
reverse	P30690	Q06187	LIG_TYR_ITSM	PF00017	ELM	1	19	27
reverse	Q81JW1	P43403	LIG_TYR_ITSM	PF00017	ELM	1	407	415
reverse	Q81VT8	P16333	LIG_TYR_ITSM	PF00017	ELM	1	541	549
reverse	Q8ZHI8	P42226	LIG_TYR_ITSM	PF00017	ELM	1	557	565
reverse	Q5NHE7	Q96QZ7	LIG_WW_1	PF00397	ELM	1	534	538
reverse	P04949	O43187	MOD_PKB_1	PF00069	ELM	1	90	99
reverse	P04949	P51617	MOD_PKB_1	PF00069	ELM	1	90	99
reverse	P04949	Q13233	MOD_PKB_1	PF00069	ELM	1	90	99
reverse	Q5NHK6	P27448	MOD_PKB_1	PF00069	ELM	1	147	156
reverse	Q5NID1	Q9H4A3	MOD_PKB_1	PF00069	ELM	1	309	318
reverse	Q5NID2	Q9H2G2	MOD_PKB_1	PF00069	ELM	1	344	353
reverse	Q8CWG4	P24723	MOD_PKB_1	PF00069	ELM	1	10	19
reverse	Q8D0H8	P05771	MOD_PKB_1	PF00069	ELM	1	386	395
reverse	Q8D1K1	Q96KG9	MOD_PKB_1	PF00069	ELM	1	262	271
reverse	Q8XC86	O75716	MOD_PKB_1	PF00069	ELM	1	285	294
reverse	Q8ZDX4	Q9BQI3	MOD_PKB_1	PF00069	ELM	1	142	151
reverse	A0A0H3NF38	P61981	3DID_14-3-3_LIG_0-21	PF00244	3did	4	235	239
reverse	Q8ZG99	D0PNI1	3DID_14-3-3_LIG_0-21	PF00244	3did	1	663	667
reverse	Q8ZG99	P62258	3DID_14-3-3_LIG_0-21	PF00244	3did	1	663	667
reverse	Q8ZG99	P63104	3DID_14-3-3_LIG_0-21	PF00244	3did	1	663	667
reverse	Q51451	D0PNI1	3DID_14-3-3_LIG_0-9	PF00244	3did	1	145	149
reverse	Q51451	P27348	3DID_14-3-3_LIG_0-9	PF00244	3did	1	145	149
reverse	Q51451	P31946	3DID_14-3-3_LIG_0-9	PF00244	3did	1	145	149
reverse	Q51451	P31947	3DID_14-3-3_LIG_0-9	PF00244	3did	1	145	149
reverse	Q51451	P61981	3DID_14-3-3_LIG_0-9	PF00244	3did	1	145	149
reverse	Q51451	P62258	3DID_14-3-3_LIG_0-9	PF00244	3did	1	145	149
reverse	Q51451	P63104	3DID_14-3-3_LIG_0-9	PF00244	3did	1	145	149
reverse	Q51451	Q04917	3DID_14-3-3_LIG_0-9	PF00244	3did	1	145	149
reverse	Q7ARN5	D0PNI1	3DID_14-3-3_LIG_0-9	PF00244	3did	1	101	105
reverse	Q7ARN5	P63104	3DID_14-3-3_LIG_0-9	PF00244	3did	1	101	105
reverse	Q8ZG99	D0PNI1	3DID_14-3-3_LIG_0-9	PF00244	3did	1	1146	1150
reverse	Q8ZG99	P62258	3DID_14-3-3_LIG_0-9	PF00244	3did	1	1146	1150
reverse	Q8ZG99	P63104	3DID_14-3-3_LIG_0-9	PF00244	3did	1	1146	1150
reverse	Q933J5	D0PNI1	3DID_14-3-3_LIG_0-9	PF00244	3did	1	145	149
reverse	Q933J5	P63104	3DID_14-3-3_LIG_0-9	PF00244	3did	1	145	149
reverse	A0A0H3NF38	P61981	3DID_14-3-3_LIG_4-11	PF00244	3did	2	469	472
reverse	A0A0H3NF38	P61981	3DID_14-3-3_LIG_5-15	PF00244	3did	1	26	32
reverse	Q51451	D0PNI1	3DID_14-3-3_LIG_5-15	PF00244	3did	1	81	87
reverse	Q51451	P27348	3DID_14-3-3_LIG_5-15	PF00244	3did	1	81	87
reverse	Q51451	P31946	3DID_14-3-3_LIG_5-15	PF00244	3did	1	81	87
reverse	Q51451	P31947	3DID_14-3-3_LIG_5-15	PF00244	3did	1	81	87
reverse	Q51451	P61981	3DID_14-3-3_LIG_5-15	PF00244	3did	1	81	87
reverse	Q51451	P62258	3DID_14-3-3_LIG_5-15	PF00244	3did	1	81	87
reverse	Q51451	P63104	3DID_14-3-3_LIG_5-15	PF00244	3did	1	81	87
reverse	Q51451	Q04917	3DID_14-3-3_LIG_5-15	PF00244	3did	1	81	87
reverse	Q933J5	D0PNI1	3DID_14-3-3_LIG_5-15	PF00244	3did	1	81	87
reverse	Q933J5	P63104	3DID_14-3-3_LIG_5-15	PF00244	3did	1	81	87
reverse	A0A0H3NF38	P61981	3DID_14-3-3_LIG_7-2	PF00244	3did	2	469	472
reverse	A0A0H3NF38	P61981	3DID_14-3-3_LIG_8-20	PF00244	3did	2	469	472
reverse	Q81U22	Q8TDY2	3DID_ATG11_LIG_0-1	PF10377	3did	1	116	121
reverse	Q8ZEX9	Q8TDY2	3DID_ATG11_LIG_0-1	PF10377	3did	1	160	165
reverse	Q5NEC0	P63261	3DID_Actin_LIG_27-7	PF00022	3did	1	92	96
reverse	P17778	Q6UB98	3DID_Ank_2_LIG_4-14	PF12796	3did	3	163	171
reverse	P31527	P19838	3DID_Ank_2_LIG_4-14	PF12796	3did	1	504	512
reverse	Q5NEH0	Q9BYB0	3DID_Ank_2_LIG_4-14	PF12796	3did	2	81	89
reverse	Q5NFN3	Q6UB99	3DID_Ank_2_LIG_4-14	PF12796	3did	1	159	167
reverse	Q5NFN4	Q96KQ4	3DID_Ank_2_LIG_4-14	PF12796	3did	1	229	237
reverse	Q5NGB2	P19838	3DID_Ank_2_LIG_4-14	PF12796	3did	3	61	69
reverse	Q5NGF9	P19838	3DID_Ank_2_LIG_4-14	PF12796	3did	1	509	517
reverse	Q5NH42	P19838	3DID_Ank_2_LIG_4-14	PF12796	3did	1	170	178
reverse	Q5NH99	Q14161	3DID_Ank_2_LIG_4-14	PF12796	3did	1	10	18
reverse	Q5NHH1	Q9Y2X7	3DID_Ank_2_LIG_4-14	PF12796	3did	1	18	26
reverse	Q5NI74	Q6UB98	3DID_Ank_2_LIG_4-14	PF12796	3did	1	76	84
reverse	Q7CFY4	P46531	3DID_Ank_2_LIG_4-14	PF12796	3did	1	1945	1953
reverse	Q81JG2	P19838	3DID_Ank_2_LIG_4-14	PF12796	3did	1	164	172
reverse	Q81QB5	P19838	3DID_Ank_2_LIG_4-14	PF12796	3did	1	290	298
reverse	Q81TW1	Q8N283	3DID_Ank_2_LIG_4-14	PF12796	3did	2	680	688
reverse	Q81UM1	P19838	3DID_Ank_2_LIG_4-14	PF12796	3did	1	509	517
reverse	Q81W03	Q14161	3DID_Ank_2_LIG_4-14	PF12796	3did	1	618	626
reverse	Q81ZG1	Q13625	3DID_Ank_2_LIG_4-14	PF12796	3did	2	471	479
reverse	Q8D007	P19838	3DID_Ank_2_LIG_4-14	PF12796	3did	1	57	65
reverse	Q8D1H3	P19838	3DID_Ank_2_LIG_4-14	PF12796	3did	1	209	217
reverse	Q8D1K0	P19838	3DID_Ank_2_LIG_4-14	PF12796	3did	1	64	72
reverse	Q8ZCW0	P19838	3DID_Ank_2_LIG_4-14	PF12796	3did	1	502	510
reverse	Q8ZCW0	P46531	3DID_Ank_2_LIG_4-14	PF12796	3did	1	502	510
reverse	Q8ZEL2	P19838	3DID_Ank_2_LIG_4-14	PF12796	3did	1	179	187
reverse	Q8ZEU8	P19838	3DID_Ank_2_LIG_4-14	PF12796	3did	1	212	220
reverse	Q8ZGA9	P19838	3DID_Ank_2_LIG_4-14	PF12796	3did	1	61	69
reverse	Q8ZII0	P19838	3DID_Ank_2_LIG_4-14	PF12796	3did	2	365	373
reverse	Q8ZJI2	P46531	3DID_Ank_2_LIG_4-14	PF12796	3did	1	552	560
reverse	Q9RI12	P19838	3DID_Ank_2_LIG_4-14	PF12796	3did	2	185	193
reverse	Q9Z3B4	P19838	3DID_Ank_2_LIG_4-14	PF12796	3did	1	3	11
reverse	Q81VT8	P35222	3DID_Arm_LIG_1-7	PF00514	3did	1	914	917
reverse	Q81JT7	P35222	3DID_Arm_LIG_2-12	PF00514	3did	1	58	63
reverse	Q81JT7	P35222	3DID_Arm_LIG_2-3	PF00514	3did	1	384	389
reverse	Q81VT8	P35222	3DID_Arm_LIG_2-3	PF00514	3did	1	914	917
reverse	Q8ZC18	P35222	3DID_Arm_LIG_2-3	PF00514	3did	1	250	254
reverse	Q81JT7	P35222	3DID_Arm_LIG_2-69	PF00514	3did	1	476	479
reverse	Q81VT8	P35222	3DID_Arm_LIG_2-69	PF00514	3did	2	187	190
reverse	Q8ZAB3	P35222	3DID_Arm_LIG_2-69	PF00514	3did	1	305	308
reverse	Q8ZC18	P35222	3DID_Arm_LIG_2-69	PF00514	3did	1	96	99
reverse	Q81VT8	P35222	3DID_Arm_LIG_4-3	PF00514	3did	1	914	917
reverse	Q5NEM9	O15131	3DID_Arm_LIG_5-1	PF00514	3did	1	322	326
reverse	Q5NEM9	P35222	3DID_Arm_LIG_5-1	PF00514	3did	1	322	326
reverse	Q8ZC18	P35222	3DID_Arm_LIG_5-1	PF00514	3did	1	97	101
reverse	Q81VT8	P35222	3DID_Arm_LIG_6-12	PF00514	3did	1	544	548
reverse	Q8D1G8	P35222	3DID_Arm_LIG_6-12	PF00514	3did	1	196	200
reverse	Q81JT7	P35222	3DID_Arm_LIG_6-8	PF00514	3did	1	384	389
reverse	Q81VT8	P35222	3DID_Arm_LIG_6-8	PF00514	3did	1	914	917
reverse	Q8ZC18	P35222	3DID_Arm_LIG_6-8	PF00514	3did	1	250	254
reverse	Q5NEC8	Q9ULD4	3DID_Bromodomain_LIG_6-71	PF00439	3did	3	209	214
reverse	Q5NHX9	Q15326	3DID_Bromodomain_LIG_6-71	PF00439	3did	1	47	52
reverse	Q81TW1	P55201	3DID_Bromodomain_LIG_6-71	PF00439	3did	1	293	298
reverse	Q81X75	P21675	3DID_Bromodomain_LIG_6-71	PF00439	3did	1	85	90
reverse	Q7ARH5	P46939	3DID_CH_LIG_2-0	PF00307	3did	1	59	67
reverse	Q81JW1	Q9UPN3	3DID_CH_LIG_2-0	PF00307	3did	1	68	76
reverse	Q81VT8	P46940	3DID_CH_LIG_2-0	PF00307	3did	2	315	323
reverse	Q8ZGW7	Q5M775	3DID_CH_LIG_2-0	PF00307	3did	1	331	339
reverse	Q5NHC6	Q99653	3DID_EF-hand_7_LIG_1-4	PF13499	3did	1	25	33
reverse	P40136	B4DJ51	3DID_EF-hand_7_LIG_5-12	PF13499	3did	2	40	48
reverse	P40136	Q9BRL5	3DID_EF-hand_7_LIG_5-12	PF13499	3did	2	40	48
reverse	Q5NF52	Q7LDG7	3DID_EF-hand_7_LIG_5-12	PF13499	3did	1	442	450
reverse	Q5NIP5	B4DJ51	3DID_EF-hand_7_LIG_5-12	PF13499	3did	1	348	356
reverse	Q81Y46	Q99828	3DID_EF-hand_7_LIG_5-12	PF13499	3did	1	197	205
reverse	Q5NID1	Q96CW5	3DID_GCP_C_terminal_LIG_4-0	PF04130	3did	6	81	89
reverse	Q81VT8	Q99460	3DID_HEAT_2_LIG_1-5	PF13646	3did	1	581	589
reverse	Q81WR4	F1D8R5	3DID_Hormone_recep_LIG_1-0	PF00104	3did	1	572	580
reverse	Q81WR4	P62508	3DID_Hormone_recep_LIG_1-0	PF00104	3did	1	572	580
reverse	Q5NFX6	Q5T2W1	3DID_PDZ_LIG_0-1	PF00595	3did	2	30	33
reverse	Q5NGC7	P53671	3DID_PDZ_LIG_0-1	PF00595	3did	1	39	42
reverse	Q5NGR8	Q96SB3	3DID_PDZ_LIG_0-1	PF00595	3did	1	493	496
reverse	Q5NIJ0	Q5T2W1	3DID_PDZ_LIG_0-1	PF00595	3did	1	466	469
reverse	Q81VT8	Q96SB3	3DID_PDZ_LIG_0-1	PF00595	3did	1	786	789
reverse	Q81ZE7	Q8TF65	3DID_PDZ_LIG_0-1	PF00595	3did	1	36	39
reverse	A0A0F7R9R7	O14641	3DID_PDZ_LIG_0-2	PF00595	3did	1	179	184
reverse	O68759	O00560	3DID_PDZ_LIG_0-2	PF00595	3did	2	85	90
reverse	Q5NEC0	Q96QZ7	3DID_PDZ_LIG_0-2	PF00595	3did	2	929	934
reverse	Q5NEC0	Q9NR12	3DID_PDZ_LIG_0-2	PF00595	3did	2	929	934
reverse	Q5NEN3	Q8TF65	3DID_PDZ_LIG_0-2	PF00595	3did	1	312	317
reverse	Q5NEY1	O14641	3DID_PDZ_LIG_0-2	PF00595	3did	1	72	77
reverse	Q5NF16	O75970	3DID_PDZ_LIG_0-2	PF00595	3did	1	131	136
reverse	Q5NFA1	O00560	3DID_PDZ_LIG_0-2	PF00595	3did	1	401	406
reverse	Q5NFK7	O60759	3DID_PDZ_LIG_0-2	PF00595	3did	2	452	457
reverse	Q5NFX6	Q5T2W1	3DID_PDZ_LIG_0-2	PF00595	3did	1	235	240
reverse	Q5NGR8	Q96SB3	3DID_PDZ_LIG_0-2	PF00595	3did	1	491	496
reverse	Q5NHD9	O14641	3DID_PDZ_LIG_0-2	PF00595	3did	1	170	175
reverse	Q5NHG8	Q76G19	3DID_PDZ_LIG_0-2	PF00595	3did	2	29	34
reverse	Q5NI40	O00560	3DID_PDZ_LIG_0-2	PF00595	3did	1	576	581
reverse	Q5NI89	O00560	3DID_PDZ_LIG_0-2	PF00595	3did	1	397	402
reverse	Q5NI89	Q8NI35	3DID_PDZ_LIG_0-2	PF00595	3did	1	397	402
reverse	Q5NID9	Q96RT1	3DID_PDZ_LIG_0-2	PF00595	3did	1	223	228
reverse	Q5NIH2	P49796	3DID_PDZ_LIG_0-2	PF00595	3did	3	32	37
reverse	Q81L31	Q8TF65	3DID_PDZ_LIG_0-2	PF00595	3did	2	555	560
reverse	Q81VT8	Q96SB3	3DID_PDZ_LIG_0-2	PF00595	3did	1	18	23
reverse	Q81Z36	O00560	3DID_PDZ_LIG_0-2	PF00595	3did	1	5	10
reverse	Q8ZDF8	O00560	3DID_PDZ_LIG_0-2	PF00595	3did	2	151	156
reverse	Q9X6B7	Q9HD26	3DID_PDZ_LIG_0-2	PF00595	3did	1	66	71
reverse	Q5NEB4	Q92614	3DID_PDZ_LIG_4-1	PF00595	3did	1	40	43
reverse	Q5NEC0	Q96QZ7	3DID_PDZ_LIG_4-1	PF00595	3did	1	377	380
reverse	Q5NEC0	Q9NR12	3DID_PDZ_LIG_4-1	PF00595	3did	1	377	380
reverse	Q5NGR3	Q02410	3DID_PDZ_LIG_4-1	PF00595	3did	2	178	181
reverse	Q5NGR8	Q96SB3	3DID_PDZ_LIG_4-1	PF00595	3did	1	613	616
reverse	Q5NHS6	O75970	3DID_PDZ_LIG_4-1	PF00595	3did	1	301	304
reverse	Q5NIP6	O14641	3DID_PDZ_LIG_4-1	PF00595	3did	1	127	130
reverse	Q81VT8	Q96SB3	3DID_PDZ_LIG_4-1	PF00595	3did	2	213	216
reverse	Q8ZJN2	Q5T2W1	3DID_PDZ_LIG_4-1	PF00595	3did	1	196	199
reverse	Q5NEC0	Q96QZ7	3DID_PDZ_LIG_4-6	PF00595	3did	1	1239	1242
reverse	Q5NEC0	Q9NR12	3DID_PDZ_LIG_4-6	PF00595	3did	1	1239	1242
reverse	Q5NFA1	O00560	3DID_PDZ_LIG_4-6	PF00595	3did	1	198	201
reverse	Q5NFX6	Q5T2W1	3DID_PDZ_LIG_4-6	PF00595	3did	1	30	33
reverse	Q5NGR8	Q96SB3	3DID_PDZ_LIG_4-6	PF00595	3did	1	493	496
reverse	Q5NI40	O00560	3DID_PDZ_LIG_4-6	PF00595	3did	1	238	241
reverse	Q5NIJ0	Q5T2W1	3DID_PDZ_LIG_4-6	PF00595	3did	2	76	79
reverse	Q81L31	Q8TF65	3DID_PDZ_LIG_4-6	PF00595	3did	1	793	796
reverse	Q81ZE7	Q8TF65	3DID_PDZ_LIG_4-6	PF00595	3did	1	36	39
reverse	Q8CZW9	O14907	3DID_PDZ_LIG_4-6	PF00595	3did	1	156	159
reverse	Q8XAJ5	Q12959	3DID_PDZ_LIG_4-6	PF00595	3did	1	171	174
reverse	Q8ZAN0	Q9NR12	3DID_PDZ_LIG_4-6	PF00595	3did	1	252	255
reverse	Q8ZEU8	O00560	3DID_PDZ_LIG_4-6	PF00595	3did	1	94	97
reverse	Q8ZJ10	O14908	3DID_PDZ_LIG_4-6	PF00595	3did	2	4	7
reverse	P68587	P49796	3DID_PDZ_LIG_8-10	PF00595	3did	1	201	204
reverse	Q8CZH6	Q15599	3DID_PDZ_LIG_8-10	PF00595	3did	1	134	137
reverse	Q8CZW9	O14907	3DID_PDZ_LIG_8-10	PF00595	3did	1	260	263
reverse	Q8ZDF8	O00560	3DID_PDZ_LIG_8-10	PF00595	3did	1	484	487
reverse	Q5NFX6	Q5T2W1	3DID_PDZ_LIG_8-3	PF00595	3did	2	30	33
reverse	Q5NGC7	P53671	3DID_PDZ_LIG_8-3	PF00595	3did	1	39	42
reverse	Q5NGR8	Q96SB3	3DID_PDZ_LIG_8-3	PF00595	3did	1	493	496
reverse	Q5NIJ0	Q5T2W1	3DID_PDZ_LIG_8-3	PF00595	3did	1	466	469
reverse	Q81VT8	Q96SB3	3DID_PDZ_LIG_8-3	PF00595	3did	1	786	789
reverse	Q81ZE7	Q8TF65	3DID_PDZ_LIG_8-3	PF00595	3did	1	36	39
reverse	P04949	Q9NWZ3	3DID_PK_Tyr_Ser-Thr_LIG_6-0	PF07714	3did	1	230	236
reverse	Q5NHF2	Q02763	3DID_PK_Tyr_Ser-Thr_LIG_6-0	PF07714	3did	1	151	157
reverse	Q6KNA9	Q12852	3DID_PK_Tyr_Ser-Thr_LIG_6-0	PF07714	3did	2	219	225
reverse	Q81MN9	Q9UHY1	3DID_PK_Tyr_Ser-Thr_LIG_6-0	PF07714	3did	1	672	678
reverse	Q81VW3	P07332	3DID_PK_Tyr_Ser-Thr_LIG_6-0	PF07714	3did	1	226	232
reverse	P55980	Q7KZI7	3DID_Pkinase_LIG_11-0	PF00069	3did	1	684	689
reverse	P69986	Q9UHD2	3DID_Pkinase_LIG_11-0	PF00069	3did	1	128	133
reverse	Q5NID2	Q9H2G2	3DID_Pkinase_LIG_11-0	PF00069	3did	2	453	458
reverse	Q81LC5	Q15831	3DID_Pkinase_LIG_11-0	PF00069	3did	1	149	154
reverse	Q81VT8	P17612	3DID_Pkinase_LIG_11-0	PF00069	3did	3	405	410
reverse	Q81VT8	P27448	3DID_Pkinase_LIG_11-0	PF00069	3did	3	405	410
reverse	Q8D1K1	Q96KG9	3DID_Pkinase_LIG_11-0	PF00069	3did	1	262	267
reverse	Q8ZBC2	Q16539	3DID_Pkinase_LIG_11-0	PF00069	3did	1	288	293
reverse	Q8ZC51	Q9BXM7	3DID_Pkinase_LIG_11-0	PF00069	3did	2	265	270
reverse	P0A0I7	P00533	3DID_Recep_L_domain_LIG_0-1	PF01030	3did	1	73	81
reverse	Q5NEB4	P00533	3DID_Recep_L_domain_LIG_0-1	PF01030	3did	1	329	337
reverse	Q5NFP9	P06213	3DID_Recep_L_domain_LIG_0-1	PF01030	3did	2	191	199
reverse	Q8ZA76	Q96L73	3DID_SET_LIG_3-2	PF00856	3did	1	111	117
reverse	Q5NID2	P27986	3DID_SH2_LIG_1-1	PF00017	3did	1	1031	1034
reverse	Q81WM8	P42226	3DID_SH2_LIG_1-1	PF00017	3did	1	62	65
reverse	Q81X78	P40763	3DID_SH2_LIG_1-1	PF00017	3did	1	274	277
reverse	Q8Z9R8	P42226	3DID_SH2_LIG_1-1	PF00017	3did	1	376	379
reverse	Q8ZHI8	P42226	3DID_SH2_LIG_1-1	PF00017	3did	1	659	662
reverse	Q8ZJB3	P42226	3DID_SH2_LIG_1-1	PF00017	3did	1	203	206
reverse	P30690	Q06187	3DID_SH2_LIG_1-17	PF00017	3did	1	219	222
reverse	Q5NET8	P40763	3DID_SH2_LIG_1-17	PF00017	3did	4	659	662
reverse	Q5NF75	P06239	3DID_SH2_LIG_1-17	PF00017	3did	1	327	330
reverse	Q5NGF9	P06239	3DID_SH2_LIG_1-17	PF00017	3did	1	85	88
reverse	Q5NGF9	P40763	3DID_SH2_LIG_1-17	PF00017	3did	1	85	88
reverse	Q5NI79	P07332	3DID_SH2_LIG_1-17	PF00017	3did	1	377	380
reverse	Q8D192	P42224	3DID_SH2_LIG_1-17	PF00017	3did	2	295	298
reverse	Q8ZDJ2	P29350	3DID_SH2_LIG_1-17	PF00017	3did	2	903	906
reverse	Q81K85	P27986	3DID_SH2_LIG_1-3	PF00017	3did	1	150	154
reverse	P80200	Q06124	3DID_SH2_LIG_1-30	PF00017	3did	1	501	505
reverse	Q5NEG0	P06239	3DID_SH2_LIG_1-30	PF00017	3did	1	103	107
reverse	Q5NGF9	P06239	3DID_SH2_LIG_1-30	PF00017	3did	1	84	88
reverse	Q5NGF9	P40763	3DID_SH2_LIG_1-30	PF00017	3did	1	84	88
reverse	Q8ZDJ2	P29350	3DID_SH2_LIG_1-30	PF00017	3did	1	1326	1330
reverse	Q9ZLT1	Q06124	3DID_SH2_LIG_1-30	PF00017	3did	1	505	509
reverse	Q5NGV3	O00459	3DID_SH2_LIG_1-5	PF00017	3did	1	42	47
reverse	Q81K85	P27986	3DID_SH2_LIG_1-5	PF00017	3did	2	150	154
reverse	Q8ZDJ2	P29350	3DID_SH2_LIG_1-5	PF00017	3did	1	1974	1979
reverse	Q81JW1	P43403	3DID_SH2_LIG_1-8	PF00017	3did	2	42	46
reverse	Q81K85	P27986	3DID_SH2_LIG_1-8	PF00017	3did	1	194	198
reverse	Q8D192	P42224	3DID_SH2_LIG_1-8	PF00017	3did	1	551	555
reverse	Q8ZA97	P42224	3DID_SH2_LIG_1-8	PF00017	3did	1	37	41
reverse	Q8ZDJ2	P29350	3DID_SH2_LIG_1-8	PF00017	3did	1	1164	1168
reverse	B7UM99	P16333	3DID_SH2_LIG_4-1	PF00017	3did	1	470	476
reverse	B7UM99	P29350	3DID_SH2_LIG_4-1	PF00017	3did	1	470	476
reverse	Q5NET8	P40763	3DID_SH2_LIG_4-1	PF00017	3did	1	1060	1066
reverse	Q5NID2	P27986	3DID_SH2_LIG_4-1	PF00017	3did	1	69	75
reverse	Q5NIP5	P42226	3DID_SH2_LIG_4-1	PF00017	3did	1	301	307
reverse	Q5WMC9	P16333	3DID_SH2_LIG_4-1	PF00017	3did	1	470	476
reverse	Q8ZDJ2	P29350	3DID_SH2_LIG_4-1	PF00017	3did	1	604	610
reverse	Q8ZH69	Q13588	3DID_SH2_LIG_4-1	PF00017	3did	1	78	84
reverse	Q81JW1	P43403	3DID_SH2_LIG_4-15	PF00017	3did	1	245	249
reverse	Q81VT8	P16333	3DID_SH2_LIG_4-15	PF00017	3did	1	87	91
reverse	B7UM99	P16333	3DID_SH2_LIG_4-4	PF00017	3did	1	510	514
reverse	B7UM99	P29350	3DID_SH2_LIG_4-4	PF00017	3did	1	510	514
reverse	Q5NET8	P40763	3DID_SH2_LIG_4-4	PF00017	3did	1	1019	1023
reverse	Q5NEU6	O15357	3DID_SH2_LIG_4-4	PF00017	3did	1	3	8
reverse	Q5NID2	P27986	3DID_SH2_LIG_4-4	PF00017	3did	2	25	28
reverse	Q5WMC9	P16333	3DID_SH2_LIG_4-4	PF00017	3did	1	510	514
reverse	Q7CJG3	P07948	3DID_SH2_LIG_4-4	PF00017	3did	1	100	104
reverse	Q7DB77	P29350	3DID_SH2_LIG_4-4	PF00017	3did	1	518	524
reverse	Q81K85	P27986	3DID_SH2_LIG_4-4	PF00017	3did	1	176	182
reverse	Q81PS6	P40763	3DID_SH2_LIG_4-4	PF00017	3did	1	78	82
reverse	Q81VW3	P07332	3DID_SH2_LIG_4-4	PF00017	3did	1	164	168
reverse	Q81X78	P40763	3DID_SH2_LIG_4-4	PF00017	3did	1	403	408
reverse	Q8D014	P42226	3DID_SH2_LIG_4-4	PF00017	3did	3	94	99
reverse	Q8D192	P42224	3DID_SH2_LIG_4-4	PF00017	3did	1	126	131
reverse	Q8Z9R8	P42226	3DID_SH2_LIG_4-4	PF00017	3did	2	434	439
reverse	Q8ZDJ2	P29350	3DID_SH2_LIG_4-4	PF00017	3did	7	35	40
reverse	Q8ZHI8	P42226	3DID_SH2_LIG_4-4	PF00017	3did	2	228	233
reverse	P10844	Q16623	3DID_Syntaxin_LIG_1-3	PF00804	3did	2	231	239
reverse	P18640	Q16623	3DID_Syntaxin_LIG_1-3	PF00804	3did	1	795	803
reverse	P19321	Q16623	3DID_Syntaxin_LIG_1-3	PF00804	3did	1	791	799
reverse	P30996	Q16623	3DID_Syntaxin_LIG_1-3	PF00804	3did	1	644	652
reverse	Q60393	Q16623	3DID_Syntaxin_LIG_1-3	PF00804	3did	1	231	239
reverse	Q81VT8	O15294	3DID_TPR_12_LIG_2-3	PF13424	3did	1	681	689
reverse	P30690	Q9Y4K3	3DID_TRAF-mep_MATH_LIG_0-8	PF21355	3did	1	201	204
reverse	P18177	Q9NQS3	3DID_V-set_LIG_136-1	PF07686	3did	2	136	140
reverse	P59807	P13611	3DID_V-set_LIG_136-1	PF07686	3did	1	132	136
reverse	Q8D0R4	Q96S86	3DID_V-set_LIG_136-1	PF07686	3did	1	174	178
reverse	Q8ZCW0	Q96RL6	3DID_V-set_LIG_136-1	PF07686	3did	1	748	752
reverse	Q8CZX8	P31146	3DID_WD40_LIG_12-10	PF00400	3did	1	8	13
reverse	Q8ZCQ2	Q96BP3	3DID_WD40_LIG_12-10	PF00400	3did	2	163	168
reverse	Q5NHX0	E9KL35	3DID_WD40_LIG_9-1	PF00400	3did	1	307	312
reverse	Q5NHX0	P63244	3DID_WD40_LIG_9-1	PF00400	3did	1	307	312
reverse	Q8ZHG7	Q9H1Z4	3DID_WD40_LIG_9-1	PF00400	3did	1	267	272
reverse	Q5NGW2	Q9BTA9	3DID_WW_LIG_0-0	PF00397	3did	1	157	162
reverse	Q5NHE7	Q96QZ7	3DID_WW_LIG_0-0	PF00397	3did	1	534	538
reverse	Q7DB77	P29350	3DID_Y_phosphatase_LIG_0-6	PF00102	3did	1	134	138
reverse	Q8ZDJ2	P29350	3DID_Y_phosphatase_LIG_0-6	PF00102	3did	2	542	545
reverse	Q8ZIL4	P08575	3DID_Y_phosphatase_LIG_0-6	PF00102	3did	1	257	261
reverse	Q7CG77	Q9BQI3	DOC_MAPK_JIP1_4	PF00069	ELM	1	56	63
reverse	Q81X77	Q16512	DOC_MAPK_JIP1_4	PF00069	ELM	1	2	9
reverse	P69986	Q9UHD2	DOC_MAPK_RevD_3	PF00069	ELM	1	258	275
reverse	Q5NID1	Q9H4A3	DOC_MAPK_RevD_3	PF00069	ELM	1	1338	1355
reverse	Q81KV7	O75385	DOC_MAPK_RevD_3	PF00069	ELM	1	337	353
reverse	Q81VT8	P17612	DOC_MAPK_RevD_3	PF00069	ELM	1	901	917
reverse	Q81VT8	P27448	DOC_MAPK_RevD_3	PF00069	ELM	1	901	917
reverse	Q8CZQ9	Q15746	DOC_MAPK_RevD_3	PF00069	ELM	1	79	94
reverse	Q8D1K1	Q96KG9	DOC_MAPK_RevD_3	PF00069	ELM	1	168	184
reverse	Q8ZJG9	Q6P3W7	DOC_MAPK_RevD_3	PF00069	ELM	1	412	427
reverse	Q5NEC0	P63261	LIG_Actin_WH2_2	PF00022	ELM	1	110	126
reverse	Q79RC1	Q9NZ32	LIG_Actin_WH2_2	PF00022	ELM	1	442	461
reverse	Q81MA4	P63261	LIG_Actin_WH2_2	PF00022	ELM	1	295	313
reverse	Q8ZCW0	Q9P1U1	LIG_Actin_WH2_2	PF00022	ELM	2	346	365
reverse	P15917	P61923	TRG_DiLeu_BaEn_4	PF01217	ELM	4	346	353
reverse	Q7ARN5	D0PNI1	3DID_14-3-3_LIG_11-0	PF00244	3did	2	39	44
reverse	Q7ARN5	P63104	3DID_14-3-3_LIG_11-0	PF00244	3did	2	39	44
reverse	Q7ARN5	D0PNI1	3DID_14-3-3_LIG_8-1	PF00244	3did	1	102	107
reverse	Q7ARN5	P63104	3DID_14-3-3_LIG_8-1	PF00244	3did	1	102	107
reverse	A0A0H3NF38	P61981	3DID_14-3-3_LIG_8-9	PF00244	3did	9	235	238
reverse	Q8ZG99	D0PNI1	3DID_14-3-3_LIG_8-9	PF00244	3did	2	148	151
reverse	Q8ZG99	P62258	3DID_14-3-3_LIG_8-9	PF00244	3did	2	148	151
reverse	Q8ZG99	P63104	3DID_14-3-3_LIG_8-9	PF00244	3did	2	148	151
reverse	P69955	P21462	3DID_7tm_1_LIG_20-1	PF00001	3did	1	500	508
reverse	Q5NID2	P32246	3DID_7tm_1_LIG_20-1	PF00001	3did	1	573	581
reverse	Q8CZW4	P32249	3DID_7tm_1_LIG_20-1	PF00001	3did	1	12	20
reverse	P69955	P21462	3DID_7tm_1_LIG_7-0	PF00001	3did	1	500	508
reverse	Q5NID2	P32246	3DID_7tm_1_LIG_7-0	PF00001	3did	1	573	581
reverse	Q8CZW4	P32249	3DID_7tm_1_LIG_7-0	PF00001	3did	1	12	20
reverse	Q5NFG5	P19838	3DID_Ank_2_LIG_4-15	PF12796	3did	1	119	127
reverse	Q7CGB6	P19838	3DID_Ank_2_LIG_4-15	PF12796	3did	1	201	209
reverse	Q7CH75	Q9BR61	3DID_Ank_2_LIG_4-15	PF12796	3did	1	208	216
reverse	Q81LR7	Q6UB98	3DID_Ank_2_LIG_4-15	PF12796	3did	1	68	76
reverse	Q8ZDG9	P19838	3DID_Ank_2_LIG_4-15	PF12796	3did	1	86	94
reverse	Q5NEC0	P19838	3DID_Ank_2_LIG_4-8	PF12796	3did	1	1176	1184
reverse	Q5NEC0	P25963	3DID_Ank_2_LIG_4-8	PF12796	3did	1	1176	1184
reverse	Q5NFG5	P19838	3DID_Ank_2_LIG_4-8	PF12796	3did	1	2	10
reverse	Q81KV7	Q8N283	3DID_Ank_2_LIG_4-8	PF12796	3did	1	297	305
reverse	Q81QG0	Q6ZTN6	3DID_Ank_2_LIG_4-8	PF12796	3did	1	238	246
reverse	Q81SC3	P19838	3DID_Ank_2_LIG_4-8	PF12796	3did	1	260	268
reverse	Q81TW1	Q8N283	3DID_Ank_2_LIG_4-8	PF12796	3did	1	359	367
reverse	Q81WY7	P19838	3DID_Ank_2_LIG_4-8	PF12796	3did	1	533	541
reverse	Q8ZBK0	P19838	3DID_Ank_2_LIG_4-8	PF12796	3did	1	351	359
reverse	Q8ZCW0	P19838	3DID_Ank_2_LIG_4-8	PF12796	3did	1	79	87
reverse	Q8ZCW0	P46531	3DID_Ank_2_LIG_4-8	PF12796	3did	1	79	87
reverse	Q7CHW4	P07339	3DID_Asp_LIG_2-1	PF00026	3did	1	253	257
reverse	Q8ZIH1	P07339	3DID_Asp_LIG_2-1	PF00026	3did	1	98	102
reverse	Q8D0B2	Q96PQ7	3DID_BTB_LIG_2-1	PF00651	3did	1	26	32
reverse	Q8ZAL3	Q53G59	3DID_BTB_LIG_2-1	PF00651	3did	1	544	550
reverse	Q5NEC8	Q9ULD4	3DID_Bromodomain_LIG_2-89	PF00439	3did	1	1157	1162
reverse	Q5NHX9	Q15326	3DID_Bromodomain_LIG_2-89	PF00439	3did	1	47	52
reverse	Q81ME0	Q9H0E9	3DID_Bromodomain_LIG_2-89	PF00439	3did	1	60	65
reverse	Q81TW1	P55201	3DID_Bromodomain_LIG_2-89	PF00439	3did	1	1212	1217
reverse	P40127	Q14094	3DID_Cyclin_N_LIG_4-1	PF00134	3did	3	195	199
reverse	Q81L10	Q9UK58	3DID_Cyclin_N_LIG_4-1	PF00134	3did	1	75	79
reverse	Q8ZHG8	P24863	3DID_Cyclin_N_LIG_4-1	PF00134	3did	2	414	418
reverse	Q81LQ9	P85037	3DID_FHA_LIG_0-0	PF00498	3did	1	27	31
reverse	Q5NI66	B2R4P9	3DID_Histone_LIG_16-27	PF00125	3did	1	409	413
reverse	Q5NI66	P84243	3DID_Histone_LIG_16-27	PF00125	3did	1	409	413
reverse	Q5NFP9	Q13952	3DID_Histone_LIG_4-0	PF00125	3did	1	572	576
reverse	Q8ZEK1	P23458	3DID_Jak1_Phl_LIG_0-0	PF17887	3did	1	19	23
reverse	Q5NHG8	Q76G19	3DID_PDZ_LIG_4-0	PF00595	3did	1	533	536
reverse	Q5NI89	O00560	3DID_PDZ_LIG_4-0	PF00595	3did	1	350	353
reverse	Q5NI89	Q8NI35	3DID_PDZ_LIG_4-0	PF00595	3did	1	350	353
reverse	Q5NIH2	P49796	3DID_PDZ_LIG_4-0	PF00595	3did	1	40	43
reverse	O68759	O00560	3DID_PDZ_LIG_4-16	PF00595	3did	1	164	168
reverse	P58526	O00560	3DID_PDZ_LIG_4-16	PF00595	3did	1	57	61
reverse	Q5NEC0	Q96QZ7	3DID_PDZ_LIG_4-16	PF00595	3did	2	548	552
reverse	Q5NEC0	Q9NR12	3DID_PDZ_LIG_4-16	PF00595	3did	2	548	552
reverse	Q5NEG0	O75970	3DID_PDZ_LIG_4-16	PF00595	3did	1	86	89
reverse	Q5NHE7	Q96QZ7	3DID_PDZ_LIG_4-16	PF00595	3did	3	147	150
reverse	Q5NHN0	Q7Z6J2	3DID_PDZ_LIG_4-16	PF00595	3did	1	430	433
reverse	Q5NI40	O00560	3DID_PDZ_LIG_4-16	PF00595	3did	1	842	847
reverse	Q5NID9	Q96RT1	3DID_PDZ_LIG_4-16	PF00595	3did	2	182	186
reverse	Q7ARN5	O75970	3DID_PDZ_LIG_4-16	PF00595	3did	1	307	311
reverse	Q81KT8	O00560	3DID_PDZ_LIG_4-16	PF00595	3did	1	560	563
reverse	Q81L31	Q8TF65	3DID_PDZ_LIG_4-16	PF00595	3did	1	9	12
reverse	Q81ME0	P49796	3DID_PDZ_LIG_4-16	PF00595	3did	2	186	191
reverse	Q81NT0	Q14005	3DID_PDZ_LIG_4-16	PF00595	3did	1	203	207
reverse	Q81VT8	Q96SB3	3DID_PDZ_LIG_4-16	PF00595	3did	1	661	664
reverse	Q8CZW9	O14907	3DID_PDZ_LIG_4-16	PF00595	3did	1	116	121
reverse	Q8ZBM5	Q8TEW8	3DID_PDZ_LIG_4-16	PF00595	3did	1	240	244
reverse	Q8ZJN2	Q5T2W1	3DID_PDZ_LIG_4-16	PF00595	3did	2	63	66
reverse	Q9X6B7	Q9HD26	3DID_PDZ_LIG_4-16	PF00595	3did	1	71	75
reverse	Q5NGV7	Q92918	3DID_Pkinase_LIG_5-28	PF00069	3did	1	118	123
reverse	Q81VT8	P17612	3DID_Pkinase_LIG_5-28	PF00069	3did	2	14	19
reverse	Q81VT8	P27448	3DID_Pkinase_LIG_5-28	PF00069	3did	2	14	19
reverse	Q8D0H6	Q9H2X6	3DID_Pkinase_LIG_5-28	PF00069	3did	1	708	713
reverse	Q8ZBC2	Q16539	3DID_Pkinase_LIG_5-28	PF00069	3did	1	253	258
reverse	Q5NGV7	P60953	3DID_Ras_LIG_1-0	PF00071	3did	1	400	408
reverse	Q5ZSM7	Q9H0U4	3DID_Ras_LIG_1-0	PF00071	3did	3	45	53
reverse	Q81QG0	A4D2P1	3DID_Ras_LIG_1-0	PF00071	3did	1	250	258
reverse	Q81QG0	P63000	3DID_Ras_LIG_1-0	PF00071	3did	1	250	258
reverse	Q8CKN6	P60953	3DID_Ras_LIG_1-0	PF00071	3did	1	387	395
reverse	Q8ZAG5	P61586	3DID_Ras_LIG_1-0	PF00071	3did	1	137	145
reverse	P80200	Q06124	3DID_SH2_LIG_1-13	PF00017	3did	2	890	896
reverse	Q9ZLT1	Q06124	3DID_SH2_LIG_1-13	PF00017	3did	1	896	902
reverse	Q5NET8	P40763	3DID_SH2_LIG_1-24	PF00017	3did	1	845	849
reverse	Q8ZDJ2	P29350	3DID_SH2_LIG_1-24	PF00017	3did	2	605	609
reverse	P10844	Q16623	3DID_Syntaxin_LIG_1-4	PF00804	3did	1	13	21
reverse	Q8ZII0	Q06643	3DID_TNF_LIG_2-0	PF00229	3did	2	273	278
reverse	Q5NHS4	O00481	3DID_V-set_LIG_34-1	PF07686	3did	1	372	380
reverse	Q5NF74	E9KL35	3DID_WD40_LIG_5-5	PF00400	3did	1	228	234
reverse	Q5NF74	P63244	3DID_WD40_LIG_5-5	PF00400	3did	1	228	234
reverse	Q5NF74	Q6ZS81	3DID_WD40_LIG_5-5	PF00400	3did	1	228	234
reverse	Q6KMS8	E9KL35	3DID_WD40_LIG_5-5	PF00400	3did	1	74	80
reverse	Q6KMS8	P63244	3DID_WD40_LIG_5-5	PF00400	3did	1	74	80
reverse	Q7CIZ3	Q15751	3DID_WD40_LIG_5-5	PF00400	3did	1	428	434
reverse	Q81KT8	Q9Y6I7	3DID_WD40_LIG_5-5	PF00400	3did	1	177	183
reverse	Q81U22	E9KL35	3DID_WD40_LIG_5-5	PF00400	3did	1	94	100
reverse	Q81U22	P63244	3DID_WD40_LIG_5-5	PF00400	3did	1	94	100
reverse	Q81U22	Q6ZMY6	3DID_WD40_LIG_5-5	PF00400	3did	1	94	100
reverse	Q81VT8	Q9C0C7	3DID_WD40_LIG_5-5	PF00400	3did	2	231	237
reverse	Q81X77	P31146	3DID_WD40_LIG_5-5	PF00400	3did	1	330	336
reverse	Q8D0H6	Q92828	3DID_WD40_LIG_5-5	PF00400	3did	1	674	680
reverse	Q8ZCQ2	Q96BP3	3DID_WD40_LIG_5-5	PF00400	3did	1	578	584
reverse	Q8ZIE7	Q9C0C7	3DID_WD40_LIG_5-5	PF00400	3did	1	165	171
reverse	Q8ZDJ2	P29350	3DID_Y_phosphatase_LIG_0-10	PF00102	3did	3	234	239
reverse	Q5NI33	P17706	3DID_Y_phosphatase_LIG_0-8	PF00102	3did	1	483	487
reverse	Q8D0N9	P18433	3DID_Y_phosphatase_LIG_0-8	PF00102	3did	1	690	693
reverse	Q8ZIL4	P08575	3DID_Y_phosphatase_LIG_0-8	PF00102	3did	1	39	44
reverse	Q5NEC8	Q9ULD4	3DID_Bromodomain_LIG_2-85	PF00439	3did	3	205	210
reverse	Q81TW1	P55201	3DID_Bromodomain_LIG_2-85	PF00439	3did	2	199	204
reverse	Q81QL7	P49368	3DID_Cpn60_TCP1_LIG_5-0	PF00118	3did	1	154	157
reverse	P0DKX7	B4DJ51	3DID_EF-hand_7_LIG_5-9	PF13499	3did	4	28	36
reverse	Q5NFV6	P30626	3DID_EF-hand_7_LIG_5-9	PF13499	3did	2	1	9
reverse	Q5NIP5	B4DJ51	3DID_EF-hand_7_LIG_5-9	PF13499	3did	2	302	310
reverse	Q74RZ6	Q99828	3DID_EF-hand_7_LIG_5-9	PF13499	3did	2	478	486
reverse	Q81LD0	P13796	3DID_EF-hand_7_LIG_5-9	PF13499	3did	1	69	77
reverse	Q8CZP1	O75340	3DID_EF-hand_7_LIG_5-9	PF13499	3did	2	303	311
reverse	Q8Z9V7	P37235	3DID_EF-hand_7_LIG_5-9	PF13499	3did	1	395	403
reverse	Q8ZE38	P24844	3DID_EF-hand_7_LIG_5-9	PF13499	3did	1	32	40
reverse	Q8ZGK8	Q8IV61	3DID_EF-hand_7_LIG_5-9	PF13499	3did	1	205	213
reverse	Q8ZI65	O75340	3DID_EF-hand_7_LIG_5-9	PF13499	3did	1	256	264
reverse	P17778	P49796	3DID_PDZ_LIG_0-28	PF00595	3did	1	57	62
reverse	P58526	O00560	3DID_PDZ_LIG_0-28	PF00595	3did	1	145	151
reverse	Q5NEC0	Q96QZ7	3DID_PDZ_LIG_0-28	PF00595	3did	1	1040	1045
reverse	Q5NEC0	Q9NR12	3DID_PDZ_LIG_0-28	PF00595	3did	1	1040	1045
reverse	Q5NHP5	O00560	3DID_PDZ_LIG_0-28	PF00595	3did	1	930	935
reverse	Q5NID9	Q96RT1	3DID_PDZ_LIG_0-28	PF00595	3did	1	230	236
reverse	Q5NIJ0	Q5T2W1	3DID_PDZ_LIG_0-28	PF00595	3did	1	257	263
reverse	Q7ARN6	P49796	3DID_PDZ_LIG_0-28	PF00595	3did	1	100	106
reverse	Q81VT8	Q96SB3	3DID_PDZ_LIG_0-28	PF00595	3did	4	424	430
reverse	Q8CLE6	Q9P2F8	3DID_PDZ_LIG_0-28	PF00595	3did	1	12	18
reverse	Q8D195	O43166	3DID_PDZ_LIG_0-28	PF00595	3did	1	316	322
reverse	P17778	Q14289	3DID_PK_Tyr_Ser-Thr_LIG_6-1	PF07714	3did	1	390	394
reverse	Q5NFP9	P06213	3DID_PK_Tyr_Ser-Thr_LIG_6-1	PF07714	3did	1	516	520
reverse	P17778	Q9UEE5	3DID_Pkinase_LIG_11-10	PF00069	3did	1	68	72
reverse	P69986	Q9UHD2	3DID_Pkinase_LIG_11-10	PF00069	3did	1	340	344
reverse	Q7CG77	Q9BQI3	3DID_Pkinase_LIG_11-10	PF00069	3did	1	7	11
reverse	Q7DB77	O75716	3DID_Pkinase_LIG_11-10	PF00069	3did	1	98	102
reverse	Q81VT3	Q92918	3DID_Pkinase_LIG_11-10	PF00069	3did	1	494	498
reverse	Q8D1K1	Q96KG9	3DID_Pkinase_LIG_11-10	PF00069	3did	1	112	116
reverse	Q8ZAQ2	O95819	3DID_Pkinase_LIG_11-10	PF00069	3did	1	216	220
reverse	Q8ZBC2	Q16539	3DID_Pkinase_LIG_11-10	PF00069	3did	2	656	660
reverse	Q8ZJ74	Q9NZJ5	3DID_Pkinase_LIG_11-10	PF00069	3did	1	110	114
reverse	Q93KU8	Q15418	3DID_Pkinase_LIG_11-10	PF00069	3did	1	68	72
reverse	Q93KU8	Q16513	3DID_Pkinase_LIG_11-10	PF00069	3did	1	68	72
reverse	Q5NIE3	O43439	LIG_MYND_1	PF01753	ELM	1	285	290
reverse	B7UM99	O75716	MOD_CDK_SPxK_1	PF00069	ELM	1	47	54
reverse	D0ZVG2	Q16512	MOD_CDK_SPxK_1	PF00069	ELM	1	175	182
reverse	P69986	Q9UHD2	MOD_CDK_SPxK_1	PF00069	ELM	1	6	13
reverse	Q5NGA0	Q96KG9	MOD_CDK_SPxK_1	PF00069	ELM	2	76	83
reverse	Q5NGV3	P27448	MOD_CDK_SPxK_1	PF00069	ELM	1	89	96
reverse	Q5NGV7	Q92918	MOD_CDK_SPxK_1	PF00069	ELM	1	37	44
reverse	Q5NHK6	P27448	MOD_CDK_SPxK_1	PF00069	ELM	1	141	148
reverse	Q7CIZ7	P27448	MOD_CDK_SPxK_1	PF00069	ELM	2	45	52
reverse	Q7DB77	O75716	MOD_CDK_SPxK_1	PF00069	ELM	1	45	52
reverse	Q81KV7	O75385	MOD_CDK_SPxK_1	PF00069	ELM	2	206	213
reverse	Q81VT8	P17612	MOD_CDK_SPxK_1	PF00069	ELM	1	540	547
reverse	Q81VT8	P27448	MOD_CDK_SPxK_1	PF00069	ELM	1	540	547
reverse	Q81VV7	P15735	MOD_CDK_SPxK_1	PF00069	ELM	1	18	25
reverse	Q8D0H6	Q9H2X6	MOD_CDK_SPxK_1	PF00069	ELM	2	353	360
reverse	Q8D0H8	P05771	MOD_CDK_SPxK_1	PF00069	ELM	1	240	247
reverse	Q8XA11	P49759	MOD_CDK_SPxK_1	PF00069	ELM	1	220	227
reverse	Q8ZAA1	Q13523	MOD_CDK_SPxK_1	PF00069	ELM	1	608	615
reverse	Q8ZAQ2	O95819	MOD_CDK_SPxK_1	PF00069	ELM	1	16	23
reverse	Q8ZDX8	Q9BXM7	MOD_CDK_SPxK_1	PF00069	ELM	2	184	191
reverse	Q8ZIY3	P35626	MOD_CDK_SPxK_1	PF00069	ELM	1	445	452
reverse	Q8ZJ74	Q9NZJ5	MOD_CDK_SPxK_1	PF00069	ELM	1	59	66
reverse	Q9X6B0	Q96KG9	MOD_CDK_SPxK_1	PF00069	ELM	3	37	44
reverse	Q51451	D0PNI1	3DID_14-3-3_LIG_10-7	PF00244	3did	3	113	118
reverse	Q51451	P27348	3DID_14-3-3_LIG_10-7	PF00244	3did	3	113	118
reverse	Q51451	P31946	3DID_14-3-3_LIG_10-7	PF00244	3did	3	113	118
reverse	Q51451	P31947	3DID_14-3-3_LIG_10-7	PF00244	3did	3	113	118
reverse	Q51451	P61981	3DID_14-3-3_LIG_10-7	PF00244	3did	3	113	118
reverse	Q51451	P62258	3DID_14-3-3_LIG_10-7	PF00244	3did	3	113	118
reverse	Q51451	P63104	3DID_14-3-3_LIG_10-7	PF00244	3did	3	113	118
reverse	Q51451	Q04917	3DID_14-3-3_LIG_10-7	PF00244	3did	3	113	118
reverse	Q8ZG99	D0PNI1	3DID_14-3-3_LIG_10-7	PF00244	3did	2	723	728
reverse	Q8ZG99	P62258	3DID_14-3-3_LIG_10-7	PF00244	3did	2	723	728
reverse	Q8ZG99	P63104	3DID_14-3-3_LIG_10-7	PF00244	3did	2	723	728
reverse	Q933J5	D0PNI1	3DID_14-3-3_LIG_10-7	PF00244	3did	3	113	118
reverse	Q933J5	P63104	3DID_14-3-3_LIG_10-7	PF00244	3did	3	113	118
reverse	P17778	Q6UB98	3DID_Ank_2_LIG_4-17	PF12796	3did	9	82	90
reverse	P58526	P19838	3DID_Ank_2_LIG_4-17	PF12796	3did	1	206	214
reverse	P69974	P19838	3DID_Ank_2_LIG_4-17	PF12796	3did	1	63	71
reverse	Q5NGB2	P19838	3DID_Ank_2_LIG_4-17	PF12796	3did	1	201	209
reverse	Q81KV7	Q8N283	3DID_Ank_2_LIG_4-17	PF12796	3did	1	206	214
reverse	Q81TW1	Q8N283	3DID_Ank_2_LIG_4-17	PF12796	3did	2	245	253
reverse	Q8D1H3	P19838	3DID_Ank_2_LIG_4-17	PF12796	3did	1	238	246
reverse	Q8ZD27	P19838	3DID_Ank_2_LIG_4-17	PF12796	3did	1	248	256
reverse	Q8ZDG9	P19838	3DID_Ank_2_LIG_4-17	PF12796	3did	1	14	22
reverse	Q8ZJ18	P19838	3DID_Ank_2_LIG_4-17	PF12796	3did	2	32	40
reverse	Q8ZJI2	P46531	3DID_Ank_2_LIG_4-17	PF12796	3did	1	823	831
reverse	P17778	Q6UB98	3DID_Ank_2_LIG_9-15	PF12796	3did	1	47	53
reverse	Q5NIQ1	P19838	3DID_Ank_2_LIG_9-15	PF12796	3did	1	36	42
reverse	Q7ARN5	P19838	3DID_Ank_2_LIG_9-15	PF12796	3did	1	250	256
reverse	Q7CH75	Q9BR61	3DID_Ank_2_LIG_9-15	PF12796	3did	1	130	136
reverse	Q81W03	Q14161	3DID_Ank_2_LIG_9-15	PF12796	3did	1	338	344
reverse	Q8CKD8	P19838	3DID_Ank_2_LIG_9-15	PF12796	3did	1	390	396
reverse	Q8D1H3	P19838	3DID_Ank_2_LIG_9-15	PF12796	3did	1	1354	1360
reverse	Q8D1K0	P19838	3DID_Ank_2_LIG_9-15	PF12796	3did	1	180	186
reverse	Q8D1M6	Q9UM47	3DID_Ank_2_LIG_9-15	PF12796	3did	1	591	597
reverse	Q8ZCV9	P19838	3DID_Ank_2_LIG_9-15	PF12796	3did	1	490	496
reverse	Q8ZDG9	P19838	3DID_Ank_2_LIG_9-15	PF12796	3did	1	168	174
reverse	A0A0H3JFN8	Q9UK73	3DID_Ank_2_LIG_9-18	PF12796	3did	1	56	62
reverse	P17778	Q6UB98	3DID_Ank_2_LIG_9-18	PF12796	3did	1	47	53
reverse	P58526	P19838	3DID_Ank_2_LIG_9-18	PF12796	3did	1	273	278
reverse	Q5NFB8	P19838	3DID_Ank_2_LIG_9-18	PF12796	3did	1	153	160
reverse	Q5NIQ1	P19838	3DID_Ank_2_LIG_9-18	PF12796	3did	1	36	42
reverse	Q7ARN5	P19838	3DID_Ank_2_LIG_9-18	PF12796	3did	1	250	256
reverse	Q7CH75	Q9BR61	3DID_Ank_2_LIG_9-18	PF12796	3did	1	130	136
reverse	Q81TW1	Q8N283	3DID_Ank_2_LIG_9-18	PF12796	3did	1	651	657
reverse	Q81W03	Q14161	3DID_Ank_2_LIG_9-18	PF12796	3did	1	338	344
reverse	Q81Y46	Q6ZTN6	3DID_Ank_2_LIG_9-18	PF12796	3did	1	8	13
reverse	Q8CKD8	P19838	3DID_Ank_2_LIG_9-18	PF12796	3did	2	128	133
reverse	Q8D0V3	P19838	3DID_Ank_2_LIG_9-18	PF12796	3did	1	257	262
reverse	Q8D1H3	P19838	3DID_Ank_2_LIG_9-18	PF12796	3did	1	1354	1360
reverse	Q8D1K0	P19838	3DID_Ank_2_LIG_9-18	PF12796	3did	1	180	186
reverse	Q8D1M6	Q9UM47	3DID_Ank_2_LIG_9-18	PF12796	3did	1	591	597
reverse	Q8ZBN2	Q9Y575	3DID_Ank_2_LIG_9-18	PF12796	3did	1	418	424
reverse	Q8ZCT6	P19838	3DID_Ank_2_LIG_9-18	PF12796	3did	1	297	304
reverse	Q8ZCV9	P19838	3DID_Ank_2_LIG_9-18	PF12796	3did	3	213	218
reverse	Q8ZCW0	P19838	3DID_Ank_2_LIG_9-18	PF12796	3did	1	992	997
reverse	Q8ZCW0	P46531	3DID_Ank_2_LIG_9-18	PF12796	3did	1	992	997
reverse	Q8ZDG9	P19838	3DID_Ank_2_LIG_9-18	PF12796	3did	1	168	174
reverse	Q8ZEL9	P19838	3DID_Ank_2_LIG_9-18	PF12796	3did	1	23	28
reverse	Q8ZII0	P19838	3DID_Ank_2_LIG_9-18	PF12796	3did	1	140	146
reverse	Q8ZJI2	P46531	3DID_Ank_2_LIG_9-18	PF12796	3did	1	159	166
reverse	Q9RI12	P19838	3DID_Ank_2_LIG_9-18	PF12796	3did	1	49	56
reverse	Q9Z3B4	P19838	3DID_Ank_2_LIG_9-18	PF12796	3did	1	263	269
reverse	P17778	Q6UB98	3DID_Ank_LIG_2-6	PF00023	3did	9	82	90
reverse	Q8ZJI2	P46531	3DID_Ank_LIG_2-6	PF00023	3did	1	823	831
reverse	Q81TW1	P55201	3DID_Bromodomain_LIG_2-92	PF00439	3did	2	97	100
reverse	Q5NHD1	Q9H5I1	3DID_Chromo_LIG_2-48	PF00385	3did	1	85	89
reverse	Q5ZUS4	P45973	3DID_Chromo_LIG_2-48	PF00385	3did	2	182	186
reverse	Q5ZUS4	Q13185	3DID_Chromo_LIG_2-48	PF00385	3did	2	182	186
reverse	Q81KT8	Q3L8U1	3DID_Chromo_LIG_2-48	PF00385	3did	2	92	95
reverse	Q81TW1	A8K9Y5	3DID_Chromo_LIG_2-48	PF00385	3did	2	560	565
reverse	Q8ZAC2	Q14839	3DID_Chromo_LIG_2-48	PF00385	3did	2	65	69
reverse	Q8CZZ7	P11474	3DID_Hormone_recep_LIG_8-6	PF00104	3did	1	572	580
reverse	Q5NEC0	Q96QZ7	3DID_PDZ_LIG_0-53	PF00595	3did	1	392	396
reverse	Q5NEC0	Q9NR12	3DID_PDZ_LIG_0-53	PF00595	3did	1	392	396
reverse	Q5NF16	O75970	3DID_PDZ_LIG_0-53	PF00595	3did	1	261	265
reverse	Q5NGR8	Q96SB3	3DID_PDZ_LIG_0-53	PF00595	3did	1	38	42
reverse	Q5NID9	Q96RT1	3DID_PDZ_LIG_0-53	PF00595	3did	3	150	154
reverse	Q81KT8	O00560	3DID_PDZ_LIG_0-53	PF00595	3did	1	300	304
reverse	Q81VT8	Q96SB3	3DID_PDZ_LIG_0-53	PF00595	3did	1	1075	1079
reverse	Q81ZE7	Q8TF65	3DID_PDZ_LIG_0-53	PF00595	3did	1	105	109
reverse	Q8CLE6	Q9P2F8	3DID_PDZ_LIG_0-53	PF00595	3did	1	67	71
reverse	Q8XAJ5	Q12959	3DID_PDZ_LIG_0-53	PF00595	3did	1	356	360
reverse	Q8ZJ10	O14908	3DID_PDZ_LIG_0-53	PF00595	3did	1	164	168
reverse	Q7CGI0	O00560	3DID_PDZ_LIG_8-27	PF00595	3did	1	354	358
reverse	Q81KT8	O00560	3DID_PDZ_LIG_8-27	PF00595	3did	1	532	536
reverse	Q8ZCQ2	Q96BP3	3DID_Pro_isomerase_LIG_1-0	PF00160	3did	1	1030	1033
reverse	P58543	Q9H0N0	3DID_Ras_LIG_2-0	PF00071	3did	1	97	105
reverse	P74873	A4D2P1	3DID_Ras_LIG_2-0	PF00071	3did	1	260	268
reverse	P74873	P60953	3DID_Ras_LIG_2-0	PF00071	3did	1	260	268
reverse	P74873	P63000	3DID_Ras_LIG_2-0	PF00071	3did	1	260	268
reverse	Q46342	A4D2P1	3DID_Ras_LIG_2-0	PF00071	3did	1	1753	1761
reverse	Q46342	P01111	3DID_Ras_LIG_2-0	PF00071	3did	1	1753	1761
reverse	Q46342	P01112	3DID_Ras_LIG_2-0	PF00071	3did	1	1753	1761
reverse	Q46342	P01116	3DID_Ras_LIG_2-0	PF00071	3did	1	1753	1761
reverse	Q46342	P63000	3DID_Ras_LIG_2-0	PF00071	3did	1	1753	1761
reverse	Q51451	A4D2P1	3DID_Ras_LIG_2-0	PF00071	3did	1	32	40
reverse	Q51451	P63000	3DID_Ras_LIG_2-0	PF00071	3did	1	32	40
reverse	Q56061	P51151	3DID_Ras_LIG_2-0	PF00071	3did	1	223	231
reverse	Q5NH32	P15153	3DID_Ras_LIG_2-0	PF00071	3did	1	224	232
reverse	Q5ZSM7	Q9H0U4	3DID_Ras_LIG_2-0	PF00071	3did	1	604	612
reverse	Q7BU69	P62820	3DID_Ras_LIG_2-0	PF00071	3did	1	382	390
reverse	Q93SQ2	A4D2P1	3DID_Ras_LIG_2-0	PF00071	3did	1	32	40
reverse	Q93SQ2	P63000	3DID_Ras_LIG_2-0	PF00071	3did	1	32	40
reverse	B7UM99	P16333	3DID_SH3_1_LIG_1-20	PF00018	3did	1	69	73
reverse	Q81ZG1	Q13625	3DID_SH3_1_LIG_1-20	PF00018	3did	1	425	429
reverse	Q81ZG1	Q9NZM3	3DID_SH3_1_LIG_1-20	PF00018	3did	1	425	429
reverse	B7UM99	P16333	3DID_SH3_1_LIG_2-2	PF00018	3did	2	16	21
reverse	O84760	Q06187	3DID_SH3_1_LIG_2-2	PF00018	3did	1	501	505
reverse	Q5NFN4	Q96KQ4	3DID_SH3_1_LIG_2-2	PF00018	3did	1	316	322
reverse	Q5WMC9	P16333	3DID_SH3_1_LIG_2-2	PF00018	3did	2	16	21
reverse	Q81VT8	P16333	3DID_SH3_1_LIG_2-2	PF00018	3did	1	241	246
reverse	Q8XAJ5	Q12959	3DID_SH3_1_LIG_2-2	PF00018	3did	1	192	198
reverse	Q8ZGK8	P51451	3DID_SH3_1_LIG_2-2	PF00018	3did	1	233	238
reverse	B7UM99	P16333	3DID_SH3_1_LIG_4-8	PF00018	3did	2	16	21
reverse	O84760	Q06187	3DID_SH3_1_LIG_4-8	PF00018	3did	1	501	505
reverse	Q5NFN4	Q96KQ4	3DID_SH3_1_LIG_4-8	PF00018	3did	1	316	322
reverse	Q5WMC9	P16333	3DID_SH3_1_LIG_4-8	PF00018	3did	2	16	21
reverse	Q81VT8	P16333	3DID_SH3_1_LIG_4-8	PF00018	3did	1	241	246
reverse	Q8XAJ5	Q12959	3DID_SH3_1_LIG_4-8	PF00018	3did	1	192	198
reverse	Q8ZGK8	P51451	3DID_SH3_1_LIG_4-8	PF00018	3did	1	233	238
reverse	B7UM99	Q14247	3DID_SH3_9_LIG_0-1	PF14604	3did	2	66	75
reverse	B7UM99	Q9UHR4	3DID_SH3_9_LIG_0-1	PF14604	3did	2	66	75
reverse	Q7DB77	Q9UHR4	3DID_SH3_9_LIG_0-1	PF14604	3did	1	66	75
reverse	B7UM99	Q14247	3DID_SH3_9_LIG_0-3	PF14604	3did	4	16	23
reverse	B7UM99	Q9UHR4	3DID_SH3_9_LIG_0-3	PF14604	3did	4	16	23
reverse	P0DJ88	Q9UHR4	3DID_SH3_9_LIG_0-3	PF14604	3did	10	106	113
reverse	Q5NHZ4	Q14511	3DID_SH3_9_LIG_0-3	PF14604	3did	1	43	46
reverse	Q7DB77	Q9UHR4	3DID_SH3_9_LIG_0-3	PF14604	3did	4	16	23
reverse	Q7DB85	Q8WV41	3DID_SH3_9_LIG_0-3	PF14604	3did	7	72	79
reverse	Q9F287	Q9Y371	3DID_SH3_9_LIG_0-3	PF14604	3did	1	233	239
reverse	B7UM99	Q14247	3DID_SH3_9_LIG_1-4	PF14604	3did	4	16	23
reverse	B7UM99	Q9UHR4	3DID_SH3_9_LIG_1-4	PF14604	3did	4	16	23
reverse	P0DJ88	Q9UHR4	3DID_SH3_9_LIG_1-4	PF14604	3did	10	106	113
reverse	Q5NHZ4	Q14511	3DID_SH3_9_LIG_1-4	PF14604	3did	1	43	46
reverse	Q7DB77	Q9UHR4	3DID_SH3_9_LIG_1-4	PF14604	3did	4	16	23
reverse	Q7DB85	Q8WV41	3DID_SH3_9_LIG_1-4	PF14604	3did	7	72	79
reverse	Q9F287	Q9Y371	3DID_SH3_9_LIG_1-4	PF14604	3did	1	233	239
reverse	B5Z6S0	Q9Y4K3	3DID_TRAF-mep_MATH_LIG_0-23	PF21355	3did	2	565	569
reverse	Q5NF74	E9KL35	3DID_WD40_LIG_7-13	PF00400	3did	1	513	516
reverse	Q5NF74	P63244	3DID_WD40_LIG_7-13	PF00400	3did	1	513	516
reverse	Q5NF74	Q6ZS81	3DID_WD40_LIG_7-13	PF00400	3did	1	513	516
reverse	Q7CIZ3	Q15751	3DID_WD40_LIG_7-13	PF00400	3did	1	1036	1039
reverse	Q81VT8	Q9C0C7	3DID_WD40_LIG_7-13	PF00400	3did	1	141	144
reverse	Q81X77	P31146	3DID_WD40_LIG_7-13	PF00400	3did	1	233	236
reverse	Q5NFN4	Q9GZV5	3DID_WW_LIG_0-35	PF00397	3did	1	316	321
reverse	Q51451	D0PNI1	3DID_14-3-3_LIG_0-35	PF00244	3did	1	145	150
reverse	Q51451	P27348	3DID_14-3-3_LIG_0-35	PF00244	3did	1	145	150
reverse	Q51451	P31946	3DID_14-3-3_LIG_0-35	PF00244	3did	1	145	150
reverse	Q51451	P31947	3DID_14-3-3_LIG_0-35	PF00244	3did	1	145	150
reverse	Q51451	P61981	3DID_14-3-3_LIG_0-35	PF00244	3did	1	145	150
reverse	Q51451	P62258	3DID_14-3-3_LIG_0-35	PF00244	3did	1	145	150
reverse	Q51451	P63104	3DID_14-3-3_LIG_0-35	PF00244	3did	1	145	150
reverse	Q51451	Q04917	3DID_14-3-3_LIG_0-35	PF00244	3did	1	145	150
reverse	Q8ZG99	D0PNI1	3DID_14-3-3_LIG_0-35	PF00244	3did	1	186	191
reverse	Q8ZG99	P62258	3DID_14-3-3_LIG_0-35	PF00244	3did	1	186	191
reverse	Q8ZG99	P63104	3DID_14-3-3_LIG_0-35	PF00244	3did	1	186	191
reverse	Q933J5	D0PNI1	3DID_14-3-3_LIG_0-35	PF00244	3did	1	145	150
reverse	Q933J5	P63104	3DID_14-3-3_LIG_0-35	PF00244	3did	1	145	150
reverse	Q5ZUS4	P45973	3DID_Chromo_LIG_2-2	PF00385	3did	2	182	186
reverse	Q5ZUS4	Q13185	3DID_Chromo_LIG_2-2	PF00385	3did	2	182	186
reverse	Q81KT8	Q3L8U1	3DID_Chromo_LIG_2-2	PF00385	3did	1	92	95
reverse	Q8ZAC2	Q14839	3DID_Chromo_LIG_2-2	PF00385	3did	2	65	69
reverse	O68759	O00560	3DID_PDZ_LIG_0-37	PF00595	3did	1	247	252
reverse	P46359	O00560	3DID_PDZ_LIG_0-37	PF00595	3did	1	242	247
reverse	Q5NEB4	Q92614	3DID_PDZ_LIG_0-37	PF00595	3did	1	348	353
reverse	Q81L10	O00560	3DID_PDZ_LIG_0-37	PF00595	3did	1	35	40
reverse	Q9X6B7	Q9HD26	3DID_PDZ_LIG_0-37	PF00595	3did	1	122	127
reverse	O68759	O00560	3DID_PDZ_LIG_3-1	PF00595	3did	1	247	252
reverse	P46359	O00560	3DID_PDZ_LIG_3-1	PF00595	3did	1	242	247
reverse	Q5NEB4	Q92614	3DID_PDZ_LIG_3-1	PF00595	3did	1	348	353
reverse	Q81L10	O00560	3DID_PDZ_LIG_3-1	PF00595	3did	1	35	40
reverse	Q9X6B7	Q9HD26	3DID_PDZ_LIG_3-1	PF00595	3did	1	122	127
reverse	P42713	Q9UK58	DOC_CYCLIN_yClb1_LxF_4	PF00134	ELM	1	209	215
reverse	B7UM99	P16333	LIG_SH3_1	PF00018	ELM	1	63	70
reverse	Q5NF74	P19878	LIG_SH3_1	PF00018	ELM	1	47	54
reverse	Q5NGV7	O94875	LIG_SH3_1	PF00018	ELM	2	222	229
reverse	Q5NGV7	Q6FGM0	LIG_SH3_1	PF00018	ELM	2	222	229
reverse	Q5NGV7	Q99961	LIG_SH3_1	PF00018	ELM	2	222	229
reverse	Q81VT8	P16333	LIG_SH3_1	PF00018	ELM	1	238	245
reverse	Q8ZGK8	P51451	LIG_SH3_1	PF00018	ELM	1	343	350
reverse	P69955	P21462	3DID_7tm_1_LIG_16-0	PF00001	3did	1	307	315
reverse	P69955	P21462	3DID_7tm_1_LIG_20-0	PF00001	3did	1	307	315
reverse	P69955	P21462	3DID_7tm_1_LIG_7-1	PF00001	3did	1	307	315
reverse	P69955	P21462	3DID_7tm_1_LIG_9-0	PF00001	3did	1	307	315
reverse	Q5NI66	B2R4P9	3DID_Histone_LIG_16-0	PF00125	3did	1	116	122
reverse	Q5NI66	P84243	3DID_Histone_LIG_16-0	PF00125	3did	1	116	122
reverse	Q5NH18	Q5T2W1	3DID_PDZ_LIG_0-15	PF00595	3did	1	7	12
reverse	Q5NIJ0	Q5T2W1	3DID_PDZ_LIG_0-15	PF00595	3did	1	424	429
reverse	Q81VT8	Q96SB3	3DID_PDZ_LIG_0-15	PF00595	3did	1	651	656
reverse	Q8CZW9	O14907	3DID_PDZ_LIG_0-15	PF00595	3did	1	238	243
reverse	Q5NIA8	P06241	3DID_PK_Tyr_Ser-Thr_LIG_2-0	PF07714	3did	1	156	163
reverse	Q5NIA8	Q13308	3DID_PK_Tyr_Ser-Thr_LIG_2-0	PF07714	3did	1	156	163
reverse	Q8ZJP8	P23458	3DID_PK_Tyr_Ser-Thr_LIG_2-0	PF07714	3did	1	198	205
reverse	P80200	Q06124	3DID_SH2_LIG_4-13	PF00017	3did	2	671	674
reverse	Q5NET8	P40763	3DID_SH2_LIG_4-13	PF00017	3did	2	972	975
reverse	Q5NGF9	P06239	3DID_SH2_LIG_4-13	PF00017	3did	1	272	275
reverse	Q5NGF9	P40763	3DID_SH2_LIG_4-13	PF00017	3did	1	272	275
reverse	Q8ZDJ2	P29350	3DID_SH2_LIG_4-13	PF00017	3did	1	1489	1492
reverse	Q9ZLT1	Q06124	3DID_SH2_LIG_4-13	PF00017	3did	1	675	678
reverse	Q5NFN4	Q96KQ4	3DID_SH3_1_LIG_1-13	PF00018	3did	1	315	319
reverse	Q5NGV7	O94875	3DID_SH3_1_LIG_1-13	PF00018	3did	1	210	214
reverse	Q5NGV7	Q6FGM0	3DID_SH3_1_LIG_1-13	PF00018	3did	1	210	214
reverse	Q5NGV7	Q99961	3DID_SH3_1_LIG_1-13	PF00018	3did	1	210	214
reverse	Q5NIE3	P31146	3DID_WD40_LIG_8-1	PF00400	3did	1	377	385
reverse	Q7CIZ7	Q6ZMY6	3DID_WD40_LIG_8-1	PF00400	3did	2	63	71
reverse	Q81V26	Q6ZMY6	3DID_WD40_LIG_8-1	PF00400	3did	1	204	212
reverse	Q81WA0	Q92828	3DID_WD40_LIG_8-1	PF00400	3did	2	76	84
reverse	B7UM99	Q9UHR4	LIG_IBAR_NPY_1	PF08397	ELM	1	451	454
reverse	B7UM99	Q9UQB8	LIG_IBAR_NPY_1	PF08397	ELM	1	451	454
reverse	Q7DB77	Q9UHR4	LIG_IBAR_NPY_1	PF08397	ELM	1	455	458
reverse	Q7DB77	Q9UQB8	LIG_IBAR_NPY_1	PF08397	ELM	1	455	458
reverse	B7UM99	P16333	LIG_SH3_2	PF00018	ELM	1	69	75
reverse	Q5NGV7	O94875	LIG_SH3_2	PF00018	ELM	1	563	569
reverse	Q5NGV7	Q6FGM0	LIG_SH3_2	PF00018	ELM	1	563	569
reverse	Q5NGV7	Q99961	LIG_SH3_2	PF00018	ELM	1	563	569
reverse	Q5WMC9	P16333	LIG_SH3_2	PF00018	ELM	1	69	75
reverse	Q8ZGK8	P51451	LIG_SH3_2	PF00018	ELM	1	233	239
reverse	B7UM99	Q9UQB8	LIG_SH3_2	PF07653	ELM	1	69	75
reverse	Q7DB77	Q9UQB8	LIG_SH3_2	PF07653	ELM	1	69	75
reverse	B7UM99	Q14247	LIG_SH3_2	PF14604	ELM	1	69	75
reverse	B7UM99	Q9UHR4	LIG_SH3_2	PF14604	ELM	1	69	75
reverse	Q5NGV7	O94875	LIG_SH3_2	PF14604	ELM	1	563	569
reverse	Q7DB77	Q9UHR4	LIG_SH3_2	PF14604	ELM	1	69	75
reverse	B7UM99	P16333	3DID_SH3_1_LIG_0-0	PF00018	3did	1	16	23
reverse	Q5WMC9	P16333	3DID_SH3_1_LIG_0-0	PF00018	3did	1	16	23
reverse	B7UM99	P16333	3DID_SH3_1_LIG_1-1	PF00018	3did	2	16	21
reverse	Q5NI85	Q12929	3DID_SH3_1_LIG_1-1	PF00018	3did	1	134	140
reverse	Q5WMC9	P16333	3DID_SH3_1_LIG_1-1	PF00018	3did	2	16	21
reverse	Q81VT8	P16333	3DID_SH3_1_LIG_1-1	PF00018	3did	1	1118	1124
reverse	Q8ZGK8	P51451	3DID_SH3_1_LIG_1-1	PF00018	3did	1	344	350
reverse	B7UM99	P16333	3DID_SH3_1_LIG_1-6	PF00018	3did	4	16	23
reverse	O84760	Q06187	3DID_SH3_1_LIG_1-6	PF00018	3did	1	501	505
reverse	Q5NFN4	Q96KQ4	3DID_SH3_1_LIG_1-6	PF00018	3did	1	316	322
reverse	Q5NI85	Q12929	3DID_SH3_1_LIG_1-6	PF00018	3did	1	134	140
reverse	Q5WMC9	P16333	3DID_SH3_1_LIG_1-6	PF00018	3did	3	16	23
reverse	Q81VT8	P16333	3DID_SH3_1_LIG_1-6	PF00018	3did	1	1118	1124
reverse	Q8XAJ5	Q12959	3DID_SH3_1_LIG_1-6	PF00018	3did	2	192	198
reverse	Q8ZGK8	P51451	3DID_SH3_1_LIG_1-6	PF00018	3did	2	233	240
reverse	B7UM99	P16333	3DID_SH3_1_LIG_2-0	PF00018	3did	1	16	23
reverse	Q5WMC9	P16333	3DID_SH3_1_LIG_2-0	PF00018	3did	1	16	23
reverse	B7UM99	P16333	3DID_SH3_1_LIG_4-0	PF00018	3did	1	16	23
reverse	Q5WMC9	P16333	3DID_SH3_1_LIG_4-0	PF00018	3did	1	16	23
reverse	B7UM99	P16333	3DID_SH3_1_LIG_4-1	PF00018	3did	3	17	23
reverse	Q5NI85	Q12929	3DID_SH3_1_LIG_4-1	PF00018	3did	1	134	140
reverse	Q5WMC9	P16333	3DID_SH3_1_LIG_4-1	PF00018	3did	3	17	23
reverse	Q81VT8	P16333	3DID_SH3_1_LIG_4-1	PF00018	3did	1	1118	1124
reverse	Q8ZGK8	P51451	3DID_SH3_1_LIG_4-1	PF00018	3did	1	344	350
reverse	B7UM99	P16333	3DID_SH3_1_LIG_4-9	PF00018	3did	3	16	21
reverse	O84760	Q06187	3DID_SH3_1_LIG_4-9	PF00018	3did	1	501	505
reverse	Q5NFN4	Q96KQ4	3DID_SH3_1_LIG_4-9	PF00018	3did	1	319	322
reverse	Q5NI85	Q12929	3DID_SH3_1_LIG_4-9	PF00018	3did	1	134	140
reverse	Q5WMC9	P16333	3DID_SH3_1_LIG_4-9	PF00018	3did	3	16	21
reverse	Q81VT8	P16333	3DID_SH3_1_LIG_4-9	PF00018	3did	1	1118	1124
reverse	Q8ZGK8	P51451	3DID_SH3_1_LIG_4-9	PF00018	3did	2	236	240
reverse	B7UM99	P16333	3DID_SH3_1_LIG_6-0	PF00018	3did	3	16	21
reverse	O84760	Q06187	3DID_SH3_1_LIG_6-0	PF00018	3did	1	501	505
reverse	Q5NI85	Q12929	3DID_SH3_1_LIG_6-0	PF00018	3did	1	134	140
reverse	Q5WMC9	P16333	3DID_SH3_1_LIG_6-0	PF00018	3did	3	16	21
reverse	Q81VT8	P16333	3DID_SH3_1_LIG_6-0	PF00018	3did	1	1118	1124
reverse	Q8ZGK8	P51451	3DID_SH3_1_LIG_6-0	PF00018	3did	2	236	240
reverse	B7UM99	P16333	3DID_SH3_1_LIG_6-2	PF00018	3did	4	16	23
reverse	O84760	Q06187	3DID_SH3_1_LIG_6-2	PF00018	3did	1	501	505
reverse	Q5NFN4	Q96KQ4	3DID_SH3_1_LIG_6-2	PF00018	3did	1	316	322
reverse	Q5NI85	Q12929	3DID_SH3_1_LIG_6-2	PF00018	3did	1	134	140
reverse	Q5WMC9	P16333	3DID_SH3_1_LIG_6-2	PF00018	3did	3	16	23
reverse	Q81VT8	P16333	3DID_SH3_1_LIG_6-2	PF00018	3did	1	1118	1124
reverse	Q8XAJ5	Q12959	3DID_SH3_1_LIG_6-2	PF00018	3did	2	192	198
reverse	Q8ZGK8	P51451	3DID_SH3_1_LIG_6-2	PF00018	3did	2	233	240
reverse	B7UM88	Q9Y5X1	3DID_SH3_2_LIG_1-13	PF07653	3did	3	77	81
reverse	B7UM99	Q9UQB8	3DID_SH3_2_LIG_1-13	PF07653	3did	1	16	21
reverse	Q7DB77	Q9UQB8	3DID_SH3_2_LIG_1-13	PF07653	3did	2	16	21
reverse	Q7DB85	Q9Y5X1	3DID_SH3_2_LIG_1-13	PF07653	3did	4	77	81
reverse	B7UM88	Q9Y5X1	3DID_SH3_2_LIG_2-4	PF07653	3did	3	77	81
reverse	B7UM99	Q9UQB8	3DID_SH3_2_LIG_2-4	PF07653	3did	1	16	20
reverse	Q7DB77	Q9UQB8	3DID_SH3_2_LIG_2-4	PF07653	3did	2	16	20
reverse	Q7DB85	Q9Y5X1	3DID_SH3_2_LIG_2-4	PF07653	3did	4	77	81
reverse	B7UM99	Q14247	3DID_SH3_9_LIG_0-0	PF14604	3did	2	66	75
reverse	B7UM99	Q9UHR4	3DID_SH3_9_LIG_0-0	PF14604	3did	2	66	75
reverse	Q7DB77	Q9UHR4	3DID_SH3_9_LIG_0-0	PF14604	3did	1	66	75
reverse	B7UM99	Q14247	3DID_SH3_9_LIG_1-0	PF14604	3did	3	16	23
reverse	B7UM99	Q9UHR4	3DID_SH3_9_LIG_1-0	PF14604	3did	3	16	23
reverse	P0DJ88	Q9UHR4	3DID_SH3_9_LIG_1-0	PF14604	3did	5	106	113
reverse	Q7DB77	Q9UHR4	3DID_SH3_9_LIG_1-0	PF14604	3did	3	16	23
reverse	Q7DB85	Q8WV41	3DID_SH3_9_LIG_1-0	PF14604	3did	2	72	79
reverse	Q9F287	Q9Y371	3DID_SH3_9_LIG_1-0	PF14604	3did	1	233	239
reverse	Q5NID9	P31146	3DID_WD40_LIG_6-24	PF00400	3did	1	200	204
reverse	Q5NIP5	Q8WUA4	3DID_WD40_LIG_6-24	PF00400	3did	1	272	276
reverse	Q7CHU1	E9KL35	3DID_WD40_LIG_6-24	PF00400	3did	1	260	264
reverse	Q7CHU1	P63244	3DID_WD40_LIG_6-24	PF00400	3did	1	260	264
reverse	Q81U22	E9KL35	3DID_WD40_LIG_6-24	PF00400	3did	2	33	37
reverse	Q81U22	P63244	3DID_WD40_LIG_6-24	PF00400	3did	2	33	37
reverse	Q81U22	Q6ZMY6	3DID_WD40_LIG_6-24	PF00400	3did	2	33	37
reverse	Q8D0H6	Q92828	3DID_WD40_LIG_6-24	PF00400	3did	2	468	472
reverse	Q8ZCQ2	Q96BP3	3DID_WD40_LIG_6-24	PF00400	3did	1	1259	1263
reverse	P0DJ88	O00401	3DID_WH1_LIG_1-0	PF00568	3did	5	112	116
reverse	Q5NFN4	Q9GZV5	3DID_WW_LIG_0-2	PF00397	3did	1	319	322
reverse	Q5NFN4	Q9GZV5	3DID_WW_LIG_2-54	PF00397	3did	1	319	322
reverse	P46359	O00560	LIG_PDZ_Class_3	PF00595	ELM	1	667	673
reverse	Q5NI92	Q8TF65	LIG_PDZ_Class_3	PF00595	ELM	1	280	286
reverse	Q5NIH2	P49796	LIG_PDZ_Class_3	PF00595	ELM	1	255	261
reverse	Q8ZD84	Q02410	LIG_PDZ_Class_3	PF00595	ELM	1	121	127
reverse	B1PS28	P24390	TRG_ER_KDEL_1	PF00810	ELM	1	254	258
reverse	P01555	P24390	TRG_ER_KDEL_1	PF00810	ELM	1	254	258
reverse	Q51451	D0PNI1	3DID_14-3-3_LIG_0-59	PF00244	3did	2	145	149
reverse	Q51451	P27348	3DID_14-3-3_LIG_0-59	PF00244	3did	2	145	149
reverse	Q51451	P31946	3DID_14-3-3_LIG_0-59	PF00244	3did	2	145	149
reverse	Q51451	P31947	3DID_14-3-3_LIG_0-59	PF00244	3did	2	145	149
reverse	Q51451	P61981	3DID_14-3-3_LIG_0-59	PF00244	3did	2	145	149
reverse	Q51451	P62258	3DID_14-3-3_LIG_0-59	PF00244	3did	2	145	149
reverse	Q51451	P63104	3DID_14-3-3_LIG_0-59	PF00244	3did	2	145	149
reverse	Q51451	Q04917	3DID_14-3-3_LIG_0-59	PF00244	3did	2	145	149
reverse	Q7ARN5	D0PNI1	3DID_14-3-3_LIG_0-59	PF00244	3did	1	101	105
reverse	Q7ARN5	P63104	3DID_14-3-3_LIG_0-59	PF00244	3did	1	101	105
reverse	Q8ZG99	D0PNI1	3DID_14-3-3_LIG_0-59	PF00244	3did	2	1146	1150
reverse	Q8ZG99	P62258	3DID_14-3-3_LIG_0-59	PF00244	3did	2	1146	1150
reverse	Q8ZG99	P63104	3DID_14-3-3_LIG_0-59	PF00244	3did	2	1146	1150
reverse	Q933J5	D0PNI1	3DID_14-3-3_LIG_0-59	PF00244	3did	2	145	149
reverse	Q933J5	P63104	3DID_14-3-3_LIG_0-59	PF00244	3did	2	145	149
reverse	Q5NHK6	P27448	3DID_Pkinase_LIG_5-11	PF00069	3did	1	298	301
reverse	Q5NID1	Q9H4A3	3DID_Pkinase_LIG_5-11	PF00069	3did	2	95	99
reverse	Q5NID2	Q9H2G2	3DID_Pkinase_LIG_5-11	PF00069	3did	1	453	457
reverse	Q81VT3	Q92918	3DID_Pkinase_LIG_5-11	PF00069	3did	2	462	466
reverse	Q81VT8	P17612	3DID_Pkinase_LIG_5-11	PF00069	3did	2	9	14
reverse	Q81VT8	P27448	3DID_Pkinase_LIG_5-11	PF00069	3did	2	9	14
reverse	Q81XT3	Q9NRH2	3DID_Pkinase_LIG_5-11	PF00069	3did	1	404	408
reverse	Q8CWG4	P24723	3DID_Pkinase_LIG_5-11	PF00069	3did	1	10	15
reverse	Q8D1K1	Q96KG9	3DID_Pkinase_LIG_5-11	PF00069	3did	1	262	265
reverse	Q8ZAQ2	O95819	3DID_Pkinase_LIG_5-11	PF00069	3did	1	187	192
reverse	Q8ZBC2	Q16539	3DID_Pkinase_LIG_5-11	PF00069	3did	1	252	256
reverse	Q8ZC51	Q9BXM7	3DID_Pkinase_LIG_5-11	PF00069	3did	1	265	269
reverse	Q8ZDX4	Q9BQI3	3DID_Pkinase_LIG_5-11	PF00069	3did	2	12	17
reverse	Q8ZDX8	Q9BXM7	3DID_Pkinase_LIG_5-11	PF00069	3did	1	313	317
reverse	Q8ZIG9	Q9BUD9	3DID_Pkinase_LIG_5-11	PF00069	3did	1	183	187
reverse	Q5NFP9	Q13952	3DID_Histone_LIG_9-55	PF00125	3did	2	224	230
reverse	P59807	P13611	3DID_V-set_LIG_151-0	PF07686	3did	1	744	752
reverse	P59807	P13611	3DID_V-set_LIG_35-4	PF07686	3did	1	744	752
reverse	Q5NEC0	P19838	3DID_Ank_2_LIG_4-18	PF12796	3did	1	533	541
reverse	Q5NEC0	P25963	3DID_Ank_2_LIG_4-18	PF12796	3did	1	533	541
reverse	Q5NGB2	P19838	3DID_Ank_2_LIG_4-18	PF12796	3did	1	15	23
reverse	Q5NIQ1	P19838	3DID_Ank_2_LIG_4-18	PF12796	3did	1	24	32
reverse	Q7CGB6	P19838	3DID_Ank_2_LIG_4-18	PF12796	3did	1	275	283
reverse	Q7CH75	Q9BR61	3DID_Ank_2_LIG_4-18	PF12796	3did	1	200	208
reverse	Q81LC7	P19838	3DID_Ank_2_LIG_4-18	PF12796	3did	1	64	72
reverse	Q81LC7	Q9P2D0	3DID_Ank_2_LIG_4-18	PF12796	3did	1	64	72
reverse	Q81NT0	P19838	3DID_Ank_2_LIG_4-18	PF12796	3did	1	183	191
reverse	Q81NT0	Q6UB98	3DID_Ank_2_LIG_4-18	PF12796	3did	1	183	191
reverse	Q81TW1	Q8N283	3DID_Ank_2_LIG_4-18	PF12796	3did	2	139	147
reverse	Q81WY7	P19838	3DID_Ank_2_LIG_4-18	PF12796	3did	1	556	564
reverse	Q81Y46	Q6ZTN6	3DID_Ank_2_LIG_4-18	PF12796	3did	1	303	311
reverse	Q81ZG1	Q13625	3DID_Ank_2_LIG_4-18	PF12796	3did	1	408	416
reverse	Q8D1H3	P19838	3DID_Ank_2_LIG_4-18	PF12796	3did	1	162	170
reverse	Q8D1N2	P19838	3DID_Ank_2_LIG_4-18	PF12796	3did	1	547	555
reverse	Q8ZA76	Q15027	3DID_Ank_2_LIG_4-18	PF12796	3did	1	621	629
reverse	Q8ZB41	P19838	3DID_Ank_2_LIG_4-18	PF12796	3did	1	226	234
reverse	Q8ZEL2	P19838	3DID_Ank_2_LIG_4-18	PF12796	3did	1	190	198
reverse	Q8ZGJ9	P19838	3DID_Ank_2_LIG_4-18	PF12796	3did	1	210	218
reverse	Q8ZH00	P25963	3DID_Ank_2_LIG_4-18	PF12796	3did	1	189	197
reverse	Q8ZII0	P19838	3DID_Ank_2_LIG_4-18	PF12796	3did	1	519	527
reverse	Q8ZJI2	P46531	3DID_Ank_2_LIG_4-18	PF12796	3did	1	334	342
reverse	Q9RI12	P19838	3DID_Ank_2_LIG_4-18	PF12796	3did	1	208	216
reverse	P0DKX7	B4DJ51	3DID_EF-hand_7_LIG_5-0	PF13499	3did	1	326	334
reverse	Q5NFV6	P30626	3DID_EF-hand_7_LIG_5-0	PF13499	3did	1	228	236
reverse	Q5NHQ1	Q99828	3DID_EF-hand_7_LIG_5-0	PF13499	3did	2	295	303
reverse	Q8CZP1	O75340	3DID_EF-hand_7_LIG_5-0	PF13499	3did	1	615	623
reverse	Q8ZAA1	P19105	3DID_EF-hand_7_LIG_5-0	PF13499	3did	1	530	538
reverse	P17778	P49796	3DID_PDZ_LIG_4-4	PF00595	3did	1	175	179
reverse	Q81KT8	O00560	3DID_PDZ_LIG_4-4	PF00595	3did	1	414	418
reverse	Q81ZE7	Q8TF65	3DID_PDZ_LIG_4-4	PF00595	3did	1	27	31
reverse	Q8XAJ5	Q12959	3DID_PDZ_LIG_4-4	PF00595	3did	1	266	270
reverse	Q8ZBN6	Q6ZN16	3DID_Pkinase_LIG_19-0	PF00069	3did	1	100	104
reverse	Q5NID1	Q9H4A3	3DID_Pkinase_LIG_5-15	PF00069	3did	2	93	97
reverse	Q81VT3	Q92918	3DID_Pkinase_LIG_5-15	PF00069	3did	1	462	466
reverse	Q81VT8	P17612	3DID_Pkinase_LIG_5-15	PF00069	3did	1	11	15
reverse	Q81VT8	P27448	3DID_Pkinase_LIG_5-15	PF00069	3did	1	11	15
reverse	Q81XT3	Q9NRH2	3DID_Pkinase_LIG_5-15	PF00069	3did	1	404	408
reverse	Q8ZBC2	Q16539	3DID_Pkinase_LIG_5-15	PF00069	3did	1	172	176
reverse	Q8ZIG9	Q9BUD9	3DID_Pkinase_LIG_5-15	PF00069	3did	1	183	187
reverse	Q9X6B0	Q96KG9	3DID_Pkinase_LIG_5-15	PF00069	3did	1	137	141
reverse	Q81VT8	P16333	3DID_SH3_1_LIG_6-70	PF00018	3did	1	240	245
reverse	Q5NEC0	P12544	3DID_Trypsin_LIG_2-0	PF00089	3did	1	1085	1090
reverse	Q2FZB8	P02679	3DID_Fibrinogen_C_LIG_0-0	PF00147	3did	1	33	36
reverse	Q5NHE7	Q96QZ7	3DID_Guanylate_kin_LIG_8-22	PF00625	3did	1	175	183
reverse	Q8CKN6	Q08289	3DID_Guanylate_kin_LIG_8-22	PF00625	3did	1	26	34
reverse	Q5NF08	Q8IYM9	3DID_SPRY_LIG_4-0	PF00622	3did	1	209	214
reverse	Q5NHS4	O00481	3DID_SPRY_LIG_4-0	PF00622	3did	1	97	102
reverse	Q5NIQ1	Q12899	3DID_SPRY_LIG_4-0	PF00622	3did	1	55	60
reverse	Q81LD0	Q00839	3DID_SPRY_LIG_4-0	PF00622	3did	1	326	331
reverse	Q81ZG1	Q9UJV3	3DID_SPRY_LIG_4-0	PF00622	3did	1	481	486
reverse	Q81VT8	P35222	TRG_NLS_MonoExtC_3	PF00514	ELM	1	913	920
reverse	Q8ZC18	P35222	TRG_NLS_MonoExtC_3	PF00514	ELM	1	95	101
reverse	Q8ZJJ5	Q13075	LIG_BIR_II_1	PF00653	ELM	1	0	5
reverse	P04949	Q9Y4K3	3DID_TRAF-mep_MATH_LIG_0-1	PF21355	3did	1	284	287
reverse	Q8ZHG8	P35998	3DID_AAA_LIG_2-1	PF00004	3did	1	208	213
reverse	Q8D1G8	P35222	3DID_Arm_LIG_2-20	PF00514	3did	1	196	200
reverse	Q5NF74	Q9Y5B0	3DID_BRCT_LIG_2-0	PF00533	3did	1	318	322
reverse	Q5NGC7	Q92547	3DID_BRCT_LIG_2-0	PF00533	3did	2	307	311
reverse	Q5NF74	Q9Y5B0	3DID_BRCT_LIG_4-0	PF00533	3did	1	318	322
reverse	Q5NGC7	Q92547	3DID_BRCT_LIG_4-0	PF00533	3did	2	307	311
reverse	Q8ZED8	Q9UQC1	3DID_HSP70_LIG_2-1	PF00012	3did	2	45	49
reverse	Q5NFP9	Q13952	3DID_Histone_LIG_9-8	PF00125	3did	1	585	589
reverse	Q81VT3	Q14246	3DID_7tm_2_LIG_2-0	PF00002	3did	1	316	324
reverse	P17778	Q14289	3DID_Focal_AT_LIG_2-0	PF03623	3did	1	128	136
reverse	P17778	Q14289	3DID_Focal_AT_LIG_4-0	PF03623	3did	1	128	136
reverse	P62616	Q8TEQ6	DEG_SCF_TRCP1_1	PF00400	ELM	1	79	86
reverse	Q5NIP6	Q9HBG6	DEG_SCF_TRCP1_1	PF00400	ELM	1	11	17
reverse	P15917	P46734	MOD_LATS_1	PF00069	ELM	1	620	627
reverse	P55980	Q7KZI7	MOD_LATS_1	PF00069	ELM	3	130	137
reverse	Q5NID2	Q9H2G2	MOD_LATS_1	PF00069	ELM	1	528	535
reverse	Q81KT8	P49759	MOD_LATS_1	PF00069	ELM	1	136	143
reverse	Q81LC5	Q15831	MOD_LATS_1	PF00069	ELM	1	228	235
reverse	Q81VT8	P17612	MOD_LATS_1	PF00069	ELM	1	480	487
reverse	Q81VT8	P27448	MOD_LATS_1	PF00069	ELM	1	480	487
reverse	Q8ZIG9	Q9BUD9	MOD_LATS_1	PF00069	ELM	1	100	107
reverse	P18177	Q9NQS3	3DID_V-set_LIG_61-0	PF07686	3did	2	1605	1610
reverse	P59807	P13611	3DID_V-set_LIG_61-0	PF07686	3did	1	373	378
reverse	Q6KNA9	O00478	3DID_V-set_LIG_61-0	PF07686	3did	1	90	95
reverse	Q8ZDJ2	P01732	3DID_V-set_LIG_61-0	PF07686	3did	1	1248	1253
reverse	Q81LI7	P49792	3DID_Pro_isomerase_LIG_2-0	PF00160	3did	1	366	369
reverse	Q5NIP6	Q9HBG6	DEG_COP1_1	PF00400	ELM	1	286	296
reverse	Q7CJF3	Q9C0C7	DEG_COP1_1	PF00400	ELM	1	541	552
reverse	Q8ZII0	Q9H7Q5	DEG_COP1_1	PF00400	ELM	1	740	751
reverse	P0DJ88	O00401	LIG_EVH1_1	PF00568	ELM	3	111	116
reverse	Q8ZDJ2	P29350	LIG_TYR_ITAM	PF00017	ELM	1	430	450
reverse	Q5NIP5	Q96BR1	MOD_DYRK1A_RPxSP_1	PF00069	ELM	1	144	149
reverse	Q81LC5	Q15831	MOD_DYRK1A_RPxSP_1	PF00069	ELM	1	434	439
reverse	Q8D017	O15111	MOD_DYRK1A_RPxSP_1	PF00069	ELM	1	301	306
reverse	Q8ZBN6	Q6ZN16	MOD_DYRK1A_RPxSP_1	PF00069	ELM	1	387	392
reverse	Q81KV7	Q6ZMY6	TRG_ER_diLys_1	PF00400	ELM	1	396	401
reverse	Q81TL7	Q6PJI9	TRG_ER_diLys_1	PF00400	ELM	1	252	258
reverse	Q51451	D0PNI1	3DID_14-3-3_LIG_7-3	PF00244	3did	1	145	149
reverse	Q51451	P27348	3DID_14-3-3_LIG_7-3	PF00244	3did	1	145	149
reverse	Q51451	P31946	3DID_14-3-3_LIG_7-3	PF00244	3did	1	145	149
reverse	Q51451	P31947	3DID_14-3-3_LIG_7-3	PF00244	3did	1	145	149
reverse	Q51451	P61981	3DID_14-3-3_LIG_7-3	PF00244	3did	1	145	149
reverse	Q51451	P62258	3DID_14-3-3_LIG_7-3	PF00244	3did	1	145	149
reverse	Q51451	P63104	3DID_14-3-3_LIG_7-3	PF00244	3did	1	145	149
reverse	Q51451	Q04917	3DID_14-3-3_LIG_7-3	PF00244	3did	1	145	149
reverse	Q7ARN5	D0PNI1	3DID_14-3-3_LIG_7-3	PF00244	3did	1	101	105
reverse	Q7ARN5	P63104	3DID_14-3-3_LIG_7-3	PF00244	3did	1	101	105
reverse	Q8ZG99	D0PNI1	3DID_14-3-3_LIG_7-3	PF00244	3did	1	1146	1150
reverse	Q8ZG99	P62258	3DID_14-3-3_LIG_7-3	PF00244	3did	1	1146	1150
reverse	Q8ZG99	P63104	3DID_14-3-3_LIG_7-3	PF00244	3did	1	1146	1150
reverse	Q933J5	D0PNI1	3DID_14-3-3_LIG_7-3	PF00244	3did	1	145	149
reverse	Q933J5	P63104	3DID_14-3-3_LIG_7-3	PF00244	3did	1	145	149
reverse	Q51451	D0PNI1	3DID_14-3-3_LIG_8-2	PF00244	3did	1	145	149
reverse	Q51451	P27348	3DID_14-3-3_LIG_8-2	PF00244	3did	1	145	149
reverse	Q51451	P31946	3DID_14-3-3_LIG_8-2	PF00244	3did	1	145	149
reverse	Q51451	P31947	3DID_14-3-3_LIG_8-2	PF00244	3did	1	145	149
reverse	Q51451	P61981	3DID_14-3-3_LIG_8-2	PF00244	3did	1	145	149
reverse	Q51451	P62258	3DID_14-3-3_LIG_8-2	PF00244	3did	1	145	149
reverse	Q51451	P63104	3DID_14-3-3_LIG_8-2	PF00244	3did	1	145	149
reverse	Q51451	Q04917	3DID_14-3-3_LIG_8-2	PF00244	3did	1	145	149
reverse	Q7ARN5	D0PNI1	3DID_14-3-3_LIG_8-2	PF00244	3did	1	101	105
reverse	Q7ARN5	P63104	3DID_14-3-3_LIG_8-2	PF00244	3did	1	101	105
reverse	Q8ZG99	D0PNI1	3DID_14-3-3_LIG_8-2	PF00244	3did	1	1146	1150
reverse	Q8ZG99	P62258	3DID_14-3-3_LIG_8-2	PF00244	3did	1	1146	1150
reverse	Q8ZG99	P63104	3DID_14-3-3_LIG_8-2	PF00244	3did	1	1146	1150
reverse	Q933J5	D0PNI1	3DID_14-3-3_LIG_8-2	PF00244	3did	1	145	149
reverse	Q933J5	P63104	3DID_14-3-3_LIG_8-2	PF00244	3did	1	145	149
reverse	Q81JT7	P35222	3DID_Arm_LIG_2-65	PF00514	3did	1	211	216
reverse	Q81S14	P35222	3DID_Arm_LIG_2-65	PF00514	3did	1	232	237
reverse	Q8ZAB3	P35222	3DID_Arm_LIG_2-65	PF00514	3did	1	243	248
reverse	Q7CHW4	P07339	3DID_Asp_LIG_2-4	PF00026	3did	1	36	41
reverse	Q5NIP6	Q15080	3DID_SH3_1_LIG_2-35	PF00018	3did	1	417	423
reverse	Q74XD3	P14317	3DID_SH3_1_LIG_2-35	PF00018	3did	1	4	10
reverse	Q8D0R4	Q86UR1	3DID_SH3_1_LIG_2-35	PF00018	3did	1	403	409
reverse	A0A0F7R9M2	P19838	3DID_Ank_2_LIG_4-13	PF12796	3did	1	177	185
reverse	Q81TW1	Q8N283	3DID_Ank_2_LIG_4-13	PF12796	3did	2	240	248
reverse	Q8D130	Q9Y2X7	3DID_Ank_2_LIG_4-13	PF12796	3did	1	329	337
reverse	Q5NFN4	Q96KQ4	3DID_Ank_2_LIG_4-16	PF12796	3did	1	442	450
reverse	Q5NHH1	Q9Y2X7	3DID_Ank_2_LIG_4-16	PF12796	3did	1	198	206
reverse	Q81L15	P19838	3DID_Ank_2_LIG_4-16	PF12796	3did	1	81	89
reverse	Q81PE9	O60237	3DID_Ank_2_LIG_4-16	PF12796	3did	1	480	488
reverse	Q81XT3	P19838	3DID_Ank_2_LIG_4-16	PF12796	3did	1	199	207
reverse	Q8ZCK2	P19838	3DID_Ank_2_LIG_4-16	PF12796	3did	1	227	235
reverse	Q8ZEL2	P19838	3DID_Ank_2_LIG_4-16	PF12796	3did	1	147	155
reverse	Q8ZEU8	P19838	3DID_Ank_2_LIG_4-16	PF12796	3did	1	26	34
reverse	P80200	Q06124	LIG_CSK_EPIYA_1	PF00017	ELM	2	889	894
reverse	Q9ZLT1	Q06124	LIG_CSK_EPIYA_1	PF00017	ELM	2	895	900
reverse	Q5NGR8	Q96SB3	LIG_PDZ_Class_1	PF00595	ELM	1	688	694
reverse	Q5NHP5	O00560	LIG_PDZ_Class_1	PF00595	ELM	1	1153	1159
reverse	Q7DB74	O15085	LIG_PDZ_Class_1	PF00595	ELM	1	162	168
reverse	Q7DB74	Q9NZN5	LIG_PDZ_Class_1	PF00595	ELM	1	162	168
reverse	Q7DB76	Q15599	LIG_PDZ_Class_1	PF00595	ELM	1	197	203
reverse	Q7DB76	Q8TCX5	LIG_PDZ_Class_1	PF00595	ELM	1	197	203
reverse	Q8CZQ2	Q96RT1	LIG_PDZ_Class_1	PF00595	ELM	1	316	322
reverse	Q8XAJ5	Q12959	LIG_PDZ_Class_1	PF00595	ELM	1	435	441
reverse	Q81VT8	P35222	3DID_Arm_LIG_3-2	PF00514	3did	1	481	484
reverse	Q8D0N7	Q9Y3P9	3DID_PID_LIG_1-10	PF00640	3did	1	596	600
reverse	Q81XT3	Q9NRH2	DOC_MAPK_FxFP_2	PF00069	ELM	2	15	19
reverse	Q8D0H8	P05771	DOC_MAPK_FxFP_2	PF00069	ELM	1	59	63
reverse	Q7CJG3	P07948	3DID_SH2_LIG_1-9	PF00017	3did	1	77	80
reverse	Q8ZDX8	P42226	3DID_SH2_LIG_1-9	PF00017	3did	1	108	111
reverse	A0A0H3NG92	P14923	3DID_Arm_LIG_5-5	PF00514	3did	1	16	19
reverse	Q5NEC0	Q96QZ7	3DID_PDZ_LIG_0-27	PF00595	3did	1	197	201
reverse	Q5NEC0	Q9NR12	3DID_PDZ_LIG_0-27	PF00595	3did	1	197	201
reverse	Q5NEC0	P12544	CLV_MEL_PAP_1	PF00089	ELM	1	76	83
reverse	Q81UM1	P09871	CLV_MEL_PAP_1	PF00089	ELM	1	98	105
reverse	Q5NEG0	P06239	LIG_SH3_4	PF00018	ELM	1	291	299
reverse	Q5NGV7	O94875	LIG_SH3_4	PF00018	ELM	2	231	239
reverse	Q5NGV7	Q6FGM0	LIG_SH3_4	PF00018	ELM	2	231	239
reverse	Q5NGV7	Q99961	LIG_SH3_4	PF00018	ELM	2	231	239
reverse	Q8RNU1	Q9NZQ3	LIG_SH3_4	PF00018	ELM	1	369	377
reverse	B7UM88	Q9Y5X1	3DID_SH3_2_LIG_2-0	PF07653	3did	3	74	81
reverse	Q7DB85	Q9Y5X1	3DID_SH3_2_LIG_2-0	PF07653	3did	4	74	81
reverse	B7UM88	Q9Y5X1	3DID_SH3_2_LIG_2-2	PF07653	3did	4	74	80
reverse	Q7DB85	Q9Y5X1	3DID_SH3_2_LIG_2-2	PF07653	3did	4	74	80
reverse	P0DJ88	O00401	3DID_WH1_LIG_0-0	PF00568	3did	2	114	118
reverse	P0DJ88	O00401	3DID_WH1_LIG_2-0	PF00568	3did	2	114	118
reverse	Q5NFN4	Q9GZV5	3DID_WW_LIG_1-1	PF00397	3did	1	319	322
reverse	Q8ZHZ4	Q9H792	3DID_Pkinase_LIG_1-0	PF00069	3did	1	156	162
reverse	P0AA25	P24941	3DID_Pkinase_LIG_0-6	PF00069	3did	1	76	81
reverse	Q8CZY7	Q9HBH9	3DID_Pkinase_LIG_0-6	PF00069	3did	1	129	134
reverse	Q8D0H6	Q9H2X6	3DID_Pkinase_LIG_0-6	PF00069	3did	1	389	395
reverse	Q81VM2	Q15276	3DID_Rab5-bind_LIG_1-5	PF09311	3did	1	274	282
reverse	Q7DB85	Q9Y5X1	3DID_SH3_2_LIG_1-0	PF07653	3did	1	219	225
reverse	Q7CFY4	P26010	LIG_Integrin_RGD_1	PF00362	ELM	1	349	352
reverse	Q5NF37	P56199	LIG_Integrin_RGD_1	PF01839	ELM	1	296	299
reverse	P46355	E9KL30	3DID_Proteasome_LIG_15-0	PF00227	3did	1	292	297
reverse	P46355	Q99436	3DID_Proteasome_LIG_15-0	PF00227	3did	1	292	297
reverse	Q8CZZ7	P11474	3DID_Hormone_recep_LIG_1-1	PF00104	3did	1	395	403
reverse	Q8CZZ7	P11474	3DID_Hormone_recep_LIG_8-3	PF00104	3did	1	395	403
reverse	Q81WR4	F1D8R5	3DID_Hormone_recep_LIG_3-1	PF00104	3did	1	383	391
reverse	Q81WR4	P62508	3DID_Hormone_recep_LIG_3-1	PF00104	3did	1	383	391
reverse	Q5NEC0	Q9Y4W6	3DID_AAA_LIG_0-0	PF00004	3did	1	703	710
reverse	Q5NEC0	Q9Y4W6	3DID_AAA_LIG_1-1	PF00004	3did	1	703	710
reverse	P14738	P02751	3DID_fn1_LIG_0-0	PF00039	3did	1	641	651
reverse	Q53682	P02751	3DID_fn1_LIG_0-0	PF00039	3did	1	577	587
reverse	Q5NFP9	Q13952	3DID_Histone_LIG_9-80	PF00125	3did	1	418	422
reverse	Q8ZH69	Q14145	DEG_Kelch_Keap1_1	PF01344	ELM	1	215	221
reverse	Q5NE79	P55072	3DID_AAA_LIG_1-3	PF00004	3did	1	227	236
reverse	Q8CWG4	P24723	3DID_Pkinase_LIG_11-48	PF00069	3did	1	113	118
reverse	Q8D0H6	Q9H2X6	3DID_Pkinase_LIG_11-48	PF00069	3did	1	706	711
reverse	Q8D0H8	P05771	3DID_Pkinase_LIG_11-48	PF00069	3did	1	432	437
reverse	Q8ZDX8	Q9BXM7	3DID_Pkinase_LIG_11-48	PF00069	3did	1	111	116
reverse	Q5NGA0	Q96KG9	3DID_Pkinase_LIG_9-3	PF00069	3did	1	332	336
reverse	Q81VT8	P17612	3DID_Pkinase_LIG_9-3	PF00069	3did	1	312	317
reverse	Q81VT8	P27448	3DID_Pkinase_LIG_9-3	PF00069	3did	1	312	317
reverse	Q81VV7	P15735	3DID_Pkinase_LIG_9-3	PF00069	3did	1	108	113
reverse	Q81XT3	Q9NRH2	3DID_Pkinase_LIG_9-3	PF00069	3did	1	353	358
reverse	Q8CWG4	P24723	3DID_Pkinase_LIG_9-3	PF00069	3did	1	14	19
reverse	Q8CZQ9	Q15746	3DID_Pkinase_LIG_9-3	PF00069	3did	1	73	78
reverse	Q8D0H6	Q9H2X6	3DID_Pkinase_LIG_9-3	PF00069	3did	1	204	208
reverse	Q8ZAA1	Q13523	3DID_Pkinase_LIG_9-3	PF00069	3did	1	348	352
reverse	Q8ZJ74	Q9NZJ5	3DID_Pkinase_LIG_9-3	PF00069	3did	1	150	155
reverse	Q5NGV7	O94875	LIG_SH3_PxxDY_5	PF00018	ELM	1	441	446
reverse	Q5NGV7	Q6FGM0	LIG_SH3_PxxDY_5	PF00018	ELM	1	441	446
reverse	Q5NGV7	Q99961	LIG_SH3_PxxDY_5	PF00018	ELM	1	441	446
reverse	Q5NI85	Q12929	LIG_SH3_PxxDY_5	PF00018	ELM	1	68	73
reverse	Q81ZG1	Q13625	LIG_SH3_PxxDY_5	PF00018	ELM	1	274	279
reverse	Q81ZG1	Q9NZM3	LIG_SH3_PxxDY_5	PF00018	ELM	1	274	279
reverse	P18177	Q9NQS3	3DID_V-set_LIG_123-0	PF07686	3did	1	1063	1069
reverse	P18177	Q9NQS3	3DID_V-set_LIG_29-0	PF07686	3did	1	1063	1069
reverse	P18010	P18206	LIG_Vh1_VBS_1	PF01044	ELM	3	491	510
reverse	Q5NGE6	O43815	3DID_WD40_LIG_8-0	PF00400	3did	1	138	146
reverse	P58492	P41229	3DID_PHD_LIG_2-12	PF00628	3did	1	42	46
reverse	Q5NID2	P27986	3DID_SH2_LIG_1-28	PF00017	3did	1	1240	1244
reverse	Q81VT8	P17612	LIG_CaMK_CASK_1	PF00069	ELM	1	687	693
reverse	Q81VT8	P27448	LIG_CaMK_CASK_1	PF00069	ELM	1	687	693
reverse	Q7CHU1	E9KL35	TRG_PTS2	PF00400	ELM	1	0	46
reverse	Q7CHU1	P63244	TRG_PTS2	PF00400	ELM	1	0	46
reverse	Q5NEC0	P15311	3DID_FERM_C_LIG_0-0	PF09380	3did	1	1002	1009
reverse	P69986	Q9UHD2	DOC_MAPK_GRA24_9	PF00069	ELM	1	270	285
reverse	Q8D1M6	Q9UM47	3DID_Ank_2_LIG_9-10	PF12796	3did	1	591	597
reverse	Q81JG2	P19838	3DID_Ank_2_LIG_4-0	PF12796	3did	1	109	117
reverse	Q81WY7	P19838	3DID_Ank_2_LIG_4-0	PF12796	3did	1	409	417
reverse	Q8ZBN2	Q9Y575	3DID_Ank_2_LIG_4-0	PF12796	3did	1	248	256
reverse	Q51451	D0PNI1	3DID_14-3-3_LIG_10-1	PF00244	3did	1	420	427
reverse	Q51451	P27348	3DID_14-3-3_LIG_10-1	PF00244	3did	1	420	427
reverse	Q51451	P31946	3DID_14-3-3_LIG_10-1	PF00244	3did	1	420	427
reverse	Q51451	P31947	3DID_14-3-3_LIG_10-1	PF00244	3did	1	420	427
reverse	Q51451	P61981	3DID_14-3-3_LIG_10-1	PF00244	3did	1	420	427
reverse	Q51451	P62258	3DID_14-3-3_LIG_10-1	PF00244	3did	1	420	427
reverse	Q51451	P63104	3DID_14-3-3_LIG_10-1	PF00244	3did	1	420	427
reverse	Q51451	Q04917	3DID_14-3-3_LIG_10-1	PF00244	3did	1	420	427
reverse	Q933J5	D0PNI1	3DID_14-3-3_LIG_10-1	PF00244	3did	1	420	427
reverse	Q933J5	P63104	3DID_14-3-3_LIG_10-1	PF00244	3did	1	420	427
reverse	Q8ZH69	Q14145	3DID_Kelch_1_LIG_0-4	PF01344	3did	1	215	221
reverse	Q81WK3	Q59H57	LIG_NBox_RRM_1	PF00076	ELM	1	201	212
