PF00001	PF00001
PF00001	PF00009
PF00001	PF00011
PF00001	PF00017
PF00001	PF00022
PF00001	PF00048
PF00001	PF00057
PF00001	PF00105
PF00001	PF00115
PF00001	PF00238
PF00001	PF00487
PF00001	PF00503
PF00001	PF00560
PF00001	PF00595
PF00001	PF00615
PF00001	PF00631
PF00001	PF00827
PF00001	PF00918
PF00001	PF00959
PF00001	PF01166
PF00001	PF01247
PF00001	PF01283
PF00001	PF01462
PF00001	PF01661
PF00001	PF01922
PF00001	PF01965
PF00001	PF02162
PF00001	PF02978
PF00001	PF04084
PF00001	PF04360
PF00001	PF04858
PF00001	PF10413
PF00002	PF00008
PF00002	PF00028
PF00002	PF00053
PF00002	PF00054
PF00002	PF00090
PF00002	PF01825
PF00002	PF06652
PF00003	PF00084
PF00003	PF00630
PF00003	PF01094
PF00004	PF00004
PF00004	PF00009
PF00004	PF00010
PF00004	PF00018
PF00004	PF00022
PF00004	PF00023
PF00004	PF00036
PF00004	PF00043
PF00004	PF00056
PF00004	PF00069
PF00004	PF00070
PF00004	PF00071
PF00004	PF00076
PF00004	PF00117
PF00004	PF00118
PF00004	PF00125
PF00004	PF00136
PF00004	PF00141
PF00004	PF00149
PF00004	PF00160
PF00004	PF00172
PF00004	PF00180
PF00004	PF00226
PF00004	PF00227
PF00004	PF00231
PF00004	PF00237
PF00004	PF00240
PF00004	PF00270
PF00004	PF00271
PF00004	PF00282
PF00004	PF00289
PF00004	PF00320
PF00004	PF00330
PF00004	PF00352
PF00004	PF00389
PF00004	PF00400
PF00004	PF00408
PF00004	PF00439
PF00004	PF00442
PF00004	PF00443
PF00004	PF00464
PF00004	PF00467
PF00004	PF00493
PF00004	PF00494
PF00004	PF00498
PF00004	PF00505
PF00004	PF00514
PF00004	PF00515
PF00004	PF00521
PF00004	PF00533
PF00004	PF00557
PF00004	PF00586
PF00004	PF00587
PF00004	PF00595
PF00004	PF00610
PF00004	PF00611
PF00004	PF00621
PF00004	PF00623
PF00004	PF00627
PF00004	PF00633
PF00004	PF00646
PF00004	PF00705
PF00004	PF00730
PF00004	PF00735
PF00004	PF00780
PF00004	PF00783
PF00004	PF00788
PF00004	PF00789
PF00004	PF00806
PF00004	PF00828
PF00004	PF01008
PF00004	PF01071
PF00004	PF01134
PF00004	PF01214
PF00004	PF01237
PF00004	PF01336
PF00004	PF01398
PF00004	PF01399
PF00004	PF01423
PF00004	PF01426
PF00004	PF01432
PF00004	PF01434
PF00004	PF01624
PF00004	PF01661
PF00004	PF01749
PF00004	PF01761
PF00004	PF01851
PF00004	PF01854
PF00004	PF02142
PF00004	PF02151
PF00004	PF02178
PF00004	PF02207
PF00004	PF02359
PF00004	PF02367
PF00004	PF02383
PF00004	PF02747
PF00004	PF02769
PF00004	PF02786
PF00004	PF02787
PF00004	PF02798
PF00004	PF02842
PF00004	PF02843
PF00004	PF02844
PF00004	PF02852
PF00004	PF02861
PF00004	PF02866
PF00004	PF02879
PF00004	PF02889
PF00004	PF02933
PF00004	PF03215
PF00004	PF03950
PF00004	PF04110
PF00004	PF04212
PF00004	PF05160
PF00004	PF05291
PF00004	PF05348
PF00004	PF05362
PF00004	PF05491
PF00004	PF05496
PF00004	PF06068
PF00004	PF06144
PF00004	PF06418
PF00004	PF06480
PF00004	PF07499
PF00004	PF07724
PF00004	PF08423
PF00004	PF08519
PF00004	PF08542
PF00004	PF09115
PF00004	PF09336
PF00004	PF10431
PF00004	PF12169
PF00005	PF00005
PF00005	PF00008
PF00005	PF00009
PF00005	PF00027
PF00005	PF00037
PF00005	PF00043
PF00005	PF00063
PF00005	PF00069
PF00005	PF00076
PF00005	PF00082
PF00005	PF00096
PF00005	PF00118
PF00005	PF00176
PF00005	PF00266
PF00005	PF00270
PF00005	PF00271
PF00005	PF00282
PF00005	PF00400
PF00005	PF00505
PF00005	PF00528
PF00005	PF00560
PF00005	PF00571
PF00005	PF00580
PF00005	PF00595
PF00005	PF00612
PF00005	PF00633
PF00005	PF00664
PF00005	PF00755
PF00005	PF00806
PF00005	PF00885
PF00005	PF00899
PF00005	PF00909
PF00005	PF01032
PF00005	PF01369
PF00005	PF01423
PF00005	PF01458
PF00005	PF01843
PF00005	PF01873
PF00005	PF02020
PF00005	PF02131
PF00005	PF02146
PF00005	PF02687
PF00005	PF02736
PF00005	PF02798
PF00005	PF02826
PF00005	PF02985
PF00005	PF03144
PF00005	PF03412
PF00005	PF03459
PF00005	PF04068
PF00005	PF04954
PF00005	PF08402
PF00006	PF00006
PF00006	PF00069
PF00006	PF00076
PF00006	PF00137
PF00006	PF00213
PF00006	PF00231
PF00006	PF00306
PF00006	PF00400
PF00006	PF00515
PF00006	PF01426
PF00006	PF01466
PF00006	PF01496
PF00006	PF01992
PF00006	PF02205
PF00006	PF02823
PF00006	PF02874
PF00006	PF03179
PF00006	PF03223
PF00006	PF04568
PF00006	PF05203
PF00006	PF05204
PF00006	PF05405
PF00006	PF05511
PF00006	PF07497
PF00006	PF07498
PF00007	PF00007
PF00007	PF00090
PF00007	PF00093
PF00007	PF00094
PF00007	PF00219
PF00007	PF00236
PF00007	PF00560
PF00007	PF01462
PF00007	PF01826
PF00007	PF07686
PF00008	PF00008
PF00008	PF00010
PF00008	PF00023
PF00008	PF00028
PF00008	PF00039
PF00008	PF00040
PF00008	PF00041
PF00008	PF00046
PF00008	PF00047
PF00008	PF00050
PF00008	PF00051
PF00008	PF00052
PF00008	PF00053
PF00008	PF00054
PF00008	PF00057
PF00008	PF00058
PF00008	PF00059
PF00008	PF00069
PF00008	PF00079
PF00008	PF00082
PF00008	PF00084
PF00008	PF00086
PF00008	PF00089
PF00008	PF00090
PF00008	PF00092
PF00008	PF00093
PF00008	PF00094
PF00008	PF00098
PF00008	PF00100
PF00008	PF00110
PF00008	PF00130
PF00008	PF00147
PF00008	PF00193
PF00008	PF00270
PF00008	PF00292
PF00008	PF00339
PF00008	PF00362
PF00008	PF00386
PF00008	PF00412
PF00008	PF00431
PF00008	PF00560
PF00008	PF00594
PF00008	PF00629
PF00008	PF00641
PF00008	PF00648
PF00008	PF00651
PF00008	PF00751
PF00008	PF00752
PF00008	PF00754
PF00008	PF00757
PF00008	PF00780
PF00008	PF00861
PF00008	PF00867
PF00008	PF00917
PF00008	PF01030
PF00008	PF01049
PF00008	PF01108
PF00008	PF01145
PF00008	PF01324
PF00008	PF01344
PF00008	PF01382
PF00008	PF01390
PF00008	PF01400
PF00008	PF01436
PF00008	PF01437
PF00008	PF01462
PF00008	PF01463
PF00008	PF01500
PF00008	PF01545
PF00008	PF01683
PF00008	PF01757
PF00008	PF01821
PF00008	PF01825
PF00008	PF01826
PF00008	PF02010
PF00008	PF02012
PF00008	PF02014
PF00008	PF02019
PF00008	PF02146
PF00008	PF02158
PF00008	PF02210
PF00008	PF02339
PF00008	PF02412
PF00008	PF02752
PF00008	PF02793
PF00008	PF03098
PF00008	PF03145
PF00008	PF03148
PF00008	PF03160
PF00008	PF03615
PF00008	PF04058
PF00008	PF04434
PF00008	PF05001
PF00008	PF05735
PF00008	PF06119
PF00008	PF07474
PF00008	PF07645
PF00008	PF07686
PF00008	PF09294
PF00008	PF11581
PF00009	PF00009
PF00009	PF00018
PF00009	PF00022
PF00009	PF00043
PF00009	PF00046
PF00009	PF00069
PF00009	PF00071
PF00009	PF00076
PF00009	PF00097
PF00009	PF00104
PF00009	PF00105
PF00009	PF00129
PF00009	PF00132
PF00009	PF00134
PF00009	PF00153
PF00009	PF00179
PF00009	PF00249
PF00009	PF00271
PF00009	PF00320
PF00009	PF00324
PF00009	PF00385
PF00009	PF00400
PF00009	PF00412
PF00009	PF00501
PF00009	PF00569
PF00009	PF00572
PF00009	PF00575
PF00009	PF00578
PF00009	PF00595
PF00009	PF00610
PF00009	PF00627
PF00009	PF00638
PF00009	PF00643
PF00009	PF00646
PF00009	PF00647
PF00009	PF00679
PF00009	PF00736
PF00009	PF00763
PF00009	PF00773
PF00009	PF00806
PF00009	PF00856
PF00009	PF00889
PF00009	PF00928
PF00009	PF01008
PF00009	PF01138
PF00009	PF01193
PF00009	PF01217
PF00009	PF01248
PF00009	PF01268
PF00009	PF01269
PF00009	PF01423
PF00009	PF01466
PF00009	PF01472
PF00009	PF01507
PF00009	PF01509
PF00009	PF01583
PF00009	PF01798
PF00009	PF01873
PF00009	PF01926
PF00009	PF02020
PF00009	PF02214
PF00009	PF02731
PF00009	PF02732
PF00009	PF02735
PF00009	PF02798
PF00009	PF02854
PF00009	PF02882
PF00009	PF02984
PF00009	PF03143
PF00009	PF03144
PF00009	PF03431
PF00009	PF03463
PF00009	PF03465
PF00009	PF03725
PF00009	PF03764
PF00009	PF04435
PF00009	PF05033
PF00009	PF06421
PF00009	PF07065
PF00009	PF07541
PF00009	PF07686
PF00009	PF07724
PF00009	PF09173
PF00009	PF11987
PF00010	PF00010
PF00010	PF00036
PF00010	PF00046
PF00010	PF00047
PF00010	PF00069
PF00010	PF00071
PF00010	PF00096
PF00010	PF00097
PF00010	PF00125
PF00010	PF00179
PF00010	PF00202
PF00010	PF00237
PF00010	PF00324
PF00010	PF00352
PF00010	PF00379
PF00010	PF00389
PF00010	PF00400
PF00010	PF00412
PF00010	PF00428
PF00010	PF00439
PF00010	PF00550
PF00010	PF00554
PF00010	PF00628
PF00010	PF00665
PF00010	PF00782
PF00010	PF00785
PF00010	PF00917
PF00010	PF00989
PF00010	PF01027
PF00010	PF01056
PF00010	PF01214
PF00010	PF01417
PF00010	PF01585
PF00010	PF01951
PF00010	PF02176
PF00010	PF02344
PF00010	PF02493
PF00010	PF02820
PF00010	PF02826
PF00010	PF02984
PF00010	PF02985
PF00010	PF03372
PF00010	PF03645
PF00010	PF03920
PF00010	PF03966
PF00010	PF04719
PF00010	PF05177
PF00010	PF05622
PF00010	PF06862
PF00010	PF07189
PF00010	PF07469
PF00010	PF07527
PF00010	PF07716
PF00010	PF08271
PF00010	PF08447
PF00010	PF08618
PF00011	PF00011
PF00011	PF00071
PF00011	PF00089
PF00011	PF00134
PF00011	PF00153
PF00011	PF00249
PF00011	PF00324
PF00011	PF00337
PF00011	PF00514
PF00011	PF00533
PF00011	PF00595
PF00011	PF01115
PF00011	PF01192
PF00011	PF01633
PF00011	PF02453
PF00011	PF03006
PF00011	PF03645
PF00011	PF03874
PF00011	PF05450
PF00011	PF05482
PF00012	PF00012
PF00012	PF00018
PF00012	PF00044
PF00012	PF00069
PF00012	PF00079
PF00012	PF00080
PF00012	PF00096
PF00012	PF00111
PF00012	PF00125
PF00012	PF00132
PF00012	PF00134
PF00012	PF00183
PF00012	PF00224
PF00012	PF00226
PF00012	PF00238
PF00012	PF00240
PF00012	PF00262
PF00012	PF00285
PF00012	PF00300
PF00012	PF00389
PF00012	PF00400
PF00012	PF00466
PF00012	PF00483
PF00012	PF00503
PF00012	PF00515
PF00012	PF00534
PF00012	PF00554
PF00012	PF00562
PF00012	PF00578
PF00012	PF00580
PF00012	PF00617
PF00012	PF00618
PF00012	PF00637
PF00012	PF00638
PF00012	PF00683
PF00012	PF00684
PF00012	PF00757
PF00012	PF00795
PF00012	PF00806
PF00012	PF00956
PF00012	PF00982
PF00012	PF01025
PF00012	PF01068
PF00012	PF01105
PF00012	PF01111
PF00012	PF01172
PF00012	PF01214
PF00012	PF01218
PF00012	PF01249
PF00012	PF01253
PF00012	PF01269
PF00012	PF01331
PF00012	PF01393
PF00012	PF01394
PF00012	PF01521
PF00012	PF01556
PF00012	PF01591
PF00012	PF01592
PF00012	PF01734
PF00012	PF01777
PF00012	PF01781
PF00012	PF01865
PF00012	PF02179
PF00012	PF02234
PF00012	PF02441
PF00012	PF02463
PF00012	PF02466
PF00012	PF02518
PF00012	PF02800
PF00012	PF02826
PF00012	PF02887
PF00012	PF02940
PF00012	PF03810
PF00012	PF03909
PF00012	PF03919
PF00012	PF04096
PF00012	PF04129
PF00012	PF04190
PF00012	PF04280
PF00012	PF04423
PF00012	PF04560
PF00012	PF04561
PF00012	PF04563
PF00012	PF04565
PF00012	PF04567
PF00012	PF04648
PF00012	PF04733
PF00012	PF05291
PF00012	PF05388
PF00012	PF05436
PF00012	PF05482
PF00012	PF06419
PF00012	PF06807
PF00012	PF06881
PF00012	PF08534
PF00012	PF08636
PF00012	PF08737
PF00013	PF00013
PF00013	PF00014
PF00013	PF00017
PF00013	PF00023
PF00013	PF00046
PF00013	PF00069
PF00013	PF00071
PF00013	PF00076
PF00013	PF00096
PF00013	PF00102
PF00013	PF00125
PF00013	PF00189
PF00013	PF00270
PF00013	PF00400
PF00013	PF00417
PF00013	PF00503
PF00013	PF00515
PF00013	PF00567
PF00013	PF00575
PF00013	PF00595
PF00013	PF00641
PF00013	PF00642
PF00013	PF00753
PF00013	PF01138
PF00013	PF01217
PF00013	PF01249
PF00013	PF01602
PF00013	PF01652
PF00013	PF01839
PF00013	PF01873
PF00013	PF01922
PF00013	PF01926
PF00013	PF01966
PF00013	PF02184
PF00013	PF02598
PF00013	PF02770
PF00013	PF02771
PF00013	PF02854
PF00013	PF02882
PF00013	PF03725
PF00013	PF03726
PF00013	PF03813
PF00013	PF04180
PF00013	PF06858
PF00013	PF07521
PF00013	PF07957
PF00013	PF08441
PF00013	PF08739
PF00014	PF00014
PF00014	PF00041
PF00014	PF00046
PF00014	PF00050
PF00014	PF00057
PF00014	PF00061
PF00014	PF00068
PF00014	PF00089
PF00014	PF00092
PF00014	PF00095
PF00014	PF00339
PF00014	PF00949
PF00014	PF01391
PF00014	PF01683
PF00014	PF02177
PF00014	PF02363
PF00014	PF02752
PF00014	PF03494
PF00014	PF06493
PF00015	PF00015
PF00015	PF00672
PF00015	PF00785
PF00015	PF01584
PF00015	PF01590
PF00015	PF01627
PF00015	PF02203
PF00016	PF00016
PF00016	PF00101
PF00016	PF02788
PF00017	PF00017
PF00017	PF00018
PF00017	PF00021
PF00017	PF00022
PF00017	PF00023
PF00017	PF00041
PF00017	PF00047
PF00017	PF00069
PF00017	PF00071
PF00017	PF00102
PF00017	PF00125
PF00017	PF00130
PF00017	PF00168
PF00017	PF00169
PF00017	PF00170
PF00017	PF00293
PF00017	PF00297
PF00017	PF00307
PF00017	PF00387
PF00017	PF00388
PF00017	PF00433
PF00017	PF00439
PF00017	PF00443
PF00017	PF00505
PF00017	PF00530
PF00017	PF00575
PF00017	PF00611
PF00017	PF00612
PF00017	PF00613
PF00017	PF00616
PF00017	PF00620
PF00017	PF00621
PF00017	PF00627
PF00017	PF00640
PF00017	PF00757
PF00017	PF00779
PF00017	PF00788
PF00017	PF00792
PF00017	PF01017
PF00017	PF01030
PF00017	PF02174
PF00017	PF02189
PF00017	PF02196
PF00017	PF02198
PF00017	PF02204
PF00017	PF02262
PF00017	PF02761
PF00017	PF02762
PF00017	PF02813
PF00017	PF02864
PF00017	PF02892
PF00017	PF02953
PF00017	PF03372
PF00017	PF03623
PF00017	PF03665
PF00017	PF06328
PF00017	PF07525
PF00017	PF07653
PF00017	PF07686
PF00017	PF07714
PF00018	PF00018
PF00018	PF00022
PF00018	PF00023
PF00018	PF00036
PF00018	PF00041
PF00018	PF00044
PF00018	PF00047
PF00018	PF00063
PF00018	PF00069
PF00018	PF00070
PF00018	PF00071
PF00018	PF00072
PF00018	PF00076
PF00018	PF00083
PF00018	PF00096
PF00018	PF00102
PF00018	PF00107
PF00018	PF00117
PF00018	PF00125
PF00018	PF00130
PF00018	PF00149
PF00018	PF00153
PF00018	PF00160
PF00018	PF00168
PF00018	PF00169
PF00018	PF00170
PF00018	PF00172
PF00018	PF00175
PF00018	PF00183
PF00018	PF00198
PF00018	PF00226
PF00018	PF00240
PF00018	PF00241
PF00018	PF00244
PF00018	PF00270
PF00018	PF00271
PF00018	PF00297
PF00018	PF00300
PF00018	PF00307
PF00018	PF00320
PF00018	PF00364
PF00018	PF00368
PF00018	PF00387
PF00018	PF00388
PF00018	PF00397
PF00018	PF00399
PF00018	PF00400
PF00018	PF00412
PF00018	PF00433
PF00018	PF00435
PF00018	PF00439
PF00018	PF00442
PF00018	PF00443
PF00018	PF00469
PF00018	PF00481
PF00018	PF00491
PF00018	PF00505
PF00018	PF00515
PF00018	PF00536
PF00018	PF00554
PF00018	PF00560
PF00018	PF00561
PF00018	PF00564
PF00018	PF00566
PF00018	PF00568
PF00018	PF00581
PF00018	PF00590
PF00018	PF00595
PF00018	PF00611
PF00018	PF00612
PF00018	PF00616
PF00018	PF00617
PF00018	PF00618
PF00018	PF00620
PF00018	PF00621
PF00018	PF00625
PF00018	PF00627
PF00018	PF00632
PF00018	PF00640
PF00018	PF00646
PF00018	PF00649
PF00018	PF00675
PF00018	PF00774
PF00018	PF00779
PF00018	PF00783
PF00018	PF00784
PF00018	PF00786
PF00018	PF00787
PF00018	PF00788
PF00018	PF00790
PF00018	PF00791
PF00018	PF00804
PF00018	PF00806
PF00018	PF00870
PF00018	PF00880
PF00018	PF00892
PF00018	PF00956
PF00018	PF00970
PF00018	PF00996
PF00018	PF01056
PF00018	PF01086
PF00018	PF01134
PF00018	PF01158
PF00018	PF01182
PF00018	PF01213
PF00018	PF01214
PF00018	PF01248
PF00018	PF01412
PF00018	PF01417
PF00018	PF01433
PF00018	PF01450
PF00018	PF01565
PF00018	PF01602
PF00018	PF01608
PF00018	PF01652
PF00018	PF01679
PF00018	PF01694
PF00018	PF01793
PF00018	PF01808
PF00018	PF02037
PF00018	PF02116
PF00018	PF02142
PF00018	PF02181
PF00018	PF02184
PF00018	PF02201
PF00018	PF02205
PF00018	PF02208
PF00018	PF02383
PF00018	PF02453
PF00018	PF02466
PF00018	PF02518
PF00018	PF02535
PF00018	PF02800
PF00018	PF02809
PF00018	PF02813
PF00018	PF02828
PF00018	PF02852
PF00018	PF02891
PF00018	PF02913
PF00018	PF03029
PF00018	PF03114
PF00018	PF03143
PF00018	PF03144
PF00018	PF03639
PF00018	PF03983
PF00018	PF04281
PF00018	PF04366
PF00018	PF04695
PF00018	PF04752
PF00018	PF04882
PF00018	PF05008
PF00018	PF05038
PF00018	PF05172
PF00018	PF05177
PF00018	PF05216
PF00018	PF05693
PF00018	PF05924
PF00018	PF06017
PF00018	PF06371
PF00018	PF06920
PF00018	PF07645
PF00018	PF07653
PF00018	PF07714
PF00018	PF07743
PF00018	PF07962
PF00018	PF08730
PF00018	PF08944
PF00018	PF11302
PF00019	PF00019
PF00019	PF00050
PF00019	PF00069
PF00019	PF00100
PF00019	PF00688
PF00019	PF00757
PF00019	PF01030
PF00019	PF01064
PF00019	PF02351
PF00019	PF05806
PF00019	PF07648
PF00019	PF07686
PF00019	PF07714
PF00019	PF08917
PF00020	PF00020
PF00020	PF00047
PF00020	PF00069
PF00020	PF00229
PF00020	PF00243
PF00020	PF00531
PF00020	PF00917
PF00020	PF01537
PF00020	PF02176
PF00020	PF07686
PF00021	PF00021
PF00021	PF00051
PF00021	PF01033
PF00021	PF05444
PF00021	PF07686
PF00022	PF00022
PF00022	PF00036
PF00022	PF00047
PF00022	PF00063
PF00022	PF00069
PF00022	PF00090
PF00022	PF00096
PF00022	PF00097
PF00022	PF00106
PF00022	PF00117
PF00022	PF00118
PF00022	PF00125
PF00022	PF00132
PF00022	PF00135
PF00022	PF00149
PF00022	PF00168
PF00022	PF00172
PF00022	PF00211
PF00022	PF00231
PF00022	PF00235
PF00022	PF00241
PF00022	PF00258
PF00022	PF00261
PF00022	PF00273
PF00022	PF00287
PF00022	PF00307
PF00022	PF00310
PF00022	PF00349
PF00022	PF00382
PF00022	PF00397
PF00022	PF00400
PF00022	PF00428
PF00022	PF00439
PF00022	PF00454
PF00022	PF00481
PF00022	PF00483
PF00022	PF00493
PF00022	PF00505
PF00022	PF00514
PF00022	PF00560
PF00022	PF00564
PF00022	PF00612
PF00022	PF00626
PF00022	PF00628
PF00022	PF00632
PF00022	PF00650
PF00022	PF00692
PF00022	PF00724
PF00022	PF00730
PF00022	PF00806
PF00022	PF00956
PF00022	PF00992
PF00022	PF01154
PF00022	PF01207
PF00022	PF01213
PF00022	PF01230
PF00022	PF01247
PF00022	PF01290
PF00022	PF01302
PF00022	PF01336
PF00022	PF01380
PF00022	PF01398
PF00022	PF01412
PF00022	PF01417
PF00022	PF01501
PF00022	PF01585
PF00022	PF01607
PF00022	PF01608
PF00022	PF01762
PF00022	PF01770
PF00022	PF01812
PF00022	PF01849
PF00022	PF01853
PF00022	PF01875
PF00022	PF01920
PF00022	PF02045
PF00022	PF02181
PF00022	PF02205
PF00022	PF02259
PF00022	PF02260
PF00022	PF02284
PF00022	PF02463
PF00022	PF02755
PF00022	PF02902
PF00022	PF02949
PF00022	PF03256
PF00022	PF03366
PF00022	PF03372
PF00022	PF03496
PF00022	PF03727
PF00022	PF03847
PF00022	PF03915
PF00022	PF04045
PF00022	PF04062
PF00022	PF04110
PF00022	PF04177
PF00022	PF04382
PF00022	PF04699
PF00022	PF04795
PF00022	PF04855
PF00022	PF04912
PF00022	PF05383
PF00022	PF05712
PF00022	PF05839
PF00022	PF05843
PF00022	PF05856
PF00022	PF05902
PF00022	PF06017
PF00022	PF06068
PF00022	PF06470
PF00022	PF06740
PF00022	PF07572
PF00022	PF07653
PF00022	PF07904
PF00022	PF08265
PF00022	PF08271
PF00022	PF08601
PF00022	PF08603
PF00022	PF08614
PF00022	PF08624
PF00022	PF09164
PF00022	PF11643
PF00023	PF00023
PF00023	PF00025
PF00023	PF00027
PF00023	PF00043
PF00023	PF00069
PF00023	PF00071
PF00023	PF00076
PF00023	PF00096
PF00023	PF00097
PF00023	PF00098
PF00023	PF00125
PF00023	PF00130
PF00023	PF00134
PF00023	PF00153
PF00023	PF00160
PF00023	PF00168
PF00023	PF00169
PF00023	PF00171
PF00023	PF00172
PF00023	PF00178
PF00023	PF00211
PF00023	PF00227
PF00023	PF00335
PF00023	PF00382
PF00023	PF00397
PF00023	PF00412
PF00023	PF00443
PF00023	PF00454
PF00023	PF00515
PF00023	PF00520
PF00023	PF00531
PF00023	PF00533
PF00023	PF00536
PF00023	PF00554
PF00023	PF00560
PF00023	PF00595
PF00023	PF00609
PF00023	PF00612
PF00023	PF00640
PF00023	PF00646
PF00023	PF00651
PF00023	PF00656
PF00023	PF00710
PF00023	PF00781
PF00023	PF00791
PF00023	PF00821
PF00023	PF00850
PF00023	PF00856
PF00023	PF00870
PF00023	PF00873
PF00023	PF00888
PF00023	PF01115
PF00023	PF01158
PF00023	PF01193
PF00023	PF01237
PF00023	PF01253
PF00023	PF01267
PF00023	PF01363
PF00023	PF01399
PF00023	PF01412
PF00023	PF01423
PF00023	PF01462
PF00023	PF01466
PF00023	PF01529
PF00023	PF01547
PF00023	PF01582
PF00023	PF01585
PF00023	PF01636
PF00023	PF01734
PF00023	PF01753
PF00023	PF01757
PF00023	PF01833
PF00023	PF02076
PF00023	PF02100
PF00023	PF02176
PF00023	PF02178
PF00023	PF02259
PF00023	PF02260
PF00023	PF02292
PF00023	PF02493
PF00023	PF02798
PF00023	PF02921
PF00023	PF03009
PF00023	PF03105
PF00023	PF03964
PF00023	PF04108
PF00023	PF04112
PF00023	PF04180
PF00023	PF04408
PF00023	PF04960
PF00023	PF05033
PF00023	PF05160
PF00023	PF05387
PF00023	PF05873
PF00023	PF06479
PF00023	PF06840
PF00023	PF07525
PF00023	PF08932
PF00023	PF09596
PF00024	PF00024
PF00024	PF00051
PF00024	PF00059
PF00024	PF00069
PF00024	PF00089
PF00024	PF01453
PF00025	PF00025
PF00025	PF00027
PF00025	PF00044
PF00025	PF00069
PF00025	PF00071
PF00025	PF00097
PF00025	PF00118
PF00025	PF00169
PF00025	PF00180
PF00025	PF00183
PF00025	PF00188
PF00025	PF00324
PF00025	PF00330
PF00025	PF00334
PF00025	PF00335
PF00025	PF00382
PF00025	PF00432
PF00025	PF00487
PF00025	PF00560
PF00025	PF00626
PF00025	PF00643
PF00025	PF00676
PF00025	PF00690
PF00025	PF00697
PF00025	PF00929
PF00025	PF01042
PF00025	PF01105
PF00025	PF01115
PF00025	PF01193
PF00025	PF01221
PF00025	PF01247
PF00025	PF01369
PF00025	PF01375
PF00025	PF01412
PF00025	PF01459
PF00025	PF01465
PF00025	PF01602
PF00025	PF01652
PF00025	PF01793
PF00025	PF01992
PF00025	PF02146
PF00025	PF02518
PF00025	PF02800
PF00025	PF03357
PF00025	PF03690
PF00025	PF03694
PF00025	PF03950
PF00025	PF04113
PF00025	PF04129
PF00025	PF04648
PF00025	PF04811
PF00025	PF04815
PF00025	PF05008
PF00025	PF05216
PF00025	PF05351
PF00025	PF05436
PF00025	PF05739
PF00025	PF07714
PF00025	PF07986
PF00025	PF08271
PF00025	PF08477
PF00025	PF11527
PF00025	PF11549
PF00026	PF00026
PF00026	PF00083
PF00026	PF00515
PF00026	PF00561
PF00026	PF00628
PF00026	PF01423
PF00026	PF01926
PF00026	PF02453
PF00026	PF03489
PF00026	PF04942
PF00026	PF05184
PF00026	PF05210
PF00026	PF05387
PF00026	PF06394
PF00026	PF07686
PF00026	PF07966
PF00026	PF10466
PF00027	PF00027
PF00027	PF00069
PF00027	PF00071
PF00027	PF00076
PF00027	PF00149
PF00027	PF00325
PF00027	PF00382
PF00027	PF00397
PF00027	PF00418
PF00027	PF00433
PF00027	PF00514
PF00027	PF00520
PF00027	PF00595
PF00027	PF00610
PF00027	PF00612
PF00027	PF00617
PF00027	PF00618
PF00027	PF00639
PF00027	PF00785
PF00027	PF00788
PF00027	PF00916
PF00027	PF01734
PF00027	PF01740
PF00027	PF01749
PF00027	PF02197
PF00027	PF03810
PF00027	PF03832
PF00027	PF08271
PF00027	PF12058
PF00028	PF00028
PF00028	PF00053
PF00028	PF00054
PF00028	PF00059
PF00028	PF00069
PF00028	PF00153
PF00028	PF00439
PF00028	PF00514
PF00028	PF00560
PF00028	PF01049
PF00028	PF01825
PF00028	PF02793
PF00029	PF00029
PF00029	PF03508
PF00029	PF10582
PF00030	PF00030
PF00030	PF00652
PF00031	PF00031
PF00031	PF00112
PF00031	PF00227
PF00032	PF00033
PF00032	PF00355
PF00032	PF01333
PF00032	PF02167
PF00032	PF02271
PF00032	PF02529
PF00032	PF02939
PF00032	PF08041
PF00033	PF00033
PF00033	PF00355
PF00033	PF00887
PF00033	PF00961
PF00033	PF01333
PF00033	PF02167
PF00033	PF02271
PF00033	PF02529
PF00033	PF02921
PF00033	PF02939
PF00033	PF03161
PF00033	PF03742
PF00033	PF05193
PF00033	PF08802
PF00033	PF09163
PF00033	PF10399
PF00034	PF00034
PF00034	PF00036
PF00034	PF00037
PF00034	PF00111
PF00034	PF00115
PF00034	PF00116
PF00034	PF00127
PF00034	PF00141
PF00034	PF00241
PF00034	PF00421
PF00034	PF01011
PF00034	PF01174
PF00034	PF01565
PF00034	PF01788
PF00034	PF02167
PF00034	PF02178
PF00034	PF02239
PF00034	PF02256
PF00034	PF02433
PF00034	PF02790
PF00034	PF02913
PF00034	PF03061
PF00034	PF03150
PF00034	PF06514
PF00034	PF07686
PF00034	PF07992
PF00034	PF09242
PF00035	PF00035
PF00035	PF00036
PF00035	PF00069
PF00035	PF00109
PF00035	PF00117
PF00035	PF00121
PF00035	PF00140
PF00035	PF00163
PF00035	PF00166
PF00035	PF00216
PF00035	PF00252
PF00035	PF00270
PF00035	PF00271
PF00035	PF00298
PF00035	PF00308
PF00035	PF00397
PF00035	PF00417
PF00035	PF00436
PF00035	PF00453
PF00035	PF00461
PF00035	PF00468
PF00035	PF00472
PF00035	PF00476
PF00035	PF00488
PF00035	PF00498
PF00035	PF00533
PF00035	PF00542
PF00035	PF00550
PF00035	PF00574
PF00035	PF00636
PF00035	PF00698
PF00035	PF00707
PF00035	PF00712
PF00035	PF00772
PF00035	PF00829
PF00035	PF00830
PF00035	PF00849
PF00035	PF00886
PF00035	PF00889
PF00035	PF00905
PF00035	PF00912
PF00035	PF01000
PF00035	PF01016
PF00035	PF01029
PF00035	PF01084
PF00035	PF01098
PF00035	PF01119
PF00035	PF01121
PF00035	PF01132
PF00035	PF01134
PF00035	PF01148
PF00035	PF01195
PF00035	PF01196
PF00035	PF01202
PF00035	PF01207
PF00035	PF01225
PF00035	PF01245
PF00035	PF01252
PF00035	PF01281
PF00035	PF01305
PF00035	PF01327
PF00035	PF01367
PF00035	PF01434
PF00035	PF01476
PF00035	PF01553
PF00035	PF01585
PF00035	PF01632
PF00035	PF01653
PF00035	PF01709
PF00035	PF01715
PF00035	PF01743
PF00035	PF01746
PF00035	PF01765
PF00035	PF01782
PF00035	PF01790
PF00035	PF01795
PF00035	PF01798
PF00035	PF01807
PF00035	PF02096
PF00035	PF02137
PF00035	PF02295
PF00035	PF02357
PF00035	PF02367
PF00035	PF02390
PF00035	PF02410
PF00035	PF02473
PF00035	PF02739
PF00035	PF02767
PF00035	PF02768
PF00035	PF02801
PF00035	PF02873
PF00035	PF02911
PF00035	PF02912
PF00035	PF03033
PF00035	PF03054
PF00035	PF03120
PF00035	PF03147
PF00035	PF03368
PF00035	PF03461
PF00035	PF03462
PF00035	PF03471
PF00035	PF03602
PF00035	PF03717
PF00035	PF03796
PF00035	PF03840
PF00035	PF04408
PF00035	PF05047
PF00036	PF00036
PF00036	PF00050
PF00036	PF00055
PF00036	PF00057
PF00036	PF00063
PF00036	PF00069
PF00036	PF00071
PF00036	PF00076
PF00036	PF00080
PF00036	PF00082
PF00036	PF00096
PF00036	PF00106
PF00036	PF00130
PF00036	PF00132
PF00036	PF00133
PF00036	PF00149
PF00036	PF00152
PF00036	PF00153
PF00036	PF00160
PF00036	PF00168
PF00036	PF00169
PF00036	PF00180
PF00036	PF00227
PF00036	PF00241
PF00036	PF00244
PF00036	PF00250
PF00036	PF00254
PF00036	PF00258
PF00036	PF00271
PF00036	PF00282
PF00036	PF00292
PF00036	PF00307
PF00036	PF00326
PF00036	PF00334
PF00036	PF00379
PF00036	PF00387
PF00036	PF00388
PF00036	PF00399
PF00036	PF00408
PF00036	PF00432
PF00036	PF00435
PF00036	PF00443
PF00036	PF00454
PF00036	PF00467
PF00036	PF00483
PF00036	PF00487
PF00036	PF00488
PF00036	PF00514
PF00036	PF00520
PF00036	PF00566
PF00036	PF00568
PF00036	PF00609
PF00036	PF00612
PF00036	PF00617
PF00036	PF00621
PF00036	PF00622
PF00036	PF00627
PF00036	PF00632
PF00036	PF00640
PF00036	PF00648
PF00036	PF00676
PF00036	PF00681
PF00036	PF00719
PF00036	PF00724
PF00036	PF00748
PF00036	PF00781
PF00036	PF00783
PF00036	PF00787
PF00036	PF00806
PF00036	PF00810
PF00036	PF00856
PF00036	PF00876
PF00036	PF00888
PF00036	PF00899
PF00036	PF00923
PF00036	PF00929
PF00036	PF00930
PF00036	PF00992
PF00036	PF01000
PF00036	PF01023
PF00036	PF01066
PF00036	PF01067
PF00036	PF01089
PF00036	PF01096
PF00036	PF01193
PF00036	PF01214
PF00036	PF01218
PF00036	PF01266
PF00036	PF01267
PF00036	PF01287
PF00036	PF01353
PF00036	PF01365
PF00036	PF01399
PF00036	PF01416
PF00036	PF01425
PF00036	PF01549
PF00036	PF01603
PF00036	PF01624
PF00036	PF01652
PF00036	PF01694
PF00036	PF01843
PF00036	PF01946
PF00036	PF01981
PF00036	PF01997
PF00036	PF02026
PF00036	PF02063
PF00036	PF02064
PF00036	PF02067
PF00036	PF02150
PF00036	PF02162
PF00036	PF02187
PF00036	PF02205
PF00036	PF02383
PF00036	PF02535
PF00036	PF02736
PF00036	PF02815
PF00036	PF02869
PF00036	PF02878
PF00036	PF02879
PF00036	PF02888
PF00036	PF02893
PF00036	PF02921
PF00036	PF03082
PF00036	PF03098
PF00036	PF03099
PF00036	PF03133
PF00036	PF03148
PF00036	PF03177
PF00036	PF03265
PF00036	PF03372
PF00036	PF03639
PF00036	PF03657
PF00036	PF03803
PF00036	PF03807
PF00036	PF03992
PF00036	PF04045
PF00036	PF04119
PF00036	PF04191
PF00036	PF04568
PF00036	PF04729
PF00036	PF05129
PF00036	PF05160
PF00036	PF05177
PF00036	PF05387
PF00036	PF06017
PF00036	PF06337
PF00036	PF06459
PF00036	PF07054
PF00036	PF07303
PF00036	PF07500
PF00036	PF07645
PF00036	PF07714
PF00036	PF08457
PF00036	PF08726
PF00036	PF08730
PF00036	PF08763
PF00036	PF08976
PF00036	PF10591
PF00036	PF11522
PF00036	PF11601
PF00036	PF12209
PF00036	PF12424
PF00037	PF00037
PF00037	PF00070
PF00037	PF00111
PF00037	PF00175
PF00037	PF00223
PF00037	PF00258
PF00037	PF00346
PF00037	PF00384
PF00037	PF00667
PF00037	PF00890
PF00037	PF00991
PF00037	PF01000
PF00037	PF01058
PF00037	PF01077
PF00037	PF01180
PF00037	PF01193
PF00037	PF01512
PF00037	PF01558
PF00037	PF01565
PF00037	PF01568
PF00037	PF01837
PF00037	PF01855
PF00037	PF01873
PF00037	PF02085
PF00037	PF02256
PF00037	PF02300
PF00037	PF02313
PF00037	PF02427
PF00037	PF02441
PF00037	PF02531
PF00037	PF02754
PF00037	PF02775
PF00037	PF02826
PF00037	PF02906
PF00037	PF02913
PF00037	PF02967
PF00037	PF03063
PF00037	PF03130
PF00037	PF03460
PF00037	PF04055
PF00037	PF04060
PF00037	PF04068
PF00037	PF04422
PF00037	PF04432
PF00037	PF04879
PF00037	PF09163
PF00037	PF11497
PF00037	PF11953
PF00038	PF00038
PF00038	PF00069
PF00038	PF00170
PF00038	PF00261
PF00038	PF00305
PF00038	PF00435
PF00038	PF00569
PF00038	PF00681
PF00038	PF01477
PF00038	PF04732
PF00039	PF00039
PF00039	PF00040
PF00039	PF00041
PF00039	PF00051
PF00039	PF00089
PF00039	PF02986
PF00040	PF00040
PF00040	PF00041
PF00040	PF00045
PF00040	PF00051
PF00040	PF00059
PF00040	PF00089
PF00040	PF00413
PF00040	PF00652
PF00040	PF00878
PF00040	PF01471
PF00040	PF03933
PF00041	PF00041
PF00041	PF00047
PF00041	PF00057
PF00041	PF00058
PF00041	PF00059
PF00041	PF00069
PF00041	PF00092
PF00041	PF00095
PF00041	PF00097
PF00041	PF00102
PF00041	PF00103
PF00041	PF00104
PF00041	PF00128
PF00041	PF00147
PF00041	PF00150
PF00041	PF00169
PF00041	PF00194
PF00041	PF00249
PF00041	PF00295
PF00041	PF00307
PF00041	PF00362
PF00041	PF00395
PF00041	PF00400
PF00041	PF00439
PF00041	PF00489
PF00041	PF00533
PF00041	PF00536
PF00041	PF00560
PF00041	PF00595
PF00041	PF00621
PF00041	PF00622
PF00041	PF00629
PF00041	PF00643
PF00041	PF00704
PF00041	PF00715
PF00041	PF00727
PF00041	PF00757
PF00041	PF00758
PF00041	PF00759
PF00041	PF00905
PF00041	PF00912
PF00041	PF00942
PF00041	PF01030
PF00041	PF01085
PF00041	PF01109
PF00041	PF01110
PF00041	PF01291
PF00041	PF01341
PF00041	PF01344
PF00041	PF01391
PF00041	PF01404
PF00041	PF01415
PF00041	PF01462
PF00041	PF01463
PF00041	PF01547
PF00041	PF01822
PF00041	PF02012
PF00041	PF02018
PF00041	PF02025
PF00041	PF02210
PF00041	PF02268
PF00041	PF02372
PF00041	PF02576
PF00041	PF02751
PF00041	PF02806
PF00041	PF02839
PF00041	PF03039
PF00041	PF03160
PF00041	PF07400
PF00041	PF07679
PF00041	PF07686
PF00041	PF07714
PF00041	PF09067
PF00041	PF09240
PF00041	PF09295
PF00042	PF00042
PF00042	PF00043
PF00042	PF00057
PF00042	PF00069
PF00042	PF00175
PF00042	PF00515
PF00042	PF00806
PF00042	PF00970
PF00042	PF01214
PF00042	PF02732
PF00042	PF04062
PF00042	PF04934
PF00042	PF05172
PF00042	PF09236
PF00043	PF00043
PF00043	PF00071
PF00043	PF00133
PF00043	PF00149
PF00043	PF00250
PF00043	PF00271
PF00043	PF00291
PF00043	PF00310
PF00043	PF00320
PF00043	PF00400
PF00043	PF00454
PF00043	PF00458
PF00043	PF00462
PF00043	PF00494
PF00043	PF00498
PF00043	PF00585
PF00043	PF00587
PF00043	PF00704
PF00043	PF00736
PF00043	PF00749
PF00043	PF00783
PF00043	PF00804
PF00043	PF00909
PF00043	PF01000
PF00043	PF01193
PF00043	PF01344
PF00043	PF01433
PF00043	PF01728
PF00043	PF02005
PF00043	PF02259
PF00043	PF02260
PF00043	PF02363
PF00043	PF02535
PF00043	PF02798
PF00043	PF02902
PF00043	PF03129
PF00043	PF03372
PF00043	PF03950
PF00043	PF04053
PF00043	PF04114
PF00043	PF05739
PF00043	PF06071
PF00043	PF06493
PF00043	PF07645
PF00044	PF00044
PF00044	PF00076
PF00044	PF00149
PF00044	PF00155
PF00044	PF00334
PF00044	PF00514
PF00044	PF01749
PF00044	PF02146
PF00044	PF02800
PF00044	PF03639
PF00044	PF08579
PF00045	PF00045
PF00045	PF00058
PF00045	PF00413
PF00045	PF00965
PF00045	PF01033
PF00045	PF01471
PF00045	PF03933
PF00046	PF00046
PF00046	PF00047
PF00046	PF00057
PF00046	PF00069
PF00046	PF00075
PF00046	PF00076
PF00046	PF00096
PF00046	PF00104
PF00046	PF00105
PF00046	PF00112
PF00046	PF00134
PF00046	PF00135
PF00046	PF00157
PF00046	PF00168
PF00046	PF00227
PF00046	PF00237
PF00046	PF00249
PF00046	PF00250
PF00046	PF00252
PF00046	PF00271
PF00046	PF00292
PF00046	PF00319
PF00046	PF00389
PF00046	PF00397
PF00046	PF00400
PF00046	PF00412
PF00046	PF00432
PF00046	PF00433
PF00046	PF00439
PF00046	PF00481
PF00046	PF00498
PF00046	PF00505
PF00046	PF00554
PF00046	PF00612
PF00046	PF00628
PF00046	PF00635
PF00046	PF00641
PF00046	PF00648
PF00046	PF00651
PF00046	PF00702
PF00046	PF00781
PF00046	PF00806
PF00046	PF00854
PF00046	PF00867
PF00046	PF00907
PF00046	PF00995
PF00046	PF01016
PF00046	PF01214
PF00046	PF01221
PF00046	PF01283
PF00046	PF01423
PF00046	PF01496
PF00046	PF01513
PF00046	PF01547
PF00046	PF01607
PF00046	PF01667
PF00046	PF01805
PF00046	PF01833
PF00046	PF01852
PF00046	PF01920
PF00046	PF01992
PF00046	PF02178
PF00046	PF02374
PF00046	PF02376
PF00046	PF02826
PF00046	PF02919
PF00046	PF02921
PF00046	PF02985
PF00046	PF03144
PF00046	PF03148
PF00046	PF03153
PF00046	PF03165
PF00046	PF03166
PF00046	PF03501
PF00046	PF03529
PF00046	PF03789
PF00046	PF03790
PF00046	PF03791
PF00046	PF03801
PF00046	PF03803
PF00046	PF03940
PF00046	PF04078
PF00046	PF04201
PF00046	PF04769
PF00046	PF04812
PF00046	PF04814
PF00046	PF04857
PF00046	PF05210
PF00046	PF05348
PF00046	PF05670
PF00046	PF06309
PF00046	PF06419
PF00046	PF07019
PF00046	PF07645
PF00046	PF07648
PF00046	PF09310
PF00047	PF00047
PF00047	PF00050
PF00047	PF00051
PF00047	PF00052
PF00047	PF00053
PF00047	PF00054
PF00047	PF00057
PF00047	PF00059
PF00047	PF00069
PF00047	PF00084
PF00047	PF00090
PF00047	PF00102
PF00047	PF00129
PF00047	PF00147
PF00047	PF00167
PF00047	PF00169
PF00047	PF00193
PF00047	PF00243
PF00047	PF00307
PF00047	PF00340
PF00047	PF00341
PF00047	PF00435
PF00047	PF00514
PF00047	PF00516
PF00047	PF00531
PF00047	PF00560
PF00047	PF00612
PF00047	PF00621
PF00047	PF00622
PF00047	PF00629
PF00047	PF00656
PF00047	PF00969
PF00047	PF00993
PF00047	PF01390
PF00047	PF01392
PF00047	PF01403
PF00047	PF01437
PF00047	PF01462
PF00047	PF01463
PF00047	PF01576
PF00047	PF01582
PF00047	PF02158
PF00047	PF02189
PF00047	PF02210
PF00047	PF02339
PF00047	PF02404
PF00047	PF03921
PF00047	PF05790
PF00047	PF07654
PF00047	PF07679
PF00047	PF07686
PF00048	PF00048
PF00048	PF02250
PF00048	PF07686
PF00048	PF09213
PF00048	PF12109
PF00049	PF00049
PF00049	PF00086
PF00049	PF00219
PF00049	PF00675
PF00049	PF00878
PF00049	PF05193
PF00049	PF07686
PF00050	PF00050
PF00050	PF00053
PF00050	PF00054
PF00050	PF00057
PF00050	PF00082
PF00050	PF00084
PF00050	PF00086
PF00050	PF00089
PF00050	PF00090
PF00050	PF00096
PF00050	PF00530
PF00050	PF00595
PF00050	PF01390
PF00050	PF01823
PF00050	PF03137
PF00050	PF09120
PF00050	PF09289
PF00050	PF10591
PF00051	PF00051
PF00051	PF00069
PF00051	PF00079
PF00051	PF00089
PF00051	PF00431
PF00051	PF00530
PF00051	PF00594
PF00051	PF01392
PF00051	PF01403
PF00051	PF01437
PF00051	PF01822
PF00051	PF05444
PF00051	PF12107
PF00052	PF00054
PF00052	PF00055
PF00052	PF00057
PF00052	PF01390
PF00052	PF06008
PF00052	PF06009
PF00053	PF00053
PF00053	PF00054
PF00053	PF00055
PF00053	PF00057
PF00053	PF00058
PF00053	PF00059
PF00053	PF00147
PF00053	PF00431
PF00053	PF00751
PF00053	PF01344
PF00053	PF01390
PF00053	PF01414
PF00053	PF01437
PF00053	PF01759
PF00053	PF01825
PF00053	PF02012
PF00053	PF02793
PF00054	PF00054
PF00054	PF00055
PF00054	PF00057
PF00054	PF00147
PF00054	PF00560
PF00054	PF00594
PF00054	PF00754
PF00054	PF01049
PF00054	PF01390
PF00054	PF01462
PF00054	PF01463
PF00054	PF01825
PF00054	PF02210
PF00054	PF02793
PF00054	PF07686
PF00055	PF01759
PF00055	PF06008
PF00055	PF06009
PF00056	PF00056
PF00056	PF00069
PF00056	PF00149
PF00056	PF00150
PF00056	PF00176
PF00056	PF00271
PF00056	PF00285
PF00056	PF00307
PF00056	PF00393
PF00056	PF00481
PF00056	PF00491
PF00056	PF00795
PF00056	PF01193
PF00056	PF01656
PF00056	PF02374
PF00056	PF02866
PF00056	PF03446
PF00056	PF04182
PF00057	PF00057
PF00057	PF00058
PF00057	PF00073
PF00057	PF00084
PF00057	PF00089
PF00057	PF00090
PF00057	PF00092
PF00057	PF00093
PF00057	PF00297
PF00057	PF00428
PF00057	PF00431
PF00057	PF00530
PF00057	PF00560
PF00057	PF00629
PF00057	PF00651
PF00057	PF00754
PF00057	PF01390
PF00057	PF01391
PF00057	PF01392
PF00057	PF01462
PF00057	PF01484
PF00057	PF01545
PF00057	PF01823
PF00057	PF01826
PF00057	PF02012
PF00057	PF02214
PF00057	PF06400
PF00057	PF06401
PF00057	PF09014
PF00058	PF00058
PF00058	PF00086
PF00058	PF00428
PF00058	PF00640
PF00058	PF02012
PF00058	PF06119
PF00059	PF00059
PF00059	PF00078
PF00059	PF00084
PF00059	PF00089
PF00059	PF00092
PF00059	PF00105
PF00059	PF00129
PF00059	PF00193
PF00059	PF00227
PF00059	PF00229
PF00059	PF00268
PF00059	PF00347
PF00059	PF00428
PF00059	PF00431
PF00059	PF00560
PF00059	PF00594
PF00059	PF00595
PF00059	PF00652
PF00059	PF00801
PF00059	PF01108
PF00059	PF01344
PF00059	PF01391
PF00059	PF01437
PF00059	PF01462
PF00059	PF01463
PF00059	PF01477
PF00059	PF01822
PF00059	PF01825
PF00059	PF02010
PF00059	PF02339
PF00059	PF03815
PF00059	PF07645
PF00059	PF07654
PF00059	PF08391
PF00059	PF08516
PF00059	PF09006
PF00060	PF00060
PF00060	PF00069
PF00060	PF00595
PF00060	PF00625
PF00060	PF01094
PF00060	PF10613
PF00061	PF00061
PF00061	PF00576
PF00061	PF07686
PF00062	PF00062
PF00062	PF00560
PF00062	PF00969
PF00062	PF00993
PF00062	PF01462
PF00062	PF02709
PF00062	PF03153
PF00062	PF07654
PF00062	PF07686
PF00062	PF08816
PF00062	PF09864
PF00062	PF11921
PF00063	PF00063
PF00063	PF00069
PF00063	PF00071
PF00063	PF00076
PF00063	PF00097
PF00063	PF00107
PF00063	PF00130
PF00063	PF00149
PF00063	PF00169
PF00063	PF00300
PF00063	PF00350
PF00063	PF00400
PF00063	PF00438
PF00063	PF00442
PF00063	PF00443
PF00063	PF00568
PF00063	PF00590
PF00063	PF00595
PF00063	PF00611
PF00063	PF00612
PF00063	PF00620
PF00063	PF00784
PF00063	PF00788
PF00063	PF01031
PF00063	PF01138
PF00063	PF01576
PF00063	PF01843
PF00063	PF02205
PF00063	PF02736
PF00063	PF02772
PF00063	PF05856
PF00063	PF06017
PF00064	PF00064
PF00064	PF07686
PF00066	PF00066
PF00066	PF00096
PF00066	PF06816
PF00066	PF07684
PF00066	PF07686
PF00067	PF00067
PF00067	PF00098
PF00067	PF00111
PF00067	PF00175
PF00067	PF00244
PF00067	PF00248
PF00067	PF00254
PF00067	PF00258
PF00067	PF00324
PF00067	PF00428
PF00067	PF00467
PF00067	PF00550
PF00067	PF00583
PF00067	PF00595
PF00067	PF00640
PF00067	PF00667
PF00067	PF00887
PF00067	PF00929
PF00067	PF01189
PF00067	PF01585
PF00067	PF04627
PF00067	PF04636
PF00067	PF05291
PF00067	PF05964
PF00068	PF00068
PF00068	PF01114
PF00068	PF02740
PF00069	PF00069
PF00069	PF00070
PF00069	PF00071
PF00069	PF00072
PF00069	PF00076
PF00069	PF00079
PF00069	PF00080
PF00069	PF00082
PF00069	PF00083
PF00069	PF00084
PF00069	PF00085
PF00069	PF00089
PF00069	PF00096
PF00069	PF00097
PF00069	PF00098
PF00069	PF00102
PF00069	PF00104
PF00069	PF00105
PF00069	PF00106
PF00069	PF00107
PF00069	PF00108
PF00069	PF00118
PF00069	PF00122
PF00069	PF00125
PF00069	PF00130
PF00069	PF00134
PF00069	PF00136
PF00069	PF00138
PF00069	PF00139
PF00069	PF00149
PF00069	PF00153
PF00069	PF00155
PF00069	PF00160
PF00069	PF00167
PF00069	PF00168
PF00069	PF00169
PF00069	PF00170
PF00069	PF00172
PF00069	PF00176
PF00069	PF00177
PF00069	PF00178
PF00069	PF00179
PF00069	PF00180
PF00069	PF00183
PF00069	PF00185
PF00069	PF00189
PF00069	PF00202
PF00069	PF00205
PF00069	PF00206
PF00069	PF00211
PF00069	PF00224
PF00069	PF00225
PF00069	PF00226
PF00069	PF00227
PF00069	PF00229
PF00069	PF00240
PF00069	PF00241
PF00069	PF00244
PF00069	PF00250
PF00069	PF00254
PF00069	PF00258
PF00069	PF00266
PF00069	PF00268
PF00069	PF00270
PF00069	PF00271
PF00069	PF00275
PF00069	PF00282
PF00069	PF00289
PF00069	PF00291
PF00069	PF00293
PF00069	PF00306
PF00069	PF00310
PF00069	PF00319
PF00069	PF00330
PF00069	PF00337
PF00069	PF00343
PF00069	PF00347
PF00069	PF00350
PF00069	PF00360
PF00069	PF00364
PF00069	PF00365
PF00069	PF00389
PF00069	PF00390
PF00069	PF00393
PF00069	PF00397
PF00069	PF00399
PF00069	PF00400
PF00069	PF00401
PF00069	PF00412
PF00069	PF00415
PF00069	PF00433
PF00069	PF00435
PF00069	PF00436
PF00069	PF00439
PF00069	PF00442
PF00069	PF00443
PF00069	PF00454
PF00069	PF00472
PF00069	PF00481
PF00069	PF00488
PF00069	PF00493
PF00069	PF00498
PF00069	PF00503
PF00069	PF00514
PF00069	PF00515
PF00069	PF00521
PF00069	PF00531
PF00069	PF00533
PF00069	PF00534
PF00069	PF00536
PF00069	PF00539
PF00069	PF00551
PF00069	PF00554
PF00069	PF00560
PF00069	PF00564
PF00069	PF00567
PF00069	PF00570
PF00069	PF00571
PF00069	PF00575
PF00069	PF00578
PF00069	PF00580
PF00069	PF00581
PF00069	PF00582
PF00069	PF00595
PF00069	PF00610
PF00069	PF00611
PF00069	PF00612
PF00069	PF00615
PF00069	PF00616
PF00069	PF00617
PF00069	PF00618
PF00069	PF00619
PF00069	PF00620
PF00069	PF00621
PF00069	PF00622
PF00069	PF00625
PF00069	PF00626
PF00069	PF00627
PF00069	PF00629
PF00069	PF00633
PF00069	PF00635
PF00069	PF00637
PF00069	PF00638
PF00069	PF00642
PF00069	PF00646
PF00069	PF00653
PF00069	PF00656
PF00069	PF00659
PF00069	PF00664
PF00069	PF00670
PF00069	PF00675
PF00069	PF00679
PF00069	PF00682
PF00069	PF00690
PF00069	PF00694
PF00069	PF00696
PF00069	PF00702
PF00069	PF00705
PF00069	PF00719
PF00069	PF00724
PF00069	PF00731
PF00069	PF00735
PF00069	PF00749
PF00069	PF00752
PF00069	PF00754
PF00069	PF00757
PF00069	PF00764
PF00069	PF00778
PF00069	PF00779
PF00069	PF00780
PF00069	PF00782
PF00069	PF00785
PF00069	PF00786
PF00069	PF00787
PF00069	PF00788
PF00069	PF00805
PF00069	PF00806
PF00069	PF00814
PF00069	PF00838
PF00069	PF00850
PF00069	PF00870
PF00069	PF00887
PF00069	PF00888
PF00069	PF00908
PF00069	PF00917
PF00069	PF00931
PF00069	PF00935
PF00069	PF00940
PF00069	PF00956
PF00069	PF00957
PF00069	PF00982
PF00069	PF00989
PF00069	PF00995
PF00069	PF00996
PF00069	PF01008
PF00069	PF01011
PF00069	PF01017
PF00069	PF01018
PF00069	PF01025
PF00069	PF01030
PF00069	PF01031
PF00069	PF01044
PF00069	PF01064
PF00069	PF01079
PF00069	PF01084
PF00069	PF01085
PF00069	PF01087
PF00069	PF01094
PF00069	PF01111
PF00069	PF01174
PF00069	PF01193
PF00069	PF01200
PF00069	PF01202
PF00069	PF01204
PF00069	PF01207
PF00069	PF01214
PF00069	PF01227
PF00069	PF01248
PF00069	PF01269
PF00069	PF01274
PF00069	PF01285
PF00069	PF01323
PF00069	PF01344
PF00069	PF01380
PF00069	PF01392
PF00069	PF01398
PF00069	PF01403
PF00069	PF01404
PF00069	PF01411
PF00069	PF01412
PF00069	PF01417
PF00069	PF01423
PF00069	PF01424
PF00069	PF01426
PF00069	PF01428
PF00069	PF01436
PF00069	PF01437
PF00069	PF01450
PF00069	PF01453
PF00069	PF01462
PF00069	PF01472
PF00069	PF01487
PF00069	PF01488
PF00069	PF01509
PF00069	PF01529
PF00069	PF01544
PF00069	PF01556
PF00069	PF01575
PF00069	PF01590
PF00069	PF01612
PF00069	PF01624
PF00069	PF01633
PF00069	PF01644
PF00069	PF01652
PF00069	PF01683
PF00069	PF01749
PF00069	PF01761
PF00069	PF01776
PF00069	PF01798
PF00069	PF01813
PF00069	PF01822
PF00069	PF01833
PF00069	PF01842
PF00069	PF01843
PF00069	PF01849
PF00069	PF01851
PF00069	PF01853
PF00069	PF01912
PF00069	PF01916
PF00069	PF01926
PF00069	PF01975
PF00069	PF01991
PF00069	PF01992
PF00069	PF02019
PF00069	PF02078
PF00069	PF02100
PF00069	PF02134
PF00069	PF02148
PF00069	PF02181
PF00069	PF02185
PF00069	PF02190
PF00069	PF02196
PF00069	PF02197
PF00069	PF02198
PF00069	PF02201
PF00069	PF02204
PF00069	PF02207
PF00069	PF02212
PF00069	PF02222
PF00069	PF02234
PF00069	PF02272
PF00069	PF02292
PF00069	PF02366
PF00069	PF02377
PF00069	PF02436
PF00069	PF02441
PF00069	PF02463
PF00069	PF02483
PF00069	PF02518
PF00069	PF02637
PF00069	PF02671
PF00069	PF02714
PF00069	PF02729
PF00069	PF02732
PF00069	PF02735
PF00069	PF02736
PF00069	PF02744
PF00069	PF02747
PF00069	PF02750
PF00069	PF02757
PF00069	PF02770
PF00069	PF02771
PF00069	PF02775
PF00069	PF02776
PF00069	PF02785
PF00069	PF02786
PF00069	PF02798
PF00069	PF02803
PF00069	PF02815
PF00069	PF02816
PF00069	PF02826
PF00069	PF02827
PF00069	PF02828
PF00069	PF02845
PF00069	PF02854
PF00069	PF02861
PF00069	PF02864
PF00069	PF02865
PF00069	PF02866
PF00069	PF02874
PF00069	PF02902
PF00069	PF02935
PF00069	PF02961
PF00069	PF02984
PF00069	PF02985
PF00069	PF03029
PF00069	PF03106
PF00069	PF03114
PF00069	PF03129
PF00069	PF03133
PF00069	PF03142
PF00069	PF03144
PF00069	PF03164
PF00069	PF03165
PF00069	PF03166
PF00069	PF03261
PF00069	PF03286
PF00069	PF03332
PF00069	PF03345
PF00069	PF03381
PF00069	PF03416
PF00069	PF03501
PF00069	PF03531
PF00069	PF03540
PF00069	PF03547
PF00069	PF03607
PF00069	PF03637
PF00069	PF03690
PF00069	PF03793
PF00069	PF03813
PF00069	PF03850
PF00069	PF03856
PF00069	PF03941
PF00069	PF03950
PF00069	PF03957
PF00069	PF03985
PF00069	PF03999
PF00069	PF04000
PF00069	PF04042
PF00069	PF04053
PF00069	PF04082
PF00069	PF04104
PF00069	PF04120
PF00069	PF04121
PF00069	PF04153
PF00069	PF04180
PF00069	PF04406
PF00069	PF04423
PF00069	PF04434
PF00069	PF04560
PF00069	PF04563
PF00069	PF04567
PF00069	PF04684
PF00069	PF04729
PF00069	PF04810
PF00069	PF04811
PF00069	PF04815
PF00069	PF04857
PF00069	PF04992
PF00069	PF05129
PF00069	PF05172
PF00069	PF05179
PF00069	PF05185
PF00069	PF05186
PF00069	PF05188
PF00069	PF05203
PF00069	PF05204
PF00069	PF05221
PF00069	PF05236
PF00069	PF05291
PF00069	PF05303
PF00069	PF05345
PF00069	PF05350
PF00069	PF05387
PF00069	PF05405
PF00069	PF05422
PF00069	PF05456
PF00069	PF05485
PF00069	PF05669
PF00069	PF05693
PF00069	PF05706
PF00069	PF05719
PF00069	PF05739
PF00069	PF05773
PF00069	PF05922
PF00069	PF06017
PF00069	PF06068
PF00069	PF06093
PF00069	PF06160
PF00069	PF06391
PF00069	PF06420
PF00069	PF06470
PF00069	PF06479
PF00069	PF06524
PF00069	PF06617
PF00069	PF06703
PF00069	PF06814
PF00069	PF06881
PF00069	PF07535
PF00069	PF07543
PF00069	PF07572
PF00069	PF07646
PF00069	PF07647
PF00069	PF07651
PF00069	PF07653
PF00069	PF07679
PF00069	PF07690
PF00069	PF07714
PF00069	PF07957
PF00069	PF07974
PF00069	PF07991
PF00069	PF08060
PF00069	PF08240
PF00069	PF08302
PF00069	PF08322
PF00069	PF08477
PF00069	PF08490
PF00069	PF08505
PF00069	PF08515
PF00069	PF08537
PF00069	PF08569
PF00069	PF08572
PF00069	PF08579
PF00069	PF08587
PF00069	PF08613
PF00069	PF08651
PF00069	PF08653
PF00069	PF08730
PF00069	PF08737
PF00069	PF08953
PF00069	PF08954
PF00069	PF09041
PF00069	PF09080
PF00069	PF09241
PF00069	PF09295
PF00069	PF10140
PF00069	PF10591
PF00069	PF11610
PF00069	PF12330
PF00070	PF00070
PF00070	PF00071
PF00070	PF00076
PF00070	PF00085
PF00070	PF00149
PF00070	PF00179
PF00070	PF00198
PF00070	PF00238
PF00070	PF00355
PF00070	PF00364
PF00070	PF00378
PF00070	PF00403
PF00070	PF00514
PF00070	PF00515
PF00070	PF00581
PF00070	PF00646
PF00070	PF00724
PF00070	PF01008
PF00070	PF01077
PF00070	PF01180
PF00070	PF01253
PF00070	PF01493
PF00070	PF01569
PF00070	PF01645
PF00070	PF02779
PF00070	PF02780
PF00070	PF02817
PF00070	PF02852
PF00070	PF03275
PF00070	PF03460
PF00070	PF04324
PF00070	PF04897
PF00070	PF04898
PF00070	PF07992
PF00070	PF08654
PF00071	PF00071
PF00071	PF00072
PF00071	PF00076
PF00071	PF00089
PF00071	PF00096
PF00071	PF00097
PF00071	PF00106
PF00071	PF00107
PF00071	PF00108
PF00071	PF00130
PF00071	PF00132
PF00071	PF00160
PF00071	PF00166
PF00071	PF00169
PF00071	PF00170
PF00071	PF00178
PF00071	PF00180
PF00071	PF00183
PF00071	PF00201
PF00071	PF00202
PF00071	PF00205
PF00071	PF00206
PF00071	PF00211
PF00071	PF00226
PF00071	PF00230
PF00071	PF00240
PF00071	PF00241
PF00071	PF00258
PF00071	PF00268
PF00071	PF00270
PF00071	PF00271
PF00071	PF00291
PF00071	PF00316
PF00071	PF00330
PF00071	PF00334
PF00071	PF00382
PF00071	PF00383
PF00071	PF00397
PF00071	PF00400
PF00071	PF00412
PF00071	PF00415
PF00071	PF00433
PF00071	PF00439
PF00071	PF00443
PF00071	PF00447
PF00071	PF00454
PF00071	PF00481
PF00071	PF00485
PF00071	PF00490
PF00071	PF00491
PF00071	PF00501
PF00071	PF00503
PF00071	PF00514
PF00071	PF00515
PF00071	PF00560
PF00071	PF00564
PF00071	PF00566
PF00071	PF00571
PF00071	PF00581
PF00071	PF00583
PF00071	PF00595
PF00071	PF00611
PF00071	PF00616
PF00071	PF00617
PF00071	PF00618
PF00071	PF00620
PF00071	PF00621
PF00071	PF00627
PF00071	PF00632
PF00071	PF00638
PF00071	PF00641
PF00071	PF00651
PF00071	PF00660
PF00071	PF00675
PF00071	PF00676
PF00071	PF00692
PF00071	PF00694
PF00071	PF00696
PF00071	PF00710
PF00071	PF00736
PF00071	PF00752
PF00071	PF00773
PF00071	PF00781
PF00071	PF00782
PF00071	PF00786
PF00071	PF00787
PF00071	PF00788
PF00071	PF00794
PF00071	PF00806
PF00071	PF00920
PF00071	PF00982
PF00071	PF00989
PF00071	PF00995
PF00071	PF00996
PF00071	PF01025
PF00071	PF01053
PF00071	PF01079
PF00071	PF01085
PF00071	PF01089
PF00071	PF01096
PF00071	PF01115
PF00071	PF01180
PF00071	PF01214
PF00071	PF01227
PF00071	PF01302
PF00071	PF01331
PF00071	PF01363
PF00071	PF01412
PF00071	PF01459
PF00071	PF01466
PF00071	PF01472
PF00071	PF01483
PF00071	PF01496
PF00071	PF01532
PF00071	PF01546
PF00071	PF01565
PF00071	PF01633
PF00071	PF01652
PF00071	PF01728
PF00071	PF01749
PF00071	PF01765
PF00071	PF01784
PF00071	PF01793
PF00071	PF01794
PF00071	PF01833
PF00071	PF01846
PF00071	PF01849
PF00071	PF01946
PF00071	PF02115
PF00071	PF02127
PF00071	PF02136
PF00071	PF02145
PF00071	PF02146
PF00071	PF02150
PF00071	PF02176
PF00071	PF02185
PF00071	PF02196
PF00071	PF02197
PF00071	PF02198
PF00071	PF02204
PF00071	PF02318
PF00071	PF02319
PF00071	PF02364
PF00071	PF02518
PF00071	PF02548
PF00071	PF02661
PF00071	PF02759
PF00071	PF02775
PF00071	PF02776
PF00071	PF02779
PF00071	PF02893
PF00071	PF02913
PF00071	PF02985
PF00071	PF03051
PF00071	PF03099
PF00071	PF03162
PF00071	PF03165
PF00071	PF03166
PF00071	PF03208
PF00071	PF03223
PF00071	PF03239
PF00071	PF03278
PF00071	PF03332
PF00071	PF03357
PF00071	PF03378
PF00071	PF03435
PF00071	PF03496
PF00071	PF03545
PF00071	PF03647
PF00071	PF03690
PF00071	PF03759
PF00071	PF03810
PF00071	PF03878
PF00071	PF03919
PF00071	PF03931
PF00071	PF04099
PF00071	PF04129
PF00071	PF04136
PF00071	PF04421
PF00071	PF04603
PF00071	PF04893
PF00071	PF04938
PF00071	PF05186
PF00071	PF05216
PF00071	PF05351
PF00071	PF05508
PF00071	PF05739
PF00071	PF06142
PF00071	PF06367
PF00071	PF06371
PF00071	PF06428
PF00071	PF06456
PF00071	PF06920
PF00071	PF07487
PF00071	PF07525
PF00071	PF07686
PF00071	PF07714
PF00071	PF08217
PF00071	PF08271
PF00071	PF08337
PF00071	PF08389
PF00071	PF08477
PF00071	PF08506
PF00071	PF08537
PF00071	PF08567
PF00071	PF08700
PF00071	PF08737
PF00071	PF08767
PF00071	PF08912
PF00071	PF09027
PF00071	PF09219
PF00071	PF09311
PF00071	PF09457
PF00071	PF09632
PF00071	PF11461
PF00071	PF11464
PF00072	PF00072
PF00072	PF00149
PF00072	PF00158
PF00072	PF00165
PF00072	PF00179
PF00072	PF00196
PF00072	PF00211
PF00072	PF00233
PF00072	PF00249
PF00072	PF00447
PF00072	PF00486
PF00072	PF00497
PF00072	PF00512
PF00072	PF00563
PF00072	PF00672
PF00072	PF00785
PF00072	PF00977
PF00072	PF00989
PF00072	PF00990
PF00072	PF01339
PF00072	PF01584
PF00072	PF01590
PF00072	PF01627
PF00072	PF02518
PF00072	PF02954
PF00072	PF03861
PF00072	PF04344
PF00072	PF04509
PF00072	PF07194
PF00072	PF09078
PF00073	PF00073
PF00073	PF00084
PF00073	PF00548
PF00073	PF00680
PF00073	PF00947
PF00073	PF02226
PF00073	PF03921
PF00073	PF05408
PF00073	PF07686
PF00073	PF08762
PF00073	PF08935
PF00074	PF00074
PF00074	PF00560
PF00074	PF07686
PF00075	PF00075
PF00075	PF00076
PF00075	PF00077
PF00075	PF00078
PF00075	PF00105
PF00075	PF00300
PF00075	PF00540
PF00075	PF00552
PF00075	PF00607
PF00075	PF00665
PF00075	PF00692
PF00075	PF01105
PF00075	PF01547
PF00075	PF02022
PF00075	PF03539
PF00075	PF06815
PF00075	PF06817
PF00076	PF00076
PF00076	PF00085
PF00076	PF00096
PF00076	PF00097
PF00076	PF00098
PF00076	PF00102
PF00076	PF00104
PF00076	PF00105
PF00076	PF00112
PF00076	PF00113
PF00076	PF00125
PF00076	PF00130
PF00076	PF00134
PF00076	PF00149
PF00076	PF00152
PF00076	PF00153
PF00076	PF00160
PF00076	PF00172
PF00076	PF00176
PF00076	PF00177
PF00076	PF00186
PF00076	PF00189
PF00076	PF00202
PF00076	PF00203
PF00076	PF00204
PF00076	PF00235
PF00076	PF00244
PF00076	PF00254
PF00076	PF00270
PF00076	PF00271
PF00076	PF00306
PF00076	PF00352
PF00076	PF00379
PF00076	PF00382
PF00076	PF00389
PF00076	PF00397
PF00076	PF00400
PF00076	PF00439
PF00076	PF00441
PF00076	PF00443
PF00076	PF00448
PF00076	PF00459
PF00076	PF00461
PF00076	PF00478
PF00076	PF00484
PF00076	PF00488
PF00076	PF00501
PF00076	PF00514
PF00076	PF00515
PF00076	PF00521
PF00076	PF00533
PF00076	PF00538
PF00076	PF00557
PF00076	PF00560
PF00076	PF00561
PF00076	PF00571
PF00076	PF00580
PF00076	PF00587
PF00076	PF00590
PF00076	PF00595
PF00076	PF00610
PF00076	PF00611
PF00076	PF00620
PF00076	PF00622
PF00076	PF00623
PF00076	PF00627
PF00076	PF00628
PF00076	PF00637
PF00076	PF00638
PF00076	PF00641
PF00076	PF00642
PF00076	PF00656
PF00076	PF00658
PF00076	PF00659
PF00076	PF00660
PF00076	PF00670
PF00076	PF00675
PF00076	PF00710
PF00076	PF00730
PF00076	PF00736
PF00076	PF00750
PF00076	PF00782
PF00076	PF00788
PF00076	PF00806
PF00076	PF00833
PF00076	PF00850
PF00076	PF00856
PF00076	PF00867
PF00076	PF00888
PF00076	PF00928
PF00076	PF00929
PF00076	PF00956
PF00076	PF00996
PF00076	PF01018
PF00076	PF01026
PF00076	PF01044
PF00076	PF01068
PF00076	PF01090
PF00076	PF01115
PF00076	PF01126
PF00076	PF01196
PF00076	PF01198
PF00076	PF01201
PF00076	PF01205
PF00076	PF01213
PF00076	PF01214
PF00076	PF01217
PF00076	PF01238
PF00076	PF01243
PF00076	PF01248
PF00076	PF01253
PF00076	PF01263
PF00076	PF01269
PF00076	PF01301
PF00076	PF01336
PF00076	PF01388
PF00076	PF01398
PF00076	PF01399
PF00076	PF01412
PF00076	PF01423
PF00076	PF01424
PF00076	PF01425
PF00076	PF01479
PF00076	PF01535
PF00076	PF01553
PF00076	PF01574
PF00076	PF01576
PF00076	PF01585
PF00076	PF01624
PF00076	PF01652
PF00076	PF01728
PF00076	PF01740
PF00076	PF01749
PF00076	PF01757
PF00076	PF01775
PF00076	PF01833
PF00076	PF01849
PF00076	PF01873
PF00076	PF01912
PF00076	PF01926
PF00076	PF01937
PF00076	PF01945
PF00076	PF01974
PF00076	PF02012
PF00076	PF02020
PF00076	PF02037
PF00076	PF02045
PF00076	PF02064
PF00076	PF02100
PF00076	PF02131
PF00076	PF02136
PF00076	PF02178
PF00076	PF02190
PF00076	PF02197
PF00076	PF02203
PF00076	PF02213
PF00076	PF02221
PF00076	PF02268
PF00076	PF02383
PF00076	PF02403
PF00076	PF02463
PF00076	PF02493
PF00076	PF02518
PF00076	PF02582
PF00076	PF02732
PF00076	PF02749
PF00076	PF02751
PF00076	PF02792
PF00076	PF02798
PF00076	PF02800
PF00076	PF02824
PF00076	PF02852
PF00076	PF02854
PF00076	PF02874
PF00076	PF02881
PF00076	PF02944
PF00076	PF02970
PF00076	PF02978
PF00076	PF02984
PF00076	PF02985
PF00076	PF03020
PF00076	PF03096
PF00076	PF03098
PF00076	PF03129
PF00076	PF03143
PF00076	PF03147
PF00076	PF03162
PF00076	PF03165
PF00076	PF03166
PF00076	PF03194
PF00076	PF03208
PF00076	PF03227
PF00076	PF03372
PF00076	PF03463
PF00076	PF03501
PF00076	PF03637
PF00076	PF03781
PF00076	PF03813
PF00076	PF03874
PF00076	PF04037
PF00076	PF04046
PF00076	PF04062
PF00076	PF04063
PF00076	PF04064
PF00076	PF04065
PF00076	PF04096
PF00076	PF04410
PF00076	PF04427
PF00076	PF04499
PF00076	PF04627
PF00076	PF04667
PF00076	PF04818
PF00076	PF04857
PF00076	PF04983
PF00076	PF04990
PF00076	PF04992
PF00076	PF05153
PF00076	PF05172
PF00076	PF05282
PF00076	PF05383
PF00076	PF05577
PF00076	PF05669
PF00076	PF05832
PF00076	PF05843
PF00076	PF05856
PF00076	PF06220
PF00076	PF06398
PF00076	PF06807
PF00076	PF06881
PF00076	PF07145
PF00076	PF07393
PF00076	PF07645
PF00076	PF07716
PF00076	PF07942
PF00076	PF08080
PF00076	PF08505
PF00076	PF08597
PF00076	PF08603
PF00076	PF08634
PF00076	PF08649
PF00076	PF08662
PF00076	PF08920
PF00076	PF09088
PF00076	PF09090
PF00076	PF09282
PF00076	PF09340
PF00077	PF00077
PF00077	PF00078
PF00077	PF00098
PF00077	PF00240
PF00077	PF00540
PF00077	PF00552
PF00077	PF00566
PF00077	PF00607
PF00077	PF00627
PF00077	PF00665
PF00077	PF00692
PF00077	PF01263
PF00077	PF01585
PF00077	PF02022
PF00077	PF02337
PF00077	PF02813
PF00077	PF06815
PF00077	PF06817
PF00078	PF00078
PF00078	PF00096
PF00078	PF00098
PF00078	PF00115
PF00078	PF00129
PF00078	PF00540
PF00078	PF00552
PF00078	PF00607
PF00078	PF00665
PF00078	PF00692
PF00078	PF01844
PF00078	PF02022
PF00078	PF03372
PF00078	PF03539
PF00078	PF06815
PF00078	PF06817
PF00078	PF07686
PF00078	PF12009
PF00079	PF00079
PF00079	PF00089
PF00079	PF00129
PF00079	PF00428
PF00079	PF01033
PF00080	PF00080
PF00080	PF00081
PF00080	PF00254
PF00080	PF00403
PF00080	PF02777
PF00080	PF03338
PF00080	PF04502
PF00080	PF06193
PF00080	PF07714
PF00081	PF00081
PF00081	PF00459
PF00081	PF01728
PF00081	PF02735
PF00081	PF02777
PF00081	PF03834
PF00081	PF05693
PF00082	PF00082
PF00082	PF00096
PF00082	PF00197
PF00082	PF00280
PF00082	PF00400
PF00082	PF00664
PF00082	PF00720
PF00082	PF00746
PF00082	PF00757
PF00082	PF00801
PF00082	PF00888
PF00082	PF01423
PF00082	PF01483
PF00082	PF02225
PF00082	PF02428
PF00082	PF04110
PF00082	PF04151
PF00082	PF05922
PF00082	PF06280
PF00082	PF07686
PF00082	PF09286
PF00082	PF12580
PF00083	PF00106
PF00083	PF00137
PF00083	PF00149
PF00083	PF00153
PF00083	PF00168
PF00083	PF00172
PF00083	PF00226
PF00083	PF00262
PF00083	PF00389
PF00083	PF00394
PF00083	PF00397
PF00083	PF00400
PF00083	PF00428
PF00083	PF00461
PF00083	PF00466
PF00083	PF00498
PF00083	PF00568
PF00083	PF00628
PF00083	PF00632
PF00083	PF00787
PF00083	PF01008
PF00083	PF01019
PF00083	PF01151
PF00083	PF01168
PF00083	PF01189
PF00083	PF01237
PF00083	PF01248
PF00083	PF01842
PF00083	PF01883
PF00083	PF01992
PF00083	PF02175
PF00083	PF02178
PF00083	PF02205
PF00083	PF02826
PF00083	PF04072
PF00083	PF05172
PF00083	PF05652
PF00083	PF07690
PF00083	PF08614
PF00083	PF08738
PF00084	PF00084
PF00084	PF00089
PF00084	PF00090
PF00084	PF00092
PF00084	PF00094
PF00084	PF00193
PF00084	PF00207
PF00084	PF00354
PF00084	PF00423
PF00084	PF00431
PF00084	PF00541
PF00084	PF00715
PF00084	PF01094
PF00084	PF01823
PF00084	PF01835
PF00084	PF02339
PF00084	PF02372
PF00084	PF03098
PF00084	PF03782
PF00084	PF03815
PF00084	PF06119
PF00084	PF07678
PF00084	PF07686
PF00084	PF08794
PF00084	PF09014
PF00085	PF00085
PF00085	PF00091
PF00085	PF00197
PF00085	PF00288
PF00085	PF00379
PF00085	PF00412
PF00085	PF00428
PF00085	PF00462
PF00085	PF00476
PF00085	PF00554
PF00085	PF00627
PF00085	PF00735
PF00085	PF00753
PF00085	PF01323
PF00085	PF01451
PF00085	PF01507
PF00085	PF01722
PF00085	PF02683
PF00085	PF02902
PF00085	PF02943
PF00085	PF03372
PF00085	PF03485
PF00085	PF04777
PF00085	PF06201
PF00085	PF07686
PF00085	PF07992
PF00085	PF08271
PF00085	PF11412
PF00086	PF00086
PF00086	PF00112
PF00086	PF00135
PF00086	PF00219
PF00086	PF00405
PF00086	PF06119
PF00087	PF00087
PF00087	PF00135
PF00087	PF02931
PF00088	PF00088
PF00088	PF00100
PF00088	PF01055
PF00089	PF00089
PF00089	PF00092
PF00089	PF00095
PF00089	PF00102
PF00089	PF00130
PF00089	PF00153
PF00089	PF00176
PF00089	PF00197
PF00089	PF00227
PF00089	PF00228
PF00089	PF00243
PF00089	PF00246
PF00089	PF00267
PF00089	PF00280
PF00089	PF00293
PF00089	PF00299
PF00089	PF00373
PF00089	PF00378
PF00089	PF00379
PF00089	PF00383
PF00089	PF00394
PF00089	PF00431
PF00089	PF00433
PF00089	PF00439
PF00089	PF00530
PF00089	PF00560
PF00089	PF00594
PF00089	PF00595
PF00089	PF00629
PF00089	PF00652
PF00089	PF00713
PF00089	PF00720
PF00089	PF00801
PF00089	PF00838
PF00089	PF00929
PF00089	PF01108
PF00089	PF01390
PF00089	PF01392
PF00089	PF01403
PF00089	PF01437
PF00089	PF01462
PF00089	PF01483
PF00089	PF01585
PF00089	PF01826
PF00089	PF02178
PF00089	PF02196
PF00089	PF02244
PF00089	PF02428
PF00089	PF02821
PF00089	PF02822
PF00089	PF02839
PF00089	PF02983
PF00089	PF03148
PF00089	PF03392
PF00089	PF03815
PF00089	PF03826
PF00089	PF03973
PF00089	PF03974
PF00089	PF05375
PF00089	PF05622
PF00089	PF07054
PF00089	PF07645
PF00089	PF07648
PF00089	PF07677
PF00089	PF07686
PF00089	PF07716
PF00089	PF07731
PF00089	PF07732
PF00089	PF08702
PF00089	PF08764
PF00089	PF09064
PF00089	PF09065
PF00089	PF09272
PF00089	PF09396
PF00089	PF11546
PF00090	PF00090
PF00090	PF00092
PF00090	PF00093
PF00090	PF00173
PF00090	PF00219
PF00090	PF00339
PF00090	PF00431
PF00090	PF00514
PF00090	PF00595
PF00090	PF00754
PF00090	PF01400
PF00090	PF01403
PF00090	PF01421
PF00090	PF01437
PF00090	PF01562
PF00090	PF01749
PF00090	PF01823
PF00090	PF01825
PF00090	PF01826
PF00090	PF02014
PF00090	PF02210
PF00090	PF02363
PF00090	PF02412
PF00090	PF02752
PF00090	PF02793
PF00090	PF05735
PF00090	PF06493
PF00090	PF07645
PF00091	PF00091
PF00091	PF00096
PF00091	PF00225
PF00091	PF00389
PF00091	PF00399
PF00091	PF00560
PF00091	PF00836
PF00091	PF01302
PF00091	PF01920
PF00091	PF02491
PF00091	PF02996
PF00091	PF03089
PF00091	PF03271
PF00091	PF03416
PF00091	PF03953
PF00091	PF04354
PF00091	PF12327
PF00092	PF00092
PF00092	PF00093
PF00092	PF00094
PF00092	PF00357
PF00092	PF00533
PF00092	PF00560
PF00092	PF00644
PF00092	PF01078
PF00092	PF01390
PF00092	PF01391
PF00092	PF01399
PF00092	PF01413
PF00092	PF01462
PF00092	PF01759
PF00092	PF01826
PF00092	PF01839
PF00092	PF02210
PF00092	PF02743
PF00092	PF03495
PF00092	PF03921
PF00092	PF05587
PF00092	PF07654
PF00092	PF07678
PF00092	PF07686
PF00092	PF11546
PF00093	PF00093
PF00093	PF00094
PF00093	PF00096
PF00093	PF00219
PF00093	PF00264
PF00093	PF00560
PF00093	PF00653
PF00093	PF00754
PF00093	PF01391
PF00093	PF01410
PF00093	PF01500
PF00093	PF01683
PF00093	PF01826
PF00093	PF02210
PF00093	PF02345
PF00093	PF02412
PF00093	PF05735
PF00094	PF00629
PF00094	PF00754
PF00094	PF01347
PF00094	PF01826
PF00094	PF02363
PF00094	PF03782
PF00094	PF06119
PF00094	PF06448
PF00094	PF06493
PF00095	PF00095
PF00096	PF00096
PF00096	PF00097
PF00096	PF00098
PF00096	PF00105
PF00096	PF00125
PF00096	PF00128
PF00096	PF00130
PF00096	PF00149
PF00096	PF00153
PF00096	PF00164
PF00096	PF00170
PF00096	PF00172
PF00096	PF00183
PF00096	PF00226
PF00096	PF00227
PF00096	PF00237
PF00096	PF00244
PF00096	PF00249
PF00096	PF00250
PF00096	PF00254
PF00096	PF00261
PF00096	PF00270
PF00096	PF00271
PF00096	PF00276
PF00096	PF00320
PF00096	PF00328
PF00096	PF00352
PF00096	PF00365
PF00096	PF00373
PF00096	PF00382
PF00096	PF00385
PF00096	PF00389
PF00096	PF00398
PF00096	PF00400
PF00096	PF00406
PF00096	PF00410
PF00096	PF00412
PF00096	PF00433
PF00096	PF00439
PF00096	PF00442
PF00096	PF00443
PF00096	PF00456
PF00096	PF00459
PF00096	PF00494
PF00096	PF00498
PF00096	PF00501
PF00096	PF00505
PF00096	PF00514
PF00096	PF00515
PF00096	PF00554
PF00096	PF00560
PF00096	PF00561
PF00096	PF00571
PF00096	PF00588
PF00096	PF00595
PF00096	PF00620
PF00096	PF00622
PF00096	PF00627
PF00096	PF00628
PF00096	PF00641
PF00096	PF00642
PF00096	PF00643
PF00096	PF00648
PF00096	PF00651
PF00096	PF00752
PF00096	PF00769
PF00096	PF00778
PF00096	PF00786
PF00096	PF00788
PF00096	PF00806
PF00096	PF00850
PF00096	PF00856
PF00096	PF00896
PF00096	PF00917
PF00096	PF00996
PF00096	PF01014
PF00096	PF01090
PF00096	PF01105
PF00096	PF01139
PF00096	PF01167
PF00096	PF01198
PF00096	PF01214
PF00096	PF01221
PF00096	PF01230
PF00096	PF01246
PF00096	PF01247
PF00096	PF01249
PF00096	PF01267
PF00096	PF01283
PF00096	PF01352
PF00096	PF01363
PF00096	PF01388
PF00096	PF01399
PF00096	PF01417
PF00096	PF01423
PF00096	PF01545
PF00096	PF01556
PF00096	PF01576
PF00096	PF01585
PF00096	PF01607
PF00096	PF01625
PF00096	PF01648
PF00096	PF01667
PF00096	PF01709
PF00096	PF01728
PF00096	PF01749
PF00096	PF01775
PF00096	PF01826
PF00096	PF01833
PF00096	PF01853
PF00096	PF01926
PF00096	PF01992
PF00096	PF02023
PF00096	PF02067
PF00096	PF02100
PF00096	PF02136
PF00096	PF02178
PF00096	PF02188
PF00096	PF02200
PF00096	PF02234
PF00096	PF02330
PF00096	PF02373
PF00096	PF02375
PF00096	PF02377
PF00096	PF02453
PF00096	PF02752
PF00096	PF02798
PF00096	PF02826
PF00096	PF02969
PF00096	PF03066
PF00096	PF03143
PF00096	PF03145
PF00096	PF03148
PF00096	PF03153
PF00096	PF03166
PF00096	PF03366
PF00096	PF03540
PF00096	PF03637
PF00096	PF03940
PF00096	PF03946
PF00096	PF03953
PF00096	PF04031
PF00096	PF04037
PF00096	PF04056
PF00096	PF04058
PF00096	PF04421
PF00096	PF04434
PF00096	PF04636
PF00096	PF04847
PF00096	PF04979
PF00096	PF05158
PF00096	PF05180
PF00096	PF05186
PF00096	PF05236
PF00096	PF05276
PF00096	PF05622
PF00096	PF06487
PF00096	PF06524
PF00096	PF06862
PF00096	PF07054
PF00096	PF07479
PF00096	PF07557
PF00096	PF07558
PF00096	PF07719
PF00096	PF08271
PF00096	PF08321
PF00097	PF00097
PF00097	PF00107
PF00097	PF00125
PF00097	PF00176
PF00097	PF00179
PF00097	PF00180
PF00097	PF00183
PF00097	PF00240
PF00097	PF00250
PF00097	PF00254
PF00097	PF00271
PF00097	PF00339
PF00097	PF00368
PF00097	PF00380
PF00097	PF00382
PF00097	PF00385
PF00097	PF00389
PF00097	PF00400
PF00097	PF00439
PF00097	PF00464
PF00097	PF00478
PF00097	PF00498
PF00097	PF00505
PF00097	PF00514
PF00097	PF00515
PF00097	PF00520
PF00097	PF00533
PF00097	PF00557
PF00097	PF00560
PF00097	PF00566
PF00097	PF00571
PF00097	PF00575
PF00097	PF00578
PF00097	PF00583
PF00097	PF00587
PF00097	PF00595
PF00097	PF00619
PF00097	PF00622
PF00097	PF00627
PF00097	PF00628
PF00097	PF00630
PF00097	PF00641
PF00097	PF00642
PF00097	PF00643
PF00097	PF00646
PF00097	PF00648
PF00097	PF00653
PF00097	PF00679
PF00097	PF00690
PF00097	PF00696
PF00097	PF00731
PF00097	PF00752
PF00097	PF00757
PF00097	PF00827
PF00097	PF00833
PF00097	PF00856
PF00097	PF00876
PF00097	PF00888
PF00097	PF00917
PF00097	PF00935
PF00097	PF01030
PF00097	PF01096
PF00097	PF01111
PF00097	PF01193
PF00097	PF01267
PF00097	PF01283
PF00097	PF01363
PF00097	PF01398
PF00097	PF01422
PF00097	PF01423
PF00097	PF01424
PF00097	PF01436
PF00097	PF01472
PF00097	PF01485
PF00097	PF01553
PF00097	PF01574
PF00097	PF01585
PF00097	PF01624
PF00097	PF01749
PF00097	PF01775
PF00097	PF01781
PF00097	PF01795
PF00097	PF01847
PF00097	PF01851
PF00097	PF02000
PF00097	PF02037
PF00097	PF02148
PF00097	PF02150
PF00097	PF02225
PF00097	PF02262
PF00097	PF02263
PF00097	PF02270
PF00097	PF02330
PF00097	PF02463
PF00097	PF02518
PF00097	PF02598
PF00097	PF02752
PF00097	PF02775
PF00097	PF02825
PF00097	PF02826
PF00097	PF02845
PF00097	PF02854
PF00097	PF03114
PF00097	PF03143
PF00097	PF03144
PF00097	PF03645
PF00097	PF03803
PF00097	PF03810
PF00097	PF03876
PF00097	PF03931
PF00097	PF04129
PF00097	PF04434
PF00097	PF04564
PF00097	PF04567
PF00097	PF04573
PF00097	PF04699
PF00097	PF04757
PF00097	PF05185
PF00097	PF05195
PF00097	PF05238
PF00097	PF05290
PF00097	PF05495
PF00097	PF05773
PF00097	PF06391
PF00097	PF06470
PF00097	PF07177
PF00097	PF07576
PF00097	PF07650
PF00097	PF08240
PF00097	PF08574
PF00098	PF00098
PF00098	PF00107
PF00098	PF00249
PF00098	PF00270
PF00098	PF00271
PF00098	PF00272
PF00098	PF00313
PF00098	PF00379
PF00098	PF00400
PF00098	PF00478
PF00098	PF00569
PF00098	PF00571
PF00098	PF00575
PF00098	PF00607
PF00098	PF00665
PF00098	PF00675
PF00098	PF00692
PF00098	PF01131
PF00098	PF01167
PF00098	PF01232
PF00098	PF01269
PF00098	PF01363
PF00098	PF01396
PF00098	PF01423
PF00098	PF01433
PF00098	PF01574
PF00098	PF01585
PF00098	PF01751
PF00098	PF01909
PF00098	PF02213
PF00098	PF02269
PF00098	PF02337
PF00098	PF02854
PF00098	PF02969
PF00098	PF03061
PF00098	PF03093
PF00098	PF03828
PF00098	PF04053
PF00098	PF04065
PF00098	PF04433
PF00098	PF05182
PF00098	PF05236
PF00098	PF06839
PF00098	PF07521
PF00098	PF08546
PF00100	PF00100
PF00100	PF00688
PF00100	PF01547
PF00101	PF00101
PF00101	PF00132
PF00101	PF02788
PF00101	PF04548
PF00102	PF00102
PF00102	PF00125
PF00102	PF00194
PF00102	PF00373
PF00102	PF00514
PF00102	PF00581
PF00102	PF00595
PF00102	PF00629
PF00102	PF00650
PF00102	PF00783
PF00102	PF01451
PF00102	PF02189
PF00102	PF02985
PF00102	PF03545
PF00102	PF03765
PF00102	PF05485
PF00102	PF06617
PF00102	PF07714
PF00103	PF00103
PF00103	PF09067
PF00104	PF00104
PF00104	PF00105
PF00104	PF00134
PF00104	PF00183
PF00104	PF00240
PF00104	PF00400
PF00104	PF00439
PF00104	PF00630
PF00104	PF00632
PF00104	PF00651
PF00104	PF00850
PF00104	PF00856
PF00104	PF00989
PF00104	PF02037
PF00104	PF02155
PF00104	PF02159
PF00104	PF02166
PF00104	PF02518
PF00104	PF02891
PF00104	PF03143
PF00104	PF03144
PF00104	PF03166
PF00104	PF03167
PF00104	PF03957
PF00104	PF08420
PF00104	PF08832
PF00105	PF00105
PF00105	PF00176
PF00105	PF00183
PF00105	PF00240
PF00105	PF00389
PF00105	PF00400
PF00105	PF00439
PF00105	PF00503
PF00105	PF00595
PF00105	PF00630
PF00105	PF00632
PF00105	PF00651
PF00105	PF00653
PF00105	PF00850
PF00105	PF00856
PF00105	PF00989
PF00105	PF01111
PF00105	PF01248
PF00105	PF01359
PF00105	PF01484
PF00105	PF02144
PF00105	PF02214
PF00105	PF02291
PF00105	PF02826
PF00105	PF02891
PF00105	PF03143
PF00105	PF03144
PF00105	PF03167
PF00105	PF03957
PF00106	PF00106
PF00106	PF00109
PF00106	PF00176
PF00106	PF00246
PF00106	PF00248
PF00106	PF00270
PF00106	PF00271
PF00106	PF00300
PF00106	PF00324
PF00106	PF00344
PF00106	PF00394
PF00106	PF00400
PF00106	PF00487
PF00106	PF00514
PF00106	PF00550
PF00106	PF00561
PF00106	PF00596
PF00106	PF00698
PF00106	PF00755
PF00106	PF00808
PF00106	PF00975
PF00106	PF00982
PF00106	PF01151
PF00106	PF01423
PF00106	PF01426
PF00106	PF01490
PF00106	PF01575
PF00106	PF01598
PF00106	PF01679
PF00106	PF01749
PF00106	PF01992
PF00106	PF02017
PF00106	PF02036
PF00106	PF02801
PF00106	PF02807
PF00106	PF02958
PF00106	PF03062
PF00106	PF03798
PF00106	PF04053
PF00106	PF04078
PF00106	PF06422
PF00106	PF07690
PF00106	PF08542
PF00107	PF00107
PF00107	PF00109
PF00107	PF00118
PF00107	PF00160
PF00107	PF00172
PF00107	PF00176
PF00107	PF00250
PF00107	PF00271
PF00107	PF00330
PF00107	PF00389
PF00107	PF00442
PF00107	PF00443
PF00107	PF00498
PF00107	PF00514
PF00107	PF00515
PF00107	PF00550
PF00107	PF00612
PF00107	PF00627
PF00107	PF00646
PF00107	PF00651
PF00107	PF00698
PF00107	PF00975
PF00107	PF00982
PF00107	PF01193
PF00107	PF01369
PF00107	PF01749
PF00107	PF01842
PF00107	PF01843
PF00107	PF01992
PF00107	PF02071
PF00107	PF02148
PF00107	PF02732
PF00107	PF02736
PF00107	PF02801
PF00107	PF02826
PF00107	PF02985
PF00107	PF03114
PF00107	PF03676
PF00107	PF03953
PF00107	PF05983
PF00107	PF08240
PF00107	PF08477
PF00107	PF08654
PF00108	PF00108
PF00108	PF00378
PF00108	PF00400
PF00108	PF00725
PF00108	PF01253
PF00108	PF02036
PF00108	PF02737
PF00108	PF02803
PF00109	PF00109
PF00109	PF00163
PF00109	PF00166
PF00109	PF00252
PF00109	PF00461
PF00109	PF00472
PF00109	PF00476
PF00109	PF00488
PF00109	PF00501
PF00109	PF00533
PF00109	PF00542
PF00109	PF00550
PF00109	PF00574
PF00109	PF00668
PF00109	PF00698
PF00109	PF00712
PF00109	PF00849
PF00109	PF00905
PF00109	PF00975
PF00109	PF01016
PF00109	PF01098
PF00109	PF01121
PF00109	PF01168
PF00109	PF01195
PF00109	PF01202
PF00109	PF01207
PF00109	PF01305
PF00109	PF01476
PF00109	PF01575
PF00109	PF01648
PF00109	PF01715
PF00109	PF01743
PF00109	PF01765
PF00109	PF02096
PF00109	PF02801
PF00109	PF02823
PF00109	PF02873
PF00109	PF02912
PF00109	PF03033
PF00109	PF03147
PF00109	PF03462
PF00111	PF00111
PF00111	PF00175
PF00111	PF00366
PF00111	PF00384
PF00111	PF00667
PF00111	PF00890
PF00111	PF00941
PF00111	PF00970
PF00111	PF01315
PF00111	PF01521
PF00111	PF01568
PF00111	PF01799
PF00111	PF02256
PF00111	PF02300
PF00111	PF02374
PF00111	PF02628
PF00111	PF02738
PF00111	PF02754
PF00111	PF02906
PF00111	PF02910
PF00111	PF02943
PF00111	PF03450
PF00111	PF03473
PF00111	PF04548
PF00111	PF04879
PF00111	PF07992
PF00111	PF10588
PF00111	PF10589
PF00112	PF00112
PF00112	PF00200
PF00112	PF00227
PF00112	PF00396
PF00112	PF00515
PF00112	PF00595
PF00112	PF01352
PF00112	PF01757
PF00112	PF02301
PF00112	PF03148
PF00112	PF08127
PF00112	PF08246
PF00112	PF08773
PF00112	PF09394
PF00112	PF10467
PF00113	PF00113
PF00113	PF00164
PF00113	PF00179
PF00113	PF00575
PF00113	PF00583
PF00113	PF00731
PF00113	PF01602
PF00113	PF02222
PF00113	PF03952
PF00113	PF06862
PF00113	PF09302
PF00114	PF00114
PF00114	PF07963
PF00115	PF00115
PF00115	PF00116
PF00115	PF00510
PF00115	PF01215
PF00115	PF01348
PF00115	PF02046
PF00115	PF02238
PF00115	PF02285
PF00115	PF02297
PF00115	PF02433
PF00115	PF02790
PF00115	PF02935
PF00115	PF02936
PF00115	PF02937
PF00115	PF05392
PF00115	PF06481
PF00115	PF07835
PF00115	PF08113
PF00115	PF09125
PF00116	PF00116
PF00116	PF00510
PF00116	PF01042
PF00116	PF02297
PF00116	PF02630
PF00116	PF02790
PF00116	PF02936
PF00116	PF02937
PF00116	PF05392
PF00116	PF06481
PF00116	PF07686
PF00116	PF07835
PF00116	PF08113
PF00116	PF09125
PF00117	PF00117
PF00117	PF00125
PF00117	PF00185
PF00117	PF00218
PF00117	PF00289
PF00117	PF00389
PF00117	PF00400
PF00117	PF00425
PF00117	PF00478
PF00117	PF00484
PF00117	PF00498
PF00117	PF00562
PF00117	PF00591
PF00117	PF00636
PF00117	PF00687
PF00117	PF00697
PF00117	PF00806
PF00117	PF00958
PF00117	PF00977
PF00117	PF00988
PF00117	PF01008
PF00117	PF01214
PF00117	PF01398
PF00117	PF01423
PF00117	PF01798
PF00117	PF01885
PF00117	PF01979
PF00117	PF02142
PF00117	PF02204
PF00117	PF02516
PF00117	PF02540
PF00117	PF02729
PF00117	PF02772
PF00117	PF02786
PF00117	PF02787
PF00117	PF02826
PF00117	PF02885
PF00117	PF03054
PF00117	PF03501
PF00117	PF04560
PF00117	PF04715
PF00117	PF05839
PF00117	PF06418
PF00118	PF00118
PF00118	PF00149
PF00118	PF00154
PF00118	PF00166
PF00118	PF00205
PF00118	PF00210
PF00118	PF00318
PF00118	PF00375
PF00118	PF00390
PF00118	PF00399
PF00118	PF00400
PF00118	PF00428
PF00118	PF00460
PF00118	PF00560
PF00118	PF00564
PF00118	PF00610
PF00118	PF00621
PF00118	PF00676
PF00118	PF00702
PF00118	PF00793
PF00118	PF01008
PF00118	PF01063
PF00118	PF01116
PF00118	PF01192
PF00118	PF01259
PF00118	PF01302
PF00118	PF01363
PF00118	PF01496
PF00118	PF01504
PF00118	PF01553
PF00118	PF01974
PF00118	PF02219
PF00118	PF02357
PF00118	PF02463
PF00118	PF02483
PF00118	PF02511
PF00118	PF02735
PF00118	PF02775
PF00118	PF02776
PF00118	PF02943
PF00118	PF03130
PF00118	PF03215
PF00118	PF03226
PF00118	PF03275
PF00118	PF03381
PF00118	PF03949
PF00118	PF03968
PF00118	PF04053
PF00118	PF04055
PF00118	PF04177
PF00118	PF04386
PF00118	PF04502
PF00118	PF04733
PF00118	PF04889
PF00118	PF05482
PF00118	PF05690
PF00118	PF05693
PF00118	PF05997
PF00118	PF06470
PF00118	PF07714
PF00118	PF07957
PF00118	PF08501
PF00118	PF08553
PF00118	PF08953
PF00118	PF08954
PF00119	PF00119
PF00119	PF00129
PF00119	PF00137
PF00119	PF00213
PF00119	PF00231
PF00119	PF00430
PF00119	PF02823
PF00120	PF00120
PF00120	PF00215
PF00120	PF00291
PF00120	PF00318
PF00120	PF00425
PF00120	PF00586
PF00120	PF00709
PF00120	PF00982
PF00120	PF01071
PF00120	PF01180
PF00120	PF01842
PF00120	PF02769
PF00120	PF02826
PF00120	PF03148
PF00120	PF03951
PF00121	PF00121
PF00121	PF00140
PF00121	PF00154
PF00121	PF00162
PF00121	PF00163
PF00121	PF00166
PF00121	PF00252
PF00121	PF00290
PF00121	PF00308
PF00121	PF00417
PF00121	PF00436
PF00121	PF00438
PF00121	PF00453
PF00121	PF00468
PF00121	PF00472
PF00121	PF00533
PF00121	PF00542
PF00121	PF00550
PF00121	PF00625
PF00121	PF00636
PF00121	PF00704
PF00121	PF00707
PF00121	PF00772
PF00121	PF00829
PF00121	PF00830
PF00121	PF00849
PF00121	PF00886
PF00121	PF00889
PF00121	PF01000
PF00121	PF01016
PF00121	PF01043
PF00121	PF01070
PF00121	PF01084
PF00121	PF01121
PF00121	PF01132
PF00121	PF01134
PF00121	PF01148
PF00121	PF01195
PF00121	PF01196
PF00121	PF01245
PF00121	PF01250
PF00121	PF01281
PF00121	PF01305
PF00121	PF01327
PF00121	PF01367
PF00121	PF01434
PF00121	PF01553
PF00121	PF01607
PF00121	PF01632
PF00121	PF01648
PF00121	PF01649
PF00121	PF01653
PF00121	PF01668
PF00121	PF01687
PF00121	PF01709
PF00121	PF01715
PF00121	PF01743
PF00121	PF01746
PF00121	PF01765
PF00121	PF01790
PF00121	PF01795
PF00121	PF01807
PF00121	PF02096
PF00121	PF02321
PF00121	PF02357
PF00121	PF02390
PF00121	PF02739
PF00121	PF02772
PF00121	PF02773
PF00121	PF02911
PF00121	PF03033
PF00121	PF03054
PF00121	PF03118
PF00121	PF03120
PF00121	PF03462
PF00121	PF03772
PF00121	PF03796
PF00122	PF00122
PF00122	PF00205
PF00122	PF00324
PF00122	PF00403
PF00122	PF00503
PF00122	PF00560
PF00122	PF00595
PF00122	PF00689
PF00122	PF00690
PF00122	PF00702
PF00122	PF00753
PF00122	PF00957
PF00122	PF01423
PF00122	PF01535
PF00123	PF02793
PF00124	PF00124
PF00124	PF00283
PF00124	PF00284
PF00124	PF00421
PF00124	PF00737
PF00124	PF01405
PF00124	PF01716
PF00124	PF01788
PF00124	PF02276
PF00124	PF02419
PF00124	PF02532
PF00124	PF03967
PF00124	PF05151
PF00124	PF05239
PF00124	PF06514
PF00124	PF06596
PF00125	PF00125
PF00125	PF00136
PF00125	PF00149
PF00125	PF00160
PF00125	PF00170
PF00125	PF00172
PF00125	PF00175
PF00125	PF00176
PF00125	PF00179
PF00125	PF00240
PF00125	PF00249
PF00125	PF00250
PF00125	PF00271
PF00125	PF00292
PF00125	PF00319
PF00125	PF00334
PF00125	PF00349
PF00125	PF00350
PF00125	PF00352
PF00125	PF00400
PF00125	PF00436
PF00125	PF00439
PF00125	PF00443
PF00125	PF00463
PF00125	PF00466
PF00125	PF00498
PF00125	PF00505
PF00125	PF00533
PF00125	PF00557
PF00125	PF00560
PF00125	PF00562
PF00125	PF00581
PF00125	PF00583
PF00125	PF00621
PF00125	PF00623
PF00125	PF00627
PF00125	PF00628
PF00125	PF00646
PF00125	PF00649
PF00125	PF00651
PF00125	PF00696
PF00125	PF00730
PF00125	PF00763
PF00125	PF00808
PF00125	PF00855
PF00125	PF00888
PF00125	PF00956
PF00125	PF00970
PF00125	PF00988
PF00125	PF01028
PF00125	PF01031
PF00125	PF01035
PF00125	PF01105
PF00125	PF01172
PF00125	PF01193
PF00125	PF01210
PF00125	PF01214
PF00125	PF01218
PF00125	PF01248
PF00125	PF01268
PF00125	PF01269
PF00125	PF01285
PF00125	PF01331
PF00125	PF01336
PF00125	PF01388
PF00125	PF01426
PF00125	PF01472
PF00125	PF01661
PF00125	PF01781
PF00125	PF01849
PF00125	PF01853
PF00125	PF01854
PF00125	PF01929
PF00125	PF02002
PF00125	PF02020
PF00125	PF02045
PF00125	PF02127
PF00125	PF02148
PF00125	PF02178
PF00125	PF02212
PF00125	PF02330
PF00125	PF02373
PF00125	PF02541
PF00125	PF02735
PF00125	PF02772
PF00125	PF02854
PF00125	PF02870
PF00125	PF02882
PF00125	PF03501
PF00125	PF03531
PF00125	PF03727
PF00125	PF03730
PF00125	PF03731
PF00125	PF03810
PF00125	PF04084
PF00125	PF04560
PF00125	PF04561
PF00125	PF04563
PF00125	PF04565
PF00125	PF04567
PF00125	PF04667
PF00125	PF04729
PF00125	PF04733
PF00125	PF04769
PF00125	PF04855
PF00125	PF04997
PF00125	PF05000
PF00125	PF05022
PF00125	PF05148
PF00125	PF05195
PF00125	PF05291
PF00125	PF05397
PF00125	PF05645
PF00125	PF05669
PF00125	PF05843
PF00125	PF06645
PF00125	PF06732
PF00125	PF07479
PF00125	PF08123
PF00125	PF08322
PF00125	PF08512
PF00125	PF08542
PF00125	PF08581
PF00125	PF08743
PF00125	PF09184
PF00125	PF09649
PF00126	PF00126
PF00126	PF03459
PF00126	PF03466
PF00127	PF00127
PF00127	PF00394
PF00127	PF01333
PF00127	PF02975
PF00127	PF06433
PF00127	PF07732
PF00128	PF00128
PF00128	PF00129
PF00128	PF00139
PF00128	PF00197
PF00128	PF00234
PF00128	PF00382
PF00128	PF00393
PF00128	PF00395
PF00128	PF00400
PF00128	PF00534
PF00128	PF00686
PF00128	PF01356
PF00128	PF01373
PF00128	PF01833
PF00128	PF02806
PF00128	PF02903
PF00128	PF02922
PF00128	PF03370
PF00128	PF03423
PF00128	PF03446
PF00128	PF07686
PF00128	PF07821
PF00128	PF08271
PF00128	PF09071
PF00128	PF09081
PF00128	PF09083
PF00128	PF09087
PF00128	PF09154
PF00128	PF09178
PF00128	PF09196
PF00128	PF09244
PF00128	PF09260
PF00128	PF10438
PF00128	PF11852
PF00128	PF11941
PF00129	PF00129
PF00129	PF00146
PF00129	PF00179
PF00129	PF00469
PF00129	PF00506
PF00129	PF00509
PF00129	PF00516
PF00129	PF00540
PF00129	PF00598
PF00129	PF00602
PF00129	PF00603
PF00129	PF00606
PF00129	PF00607
PF00129	PF00798
PF00129	PF00906
PF00129	PF00937
PF00129	PF00945
PF00129	PF00969
PF00129	PF00973
PF00129	PF00993
PF00129	PF01030
PF00129	PF01454
PF00129	PF02022
PF00129	PF02959
PF00129	PF04253
PF00129	PF04258
PF00129	PF05009
PF00129	PF05326
PF00129	PF05963
PF00129	PF06623
PF00129	PF07415
PF00129	PF07654
PF00129	PF07686
PF00129	PF09291
PF00129	PF09325
PF00129	PF09341
PF00129	PF09700
PF00130	PF00130
PF00130	PF00168
PF00130	PF00169
PF00130	PF00170
PF00130	PF00307
PF00130	PF00412
PF00130	PF00433
PF00130	PF00439
PF00130	PF00443
PF00130	PF00452
PF00130	PF00536
PF00130	PF00564
PF00130	PF00595
PF00130	PF00609
PF00130	PF00611
PF00130	PF00612
PF00130	PF00617
PF00130	PF00620
PF00130	PF00621
PF00130	PF00628
PF00130	PF00757
PF00130	PF00780
PF00130	PF00781
PF00130	PF00788
PF00130	PF01030
PF00130	PF01079
PF00130	PF01085
PF00130	PF02185
PF00130	PF02196
PF00130	PF02201
PF00130	PF03165
PF00130	PF03166
PF00130	PF07645
PF00130	PF07714
PF00132	PF00132
PF00132	PF00179
PF00132	PF00237
PF00132	PF00400
PF00132	PF00483
PF00132	PF00514
PF00132	PF00560
PF00132	PF00575
PF00132	PF00578
PF00132	PF01008
PF00132	PF01749
PF00132	PF01873
PF00132	PF01992
PF00132	PF02020
PF00132	PF02204
PF00132	PF03398
PF00132	PF06426
PF00132	PF08477
PF00133	PF00133
PF00133	PF00458
PF00133	PF00481
PF00133	PF00491
PF00133	PF00498
PF00133	PF00515
PF00133	PF00566
PF00133	PF00646
PF00133	PF01000
PF00133	PF01193
PF00133	PF01253
PF00133	PF01423
PF00133	PF01588
PF00133	PF02798
PF00133	PF02969
PF00133	PF06827
PF00133	PF07571
PF00133	PF08264
PF00133	PF09334
PF00134	PF00134
PF00134	PF00172
PF00134	PF00231
PF00134	PF00240
PF00134	PF00254
PF00134	PF00270
PF00134	PF00324
PF00134	PF00400
PF00134	PF00433
PF00134	PF00435
PF00134	PF00439
PF00134	PF00447
PF00134	PF00515
PF00134	PF00539
PF00134	PF00581
PF00134	PF00616
PF00134	PF00618
PF00134	PF00646
PF00134	PF00675
PF00134	PF00684
PF00134	PF00786
PF00134	PF00806
PF00134	PF00888
PF00134	PF01111
PF00134	PF01656
PF00134	PF01912
PF00134	PF02234
PF00134	PF02292
PF00134	PF02319
PF00134	PF02630
PF00134	PF02984
PF00134	PF03143
PF00134	PF03144
PF00134	PF03234
PF00134	PF03775
PF00134	PF04153
PF00134	PF06391
PF00134	PF07392
PF00134	PF08934
PF00134	PF09080
PF00134	PF09241
PF00135	PF00135
PF00135	PF00640
PF00135	PF01757
PF00135	PF02210
PF00135	PF05863
PF00136	PF00136
PF00136	PF00250
PF00136	PF00493
PF00136	PF00969
PF00136	PF00993
PF00136	PF01896
PF00136	PF02854
PF00136	PF03104
PF00137	PF00137
PF00137	PF00171
PF00137	PF00213
PF00137	PF00231
PF00137	PF00324
PF00137	PF00347
PF00137	PF00389
PF00137	PF00394
PF00137	PF00430
PF00137	PF00806
PF00137	PF01566
PF00137	PF02823
PF00137	PF02826
PF00137	PF07690
PF00137	PF07731
PF00137	PF07732
PF00138	PF00139
PF00139	PF00139
PF00139	PF00405
PF00140	PF00140
PF00140	PF00154
PF00140	PF00163
PF00140	PF00166
PF00140	PF00216
PF00140	PF00252
PF00140	PF00308
PF00140	PF00417
PF00140	PF00436
PF00140	PF00453
PF00140	PF00468
PF00140	PF00471
PF00140	PF00472
PF00140	PF00476
PF00140	PF00533
PF00140	PF00542
PF00140	PF00550
PF00140	PF00574
PF00140	PF00636
PF00140	PF00707
PF00140	PF00712
PF00140	PF00772
PF00140	PF00825
PF00140	PF00829
PF00140	PF00830
PF00140	PF00849
PF00140	PF00886
PF00140	PF00889
PF00140	PF00905
PF00140	PF00912
PF00140	PF01000
PF00140	PF01016
PF00140	PF01029
PF00140	PF01043
PF00140	PF01084
PF00140	PF01098
PF00140	PF01121
PF00140	PF01132
PF00140	PF01134
PF00140	PF01148
PF00140	PF01195
PF00140	PF01196
PF00140	PF01225
PF00140	PF01245
PF00140	PF01250
PF00140	PF01252
PF00140	PF01281
PF00140	PF01305
PF00140	PF01327
PF00140	PF01367
PF00140	PF01434
PF00140	PF01476
PF00140	PF01553
PF00140	PF01632
PF00140	PF01649
PF00140	PF01653
PF00140	PF01668
PF00140	PF01709
PF00140	PF01715
PF00140	PF01743
PF00140	PF01746
PF00140	PF01765
PF00140	PF01782
PF00140	PF01790
PF00140	PF01795
PF00140	PF01797
PF00140	PF01807
PF00140	PF02096
PF00140	PF02224
PF00140	PF02357
PF00140	PF02367
PF00140	PF02390
PF00140	PF02410
PF00140	PF02473
PF00140	PF02527
PF00140	PF02575
PF00140	PF02739
PF00140	PF02767
PF00140	PF02768
PF00140	PF02873
PF00140	PF02904
PF00140	PF02911
PF00140	PF02912
PF00140	PF03033
PF00140	PF03054
PF00140	PF03118
PF00140	PF03120
PF00140	PF03461
PF00140	PF03462
PF00140	PF03471
PF00140	PF03602
PF00140	PF03652
PF00140	PF03717
PF00140	PF03772
PF00140	PF03796
PF00140	PF03840
PF00140	PF04324
PF00140	PF04539
PF00140	PF04542
PF00140	PF04545
PF00140	PF04546
PF00140	PF04997
PF00141	PF00141
PF00141	PF00199
PF00141	PF01434
PF00141	PF01694
PF00141	PF06480
PF00141	PF06628
PF00141	PF07957
PF00141	PF11895
PF00142	PF00142
PF00142	PF00148
PF00142	PF00991
PF00142	PF01837
PF00142	PF01969
PF00143	PF00143
PF00143	PF01108
PF00143	PF09294
PF00144	PF00144
PF00144	PF05223
PF00144	PF07467
PF00144	PF07930
PF00144	PF07932
PF00145	PF00145
PF00145	PF00376
PF00145	PF00855
PF00145	PF01381
PF00145	PF01426
PF00145	PF02008
PF00145	PF06464
PF00146	PF00329
PF00146	PF00346
PF00146	PF01058
PF00147	PF00147
PF00147	PF00754
PF00147	PF01199
PF00147	PF01391
PF00147	PF08702
PF00148	PF00148
PF00148	PF04324
PF00148	PF11844
PF00149	PF00149
PF00149	PF00160
PF00149	PF00183
PF00149	PF00205
PF00149	PF00227
PF00149	PF00231
PF00149	PF00254
PF00149	PF00268
PF00149	PF00270
PF00149	PF00271
PF00149	PF00289
PF00149	PF00294
PF00149	PF00332
PF00149	PF00364
PF00149	PF00365
PF00149	PF00382
PF00149	PF00400
PF00149	PF00447
PF00149	PF00465
PF00149	PF00498
PF00149	PF00501
PF00149	PF00515
PF00149	PF00533
PF00149	PF00534
PF00149	PF00561
PF00149	PF00562
PF00149	PF00565
PF00149	PF00575
PF00149	PF00595
PF00149	PF00612
PF00149	PF00620
PF00149	PF00642
PF00149	PF00647
PF00149	PF00649
PF00149	PF00696
PF00149	PF00762
PF00149	PF01039
PF00149	PF01135
PF00149	PF01166
PF00149	PF01169
PF00149	PF01193
PF00149	PF01336
PF00149	PF01344
PF00149	PF01363
PF00149	PF01423
PF00149	PF01472
PF00149	PF01490
PF00149	PF01504
PF00149	PF01603
PF00149	PF01728
PF00149	PF01866
PF00149	PF01873
PF00149	PF01909
PF00149	PF02197
PF00149	PF02200
PF00149	PF02441
PF00149	PF02518
PF00149	PF02580
PF00149	PF02785
PF00149	PF02786
PF00149	PF02798
PF00149	PF02800
PF00149	PF02872
PF00149	PF02985
PF00149	PF03029
PF00149	PF03635
PF00149	PF03643
PF00149	PF03949
PF00149	PF04152
PF00149	PF04898
PF00149	PF04928
PF00149	PF04979
PF00149	PF05184
PF00149	PF05192
PF00149	PF05739
PF00149	PF06068
PF00149	PF06732
PF00149	PF07690
PF00149	PF07992
PF00149	PF08271
PF00149	PF08321
PF00149	PF08540
PF00149	PF12320
PF00150	PF00150
PF00150	PF00331
PF00150	PF00395
PF00150	PF00404
PF00150	PF00553
PF00150	PF00657
PF00150	PF00942
PF00150	PF01992
PF00150	PF02839
PF00150	PF02866
PF00150	PF03129
PF00150	PF03424
PF00150	PF03442
PF00151	PF00151
PF00151	PF01114
PF00151	PF01477
PF00151	PF03148
PF00152	PF00152
PF00152	PF00172
PF00152	PF00254
PF00152	PF00503
PF00152	PF00515
PF00152	PF00579
PF00152	PF00587
PF00152	PF01253
PF00152	PF01336
PF00152	PF01423
PF00152	PF01532
PF00152	PF02184
PF00152	PF02359
PF00152	PF02934
PF00152	PF02938
PF00152	PF04330
PF00152	PF04331
PF00152	PF04502
PF00152	PF04699
PF00152	PF06424
PF00152	PF08207
PF00153	PF00153
PF00153	PF00155
PF00153	PF00160
PF00153	PF00172
PF00153	PF00183
PF00153	PF00188
PF00153	PF00240
PF00153	PF00270
PF00153	PF00271
PF00153	PF00293
PF00153	PF00324
PF00153	PF00365
PF00153	PF00389
PF00153	PF00400
PF00153	PF00568
PF00153	PF00689
PF00153	PF00806
PF00153	PF00827
PF00153	PF00928
PF00153	PF00956
PF00153	PF01008
PF00153	PF01096
PF00153	PF01115
PF00153	PF01369
PF00153	PF01423
PF00153	PF01842
PF00153	PF02045
PF00153	PF02064
PF00153	PF02071
PF00153	PF02150
PF00153	PF02205
PF00153	PF02518
PF00153	PF02826
PF00153	PF02953
PF00153	PF02991
PF00153	PF03645
PF00153	PF04053
PF00153	PF04110
PF00153	PF04912
PF00153	PF05195
PF00153	PF05351
PF00153	PF06645
PF00153	PF06814
PF00153	PF08423
PF00154	PF00154
PF00154	PF00163
PF00154	PF00204
PF00154	PF00216
PF00154	PF00252
PF00154	PF00308
PF00154	PF00417
PF00154	PF00436
PF00154	PF00453
PF00154	PF00471
PF00154	PF00472
PF00154	PF00476
PF00154	PF00542
PF00154	PF00550
PF00154	PF00574
PF00154	PF00636
PF00154	PF00707
PF00154	PF00712
PF00154	PF00717
PF00154	PF00772
PF00154	PF00829
PF00154	PF00849
PF00154	PF00886
PF00154	PF00889
PF00154	PF00905
PF00154	PF01000
PF00154	PF01016
PF00154	PF01043
PF00154	PF01084
PF00154	PF01098
PF00154	PF01132
PF00154	PF01134
PF00154	PF01195
PF00154	PF01196
PF00154	PF01207
PF00154	PF01245
PF00154	PF01250
PF00154	PF01252
PF00154	PF01281
PF00154	PF01305
PF00154	PF01327
PF00154	PF01330
PF00154	PF01367
PF00154	PF01434
PF00154	PF01476
PF00154	PF01553
PF00154	PF01632
PF00154	PF01649
PF00154	PF01653
PF00154	PF01668
PF00154	PF01726
PF00154	PF01746
PF00154	PF01765
PF00154	PF01790
PF00154	PF01795
PF00154	PF01807
PF00154	PF01820
PF00154	PF02096
PF00154	PF02130
PF00154	PF02224
PF00154	PF02357
PF00154	PF02367
PF00154	PF02390
PF00154	PF02410
PF00154	PF02527
PF00154	PF02575
PF00154	PF02576
PF00154	PF02739
PF00154	PF02767
PF00154	PF02768
PF00154	PF02873
PF00154	PF02904
PF00154	PF02911
PF00154	PF03033
PF00154	PF03118
PF00154	PF03120
PF00154	PF03461
PF00154	PF03462
PF00154	PF03471
PF00154	PF03602
PF00154	PF03652
PF00154	PF03717
PF00154	PF03772
PF00154	PF03796
PF00154	PF03840
PF00154	PF05192
PF00154	PF06183
PF00155	PF00155
PF00155	PF00180
PF00155	PF00202
PF00155	PF00206
PF00155	PF00244
PF00155	PF00293
PF00155	PF00310
PF00155	PF00392
PF00155	PF00438
PF00155	PF00442
PF00155	PF00443
PF00155	PF00578
PF00155	PF00735
PF00155	PF01111
PF00155	PF01118
PF00155	PF01253
PF00155	PF01264
PF00155	PF01369
PF00155	PF01380
PF00155	PF01488
PF00155	PF01992
PF00155	PF02490
PF00155	PF02772
PF00155	PF02773
PF00155	PF02774
PF00155	PF02800
PF00155	PF02879
PF00155	PF06738
PF00156	PF00156
PF00156	PF00215
PF00156	PF00310
PF00156	PF00379
PF00156	PF00400
PF00156	PF00481
PF00156	PF00485
PF00156	PF00505
PF00156	PF01048
PF00156	PF01053
PF00156	PF01088
PF00156	PF01472
PF00156	PF01992
PF00156	PF03345
PF00156	PF05832
PF00156	PF09182
PF00157	PF00157
PF00157	PF00505
PF00157	PF09310
PF00158	PF00158
PF00158	PF00785
PF00158	PF00874
PF00158	PF00989
PF00158	PF01590
PF00158	PF01842
PF00158	PF02396
PF00158	PF02830
PF00158	PF02954
PF00158	PF03610
PF00159	PF00159
PF00159	PF00326
PF00159	PF00930
PF00160	PF00160
PF00160	PF00168
PF00160	PF00183
PF00160	PF00240
PF00160	PF00255
PF00160	PF00271
PF00160	PF00397
PF00160	PF00400
PF00160	PF00515
PF00160	PF00560
PF00160	PF00581
PF00160	PF00607
PF00160	PF00638
PF00160	PF00639
PF00160	PF00641
PF00160	PF00646
PF00160	PF00735
PF00160	PF00795
PF00160	PF00850
PF00160	PF01253
PF00160	PF01625
PF00160	PF01641
PF00160	PF01656
PF00160	PF02127
PF00160	PF02374
PF00160	PF02493
PF00160	PF02518
PF00160	PF02535
PF00160	PF02826
PF00160	PF02910
PF00160	PF03096
PF00160	PF03114
PF00160	PF03179
PF00160	PF04053
PF00160	PF04438
PF00160	PF04667
PF00160	PF05669
PF00160	PF06068
PF00160	PF07690
PF00160	PF08799
PF00160	PF09340
PF00161	PF00161
PF00161	PF00652
PF00161	PF02258
PF00161	PF02804
PF00162	PF00162
PF00162	PF00400
PF00162	PF00731
PF00162	PF01399
PF00162	PF02222
PF00162	PF04053
PF00162	PF05983
PF00163	PF00166
PF00163	PF00189
PF00163	PF00216
PF00163	PF00252
PF00163	PF00308
PF00163	PF00318
PF00163	PF00333
PF00163	PF00400
PF00163	PF00417
PF00163	PF00436
PF00163	PF00453
PF00163	PF00468
PF00163	PF00471
PF00163	PF00472
PF00163	PF00476
PF00163	PF00488
PF00163	PF00533
PF00163	PF00542
PF00163	PF00550
PF00163	PF00574
PF00163	PF00636
PF00163	PF00707
PF00163	PF00712
PF00163	PF00772
PF00163	PF00829
PF00163	PF00830
PF00163	PF00833
PF00163	PF00849
PF00163	PF00886
PF00163	PF00889
PF00163	PF00905
PF00163	PF01000
PF00163	PF01016
PF00163	PF01043
PF00163	PF01084
PF00163	PF01090
PF00163	PF01092
PF00163	PF01098
PF00163	PF01121
PF00163	PF01132
PF00163	PF01134
PF00163	PF01148
PF00163	PF01195
PF00163	PF01196
PF00163	PF01207
PF00163	PF01245
PF00163	PF01250
PF00163	PF01252
PF00163	PF01281
PF00163	PF01283
PF00163	PF01305
PF00163	PF01327
PF00163	PF01367
PF00163	PF01434
PF00163	PF01476
PF00163	PF01479
PF00163	PF01553
PF00163	PF01595
PF00163	PF01632
PF00163	PF01648
PF00163	PF01649
PF00163	PF01652
PF00163	PF01653
PF00163	PF01668
PF00163	PF01687
PF00163	PF01709
PF00163	PF01715
PF00163	PF01743
PF00163	PF01746
PF00163	PF01765
PF00163	PF01790
PF00163	PF01795
PF00163	PF01807
PF00163	PF02096
PF00163	PF02357
PF00163	PF02390
PF00163	PF02575
PF00163	PF02739
PF00163	PF02768
PF00163	PF02772
PF00163	PF02773
PF00163	PF02801
PF00163	PF02873
PF00163	PF02911
PF00163	PF03033
PF00163	PF03054
PF00163	PF03118
PF00163	PF03120
PF00163	PF03147
PF00163	PF03462
PF00163	PF03501
PF00163	PF03652
PF00163	PF03719
PF00163	PF03772
PF00163	PF03796
PF00163	PF04006
PF00163	PF04047
PF00163	PF05291
PF00163	PF06645
PF00163	PF08297
PF00164	PF00177
PF00164	PF00203
PF00164	PF00237
PF00164	PF00318
PF00164	PF00366
PF00164	PF00379
PF00164	PF00410
PF00164	PF00472
PF00164	PF00653
PF00164	PF01176
PF00164	PF02576
PF00164	PF03952
PF00164	PF08293
PF00165	PF00165
PF00165	PF00532
PF00165	PF00730
PF00165	PF01035
PF00165	PF01497
PF00165	PF01965
PF00165	PF02311
PF00165	PF02518
PF00165	PF02805
PF00165	PF02870
PF00165	PF03118
PF00165	PF06029
PF00165	PF06445
PF00166	PF00166
PF00166	PF00216
PF00166	PF00227
PF00166	PF00252
PF00166	PF00308
PF00166	PF00417
PF00166	PF00436
PF00166	PF00453
PF00166	PF00461
PF00166	PF00468
PF00166	PF00472
PF00166	PF00476
PF00166	PF00481
PF00166	PF00488
PF00166	PF00514
PF00166	PF00533
PF00166	PF00542
PF00166	PF00550
PF00166	PF00574
PF00166	PF00636
PF00166	PF00638
PF00166	PF00698
PF00166	PF00707
PF00166	PF00712
PF00166	PF00772
PF00166	PF00829
PF00166	PF00830
PF00166	PF00849
PF00166	PF00886
PF00166	PF00889
PF00166	PF00905
PF00166	PF00912
PF00166	PF01000
PF00166	PF01016
PF00166	PF01029
PF00166	PF01084
PF00166	PF01098
PF00166	PF01119
PF00166	PF01121
PF00166	PF01132
PF00166	PF01134
PF00166	PF01148
PF00166	PF01195
PF00166	PF01196
PF00166	PF01202
PF00166	PF01207
PF00166	PF01225
PF00166	PF01245
PF00166	PF01252
PF00166	PF01281
PF00166	PF01305
PF00166	PF01327
PF00166	PF01367
PF00166	PF01434
PF00166	PF01476
PF00166	PF01553
PF00166	PF01632
PF00166	PF01653
PF00166	PF01709
PF00166	PF01715
PF00166	PF01743
PF00166	PF01746
PF00166	PF01749
PF00166	PF01765
PF00166	PF01782
PF00166	PF01790
PF00166	PF01795
PF00166	PF01807
PF00166	PF02096
PF00166	PF02357
PF00166	PF02367
PF00166	PF02390
PF00166	PF02410
PF00166	PF02473
PF00166	PF02739
PF00166	PF02767
PF00166	PF02768
PF00166	PF02801
PF00166	PF02873
PF00166	PF02911
PF00166	PF02912
PF00166	PF03033
PF00166	PF03054
PF00166	PF03120
PF00166	PF03147
PF00166	PF03461
PF00166	PF03462
PF00166	PF03471
PF00166	PF03602
PF00166	PF03717
PF00166	PF03796
PF00166	PF03840
PF00166	PF04825
PF00166	PF08477
PF00167	PF00167
PF00167	PF00168
PF00167	PF01023
PF00167	PF07679
PF00168	PF00168
PF00168	PF00169
PF00168	PF00179
PF00168	PF00270
PF00168	PF00387
PF00168	PF00388
PF00168	PF00397
PF00168	PF00400
PF00168	PF00433
PF00168	PF00454
PF00168	PF00481
PF00168	PF00595
PF00168	PF00613
PF00168	PF00614
PF00168	PF00616
PF00168	PF00620
PF00168	PF00621
PF00168	PF00632
PF00168	PF00648
PF00168	PF00779
PF00168	PF00787
PF00168	PF00792
PF00168	PF00794
PF00168	PF01023
PF00168	PF01067
PF00168	PF01191
PF00168	PF01735
PF00168	PF01823
PF00168	PF01833
PF00168	PF02100
PF00168	PF02185
PF00168	PF02666
PF00168	PF02752
PF00168	PF02845
PF00168	PF03871
PF00168	PF05186
PF00168	PF05482
PF00168	PF06524
PF00168	PF07002
PF00168	PF09279
PF00169	PF00169
PF00169	PF00225
PF00169	PF00252
PF00169	PF00270
PF00169	PF00297
PF00169	PF00307
PF00169	PF00350
PF00169	PF00387
PF00169	PF00388
PF00169	PF00397
PF00169	PF00400
PF00169	PF00408
PF00169	PF00433
PF00169	PF00435
PF00169	PF00442
PF00169	PF00443
PF00169	PF00498
PF00169	PF00514
PF00169	PF00536
PF00169	PF00566
PF00169	PF00595
PF00169	PF00609
PF00169	PF00610
PF00169	PF00612
PF00169	PF00614
PF00169	PF00615
PF00169	PF00616
PF00169	PF00617
PF00169	PF00618
PF00169	PF00620
PF00169	PF00621
PF00169	PF00626
PF00169	PF00627
PF00169	PF00735
PF00169	PF00779
PF00169	PF00780
PF00169	PF00781
PF00169	PF00784
PF00169	PF00786
PF00169	PF00787
PF00169	PF00788
PF00169	PF00806
PF00169	PF00917
PF00169	PF00929
PF00169	PF01031
PF00169	PF01189
PF00169	PF01221
PF00169	PF01237
PF00169	PF01363
PF00169	PF01369
PF00169	PF01412
PF00169	PF01423
PF00169	PF01469
PF00169	PF01749
PF00169	PF01852
PF00169	PF02141
PF00169	PF02174
PF00169	PF02196
PF00169	PF02209
PF00169	PF02212
PF00169	PF02779
PF00169	PF02780
PF00169	PF02826
PF00169	PF02878
PF00169	PF02879
PF00169	PF02893
PF00169	PF03455
PF00169	PF03456
PF00169	PF03463
PF00169	PF03464
PF00169	PF03465
PF00169	PF03540
PF00169	PF04098
PF00169	PF04802
PF00169	PF05160
PF00169	PF06602
PF00169	PF06767
PF00169	PF06920
PF00169	PF11971
PF00170	PF00170
PF00170	PF00178
PF00170	PF00179
PF00170	PF00249
PF00170	PF00349
PF00170	PF00352
PF00170	PF00400
PF00170	PF00416
PF00170	PF00439
PF00170	PF00514
PF00170	PF00554
PF00170	PF00605
PF00170	PF00621
PF00170	PF00627
PF00170	PF00651
PF00170	PF00696
PF00170	PF00757
PF00170	PF01030
PF00170	PF01086
PF00170	PF01158
PF00170	PF01253
PF00170	PF01260
PF00170	PF01283
PF00170	PF01399
PF00170	PF01412
PF00170	PF01749
PF00170	PF01842
PF00170	PF01853
PF00170	PF01992
PF00170	PF02167
PF00170	PF02291
PF00170	PF02374
PF00170	PF03540
PF00170	PF03909
PF00170	PF03957
PF00170	PF04108
PF00170	PF04129
PF00170	PF04752
PF00170	PF05669
PF00170	PF05693
PF00170	PF07145
PF00170	PF07544
PF00170	PF07714
PF00170	PF07716
PF00170	PF07823
PF00170	PF07942
PF00170	PF08567
PF00171	PF00171
PF00171	PF00180
PF00171	PF00379
PF00171	PF00382
PF00171	PF00428
PF00171	PF00481
PF00171	PF00488
PF00171	PF00551
PF00171	PF01150
PF00171	PF01412
PF00171	PF01575
PF00171	PF01619
PF00171	PF01624
PF00171	PF01992
PF00171	PF02453
PF00171	PF02911
PF00171	PF03074
PF00171	PF05387
PF00171	PF08271
PF00172	PF00172
PF00172	PF00179
PF00172	PF00249
PF00172	PF00310
PF00172	PF00318
PF00172	PF00319
PF00172	PF00320
PF00172	PF00352
PF00172	PF00400
PF00172	PF00498
PF00172	PF00501
PF00172	PF00515
PF00172	PF00561
PF00172	PF00628
PF00172	PF00660
PF00172	PF00670
PF00172	PF00722
PF00172	PF00733
PF00172	PF00755
PF00172	PF00956
PF00172	PF00989
PF00172	PF00999
PF00172	PF01008
PF00172	PF01053
PF00172	PF01068
PF00172	PF01192
PF00172	PF01336
PF00172	PF01363
PF00172	PF01398
PF00172	PF01412
PF00172	PF01423
PF00172	PF01593
PF00172	PF01602
PF00172	PF01920
PF00172	PF01974
PF00172	PF02178
PF00172	PF02219
PF00172	PF02373
PF00172	PF02375
PF00172	PF02403
PF00172	PF02569
PF00172	PF02582
PF00172	PF02671
PF00172	PF02969
PF00172	PF02984
PF00172	PF03162
PF00172	PF03540
PF00172	PF03694
PF00172	PF03902
PF00172	PF04082
PF00172	PF04096
PF00172	PF04597
PF00172	PF04614
PF00172	PF05026
PF00172	PF05221
PF00172	PF05669
PF00172	PF07690
PF00172	PF08240
PF00172	PF08477
PF00172	PF08642
PF00172	PF08691
PF00173	PF00173
PF00173	PF00174
PF00173	PF00175
PF00173	PF00240
PF00173	PF00487
PF00173	PF00970
PF00173	PF01070
PF00173	PF01151
PF00173	PF01501
PF00173	PF02136
PF00173	PF02330
PF00173	PF03142
PF00173	PF03169
PF00173	PF03404
PF00173	PF03909
PF00173	PF04055
PF00173	PF04127
PF00173	PF04438
PF00173	PF04560
PF00173	PF04561
PF00173	PF04563
PF00173	PF04565
PF00173	PF05997
PF00173	PF07654
PF00173	PF07686
PF00174	PF00174
PF00174	PF00175
PF00174	PF00970
PF00174	PF02167
PF00174	PF03404
PF00175	PF00175
PF00175	PF00258
PF00175	PF00515
PF00175	PF00595
PF00175	PF00667
PF00175	PF00806
PF00175	PF00826
PF00175	PF00970
PF00175	PF01158
PF00175	PF01269
PF00175	PF01459
PF00175	PF01558
PF00175	PF01780
PF00175	PF01855
PF00175	PF02297
PF00175	PF02732
PF00175	PF02775
PF00175	PF02898
PF00175	PF03404
PF00176	PF00176
PF00176	PF00205
PF00176	PF00240
PF00176	PF00249
PF00176	PF00270
PF00176	PF00271
PF00176	PF00330
PF00176	PF00350
PF00176	PF00385
PF00176	PF00400
PF00176	PF00439
PF00176	PF00465
PF00176	PF00498
PF00176	PF00505
PF00176	PF00562
PF00176	PF00628
PF00176	PF00647
PF00176	PF00651
PF00176	PF00675
PF00176	PF00694
PF00176	PF00702
PF00176	PF01031
PF00176	PF01214
PF00176	PF02178
PF00176	PF02212
PF00176	PF02257
PF00176	PF02259
PF00176	PF02260
PF00176	PF02732
PF00176	PF02776
PF00176	PF02866
PF00176	PF04434
PF00176	PF12137
PF00177	PF00177
PF00177	PF00203
PF00177	PF00318
PF00177	PF00333
PF00177	PF00378
PF00177	PF00380
PF00177	PF00400
PF00177	PF00411
PF00177	PF00886
PF00177	PF01165
PF00177	PF02150
PF00177	PF03719
PF00177	PF04433
PF00177	PF05697
PF00177	PF05698
PF00177	PF08293
PF00178	PF00178
PF00178	PF00292
PF00178	PF00319
PF00178	PF00439
PF00178	PF00443
PF00178	PF00757
PF00178	PF01030
PF00178	PF01857
PF00178	PF01858
PF00178	PF02198
PF00178	PF07714
PF00179	PF00179
PF00179	PF00206
PF00179	PF00210
PF00179	PF00240
PF00179	PF00268
PF00179	PF00270
PF00179	PF00271
PF00179	PF00397
PF00179	PF00400
PF00179	PF00406
PF00179	PF00412
PF00179	PF00432
PF00179	PF00515
PF00179	PF00595
PF00179	PF00627
PF00179	PF00629
PF00179	PF00632
PF00179	PF00646
PF00179	PF00653
PF00179	PF00656
PF00179	PF00735
PF00179	PF00838
PF00179	PF00870
PF00179	PF00888
PF00179	PF00899
PF00179	PF00929
PF00179	PF00999
PF00179	PF01096
PF00179	PF01105
PF00179	PF01369
PF00179	PF01466
PF00179	PF01535
PF00179	PF01926
PF00179	PF01991
PF00179	PF02037
PF00179	PF02134
PF00179	PF02150
PF00179	PF02197
PF00179	PF02201
PF00179	PF02262
PF00179	PF02271
PF00179	PF02761
PF00179	PF02845
PF00179	PF02891
PF00179	PF03144
PF00179	PF03153
PF00179	PF03540
PF00179	PF03645
PF00179	PF03952
PF00179	PF04089
PF00179	PF04564
PF00179	PF04931
PF00179	PF04939
PF00179	PF05064
PF00179	PF05405
PF00179	PF05493
PF00179	PF05669
PF00179	PF07834
PF00179	PF08423
PF00179	PF08534
PF00179	PF08825
PF00179	PF09288
PF00179	PF10585
PF00179	PF11976
PF00179	PF12185
PF00180	PF00180
PF00180	PF00183
PF00180	PF00218
PF00180	PF00227
PF00180	PF00244
PF00180	PF00275
PF00180	PF00330
PF00180	PF00400
PF00180	PF00443
PF00180	PF00503
PF00180	PF00514
PF00180	PF00637
PF00180	PF00646
PF00180	PF00694
PF00180	PF00730
PF00180	PF00742
PF00180	PF00790
PF00180	PF00956
PF00180	PF01154
PF00180	PF01161
PF00180	PF01193
PF00180	PF01237
PF00180	PF01394
PF00180	PF01749
PF00180	PF01761
PF00180	PF02190
PF00180	PF02330
PF00180	PF02518
PF00180	PF02724
PF00180	PF02735
PF00180	PF02883
PF00180	PF03114
PF00180	PF03148
PF00180	PF03297
PF00180	PF03730
PF00180	PF03731
PF00180	PF03737
PF00180	PF04053
PF00180	PF06068
PF00180	PF06315
PF00180	PF06418
PF00180	PF07724
PF00180	PF08540
PF00181	PF00181
PF00181	PF00270
PF00181	PF00271
PF00181	PF00410
PF00181	PF00411
PF00181	PF00533
PF00181	PF00828
PF00181	PF01158
PF00181	PF01159
PF00181	PF01247
PF00181	PF01268
PF00181	PF01294
PF00181	PF01777
PF00181	PF01780
PF00181	PF01926
PF00181	PF03947
PF00181	PF04042
PF00181	PF04047
PF00181	PF06732
PF00182	PF00182
PF00182	PF00187
PF00182	PF00711
PF00182	PF00959
PF00182	PF01183
PF00183	PF00183
PF00183	PF00231
PF00183	PF00240
PF00183	PF00352
PF00183	PF00488
PF00183	PF00503
PF00183	PF00515
PF00183	PF00617
PF00183	PF00618
PF00183	PF00633
PF00183	PF00804
PF00183	PF01487
PF00183	PF01624
PF00183	PF01761
PF00183	PF02518
PF00183	PF04051
PF00183	PF04564
PF00183	PF07645
PF00183	PF07647
PF00183	PF07767
PF00183	PF08492
PF00183	PF09229
PF00184	PF00184
PF00184	PF00220
PF00185	PF00185
PF00185	PF00289
PF00185	PF00294
PF00185	PF00988
PF00185	PF01948
PF00185	PF01979
PF00185	PF02142
PF00185	PF02729
PF00185	PF02748
PF00185	PF02786
PF00185	PF02787
PF00186	PF00186
PF00186	PF00262
PF00186	PF00303
PF00186	PF01267
PF00186	PF02616
PF00186	PF02815
PF00186	PF03959
PF00187	PF00187
PF00187	PF00704
PF00187	PF00967
PF00188	PF00188
PF00188	PF00382
PF00188	PF00398
PF00188	PF00860
PF00188	PF01249
PF00188	PF01433
PF00188	PF06487
PF00188	PF08271
PF00188	PF08562
PF00189	PF00318
PF00189	PF00333
PF00189	PF00417
PF00189	PF00595
PF00189	PF04180
PF00189	PF05387
PF00189	PF07650
PF00190	PF00190
PF00190	PF00234
PF00191	PF00191
PF00191	PF00244
PF00191	PF02162
PF00191	PF04934
PF00193	PF00193
PF00193	PF00335
PF00193	PF00431
PF00194	PF00194
PF00194	PF03322
PF00194	PF07565
PF00194	PF07679
PF00194	PF07686
PF00195	PF00195
PF00195	PF02797
PF00196	PF00196
PF00196	PF00563
PF00196	PF03472
PF00196	PF09228
PF00197	PF00197
PF00198	PF00198
PF00198	PF00240
PF00198	PF00364
PF00198	PF00514
PF00198	PF00632
PF00198	PF00676
PF00198	PF00735
PF00198	PF00827
PF00198	PF01134
PF00198	PF01248
PF00198	PF01749
PF00198	PF02204
PF00198	PF02779
PF00198	PF02780
PF00198	PF02817
PF00198	PF02852
PF00198	PF02985
PF00198	PF04108
PF00198	PF05193
PF00198	PF07942
PF00199	PF00199
PF00199	PF00227
PF00199	PF00514
PF00199	PF01477
PF00199	PF01749
PF00199	PF01965
PF00199	PF06628
PF00200	PF00200
PF00200	PF01421
PF00200	PF01562
PF00200	PF08516
PF00201	PF00201
PF00201	PF00400
PF00201	PF01221
PF00201	PF03033
PF00202	PF00202
PF00202	PF00206
PF00202	PF00271
PF00202	PF00310
PF00202	PF00397
PF00202	PF00400
PF00202	PF00488
PF00202	PF00515
PF00202	PF00639
PF00202	PF01118
PF00202	PF01253
PF00202	PF01264
PF00202	PF01423
PF00202	PF01488
PF00202	PF01490
PF00202	PF01624
PF00202	PF02178
PF00202	PF02774
PF00202	PF02879
PF00202	PF03587
PF00202	PF04110
PF00203	PF00253
PF00203	PF00312
PF00203	PF00318
PF00203	PF00366
PF00203	PF00380
PF00203	PF00416
PF00203	PF00886
PF00203	PF01142
PF00203	PF01782
PF00203	PF05239
PF00203	PF08293
PF00203	PF09243
PF00204	PF00204
PF00204	PF00240
PF00204	PF00271
PF00204	PF00399
PF00204	PF00501
PF00204	PF00521
PF00204	PF00660
PF00204	PF01028
PF00204	PF01131
PF00204	PF01214
PF00204	PF01331
PF00204	PF01751
PF00204	PF01844
PF00204	PF01926
PF00204	PF02518
PF00204	PF02919
PF00204	PF03919
PF00204	PF05192
PF00204	PF06071
PF00205	PF00205
PF00205	PF00271
PF00205	PF00475
PF00205	PF00560
PF00205	PF00646
PF00205	PF00689
PF00205	PF00690
PF00205	PF00702
PF00205	PF00764
PF00205	PF00800
PF00205	PF00815
PF00205	PF00888
PF00205	PF00977
PF00205	PF01502
PF00205	PF02732
PF00205	PF02735
PF00205	PF02775
PF00205	PF02776
PF00205	PF08068
PF00206	PF00206
PF00206	PF00293
PF00206	PF00310
PF00206	PF00400
PF00206	PF00460
PF00206	PF00514
PF00206	PF00515
PF00206	PF00578
PF00206	PF00583
PF00206	PF00595
PF00206	PF00782
PF00206	PF00857
PF00206	PF01044
PF00206	PF01118
PF00206	PF01253
PF00206	PF01264
PF00206	PF01380
PF00206	PF01488
PF00206	PF01555
PF00206	PF01576
PF00206	PF01749
PF00206	PF02774
PF00206	PF02879
PF00206	PF04053
PF00206	PF05694
PF00206	PF08328
PF00206	PF10397
PF00206	PF10415
PF00207	PF01759
PF00207	PF01821
PF00207	PF01835
PF00207	PF07677
PF00207	PF07686
PF00207	PF07703
PF00207	PF11546
PF00208	PF00208
PF00208	PF00514
PF00208	PF01749
PF00208	PF02812
PF00209	PF00209
PF00209	PF00833
PF00210	PF00210
PF00210	PF00405
PF00210	PF00514
PF00210	PF00651
PF00210	PF01805
PF00210	PF03874
PF00210	PF07054
PF00211	PF00211
PF00211	PF00252
PF00211	PF00481
PF00211	PF00503
PF00211	PF00560
PF00211	PF00672
PF00211	PF00788
PF00211	PF01094
PF00211	PF01652
PF00212	PF01094
PF00213	PF00231
PF00213	PF00306
PF00213	PF00430
PF00213	PF02823
PF00213	PF02874
PF00213	PF05405
PF00214	PF00214
PF00214	PF01547
PF00215	PF00215
PF00215	PF00291
PF00215	PF00294
PF00215	PF00425
PF00215	PF00639
PF00215	PF00709
PF00215	PF01180
PF00215	PF01743
PF00215	PF01842
PF00215	PF01948
PF00215	PF01984
PF00215	PF02748
PF00215	PF02769
PF00216	PF00216
PF00216	PF00252
PF00216	PF00308
PF00216	PF00417
PF00216	PF00436
PF00216	PF00453
PF00216	PF00471
PF00216	PF00472
PF00216	PF00476
PF00216	PF00533
PF00216	PF00542
PF00216	PF00574
PF00216	PF00707
PF00216	PF00712
PF00216	PF00772
PF00216	PF00829
PF00216	PF00849
PF00216	PF00889
PF00216	PF00905
PF00216	PF00912
PF00216	PF01000
PF00216	PF01016
PF00216	PF01029
PF00216	PF01043
PF00216	PF01098
PF00216	PF01132
PF00216	PF01195
PF00216	PF01225
PF00216	PF01245
PF00216	PF01250
PF00216	PF01252
PF00216	PF01281
PF00216	PF01305
PF00216	PF01327
PF00216	PF01367
PF00216	PF01476
PF00216	PF01632
PF00216	PF01649
PF00216	PF01653
PF00216	PF01668
PF00216	PF01715
PF00216	PF01743
PF00216	PF01746
PF00216	PF01765
PF00216	PF01782
PF00216	PF01790
PF00216	PF01795
PF00216	PF01807
PF00216	PF02096
PF00216	PF02357
PF00216	PF02367
PF00216	PF02410
PF00216	PF02473
PF00216	PF02575
PF00216	PF02739
PF00216	PF02767
PF00216	PF02768
PF00216	PF02873
PF00216	PF02911
PF00216	PF02912
PF00216	PF03033
PF00216	PF03118
PF00216	PF03120
PF00216	PF03461
PF00216	PF03462
PF00216	PF03471
PF00216	PF03602
PF00216	PF03652
PF00216	PF03717
PF00216	PF03772
PF00216	PF03796
PF00216	PF03840
PF00217	PF00217
PF00217	PF02807
PF00218	PF00218
PF00218	PF00290
PF00218	PF00330
PF00218	PF00425
PF00218	PF00591
PF00218	PF00694
PF00218	PF00697
PF00218	PF00742
PF00218	PF00920
PF00218	PF01008
PF00218	PF01450
PF00218	PF01680
PF00218	PF02885
PF00218	PF04715
PF00219	PF00219
PF00220	PF00220
PF00221	PF00221
PF00223	PF00223
PF00223	PF00504
PF00223	PF00796
PF00223	PF01241
PF00223	PF01701
PF00223	PF02427
PF00223	PF02507
PF00223	PF02531
PF00223	PF02605
PF00223	PF07465
PF00223	PF08078
PF00224	PF00224
PF00224	PF00391
PF00224	PF01592
PF00224	PF02887
PF00225	PF00225
PF00225	PF00227
PF00225	PF00307
PF00225	PF00393
PF00225	PF00498
PF00225	PF00617
PF00225	PF00633
PF00225	PF00674
PF00225	PF01271
PF00225	PF01302
PF00225	PF01391
PF00225	PF03145
PF00225	PF03800
PF00225	PF03953
PF00225	PF05669
PF00226	PF00226
PF00226	PF00249
PF00226	PF00271
PF00226	PF00324
PF00226	PF00399
PF00226	PF00400
PF00226	PF00462
PF00226	PF00515
PF00226	PF00580
PF00226	PF00675
PF00226	PF00684
PF00226	PF00763
PF00226	PF01025
PF00226	PF01125
PF00226	PF01268
PF00226	PF01398
PF00226	PF01423
PF00226	PF01556
PF00226	PF01585
PF00226	PF02188
PF00226	PF02217
PF00226	PF02380
PF00226	PF02731
PF00226	PF02809
PF00226	PF02882
PF00226	PF02889
PF00226	PF03656
PF00226	PF05207
PF00226	PF06246
PF00226	PF06431
PF00226	PF06723
PF00226	PF07743
PF00226	PF08934
PF00227	PF00227
PF00227	PF00240
PF00227	PF00254
PF00227	PF00271
PF00227	PF00300
PF00227	PF00307
PF00227	PF00320
PF00227	PF00352
PF00227	PF00382
PF00227	PF00428
PF00227	PF00439
PF00227	PF00442
PF00227	PF00443
PF00227	PF00493
PF00227	PF00569
PF00227	PF00580
PF00227	PF00581
PF00227	PF00583
PF00227	PF00595
PF00227	PF00627
PF00227	PF00649
PF00227	PF00702
PF00227	PF00736
PF00227	PF00752
PF00227	PF00826
PF00227	PF00827
PF00227	PF00832
PF00227	PF00867
PF00227	PF00876
PF00227	PF00888
PF00227	PF00900
PF00227	PF00935
PF00227	PF01015
PF00227	PF01088
PF00227	PF01090
PF00227	PF01092
PF00227	PF01096
PF00227	PF01156
PF00227	PF01157
PF00227	PF01171
PF00227	PF01172
PF00227	PF01176
PF00227	PF01191
PF00227	PF01194
PF00227	PF01198
PF00227	PF01200
PF00227	PF01201
PF00227	PF01217
PF00227	PF01246
PF00227	PF01253
PF00227	PF01269
PF00227	PF01280
PF00227	PF01398
PF00227	PF01399
PF00227	PF01423
PF00227	PF01591
PF00227	PF01599
PF00227	PF01655
PF00227	PF01667
PF00227	PF01679
PF00227	PF01780
PF00227	PF01796
PF00227	PF01798
PF00227	PF01842
PF00227	PF01851
PF00227	PF01864
PF00227	PF01866
PF00227	PF01871
PF00227	PF01873
PF00227	PF01896
PF00227	PF01902
PF00227	PF01907
PF00227	PF01912
PF00227	PF01916
PF00227	PF01920
PF00227	PF01922
PF00227	PF01946
PF00227	PF01974
PF00227	PF01981
PF00227	PF01982
PF00227	PF01984
PF00227	PF02002
PF00227	PF02005
PF00227	PF02150
PF00227	PF02163
PF00227	PF02359
PF00227	PF02475
PF00227	PF02732
PF00227	PF02735
PF00227	PF02826
PF00227	PF02902
PF00227	PF02933
PF00227	PF02996
PF00227	PF03177
PF00227	PF03239
PF00227	PF03259
PF00227	PF03367
PF00227	PF03399
PF00227	PF03452
PF00227	PF03463
PF00227	PF03464
PF00227	PF03465
PF00227	PF03587
PF00227	PF03867
PF00227	PF04096
PF00227	PF04506
PF00227	PF04841
PF00227	PF05348
PF00227	PF06425
PF00227	PF07724
PF00227	PF07993
PF00227	PF08238
PF00227	PF08577
PF00227	PF10431
PF00227	PF10448
PF00227	PF10584
PF00227	PF11919
PF00227	PF12465
PF00228	PF00228
PF00228	PF00949
PF00229	PF00229
PF00229	PF07686
PF00229	PF09256
PF00229	PF09257
PF00229	PF09305
PF00230	PF00230
PF00230	PF00515
PF00230	PF03311
PF00230	PF07957
PF00230	PF08477
PF00231	PF00231
PF00231	PF00306
PF00231	PF00400
PF00231	PF00401
PF00231	PF00575
PF00231	PF02045
PF00231	PF02518
PF00231	PF02735
PF00231	PF02823
PF00231	PF02874
PF00231	PF04053
PF00231	PF04078
PF00231	PF04568
PF00231	PF04627
PF00231	PF06957
PF00231	PF07541
PF00231	PF08542
PF00232	PF00232
PF00233	PF00233
PF00233	PF00989
PF00233	PF01490
PF00233	PF01590
PF00233	PF04868
PF00234	PF00234
PF00235	PF00235
PF00235	PF00379
PF00235	PF01213
PF00235	PF04438
PF00235	PF08603
PF00236	PF00236
PF00236	PF00560
PF00236	PF07686
PF00237	PF00237
PF00237	PF00293
PF00237	PF00327
PF00237	PF00347
PF00237	PF00428
PF00237	PF00467
PF00237	PF00573
PF00237	PF00673
PF00237	PF00753
PF00237	PF00827
PF00237	PF00832
PF00237	PF01159
PF00237	PF01196
PF00237	PF01198
PF00237	PF01783
PF00238	PF00297
PF00238	PF00310
PF00238	PF00347
PF00238	PF00403
PF00238	PF00428
PF00238	PF00467
PF00238	PF00478
PF00238	PF00487
PF00238	PF00571
PF00238	PF00611
PF00238	PF00675
PF00238	PF01115
PF00238	PF01245
PF00238	PF01246
PF00238	PF01380
PF00238	PF01798
PF00238	PF01912
PF00238	PF03657
PF00238	PF03946
PF00238	PF04120
PF00238	PF04427
PF00238	PF04898
PF00238	PF05890
PF00238	PF06645
PF00239	PF00239
PF00239	PF00376
PF00239	PF02796
PF00239	PF07508
PF00240	PF00240
PF00240	PF00250
PF00240	PF00271
PF00240	PF00292
PF00240	PF00347
PF00240	PF00349
PF00240	PF00364
PF00240	PF00382
PF00240	PF00400
PF00240	PF00428
PF00240	PF00443
PF00240	PF00454
PF00240	PF00467
PF00240	PF00485
PF00240	PF00498
PF00240	PF00503
PF00240	PF00514
PF00240	PF00521
PF00240	PF00560
PF00240	PF00580
PF00240	PF00610
PF00240	PF00613
PF00240	PF00623
PF00240	PF00627
PF00240	PF00632
PF00240	PF00641
PF00240	PF00646
PF00240	PF00651
PF00240	PF00790
PF00240	PF00792
PF00240	PF00794
PF00240	PF00806
PF00240	PF00870
PF00240	PF00888
PF00240	PF00899
PF00240	PF01021
PF00240	PF01088
PF00240	PF01221
PF00240	PF01287
PF00240	PF01302
PF00240	PF01363
PF00240	PF01398
PF00240	PF01399
PF00240	PF01466
PF00240	PF01722
PF00240	PF01749
PF00240	PF01754
PF00240	PF01805
PF00240	PF01851
PF00240	PF01854
PF00240	PF01910
PF00240	PF01920
PF00240	PF01991
PF00240	PF02037
PF00240	PF02099
PF00240	PF02134
PF00240	PF02148
PF00240	PF02179
PF00240	PF02292
PF00240	PF02338
PF00240	PF02359
PF00240	PF02374
PF00240	PF02518
PF00240	PF02732
PF00240	PF02747
PF00240	PF02809
PF00240	PF02845
PF00240	PF02891
PF00240	PF02902
PF00240	PF02984
PF00240	PF03114
PF00240	PF03127
PF00240	PF03167
PF00240	PF03223
PF00240	PF03372
PF00240	PF03727
PF00240	PF03909
PF00240	PF03928
PF00240	PF03931
PF00240	PF03997
PF00240	PF04511
PF00240	PF04683
PF00240	PF04695
PF00240	PF04843
PF00240	PF05669
PF00240	PF05743
PF00240	PF06087
PF00240	PF07653
PF00240	PF07686
PF00240	PF07724
PF00240	PF07964
PF00240	PF08271
PF00240	PF08614
PF00240	PF08790
PF00240	PF09070
PF00240	PF09229
PF00240	PF09280
PF00240	PF09358
PF00240	PF10557
PF00240	PF10585
PF00240	PF11302
PF00240	PF11547
PF00240	PF11605
PF00241	PF00241
PF00241	PF00400
PF00241	PF00410
PF00241	PF00481
PF00241	PF00560
PF00241	PF00568
PF00241	PF00587
PF00241	PF00929
PF00241	PF01111
PF00241	PF01213
PF00241	PF01221
PF00241	PF01416
PF00241	PF01997
PF00241	PF02136
PF00241	PF02205
PF00241	PF02463
PF00241	PF03129
PF00241	PF06470
PF00241	PF08603
PF00243	PF00243
PF00243	PF07679
PF00244	PF00244
PF00244	PF00300
PF00244	PF00307
PF00244	PF00318
PF00244	PF00428
PF00244	PF00443
PF00244	PF00447
PF00244	PF00454
PF00244	PF00481
PF00244	PF00514
PF00244	PF00515
PF00244	PF00571
PF00244	PF00583
PF00244	PF00786
PF00244	PF01111
PF00244	PF01182
PF00244	PF01204
PF00244	PF01381
PF00244	PF01591
PF00244	PF01749
PF00244	PF01808
PF00244	PF01992
PF00244	PF02142
PF00244	PF02541
PF00244	PF02991
PF00244	PF03148
PF00244	PF03271
PF00244	PF03392
PF00244	PF04641
PF00244	PF04774
PF00244	PF05693
PF00244	PF06617
PF00244	PF07492
PF00244	PF07651
PF00244	PF08321
PF00244	PF08523
PF00245	PF00245
PF00245	PF00400
PF00246	PF00246
PF00246	PF00754
PF00246	PF01476
PF00246	PF01655
PF00246	PF01992
PF00246	PF02178
PF00246	PF02244
PF00246	PF02977
PF00246	PF06907
PF00246	PF10468
PF00248	PF00248
PF00248	PF00514
PF00248	PF00515
PF00248	PF00806
PF00248	PF00861
PF00248	PF00995
PF00248	PF01221
PF00248	PF01253
PF00248	PF01592
PF00248	PF01749
PF00248	PF02204
PF00248	PF02214
PF00248	PF08477
PF00249	PF00249
PF00249	PF00252
PF00249	PF00270
PF00249	PF00271
PF00249	PF00293
PF00249	PF00320
PF00249	PF00350
PF00249	PF00352
PF00249	PF00385
PF00249	PF00400
PF00249	PF00439
PF00249	PF00488
PF00249	PF00505
PF00249	PF00533
PF00249	PF00569
PF00249	PF00623
PF00249	PF00628
PF00249	PF00646
PF00249	PF00679
PF00249	PF00702
PF00249	PF00856
PF00249	PF01008
PF00249	PF01031
PF00249	PF01125
PF00249	PF01398
PF00249	PF01423
PF00249	PF01426
PF00249	PF01593
PF00249	PF01624
PF00249	PF01854
PF00249	PF01909
PF00249	PF02146
PF00249	PF02184
PF00249	PF02212
PF00249	PF02257
PF00249	PF02671
PF00249	PF02724
PF00249	PF02769
PF00249	PF02843
PF00249	PF02844
PF00249	PF02892
PF00249	PF02969
PF00249	PF03540
PF00249	PF03847
PF00249	PF03990
PF00249	PF04408
PF00249	PF04433
PF00249	PF05160
PF00249	PF07714
PF00249	PF09197
PF00250	PF00250
PF00250	PF00271
PF00250	PF00335
PF00250	PF00443
PF00250	PF00498
PF00250	PF00505
PF00250	PF00554
PF00250	PF01008
PF00250	PF01144
PF00250	PF01214
PF00250	PF01432
PF00250	PF01496
PF00250	PF01866
PF00250	PF02798
PF00250	PF03940
PF00251	PF00251
PF00251	PF00746
PF00251	PF02374
PF00251	PF05008
PF00251	PF08244
PF00251	PF09219
PF00252	PF00252
PF00252	PF00271
PF00252	PF00308
PF00252	PF00380
PF00252	PF00417
PF00252	PF00436
PF00252	PF00444
PF00252	PF00453
PF00252	PF00468
PF00252	PF00471
PF00252	PF00472
PF00252	PF00476
PF00252	PF00481
PF00252	PF00488
PF00252	PF00533
PF00252	PF00542
PF00252	PF00550
PF00252	PF00560
PF00252	PF00572
PF00252	PF00573
PF00252	PF00574
PF00252	PF00636
PF00252	PF00673
PF00252	PF00707
PF00252	PF00712
PF00252	PF00772
PF00252	PF00829
PF00252	PF00830
PF00252	PF00849
PF00252	PF00886
PF00252	PF00889
PF00252	PF00905
PF00252	PF00995
PF00252	PF01000
PF00252	PF01016
PF00252	PF01043
PF00252	PF01084
PF00252	PF01098
PF00252	PF01121
PF00252	PF01132
PF00252	PF01134
PF00252	PF01148
PF00252	PF01195
PF00252	PF01196
PF00252	PF01207
PF00252	PF01245
PF00252	PF01250
PF00252	PF01252
PF00252	PF01281
PF00252	PF01305
PF00252	PF01327
PF00252	PF01367
PF00252	PF01386
PF00252	PF01434
PF00252	PF01476
PF00252	PF01553
PF00252	PF01595
PF00252	PF01632
PF00252	PF01648
PF00252	PF01649
PF00252	PF01653
PF00252	PF01668
PF00252	PF01687
PF00252	PF01709
PF00252	PF01715
PF00252	PF01743
PF00252	PF01746
PF00252	PF01765
PF00252	PF01790
PF00252	PF01795
PF00252	PF01807
PF00252	PF02096
PF00252	PF02357
PF00252	PF02390
PF00252	PF02575
PF00252	PF02576
PF00252	PF02739
PF00252	PF02768
PF00252	PF02772
PF00252	PF02773
PF00252	PF02801
PF00252	PF02873
PF00252	PF02911
PF00252	PF03033
PF00252	PF03054
PF00252	PF03118
PF00252	PF03120
PF00252	PF03147
PF00252	PF03462
PF00252	PF03652
PF00252	PF03772
PF00252	PF03796
PF00252	PF05047
PF00252	PF08294
PF00253	PF00254
PF00253	PF00338
PF00253	PF00417
PF00254	PF00254
PF00254	PF00307
PF00254	PF00365
PF00254	PF00400
PF00254	PF00454
PF00254	PF00505
PF00254	PF00515
PF00254	PF00696
PF00254	PF00750
PF00254	PF00996
PF00254	PF01044
PF00254	PF01180
PF00254	PF01268
PF00254	PF01336
PF00254	PF01346
PF00254	PF01422
PF00254	PF01424
PF00254	PF01776
PF00254	PF01842
PF00254	PF02259
PF00254	PF02260
PF00254	PF02732
PF00254	PF02824
PF00254	PF02882
PF00254	PF02894
PF00254	PF02949
PF00254	PF03129
PF00254	PF03485
PF00254	PF03909
PF00254	PF04056
PF00254	PF05177
PF00254	PF05697
PF00254	PF05698
PF00254	PF05746
PF00254	PF07973
PF00254	PF07975
PF00254	PF08515
PF00254	PF08771
PF00255	PF00255
PF00255	PF00385
PF00255	PF00515
PF00256	PF01305
PF00258	PF00258
PF00258	PF00301
PF00258	PF00400
PF00258	PF00566
PF00258	PF00595
PF00258	PF00667
PF00258	PF00753
PF00258	PF01077
PF00258	PF01558
PF00258	PF01613
PF00258	PF01855
PF00258	PF02133
PF00258	PF02775
PF00258	PF02898
PF00258	PF03460
PF00258	PF04055
PF00258	PF06888
PF00261	PF00261
PF00261	PF00435
PF00261	PF00681
PF00261	PF00787
PF00261	PF00992
PF00262	PF00515
PF00262	PF01607
PF00262	PF01757
PF00262	PF03501
PF00263	PF03958
PF00264	PF00264
PF00264	PF01549
PF00264	PF06236
PF00264	PF12142
PF00265	PF00265
PF00266	PF00266
PF00266	PF01206
PF00266	PF01592
PF00266	PF01641
PF00266	PF02134
PF00266	PF02576
PF00266	PF05347
PF00266	PF07714
PF00266	PF07954
PF00267	PF00267
PF00267	PF00405
PF00267	PF04052
PF00267	PF06519
PF00267	PF07676
PF00268	PF00268
PF00268	PF00271
PF00268	PF00317
PF00268	PF00400
PF00268	PF00505
PF00268	PF00535
PF00268	PF00870
PF00268	PF01426
PF00268	PF02463
PF00268	PF02867
PF00268	PF04053
PF00268	PF04729
PF00268	PF06470
PF00268	PF07972
PF00268	PF08343
PF00269	PF00269
PF00270	PF00270
PF00270	PF00271
PF00270	PF00289
PF00270	PF00297
PF00270	PF00328
PF00270	PF00365
PF00270	PF00380
PF00270	PF00389
PF00270	PF00397
PF00270	PF00400
PF00270	PF00442
PF00270	PF00481
PF00270	PF00488
PF00270	PF00514
PF00270	PF00515
PF00270	PF00533
PF00270	PF00570
PF00270	PF00575
PF00270	PF00622
PF00270	PF00632
PF00270	PF00633
PF00270	PF00636
PF00270	PF00646
PF00270	PF00680
PF00270	PF00719
PF00270	PF00730
PF00270	PF00752
PF00270	PF00806
PF00270	PF00863
PF00270	PF00982
PF00270	PF01018
PF00270	PF01105
PF00270	PF01131
PF00270	PF01138
PF00270	PF01189
PF00270	PF01248
PF00270	PF01269
PF00270	PF01336
PF00270	PF01398
PF00270	PF01423
PF00270	PF01472
PF00270	PF01509
PF00270	PF01602
PF00270	PF01612
PF00270	PF01624
PF00270	PF01652
PF00270	PF01751
PF00270	PF01842
PF00270	PF01909
PF00270	PF01912
PF00270	PF01926
PF00270	PF01945
PF00270	PF02008
PF00270	PF02151
PF00270	PF02184
PF00270	PF02518
PF00270	PF02732
PF00270	PF02779
PF00270	PF02787
PF00270	PF02792
PF00270	PF02824
PF00270	PF02826
PF00270	PF02847
PF00270	PF02854
PF00270	PF02880
PF00270	PF02889
PF00270	PF03093
PF00270	PF03725
PF00270	PF03880
PF00270	PF03914
PF00270	PF03947
PF00270	PF04047
PF00270	PF04053
PF00270	PF04408
PF00270	PF04427
PF00270	PF05238
PF00270	PF05390
PF00270	PF06418
PF00270	PF07541
PF00270	PF07645
PF00270	PF08148
PF00270	PF08552
PF00270	PF09382
PF00270	PF09405
PF00271	PF00271
PF00271	PF00289
PF00271	PF00297
PF00271	PF00327
PF00271	PF00328
PF00271	PF00330
PF00271	PF00348
PF00271	PF00350
PF00271	PF00365
PF00271	PF00380
PF00271	PF00385
PF00271	PF00389
PF00271	PF00397
PF00271	PF00400
PF00271	PF00433
PF00271	PF00439
PF00271	PF00443
PF00271	PF00454
PF00271	PF00481
PF00271	PF00488
PF00271	PF00498
PF00271	PF00501
PF00271	PF00505
PF00271	PF00514
PF00271	PF00515
PF00271	PF00533
PF00271	PF00562
PF00271	PF00569
PF00271	PF00570
PF00271	PF00575
PF00271	PF00622
PF00271	PF00623
PF00271	PF00627
PF00271	PF00628
PF00271	PF00632
PF00271	PF00633
PF00271	PF00636
PF00271	PF00644
PF00271	PF00646
PF00271	PF00675
PF00271	PF00676
PF00271	PF00680
PF00271	PF00694
PF00271	PF00702
PF00271	PF00719
PF00271	PF00724
PF00271	PF00730
PF00271	PF00752
PF00271	PF00763
PF00271	PF00806
PF00271	PF00863
PF00271	PF00867
PF00271	PF00869
PF00271	PF00949
PF00271	PF00972
PF00271	PF00982
PF00271	PF00998
PF00271	PF01000
PF00271	PF01006
PF00271	PF01018
PF00271	PF01031
PF00271	PF01043
PF00271	PF01068
PF00271	PF01105
PF00271	PF01138
PF00271	PF01189
PF00271	PF01214
PF00271	PF01248
PF00271	PF01268
PF00271	PF01269
PF00271	PF01331
PF00271	PF01336
PF00271	PF01398
PF00271	PF01423
PF00271	PF01472
PF00271	PF01509
PF00271	PF01585
PF00271	PF01602
PF00271	PF01612
PF00271	PF01624
PF00271	PF01652
PF00271	PF01728
PF00271	PF01833
PF00271	PF01842
PF00271	PF01909
PF00271	PF01912
PF00271	PF01926
PF00271	PF02008
PF00271	PF02142
PF00271	PF02151
PF00271	PF02178
PF00271	PF02181
PF00271	PF02184
PF00271	PF02212
PF00271	PF02257
PF00271	PF02259
PF00271	PF02260
PF00271	PF02319
PF00271	PF02518
PF00271	PF02732
PF00271	PF02775
PF00271	PF02776
PF00271	PF02779
PF00271	PF02786
PF00271	PF02787
PF00271	PF02792
PF00271	PF02798
PF00271	PF02810
PF00271	PF02824
PF00271	PF02826
PF00271	PF02832
PF00271	PF02847
PF00271	PF02854
PF00271	PF02866
PF00271	PF02877
PF00271	PF02882
PF00271	PF02889
PF00271	PF02907
PF00271	PF02985
PF00271	PF03061
PF00271	PF03093
PF00271	PF03725
PF00271	PF03840
PF00271	PF03880
PF00271	PF03914
PF00271	PF03947
PF00271	PF04047
PF00271	PF04313
PF00271	PF04408
PF00271	PF04427
PF00271	PF04434
PF00271	PF04560
PF00271	PF04561
PF00271	PF04563
PF00271	PF04565
PF00271	PF04851
PF00271	PF04983
PF00271	PF04997
PF00271	PF04998
PF00271	PF05000
PF00271	PF05177
PF00271	PF05188
PF00271	PF05190
PF00271	PF05192
PF00271	PF05238
PF00271	PF05390
PF00271	PF06733
PF00271	PF06777
PF00271	PF07516
PF00271	PF07517
PF00271	PF07541
PF00271	PF07645
PF00271	PF07652
PF00271	PF07717
PF00271	PF08148
PF00271	PF08552
PF00271	PF09382
PF00271	PF09405
PF00271	PF12137
PF00271	PF12344
PF00273	PF00273
PF00273	PF01468
PF00273	PF09164
PF00274	PF00274
PF00275	PF00275
PF00275	PF00365
PF00275	PF01105
PF00275	PF01202
PF00275	PF01399
PF00275	PF01487
PF00275	PF01488
PF00275	PF01761
PF00275	PF02518
PF00275	PF02735
PF00275	PF04110
PF00275	PF06068
PF00276	PF00297
PF00276	PF00344
PF00276	PF00444
PF00276	PF00468
PF00276	PF00515
PF00276	PF00572
PF00276	PF00573
PF00276	PF00584
PF00276	PF00831
PF00276	PF00832
PF00276	PF01008
PF00276	PF02137
PF00276	PF02881
PF00276	PF05047
PF00276	PF05697
PF00278	PF00278
PF00278	PF02142
PF00278	PF02784
PF00280	PF00280
PF00281	PF00281
PF00281	PF00297
PF00281	PF00298
PF00281	PF00673
PF00281	PF00687
PF00281	PF01197
PF00281	PF04939
PF00282	PF00282
PF00282	PF00310
PF00282	PF00433
PF00282	PF00439
PF00282	PF00514
PF00282	PF01380
PF00282	PF01423
PF00282	PF01592
PF00282	PF01749
PF00282	PF04790
PF00283	PF00283
PF00283	PF00284
PF00283	PF00737
PF00283	PF01788
PF00283	PF06596
PF00284	PF00737
PF00284	PF01788
PF00285	PF00285
PF00285	PF00400
PF00285	PF01992
PF00285	PF02866
PF00287	PF00689
PF00287	PF01849
PF00287	PF02038
PF00288	PF00288
PF00288	PF00391
PF00288	PF00871
PF00288	PF01326
PF00288	PF02896
PF00288	PF08544
PF00288	PF10509
PF00289	PF00289
PF00289	PF00364
PF00289	PF00633
PF00289	PF00682
PF00289	PF00735
PF00289	PF00988
PF00289	PF01000
PF00289	PF01039
PF00289	PF01193
PF00289	PF01423
PF00289	PF01425
PF00289	PF01979
PF00289	PF02142
PF00289	PF02436
PF00289	PF02626
PF00289	PF02682
PF00289	PF02729
PF00289	PF02735
PF00289	PF02779
PF00289	PF02785
PF00289	PF02786
PF00289	PF02787
PF00289	PF03730
PF00289	PF03731
PF00289	PF06418
PF00289	PF08542
PF00290	PF00290
PF00290	PF00291
PF00290	PF00697
PF00290	PF00742
PF00290	PF00920
PF00290	PF01000
PF00290	PF01193
PF00290	PF01450
PF00291	PF00291
PF00291	PF00317
PF00291	PF00400
PF00291	PF00425
PF00291	PF00498
PF00291	PF00515
PF00291	PF00560
PF00291	PF00571
PF00291	PF00575
PF00291	PF00585
PF00291	PF00647
PF00291	PF00705
PF00291	PF00709
PF00291	PF00735
PF00291	PF00825
PF00291	PF01000
PF00291	PF01180
PF00291	PF01193
PF00291	PF01199
PF00291	PF01253
PF00291	PF01842
PF00291	PF02597
PF00291	PF02769
PF00291	PF02798
PF00291	PF02867
PF00291	PF06723
PF00291	PF07541
PF00292	PF00292
PF00292	PF00328
PF00292	PF00620
PF00292	PF01079
PF00292	PF01085
PF00292	PF01247
PF00292	PF01248
PF00292	PF01431
PF00292	PF03148
PF00292	PF03803
PF00292	PF03820
PF00292	PF04774
PF00292	PF05158
PF00292	PF05742
PF00292	PF06384
PF00292	PF07645
PF00293	PF00293
PF00293	PF00300
PF00293	PF00310
PF00293	PF00318
PF00293	PF00343
PF00293	PF00350
PF00293	PF00389
PF00293	PF00400
PF00293	PF00501
PF00293	PF00520
PF00293	PF00578
PF00293	PF00583
PF00293	PF00675
PF00293	PF00687
PF00293	PF00702
PF00293	PF00806
PF00293	PF00899
PF00293	PF01031
PF00293	PF01380
PF00293	PF01423
PF00293	PF01467
PF00293	PF01990
PF00293	PF02100
PF00293	PF02134
PF00293	PF02212
PF00293	PF02826
PF00293	PF02854
PF00293	PF02879
PF00293	PF02985
PF00293	PF03099
PF00293	PF04263
PF00293	PF04265
PF00293	PF05026
PF00293	PF09296
PF00294	PF00294
PF00294	PF00425
PF00294	PF00995
PF00294	PF01180
PF00294	PF01467
PF00294	PF01842
PF00294	PF02383
PF00294	PF02729
PF00294	PF03847
PF00295	PF00295
PF00296	PF00296
PF00297	PF00297
PF00297	PF00347
PF00297	PF00400
PF00297	PF00428
PF00297	PF00444
PF00297	PF00468
PF00297	PF00572
PF00297	PF00573
PF00297	PF00673
PF00297	PF00687
PF00297	PF00830
PF00297	PF01161
PF00297	PF01196
PF00297	PF01201
PF00297	PF01245
PF00297	PF01246
PF00297	PF01607
PF00297	PF02893
PF00297	PF05046
PF00297	PF05047
PF00297	PF06984
PF00297	PF07645
PF00298	PF00428
PF00298	PF00466
PF00298	PF00542
PF00298	PF00636
PF00298	PF00673
PF00298	PF01016
PF00298	PF03946
PF00298	PF05832
PF00298	PF06325
PF00298	PF08561
PF00299	PF00299
PF00299	PF00545
PF00300	PF00300
PF00300	PF00324
PF00300	PF00400
PF00300	PF00432
PF00300	PF00505
PF00300	PF00515
PF00300	PF00627
PF00300	PF01138
PF00300	PF01591
PF00300	PF02598
PF00300	PF02731
PF00300	PF02780
PF00300	PF03645
PF00300	PF04001
PF00300	PF06017
PF00300	PF08271
PF00301	PF00301
PF00301	PF00753
PF00301	PF01613
PF00301	PF02915
PF00301	PF07992
PF00302	PF00302
PF00302	PF02898
PF00303	PF00303
PF00303	PF00382
PF00303	PF08271
PF00304	PF02146
PF00305	PF00305
PF00305	PF01477
PF00306	PF00306
PF00306	PF00400
PF00306	PF00515
PF00306	PF01426
PF00306	PF01466
PF00306	PF01496
PF00306	PF01813
PF00306	PF01992
PF00306	PF02205
PF00306	PF02823
PF00306	PF02874
PF00306	PF03179
PF00306	PF03223
PF00306	PF03931
PF00306	PF04568
PF00306	PF05203
PF00306	PF05204
PF00306	PF05405
PF00307	PF00307
PF00307	PF00385
PF00307	PF00397
PF00307	PF00402
PF00307	PF00412
PF00307	PF00435
PF00307	PF00501
PF00307	PF00560
PF00307	PF00568
PF00307	PF00569
PF00307	PF00595
PF00307	PF00612
PF00307	PF00616
PF00307	PF00621
PF00307	PF00630
PF00307	PF00651
PF00307	PF00681
PF00307	PF00810
PF00307	PF01221
PF00307	PF02187
PF00307	PF02205
PF00307	PF02214
PF00307	PF02524
PF00307	PF02798
PF00307	PF02866
PF00307	PF03145
PF00307	PF03501
PF00307	PF03535
PF00307	PF03836
PF00307	PF04939
PF00307	PF05383
PF00307	PF07645
PF00307	PF07714
PF00307	PF07992
PF00307	PF08580
PF00307	PF08726
PF00308	PF00308
PF00308	PF00417
PF00308	PF00436
PF00308	PF00453
PF00308	PF00468
PF00308	PF00471
PF00308	PF00472
PF00308	PF00476
PF00308	PF00533
PF00308	PF00542
PF00308	PF00550
PF00308	PF00574
PF00308	PF00636
PF00308	PF00707
PF00308	PF00712
PF00308	PF00772
PF00308	PF00825
PF00308	PF00829
PF00308	PF00830
PF00308	PF00849
PF00308	PF00886
PF00308	PF00889
PF00308	PF00905
PF00308	PF00912
PF00308	PF01000
PF00308	PF01016
PF00308	PF01029
PF00308	PF01043
PF00308	PF01051
PF00308	PF01084
PF00308	PF01098
PF00308	PF01121
PF00308	PF01132
PF00308	PF01134
PF00308	PF01148
PF00308	PF01195
PF00308	PF01196
PF00308	PF01225
PF00308	PF01245
PF00308	PF01250
PF00308	PF01252
PF00308	PF01281
PF00308	PF01305
PF00308	PF01327
PF00308	PF01367
PF00308	PF01434
PF00308	PF01476
PF00308	PF01553
PF00308	PF01632
PF00308	PF01649
PF00308	PF01653
PF00308	PF01668
PF00308	PF01709
PF00308	PF01715
PF00308	PF01743
PF00308	PF01746
PF00308	PF01765
PF00308	PF01782
PF00308	PF01790
PF00308	PF01795
PF00308	PF01807
PF00308	PF02096
PF00308	PF02224
PF00308	PF02357
PF00308	PF02367
PF00308	PF02390
PF00308	PF02410
PF00308	PF02473
PF00308	PF02527
PF00308	PF02575
PF00308	PF02739
PF00308	PF02767
PF00308	PF02768
PF00308	PF02873
PF00308	PF02904
PF00308	PF02911
PF00308	PF02912
PF00308	PF03033
PF00308	PF03054
PF00308	PF03118
PF00308	PF03120
PF00308	PF03461
PF00308	PF03462
PF00308	PF03471
PF00308	PF03602
PF00308	PF03652
PF00308	PF03717
PF00308	PF03772
PF00308	PF03796
PF00308	PF03840
PF00308	PF08299
PF00309	PF00309
PF00309	PF04552
PF00309	PF04963
PF00310	PF00310
PF00310	PF00400
PF00310	PF00491
PF00310	PF00498
PF00310	PF00515
PF00310	PF00578
PF00310	PF00651
PF00310	PF00733
PF00310	PF01000
PF00310	PF01053
PF00310	PF01158
PF00310	PF01193
PF00310	PF01264
PF00310	PF01380
PF00310	PF01381
PF00310	PF01488
PF00310	PF01493
PF00310	PF01546
PF00310	PF01645
PF00310	PF02127
PF00310	PF02798
PF00310	PF02879
PF00310	PF04110
PF00310	PF04898
PF00310	PF07687
PF00310	PF08271
PF00311	PF00311
PF00312	PF00318
PF00312	PF00333
PF00312	PF00378
PF00312	PF00400
PF00312	PF00886
PF00312	PF01248
PF00312	PF01250
PF00312	PF02359
PF00312	PF03719
PF00312	PF03909
PF00312	PF08293
PF00313	PF00313
PF00313	PF00595
PF00313	PF03847
PF00314	PF00314
PF00315	PF00705
PF00316	PF00316
PF00316	PF00514
PF00316	PF01749
PF00316	PF01926
PF00316	PF04670
PF00316	PF08477
PF00317	PF00317
PF00317	PF00382
PF00317	PF00571
PF00317	PF01423
PF00317	PF02867
PF00317	PF03477
PF00317	PF08271
PF00317	PF08343
PF00318	PF00318
PF00318	PF00333
PF00318	PF00338
PF00318	PF00366
PF00318	PF00378
PF00318	PF00380
PF00318	PF00400
PF00318	PF00410
PF00318	PF00411
PF00318	PF00416
PF00318	PF00447
PF00318	PF00501
PF00318	PF00585
PF00318	PF00886
PF00318	PF01092
PF00318	PF01201
PF00318	PF01246
PF00318	PF01249
PF00318	PF01282
PF00318	PF01283
PF00318	PF01479
PF00318	PF01938
PF00318	PF02374
PF00318	PF02777
PF00318	PF03501
PF00318	PF03951
PF00318	PF04108
PF00318	PF04121
PF00318	PF05172
PF00318	PF08293
PF00319	PF00319
PF00319	PF00443
PF00319	PF00520
PF00319	PF00656
PF00319	PF02200
PF00319	PF03540
PF00319	PF03770
PF00319	PF04769
PF00319	PF09047
PF00320	PF00320
PF00320	PF00454
PF00320	PF00679
PF00320	PF00785
PF00320	PF00788
PF00320	PF00806
PF00320	PF00989
PF00320	PF01426
PF00320	PF01448
PF00320	PF02259
PF00320	PF02260
PF00320	PF02798
PF00320	PF05368
PF00320	PF08524
PF00320	PF09340
PF00321	PF00321
PF00322	PF00322
PF00323	PF00323
PF00324	PF00324
PF00324	PF00398
PF00324	PF00400
PF00324	PF00535
PF00324	PF00667
PF00324	PF00674
PF00324	PF00679
PF00324	PF00684
PF00324	PF00690
PF00324	PF00702
PF00324	PF00810
PF00324	PF01066
PF00324	PF01151
PF00324	PF01184
PF00324	PF01556
PF00324	PF01591
PF00324	PF01598
PF00324	PF02775
PF00324	PF03198
PF00324	PF03810
PF00324	PF04004
PF00324	PF04515
PF00324	PF07686
PF00324	PF07690
PF00324	PF07731
PF00324	PF07732
PF00324	PF07983
PF00324	PF08390
PF00325	PF00325
PF00326	PF00326
PF00326	PF00539
PF00326	PF00930
PF00326	PF01423
PF00326	PF02897
PF00326	PF07859
PF00327	PF00347
PF00327	PF00428
PF00327	PF00467
PF00327	PF00573
PF00327	PF00827
PF00327	PF01201
PF00327	PF01294
PF00327	PF01907
PF00327	PF04427
PF00327	PF07679
PF00328	PF00328
PF00328	PF01053
PF00328	PF04099
PF00328	PF04114
PF00329	PF00346
PF00329	PF00374
PF00329	PF01058
PF00330	PF00330
PF00330	PF00400
PF00330	PF00694
PF00330	PF00742
PF00330	PF01028
PF00330	PF01336
PF00330	PF02919
PF00330	PF06434
PF00331	PF00331
PF00331	PF00395
PF00331	PF00404
PF00331	PF00457
PF00331	PF00553
PF00331	PF00652
PF00331	PF00704
PF00331	PF00734
PF00331	PF00756
PF00331	PF00942
PF00331	PF02013
PF00331	PF02018
PF00331	PF03422
PF00331	PF03426
PF00332	PF00332
PF00332	PF00735
PF00332	PF01008
PF00332	PF08271
PF00333	PF00338
PF00333	PF00378
PF00333	PF00380
PF00333	PF00554
PF00333	PF00886
PF00333	PF01142
PF00333	PF01479
PF00333	PF01798
PF00333	PF01833
PF00333	PF01909
PF00333	PF02319
PF00333	PF02777
PF00333	PF03165
PF00333	PF03166
PF00333	PF03719
PF00333	PF03828
PF00333	PF06747
PF00334	PF00334
PF00334	PF00514
PF00334	PF00562
PF00334	PF01248
PF00334	PF01749
PF00334	PF02800
PF00334	PF03332
PF00334	PF03645
PF00334	PF04502
PF00334	PF04563
PF00334	PF05186
PF00334	PF06883
PF00334	PF08477
PF00335	PF00335
PF00335	PF00379
PF00335	PF00515
PF00335	PF01034
PF00335	PF04934
PF00335	PF05387
PF00337	PF00337
PF00337	PF00786
PF00338	PF00338
PF00338	PF00378
PF00338	PF00379
PF00338	PF00380
PF00338	PF00400
PF00338	PF00417
PF00338	PF00467
PF00338	PF00515
PF00338	PF01029
PF00338	PF02017
PF00338	PF02137
PF00338	PF02892
PF00338	PF03501
PF00338	PF03719
PF00338	PF05178
PF00338	PF07650
PF00339	PF00397
PF00339	PF01300
PF00339	PF02752
PF00339	PF04710
PF00339	PF06645
PF00339	PF07645
PF00339	PF07648
PF00340	PF00340
PF00340	PF01582
PF00340	PF05566
PF00340	PF07686
PF00341	PF00341
PF00341	PF00431
PF00341	PF00754
PF00341	PF04692
PF00341	PF07654
PF00341	PF07679
PF00341	PF07686
PF00342	PF00342
PF00342	PF01293
PF00342	PF04114
PF00343	PF00343
PF00343	PF00571
PF00343	PF02735
PF00344	PF00450
PF00344	PF00584
PF00344	PF00831
PF00344	PF01043
PF00344	PF01151
PF00344	PF03840
PF00344	PF03911
PF00344	PF04733
PF00344	PF04769
PF00344	PF05388
PF00344	PF07516
PF00344	PF07517
PF00344	PF07686
PF00344	PF10559
PF00345	PF00345
PF00345	PF00419
PF00345	PF00577
PF00345	PF02050
PF00345	PF02432
PF00345	PF02753
PF00345	PF03628
PF00345	PF09160
PF00345	PF09255
PF00345	PF09460
PF00346	PF00374
PF00346	PF01058
PF00346	PF10588
PF00346	PF11497
PF00347	PF00347
PF00347	PF00400
PF00347	PF00428
PF00347	PF00444
PF00347	PF00466
PF00347	PF00467
PF00347	PF00572
PF00347	PF00573
PF00347	PF00673
PF00347	PF00687
PF00347	PF00826
PF00347	PF00827
PF00347	PF00831
PF00347	PF00928
PF00347	PF00935
PF00347	PF00956
PF00347	PF01158
PF00347	PF01159
PF00347	PF01198
PF00347	PF01246
PF00347	PF01247
PF00347	PF01248
PF00347	PF01280
PF00347	PF01294
PF00347	PF01305
PF00347	PF01775
PF00347	PF01777
PF00347	PF01907
PF00347	PF01912
PF00347	PF01929
PF00347	PF02284
PF00347	PF03946
PF00347	PF03947
PF00347	PF05008
PF00347	PF05047
PF00347	PF07957
PF00348	PF00348
PF00348	PF00498
PF00348	PF01253
PF00348	PF02493
PF00349	PF00349
PF00349	PF00389
PF00349	PF00447
PF00349	PF00806
PF00349	PF00849
PF00349	PF00982
PF00349	PF01496
PF00349	PF01749
PF00349	PF01990
PF00349	PF03435
PF00349	PF03727
PF00349	PF08512
PF00350	PF00350
PF00350	PF00352
PF00350	PF00488
PF00350	PF00505
PF00350	PF00850
PF00350	PF01031
PF00350	PF01331
PF00350	PF01624
PF00350	PF02257
PF00351	PF00351
PF00351	PF00379
PF00351	PF01842
PF00351	PF03046
PF00351	PF03301
PF00352	PF00352
PF00352	PF00365
PF00352	PF00382
PF00352	PF00400
PF00352	PF00428
PF00352	PF00493
PF00352	PF00736
PF00352	PF00752
PF00352	PF00808
PF00352	PF00826
PF00352	PF00827
PF00352	PF00832
PF00352	PF00867
PF00352	PF00900
PF00352	PF00935
PF00352	PF01015
PF00352	PF01031
PF00352	PF01090
PF00352	PF01092
PF00352	PF01096
PF00352	PF01157
PF00352	PF01171
PF00352	PF01172
PF00352	PF01176
PF00352	PF01191
PF00352	PF01193
PF00352	PF01194
PF00352	PF01198
PF00352	PF01200
PF00352	PF01201
PF00352	PF01213
PF00352	PF01246
PF00352	PF01269
PF00352	PF01280
PF00352	PF01282
PF00352	PF01423
PF00352	PF01599
PF00352	PF01655
PF00352	PF01667
PF00352	PF01780
PF00352	PF01798
PF00352	PF01864
PF00352	PF01866
PF00352	PF01870
PF00352	PF01871
PF00352	PF01873
PF00352	PF01875
PF00352	PF01877
PF00352	PF01896
PF00352	PF01902
PF00352	PF01907
PF00352	PF01912
PF00352	PF01916
PF00352	PF01920
PF00352	PF01922
PF00352	PF01946
PF00352	PF01971
PF00352	PF01974
PF00352	PF01981
PF00352	PF01982
PF00352	PF01984
PF00352	PF02002
PF00352	PF02005
PF00352	PF02006
PF00352	PF02150
PF00352	PF02212
PF00352	PF02268
PF00352	PF02269
PF00352	PF02270
PF00352	PF02301
PF00352	PF02359
PF00352	PF02475
PF00352	PF02518
PF00352	PF02598
PF00352	PF02676
PF00352	PF02732
PF00352	PF02751
PF00352	PF02933
PF00352	PF02969
PF00352	PF02996
PF00352	PF03029
PF00352	PF03153
PF00352	PF03367
PF00352	PF03463
PF00352	PF03464
PF00352	PF03465
PF00352	PF03540
PF00352	PF03587
PF00352	PF03847
PF00352	PF03849
PF00352	PF04153
PF00352	PF04614
PF00352	PF04658
PF00352	PF05236
PF00352	PF07524
PF00352	PF07571
PF00352	PF07741
PF00352	PF08271
PF00352	PF08603
PF00352	PF09247
PF00353	PF00353
PF00353	PF08548
PF00354	PF00354
PF00355	PF00355
PF00355	PF00384
PF00355	PF00848
PF00355	PF00866
PF00355	PF01077
PF00355	PF01568
PF00355	PF02921
PF00355	PF03460
PF00355	PF04324
PF00355	PF07686
PF00355	PF08802
PF00355	PF11723
PF00356	PF00356
PF00356	PF00532
PF00357	PF00362
PF00357	PF00412
PF00357	PF08725
PF00358	PF00358
PF00358	PF00367
PF00358	PF00381
PF00358	PF01306
PF00358	PF02378
PF00358	PF02782
PF00358	PF05524
PF00359	PF00359
PF00359	PF00381
PF00359	PF00391
PF00359	PF00874
PF00359	PF02302
PF00359	PF02378
PF00359	PF02379
PF00359	PF02896
PF00359	PF05524
PF00360	PF00360
PF00360	PF00512
PF00360	PF00989
PF00360	PF01590
PF00360	PF08446
PF00361	PF00662
PF00361	PF00961
PF00361	PF06455
PF00362	PF00362
PF00362	PF01839
PF00362	PF03160
PF00362	PF03921
PF00362	PF07965
PF00362	PF07974
PF00364	PF00364
PF00364	PF00515
PF00364	PF00561
PF00364	PF00632
PF00364	PF00682
PF00364	PF00735
PF00364	PF00827
PF00364	PF01000
PF00364	PF01039
PF00364	PF01134
PF00364	PF01193
PF00364	PF01248
PF00364	PF01423
PF00364	PF01425
PF00364	PF01749
PF00364	PF02204
PF00364	PF02237
PF00364	PF02436
PF00364	PF02626
PF00364	PF02682
PF00364	PF02735
PF00364	PF02772
PF00364	PF02779
PF00364	PF02780
PF00364	PF02785
PF00364	PF02786
PF00364	PF02852
PF00364	PF03099
PF00364	PF03730
PF00364	PF03731
PF00364	PF03797
PF00364	PF04108
PF00364	PF07196
PF00365	PF00365
PF00365	PF00400
PF00365	PF00633
PF00365	PF01423
PF00365	PF01472
PF00365	PF01488
PF00365	PF01509
PF00365	PF01761
PF00365	PF03501
PF00365	PF08068
PF00366	PF00378
PF00366	PF00400
PF00366	PF00410
PF00366	PF00581
PF00366	PF00685
PF00366	PF00886
PF00366	PF02214
PF00366	PF05826
PF00366	PF07289
PF00366	PF08293
PF00367	PF00367
PF00367	PF00480
PF00367	PF02378
PF00368	PF00368
PF00370	PF00370
PF00370	PF01008
PF00370	PF02782
PF00370	PF05997
PF00372	PF00372
PF00372	PF03722
PF00372	PF03723
PF00373	PF00373
PF00373	PF00397
PF00373	PF00595
PF00373	PF00769
PF00373	PF00887
PF00373	PF01608
PF00373	PF02174
PF00373	PF07714
PF00373	PF08725
PF00373	PF09007
PF00373	PF09379
PF00373	PF09380
PF00374	PF00374
PF00374	PF01058
PF00374	PF01155
PF00374	PF01455
PF00374	PF01750
PF00374	PF01924
PF00374	PF08425
PF00375	PF00375
PF00375	PF05764
PF00376	PF00376
PF00376	PF00550
PF00376	PF00991
PF00376	PF09278
PF00377	PF00377
PF00377	PF07686
PF00378	PF00378
PF00378	PF00385
PF00378	PF00551
PF00378	PF00725
PF00378	PF00887
PF00378	PF00917
PF00378	PF01393
PF00378	PF01765
PF00378	PF02301
PF00378	PF02737
PF00378	PF02852
PF00378	PF02911
PF00378	PF04051
PF00378	PF04121
PF00378	PF04695
PF00378	PF05387
PF00378	PF08477
PF00379	PF00379
PF00379	PF00412
PF00379	PF00515
PF00379	PF00627
PF00379	PF00651
PF00379	PF00929
PF00379	PF01198
PF00379	PF01199
PF00379	PF01283
PF00379	PF01327
PF00379	PF01585
PF00379	PF01805
PF00379	PF02045
PF00379	PF02301
PF00379	PF02921
PF00379	PF03145
PF00379	PF03501
PF00379	PF04044
PF00379	PF04243
PF00379	PF04379
PF00379	PF04667
PF00379	PF04710
PF00379	PF05383
PF00379	PF05964
PF00380	PF00400
PF00380	PF00467
PF00380	PF00572
PF00380	PF00886
PF00380	PF01015
PF00380	PF01092
PF00380	PF01247
PF00380	PF01667
PF00380	PF02319
PF00380	PF02482
PF00380	PF03501
PF00380	PF03719
PF00380	PF03931
PF00380	PF03940
PF00380	PF08293
PF00381	PF00381
PF00381	PF00391
PF00381	PF00532
PF00381	PF02896
PF00381	PF03610
PF00381	PF05524
PF00381	PF07475
PF00381	PF07686
PF00382	PF00382
PF00382	PF00397
PF00382	PF00400
PF00382	PF00428
PF00382	PF00493
PF00382	PF00639
PF00382	PF00660
PF00382	PF00674
PF00382	PF00736
PF00382	PF00752
PF00382	PF00826
PF00382	PF00827
PF00382	PF00832
PF00382	PF00867
PF00382	PF00899
PF00382	PF00900
PF00382	PF00935
PF00382	PF00970
PF00382	PF01015
PF00382	PF01090
PF00382	PF01092
PF00382	PF01096
PF00382	PF01157
PF00382	PF01171
PF00382	PF01172
PF00382	PF01176
PF00382	PF01191
PF00382	PF01193
PF00382	PF01194
PF00382	PF01198
PF00382	PF01200
PF00382	PF01201
PF00382	PF01246
PF00382	PF01251
PF00382	PF01269
PF00382	PF01280
PF00382	PF01282
PF00382	PF01399
PF00382	PF01423
PF00382	PF01493
PF00382	PF01599
PF00382	PF01655
PF00382	PF01667
PF00382	PF01738
PF00382	PF01765
PF00382	PF01780
PF00382	PF01798
PF00382	PF01864
PF00382	PF01866
PF00382	PF01870
PF00382	PF01871
PF00382	PF01873
PF00382	PF01875
PF00382	PF01877
PF00382	PF01896
PF00382	PF01902
PF00382	PF01907
PF00382	PF01912
PF00382	PF01916
PF00382	PF01920
PF00382	PF01922
PF00382	PF01946
PF00382	PF01971
PF00382	PF01974
PF00382	PF01981
PF00382	PF01982
PF00382	PF01984
PF00382	PF02002
PF00382	PF02005
PF00382	PF02006
PF00382	PF02020
PF00382	PF02134
PF00382	PF02150
PF00382	PF02268
PF00382	PF02359
PF00382	PF02475
PF00382	PF02535
PF00382	PF02598
PF00382	PF02676
PF00382	PF02732
PF00382	PF02933
PF00382	PF02996
PF00382	PF03029
PF00382	PF03153
PF00382	PF03367
PF00382	PF03463
PF00382	PF03464
PF00382	PF03465
PF00382	PF03587
PF00382	PF03820
PF00382	PF03839
PF00382	PF04078
PF00382	PF04128
PF00382	PF04130
PF00382	PF04157
PF00382	PF04438
PF00382	PF04479
PF00382	PF04506
PF00382	PF04563
PF00382	PF04718
PF00382	PF04756
PF00382	PF05648
PF00382	PF07992
PF00382	PF08537
PF00382	PF08637
PF00382	PF08987
PF00382	PF12149
PF00383	PF00383
PF00383	PF00467
PF00383	PF00514
PF00383	PF00849
PF00383	PF01008
PF00383	PF01749
PF00383	PF01872
PF00383	PF02204
PF00383	PF03114
PF00383	PF03870
PF00383	PF05240
PF00383	PF07690
PF00383	PF08211
PF00383	PF08271
PF00383	PF08477
PF00384	PF00384
PF00384	PF01568
PF00384	PF01967
PF00384	PF02391
PF00384	PF03453
PF00384	PF03454
PF00384	PF03892
PF00384	PF04324
PF00384	PF04879
PF00384	PF05738
PF00385	PF00385
PF00385	PF00628
PF00385	PF00856
PF00385	PF01222
PF00385	PF01342
PF00385	PF02178
PF00385	PF03172
PF00385	PF05033
PF00386	PF00386
PF00386	PF01391
PF00387	PF00388
PF00387	PF00595
PF00387	PF00617
PF00387	PF00788
PF00387	PF07714
PF00387	PF09279
PF00388	PF00388
PF00388	PF00595
PF00388	PF00617
PF00388	PF00788
PF00388	PF03630
PF00388	PF03663
PF00388	PF07714
PF00388	PF09279
PF00389	PF00389
PF00389	PF00400
PF00389	PF00439
PF00389	PF00557
PF00389	PF00572
PF00389	PF00573
PF00389	PF00627
PF00389	PF00687
PF00389	PF00793
PF00389	PF00850
PF00389	PF01087
PF00389	PF01412
PF00389	PF01598
PF00389	PF01842
PF00389	PF01912
PF00389	PF01926
PF00389	PF01990
PF00389	PF02744
PF00389	PF02779
PF00389	PF02826
PF00389	PF03015
PF00389	PF03348
PF00389	PF03463
PF00389	PF03465
PF00389	PF03953
PF00389	PF05020
PF00389	PF05021
PF00389	PF05195
PF00389	PF07690
PF00389	PF08438
PF00389	PF08544
PF00389	PF11890
PF00390	PF00390
PF00390	PF01113
PF00390	PF01515
PF00390	PF01992
PF00390	PF03949
PF00390	PF04053
PF00391	PF00391
PF00391	PF00871
PF00391	PF01326
PF00391	PF01590
PF00391	PF02887
PF00391	PF02896
PF00391	PF03610
PF00391	PF05524
PF00392	PF00392
PF00392	PF00532
PF00392	PF07702
PF00392	PF07729
PF00392	PF07840
PF00393	PF00393
PF00393	PF00400
PF00393	PF01000
PF00393	PF01193
PF00393	PF02922
PF00393	PF03446
PF00394	PF00394
PF00394	PF00754
PF00394	PF04106
PF00394	PF04110
PF00394	PF07690
PF00394	PF07731
PF00394	PF07732
PF00395	PF00963
PF00395	PF01520
PF00395	PF02018
PF00395	PF02903
PF00395	PF06452
PF00397	PF00397
PF00397	PF00400
PF00397	PF00435
PF00397	PF00462
PF00397	PF00515
PF00397	PF00569
PF00397	PF00595
PF00397	PF00611
PF00397	PF00612
PF00397	PF00616
PF00397	PF00620
PF00397	PF00623
PF00397	PF00625
PF00397	PF00632
PF00397	PF00639
PF00397	PF00640
PF00397	PF00696
PF00397	PF00769
PF00397	PF00784
PF00397	PF00806
PF00397	PF01000
PF00397	PF01193
PF00397	PF01423
PF00397	PF01472
PF00397	PF01704
PF00397	PF01833
PF00397	PF01846
PF00397	PF01854
PF00397	PF02136
PF00397	PF02179
PF00397	PF02197
PF00397	PF02201
PF00397	PF02854
PF00397	PF03836
PF00397	PF04983
PF00397	PF04990
PF00397	PF04992
PF00397	PF04997
PF00397	PF04998
PF00397	PF05000
PF00397	PF05454
PF00397	PF08271
PF00397	PF08477
PF00397	PF09068
PF00398	PF00398
PF00398	PF00940
PF00398	PF03909
PF00398	PF04180
PF00398	PF08567
PF00399	PF00400
PF00399	PF00611
PF00399	PF00660
PF00399	PF01205
PF00399	PF01699
PF00399	PF01992
PF00399	PF02002
PF00399	PF03733
PF00399	PF03953
PF00399	PF05832
PF00400	PF00400
PF00400	PF00408
PF00400	PF00410
PF00400	PF00411
PF00400	PF00415
PF00400	PF00416
PF00400	PF00428
PF00400	PF00433
PF00400	PF00439
PF00400	PF00442
PF00400	PF00443
PF00400	PF00447
PF00400	PF00448
PF00400	PF00454
PF00400	PF00498
PF00400	PF00503
PF00400	PF00505
PF00400	PF00514
PF00400	PF00515
PF00400	PF00533
PF00400	PF00534
PF00400	PF00536
PF00400	PF00557
PF00400	PF00560
PF00400	PF00561
PF00400	PF00562
PF00400	PF00568
PF00400	PF00571
PF00400	PF00575
PF00400	PF00578
PF00400	PF00583
PF00400	PF00587
PF00400	PF00588
PF00400	PF00610
PF00400	PF00612
PF00400	PF00615
PF00400	PF00619
PF00400	PF00620
PF00400	PF00621
PF00400	PF00622
PF00400	PF00623
PF00400	PF00626
PF00400	PF00627
PF00400	PF00628
PF00400	PF00631
PF00400	PF00632
PF00400	PF00633
PF00400	PF00636
PF00400	PF00637
PF00400	PF00642
PF00400	PF00646
PF00400	PF00647
PF00400	PF00657
PF00400	PF00660
PF00400	PF00676
PF00400	PF00682
PF00400	PF00687
PF00400	PF00694
PF00400	PF00696
PF00400	PF00702
PF00400	PF00719
PF00400	PF00730
PF00400	PF00731
PF00400	PF00735
PF00400	PF00753
PF00400	PF00789
PF00400	PF00804
PF00400	PF00806
PF00400	PF00833
PF00400	PF00838
PF00400	PF00850
PF00400	PF00856
PF00400	PF00888
PF00400	PF00917
PF00400	PF00928
PF00400	PF00931
PF00400	PF00982
PF00400	PF01008
PF00400	PF01015
PF00400	PF01018
PF00400	PF01026
PF00400	PF01040
PF00400	PF01068
PF00400	PF01090
PF00400	PF01092
PF00400	PF01105
PF00400	PF01125
PF00400	PF01167
PF00400	PF01169
PF00400	PF01189
PF00400	PF01200
PF00400	PF01201
PF00400	PF01213
PF00400	PF01214
PF00400	PF01215
PF00400	PF01217
PF00400	PF01237
PF00400	PF01248
PF00400	PF01249
PF00400	PF01253
PF00400	PF01269
PF00400	PF01282
PF00400	PF01283
PF00400	PF01294
PF00400	PF01302
PF00400	PF01336
PF00400	PF01344
PF00400	PF01363
PF00400	PF01391
PF00400	PF01398
PF00400	PF01399
PF00400	PF01412
PF00400	PF01417
PF00400	PF01423
PF00400	PF01433
PF00400	PF01459
PF00400	PF01466
PF00400	PF01467
PF00400	PF01469
PF00400	PF01472
PF00400	PF01479
PF00400	PF01490
PF00400	PF01507
PF00400	PF01509
PF00400	PF01532
PF00400	PF01546
PF00400	PF01556
PF00400	PF01571
PF00400	PF01602
PF00400	PF01603
PF00400	PF01652
PF00400	PF01667
PF00400	PF01749
PF00400	PF01756
PF00400	PF01777
PF00400	PF01793
PF00400	PF01798
PF00400	PF01842
PF00400	PF01846
PF00400	PF01849
PF00400	PF01851
PF00400	PF01854
PF00400	PF01910
PF00400	PF01912
PF00400	PF01991
PF00400	PF01992
PF00400	PF02000
PF00400	PF02045
PF00400	PF02094
PF00400	PF02114
PF00400	PF02127
PF00400	PF02138
PF00400	PF02205
PF00400	PF02207
PF00400	PF02209
PF00400	PF02225
PF00400	PF02259
PF00400	PF02260
PF00400	PF02291
PF00400	PF02301
PF00400	PF02359
PF00400	PF02390
PF00400	PF02518
PF00400	PF02567
PF00400	PF02581
PF00400	PF02630
PF00400	PF02671
PF00400	PF02714
PF00400	PF02731
PF00400	PF02732
PF00400	PF02735
PF00400	PF02779
PF00400	PF02780
PF00400	PF02798
PF00400	PF02809
PF00400	PF02816
PF00400	PF02826
PF00400	PF02874
PF00400	PF02878
PF00400	PF02879
PF00400	PF02880
PF00400	PF02881
PF00400	PF02893
PF00400	PF02969
PF00400	PF02978
PF00400	PF02984
PF00400	PF02985
PF00400	PF03061
PF00400	PF03114
PF00400	PF03129
PF00400	PF03130
PF00400	PF03166
PF00400	PF03178
PF00400	PF03226
PF00400	PF03227
PF00400	PF03297
PF00400	PF03332
PF00400	PF03540
PF00400	PF03607
PF00400	PF03813
PF00400	PF03847
PF00400	PF03920
PF00400	PF03931
PF00400	PF03947
PF00400	PF03950
PF00400	PF03980
PF00400	PF04000
PF00400	PF04003
PF00400	PF04006
PF00400	PF04047
PF00400	PF04053
PF00400	PF04054
PF00400	PF04096
PF00400	PF04121
PF00400	PF04147
PF00400	PF04192
PF00400	PF04406
PF00400	PF04408
PF00400	PF04427
PF00400	PF04433
PF00400	PF04438
PF00400	PF04502
PF00400	PF04503
PF00400	PF04560
PF00400	PF04561
PF00400	PF04563
PF00400	PF04565
PF00400	PF04567
PF00400	PF04597
PF00400	PF04699
PF00400	PF04729
PF00400	PF04733
PF00400	PF04810
PF00400	PF04855
PF00400	PF04912
PF00400	PF04926
PF00400	PF04931
PF00400	PF04997
PF00400	PF05032
PF00400	PF05064
PF00400	PF05127
PF00400	PF05182
PF00400	PF05186
PF00400	PF05203
PF00400	PF05204
PF00400	PF05205
PF00400	PF05291
PF00400	PF05387
PF00400	PF05422
PF00400	PF05482
PF00400	PF05625
PF00400	PF05729
PF00400	PF05739
PF00400	PF05794
PF00400	PF05843
PF00400	PF05856
PF00400	PF05873
PF00400	PF06218
PF00400	PF06246
PF00400	PF06881
PF00400	PF06985
PF00400	PF07525
PF00400	PF07527
PF00400	PF07575
PF00400	PF07645
PF00400	PF08060
PF00400	PF08171
PF00400	PF08271
PF00400	PF08297
PF00400	PF08322
PF00400	PF08609
PF00400	PF08642
PF00400	PF08662
PF00400	PF08953
PF00400	PF08954
PF00400	PF09295
PF00400	PF11616
PF00400	PF12110
PF00400	PF12265
PF00401	PF00401
PF00401	PF01095
PF00401	PF01278
PF00401	PF02050
PF00401	PF02120
PF00401	PF02203
PF00401	PF02264
PF00401	PF02311
PF00401	PF02413
PF00401	PF02823
PF00401	PF03400
PF00401	PF03811
PF00401	PF03846
PF00401	PF03966
PF00401	PF04627
PF00401	PF06046
PF00401	PF07393
PF00403	PF00403
PF00403	PF00702
PF00403	PF00755
PF00403	PF02852
PF00403	PF08690
PF00404	PF00404
PF00404	PF00759
PF00404	PF00942
PF00404	PF00963
PF00404	PF01373
PF00404	PF01670
PF00404	PF02018
PF00404	PF12135
PF00405	PF00405
PF00405	PF00969
PF00405	PF00993
PF00405	PF02225
PF00405	PF04253
PF00405	PF04389
PF00406	PF00406
PF00406	PF00762
PF00406	PF00806
PF00406	PF01168
PF00406	PF01712
PF00406	PF02224
PF00406	PF03357
PF00406	PF05186
PF00406	PF05191
PF00406	PF06414
PF00406	PF07714
PF00407	PF00407
PF00407	PF07654
PF00407	PF07686
PF00408	PF00515
PF00408	PF02878
PF00408	PF02879
PF00408	PF02880
PF00408	PF08542
PF00410	PF00410
PF00410	PF00651
PF00410	PF01096
PF00410	PF01399
PF00410	PF01652
PF00410	PF01658
PF00410	PF02150
PF00410	PF02854
PF00410	PF03719
PF00410	PF03931
PF00410	PF03947
PF00410	PF04129
PF00410	PF05470
PF00410	PF07994
PF00411	PF00707
PF00411	PF00753
PF00411	PF01084
PF00411	PF01090
PF00411	PF01165
PF00411	PF01251
PF00411	PF01479
PF00411	PF03501
PF00411	PF03947
PF00411	PF06419
PF00411	PF07650
PF00412	PF00412
PF00412	PF00467
PF00412	PF00481
PF00412	PF00568
PF00412	PF00595
PF00412	PF00615
PF00412	PF00620
PF00412	PF00628
PF00412	PF00641
PF00412	PF00880
PF00412	PF01412
PF00412	PF01423
PF00412	PF01500
PF00412	PF01585
PF00412	PF01607
PF00412	PF01803
PF00412	PF01839
PF00412	PF03144
PF00412	PF03297
PF00412	PF03735
PF00412	PF04421
PF00412	PF05158
PF00412	PF07648
PF00413	PF00413
PF00413	PF00965
PF00413	PF01471
PF00413	PF02974
PF00413	PF03933
PF00413	PF08548
PF00415	PF00415
PF00415	PF00443
PF00415	PF00632
PF00415	PF00638
PF00415	PF01466
PF00415	PF02790
PF00416	PF00416
PF00416	PF00467
PF00416	PF00970
PF00416	PF01084
PF00416	PF01090
PF00416	PF01115
PF00416	PF01667
PF00416	PF02518
PF00416	PF05291
PF00416	PF08597
PF00417	PF00436
PF00417	PF00453
PF00417	PF00468
PF00417	PF00471
PF00417	PF00472
PF00417	PF00476
PF00417	PF00533
PF00417	PF00542
PF00417	PF00550
PF00417	PF00574
PF00417	PF00636
PF00417	PF00707
PF00417	PF00712
PF00417	PF00772
PF00417	PF00825
PF00417	PF00829
PF00417	PF00830
PF00417	PF00849
PF00417	PF00886
PF00417	PF00889
PF00417	PF00905
PF00417	PF00912
PF00417	PF01000
PF00417	PF01016
PF00417	PF01029
PF00417	PF01043
PF00417	PF01084
PF00417	PF01098
PF00417	PF01121
PF00417	PF01132
PF00417	PF01134
PF00417	PF01148
PF00417	PF01195
PF00417	PF01196
PF00417	PF01225
PF00417	PF01245
PF00417	PF01250
PF00417	PF01252
PF00417	PF01281
PF00417	PF01305
PF00417	PF01327
PF00417	PF01367
PF00417	PF01434
PF00417	PF01476
PF00417	PF01553
PF00417	PF01632
PF00417	PF01649
PF00417	PF01653
PF00417	PF01668
PF00417	PF01709
PF00417	PF01715
PF00417	PF01743
PF00417	PF01746
PF00417	PF01765
PF00417	PF01782
PF00417	PF01790
PF00417	PF01795
PF00417	PF01807
PF00417	PF02096
PF00417	PF02224
PF00417	PF02357
PF00417	PF02367
PF00417	PF02390
PF00417	PF02410
PF00417	PF02473
PF00417	PF02527
PF00417	PF02575
PF00417	PF02739
PF00417	PF02767
PF00417	PF02768
PF00417	PF02873
PF00417	PF02904
PF00417	PF02911
PF00417	PF02912
PF00417	PF03033
PF00417	PF03054
PF00417	PF03118
PF00417	PF03120
PF00417	PF03461
PF00417	PF03462
PF00417	PF03471
PF00417	PF03602
PF00417	PF03652
PF00417	PF03717
PF00417	PF03772
PF00417	PF03796
PF00417	PF03840
PF00417	PF07650
PF00418	PF02197
PF00419	PF00419
PF00419	PF00577
PF00419	PF02050
PF00419	PF02753
PF00419	PF09160
PF00419	PF09222
PF00420	PF00507
PF00420	PF00662
PF00421	PF00421
PF00421	PF00737
PF00421	PF01405
PF00421	PF01716
PF00421	PF01737
PF00421	PF01788
PF00421	PF02419
PF00421	PF02532
PF00421	PF02533
PF00421	PF05151
PF00421	PF06514
PF00423	PF00423
PF00423	PF00509
PF00423	PF00812
PF00423	PF00979
PF00424	PF00424
PF00424	PF07686
PF00425	PF00425
PF00425	PF00586
PF00425	PF00709
PF00425	PF01071
PF00425	PF01180
PF00425	PF01652
PF00425	PF01842
PF00425	PF02769
PF00425	PF02826
PF00425	PF04715
PF00425	PF06437
PF00426	PF00426
PF00427	PF00427
PF00427	PF00502
PF00427	PF01383
PF00428	PF00428
PF00428	PF00466
PF00428	PF00467
PF00428	PF00493
PF00428	PF00542
PF00428	PF00572
PF00428	PF00573
PF00428	PF00673
PF00428	PF00687
PF00428	PF00736
PF00428	PF00752
PF00428	PF00826
PF00428	PF00827
PF00428	PF00828
PF00428	PF00831
PF00428	PF00832
PF00428	PF00867
PF00428	PF00883
PF00428	PF00900
PF00428	PF00935
PF00428	PF01015
PF00428	PF01090
PF00428	PF01092
PF00428	PF01096
PF00428	PF01115
PF00428	PF01157
PF00428	PF01159
PF00428	PF01171
PF00428	PF01172
PF00428	PF01176
PF00428	PF01191
PF00428	PF01193
PF00428	PF01194
PF00428	PF01198
PF00428	PF01199
PF00428	PF01200
PF00428	PF01201
PF00428	PF01223
PF00428	PF01246
PF00428	PF01247
PF00428	PF01248
PF00428	PF01269
PF00428	PF01280
PF00428	PF01282
PF00428	PF01287
PF00428	PF01294
PF00428	PF01305
PF00428	PF01423
PF00428	PF01599
PF00428	PF01655
PF00428	PF01667
PF00428	PF01775
PF00428	PF01777
PF00428	PF01780
PF00428	PF01781
PF00428	PF01798
PF00428	PF01864
PF00428	PF01866
PF00428	PF01870
PF00428	PF01871
PF00428	PF01873
PF00428	PF01875
PF00428	PF01877
PF00428	PF01896
PF00428	PF01902
PF00428	PF01907
PF00428	PF01912
PF00428	PF01916
PF00428	PF01920
PF00428	PF01922
PF00428	PF01929
PF00428	PF01946
PF00428	PF01971
PF00428	PF01974
PF00428	PF01981
PF00428	PF01982
PF00428	PF01984
PF00428	PF02002
PF00428	PF02005
PF00428	PF02006
PF00428	PF02150
PF00428	PF02284
PF00428	PF02359
PF00428	PF02475
PF00428	PF02598
PF00428	PF02676
PF00428	PF02732
PF00428	PF02933
PF00428	PF02996
PF00428	PF03029
PF00428	PF03357
PF00428	PF03367
PF00428	PF03463
PF00428	PF03464
PF00428	PF03465
PF00428	PF03587
PF00428	PF03939
PF00428	PF03946
PF00428	PF03947
PF00428	PF04047
PF00428	PF04098
PF00428	PF04757
PF00428	PF06420
PF00428	PF06645
PF00428	PF07645
PF00428	PF08079
PF00428	PF08271
PF00428	PF08534
PF00428	PF08552
PF00428	PF08661
PF00428	PF08698
PF00429	PF00429
PF00429	PF01547
PF00430	PF00430
PF00431	PF00431
PF00431	PF00530
PF00431	PF00629
PF00431	PF00754
PF00431	PF01122
PF00431	PF01344
PF00431	PF01382
PF00431	PF01390
PF00431	PF01400
PF00431	PF01437
PF00431	PF01759
PF00431	PF01822
PF00431	PF07645
PF00431	PF07686
PF00432	PF00432
PF00432	PF00560
PF00432	PF00651
PF00432	PF00876
PF00432	PF01019
PF00432	PF01239
PF00432	PF02045
PF00432	PF05739
PF00432	PF06784
PF00432	PF07711
PF00433	PF00433
PF00433	PF00439
PF00433	PF00564
PF00433	PF00595
PF00433	PF00615
PF00433	PF00757
PF00433	PF00787
PF00433	PF00806
PF00433	PF01992
PF00433	PF02185
PF00433	PF02196
PF00433	PF02201
PF00433	PF02816
PF00433	PF02827
PF00434	PF00434
PF00434	PF07686
PF00435	PF00435
PF00435	PF00569
PF00435	PF00621
PF00435	PF00681
PF00435	PF00791
PF00435	PF00810
PF00435	PF02187
PF00435	PF02524
PF00435	PF02984
PF00435	PF03501
PF00435	PF07645
PF00435	PF08726
PF00436	PF00436
PF00436	PF00453
PF00436	PF00468
PF00436	PF00471
PF00436	PF00472
PF00436	PF00476
PF00436	PF00533
PF00436	PF00542
PF00436	PF00550
PF00436	PF00569
PF00436	PF00574
PF00436	PF00636
PF00436	PF00707
PF00436	PF00712
PF00436	PF00772
PF00436	PF00829
PF00436	PF00830
PF00436	PF00849
PF00436	PF00886
PF00436	PF00889
PF00436	PF00905
PF00436	PF01000
PF00436	PF01016
PF00436	PF01043
PF00436	PF01084
PF00436	PF01098
PF00436	PF01121
PF00436	PF01132
PF00436	PF01134
PF00436	PF01148
PF00436	PF01195
PF00436	PF01196
PF00436	PF01207
PF00436	PF01245
PF00436	PF01250
PF00436	PF01252
PF00436	PF01261
PF00436	PF01281
PF00436	PF01305
PF00436	PF01327
PF00436	PF01367
PF00436	PF01434
PF00436	PF01476
PF00436	PF01553
PF00436	PF01632
PF00436	PF01648
PF00436	PF01649
PF00436	PF01653
PF00436	PF01668
PF00436	PF01687
PF00436	PF01709
PF00436	PF01715
PF00436	PF01743
PF00436	PF01746
PF00436	PF01765
PF00436	PF01790
PF00436	PF01795
PF00436	PF01807
PF00436	PF02096
PF00436	PF02224
PF00436	PF02357
PF00436	PF02367
PF00436	PF02390
PF00436	PF02527
PF00436	PF02575
PF00436	PF02739
PF00436	PF02767
PF00436	PF02768
PF00436	PF02772
PF00436	PF02773
PF00436	PF02873
PF00436	PF02904
PF00436	PF02911
PF00436	PF03033
PF00436	PF03054
PF00436	PF03118
PF00436	PF03120
PF00436	PF03372
PF00436	PF03461
PF00436	PF03462
PF00436	PF03471
PF00436	PF03602
PF00436	PF03652
PF00436	PF03717
PF00436	PF03772
PF00436	PF03796
PF00436	PF03840
PF00436	PF04098
PF00436	PF06645
PF00437	PF00437
PF00437	PF05157
PF00438	PF00438
PF00438	PF01154
PF00438	PF01502
PF00438	PF01503
PF00438	PF02190
PF00438	PF02204
PF00438	PF02736
PF00438	PF02772
PF00438	PF02773
PF00438	PF04715
PF00438	PF05291
PF00438	PF06418
PF00438	PF07724
PF00438	PF08540
PF00439	PF00439
PF00439	PF00454
PF00439	PF00505
PF00439	PF00554
PF00439	PF00569
PF00439	PF00583
PF00439	PF00620
PF00439	PF00621
PF00439	PF00628
PF00439	PF00643
PF00439	PF00651
PF00439	PF00757
PF00439	PF00783
PF00439	PF00850
PF00439	PF00855
PF00439	PF00856
PF00439	PF01030
PF00439	PF01049
PF00439	PF01079
PF00439	PF01085
PF00439	PF01253
PF00439	PF01342
PF00439	PF01399
PF00439	PF01416
PF00439	PF01426
PF00439	PF01429
PF00439	PF01466
PF00439	PF01753
PF00439	PF01833
PF00439	PF02178
PF00439	PF02198
PF00439	PF02201
PF00439	PF02210
PF00439	PF02257
PF00439	PF02259
PF00439	PF02291
PF00439	PF02319
PF00439	PF02383
PF00439	PF02791
PF00439	PF02826
PF00439	PF02969
PF00439	PF03166
PF00439	PF03172
PF00439	PF03540
PF00439	PF03847
PF00439	PF04433
PF00439	PF04494
PF00439	PF04729
PF00439	PF05964
PF00439	PF06001
PF00439	PF07529
PF00439	PF07533
PF00439	PF07571
PF00439	PF07714
PF00439	PF08209
PF00439	PF08513
PF00439	PF08624
PF00440	PF00440
PF00440	PF02909
PF00440	PF08359
PF00440	PF08360
PF00440	PF08361
PF00440	PF08362
PF00440	PF09209
PF00441	PF00441
PF00441	PF00725
PF00441	PF00766
PF00441	PF01756
PF00441	PF02737
PF00441	PF02770
PF00441	PF02771
PF00441	PF07645
PF00442	PF00610
PF00442	PF01399
PF00442	PF02136
PF00443	PF00443
PF00443	PF00554
PF00443	PF00581
PF00443	PF00610
PF00443	PF00612
PF00443	PF00627
PF00443	PF00660
PF00443	PF00917
PF00443	PF00929
PF00443	PF01015
PF00443	PF01088
PF00443	PF01267
PF00443	PF01399
PF00443	PF01532
PF00443	PF01753
PF00443	PF01805
PF00443	PF02136
PF00443	PF02148
PF00443	PF02291
PF00443	PF02463
PF00443	PF02809
PF00443	PF04423
PF00443	PF05160
PF00443	PF07479
PF00443	PF07714
PF00443	PF08209
PF00443	PF10163
PF00444	PF00572
PF00444	PF00573
PF00444	PF00636
PF00444	PF00687
PF00444	PF01016
PF00444	PF01196
PF00444	PF05046
PF00444	PF05047
PF00445	PF00445
PF00447	PF00447
PF00447	PF00515
PF00447	PF01412
PF00447	PF07719
PF00447	PF07942
PF00447	PF08633
PF00447	PF08728
PF00448	PF00448
PF00448	PF00515
PF00448	PF02222
PF00448	PF02735
PF00448	PF02881
PF00448	PF02978
PF00449	PF00449
PF00449	PF00547
PF00449	PF00699
PF00449	PF01979
PF00449	PF02802
PF00449	PF02814
PF00449	PF05194
PF00450	PF00450
PF00450	PF00806
PF00450	PF01161
PF00450	PF01521
PF00450	PF03676
PF00450	PF05008
PF00450	PF05997
PF00450	PF06723
PF00450	PF08022
PF00451	PF00451
PF00451	PF07885
PF00452	PF00452
PF00452	PF00619
PF00452	PF00931
PF00452	PF02180
PF00452	PF03006
PF00452	PF06393
PF00452	PF08945
PF00452	PF10514
PF00452	PF11430
PF00453	PF00453
PF00453	PF00468
PF00453	PF00471
PF00453	PF00472
PF00453	PF00476
PF00453	PF00533
PF00453	PF00542
PF00453	PF00550
PF00453	PF00572
PF00453	PF00574
PF00453	PF00636
PF00453	PF00707
PF00453	PF00712
PF00453	PF00772
PF00453	PF00825
PF00453	PF00829
PF00453	PF00830
PF00453	PF00849
PF00453	PF00886
PF00453	PF00889
PF00453	PF00905
PF00453	PF00912
PF00453	PF01000
PF00453	PF01016
PF00453	PF01029
PF00453	PF01043
PF00453	PF01084
PF00453	PF01098
PF00453	PF01121
PF00453	PF01132
PF00453	PF01134
PF00453	PF01148
PF00453	PF01195
PF00453	PF01196
PF00453	PF01225
PF00453	PF01245
PF00453	PF01250
PF00453	PF01252
PF00453	PF01281
PF00453	PF01305
PF00453	PF01327
PF00453	PF01367
PF00453	PF01434
PF00453	PF01476
PF00453	PF01553
PF00453	PF01632
PF00453	PF01649
PF00453	PF01653
PF00453	PF01668
PF00453	PF01709
PF00453	PF01715
PF00453	PF01743
PF00453	PF01746
PF00453	PF01765
PF00453	PF01782
PF00453	PF01790
PF00453	PF01795
PF00453	PF01807
PF00453	PF02096
PF00453	PF02224
PF00453	PF02357
PF00453	PF02367
PF00453	PF02390
PF00453	PF02410
PF00453	PF02473
PF00453	PF02527
PF00453	PF02575
PF00453	PF02739
PF00453	PF02767
PF00453	PF02768
PF00453	PF02873
PF00453	PF02904
PF00453	PF02911
PF00453	PF02912
PF00453	PF03033
PF00453	PF03054
PF00453	PF03118
PF00453	PF03120
PF00453	PF03461
PF00453	PF03462
PF00453	PF03471
PF00453	PF03602
PF00453	PF03652
PF00453	PF03717
PF00453	PF03772
PF00453	PF03796
PF00453	PF03840
PF00454	PF00454
PF00454	PF00488
PF00454	PF00515
PF00454	PF00613
PF00454	PF00749
PF00454	PF00787
PF00454	PF00792
PF00454	PF00794
PF00454	PF01336
PF00454	PF01624
PF00454	PF02291
PF00454	PF02969
PF00454	PF03540
PF00454	PF03847
PF00455	PF00455
PF00455	PF06026
PF00456	PF00456
PF00456	PF01992
PF00456	PF02779
PF00456	PF02780
PF00457	PF00457
PF00457	PF00553
PF00457	PF00704
PF00457	PF00722
PF00457	PF01522
PF00457	PF02013
PF00457	PF02018
PF00457	PF03422
PF00458	PF00458
PF00458	PF00579
PF00458	PF00587
PF00458	PF00749
PF00458	PF03129
PF00458	PF03950
PF00459	PF00459
PF00459	PF01159
PF00459	PF01221
PF00459	PF01513
PF00460	PF00551
PF00460	PF00669
PF00460	PF00700
PF00460	PF00771
PF00460	PF00813
PF00460	PF01052
PF00460	PF01311
PF00460	PF01312
PF00460	PF01313
PF00460	PF01514
PF00460	PF02049
PF00460	PF02321
PF00460	PF02506
PF00460	PF06429
PF00460	PF07196
PF00461	PF00533
PF00461	PF00698
PF00461	PF01168
PF00461	PF01202
PF00461	PF01715
PF00461	PF01743
PF00461	PF02801
PF00461	PF02823
PF00461	PF02912
PF00461	PF03147
PF00462	PF00462
PF00462	PF00578
PF00462	PF00611
PF00462	PF00806
PF00462	PF00928
PF00462	PF01115
PF00462	PF01412
PF00462	PF01722
PF00462	PF02374
PF00462	PF05768
PF00462	PF07992
PF00462	PF08271
PF00462	PF08534
PF00463	PF00463
PF00463	PF00591
PF00463	PF01274
PF00463	PF01992
PF00463	PF02885
PF00464	PF00464
PF00464	PF00892
PF00464	PF01380
PF00464	PF01423
PF00465	PF00465
PF00465	PF01253
PF00465	PF01564
PF00466	PF00466
PF00466	PF00467
PF00466	PF00542
PF00466	PF00885
PF00466	PF01201
PF00466	PF01287
PF00466	PF01513
PF00466	PF01912
PF00466	PF04427
PF00466	PF06645
PF00466	PF07690
PF00466	PF08534
PF00467	PF00467
PF00467	PF00488
PF00467	PF00491
PF00467	PF00503
PF00467	PF00515
PF00467	PF00573
PF00467	PF00575
PF00467	PF00673
PF00467	PF00687
PF00467	PF00827
PF00467	PF00831
PF00467	PF00856
PF00467	PF00900
PF00467	PF01092
PF00467	PF01198
PF00467	PF01246
PF00467	PF01247
PF00467	PF01280
PF00467	PF01287
PF00467	PF01294
PF00467	PF01479
PF00467	PF01655
PF00467	PF01713
PF00467	PF01777
PF00467	PF01907
PF00467	PF02357
PF00467	PF03946
PF00467	PF04352
PF00467	PF05652
PF00467	PF06391
PF00467	PF08297
PF00468	PF00472
PF00468	PF00533
PF00468	PF00542
PF00468	PF00550
PF00468	PF00636
PF00468	PF00707
PF00468	PF00829
PF00468	PF00830
PF00468	PF00849
PF00468	PF00886
PF00468	PF00889
PF00468	PF01000
PF00468	PF01016
PF00468	PF01043
PF00468	PF01084
PF00468	PF01096
PF00468	PF01121
PF00468	PF01132
PF00468	PF01134
PF00468	PF01148
PF00468	PF01195
PF00468	PF01196
PF00468	PF01245
PF00468	PF01250
PF00468	PF01281
PF00468	PF01305
PF00468	PF01327
PF00468	PF01367
PF00468	PF01434
PF00468	PF01553
PF00468	PF01595
PF00468	PF01632
PF00468	PF01653
PF00468	PF01709
PF00468	PF01715
PF00468	PF01743
PF00468	PF01746
PF00468	PF01765
PF00468	PF01790
PF00468	PF01795
PF00468	PF01807
PF00468	PF02096
PF00468	PF02150
PF00468	PF02390
PF00468	PF02739
PF00468	PF02911
PF00468	PF03054
PF00468	PF03120
PF00468	PF03462
PF00468	PF03796
PF00468	PF06419
PF00468	PF07957
PF00469	PF00469
PF00471	PF00472
PF00471	PF00542
PF00471	PF00574
PF00471	PF00707
PF00471	PF00712
PF00471	PF00772
PF00471	PF00829
PF00471	PF00849
PF00471	PF00889
PF00471	PF00905
PF00471	PF01000
PF00471	PF01016
PF00471	PF01043
PF00471	PF01084
PF00471	PF01098
PF00471	PF01132
PF00471	PF01195
PF00471	PF01245
PF00471	PF01250
PF00471	PF01252
PF00471	PF01281
PF00471	PF01305
PF00471	PF01327
PF00471	PF01367
PF00471	PF01434
PF00471	PF01476
PF00471	PF01632
PF00471	PF01649
PF00471	PF01653
PF00471	PF01668
PF00471	PF01746
PF00471	PF01765
PF00471	PF01790
PF00471	PF01795
PF00471	PF01807
PF00471	PF02096
PF00471	PF02224
PF00471	PF02357
PF00471	PF02575
PF00471	PF02739
PF00471	PF02768
PF00471	PF02873
PF00471	PF02904
PF00471	PF02911
PF00471	PF03118
PF00471	PF03120
PF00471	PF03462
PF00471	PF03652
PF00471	PF03772
PF00471	PF03796
PF00472	PF00472
PF00472	PF00476
PF00472	PF00488
PF00472	PF00533
PF00472	PF00542
PF00472	PF00550
PF00472	PF00574
PF00472	PF00636
PF00472	PF00707
PF00472	PF00712
PF00472	PF00772
PF00472	PF00829
PF00472	PF00830
PF00472	PF00849
PF00472	PF00886
PF00472	PF00889
PF00472	PF00905
PF00472	PF01000
PF00472	PF01016
PF00472	PF01043
PF00472	PF01084
PF00472	PF01098
PF00472	PF01121
PF00472	PF01132
PF00472	PF01134
PF00472	PF01148
PF00472	PF01195
PF00472	PF01196
PF00472	PF01207
PF00472	PF01245
PF00472	PF01248
PF00472	PF01250
PF00472	PF01252
PF00472	PF01281
PF00472	PF01305
PF00472	PF01327
PF00472	PF01367
PF00472	PF01434
PF00472	PF01476
PF00472	PF01553
PF00472	PF01595
PF00472	PF01632
PF00472	PF01648
PF00472	PF01649
PF00472	PF01653
PF00472	PF01668
PF00472	PF01687
PF00472	PF01709
PF00472	PF01715
PF00472	PF01743
PF00472	PF01746
PF00472	PF01765
PF00472	PF01790
PF00472	PF01795
PF00472	PF01807
PF00472	PF02096
PF00472	PF02357
PF00472	PF02390
PF00472	PF02575
PF00472	PF02739
PF00472	PF02768
PF00472	PF02772
PF00472	PF02773
PF00472	PF02801
PF00472	PF02873
PF00472	PF02911
PF00472	PF03033
PF00472	PF03054
PF00472	PF03118
PF00472	PF03120
PF00472	PF03147
PF00472	PF03462
PF00472	PF03652
PF00472	PF03772
PF00472	PF03796
PF00472	PF05175
PF00473	PF02793
PF00475	PF00475
PF00475	PF00702
PF00475	PF00764
PF00475	PF00800
PF00475	PF00815
PF00475	PF00977
PF00475	PF01502
PF00475	PF01503
PF00475	PF01634
PF00475	PF01912
PF00475	PF02776
PF00476	PF00476
PF00476	PF00488
PF00476	PF00533
PF00476	PF00542
PF00476	PF00550
PF00476	PF00574
PF00476	PF00707
PF00476	PF00712
PF00476	PF00772
PF00476	PF00829
PF00476	PF00849
PF00476	PF00905
PF00476	PF00912
PF00476	PF01000
PF00476	PF01016
PF00476	PF01029
PF00476	PF01098
PF00476	PF01121
PF00476	PF01132
PF00476	PF01195
PF00476	PF01207
PF00476	PF01225
PF00476	PF01245
PF00476	PF01252
PF00476	PF01281
PF00476	PF01305
PF00476	PF01327
PF00476	PF01367
PF00476	PF01476
PF00476	PF01612
PF00476	PF01632
PF00476	PF01653
PF00476	PF01715
PF00476	PF01743
PF00476	PF01746
PF00476	PF01765
PF00476	PF01782
PF00476	PF01790
PF00476	PF01795
PF00476	PF01807
PF00476	PF01820
PF00476	PF02096
PF00476	PF02357
PF00476	PF02367
PF00476	PF02410
PF00476	PF02473
PF00476	PF02576
PF00476	PF02739
PF00476	PF02767
PF00476	PF02768
PF00476	PF02801
PF00476	PF02873
PF00476	PF02911
PF00476	PF02912
PF00476	PF03033
PF00476	PF03120
PF00476	PF03147
PF00476	PF03167
PF00476	PF03461
PF00476	PF03462
PF00476	PF03471
PF00476	PF03602
PF00476	PF03717
PF00476	PF03772
PF00476	PF03796
PF00476	PF03840
PF00476	PF07686
PF00476	PF09281
PF00478	PF00478
PF00478	PF00514
PF00478	PF00571
PF00478	PF00705
PF00478	PF00730
PF00478	PF00735
PF00478	PF01008
PF00478	PF01749
PF00478	PF01909
PF00478	PF02985
PF00478	PF03540
PF00478	PF03810
PF00478	PF03828
PF00479	PF00479
PF00479	PF01182
PF00479	PF02781
PF00479	PF02901
PF00480	PF00480
PF00480	PF04131
PF00481	PF00481
PF00481	PF00498
PF00481	PF00501
PF00481	PF00560
PF00481	PF00571
PF00481	PF00583
PF00481	PF00653
PF00481	PF00788
PF00481	PF00888
PF00481	PF00982
PF00481	PF01096
PF00481	PF01198
PF00481	PF01253
PF00481	PF01652
PF00481	PF01912
PF00481	PF02150
PF00481	PF02358
PF00481	PF02732
PF00481	PF02866
PF00481	PF03540
PF00481	PF07830
PF00481	PF10604
PF00482	PF00482
PF00483	PF00483
PF00483	PF00514
PF00483	PF00578
PF00483	PF01749
PF00483	PF02020
PF00484	PF00484
PF00484	PF00988
PF00485	PF00485
PF00486	PF00486
PF00486	PF00498
PF00486	PF00515
PF00486	PF01377
PF00486	PF01590
PF00486	PF01627
PF00486	PF02473
PF00486	PF02912
PF00486	PF03704
PF00487	PF01151
PF00488	PF00488
PF00488	PF00533
PF00488	PF00542
PF00488	PF00550
PF00488	PF00569
PF00488	PF00574
PF00488	PF00675
PF00488	PF00712
PF00488	PF00735
PF00488	PF00849
PF00488	PF00850
PF00488	PF00855
PF00488	PF00905
PF00488	PF01016
PF00488	PF01031
PF00488	PF01098
PF00488	PF01119
PF00488	PF01121
PF00488	PF01195
PF00488	PF01207
PF00488	PF01286
PF00488	PF01305
PF00488	PF01336
PF00488	PF01476
PF00488	PF01624
PF00488	PF01713
PF00488	PF01715
PF00488	PF01743
PF00488	PF01765
PF00488	PF01844
PF00488	PF02096
PF00488	PF02212
PF00488	PF02259
PF00488	PF02260
PF00488	PF02518
PF00488	PF02801
PF00488	PF02873
PF00488	PF03033
PF00488	PF03147
PF00488	PF03462
PF00488	PF04423
PF00488	PF05188
PF00488	PF05190
PF00488	PF05192
PF00489	PF00489
PF00489	PF09240
PF00489	PF10420
PF00490	PF00490
PF00490	PF00514
PF00490	PF00762
PF00490	PF01749
PF00490	PF02602
PF00490	PF08477
PF00491	PF00491
PF00491	PF00514
PF00491	PF00719
PF00491	PF01287
PF00491	PF01380
PF00491	PF01749
PF00491	PF02866
PF00491	PF08264
PF00491	PF08477
PF00491	PF08622
PF00493	PF00493
PF00493	PF00646
PF00493	PF00736
PF00493	PF00752
PF00493	PF00826
PF00493	PF00827
PF00493	PF00832
PF00493	PF00867
PF00493	PF00900
PF00493	PF00935
PF00493	PF00982
PF00493	PF01015
PF00493	PF01073
PF00493	PF01090
PF00493	PF01092
PF00493	PF01096
PF00493	PF01157
PF00493	PF01171
PF00493	PF01172
PF00493	PF01176
PF00493	PF01191
PF00493	PF01193
PF00493	PF01194
PF00493	PF01198
PF00493	PF01200
PF00493	PF01201
PF00493	PF01246
PF00493	PF01269
PF00493	PF01280
PF00493	PF01282
PF00493	PF01423
PF00493	PF01426
PF00493	PF01599
PF00493	PF01655
PF00493	PF01667
PF00493	PF01780
PF00493	PF01798
PF00493	PF01864
PF00493	PF01866
PF00493	PF01870
PF00493	PF01871
PF00493	PF01873
PF00493	PF01875
PF00493	PF01877
PF00493	PF01896
PF00493	PF01902
PF00493	PF01907
PF00493	PF01912
PF00493	PF01916
PF00493	PF01920
PF00493	PF01922
PF00493	PF01946
PF00493	PF01971
PF00493	PF01974
PF00493	PF01981
PF00493	PF01982
PF00493	PF01984
PF00493	PF02002
PF00493	PF02005
PF00493	PF02006
PF00493	PF02150
PF00493	PF02178
PF00493	PF02359
PF00493	PF02475
PF00493	PF02546
PF00493	PF02598
PF00493	PF02676
PF00493	PF02724
PF00493	PF02732
PF00493	PF02933
PF00493	PF02996
PF00493	PF03029
PF00493	PF03104
PF00493	PF03367
PF00493	PF03463
PF00493	PF03464
PF00493	PF03465
PF00493	PF03587
PF00493	PF04042
PF00494	PF00494
PF00494	PF05172
PF00496	PF00496
PF00497	PF00497
PF00497	PF00512
PF00497	PF00528
PF00497	PF00989
PF00497	PF01464
PF00497	PF01627
PF00497	PF02518
PF00498	PF00498
PF00498	PF00505
PF00498	PF00533
PF00498	PF00534
PF00498	PF00563
PF00498	PF00566
PF00498	PF00571
PF00498	PF00578
PF00498	PF00595
PF00498	PF00646
PF00498	PF00788
PF00498	PF00990
PF00498	PF01000
PF00498	PF01008
PF00498	PF01193
PF00498	PF01214
PF00498	PF01271
PF00498	PF01302
PF00498	PF01331
PF00498	PF01360
PF00498	PF01380
PF00498	PF01412
PF00498	PF01843
PF00498	PF01873
PF00498	PF01946
PF00498	PF02463
PF00498	PF02493
PF00498	PF02732
PF00498	PF02798
PF00498	PF03704
PF00498	PF05032
PF00498	PF05693
PF00498	PF06470
PF00498	PF07557
PF00498	PF07558
PF00498	PF08605
PF00498	PF12196
PF00500	PF00500
PF00501	PF00501
PF00501	PF00514
PF00501	PF00515
PF00501	PF00521
PF00501	PF00550
PF00501	PF00668
PF00501	PF00806
PF00501	PF00975
PF00501	PF00989
PF00501	PF01008
PF00501	PF01253
PF00501	PF01553
PF00501	PF01652
PF00501	PF01749
PF00501	PF02518
PF00501	PF02801
PF00501	PF02866
PF00501	PF03144
PF00501	PF06464
PF00501	PF11930
PF00502	PF00502
PF00502	PF01383
PF00502	PF02972
PF00503	PF00503
PF00503	PF00583
PF00503	PF00610
PF00503	PF00615
PF00503	PF00621
PF00503	PF00631
PF00503	PF00690
PF00503	PF00702
PF00503	PF00704
PF00503	PF01159
PF00503	PF01813
PF00503	PF01992
PF00503	PF02100
PF00503	PF02116
PF00503	PF02188
PF00503	PF02374
PF00503	PF02518
PF00503	PF03427
PF00503	PF03950
PF00503	PF04695
PF00503	PF04868
PF00503	PF05492
PF00503	PF09128
PF00504	PF00504
PF00504	PF00762
PF00504	PF01701
PF00504	PF05479
PF00505	PF00514
PF00505	PF00569
PF00505	PF00620
PF00505	PF00628
PF00505	PF00856
PF00505	PF00870
PF00505	PF01014
PF00505	PF01031
PF00505	PF01119
PF00505	PF01336
PF00505	PF01342
PF00505	PF01393
PF00505	PF01426
PF00505	PF01991
PF00505	PF02136
PF00505	PF02178
PF00505	PF02212
PF00505	PF02269
PF00505	PF02518
PF00505	PF02791
PF00505	PF02809
PF00505	PF02854
PF00505	PF03172
PF00505	PF03372
PF00505	PF03531
PF00505	PF04058
PF00505	PF04719
PF00505	PF05022
PF00505	PF05158
PF00505	PF05669
PF00505	PF05964
PF00505	PF05965
PF00505	PF06068
PF00505	PF08581
PF00506	PF00506
PF00507	PF00662
PF00508	PF00508
PF00508	PF00519
PF00509	PF00509
PF00509	PF00969
PF00509	PF00979
PF00509	PF00993
PF00509	PF07686
PF00509	PF09245
PF00510	PF01215
PF00510	PF02046
PF00510	PF02238
PF00510	PF02297
PF00510	PF02935
PF00510	PF07835
PF00511	PF00511
PF00511	PF02747
PF00512	PF00512
PF00512	PF00550
PF00512	PF00578
PF00512	PF00582
PF00512	PF00672
PF00512	PF00785
PF00512	PF00989
PF00512	PF01590
PF00512	PF01627
PF00512	PF02518
PF00512	PF02702
PF00512	PF08970
PF00514	PF00514
PF00514	PF00515
PF00514	PF00533
PF00514	PF00554
PF00514	PF00571
PF00514	PF00578
PF00514	PF00583
PF00514	PF00604
PF00514	PF00636
PF00514	PF00638
PF00514	PF00646
PF00514	PF00692
PF00514	PF00702
PF00514	PF00755
PF00514	PF00764
PF00514	PF00857
PF00514	PF00896
PF00514	PF00907
PF00514	PF00926
PF00514	PF01008
PF00514	PF01042
PF00514	PF01049
PF00514	PF01053
PF00514	PF01056
PF00514	PF01089
PF00514	PF01138
PF00514	PF01212
PF00514	PF01218
PF00514	PF01227
PF00514	PF01279
PF00514	PF01423
PF00514	PF01467
PF00514	PF01472
PF00514	PF01496
PF00514	PF01509
PF00514	PF01557
PF00514	PF01591
PF00514	PF01602
PF00514	PF01680
PF00514	PF01729
PF00514	PF01749
PF00514	PF01784
PF00514	PF01833
PF00514	PF01909
PF00514	PF01916
PF00514	PF01946
PF00514	PF02127
PF00514	PF02136
PF00514	PF02197
PF00514	PF02210
PF00514	PF02548
PF00514	PF02581
PF00514	PF02731
PF00514	PF02749
PF00514	PF02800
PF00514	PF02854
PF00514	PF02985
PF00514	PF03066
PF00514	PF03208
PF00514	PF03725
PF00514	PF03803
PF00514	PF03810
PF00514	PF04096
PF00514	PF04425
PF00514	PF04446
PF00514	PF05923
PF00514	PF05972
PF00514	PF06384
PF00514	PF07992
PF00514	PF08240
PF00514	PF08347
PF00514	PF08423
PF00514	PF08506
PF00514	PF08542
PF00514	PF08544
PF00514	PF08833
PF00514	PF08911
PF00514	PF08934
PF00515	PF00515
PF00515	PF00535
PF00515	PF00560
PF00515	PF00564
PF00515	PF00612
PF00515	PF00617
PF00515	PF00623
PF00515	PF00628
PF00515	PF00638
PF00515	PF00639
PF00515	PF00641
PF00515	PF00642
PF00515	PF00646
PF00515	PF00649
PF00515	PF00685
PF00515	PF00735
PF00515	PF00755
PF00515	PF00762
PF00515	PF00795
PF00515	PF00806
PF00515	PF00838
PF00515	PF00850
PF00515	PF00888
PF00515	PF00931
PF00515	PF00970
PF00515	PF00995
PF00515	PF01036
PF00515	PF01115
PF00515	PF01138
PF00515	PF01214
PF00515	PF01287
PF00515	PF01336
PF00515	PF01380
PF00515	PF01398
PF00515	PF01399
PF00515	PF01411
PF00515	PF01423
PF00515	PF01433
PF00515	PF01607
PF00515	PF01694
PF00515	PF01739
PF00515	PF01756
PF00515	PF01798
PF00515	PF01808
PF00515	PF01849
PF00515	PF01981
PF00515	PF02064
PF00515	PF02071
PF00515	PF02178
PF00515	PF02188
PF00515	PF02259
PF00515	PF02260
PF00515	PF02272
PF00515	PF02373
PF00515	PF02518
PF00515	PF02540
PF00515	PF02732
PF00515	PF02803
PF00515	PF02817
PF00515	PF02824
PF00515	PF02869
PF00515	PF02874
PF00515	PF02878
PF00515	PF02879
PF00515	PF02880
PF00515	PF02881
PF00515	PF02889
PF00515	PF02984
PF00515	PF03114
PF00515	PF03179
PF00515	PF03256
PF00515	PF03705
PF00515	PF03839
PF00515	PF04053
PF00515	PF04434
PF00515	PF04564
PF00515	PF04934
PF00515	PF04969
PF00515	PF05002
PF00515	PF05482
PF00515	PF06068
PF00515	PF06424
PF00515	PF07679
PF00515	PF07719
PF00515	PF07992
PF00515	PF08321
PF00515	PF10471
PF00516	PF00516
PF00516	PF00517
PF00516	PF07654
PF00516	PF07686
PF00517	PF00517
PF00517	PF07686
PF00517	PF08791
PF00519	PF00519
PF00519	PF00524
PF00520	PF00612
PF00520	PF00622
PF00520	PF00785
PF00520	PF01477
PF00520	PF01825
PF00520	PF01834
PF00520	PF02010
PF00520	PF02214
PF00520	PF02254
PF00520	PF02815
PF00520	PF03520
PF00520	PF07686
PF00521	PF00521
PF00521	PF00735
PF00521	PF00986
PF00521	PF01214
PF00521	PF01751
PF00521	PF01845
PF00521	PF02518
PF00522	PF00522
PF00523	PF00523
PF00523	PF01601
PF00526	PF02363
PF00526	PF06493
PF00527	PF00527
PF00528	PF00528
PF00528	PF01547
PF00528	PF05154
PF00529	PF00529
PF00529	PF00873
PF00530	PF00530
PF00530	PF00629
PF00530	PF01186
PF00530	PF01390
PF00530	PF01391
PF00531	PF00531
PF00531	PF00554
PF00531	PF00619
PF00531	PF00656
PF00531	PF00791
PF00531	PF00917
PF00531	PF01335
PF00531	PF01582
PF00531	PF01833
PF00531	PF07679
PF00532	PF00532
PF00533	PF00533
PF00533	PF00542
PF00533	PF00550
PF00533	PF00574
PF00533	PF00621
PF00533	PF00633
PF00533	PF00636
PF00533	PF00644
PF00533	PF00676
PF00533	PF00698
PF00533	PF00707
PF00533	PF00712
PF00533	PF00724
PF00533	PF00772
PF00533	PF00782
PF00533	PF00817
PF00533	PF00829
PF00533	PF00830
PF00533	PF00849
PF00533	PF00870
PF00533	PF00886
PF00533	PF00889
PF00533	PF00905
PF00533	PF00912
PF00533	PF01000
PF00533	PF01016
PF00533	PF01029
PF00533	PF01068
PF00533	PF01084
PF00533	PF01098
PF00533	PF01119
PF00533	PF01121
PF00533	PF01132
PF00533	PF01134
PF00533	PF01148
PF00533	PF01189
PF00533	PF01195
PF00533	PF01196
PF00533	PF01202
PF00533	PF01207
PF00533	PF01214
PF00533	PF01225
PF00533	PF01245
PF00533	PF01252
PF00533	PF01269
PF00533	PF01281
PF00533	PF01305
PF00533	PF01327
PF00533	PF01367
PF00533	PF01434
PF00533	PF01476
PF00533	PF01553
PF00533	PF01632
PF00533	PF01653
PF00533	PF01709
PF00533	PF01715
PF00533	PF01743
PF00533	PF01746
PF00533	PF01749
PF00533	PF01765
PF00533	PF01782
PF00533	PF01790
PF00533	PF01795
PF00533	PF01807
PF00533	PF01834
PF00533	PF01873
PF00533	PF01909
PF00533	PF01912
PF00533	PF02020
PF00533	PF02096
PF00533	PF02319
PF00533	PF02357
PF00533	PF02367
PF00533	PF02390
PF00533	PF02410
PF00533	PF02473
PF00533	PF02739
PF00533	PF02767
PF00533	PF02768
PF00533	PF02779
PF00533	PF02801
PF00533	PF02854
PF00533	PF02873
PF00533	PF02877
PF00533	PF02911
PF00533	PF02912
PF00533	PF03031
PF00533	PF03033
PF00533	PF03054
PF00533	PF03119
PF00533	PF03120
PF00533	PF03147
PF00533	PF03461
PF00533	PF03462
PF00533	PF03471
PF00533	PF03602
PF00533	PF03717
PF00533	PF03796
PF00533	PF03840
PF00533	PF04121
PF00533	PF04139
PF00533	PF04427
PF00533	PF04675
PF00533	PF04679
PF00533	PF05406
PF00533	PF06632
PF00533	PF07535
PF00533	PF08233
PF00533	PF09295
PF00534	PF00534
PF00534	PF00535
PF00534	PF00862
PF00534	PF04413
PF00534	PF08323
PF00535	PF00535
PF00535	PF00581
PF00535	PF00652
PF00535	PF01151
PF00535	PF01412
PF00535	PF01598
PF00535	PF03142
PF00535	PF03170
PF00535	PF03909
PF00535	PF04464
PF00535	PF08567
PF00536	PF00536
PF00536	PF00595
PF00536	PF00609
PF00536	PF00622
PF00536	PF00640
PF00536	PF00781
PF00536	PF00788
PF00536	PF00870
PF00536	PF01404
PF00536	PF01966
PF00536	PF07647
PF00536	PF08513
PF00536	PF09246
PF00537	PF00537
PF00538	PF00538
PF00538	PF00730
PF00538	PF01261
PF00538	PF02178
PF00538	PF08322
PF00539	PF00930
PF00540	PF00540
PF00540	PF00552
PF00540	PF00607
PF00540	PF00665
PF00540	PF02022
PF00540	PF06815
PF00540	PF06817
PF00541	PF00541
PF00541	PF00608
PF00541	PF07686
PF00542	PF00542
PF00542	PF00550
PF00542	PF00574
PF00542	PF00636
PF00542	PF00707
PF00542	PF00712
PF00542	PF00772
PF00542	PF00829
PF00542	PF00830
PF00542	PF00849
PF00542	PF00886
PF00542	PF00889
PF00542	PF00905
PF00542	PF01000
PF00542	PF01016
PF00542	PF01043
PF00542	PF01084
PF00542	PF01098
PF00542	PF01121
PF00542	PF01132
PF00542	PF01134
PF00542	PF01148
PF00542	PF01195
PF00542	PF01196
PF00542	PF01207
PF00542	PF01245
PF00542	PF01250
PF00542	PF01252
PF00542	PF01281
PF00542	PF01305
PF00542	PF01327
PF00542	PF01367
PF00542	PF01434
PF00542	PF01476
PF00542	PF01553
PF00542	PF01595
PF00542	PF01632
PF00542	PF01648
PF00542	PF01649
PF00542	PF01653
PF00542	PF01668
PF00542	PF01687
PF00542	PF01709
PF00542	PF01715
PF00542	PF01743
PF00542	PF01746
PF00542	PF01765
PF00542	PF01790
PF00542	PF01795
PF00542	PF01807
PF00542	PF02096
PF00542	PF02357
PF00542	PF02390
PF00542	PF02575
PF00542	PF02739
PF00542	PF02768
PF00542	PF02772
PF00542	PF02773
PF00542	PF02801
PF00542	PF02873
PF00542	PF02911
PF00542	PF03033
PF00542	PF03054
PF00542	PF03118
PF00542	PF03120
PF00542	PF03147
PF00542	PF03462
PF00542	PF03652
PF00542	PF03772
PF00542	PF03796
PF00542	PF03946
PF00543	PF00543
PF00543	PF00696
PF00543	PF00909
PF00543	PF05368
PF00543	PF12058
PF00544	PF00544
PF00545	PF00545
PF00545	PF01337
PF00547	PF00547
PF00547	PF00699
PF00547	PF01979
PF00547	PF02802
PF00548	PF00548
PF00548	PF00680
PF00548	PF00947
PF00548	PF02226
PF00549	PF00549
PF00549	PF02222
PF00549	PF02629
PF00549	PF08442
PF00550	PF00550
PF00550	PF00574
PF00550	PF00636
PF00550	PF00668
PF00550	PF00698
PF00550	PF00707
PF00550	PF00712
PF00550	PF00772
PF00550	PF00829
PF00550	PF00830
PF00550	PF00849
PF00550	PF00857
PF00550	PF00886
PF00550	PF00889
PF00550	PF00905
PF00550	PF00975
PF00550	PF01000
PF00550	PF01016
PF00550	PF01043
PF00550	PF01084
PF00550	PF01098
PF00550	PF01121
PF00550	PF01132
PF00550	PF01134
PF00550	PF01148
PF00550	PF01195
PF00550	PF01196
PF00550	PF01207
PF00550	PF01245
PF00550	PF01250
PF00550	PF01281
PF00550	PF01305
PF00550	PF01327
PF00550	PF01367
PF00550	PF01434
PF00550	PF01476
PF00550	PF01553
PF00550	PF01632
PF00550	PF01648
PF00550	PF01649
PF00550	PF01653
PF00550	PF01668
PF00550	PF01687
PF00550	PF01709
PF00550	PF01715
PF00550	PF01743
PF00550	PF01746
PF00550	PF01765
PF00550	PF01790
PF00550	PF01795
PF00550	PF01807
PF00550	PF02096
PF00550	PF02357
PF00550	PF02367
PF00550	PF02390
PF00550	PF02739
PF00550	PF02767
PF00550	PF02772
PF00550	PF02773
PF00550	PF02801
PF00550	PF02873
PF00550	PF02911
PF00550	PF03033
PF00550	PF03054
PF00550	PF03118
PF00550	PF03120
PF00550	PF03147
PF00550	PF03461
PF00550	PF03462
PF00550	PF03471
PF00550	PF03602
PF00550	PF03717
PF00550	PF03772
PF00550	PF03796
PF00550	PF03840
PF00550	PF04423
PF00550	PF04438
PF00550	PF05832
PF00550	PF07123
PF00550	PF10362
PF00551	PF00551
PF00551	PF00586
PF00551	PF00763
PF00551	PF01071
PF00551	PF01125
PF00551	PF01370
PF00551	PF01842
PF00551	PF02769
PF00551	PF02842
PF00551	PF02843
PF00551	PF02844
PF00551	PF02882
PF00551	PF02911
PF00551	PF03357
PF00551	PF05669
PF00552	PF00552
PF00552	PF00607
PF00552	PF00665
PF00552	PF00692
PF00552	PF02022
PF00552	PF06815
PF00552	PF06817
PF00553	PF00759
PF00553	PF00942
PF00553	PF02013
PF00553	PF02927
PF00553	PF03664
PF00554	PF00554
PF00554	PF01749
PF00554	PF01833
PF00554	PF02820
PF00554	PF03719
PF00554	PF04719
PF00554	PF05053
PF00554	PF07716
PF00555	PF00555
PF00555	PF03944
PF00555	PF03945
PF00556	PF00556
PF00557	PF00557
PF00557	PF00856
PF00557	PF01105
PF00557	PF01321
PF00557	PF01798
PF00557	PF02810
PF00557	PF04421
PF00557	PF04427
PF00557	PF05195
PF00560	PF00560
PF00560	PF00571
PF00560	PF00595
PF00560	PF00611
PF00560	PF00612
PF00560	PF00616
PF00560	PF00625
PF00560	PF00626
PF00560	PF00646
PF00560	PF00690
PF00560	PF00702
PF00560	PF00755
PF00560	PF00788
PF00560	PF00801
PF00560	PF00928
PF00560	PF00931
PF00560	PF01053
PF00560	PF01209
PF00560	PF01221
PF00560	PF01239
PF00560	PF01302
PF00560	PF01459
PF00560	PF01462
PF00560	PF01463
PF00560	PF01477
PF00560	PF01582
PF00560	PF01652
PF00560	PF01822
PF00560	PF01825
PF00560	PF01833
PF00560	PF02010
PF00560	PF02136
PF00560	PF02221
PF00560	PF02671
PF00560	PF02758
PF00560	PF02775
PF00560	PF02776
PF00560	PF03106
PF00560	PF03372
PF00560	PF03931
PF00560	PF03943
PF00560	PF04912
PF00560	PF05729
PF00560	PF07200
PF00560	PF07711
PF00560	PF08191
PF00560	PF08263
PF00560	PF09162
PF00560	PF11921
PF00560	PF12354
PF00561	PF00561
PF00561	PF00611
PF00561	PF00646
PF00561	PF00653
PF00561	PF00702
PF00561	PF01370
PF00561	PF01841
PF00561	PF03280
PF00561	PF04083
PF00561	PF04893
PF00561	PF06441
PF00561	PF12146
PF00562	PF00575
PF00562	PF00623
PF00562	PF00633
PF00562	PF01000
PF00562	PF01096
PF00562	PF01193
PF00562	PF01194
PF00562	PF01423
PF00562	PF01854
PF00562	PF01912
PF00562	PF02150
PF00562	PF03118
PF00562	PF03604
PF00562	PF03870
PF00562	PF04539
PF00562	PF04545
PF00562	PF04560
PF00562	PF04561
PF00562	PF04563
PF00562	PF04565
PF00562	PF04566
PF00562	PF04567
PF00562	PF04983
PF00562	PF04997
PF00562	PF04998
PF00562	PF05000
PF00562	PF08271
PF00563	PF00563
PF00563	PF00672
PF00563	PF00785
PF00563	PF00989
PF00563	PF00990
PF00563	PF01590
PF00563	PF04940
PF00563	PF10388
PF00564	PF00564
PF00564	PF00569
PF00564	PF00571
PF00564	PF00595
PF00564	PF00621
PF00564	PF00787
PF00564	PF02201
PF00564	PF04091
PF00565	PF00565
PF00565	PF00567
PF00565	PF00746
PF00565	PF01161
PF00565	PF01336
PF00565	PF02872
PF00565	PF07686
PF00566	PF00566
PF00566	PF00627
PF00566	PF00640
PF00566	PF00735
PF00566	PF00786
PF00566	PF02893
PF00566	PF04366
PF00566	PF06827
PF00566	PF08477
PF00567	PF00567
PF00567	PF00627
PF00567	PF00628
PF00568	PF00568
PF00568	PF00611
PF00568	PF00620
PF00568	PF00786
PF00568	PF00787
PF00568	PF01417
PF00568	PF01694
PF00568	PF01851
PF00568	PF02012
PF00568	PF02205
PF00568	PF02213
PF00569	PF00569
PF00569	PF00595
PF00569	PF00623
PF00569	PF01008
PF00569	PF01624
PF00569	PF02969
PF00569	PF03061
PF00569	PF03143
PF00569	PF03144
PF00569	PF04153
PF00569	PF04433
PF00570	PF00570
PF00570	PF00580
PF00570	PF01131
PF00570	PF01138
PF00570	PF01612
PF00570	PF01751
PF00570	PF02008
PF00570	PF03725
PF00571	PF00571
PF00571	PF00654
PF00571	PF00705
PF00571	PF00730
PF00571	PF00735
PF00571	PF00817
PF00571	PF01008
PF00571	PF01209
PF00571	PF01214
PF00571	PF01380
PF00571	PF01423
PF00571	PF01652
PF00571	PF01749
PF00571	PF01837
PF00571	PF01842
PF00571	PF01909
PF00571	PF02163
PF00571	PF02195
PF00571	PF02747
PF00571	PF02833
PF00571	PF02985
PF00571	PF03448
PF00571	PF03471
PF00571	PF03540
PF00571	PF03741
PF00571	PF03810
PF00571	PF03828
PF00571	PF04739
PF00571	PF07085
PF00571	PF08241
PF00571	PF09151
PF00572	PF00573
PF00572	PF00636
PF00572	PF00687
PF00572	PF00995
PF00572	PF01016
PF00572	PF01196
PF00572	PF01912
PF00572	PF02826
PF00572	PF03143
PF00572	PF05046
PF00572	PF05047
PF00573	PF00636
PF00573	PF00687
PF00573	PF00827
PF00573	PF00828
PF00573	PF01016
PF00573	PF01042
PF00573	PF01196
PF00573	PF01247
PF00573	PF01248
PF00573	PF01294
PF00573	PF01305
PF00573	PF01907
PF00573	PF02826
PF00573	PF03946
PF00573	PF05046
PF00573	PF05047
PF00573	PF08079
PF00574	PF00574
PF00574	PF00672
PF00574	PF00707
PF00574	PF00712
PF00574	PF00772
PF00574	PF00829
PF00574	PF00849
PF00574	PF00889
PF00574	PF00905
PF00574	PF00912
PF00574	PF01000
PF00574	PF01016
PF00574	PF01029
PF00574	PF01043
PF00574	PF01098
PF00574	PF01121
PF00574	PF01132
PF00574	PF01195
PF00574	PF01207
PF00574	PF01225
PF00574	PF01245
PF00574	PF01250
PF00574	PF01252
PF00574	PF01281
PF00574	PF01305
PF00574	PF01327
PF00574	PF01367
PF00574	PF01377
PF00574	PF01476
PF00574	PF01551
PF00574	PF01632
PF00574	PF01649
PF00574	PF01653
PF00574	PF01668
PF00574	PF01715
PF00574	PF01743
PF00574	PF01746
PF00574	PF01765
PF00574	PF01782
PF00574	PF01790
PF00574	PF01795
PF00574	PF01807
PF00574	PF01820
PF00574	PF02033
PF00574	PF02096
PF00574	PF02130
PF00574	PF02357
PF00574	PF02367
PF00574	PF02410
PF00574	PF02473
PF00574	PF02547
PF00574	PF02575
PF00574	PF02576
PF00574	PF02739
PF00574	PF02767
PF00574	PF02768
PF00574	PF02801
PF00574	PF02873
PF00574	PF02911
PF00574	PF02912
PF00574	PF03033
PF00574	PF03118
PF00574	PF03120
PF00574	PF03147
PF00574	PF03461
PF00574	PF03462
PF00574	PF03471
PF00574	PF03602
PF00574	PF03652
PF00574	PF03717
PF00574	PF03772
PF00574	PF03796
PF00574	PF03840
PF00575	PF00575
PF00575	PF00623
PF00575	PF00773
PF00575	PF00899
PF00575	PF00962
PF00575	PF01008
PF00575	PF01096
PF00575	PF01138
PF00575	PF01193
PF00575	PF01312
PF00575	PF01652
PF00575	PF02150
PF00575	PF02854
PF00575	PF03725
PF00575	PF03726
PF00575	PF03870
PF00575	PF03874
PF00575	PF03876
PF00575	PF03952
PF00575	PF04035
PF00575	PF04408
PF00575	PF04560
PF00575	PF04561
PF00575	PF04563
PF00575	PF04565
PF00575	PF04568
PF00575	PF04983
PF00575	PF04997
PF00575	PF04998
PF00575	PF05000
PF00575	PF06093
PF00575	PF07541
PF00575	PF08574
PF00575	PF10150
PF00576	PF00576
PF00577	PF00577
PF00578	PF00578
PF00578	PF00627
PF00578	PF00669
PF00578	PF00782
PF00578	PF00924
PF00578	PF01118
PF00578	PF01193
PF00578	PF01264
PF00578	PF01336
PF00578	PF01380
PF00578	PF01412
PF00578	PF01488
PF00578	PF01749
PF00578	PF02107
PF00578	PF02195
PF00578	PF02735
PF00578	PF02774
PF00578	PF02879
PF00578	PF03144
PF00578	PF10417
PF00579	PF00579
PF00579	PF00587
PF00579	PF00806
PF00579	PF00886
PF00579	PF01168
PF00579	PF01479
PF00579	PF01588
PF00579	PF03343
PF00580	PF00580
PF00580	PF00684
PF00580	PF01025
PF00580	PF01556
PF00580	PF04257
PF00581	PF00581
PF00581	PF00675
PF00581	PF00782
PF00581	PF00899
PF00581	PF01206
PF00581	PF01230
PF00581	PF01399
PF00581	PF02453
PF00581	PF02852
PF00581	PF02984
PF00581	PF04096
PF00581	PF05237
PF00581	PF05433
PF00581	PF06617
PF00581	PF07992
PF00581	PF08423
PF00581	PF08477
PF00581	PF08941
PF00581	PF09122
PF00582	PF00582
PF00582	PF02518
PF00582	PF02566
PF00582	PF06652
PF00583	PF00583
PF00583	PF00628
PF00583	PF00642
PF00583	PF00696
PF00583	PF00788
PF00583	PF00795
PF00583	PF00814
PF00583	PF01096
PF00583	PF01201
PF00583	PF01210
PF00583	PF01423
PF00583	PF01636
PF00583	PF01749
PF00583	PF02150
PF00583	PF02291
PF00583	PF02629
PF00583	PF02969
PF00583	PF03813
PF00583	PF04055
PF00583	PF04112
PF00583	PF04229
PF00583	PF05127
PF00583	PF07479
PF00583	PF08209
PF00583	PF08477
PF00583	PF10331
PF00584	PF00584
PF00584	PF00831
PF00584	PF01105
PF00584	PF10559
PF00585	PF00585
PF00585	PF00647
PF00585	PF02798
PF00586	PF00586
PF00586	PF00709
PF00586	PF00731
PF00586	PF01071
PF00586	PF01180
PF00586	PF01423
PF00586	PF01842
PF00586	PF02700
PF00586	PF02769
PF00586	PF02826
PF00586	PF02842
PF00586	PF02843
PF00586	PF02844
PF00586	PF04110
PF00586	PF07714
PF00587	PF00587
PF00587	PF00638
PF00587	PF00749
PF00587	PF00849
PF00587	PF01168
PF00587	PF01253
PF00587	PF01369
PF00587	PF01398
PF00587	PF01634
PF00587	PF02403
PF00587	PF02824
PF00587	PF03129
PF00587	PF03950
PF00587	PF04073
PF00587	PF07973
PF00587	PF09180
PF00587	PF09181
PF00588	PF00588
PF00588	PF01423
PF00588	PF04705
PF00588	PF08032
PF00588	PF12105
PF00589	PF00589
PF00589	PF02022
PF00589	PF02899
PF00589	PF02914
PF00589	PF02920
PF00589	PF05367
PF00590	PF00590
PF00590	PF01423
PF00590	PF02570
PF00590	PF02602
PF00590	PF03372
PF00590	PF03819
PF00590	PF04071
PF00590	PF10414
PF00591	PF00591
PF00591	PF02885
PF00591	PF07831
PF00593	PF00593
PF00593	PF03544
PF00593	PF03588
PF00593	PF03702
PF00593	PF03795
PF00593	PF04886
PF00593	PF06438
PF00593	PF07715
PF00593	PF11504
PF00593	PF11570
PF00594	PF00594
PF00594	PF01108
PF00595	PF00595
PF00595	PF00610
PF00595	PF00612
PF00595	PF00615
PF00595	PF00617
PF00595	PF00618
PF00595	PF00621
PF00595	PF00625
PF00595	PF00640
PF00595	PF00643
PF00595	PF00651
PF00595	PF00667
PF00595	PF00702
PF00595	PF00769
PF00595	PF00778
PF00595	PF00788
PF00595	PF00791
PF00595	PF00812
PF00595	PF00932
PF00595	PF01391
PF00595	PF01484
PF00595	PF01607
PF00595	PF01843
PF00595	PF02145
PF00595	PF02163
PF00595	PF02185
PF00595	PF02188
PF00595	PF02196
PF00595	PF02214
PF00595	PF02318
PF00595	PF02377
PF00595	PF02828
PF00595	PF02898
PF00595	PF03097
PF00595	PF03143
PF00595	PF03144
PF00595	PF03145
PF00595	PF03166
PF00595	PF03572
PF00595	PF03607
PF00595	PF03940
PF00595	PF05622
PF00595	PF05937
PF00595	PF06456
PF00595	PF06740
PF00595	PF07645
PF00595	PF07650
PF00595	PF07653
PF00595	PF09007
PF00596	PF00596
PF00596	PF04108
PF00597	PF01569
PF00597	PF04290
PF00598	PF00598
PF00598	PF08289
PF00599	PF00599
PF00600	PF00600
PF00600	PF00601
PF00600	PF00642
PF00601	PF00601
PF00601	PF02942
PF00602	PF00604
PF00603	PF00603
PF00604	PF00604
PF00605	PF00605
PF00606	PF00606
PF00607	PF00607
PF00607	PF00665
PF00607	PF00692
PF00607	PF00969
PF00607	PF00993
PF00607	PF01585
PF00607	PF02022
PF00607	PF02337
PF00607	PF02813
PF00607	PF06815
PF00607	PF06817
PF00607	PF07686
PF00608	PF00608
PF00608	PF07921
PF00609	PF00788
PF00610	PF00611
PF00610	PF00615
PF00610	PF00617
PF00610	PF00618
PF00610	PF00620
PF00610	PF00621
PF00610	PF00631
PF00610	PF00778
PF00610	PF00780
PF00610	PF00788
PF00610	PF00804
PF00610	PF00917
PF00610	PF00928
PF00610	PF01363
PF00610	PF01423
PF00610	PF01504
PF00610	PF03144
PF00610	PF07653
PF00611	PF00611
PF00611	PF00620
PF00611	PF00660
PF00611	PF00786
PF00611	PF00806
PF00611	PF00892
PF00611	PF01134
PF00611	PF01222
PF00611	PF01267
PF00611	PF01283
PF00611	PF01433
PF00611	PF01679
PF00611	PF01974
PF00611	PF02205
PF00611	PF02271
PF00611	PF03006
PF00611	PF03660
PF00611	PF03983
PF00611	PF03986
PF00611	PF03987
PF00611	PF04080
PF00611	PF04488
PF00611	PF04670
PF00611	PF05008
PF00611	PF05216
PF00611	PF05390
PF00611	PF07542
PF00612	PF00612
PF00612	PF00616
PF00612	PF00617
PF00612	PF00618
PF00612	PF00620
PF00612	PF00621
PF00612	PF00784
PF00612	PF00788
PF00612	PF00992
PF00612	PF01138
PF00612	PF01248
PF00612	PF01344
PF00612	PF01417
PF00612	PF01576
PF00612	PF01843
PF00612	PF01920
PF00612	PF02178
PF00612	PF02197
PF00612	PF02205
PF00612	PF02330
PF00612	PF02736
PF00612	PF02772
PF00612	PF03836
PF00612	PF06017
PF00612	PF06512
PF00613	PF00787
PF00613	PF00792
PF00613	PF00794
PF00614	PF00614
PF00614	PF00787
PF00614	PF02757
PF00615	PF00615
PF00615	PF00631
PF00615	PF00640
PF00615	PF00778
PF00615	PF00787
PF00615	PF00804
PF00615	PF02188
PF00615	PF02194
PF00615	PF02196
PF00615	PF04868
PF00615	PF05924
PF00616	PF00616
PF00616	PF00779
PF00616	PF07714
PF00617	PF00617
PF00617	PF00618
PF00617	PF00620
PF00617	PF00621
PF00617	PF00788
PF00617	PF01189
PF00617	PF01344
PF00617	PF02518
PF00617	PF02985
PF00617	PF03372
PF00617	PF04062
PF00617	PF04614
PF00617	PF05622
PF00617	PF05712
PF00618	PF00618
PF00618	PF00620
PF00618	PF00621
PF00618	PF00788
PF00618	PF01189
PF00618	PF01344
PF00618	PF02259
PF00618	PF02260
PF00618	PF02518
PF00618	PF02984
PF00618	PF04421
PF00619	PF00619
PF00619	PF00653
PF00619	PF00656
PF00619	PF00931
PF00619	PF02180
PF00619	PF05729
PF00620	PF00620
PF00620	PF00621
PF00620	PF00784
PF00620	PF00786
PF00620	PF00787
PF00620	PF00788
PF00620	PF01412
PF00620	PF01423
PF00620	PF01846
PF00620	PF01852
PF00620	PF02196
PF00620	PF02205
PF00620	PF02881
PF00620	PF03372
PF00620	PF04710
PF00620	PF04802
PF00620	PF06747
PF00620	PF07714
PF00621	PF00621
PF00621	PF00719
PF00621	PF00780
PF00621	PF01363
PF00621	PF01417
PF00621	PF02196
PF00621	PF02198
PF00621	PF06419
PF00621	PF07653
PF00621	PF07714
PF00622	PF00622
PF00622	PF00643
PF00622	PF01365
PF00622	PF01652
PF00622	PF02037
PF00622	PF02758
PF00622	PF02815
PF00622	PF03226
PF00622	PF07654
PF00623	PF00627
PF00623	PF00632
PF00623	PF00705
PF00623	PF00806
PF00623	PF01000
PF00623	PF01096
PF00623	PF01116
PF00623	PF01191
PF00623	PF01192
PF00623	PF01193
PF00623	PF01194
PF00623	PF02150
PF00623	PF02186
PF00623	PF02747
PF00623	PF03118
PF00623	PF03540
PF00623	PF03870
PF00623	PF03871
PF00623	PF03876
PF00623	PF04539
PF00623	PF04542
PF00623	PF04545
PF00623	PF04560
PF00623	PF04561
PF00623	PF04563
PF00623	PF04565
PF00623	PF04566
PF00623	PF04567
PF00623	PF04983
PF00623	PF04992
PF00623	PF04997
PF00623	PF04998
PF00623	PF05000
PF00623	PF08271
PF00625	PF00625
PF00625	PF00791
PF00625	PF01687
PF00625	PF02390
PF00625	PF02828
PF00625	PF07653
PF00625	PF12052
PF00626	PF00626
PF00626	PF00804
PF00626	PF01105
PF00626	PF01290
PF00626	PF02209
PF00626	PF04810
PF00626	PF04811
PF00626	PF04815
PF00626	PF05739
PF00626	PF08033
PF00626	PF11549
PF00627	PF00627
PF00627	PF00632
PF00627	PF00789
PF00627	PF00889
PF00627	PF01008
PF00627	PF01263
PF00627	PF01286
PF00627	PF01398
PF00627	PF01399
PF00627	PF01412
PF00627	PF01417
PF00627	PF01694
PF00627	PF01793
PF00627	PF01842
PF00627	PF01849
PF00627	PF01851
PF00627	PF01981
PF00627	PF02148
PF00627	PF02149
PF00627	PF02262
PF00627	PF02761
PF00627	PF02762
PF00627	PF03143
PF00627	PF03144
PF00627	PF06218
PF00627	PF07479
PF00627	PF07651
PF00627	PF07714
PF00627	PF09280
PF00628	PF00628
PF00628	PF00643
PF00628	PF00806
PF00628	PF00850
PF00628	PF00855
PF00628	PF00856
PF00628	PF01342
PF00628	PF01388
PF00628	PF01426
PF00628	PF01429
PF00628	PF01753
PF00628	PF01853
PF00628	PF02008
PF00628	PF02146
PF00628	PF02178
PF00628	PF02207
PF00628	PF02373
PF00628	PF02375
PF00628	PF02567
PF00628	PF02598
PF00628	PF02671
PF00628	PF02791
PF00628	PF02928
PF00628	PF03172
PF00628	PF05186
PF00628	PF05205
PF00628	PF05712
PF00628	PF07500
PF00628	PF07904
PF00628	PF08642
PF00628	PF08700
PF00628	PF08746
PF00629	PF00754
PF00629	PF00917
PF00629	PF01049
PF00629	PF01390
PF00629	PF01400
PF00629	PF01826
PF00630	PF00630
PF00630	PF00643
PF00630	PF01080
PF00630	PF01094
PF00630	PF01344
PF00630	PF01436
PF00630	PF01833
PF00630	PF03028
PF00630	PF07562
PF00631	PF00631
PF00632	PF00632
PF00632	PF00658
PF00632	PF00928
PF00632	PF01191
PF00632	PF01193
PF00632	PF02134
PF00632	PF02207
PF00632	PF02825
PF00632	PF07690
PF00633	PF00633
PF00633	PF00730
PF00633	PF00749
PF00633	PF01330
PF00633	PF01336
PF00633	PF01541
PF00633	PF01653
PF00633	PF01655
PF00633	PF01751
PF00633	PF02132
PF00633	PF02151
PF00633	PF02457
PF00633	PF02518
PF00633	PF02732
PF00633	PF02786
PF00633	PF03119
PF00633	PF03120
PF00633	PF03834
PF00633	PF04002
PF00633	PF04057
PF00633	PF04098
PF00633	PF04560
PF00633	PF04561
PF00633	PF04563
PF00633	PF04565
PF00633	PF04567
PF00633	PF07499
PF00633	PF07934
PF00633	PF08423
PF00633	PF10635
PF00634	PF08423
PF00635	PF00635
PF00635	PF01237
PF00635	PF03778
PF00635	PF04733
PF00635	PF08618
PF00636	PF00636
PF00636	PF00707
PF00636	PF00772
PF00636	PF00829
PF00636	PF00830
PF00636	PF00849
PF00636	PF00886
PF00636	PF00889
PF00636	PF01000
PF00636	PF01016
PF00636	PF01043
PF00636	PF01084
PF00636	PF01121
PF00636	PF01132
PF00636	PF01134
PF00636	PF01148
PF00636	PF01195
PF00636	PF01196
PF00636	PF01245
PF00636	PF01250
PF00636	PF01281
PF00636	PF01305
PF00636	PF01327
PF00636	PF01367
PF00636	PF01434
PF00636	PF01553
PF00636	PF01632
PF00636	PF01648
PF00636	PF01649
PF00636	PF01653
PF00636	PF01668
PF00636	PF01687
PF00636	PF01709
PF00636	PF01715
PF00636	PF01743
PF00636	PF01746
PF00636	PF01749
PF00636	PF01765
PF00636	PF01790
PF00636	PF01795
PF00636	PF01798
PF00636	PF01807
PF00636	PF02096
PF00636	PF02357
PF00636	PF02390
PF00636	PF02739
PF00636	PF02772
PF00636	PF02773
PF00636	PF02911
PF00636	PF03033
PF00636	PF03054
PF00636	PF03118
PF00636	PF03120
PF00636	PF03462
PF00636	PF03717
PF00636	PF03772
PF00636	PF03796
PF00636	PF05047
PF00637	PF00637
PF00637	PF00790
PF00637	PF00995
PF00637	PF01008
PF00637	PF01086
PF00637	PF01369
PF00637	PF01394
PF00637	PF01602
PF00637	PF02883
PF00637	PF03127
PF00637	PF04053
PF00637	PF04840
PF00637	PF04841
PF00637	PF05131
PF00637	PF07651
PF00638	PF00638
PF00638	PF00641
PF00638	PF00806
PF00638	PF00956
PF00638	PF01399
PF00638	PF02136
PF00638	PF03810
PF00638	PF03835
PF00638	PF04096
PF00638	PF04433
PF00638	PF05470
PF00638	PF05997
PF00638	PF08228
PF00638	PF08477
PF00638	PF08537
PF00638	PF08767
PF00639	PF00639
PF00639	PF01193
PF00639	PF01472
PF00639	PF01854
PF00639	PF02197
PF00639	PF04992
PF00639	PF07690
PF00639	PF08271
PF00639	PF09312
PF00640	PF00640
PF00640	PF02188
PF00640	PF02196
PF00640	PF08725
PF00640	PF10515
PF00641	PF00641
PF00641	PF00648
PF00641	PF00870
PF00641	PF00929
PF00641	PF01585
PF00641	PF02201
PF00641	PF02338
PF00641	PF03093
PF00641	PF07392
PF00642	PF00642
PF00642	PF01207
PF00642	PF01585
PF00642	PF01793
PF00642	PF01909
PF00642	PF02005
PF00642	PF03940
PF00642	PF04042
PF00642	PF04722
PF00642	PF05182
PF00642	PF07521
PF00643	PF00643
PF00643	PF00653
PF00643	PF00778
PF00643	PF01436
PF00643	PF02377
PF00643	PF02758
PF00643	PF03143
PF00643	PF03144
PF00644	PF00644
PF00644	PF00645
PF00644	PF01129
PF00644	PF02037
PF00644	PF02877
PF00645	PF01068
PF00645	PF02877
PF00645	PF04675
PF00645	PF04679
PF00645	PF05406
PF00646	PF00646
PF00646	PF00717
PF00646	PF00789
PF00646	PF00888
PF00646	PF00956
PF00646	PF01111
PF00646	PF01227
PF00646	PF01369
PF00646	PF01423
PF00646	PF01466
PF00646	PF01532
PF00646	PF01583
PF00646	PF01683
PF00646	PF01728
PF00646	PF01827
PF00646	PF01912
PF00646	PF02775
PF00646	PF02776
PF00646	PF02809
PF00646	PF02984
PF00646	PF03931
PF00646	PF04300
PF00646	PF07962
PF00646	PF07992
PF00647	PF02798
PF00647	PF03144
PF00647	PF03950
PF00647	PF06071
PF00648	PF00648
PF00648	PF00651
PF00648	PF00748
PF00648	PF01067
PF00648	PF04212
PF00649	PF01008
PF00649	PF01194
PF00649	PF01946
PF00649	PF03635
PF00649	PF08321
PF00650	PF00650
PF00650	PF01105
PF00650	PF01423
PF00650	PF03765
PF00650	PF04707
PF00650	PF05210
PF00651	PF00651
PF00651	PF00754
PF00651	PF00856
PF00651	PF00917
PF00651	PF00929
PF00651	PF01344
PF00651	PF01363
PF00651	PF01399
PF00651	PF01412
PF00651	PF02178
PF00651	PF02752
PF00651	PF02798
PF00651	PF02807
PF00651	PF03145
PF00651	PF03931
PF00651	PF03940
PF00651	PF05225
PF00651	PF07645
PF00651	PF07648
PF00651	PF07707
PF00652	PF00652
PF00652	PF01400
PF00652	PF02065
PF00652	PF03664
PF00652	PF05588
PF00652	PF07968
PF00653	PF00653
PF00653	PF00656
PF00653	PF01008
PF00653	PF01012
PF00653	PF01176
PF00653	PF02331
PF00653	PF03145
PF00653	PF05729
PF00653	PF09057
PF00654	PF00654
PF00654	PF07686
PF00656	PF00656
PF00656	PF01120
PF00656	PF01335
PF00656	PF02331
PF00656	PF03909
PF00656	PF08567
PF00657	PF00657
PF00657	PF01764
PF00657	PF03489
PF00657	PF03797
PF00658	PF00658
PF00658	PF01217
PF00658	PF01652
PF00658	PF02207
PF00658	PF07145
PF00659	PF00659
PF00660	PF00782
PF00660	PF00806
PF00660	PF00892
PF00660	PF00909
PF00660	PF01286
PF00660	PF01329
PF00660	PF01423
PF00660	PF03151
PF00660	PF03357
PF00660	PF03467
PF00660	PF05181
PF00660	PF05832
PF00660	PF08271
PF00660	PF09295
PF00664	PF00664
PF00664	PF01423
PF00664	PF03412
PF00664	PF04954
PF00665	PF00665
PF00665	PF00692
PF00665	PF01021
PF00665	PF01423
PF00665	PF01527
PF00665	PF01610
PF00665	PF02022
PF00665	PF03539
PF00665	PF06815
PF00665	PF06817
PF00665	PF11467
PF00667	PF00667
PF00667	PF01558
PF00667	PF01855
PF00667	PF02133
PF00667	PF02775
PF00667	PF02898
PF00667	PF04110
PF00667	PF07690
PF00668	PF00668
PF00668	PF00975
PF00668	PF02801
PF00669	PF00669
PF00669	PF00700
PF00669	PF02049
PF00669	PF02561
PF00669	PF07196
PF00670	PF00670
PF00670	PF05221
PF00672	PF00672
PF00672	PF00712
PF00672	PF00785
PF00672	PF00905
PF00672	PF00989
PF00672	PF00990
PF00672	PF01029
PF00672	PF01036
PF00672	PF01098
PF00672	PF01476
PF00672	PF01590
PF00672	PF01627
PF00672	PF02203
PF00672	PF02518
PF00672	PF02873
PF00673	PF00673
PF00673	PF00827
PF00673	PF00861
PF00673	PF01159
PF00673	PF01197
PF00673	PF03946
PF00673	PF04939
PF00674	PF01569
PF00674	PF02902
PF00674	PF08271
PF00675	PF00675
PF00675	PF00684
PF00675	PF01423
PF00675	PF01426
PF00675	PF01624
PF00675	PF02271
PF00675	PF02463
PF00675	PF02921
PF00675	PF02939
PF00675	PF05193
PF00675	PF08367
PF00675	PF09165
PF00676	PF00676
PF00676	PF00751
PF00676	PF00806
PF00676	PF01068
PF00676	PF02284
PF00676	PF02518
PF00676	PF02779
PF00676	PF02780
PF00676	PF02817
PF00676	PF04053
PF00676	PF05193
PF00676	PF08367
PF00676	PF12573
PF00677	PF00677
PF00679	PF00679
PF00679	PF01008
PF00679	PF01423
PF00679	PF01798
PF00679	PF03144
PF00679	PF03764
PF00679	PF03931
PF00679	PF03946
PF00679	PF06421
PF00680	PF00680
PF00680	PF00863
PF00680	PF00915
PF00680	PF00947
PF00680	PF02226
PF00680	PF05408
PF00681	PF00681
PF00681	PF02187
PF00681	PF03501
PF00682	PF00682
PF00682	PF00735
PF00682	PF01037
PF00682	PF01118
PF00682	PF02436
PF00682	PF02785
PF00682	PF02786
PF00682	PF07836
PF00682	PF08502
PF00682	PF09290
PF00683	PF07645
PF00684	PF00684
PF00684	PF01025
PF00684	PF01556
PF00684	PF02188
PF00684	PF06723
PF00684	PF08569
PF00685	PF00685
PF00686	PF00686
PF00686	PF00723
PF00686	PF01373
PF00686	PF01833
PF00686	PF02806
PF00687	PF00687
PF00687	PF00806
PF00687	PF00826
PF00687	PF00827
PF00687	PF01159
PF00687	PF01269
PF00687	PF02826
PF00687	PF05047
PF00687	PF06418
PF00688	PF00688
PF00688	PF01064
PF00689	PF00689
PF00689	PF00690
PF00689	PF00702
PF00689	PF00957
PF00689	PF02038
PF00689	PF04900
PF00690	PF00690
PF00690	PF00702
PF00690	PF00957
PF00690	PF04900
PF00691	PF00691
PF00691	PF01389
PF00691	PF04052
PF00691	PF07676
PF00692	PF00692
PF00692	PF01111
PF00692	PF01585
PF00692	PF01749
PF00692	PF02022
PF00692	PF02204
PF00692	PF06559
PF00692	PF06815
PF00692	PF06817
PF00693	PF00693
PF00694	PF00694
PF00694	PF00742
PF00694	PF01028
PF00694	PF01336
PF00694	PF02919
PF00696	PF00696
PF00696	PF00702
PF00696	PF00735
PF00696	PF00742
PF00696	PF01118
PF00696	PF01202
PF00696	PF01472
PF00696	PF01842
PF00696	PF02732
PF00696	PF02774
PF00696	PF03143
PF00696	PF03447
PF00696	PF04768
PF00696	PF08030
PF00697	PF00697
PF00697	PF00742
PF00697	PF00920
PF00698	PF00698
PF00698	PF00975
PF00698	PF01202
PF00698	PF01207
PF00698	PF01575
PF00698	PF01715
PF00698	PF01743
PF00698	PF02801
PF00698	PF02861
PF00698	PF02912
PF00698	PF03147
PF00698	PF08990
PF00699	PF00699
PF00699	PF01979
PF00699	PF02802
PF00700	PF00700
PF00700	PF02049
PF00700	PF02561
PF00700	PF07196
PF00701	PF00701
PF00702	PF00702
PF00702	PF00735
PF00702	PF00957
PF00702	PF00995
PF00702	PF01111
PF00702	PF01151
PF00702	PF01392
PF00702	PF01423
PF00702	PF01496
PF00702	PF01749
PF00702	PF01805
PF00702	PF01842
PF00702	PF02045
PF00702	PF02358
PF00702	PF03632
PF00702	PF03633
PF00702	PF03636
PF00702	PF03645
PF00702	PF04108
PF00702	PF04945
PF00702	PF05276
PF00702	PF05669
PF00702	PF06733
PF00702	PF06777
PF00702	PF07524
PF00702	PF07645
PF00702	PF08582
PF00702	PF09295
PF00703	PF00703
PF00703	PF02836
PF00703	PF02837
PF00703	PF02929
PF00703	PF02930
PF00703	PF04074
PF00704	PF00704
PF00704	PF00801
PF00704	PF01476
PF00704	PF01607
PF00704	PF01779
PF00704	PF02018
PF00704	PF02045
PF00704	PF02453
PF00704	PF02798
PF00704	PF02839
PF00704	PF03259
PF00704	PF08329
PF00705	PF00705
PF00705	PF00752
PF00705	PF00808
PF00705	PF00867
PF00705	PF01068
PF00705	PF01119
PF00705	PF01849
PF00705	PF01854
PF00705	PF02234
PF00705	PF02516
PF00705	PF02518
PF00705	PF02747
PF00705	PF04675
PF00705	PF04997
PF00705	PF04998
PF00705	PF08542
PF00707	PF00712
PF00707	PF00772
PF00707	PF00825
PF00707	PF00829
PF00707	PF00830
PF00707	PF00849
PF00707	PF00886
PF00707	PF00889
PF00707	PF00905
PF00707	PF00912
PF00707	PF01000
PF00707	PF01016
PF00707	PF01029
PF00707	PF01043
PF00707	PF01084
PF00707	PF01098
PF00707	PF01121
PF00707	PF01132
PF00707	PF01134
PF00707	PF01148
PF00707	PF01195
PF00707	PF01196
PF00707	PF01225
PF00707	PF01245
PF00707	PF01250
PF00707	PF01252
PF00707	PF01281
PF00707	PF01305
PF00707	PF01327
PF00707	PF01367
PF00707	PF01434
PF00707	PF01476
PF00707	PF01553
PF00707	PF01632
PF00707	PF01649
PF00707	PF01653
PF00707	PF01668
PF00707	PF01709
PF00707	PF01715
PF00707	PF01743
PF00707	PF01746
PF00707	PF01765
PF00707	PF01782
PF00707	PF01790
PF00707	PF01795
PF00707	PF01807
PF00707	PF02096
PF00707	PF02224
PF00707	PF02357
PF00707	PF02367
PF00707	PF02390
PF00707	PF02410
PF00707	PF02473
PF00707	PF02527
PF00707	PF02575
PF00707	PF02739
PF00707	PF02767
PF00707	PF02768
PF00707	PF02873
PF00707	PF02904
PF00707	PF02911
PF00707	PF02912
PF00707	PF03033
PF00707	PF03054
PF00707	PF03118
PF00707	PF03120
PF00707	PF03461
PF00707	PF03462
PF00707	PF03471
PF00707	PF03602
PF00707	PF03652
PF00707	PF03717
PF00707	PF03772
PF00707	PF03796
PF00707	PF03840
PF00708	PF00708
PF00708	PF00814
PF00708	PF01300
PF00709	PF00709
PF00709	PF01071
PF00709	PF01180
PF00709	PF01212
PF00709	PF01259
PF00709	PF01808
PF00709	PF01842
PF00709	PF02021
PF00709	PF02100
PF00709	PF02148
PF00709	PF02769
PF00710	PF00710
PF00710	PF00995
PF00710	PF02934
PF00710	PF03348
PF00710	PF08242
PF00710	PF08477
PF00711	PF00711
PF00712	PF00712
PF00712	PF00772
PF00712	PF00817
PF00712	PF00829
PF00712	PF00849
PF00712	PF00889
PF00712	PF00905
PF00712	PF00912
PF00712	PF01000
PF00712	PF01016
PF00712	PF01029
PF00712	PF01043
PF00712	PF01098
PF00712	PF01121
PF00712	PF01132
PF00712	PF01195
PF00712	PF01207
PF00712	PF01225
PF00712	PF01245
PF00712	PF01250
PF00712	PF01252
PF00712	PF01281
PF00712	PF01305
PF00712	PF01327
PF00712	PF01367
PF00712	PF01377
PF00712	PF01476
PF00712	PF01551
PF00712	PF01632
PF00712	PF01649
PF00712	PF01653
PF00712	PF01668
PF00712	PF01715
PF00712	PF01743
PF00712	PF01746
PF00712	PF01765
PF00712	PF01782
PF00712	PF01790
PF00712	PF01795
PF00712	PF01807
PF00712	PF01820
PF00712	PF02033
PF00712	PF02096
PF00712	PF02130
PF00712	PF02357
PF00712	PF02367
PF00712	PF02410
PF00712	PF02473
PF00712	PF02547
PF00712	PF02575
PF00712	PF02576
PF00712	PF02739
PF00712	PF02767
PF00712	PF02768
PF00712	PF02801
PF00712	PF02873
PF00712	PF02911
PF00712	PF02912
PF00712	PF03033
PF00712	PF03118
PF00712	PF03120
PF00712	PF03147
PF00712	PF03461
PF00712	PF03462
PF00712	PF03471
PF00712	PF03602
PF00712	PF03652
PF00712	PF03717
PF00712	PF03772
PF00712	PF03796
PF00712	PF03840
PF00714	PF00714
PF00714	PF01108
PF00714	PF07140
PF00715	PF00715
PF00715	PF09240
PF00716	PF00716
PF00717	PF00717
PF00717	PF00735
PF00717	PF00817
PF00717	PF01381
PF00717	PF06645
PF00717	PF10502
PF00718	PF00718
PF00718	PF00761
PF00719	PF00719
PF00719	PF01008
PF00719	PF02045
PF00721	PF00721
PF00722	PF00722
PF00722	PF00753
PF00722	PF02018
PF00722	PF02368
PF00722	PF02374
PF00722	PF06955
PF00723	PF00723
PF00723	PF03370
PF00723	PF09136
PF00723	PF09137
PF00723	PF09985
PF00724	PF00724
PF00724	PF02735
PF00724	PF03587
PF00724	PF07992
PF00725	PF00725
PF00725	PF02737
PF00725	PF02770
PF00725	PF02771
PF00725	PF03405
PF00726	PF00726
PF00726	PF01108
PF00726	PF07686
PF00726	PF09294
PF00727	PF09238
PF00727	PF09240
PF00728	PF00728
PF00728	PF02838
PF00728	PF03173
PF00728	PF03174
PF00729	PF00729
PF00729	PF08462
PF00730	PF00730
PF00730	PF01137
PF00730	PF01574
PF00730	PF02805
PF00730	PF02854
PF00730	PF03813
PF00730	PF05189
PF00730	PF05645
PF00730	PF06029
PF00730	PF07934
PF00730	PF10576
PF00731	PF00731
PF00731	PF01008
PF00731	PF01071
PF00731	PF01259
PF00731	PF01648
PF00731	PF02133
PF00731	PF02222
PF00731	PF02291
PF00731	PF02881
PF00731	PF02978
PF00731	PF03952
PF00731	PF05669
PF00731	PF08477
PF00732	PF00732
PF00732	PF05199
PF00733	PF00733
PF00733	PF02127
PF00733	PF03590
PF00733	PF09147
PF00734	PF00840
PF00734	PF02015
PF00735	PF00735
PF00735	PF00749
PF00735	PF00786
PF00735	PF00838
PF00735	PF01118
PF00735	PF01134
PF00735	PF01336
PF00735	PF01472
PF00735	PF01574
PF00735	PF01624
PF00735	PF01717
PF00735	PF01926
PF00735	PF02037
PF00735	PF02178
PF00735	PF02436
PF00735	PF02518
PF00735	PF02774
PF00735	PF02785
PF00735	PF02786
PF00735	PF02852
PF00735	PF02854
PF00735	PF02891
PF00735	PF03114
PF00735	PF03234
PF00735	PF03950
PF00735	PF05669
PF00735	PF08174
PF00735	PF08267
PF00735	PF08282
PF00735	PF08564
PF00735	PF08565
PF00736	PF00736
PF00736	PF00752
PF00736	PF00826
PF00736	PF00827
PF00736	PF00832
PF00736	PF00867
PF00736	PF00889
PF00736	PF00900
PF00736	PF00935
PF00736	PF01015
PF00736	PF01090
PF00736	PF01092
PF00736	PF01096
PF00736	PF01157
PF00736	PF01171
PF00736	PF01172
PF00736	PF01176
PF00736	PF01191
PF00736	PF01193
PF00736	PF01194
PF00736	PF01198
PF00736	PF01200
PF00736	PF01201
PF00736	PF01246
PF00736	PF01269
PF00736	PF01280
PF00736	PF01282
PF00736	PF01423
PF00736	PF01599
PF00736	PF01655
PF00736	PF01667
PF00736	PF01780
PF00736	PF01798
PF00736	PF01864
PF00736	PF01866
PF00736	PF01870
PF00736	PF01871
PF00736	PF01873
PF00736	PF01875
PF00736	PF01877
PF00736	PF01896
PF00736	PF01902
PF00736	PF01907
PF00736	PF01912
PF00736	PF01916
PF00736	PF01920
PF00736	PF01922
PF00736	PF01946
PF00736	PF01971
PF00736	PF01974
PF00736	PF01981
PF00736	PF01982
PF00736	PF01984
PF00736	PF02002
PF00736	PF02005
PF00736	PF02006
PF00736	PF02150
PF00736	PF02359
PF00736	PF02475
PF00736	PF02598
PF00736	PF02676
PF00736	PF02732
PF00736	PF02933
PF00736	PF02996
PF00736	PF03029
PF00736	PF03143
PF00736	PF03144
PF00736	PF03367
PF00736	PF03463
PF00736	PF03464
PF00736	PF03465
PF00736	PF03587
PF00736	PF03835
PF00737	PF06596
PF00740	PF00740
PF00741	PF05121
PF00742	PF00742
PF00742	PF00920
PF00742	PF01202
PF00742	PF01450
PF00742	PF01842
PF00742	PF02774
PF00742	PF03447
PF00743	PF00743
PF00745	PF05201
PF00746	PF01336
PF00746	PF01476
PF00746	PF02018
PF00746	PF02225
PF00746	PF02278
PF00746	PF02370
PF00746	PF02884
PF00746	PF04650
PF00746	PF05737
PF00746	PF05738
PF00746	PF07501
PF00747	PF00747
PF00748	PF00748
PF00748	PF01067
PF00749	PF00749
PF00749	PF02259
PF00749	PF02260
PF00749	PF02637
PF00749	PF03129
PF00749	PF03950
PF00750	PF00750
PF00750	PF01399
PF00750	PF03485
PF00750	PF05746
PF00751	PF01607
PF00751	PF02373
PF00751	PF03940
PF00751	PF04668
PF00751	PF07645
PF00752	PF00752
PF00752	PF00826
PF00752	PF00827
PF00752	PF00832
PF00752	PF00867
PF00752	PF00900
PF00752	PF00935
PF00752	PF01015
PF00752	PF01090
PF00752	PF01092
PF00752	PF01096
PF00752	PF01157
PF00752	PF01172
PF00752	PF01176
PF00752	PF01191
PF00752	PF01194
PF00752	PF01198
PF00752	PF01200
PF00752	PF01201
PF00752	PF01246
PF00752	PF01269
PF00752	PF01280
PF00752	PF01282
PF00752	PF01423
PF00752	PF01599
PF00752	PF01655
PF00752	PF01667
PF00752	PF01780
PF00752	PF01798
PF00752	PF01864
PF00752	PF01866
PF00752	PF01871
PF00752	PF01873
PF00752	PF01896
PF00752	PF01902
PF00752	PF01907
PF00752	PF01912
PF00752	PF01916
PF00752	PF01920
PF00752	PF01922
PF00752	PF01946
PF00752	PF01974
PF00752	PF01981
PF00752	PF01982
PF00752	PF01984
PF00752	PF01992
PF00752	PF02002
PF00752	PF02005
PF00752	PF02150
PF00752	PF02359
PF00752	PF02475
PF00752	PF02518
PF00752	PF02598
PF00752	PF02676
PF00752	PF02732
PF00752	PF02747
PF00752	PF02809
PF00752	PF02933
PF00752	PF02996
PF00752	PF03029
PF00752	PF03367
PF00752	PF03463
PF00752	PF03464
PF00752	PF03465
PF00752	PF03587
PF00752	PF04851
PF00752	PF07645
PF00753	PF00753
PF00753	PF01036
PF00753	PF01473
PF00753	PF01613
PF00753	PF02150
PF00753	PF03772
PF00753	PF03985
PF00753	PF04926
PF00753	PF05843
PF00753	PF06807
PF00753	PF07521
PF00753	PF07942
PF00753	PF10996
PF00754	PF00754
PF00754	PF01120
PF00754	PF01344
PF00754	PF01826
PF00754	PF02012
PF00754	PF05089
PF00754	PF05885
PF00754	PF07686
PF00754	PF07731
PF00754	PF10633
PF00755	PF00755
PF00755	PF01215
PF00755	PF01749
PF00755	PF01992
PF00755	PF02373
PF00755	PF04614
PF00756	PF00756
PF00756	PF00923
PF00756	PF01036
PF00756	PF01476
PF00756	PF02018
PF00756	PF02922
PF00756	PF03232
PF00756	PF11806
PF00757	PF00757
PF00757	PF01030
PF00757	PF01483
PF00757	PF02198
PF00757	PF02816
PF00757	PF07686
PF00757	PF07714
PF00758	PF00758
PF00758	PF07654
PF00758	PF07686
PF00758	PF09067
PF00759	PF00759
PF00759	PF00942
PF00759	PF02011
PF00759	PF02018
PF00759	PF02927
PF0076	PF07571
PF00760	PF00760
PF00762	PF00762
PF00762	PF01876
PF00762	PF02602
PF00762	PF03940
PF00762	PF05191
PF00762	PF07575
PF00762	PF08321
PF00763	PF00763
PF00763	PF00809
PF00763	PF01189
PF00763	PF01288
PF00763	PF01602
PF00763	PF02882
PF00763	PF08271
PF00764	PF00764
PF00764	PF00800
PF00764	PF00815
PF00764	PF00977
PF00764	PF01502
PF00764	PF01503
PF00764	PF01634
PF00764	PF01749
PF00764	PF02776
PF00764	PF02787
PF00764	PF06508
PF00766	PF01012
PF00766	PF02770
PF00768	PF00768
PF00768	PF07943
PF00768	PF09211
PF00769	PF00769
PF00769	PF09007
PF00769	PF09379
PF00769	PF09380
PF00770	PF02993
PF00771	PF00771
PF00771	PF00813
PF00771	PF01052
PF00771	PF01106
PF00771	PF01311
PF00771	PF01312
PF00771	PF01313
PF00771	PF01514
PF00772	PF00772
PF00772	PF00829
PF00772	PF00849
PF00772	PF00886
PF00772	PF00889
PF00772	PF00905
PF00772	PF00912
PF00772	PF01000
PF00772	PF01016
PF00772	PF01029
PF00772	PF01043
PF00772	PF01084
PF00772	PF01098
PF00772	PF01132
PF00772	PF01134
PF00772	PF01195
PF00772	PF01196
PF00772	PF01207
PF00772	PF01225
PF00772	PF01245
PF00772	PF01250
PF00772	PF01252
PF00772	PF01281
PF00772	PF01305
PF00772	PF01327
PF00772	PF01367
PF00772	PF01434
PF00772	PF01476
PF00772	PF01553
PF00772	PF01632
PF00772	PF01649
PF00772	PF01653
PF00772	PF01668
PF00772	PF01715
PF00772	PF01743
PF00772	PF01746
PF00772	PF01765
PF00772	PF01782
PF00772	PF01790
PF00772	PF01795
PF00772	PF01807
PF00772	PF01820
PF00772	PF02033
PF00772	PF02096
PF00772	PF02224
PF00772	PF02357
PF00772	PF02367
PF00772	PF02390
PF00772	PF02410
PF00772	PF02473
PF00772	PF02527
PF00772	PF02575
PF00772	PF02576
PF00772	PF02739
PF00772	PF02767
PF00772	PF02768
PF00772	PF02873
PF00772	PF02904
PF00772	PF02911
PF00772	PF02912
PF00772	PF03033
PF00772	PF03118
PF00772	PF03120
PF00772	PF03461
PF00772	PF03462
PF00772	PF03471
PF00772	PF03602
PF00772	PF03652
PF00772	PF03717
PF00772	PF03772
PF00772	PF03796
PF00772	PF03840
PF00773	PF00773
PF00773	PF01138
PF00773	PF02735
PF00774	PF00774
PF00775	PF00775
PF00775	PF04444
PF00775	PF12391
PF00778	PF00778
PF00778	PF00932
PF00778	PF02377
PF00779	PF00779
PF00781	PF00781
PF00781	PF00788
PF00781	PF02142
PF00781	PF04452
PF00782	PF00782
PF00782	PF00806
PF00782	PF00923
PF00782	PF01213
PF00782	PF01564
PF00782	PF01569
PF00782	PF10409
PF00783	PF01423
PF00783	PF02798
PF00784	PF00788
PF00785	PF00785
PF00785	PF00989
PF00785	PF00990
PF00785	PF01590
PF00785	PF01627
PF00785	PF01740
PF00785	PF02396
PF00785	PF02518
PF00785	PF02954
PF00786	PF00786
PF00786	PF00788
PF00786	PF01012
PF00786	PF02205
PF00786	PF03663
PF00786	PF04806
PF00786	PF04935
PF00787	PF00787
PF00787	PF00788
PF00787	PF00792
PF00787	PF00794
PF00787	PF01302
PF00787	PF01423
PF00787	PF01585
PF00787	PF01679
PF00787	PF01793
PF00787	PF01965
PF00787	PF01997
PF00787	PF02194
PF00787	PF02205
PF00787	PF03635
PF00787	PF03643
PF00787	PF03878
PF00787	PF04108
PF00787	PF04212
PF00787	PF04893
PF00787	PF05255
PF00787	PF05739
PF00787	PF10456
PF00788	PF00788
PF00788	PF01412
PF00788	PF01423
PF00788	PF01496
PF00788	PF01813
PF00788	PF01843
PF00788	PF02204
PF00788	PF04111
PF00788	PF05182
PF00788	PF07647
PF00789	PF00806
PF00789	PF02359
PF00789	PF02933
PF00790	PF00790
PF00790	PF01363
PF00790	PF01394
PF00790	PF02157
PF00790	PF02809
PF00790	PF02883
PF00790	PF03985
PF00790	PF04426
PF00791	PF00791
PF00792	PF00794
PF00792	PF04111
PF00793	PF00793
PF00793	PF00838
PF00793	PF00890
PF00793	PF01000
PF00793	PF01193
PF00793	PF01817
PF00793	PF02826
PF00793	PF05001
PF00795	PF00795
PF00795	PF00957
PF00795	PF01025
PF00795	PF01991
PF00795	PF02540
PF00795	PF02866
PF00796	PF02605
PF00796	PF03244
PF00796	PF07465
PF00797	PF00797
PF00798	PF02225
PF00798	PF07654
PF00800	PF00800
PF00800	PF00815
PF00800	PF00977
PF00800	PF01502
PF00800	PF01503
PF00800	PF01634
PF00800	PF01817
PF00800	PF01842
PF00800	PF02776
PF00801	PF01462
PF00801	PF01463
PF00801	PF01477
PF00801	PF01483
PF00801	PF01822
PF00801	PF01825
PF00801	PF02010
PF00801	PF02012
PF00804	PF00804
PF00804	PF00899
PF00804	PF00957
PF00804	PF00995
PF00804	PF01417
PF00804	PF01602
PF00804	PF01992
PF00804	PF02071
PF00804	PF02518
PF00804	PF02731
PF00804	PF02798
PF00804	PF04136
PF00804	PF04810
PF00804	PF04811
PF00804	PF04815
PF00804	PF05739
PF00804	PF08033
PF00805	PF00805
PF00805	PF02214
PF00806	PF00806
PF00806	PF00899
PF00806	PF00970
PF00806	PF01036
PF00806	PF01053
PF00806	PF01154
PF00806	PF01217
PF00806	PF01230
PF00806	PF01246
PF00806	PF01363
PF00806	PF01370
PF00806	PF01433
PF00806	PF01907
PF00806	PF01912
PF00806	PF01946
PF00806	PF01965
PF00806	PF02131
PF00806	PF02230
PF00806	PF02518
PF00806	PF02735
PF00806	PF02781
PF00806	PF02878
PF00806	PF02984
PF00806	PF03109
PF00806	PF03297
PF00806	PF03727
PF00806	PF03765
PF00806	PF03959
PF00806	PF04389
PF00806	PF04622
PF00806	PF04719
PF00806	PF04733
PF00806	PF04983
PF00806	PF04997
PF00806	PF04998
PF00806	PF05000
PF00806	PF05191
PF00806	PF06052
PF00806	PF06645
PF00806	PF06881
PF00806	PF07651
PF00806	PF07719
PF00806	PF07727
PF00806	PF08145
PF00806	PF08292
PF00806	PF08540
PF00808	PF00808
PF00808	PF00832
PF00808	PF01176
PF00808	PF01193
PF00808	PF01198
PF00808	PF01282
PF00808	PF01849
PF00808	PF01922
PF00808	PF01981
PF00808	PF01992
PF00808	PF02045
PF00808	PF02516
PF00808	PF02874
PF00808	PF03006
PF00808	PF03902
PF00808	PF04719
PF00808	PF06419
PF00809	PF00809
PF00809	PF01288
PF00809	PF02152
PF00809	PF02310
PF00809	PF02574
PF00809	PF02607
PF00809	PF02882
PF00809	PF02965
PF00810	PF01417
PF00810	PF01598
PF00810	PF02524
PF00812	PF00812
PF00812	PF01404
PF00813	PF01052
PF00813	PF01311
PF00813	PF01312
PF00813	PF01313
PF00813	PF01514
PF00813	PF04347
PF00814	PF00814
PF00814	PF01163
PF00814	PF01300
PF00814	PF04001
PF00814	PF08617
PF00814	PF08738
PF00814	PF09341
PF00815	PF00815
PF00815	PF00977
PF00815	PF01502
PF00815	PF01503
PF00815	PF01634
PF00815	PF02775
PF00815	PF02776
PF00815	PF03953
PF00816	PF00816
PF00816	PF01295
PF00816	PF01340
PF00816	PF01371
PF00816	PF01389
PF00816	PF02300
PF00816	PF02313
PF00816	PF02335
PF00816	PF02976
PF00816	PF03264
PF00816	PF03603
PF00816	PF03605
PF00816	PF03606
PF00816	PF03701
PF00816	PF03843
PF00816	PF03848
PF00817	PF00817
PF00817	PF01248
PF00817	PF02768
PF00817	PF11798
PF00817	PF11799
PF00820	PF00820
PF00820	PF07654
PF00820	PF07686
PF00821	PF00821
PF00823	PF00934
PF00825	PF00825
PF00825	PF00829
PF00825	PF01132
PF00825	PF01245
PF00825	PF01281
PF00825	PF01327
PF00825	PF01367
PF00825	PF01416
PF00825	PF01632
PF00825	PF01649
PF00825	PF01653
PF00825	PF01746
PF00825	PF01790
PF00825	PF01795
PF00825	PF01807
PF00825	PF02575
PF00825	PF02739
PF00825	PF02911
PF00825	PF02912
PF00825	PF03120
PF00825	PF03652
PF00825	PF03796
PF00826	PF00827
PF00826	PF00832
PF00826	PF00867
PF00826	PF00900
PF00826	PF00935
PF00826	PF00970
PF00826	PF01015
PF00826	PF01090
PF00826	PF01092
PF00826	PF01096
PF00826	PF01105
PF00826	PF01157
PF00826	PF01171
PF00826	PF01172
PF00826	PF01176
PF00826	PF01191
PF00826	PF01193
PF00826	PF01194
PF00826	PF01198
PF00826	PF01200
PF00826	PF01201
PF00826	PF01246
PF00826	PF01269
PF00826	PF01280
PF00826	PF01282
PF00826	PF01423
PF00826	PF01599
PF00826	PF01655
PF00826	PF01667
PF00826	PF01780
PF00826	PF01798
PF00826	PF01864
PF00826	PF01866
PF00826	PF01870
PF00826	PF01871
PF00826	PF01873
PF00826	PF01875
PF00826	PF01877
PF00826	PF01896
PF00826	PF01902
PF00826	PF01907
PF00826	PF01912
PF00826	PF01916
PF00826	PF01920
PF00826	PF01922
PF00826	PF01946
PF00826	PF01971
PF00826	PF01974
PF00826	PF01981
PF00826	PF01982
PF00826	PF01984
PF00826	PF02002
PF00826	PF02005
PF00826	PF02006
PF00826	PF02150
PF00826	PF02359
PF00826	PF02475
PF00826	PF02598
PF00826	PF02676
PF00826	PF02732
PF00826	PF02933
PF00826	PF02996
PF00826	PF03029
PF00826	PF03367
PF00826	PF03463
PF00826	PF03464
PF00826	PF03465
PF00826	PF03587
PF00826	PF06645
PF00827	PF00832
PF00827	PF00867
PF00827	PF00900
PF00827	PF00935
PF00827	PF01015
PF00827	PF01090
PF00827	PF01092
PF00827	PF01096
PF00827	PF01157
PF00827	PF01171
PF00827	PF01172
PF00827	PF01176
PF00827	PF01191
PF00827	PF01193
PF00827	PF01194
PF00827	PF01198
PF00827	PF01200
PF00827	PF01201
PF00827	PF01246
PF00827	PF01247
PF00827	PF01248
PF00827	PF01269
PF00827	PF01280
PF00827	PF01282
PF00827	PF01294
PF00827	PF01423
PF00827	PF01599
PF00827	PF01607
PF00827	PF01655
PF00827	PF01667
PF00827	PF01780
PF00827	PF01798
PF00827	PF01813
PF00827	PF01864
PF00827	PF01866
PF00827	PF01870
PF00827	PF01871
PF00827	PF01873
PF00827	PF01875
PF00827	PF01877
PF00827	PF01896
PF00827	PF01902
PF00827	PF01907
PF00827	PF01912
PF00827	PF01916
PF00827	PF01920
PF00827	PF01922
PF00827	PF01946
PF00827	PF01971
PF00827	PF01974
PF00827	PF01981
PF00827	PF01982
PF00827	PF01984
PF00827	PF02002
PF00827	PF02005
PF00827	PF02006
PF00827	PF02150
PF00827	PF02359
PF00827	PF02463
PF00827	PF02475
PF00827	PF02598
PF00827	PF02676
PF00827	PF02732
PF00827	PF02933
PF00827	PF02996
PF00827	PF03029
PF00827	PF03367
PF00827	PF03463
PF00827	PF03464
PF00827	PF03465
PF00827	PF03587
PF00827	PF04931
PF00827	PF06470
PF00828	PF00828
PF00828	PF00829
PF00828	PF01158
PF00828	PF01294
PF00828	PF01632
PF00828	PF03947
PF00828	PF04683
PF00829	PF00830
PF00829	PF00849
PF00829	PF00886
PF00829	PF00889
PF00829	PF00905
PF00829	PF00912
PF00829	PF01000
PF00829	PF01016
PF00829	PF01029
PF00829	PF01043
PF00829	PF01084
PF00829	PF01098
PF00829	PF01121
PF00829	PF01132
PF00829	PF01134
PF00829	PF01148
PF00829	PF01195
PF00829	PF01196
PF00829	PF01225
PF00829	PF01245
PF00829	PF01250
PF00829	PF01252
PF00829	PF01281
PF00829	PF01305
PF00829	PF01327
PF00829	PF01367
PF00829	PF01434
PF00829	PF01476
PF00829	PF01553
PF00829	PF01632
PF00829	PF01649
PF00829	PF01653
PF00829	PF01668
PF00829	PF01709
PF00829	PF01715
PF00829	PF01743
PF00829	PF01746
PF00829	PF01765
PF00829	PF01782
PF00829	PF01790
PF00829	PF01795
PF00829	PF01807
PF00829	PF01866
PF00829	PF02096
PF00829	PF02224
PF00829	PF02357
PF00829	PF02367
PF00829	PF02390
PF00829	PF02410
PF00829	PF02473
PF00829	PF02527
PF00829	PF02575
PF00829	PF02739
PF00829	PF02767
PF00829	PF02768
PF00829	PF02873
PF00829	PF02904
PF00829	PF02911
PF00829	PF02912
PF00829	PF03033
PF00829	PF03054
PF00829	PF03118
PF00829	PF03120
PF00829	PF03461
PF00829	PF03462
PF00829	PF03471
PF00829	PF03602
PF00829	PF03652
PF00829	PF03717
PF00829	PF03772
PF00829	PF03796
PF00829	PF03840
PF00830	PF00849
PF00830	PF00886
PF00830	PF00889
PF00830	PF01000
PF00830	PF01016
PF00830	PF01043
PF00830	PF01084
PF00830	PF01121
PF00830	PF01132
PF00830	PF01134
PF00830	PF01148
PF00830	PF01195
PF00830	PF01196
PF00830	PF01245
PF00830	PF01250
PF00830	PF01281
PF00830	PF01305
PF00830	PF01327
PF00830	PF01367
PF00830	PF01434
PF00830	PF01553
PF00830	PF01595
PF00830	PF01632
PF00830	PF01653
PF00830	PF01709
PF00830	PF01715
PF00830	PF01743
PF00830	PF01746
PF00830	PF01765
PF00830	PF01790
PF00830	PF01795
PF00830	PF01807
PF00830	PF02096
PF00830	PF02390
PF00830	PF02739
PF00830	PF02911
PF00830	PF03054
PF00830	PF03120
PF00830	PF03462
PF00830	PF03796
PF00830	PF05064
PF00831	PF02881
PF00831	PF05652
PF00831	PF05697
PF00832	PF00867
PF00832	PF00900
PF00832	PF00935
PF00832	PF01015
PF00832	PF01090
PF00832	PF01092
PF00832	PF01096
PF00832	PF01157
PF00832	PF01172
PF00832	PF01176
PF00832	PF01191
PF00832	PF01193
PF00832	PF01194
PF00832	PF01198
PF00832	PF01200
PF00832	PF01201
PF00832	PF01246
PF00832	PF01269
PF00832	PF01280
PF00832	PF01282
PF00832	PF01423
PF00832	PF01599
PF00832	PF01655
PF00832	PF01667
PF00832	PF01780
PF00832	PF01798
PF00832	PF01849
PF00832	PF01864
PF00832	PF01866
PF00832	PF01871
PF00832	PF01873
PF00832	PF01896
PF00832	PF01902
PF00832	PF01907
PF00832	PF01912
PF00832	PF01916
PF00832	PF01920
PF00832	PF01922
PF00832	PF01946
PF00832	PF01974
PF00832	PF01981
PF00832	PF01982
PF00832	PF01984
PF00832	PF02002
PF00832	PF02005
PF00832	PF02150
PF00832	PF02359
PF00832	PF02475
PF00832	PF02732
PF00832	PF02933
PF00832	PF02996
PF00832	PF03367
PF00832	PF03463
PF00832	PF03464
PF00832	PF03465
PF00832	PF03587
PF00832	PF08632
PF00833	PF01092
PF00833	PF01251
PF00833	PF01283
PF00833	PF01813
PF00834	PF00834
PF00835	PF00957
PF00835	PF05739
PF00836	PF03953
PF00838	PF00838
PF00838	PF01172
PF00838	PF01221
PF00838	PF01926
PF00838	PF01991
PF00838	PF02037
PF00838	PF04912
PF00839	PF04774
PF00840	PF00840
PF00842	PF00842
PF00842	PF01168
PF00842	PF01757
PF00846	PF00846
PF00847	PF00847
PF00847	PF02362
PF00848	PF00848
PF00848	PF00866
PF00849	PF00849
PF00849	PF00886
PF00849	PF00889
PF00849	PF00905
PF00849	PF01000
PF00849	PF01016
PF00849	PF01043
PF00849	PF01084
PF00849	PF01098
PF00849	PF01121
PF00849	PF01132
PF00849	PF01134
PF00849	PF01148
PF00849	PF01195
PF00849	PF01196
PF00849	PF01207
PF00849	PF01245
PF00849	PF01250
PF00849	PF01252
PF00849	PF01281
PF00849	PF01305
PF00849	PF01327
PF00849	PF01367
PF00849	PF01434
PF00849	PF01476
PF00849	PF01479
PF00849	PF01553
PF00849	PF01595
PF00849	PF01632
PF00849	PF01648
PF00849	PF01649
PF00849	PF01653
PF00849	PF01668
PF00849	PF01687
PF00849	PF01709
PF00849	PF01715
PF00849	PF01743
PF00849	PF01746
PF00849	PF01765
PF00849	PF01790
PF00849	PF01795
PF00849	PF01807
PF00849	PF02096
PF00849	PF02357
PF00849	PF02390
PF00849	PF02575
PF00849	PF02739
PF00849	PF02768
PF00849	PF02772
PF00849	PF02773
PF00849	PF02801
PF00849	PF02873
PF00849	PF02911
PF00849	PF03033
PF00849	PF03054
PF00849	PF03118
PF00849	PF03120
PF00849	PF03147
PF00849	PF03462
PF00849	PF03652
PF00849	PF03772
PF00849	PF03796
PF00849	PF04287
PF00850	PF00850
PF00850	PF01028
PF00850	PF01115
PF00850	PF01214
PF00850	PF01624
PF00850	PF01857
PF00850	PF01858
PF00850	PF02148
PF00850	PF02212
PF00850	PF02724
PF00850	PF02826
PF00850	PF02902
PF00850	PF02919
PF00850	PF05033
PF00850	PF05712
PF00850	PF09757
PF00853	PF00853
PF00853	PF02312
PF00854	PF04658
PF00855	PF00855
PF00855	PF00856
PF00855	PF01269
PF00855	PF01624
PF00855	PF01753
PF00855	PF02045
PF00855	PF02178
PF00855	PF04427
PF00855	PF04939
PF00855	PF05188
PF00855	PF05190
PF00855	PF05192
PF00855	PF05890
PF00855	PF06870
PF00855	PF08271
PF00856	PF00856
PF00856	PF01426
PF00856	PF01429
PF00856	PF01753
PF00856	PF01992
PF00856	PF02008
PF00856	PF02146
PF00856	PF02178
PF00856	PF02493
PF00856	PF05033
PF00856	PF07645
PF00856	PF09273
PF00857	PF00857
PF00858	PF00858
PF00858	PF04145
PF00861	PF01016
PF00861	PF01157
PF00861	PF01602
PF00861	PF04427
PF00863	PF00863
PF00864	PF00864
PF00864	PF00928
PF00866	PF00866
PF00867	PF00867
PF00867	PF00900
PF00867	PF00935
PF00867	PF01015
PF00867	PF01090
PF00867	PF01092
PF00867	PF01096
PF00867	PF01157
PF00867	PF01171
PF00867	PF01172
PF00867	PF01176
PF00867	PF01191
PF00867	PF01193
PF00867	PF01194
PF00867	PF01198
PF00867	PF01200
PF00867	PF01201
PF00867	PF01246
PF00867	PF01269
PF00867	PF01280
PF00867	PF01282
PF00867	PF01423
PF00867	PF01599
PF00867	PF01655
PF00867	PF01667
PF00867	PF01780
PF00867	PF01798
PF00867	PF01864
PF00867	PF01866
PF00867	PF01870
PF00867	PF01871
PF00867	PF01873
PF00867	PF01875
PF00867	PF01877
PF00867	PF01896
PF00867	PF01902
PF00867	PF01907
PF00867	PF01912
PF00867	PF01916
PF00867	PF01920
PF00867	PF01922
PF00867	PF01946
PF00867	PF01971
PF00867	PF01974
PF00867	PF01981
PF00867	PF01982
PF00867	PF01984
PF00867	PF01992
PF00867	PF02002
PF00867	PF02005
PF00867	PF02006
PF00867	PF02150
PF00867	PF02359
PF00867	PF02475
PF00867	PF02518
PF00867	PF02598
PF00867	PF02676
PF00867	PF02732
PF00867	PF02747
PF00867	PF02809
PF00867	PF02933
PF00867	PF02996
PF00867	PF03029
PF00867	PF03367
PF00867	PF03463
PF00867	PF03464
PF00867	PF03465
PF00867	PF03587
PF00867	PF05188
PF00867	PF07645
PF00868	PF00868
PF00868	PF00927
PF00868	PF01841
PF00869	PF00869
PF00869	PF00949
PF00869	PF00972
PF00869	PF01570
PF00869	PF01728
PF00869	PF02832
PF00869	PF07686
PF00870	PF00870
PF00870	PF02201
PF00870	PF02525
PF00870	PF06431
PF00870	PF07392
PF00870	PF09287
PF00871	PF00871
PF00871	PF01326
PF00871	PF02896
PF00873	PF00873
PF00873	PF02699
PF00874	PF00874
PF00874	PF02255
PF00874	PF02302
PF00874	PF03123
PF00874	PF03610
PF00875	PF00875
PF00875	PF03441
PF00876	PF01607
PF00876	PF02096
PF00876	PF04710
PF00877	PF00877
PF00877	PF01464
PF00877	PF01476
PF00878	PF00878
PF00881	PF00881
PF00881	PF01242
PF00882	PF00882
PF00882	PF01477
PF00883	PF00883
PF00883	PF01679
PF00883	PF02789
PF00884	PF00884
PF00884	PF03781
PF00885	PF00885
PF00885	PF00926
PF00885	PF01687
PF00885	PF01872
PF00885	PF02330
PF00885	PF02574
PF00885	PF06574
PF00886	PF00889
PF00886	PF01000
PF00886	PF01016
PF00886	PF01043
PF00886	PF01084
PF00886	PF01121
PF00886	PF01132
PF00886	PF01134
PF00886	PF01142
PF00886	PF01148
PF00886	PF01195
PF00886	PF01196
PF00886	PF01245
PF00886	PF01250
PF00886	PF01281
PF00886	PF01305
PF00886	PF01327
PF00886	PF01367
PF00886	PF01412
PF00886	PF01434
PF00886	PF01553
PF00886	PF01632
PF00886	PF01648
PF00886	PF01649
PF00886	PF01653
PF00886	PF01668
PF00886	PF01687
PF00886	PF01709
PF00886	PF01715
PF00886	PF01743
PF00886	PF01746
PF00886	PF01765
PF00886	PF01790
PF00886	PF01795
PF00886	PF01807
PF00886	PF02096
PF00886	PF02357
PF00886	PF02390
PF00886	PF02739
PF00886	PF02772
PF00886	PF02773
PF00886	PF02911
PF00886	PF03033
PF00886	PF03054
PF00886	PF03118
PF00886	PF03120
PF00886	PF03462
PF00886	PF03719
PF00886	PF03772
PF00886	PF03796
PF00886	PF08293
PF00886	PF09243
PF00887	PF00887
PF00887	PF02116
PF00887	PF02174
PF00887	PF03161
PF00887	PF03177
PF00888	PF00888
PF00888	PF01111
PF00888	PF01459
PF00888	PF01466
PF00888	PF02775
PF00888	PF02776
PF00888	PF02985
PF00888	PF03178
PF00888	PF03256
PF00888	PF03931
PF00888	PF04191
PF00888	PF05387
PF00888	PF07719
PF00888	PF08233
PF00888	PF08623
PF00888	PF10557
PF00889	PF00889
PF00889	PF00905
PF00889	PF01000
PF00889	PF01016
PF00889	PF01043
PF00889	PF01084
PF00889	PF01098
PF00889	PF01121
PF00889	PF01132
PF00889	PF01134
PF00889	PF01148
PF00889	PF01195
PF00889	PF01196
PF00889	PF01245
PF00889	PF01250
PF00889	PF01252
PF00889	PF01281
PF00889	PF01305
PF00889	PF01327
PF00889	PF01367
PF00889	PF01434
PF00889	PF01476
PF00889	PF01553
PF00889	PF01632
PF00889	PF01648
PF00889	PF01649
PF00889	PF01653
PF00889	PF01668
PF00889	PF01687
PF00889	PF01709
PF00889	PF01715
PF00889	PF01743
PF00889	PF01746
PF00889	PF01765
PF00889	PF01790
PF00889	PF01795
PF00889	PF01807
PF00889	PF02096
PF00889	PF02224
PF00889	PF02357
PF00889	PF02367
PF00889	PF02390
PF00889	PF02527
PF00889	PF02575
PF00889	PF02739
PF00889	PF02767
PF00889	PF02768
PF00889	PF02772
PF00889	PF02773
PF00889	PF02873
PF00889	PF02904
PF00889	PF02911
PF00889	PF03033
PF00889	PF03054
PF00889	PF03118
PF00889	PF03120
PF00889	PF03143
PF00889	PF03144
PF00889	PF03431
PF00889	PF03461
PF00889	PF03462
PF00889	PF03471
PF00889	PF03602
PF00889	PF03652
PF00889	PF03717
PF00889	PF03772
PF00889	PF03796
PF00889	PF03840
PF00890	PF00890
PF00890	PF01127
PF00890	PF02300
PF00890	PF02852
PF00890	PF02910
PF00890	PF04268
PF00890	PF12139
PF00891	PF00891
PF00891	PF08100
PF00892	PF01096
PF00892	PF01598
PF00892	PF02071
PF00892	PF02150
PF00892	PF03983
PF00892	PF04366
PF00893	PF00893
PF00896	PF00896
PF00896	PF01749
PF00897	PF00897
PF00897	PF01700
PF00899	PF00899
PF00899	PF00996
PF00899	PF01227
PF00899	PF01432
PF00899	PF02134
PF00899	PF02597
PF00899	PF04926
PF00899	PF05237
PF00899	PF08271
PF00899	PF08477
PF00899	PF08546
PF00899	PF08825
PF00899	PF09358
PF00899	PF10585
PF00899	PF11976
PF00900	PF00935
PF00900	PF01015
PF00900	PF01090
PF00900	PF01092
PF00900	PF01096
PF00900	PF01157
PF00900	PF01171
PF00900	PF01172
PF00900	PF01176
PF00900	PF01191
PF00900	PF01193
PF00900	PF01194
PF00900	PF01198
PF00900	PF01200
PF00900	PF01201
PF00900	PF01246
PF00900	PF01269
PF00900	PF01280
PF00900	PF01282
PF00900	PF01423
PF00900	PF01479
PF00900	PF01599
PF00900	PF01655
PF00900	PF01667
PF00900	PF01780
PF00900	PF01798
PF00900	PF01864
PF00900	PF01866
PF00900	PF01870
PF00900	PF01871
PF00900	PF01873
PF00900	PF01875
PF00900	PF01877
PF00900	PF01896
PF00900	PF01902
PF00900	PF01907
PF00900	PF01912
PF00900	PF01916
PF00900	PF01920
PF00900	PF01922
PF00900	PF01946
PF00900	PF01971
PF00900	PF01974
PF00900	PF01981
PF00900	PF01982
PF00900	PF01984
PF00900	PF02002
PF00900	PF02005
PF00900	PF02006
PF00900	PF02150
PF00900	PF02359
PF00900	PF02475
PF00900	PF02598
PF00900	PF02676
PF00900	PF02732
PF00900	PF02933
PF00900	PF02996
PF00900	PF03029
PF00900	PF03367
PF00900	PF03463
PF00900	PF03464
PF00900	PF03465
PF00900	PF03587
PF00901	PF00901
PF00903	PF00903
PF00905	PF00905
PF00905	PF00912
PF00905	PF01000
PF00905	PF01016
PF00905	PF01029
PF00905	PF01043
PF00905	PF01098
PF00905	PF01121
PF00905	PF01132
PF00905	PF01195
PF00905	PF01207
PF00905	PF01225
PF00905	PF01245
PF00905	PF01250
PF00905	PF01252
PF00905	PF01281
PF00905	PF01305
PF00905	PF01327
PF00905	PF01367
PF00905	PF01377
PF00905	PF01476
PF00905	PF01551
PF00905	PF01632
PF00905	PF01649
PF00905	PF01653
PF00905	PF01668
PF00905	PF01715
PF00905	PF01743
PF00905	PF01746
PF00905	PF01765
PF00905	PF01782
PF00905	PF01790
PF00905	PF01795
PF00905	PF01807
PF00905	PF01820
PF00905	PF02033
PF00905	PF02096
PF00905	PF02130
PF00905	PF02357
PF00905	PF02367
PF00905	PF02410
PF00905	PF02473
PF00905	PF02547
PF00905	PF02575
PF00905	PF02576
PF00905	PF02739
PF00905	PF02767
PF00905	PF02768
PF00905	PF02801
PF00905	PF02873
PF00905	PF02911
PF00905	PF02912
PF00905	PF03033
PF00905	PF03118
PF00905	PF03120
PF00905	PF03147
PF00905	PF03461
PF00905	PF03462
PF00905	PF03471
PF00905	PF03602
PF00905	PF03652
PF00905	PF03717
PF00905	PF03772
PF00905	PF03793
PF00905	PF03796
PF00905	PF03840
PF00905	PF05223
PF00906	PF00906
PF00907	PF00907
PF00907	PF00929
PF00907	PF01223
PF00908	PF00908
PF00908	PF02348
PF00908	PF02350
PF00908	PF03275
PF00908	PF04321
PF00909	PF00909
PF00909	PF02798
PF00910	PF00915
PF00912	PF00912
PF00912	PF01029
PF00912	PF01098
PF00912	PF01132
PF00912	PF01225
PF00912	PF01245
PF00912	PF01252
PF00912	PF01281
PF00912	PF01327
PF00912	PF01367
PF00912	PF01476
PF00912	PF01551
PF00912	PF01632
PF00912	PF01653
PF00912	PF01715
PF00912	PF01743
PF00912	PF01746
PF00912	PF01782
PF00912	PF01790
PF00912	PF01795
PF00912	PF01807
PF00912	PF02130
PF00912	PF02357
PF00912	PF02367
PF00912	PF02410
PF00912	PF02473
PF00912	PF02527
PF00912	PF02547
PF00912	PF02576
PF00912	PF02739
PF00912	PF02767
PF00912	PF02768
PF00912	PF02873
PF00912	PF02911
PF00912	PF02912
PF00912	PF03033
PF00912	PF03120
PF00912	PF03461
PF00912	PF03471
PF00912	PF03602
PF00912	PF03717
PF00912	PF03796
PF00912	PF03840
PF00913	PF00913
PF00915	PF00915
PF00915	PF03510
PF00915	PF08435
PF00916	PF02735
PF00917	PF00917
PF00917	PF01400
PF00917	PF01851
PF00917	PF02176
PF00917	PF04615
PF00917	PF05297
PF00917	PF09034
PF00919	PF01938
PF00920	PF00920
PF00920	PF01450
PF00921	PF00921
PF00921	PF01441
PF00922	PF00922
PF00922	PF00945
PF00923	PF00923
PF00923	PF01262
PF00923	PF04722
PF00923	PF05179
PF00923	PF05222
PF00924	PF00924
PF00924	PF05552
PF00925	PF00925
PF00925	PF00926
PF00925	PF01243
PF00926	PF00926
PF00926	PF01687
PF00926	PF01749
PF00926	PF01872
PF00926	PF06574
PF00927	PF00927
PF00927	PF01841
PF00928	PF00928
PF00928	PF01137
PF00928	PF01217
PF00928	PF01263
PF00928	PF01370
PF00928	PF01388
PF00928	PF01602
PF00928	PF01749
PF00928	PF01776
PF00928	PF01912
PF00928	PF01926
PF00928	PF02779
PF00928	PF02780
PF00928	PF02883
PF00928	PF03143
PF00928	PF03332
PF00928	PF03935
PF00928	PF04427
PF00928	PF05189
PF00928	PF05387
PF00928	PF08282
PF00929	PF00929
PF00929	PF01294
PF00929	PF01336
PF00929	PF01541
PF00929	PF02037
PF00929	PF02100
PF00929	PF02231
PF00929	PF02811
PF00929	PF03098
PF00929	PF03940
PF00929	PF04110
PF00929	PF04437
PF00929	PF05903
PF00929	PF06440
PF00929	PF08411
PF00930	PF00930
PF00930	PF00962
PF00930	PF01423
PF00931	PF00931
PF00931	PF01582
PF00931	PF02180
PF00931	PF02671
PF00931	PF03106
PF00932	PF00932
PF00932	PF02377
PF00932	PF02887
PF00933	PF00933
PF00933	PF01915
PF00934	PF00934
PF00935	PF01015
PF00935	PF01090
PF00935	PF01092
PF00935	PF01096
PF00935	PF01157
PF00935	PF01171
PF00935	PF01172
PF00935	PF01176
PF00935	PF01191
PF00935	PF01193
PF00935	PF01194
PF00935	PF01198
PF00935	PF01200
PF00935	PF01201
PF00935	PF01246
PF00935	PF01269
PF00935	PF01280
PF00935	PF01282
PF00935	PF01423
PF00935	PF01599
PF00935	PF01655
PF00935	PF01667
PF00935	PF01780
PF00935	PF01798
PF00935	PF01864
PF00935	PF01866
PF00935	PF01871
PF00935	PF01873
PF00935	PF01896
PF00935	PF01902
PF00935	PF01907
PF00935	PF01912
PF00935	PF01916
PF00935	PF01920
PF00935	PF01922
PF00935	PF01946
PF00935	PF01974
PF00935	PF01981
PF00935	PF01982
PF00935	PF01984
PF00935	PF02002
PF00935	PF02005
PF00935	PF02150
PF00935	PF02359
PF00935	PF02475
PF00935	PF02732
PF00935	PF02933
PF00935	PF02996
PF00935	PF03367
PF00935	PF03463
PF00935	PF03464
PF00935	PF03465
PF00935	PF03587
PF00935	PF03941
PF00936	PF00936
PF00937	PF00937
PF00939	PF02080
PF00940	PF00940
PF00940	PF01510
PF00940	PF03663
PF00941	PF01315
PF00941	PF01799
PF00941	PF02738
PF00941	PF03450
PF00942	PF00942
PF00942	PF00963
PF00942	PF02011
PF00942	PF03442
PF00943	PF00944
PF00944	PF00944
PF00944	PF01589
PF00945	PF00945
PF00947	PF00947
PF00947	PF02226
PF00949	PF00949
PF00949	PF00972
PF00949	PF01002
PF00949	PF01728
PF00949	PF02832
PF00949	PF07652
PF00950	PF02742
PF00956	PF00956
PF00956	PF01593
PF00956	PF02045
PF00956	PF02437
PF00956	PF03810
PF00956	PF04502
PF00956	PF05285
PF00956	PF05485
PF00956	PF06723
PF00956	PF07904
PF00956	PF08214
PF00956	PF09295
PF00957	PF00957
PF00957	PF00995
PF00957	PF01217
PF00957	PF01412
PF00957	PF01602
PF00957	PF01742
PF00957	PF01781
PF00957	PF02071
PF00957	PF02991
PF00957	PF04136
PF00957	PF04733
PF00957	PF05008
PF00957	PF05739
PF00957	PF05835
PF00957	PF07823
PF00957	PF08314
PF00957	PF12352
PF00958	PF00958
PF00958	PF02540
PF00958	PF03054
PF00959	PF00959
PF00959	PF01183
PF00959	PF01476
PF00959	PF01510
PF00959	PF02198
PF00959	PF06714
PF00959	PF06715
PF00960	PF00960
PF00961	PF00961
PF00962	PF00962
PF00962	PF02195
PF00962	PF08451
PF00962	PF08622
PF00963	PF00963
PF00963	PF01373
PF00963	PF01670
PF00963	PF12135
PF00964	PF00964
PF00965	PF01421
PF00969	PF00969
PF00969	PF00993
PF00969	PF01669
PF00969	PF02072
PF00969	PF02876
PF00969	PF07654
PF00969	PF07686
PF00969	PF09245
PF00969	PF09291
PF00969	PF09307
PF00970	PF00970
PF00970	PF01158
PF00970	PF01180
PF00970	PF01269
PF00970	PF01459
PF00970	PF01780
PF00970	PF02297
PF00970	PF02732
PF00970	PF03404
PF00970	PF08271
PF00970	PF09295
PF00970	PF10418
PF00972	PF00972
PF00972	PF01728
PF00972	PF02832
PF00973	PF01806
PF00973	PF08380
PF00974	PF00974
PF00975	PF00975
PF00975	PF02801
PF00977	PF00977
PF00977	PF01161
PF00977	PF01502
PF00977	PF01503
PF00977	PF01634
PF00977	PF01885
PF00977	PF02776
PF00978	PF01443
PF00978	PF01660
PF00978	PF05892
PF00979	PF00979
PF00979	PF05993
PF00980	PF00980
PF00980	PF05087
PF00982	PF00982
PF00982	PF01253
PF00982	PF01423
PF00982	PF02358
PF00982	PF02735
PF00982	PF03727
PF00982	PF03951
PF00982	PF04115
PF00982	PF04145
PF00982	PF07065
PF00982	PF08240
PF00983	PF00983
PF00984	PF00984
PF00984	PF03720
PF00984	PF03721
PF00986	PF01751
PF00986	PF01844
PF00988	PF01214
PF00988	PF01979
PF00988	PF02142
PF00988	PF02729
PF00988	PF02786
PF00988	PF02787
PF00988	PF03501
PF00989	PF00989
PF00989	PF00990
PF00989	PF01339
PF00989	PF01590
PF00989	PF01627
PF00989	PF01739
PF00989	PF02396
PF00989	PF02518
PF00989	PF02954
PF00989	PF03705
PF00989	PF03707
PF00989	PF07469
PF00990	PF00990
PF00990	PF01590
PF00991	PF02374
PF00991	PF02706
PF00992	PF00992
PF00992	PF04942
PF00993	PF00993
PF00993	PF01123
PF00993	PF01669
PF00993	PF02072
PF00993	PF02876
PF00993	PF07654
PF00993	PF07686
PF00993	PF09245
PF00993	PF09307
PF00994	PF00994
PF00994	PF01106
PF00994	PF01967
PF00994	PF02391
PF00994	PF02464
PF00994	PF03205
PF00994	PF03453
PF00994	PF03454
PF00995	PF00995
PF00995	PF01027
PF00995	PF01363
PF00995	PF02071
PF00995	PF03051
PF00995	PF03399
PF00995	PF05008
PF00995	PF05739
PF00995	PF11416
PF00996	PF00996
PF00996	PF01239
PF00996	PF01412
PF00996	PF07647
PF00998	PF00998
PF00998	PF01006
PF00998	PF02907
PF00999	PF02080
PF00999	PF02254
PF00999	PF03471
PF00999	PF04004
PF00999	PF07576
PF01000	PF01016
PF01000	PF01043
PF01000	PF01074
PF01000	PF01084
PF01000	PF01098
PF01000	PF01121
PF01000	PF01132
PF01000	PF01134
PF01000	PF01148
PF01000	PF01191
PF01000	PF01193
PF01000	PF01194
PF01000	PF01195
PF01000	PF01196
PF01000	PF01207
PF01000	PF01245
PF01000	PF01250
PF01000	PF01252
PF01000	PF01281
PF01000	PF01305
PF01000	PF01327
PF01000	PF01367
PF01000	PF01380
PF01000	PF01434
PF01000	PF01476
PF01000	PF01553
PF01000	PF01632
PF01000	PF01648
PF01000	PF01649
PF01000	PF01653
PF01000	PF01668
PF01000	PF01687
PF01000	PF01709
PF01000	PF01715
PF01000	PF01743
PF01000	PF01746
PF01000	PF01765
PF01000	PF01790
PF01000	PF01795
PF01000	PF01807
PF01000	PF02096
PF01000	PF02224
PF01000	PF02357
PF01000	PF02367
PF01000	PF02390
PF01000	PF02463
PF01000	PF02527
PF01000	PF02575
PF01000	PF02739
PF01000	PF02767
PF01000	PF02768
PF01000	PF02772
PF01000	PF02773
PF01000	PF02785
PF01000	PF02786
PF01000	PF02873
PF01000	PF02904
PF01000	PF02911
PF01000	PF03033
PF01000	PF03054
PF01000	PF03118
PF01000	PF03120
PF01000	PF03446
PF01000	PF03461
PF01000	PF03462
PF01000	PF03471
PF01000	PF03602
PF01000	PF03604
PF01000	PF03652
PF01000	PF03717
PF01000	PF03772
PF01000	PF03796
PF01000	PF03840
PF01000	PF03870
PF01000	PF03871
PF01000	PF03876
PF01000	PF03950
PF01000	PF04181
PF01000	PF04560
PF01000	PF04561
PF01000	PF04563
PF01000	PF04565
PF01000	PF04566
PF01000	PF04567
PF01000	PF04983
PF01000	PF04997
PF01000	PF04998
PF01000	PF05000
PF01000	PF07478
PF01000	PF07748
PF01000	PF08264
PF01003	PF01003
PF01006	PF01006
PF01006	PF02907
PF01007	PF01007
PF01007	PF02080
PF01007	PF02214
PF01007	PF02254
PF01008	PF01008
PF01008	PF01089
PF01008	PF01133
PF01008	PF01259
PF01008	PF01329
PF01008	PF01409
PF01008	PF01412
PF01008	PF01423
PF01008	PF01553
PF01008	PF01813
PF01008	PF01873
PF01008	PF02020
PF01008	PF02222
PF01008	PF02548
PF01008	PF02551
PF01008	PF02782
PF01008	PF03029
PF01008	PF03061
PF01008	PF03144
PF01008	PF03398
PF01008	PF03676
PF01008	PF04082
PF01008	PF04108
PF01008	PF04129
PF01008	PF04446
PF01008	PF05032
PF01008	PF05057
PF01008	PF07081
PF01008	PF07478
PF01008	PF07541
PF01008	PF07992
PF01008	PF08577
PF01008	PF08622
PF01008	PF09173
PF01011	PF01011
PF01011	PF02315
PF01011	PF10527
PF01011	PF10535
PF01012	PF01012
PF01012	PF02771
PF01012	PF05997
PF01012	PF07992
PF01012	PF08271
PF01012	PF09302
PF01014	PF01014
PF01014	PF01607
PF01014	PF02100
PF01015	PF01090
PF01015	PF01092
PF01015	PF01096
PF01015	PF01157
PF01015	PF01163
PF01015	PF01171
PF01015	PF01172
PF01015	PF01176
PF01015	PF01191
PF01015	PF01193
PF01015	PF01194
PF01015	PF01198
PF01015	PF01200
PF01015	PF01201
PF01015	PF01246
PF01015	PF01269
PF01015	PF01280
PF01015	PF01282
PF01015	PF01283
PF01015	PF01423
PF01015	PF01599
PF01015	PF01655
PF01015	PF01667
PF01015	PF01780
PF01015	PF01798
PF01015	PF01864
PF01015	PF01866
PF01015	PF01870
PF01015	PF01871
PF01015	PF01873
PF01015	PF01875
PF01015	PF01877
PF01015	PF01896
PF01015	PF01902
PF01015	PF01907
PF01015	PF01912
PF01015	PF01916
PF01015	PF01920
PF01015	PF01922
PF01015	PF01946
PF01015	PF01971
PF01015	PF01974
PF01015	PF01981
PF01015	PF01982
PF01015	PF01984
PF01015	PF02002
PF01015	PF02005
PF01015	PF02006
PF01015	PF02150
PF01015	PF02359
PF01015	PF02475
PF01015	PF02598
PF01015	PF02676
PF01015	PF02732
PF01015	PF02933
PF01015	PF02996
PF01015	PF03029
PF01015	PF03367
PF01015	PF03463
PF01015	PF03464
PF01015	PF03465
PF01015	PF03501
PF01015	PF03587
PF01015	PF04433
PF01016	PF01016
PF01016	PF01043
PF01016	PF01084
PF01016	PF01098
PF01016	PF01121
PF01016	PF01132
PF01016	PF01134
PF01016	PF01148
PF01016	PF01195
PF01016	PF01196
PF01016	PF01207
PF01016	PF01245
PF01016	PF01250
PF01016	PF01252
PF01016	PF01281
PF01016	PF01305
PF01016	PF01327
PF01016	PF01367
PF01016	PF01434
PF01016	PF01476
PF01016	PF01553
PF01016	PF01595
PF01016	PF01632
PF01016	PF01648
PF01016	PF01649
PF01016	PF01653
PF01016	PF01668
PF01016	PF01687
PF01016	PF01709
PF01016	PF01715
PF01016	PF01743
PF01016	PF01746
PF01016	PF01765
PF01016	PF01790
PF01016	PF01795
PF01016	PF01798
PF01016	PF01807
PF01016	PF02096
PF01016	PF02357
PF01016	PF02390
PF01016	PF02575
PF01016	PF02739
PF01016	PF02768
PF01016	PF02772
PF01016	PF02773
PF01016	PF02801
PF01016	PF02873
PF01016	PF02911
PF01016	PF03033
PF01016	PF03054
PF01016	PF03118
PF01016	PF03120
PF01016	PF03147
PF01016	PF03462
PF01016	PF03652
PF01016	PF03772
PF01016	PF03796
PF01016	PF05047
PF01017	PF02037
PF01017	PF02864
PF01018	PF01018
PF01018	PF01423
PF01018	PF01926
PF01018	PF02824
PF01018	PF06071
PF01018	PF09269
PF01019	PF01019
PF01019	PF07690
PF01022	PF01022
PF01023	PF01023
PF01023	PF01267
PF01023	PF05002
PF01024	PF01024
PF01024	PF03515
PF01025	PF01025
PF01025	PF01556
PF01025	PF02696
PF01025	PF03114
PF01025	PF04108
PF01025	PF04280
PF01025	PF06723
PF01025	PF07491
PF01025	PF08477
PF01026	PF01026
PF01026	PF01428
PF01026	PF02178
PF01026	PF03575
PF01027	PF01585
PF01027	PF02544
PF01028	PF01028
PF01028	PF01131
PF01028	PF02919
PF01028	PF05029
PF01028	PF09266
PF01029	PF01029
PF01029	PF01078
PF01029	PF01098
PF01029	PF01132
PF01029	PF01189
PF01029	PF01225
PF01029	PF01245
PF01029	PF01252
PF01029	PF01281
PF01029	PF01327
PF01029	PF01367
PF01029	PF01476
PF01029	PF01555
PF01029	PF01632
PF01029	PF01653
PF01029	PF01715
PF01029	PF01743
PF01029	PF01746
PF01029	PF01782
PF01029	PF01790
PF01029	PF01795
PF01029	PF01807
PF01029	PF02321
PF01029	PF02357
PF01029	PF02367
PF01029	PF02410
PF01029	PF02473
PF01029	PF02739
PF01029	PF02767
PF01029	PF02768
PF01029	PF02873
PF01029	PF02911
PF01029	PF02912
PF01029	PF03033
PF01029	PF03120
PF01029	PF03461
PF01029	PF03471
PF01029	PF03602
PF01029	PF03717
PF01029	PF03796
PF01029	PF03840
PF01029	PF06421
PF01030	PF01030
PF01030	PF02198
PF01030	PF02216
PF01030	PF07686
PF01030	PF07714
PF01030	PF07974
PF01031	PF01031
PF01031	PF01331
PF01031	PF01624
PF01031	PF02212
PF01032	PF01032
PF01032	PF01497
PF01033	PF01033
PF01033	PF01223
PF01033	PF01663
PF01034	PF01034
PF01034	PF05669
PF01035	PF01035
PF01035	PF02805
PF01035	PF02870
PF01035	PF08534
PF01035	PF09153
PF01036	PF01036
PF01036	PF02932
PF01036	PF04000
PF01036	PF06645
PF01036	PF07719
PF01037	PF01037
PF01037	PF08279
PF01039	PF01039
PF01039	PF01423
PF01039	PF02785
PF01039	PF02786
PF01039	PF03255
PF01040	PF02037
PF01041	PF01041
PF01042	PF01042
PF01042	PF01423
PF01042	PF01749
PF01042	PF02330
PF01042	PF02511
PF01042	PF02790
PF01042	PF04146
PF01042	PF07957
PF01043	PF01043
PF01043	PF01084
PF01043	PF01098
PF01043	PF01132
PF01043	PF01134
PF01043	PF01195
PF01043	PF01196
PF01043	PF01245
PF01043	PF01250
PF01043	PF01252
PF01043	PF01281
PF01043	PF01305
PF01043	PF01327
PF01043	PF01330
PF01043	PF01367
PF01043	PF01434
PF01043	PF01476
PF01043	PF01553
PF01043	PF01632
PF01043	PF01649
PF01043	PF01653
PF01043	PF01668
PF01043	PF01709
PF01043	PF01746
PF01043	PF01765
PF01043	PF01790
PF01043	PF01795
PF01043	PF01807
PF01043	PF02096
PF01043	PF02224
PF01043	PF02357
PF01043	PF02367
PF01043	PF02390
PF01043	PF02527
PF01043	PF02575
PF01043	PF02739
PF01043	PF02767
PF01043	PF02768
PF01043	PF02810
PF01043	PF02873
PF01043	PF02904
PF01043	PF02911
PF01043	PF03033
PF01043	PF03054
PF01043	PF03118
PF01043	PF03120
PF01043	PF03461
PF01043	PF03462
PF01043	PF03471
PF01043	PF03602
PF01043	PF03652
PF01043	PF03717
PF01043	PF03772
PF01043	PF03796
PF01043	PF03840
PF01043	PF07516
PF01043	PF07517
PF01044	PF01044
PF01044	PF02985
PF01044	PF08913
PF01044	PF09141
PF01047	PF01047
PF01048	PF01048
PF01048	PF10423
PF01049	PF01049
PF01049	PF02985
PF01051	PF01051
PF01052	PF01052
PF01052	PF01311
PF01052	PF01312
PF01052	PF01313
PF01052	PF01514
PF01052	PF02154
PF01052	PF04509
PF01053	PF01053
PF01053	PF01193
PF01053	PF01255
PF01053	PF01749
PF01053	PF05742
PF01053	PF06784
PF01053	PF08477
PF01055	PF01055
PF01056	PF02344
PF01057	PF01057
PF01058	PF01058
PF01058	PF08425
PF01060	PF04155
PF01062	PF03265
PF01063	PF01063
PF01063	PF05032
PF01064	PF01064
PF01064	PF03166
PF01064	PF08917
PF01065	PF01065
PF01065	PF03678
PF01066	PF01412
PF01066	PF01598
PF01066	PF02353
PF01066	PF05172
PF01066	PF07731
PF01066	PF07732
PF01066	PF08241
PF01067	PF04212
PF01068	PF01912
PF01068	PF02779
PF01068	PF02780
PF01068	PF04408
PF01068	PF04675
PF01068	PF04679
PF01068	PF04992
PF01068	PF06723
PF01070	PF01070
PF01071	PF01071
PF01071	PF01180
PF01071	PF01423
PF01071	PF01842
PF01071	PF02769
PF01071	PF02826
PF01071	PF02842
PF01071	PF02843
PF01071	PF02844
PF01071	PF04110
PF01071	PF08542
PF01073	PF01598
PF01074	PF01074
PF01074	PF02127
PF01074	PF07748
PF01074	PF09261
PF01075	PF01075
PF01075	PF03544
PF01075	PF03548
PF01076	PF01751
PF01077	PF01077
PF01077	PF02775
PF01077	PF03460
PF01077	PF04324
PF01077	PF04358
PF01077	PF04422
PF01077	PF04432
PF01079	PF01079
PF01079	PF01085
PF01079	PF02196
PF01079	PF06384
PF01079	PF06766
PF01081	PF01081
PF01081	PF01188
PF01081	PF02746
PF01082	PF01436
PF01082	PF03712
PF01083	PF01083
PF01084	PF01121
PF01084	PF01132
PF01084	PF01134
PF01084	PF01148
PF01084	PF01165
PF01084	PF01195
PF01084	PF01196
PF01084	PF01245
PF01084	PF01250
PF01084	PF01281
PF01084	PF01305
PF01084	PF01327
PF01084	PF01363
PF01084	PF01367
PF01084	PF01380
PF01084	PF01434
PF01084	PF01553
PF01084	PF01595
PF01084	PF01632
PF01084	PF01648
PF01084	PF01649
PF01084	PF01653
PF01084	PF01668
PF01084	PF01687
PF01084	PF01709
PF01084	PF01715
PF01084	PF01743
PF01084	PF01746
PF01084	PF01765
PF01084	PF01790
PF01084	PF01795
PF01084	PF01807
PF01084	PF02096
PF01084	PF02224
PF01084	PF02357
PF01084	PF02390
PF01084	PF02739
PF01084	PF02772
PF01084	PF02773
PF01084	PF02904
PF01084	PF02911
PF01084	PF03033
PF01084	PF03054
PF01084	PF03118
PF01084	PF03120
PF01084	PF03462
PF01084	PF03772
PF01084	PF03796
PF01084	PF04641
PF01084	PF08293
PF01085	PF01085
PF01085	PF02196
PF01085	PF06384
PF01085	PF07686
PF01086	PF01394
PF01086	PF01590
PF01086	PF04366
PF01086	PF07651
PF01087	PF01087
PF01087	PF01263
PF01087	PF02744
PF01087	PF04053
PF01088	PF01088
PF01089	PF01089
PF01089	PF02204
PF01089	PF04053
PF01090	PF01092
PF01090	PF01096
PF01090	PF01157
PF01090	PF01171
PF01090	PF01172
PF01090	PF01176
PF01090	PF01191
PF01090	PF01193
PF01090	PF01194
PF01090	PF01198
PF01090	PF01200
PF01090	PF01201
PF01090	PF01246
PF01090	PF01269
PF01090	PF01280
PF01090	PF01282
PF01090	PF01423
PF01090	PF01599
PF01090	PF01655
PF01090	PF01661
PF01090	PF01667
PF01090	PF01780
PF01090	PF01798
PF01090	PF01849
PF01090	PF01864
PF01090	PF01866
PF01090	PF01870
PF01090	PF01871
PF01090	PF01873
PF01090	PF01875
PF01090	PF01877
PF01090	PF01896
PF01090	PF01902
PF01090	PF01907
PF01090	PF01912
PF01090	PF01916
PF01090	PF01920
PF01090	PF01922
PF01090	PF01946
PF01090	PF01971
PF01090	PF01974
PF01090	PF01981
PF01090	PF01982
PF01090	PF01984
PF01090	PF02002
PF01090	PF02005
PF01090	PF02006
PF01090	PF02150
PF01090	PF02359
PF01090	PF02475
PF01090	PF02598
PF01090	PF02676
PF01090	PF02732
PF01090	PF02933
PF01090	PF02996
PF01090	PF03029
PF01090	PF03367
PF01090	PF03463
PF01090	PF03464
PF01090	PF03465
PF01090	PF03587
PF01090	PF05276
PF01092	PF01096
PF01092	PF01157
PF01092	PF01171
PF01092	PF01172
PF01092	PF01176
PF01092	PF01191
PF01092	PF01193
PF01092	PF01194
PF01092	PF01198
PF01092	PF01200
PF01092	PF01201
PF01092	PF01246
PF01092	PF01269
PF01092	PF01280
PF01092	PF01282
PF01092	PF01423
PF01092	PF01599
PF01092	PF01655
PF01092	PF01667
PF01092	PF01780
PF01092	PF01798
PF01092	PF01864
PF01092	PF01866
PF01092	PF01870
PF01092	PF01871
PF01092	PF01873
PF01092	PF01875
PF01092	PF01877
PF01092	PF01896
PF01092	PF01902
PF01092	PF01907
PF01092	PF01912
PF01092	PF01916
PF01092	PF01920
PF01092	PF01922
PF01092	PF01946
PF01092	PF01971
PF01092	PF01974
PF01092	PF01981
PF01092	PF01982
PF01092	PF01984
PF01092	PF02002
PF01092	PF02005
PF01092	PF02006
PF01092	PF02150
PF01092	PF02359
PF01092	PF02475
PF01092	PF02598
PF01092	PF02676
PF01092	PF02732
PF01092	PF02933
PF01092	PF02996
PF01092	PF03029
PF01092	PF03367
PF01092	PF03463
PF01092	PF03464
PF01092	PF03465
PF01092	PF03501
PF01092	PF03587
PF01094	PF01094
PF01094	PF01979
PF01094	PF07562
PF01095	PF01095
PF01095	PF01278
PF01095	PF02050
PF01095	PF02108
PF01095	PF02120
PF01095	PF02203
PF01095	PF02264
PF01095	PF02311
PF01095	PF02413
PF01095	PF03400
PF01095	PF03811
PF01095	PF03846
PF01095	PF04043
PF01096	PF01121
PF01096	PF01127
PF01096	PF01157
PF01096	PF01171
PF01096	PF01172
PF01096	PF01176
PF01096	PF01191
PF01096	PF01192
PF01096	PF01193
PF01096	PF01194
PF01096	PF01198
PF01096	PF01200
PF01096	PF01201
PF01096	PF01246
PF01096	PF01269
PF01096	PF01280
PF01096	PF01282
PF01096	PF01423
PF01096	PF01599
PF01096	PF01655
PF01096	PF01667
PF01096	PF01780
PF01096	PF01798
PF01096	PF01854
PF01096	PF01864
PF01096	PF01866
PF01096	PF01870
PF01096	PF01871
PF01096	PF01873
PF01096	PF01875
PF01096	PF01877
PF01096	PF01896
PF01096	PF01902
PF01096	PF01907
PF01096	PF01912
PF01096	PF01916
PF01096	PF01920
PF01096	PF01922
PF01096	PF01946
PF01096	PF01971
PF01096	PF01974
PF01096	PF01981
PF01096	PF01982
PF01096	PF01984
PF01096	PF02002
PF01096	PF02005
PF01096	PF02006
PF01096	PF02071
PF01096	PF02150
PF01096	PF02195
PF01096	PF02359
PF01096	PF02475
PF01096	PF02548
PF01096	PF02580
PF01096	PF02598
PF01096	PF02676
PF01096	PF02732
PF01096	PF02933
PF01096	PF02996
PF01096	PF03029
PF01096	PF03151
PF01096	PF03367
PF01096	PF03463
PF01096	PF03464
PF01096	PF03465
PF01096	PF03587
PF01096	PF03637
PF01096	PF03870
PF01096	PF03871
PF01096	PF04511
PF01096	PF04560
PF01096	PF04561
PF01096	PF04563
PF01096	PF04565
PF01096	PF04566
PF01096	PF04567
PF01096	PF04983
PF01096	PF04990
PF01096	PF04992
PF01096	PF04997
PF01096	PF04998
PF01096	PF05000
PF01096	PF05158
PF01096	PF05328
PF01096	PF05768
PF01096	PF05839
PF01096	PF06093
PF01096	PF06870
PF01096	PF07500
PF01096	PF07961
PF01096	PF08203
PF01096	PF08208
PF01096	PF08574
PF01098	PF01121
PF01098	PF01132
PF01098	PF01195
PF01098	PF01207
PF01098	PF01225
PF01098	PF01245
PF01098	PF01250
PF01098	PF01252
PF01098	PF01281
PF01098	PF01305
PF01098	PF01327
PF01098	PF01367
PF01098	PF01377
PF01098	PF01476
PF01098	PF01551
PF01098	PF01632
PF01098	PF01649
PF01098	PF01653
PF01098	PF01668
PF01098	PF01715
PF01098	PF01743
PF01098	PF01746
PF01098	PF01765
PF01098	PF01782
PF01098	PF01790
PF01098	PF01795
PF01098	PF01807
PF01098	PF01820
PF01098	PF02033
PF01098	PF02096
PF01098	PF02130
PF01098	PF02357
PF01098	PF02367
PF01098	PF02410
PF01098	PF02473
PF01098	PF02547
PF01098	PF02575
PF01098	PF02576
PF01098	PF02739
PF01098	PF02767
PF01098	PF02768
PF01098	PF02801
PF01098	PF02873
PF01098	PF02911
PF01098	PF02912
PF01098	PF03033
PF01098	PF03118
PF01098	PF03120
PF01098	PF03147
PF01098	PF03461
PF01098	PF03462
PF01098	PF03471
PF01098	PF03602
PF01098	PF03652
PF01098	PF03717
PF01098	PF03772
PF01098	PF03796
PF01098	PF03840
PF01099	PF01099
PF01099	PF09252
PF01102	PF01102
PF01105	PF01105
PF01105	PF01145
PF01105	PF01202
PF01105	PF01399
PF01105	PF01459
PF01105	PF01487
PF01105	PF01488
PF01105	PF01761
PF01105	PF03657
PF01105	PF03765
PF01105	PF03901
PF01105	PF04810
PF01105	PF04811
PF01105	PF04815
PF01105	PF05997
PF01106	PF01521
PF01106	PF01592
PF01106	PF02511
PF01106	PF04324
PF01108	PF01108
PF01108	PF07140
PF01108	PF07654
PF01108	PF07686
PF01108	PF09294
PF01109	PF01109
PF01110	PF01110
PF01111	PF01111
PF01111	PF01201
PF01111	PF01531
PF01111	PF01607
PF01111	PF02374
PF01111	PF02984
PF01112	PF01112
PF01113	PF01113
PF01113	PF01678
PF01113	PF05173
PF01114	PF01114
PF01114	PF01477
PF01114	PF02740
PF01115	PF01115
PF01115	PF01267
PF01115	PF01459
PF01115	PF01842
PF01115	PF02146
PF01115	PF03226
PF01115	PF03964
PF01115	PF04153
PF01115	PF04511
PF01115	PF05348
PF01115	PF05739
PF01115	PF05836
PF01116	PF01116
PF01116	PF04997
PF01116	PF05983
PF01117	PF01117
PF01117	PF03440
PF01118	PF01118
PF01118	PF01264
PF01118	PF01380
PF01118	PF01488
PF01118	PF02774
PF01118	PF02879
PF01118	PF04768
PF01118	PF09290
PF01119	PF01119
PF01119	PF01624
PF01119	PF01715
PF01119	PF01743
PF01119	PF02518
PF01119	PF02747
PF01120	PF01120
PF01121	PF01121
PF01121	PF01132
PF01121	PF01134
PF01121	PF01148
PF01121	PF01195
PF01121	PF01196
PF01121	PF01207
PF01121	PF01245
PF01121	PF01281
PF01121	PF01305
PF01121	PF01327
PF01121	PF01367
PF01121	PF01434
PF01121	PF01467
PF01121	PF01476
PF01121	PF01553
PF01121	PF01632
PF01121	PF01653
PF01121	PF01709
PF01121	PF01715
PF01121	PF01743
PF01121	PF01746
PF01121	PF01765
PF01121	PF01790
PF01121	PF01795
PF01121	PF01807
PF01121	PF02096
PF01121	PF02150
PF01121	PF02390
PF01121	PF02739
PF01121	PF02801
PF01121	PF02873
PF01121	PF02911
PF01121	PF03033
PF01121	PF03054
PF01121	PF03120
PF01121	PF03147
PF01121	PF03462
PF01121	PF03796
PF01121	PF04229
PF01122	PF01122
PF01123	PF01123
PF01123	PF02876
PF01123	PF07654
PF01123	PF07686
PF01124	PF01124
PF01125	PF01585
PF01125	PF05282
PF01125	PF06246
PF01126	PF01126
PF01127	PF01127
PF01127	PF02150
PF01127	PF02910
PF01127	PF05328
PF01128	PF01128
PF01128	PF01520
PF01128	PF02401
PF01128	PF02542
PF01128	PF02670
PF01129	PF01129
PF01129	PF02877
PF01131	PF01131
PF01131	PF01396
PF01131	PF01751
PF01131	PF02919
PF01131	PF06839
PF01132	PF01134
PF01132	PF01148
PF01132	PF01195
PF01132	PF01196
PF01132	PF01225
PF01132	PF01245
PF01132	PF01250
PF01132	PF01252
PF01132	PF01281
PF01132	PF01305
PF01132	PF01327
PF01132	PF01367
PF01132	PF01434
PF01132	PF01476
PF01132	PF01553
PF01132	PF01632
PF01132	PF01649
PF01132	PF01653
PF01132	PF01668
PF01132	PF01709
PF01132	PF01715
PF01132	PF01743
PF01132	PF01746
PF01132	PF01765
PF01132	PF01782
PF01132	PF01790
PF01132	PF01795
PF01132	PF01807
PF01132	PF02096
PF01132	PF02224
PF01132	PF02357
PF01132	PF02367
PF01132	PF02390
PF01132	PF02410
PF01132	PF02473
PF01132	PF02527
PF01132	PF02575
PF01132	PF02739
PF01132	PF02767
PF01132	PF02768
PF01132	PF02873
PF01132	PF02904
PF01132	PF02911
PF01132	PF02912
PF01132	PF03033
PF01132	PF03054
PF01132	PF03118
PF01132	PF03120
PF01132	PF03461
PF01132	PF03462
PF01132	PF03471
PF01132	PF03602
PF01132	PF03652
PF01132	PF03717
PF01132	PF03772
PF01132	PF03796
PF01132	PF03840
PF01132	PF08207
PF01132	PF09285
PF01133	PF01133
PF01133	PF02872
PF01133	PF06747
PF01134	PF01134
PF01134	PF01148
PF01134	PF01195
PF01134	PF01196
PF01134	PF01245
PF01134	PF01250
PF01134	PF01281
PF01134	PF01305
PF01134	PF01327
PF01134	PF01367
PF01134	PF01434
PF01134	PF01553
PF01134	PF01632
PF01134	PF01648
PF01134	PF01649
PF01134	PF01653
PF01134	PF01668
PF01134	PF01687
PF01134	PF01709
PF01134	PF01715
PF01134	PF01743
PF01134	PF01746
PF01134	PF01765
PF01134	PF01790
PF01134	PF01795
PF01134	PF01807
PF01134	PF01926
PF01134	PF02096
PF01134	PF02357
PF01134	PF02390
PF01134	PF02739
PF01134	PF02772
PF01134	PF02773
PF01134	PF02779
PF01134	PF02911
PF01134	PF03033
PF01134	PF03054
PF01134	PF03118
PF01134	PF03120
PF01134	PF03462
PF01134	PF03772
PF01134	PF03796
PF01134	PF05193
PF01134	PF06480
PF01134	PF08367
PF01135	PF01135
PF01137	PF01137
PF01137	PF01217
PF01137	PF02071
PF01137	PF05189
PF01137	PF05291
PF01137	PF07934
PF01138	PF01138
PF01138	PF01423
PF01138	PF01612
PF01138	PF01749
PF01138	PF01843
PF01138	PF02736
PF01138	PF03144
PF01138	PF03725
PF01138	PF03726
PF01138	PF05669
PF01138	PF07493
PF01138	PF12111
PF01139	PF01139
PF01140	PF01140
PF01142	PF01142
PF01142	PF08293
PF01144	PF01144
PF01144	PF06026
PF01145	PF01145
PF01145	PF03452
PF01145	PF04488
PF01145	PF05637
PF01147	PF03858
PF01148	PF01195
PF01148	PF01196
PF01148	PF01245
PF01148	PF01281
PF01148	PF01305
PF01148	PF01327
PF01148	PF01367
PF01148	PF01434
PF01148	PF01553
PF01148	PF01595
PF01148	PF01632
PF01148	PF01653
PF01148	PF01709
PF01148	PF01715
PF01148	PF01743
PF01148	PF01746
PF01148	PF01765
PF01148	PF01790
PF01148	PF01795
PF01148	PF01807
PF01148	PF02096
PF01148	PF02390
PF01148	PF02739
PF01148	PF02911
PF01148	PF03054
PF01148	PF03120
PF01148	PF03462
PF01148	PF03796
PF01148	PF05390
PF01149	PF01149
PF01149	PF06827
PF01149	PF06831
PF01150	PF01150
PF01151	PF01151
PF01151	PF01490
PF01151	PF01598
PF01151	PF01663
PF01151	PF02714
PF01151	PF03198
PF01151	PF03311
PF01151	PF04479
PF01151	PF04987
PF01151	PF06432
PF01151	PF07690
PF01151	PF07731
PF01151	PF07732
PF01151	PF08390
PF01152	PF01152
PF01154	PF01154
PF01154	PF03297
PF01154	PF05327
PF01154	PF08540
PF01155	PF01155
PF01155	PF01455
PF01155	PF01750
PF01155	PF01924
PF01156	PF01156
PF01156	PF01205
PF01156	PF02544
PF01156	PF05773
PF01157	PF01171
PF01157	PF01172
PF01157	PF01176
PF01157	PF01191
PF01157	PF01193
PF01157	PF01194
PF01157	PF01198
PF01157	PF01200
PF01157	PF01201
PF01157	PF01246
PF01157	PF01269
PF01157	PF01280
PF01157	PF01282
PF01157	PF01423
PF01157	PF01599
PF01157	PF01655
PF01157	PF01667
PF01157	PF01780
PF01157	PF01798
PF01157	PF01864
PF01157	PF01866
PF01157	PF01871
PF01157	PF01873
PF01157	PF01896
PF01157	PF01902
PF01157	PF01907
PF01157	PF01912
PF01157	PF01916
PF01157	PF01920
PF01157	PF01922
PF01157	PF01946
PF01157	PF01974
PF01157	PF01981
PF01157	PF01982
PF01157	PF01984
PF01157	PF02002
PF01157	PF02005
PF01157	PF02150
PF01157	PF02359
PF01157	PF02475
PF01157	PF02732
PF01157	PF02933
PF01157	PF02996
PF01157	PF03367
PF01157	PF03463
PF01157	PF03464
PF01157	PF03465
PF01157	PF03587
PF01158	PF01423
PF01158	PF03114
PF01158	PF03947
PF01158	PF06645
PF01159	PF03947
PF01159	PF08693
PF01161	PF01161
PF01161	PF01549
PF01161	PF01579
PF01161	PF02077
PF01161	PF02178
PF01161	PF04065
PF01161	PF07957
PF01162	PF02938
PF01163	PF01163
PF01163	PF08617
PF01163	PF09202
PF01166	PF01166
PF01166	PF03372
PF01167	PF01167
PF01168	PF01168
PF01168	PF01699
PF01168	PF01757
PF01168	PF02403
PF01168	PF02801
PF01168	PF02823
PF01168	PF03147
PF01168	PF04120
PF01168	PF05191
PF01168	PF05422
PF01168	PF07690
PF01169	PF02150
PF01169	PF04053
PF01169	PF04939
PF01171	PF01171
PF01171	PF01172
PF01171	PF01191
PF01171	PF01194
PF01171	PF01200
PF01171	PF01201
PF01171	PF01246
PF01171	PF01269
PF01171	PF01280
PF01171	PF01423
PF01171	PF01655
PF01171	PF01667
PF01171	PF01780
PF01171	PF01798
PF01171	PF01866
PF01171	PF01871
PF01171	PF01873
PF01171	PF01875
PF01171	PF01896
PF01171	PF01902
PF01171	PF01907
PF01171	PF01912
PF01171	PF01920
PF01171	PF01946
PF01171	PF01981
PF01171	PF01984
PF01171	PF02005
PF01171	PF02359
PF01171	PF02475
PF01171	PF02933
PF01171	PF02996
PF01171	PF03266
PF01171	PF03367
PF01171	PF03463
PF01171	PF03464
PF01171	PF03465
PF01171	PF09179
PF01172	PF01176
PF01172	PF01191
PF01172	PF01193
PF01172	PF01194
PF01172	PF01198
PF01172	PF01200
PF01172	PF01201
PF01172	PF01246
PF01172	PF01269
PF01172	PF01280
PF01172	PF01282
PF01172	PF01423
PF01172	PF01599
PF01172	PF01655
PF01172	PF01667
PF01172	PF01780
PF01172	PF01798
PF01172	PF01864
PF01172	PF01866
PF01172	PF01870
PF01172	PF01871
PF01172	PF01873
PF01172	PF01875
PF01172	PF01877
PF01172	PF01896
PF01172	PF01902
PF01172	PF01907
PF01172	PF01912
PF01172	PF01916
PF01172	PF01920
PF01172	PF01922
PF01172	PF01946
PF01172	PF01971
PF01172	PF01974
PF01172	PF01981
PF01172	PF01982
PF01172	PF01984
PF01172	PF02002
PF01172	PF02005
PF01172	PF02006
PF01172	PF02150
PF01172	PF02359
PF01172	PF02475
PF01172	PF02598
PF01172	PF02676
PF01172	PF02732
PF01172	PF02933
PF01172	PF02996
PF01172	PF03029
PF01172	PF03367
PF01172	PF03463
PF01172	PF03464
PF01172	PF03465
PF01172	PF03587
PF01172	PF09377
PF01174	PF01174
PF01174	PF01680
PF01174	PF04042
PF01175	PF01175
PF01176	PF01176
PF01176	PF01191
PF01176	PF01193
PF01176	PF01194
PF01176	PF01198
PF01176	PF01200
PF01176	PF01201
PF01176	PF01246
PF01176	PF01269
PF01176	PF01280
PF01176	PF01282
PF01176	PF01423
PF01176	PF01599
PF01176	PF01655
PF01176	PF01667
PF01176	PF01780
PF01176	PF01798
PF01176	PF01849
PF01176	PF01864
PF01176	PF01866
PF01176	PF01870
PF01176	PF01871
PF01176	PF01873
PF01176	PF01877
PF01176	PF01896
PF01176	PF01902
PF01176	PF01907
PF01176	PF01912
PF01176	PF01916
PF01176	PF01920
PF01176	PF01922
PF01176	PF01946
PF01176	PF01971
PF01176	PF01974
PF01176	PF01981
PF01176	PF01982
PF01176	PF01984
PF01176	PF02002
PF01176	PF02005
PF01176	PF02006
PF01176	PF02150
PF01176	PF02359
PF01176	PF02475
PF01176	PF02598
PF01176	PF02732
PF01176	PF02933
PF01176	PF02996
PF01176	PF03367
PF01176	PF03463
PF01176	PF03464
PF01176	PF03465
PF01176	PF03587
PF01176	PF11987
PF01177	PF01177
PF01179	PF01179
PF01179	PF02727
PF01179	PF02728
PF01179	PF07833
PF01179	PF09248
PF01180	PF01180
PF01180	PF01842
PF01180	PF01948
PF01180	PF02748
PF01180	PF02769
PF01180	PF02826
PF01180	PF07992
PF01180	PF10418
PF01182	PF01182
PF01182	PF01979
PF01182	PF02585
PF01182	PF02781
PF01182	PF05693
PF01183	PF01183
PF01183	PF01471
PF01183	PF01473
PF01183	PF01510
PF01184	PF03079
PF01187	PF01187
PF01188	PF01188
PF01188	PF02746
PF01189	PF01189
PF01189	PF01214
PF01189	PF01305
PF01189	PF01912
PF01189	PF02882
PF01189	PF04427
PF01191	PF01193
PF01191	PF01194
PF01191	PF01198
PF01191	PF01200
PF01191	PF01201
PF01191	PF01246
PF01191	PF01269
PF01191	PF01280
PF01191	PF01282
PF01191	PF01423
PF01191	PF01599
PF01191	PF01655
PF01191	PF01667
PF01191	PF01780
PF01191	PF01798
PF01191	PF01854
PF01191	PF01864
PF01191	PF01866
PF01191	PF01870
PF01191	PF01871
PF01191	PF01873
PF01191	PF01875
PF01191	PF01877
PF01191	PF01896
PF01191	PF01902
PF01191	PF01907
PF01191	PF01912
PF01191	PF01916
PF01191	PF01920
PF01191	PF01922
PF01191	PF01946
PF01191	PF01971
PF01191	PF01974
PF01191	PF01981
PF01191	PF01982
PF01191	PF01984
PF01191	PF02002
PF01191	PF02005
PF01191	PF02006
PF01191	PF02150
PF01191	PF02359
PF01191	PF02475
PF01191	PF02598
PF01191	PF02676
PF01191	PF02732
PF01191	PF02933
PF01191	PF02996
PF01191	PF03029
PF01191	PF03367
PF01191	PF03463
PF01191	PF03464
PF01191	PF03465
PF01191	PF03587
PF01191	PF03870
PF01191	PF03871
PF01191	PF03876
PF01191	PF04560
PF01191	PF04983
PF01191	PF04992
PF01191	PF04997
PF01191	PF04998
PF01191	PF05000
PF01191	PF05001
PF01191	PF05158
PF01191	PF06093
PF01191	PF06870
PF01191	PF08203
PF01191	PF08208
PF01191	PF08574
PF01191	PF12136
PF01192	PF01192
PF01192	PF01193
PF01192	PF01194
PF01192	PF01774
PF01192	PF01854
PF01192	PF02150
PF01192	PF03540
PF01192	PF03876
PF01192	PF04560
PF01192	PF04983
PF01192	PF04992
PF01192	PF04997
PF01192	PF04998
PF01192	PF05000
PF01192	PF05158
PF01192	PF06093
PF01192	PF06870
PF01192	PF08208
PF01193	PF01193
PF01193	PF01194
PF01193	PF01198
PF01193	PF01201
PF01193	PF01246
PF01193	PF01269
PF01193	PF01280
PF01193	PF01282
PF01193	PF01329
PF01193	PF01599
PF01193	PF01655
PF01193	PF01667
PF01193	PF01780
PF01193	PF01798
PF01193	PF01849
PF01193	PF01854
PF01193	PF01866
PF01193	PF01873
PF01193	PF01896
PF01193	PF01907
PF01193	PF01920
PF01193	PF01922
PF01193	PF01946
PF01193	PF01984
PF01193	PF02002
PF01193	PF02150
PF01193	PF02270
PF01193	PF02359
PF01193	PF02436
PF01193	PF02463
PF01193	PF02516
PF01193	PF02732
PF01193	PF02785
PF01193	PF02786
PF01193	PF02866
PF01193	PF02996
PF01193	PF03118
PF01193	PF03446
PF01193	PF03463
PF01193	PF03464
PF01193	PF03465
PF01193	PF03604
PF01193	PF03870
PF01193	PF03871
PF01193	PF03874
PF01193	PF03876
PF01193	PF03950
PF01193	PF04053
PF01193	PF04181
PF01193	PF04560
PF01193	PF04561
PF01193	PF04563
PF01193	PF04565
PF01193	PF04566
PF01193	PF04567
PF01193	PF04670
PF01193	PF04729
PF01193	PF04983
PF01193	PF04990
PF01193	PF04992
PF01193	PF04997
PF01193	PF04998
PF01193	PF05000
PF01193	PF05132
PF01193	PF05158
PF01193	PF05909
PF01193	PF06093
PF01193	PF06870
PF01193	PF07690
PF01193	PF07748
PF01193	PF07956
PF01193	PF08208
PF01193	PF08264
PF01193	PF08292
PF01193	PF08574
PF01193	PF09174
PF01194	PF01198
PF01194	PF01200
PF01194	PF01201
PF01194	PF01246
PF01194	PF01269
PF01194	PF01280
PF01194	PF01282
PF01194	PF01423
PF01194	PF01599
PF01194	PF01655
PF01194	PF01667
PF01194	PF01780
PF01194	PF01798
PF01194	PF01864
PF01194	PF01866
PF01194	PF01870
PF01194	PF01871
PF01194	PF01873
PF01194	PF01875
PF01194	PF01877
PF01194	PF01896
PF01194	PF01902
PF01194	PF01907
PF01194	PF01912
PF01194	PF01916
PF01194	PF01920
PF01194	PF01922
PF01194	PF01946
PF01194	PF01971
PF01194	PF01974
PF01194	PF01981
PF01194	PF01982
PF01194	PF01984
PF01194	PF02002
PF01194	PF02005
PF01194	PF02006
PF01194	PF02150
PF01194	PF02270
PF01194	PF02359
PF01194	PF02475
PF01194	PF02598
PF01194	PF02676
PF01194	PF02732
PF01194	PF02933
PF01194	PF02996
PF01194	PF03029
PF01194	PF03322
PF01194	PF03367
PF01194	PF03463
PF01194	PF03464
PF01194	PF03465
PF01194	PF03587
PF01194	PF03870
PF01194	PF03871
PF01194	PF03874
PF01194	PF03876
PF01194	PF04560
PF01194	PF04561
PF01194	PF04563
PF01194	PF04565
PF01194	PF04567
PF01194	PF04983
PF01194	PF04990
PF01194	PF04992
PF01194	PF04997
PF01194	PF04998
PF01194	PF05000
PF01194	PF05132
PF01194	PF06870
PF01194	PF08203
PF01194	PF08208
PF01194	PF08574
PF01195	PF01195
PF01195	PF01196
PF01195	PF01207
PF01195	PF01245
PF01195	PF01250
PF01195	PF01252
PF01195	PF01281
PF01195	PF01305
PF01195	PF01327
PF01195	PF01367
PF01195	PF01434
PF01195	PF01476
PF01195	PF01553
PF01195	PF01595
PF01195	PF01632
PF01195	PF01648
PF01195	PF01649
PF01195	PF01653
PF01195	PF01668
PF01195	PF01687
PF01195	PF01709
PF01195	PF01715
PF01195	PF01743
PF01195	PF01746
PF01195	PF01765
PF01195	PF01790
PF01195	PF01795
PF01195	PF01807
PF01195	PF02096
PF01195	PF02357
PF01195	PF02390
PF01195	PF02575
PF01195	PF02739
PF01195	PF02768
PF01195	PF02772
PF01195	PF02773
PF01195	PF02801
PF01195	PF02873
PF01195	PF02911
PF01195	PF03033
PF01195	PF03054
PF01195	PF03118
PF01195	PF03120
PF01195	PF03147
PF01195	PF03462
PF01195	PF03652
PF01195	PF03772
PF01195	PF03796
PF01196	PF01196
PF01196	PF01245
PF01196	PF01250
PF01196	PF01281
PF01196	PF01305
PF01196	PF01327
PF01196	PF01367
PF01196	PF01434
PF01196	PF01553
PF01196	PF01632
PF01196	PF01648
PF01196	PF01649
PF01196	PF01653
PF01196	PF01668
PF01196	PF01687
PF01196	PF01709
PF01196	PF01715
PF01196	PF01743
PF01196	PF01746
PF01196	PF01765
PF01196	PF01783
PF01196	PF01790
PF01196	PF01795
PF01196	PF01807
PF01196	PF02096
PF01196	PF02357
PF01196	PF02390
PF01196	PF02739
PF01196	PF02772
PF01196	PF02773
PF01196	PF02911
PF01196	PF03033
PF01196	PF03054
PF01196	PF03118
PF01196	PF03120
PF01196	PF03462
PF01196	PF03772
PF01196	PF03796
PF01196	PF05047
PF01196	PF05064
PF01197	PF01281
PF01198	PF01200
PF01198	PF01201
PF01198	PF01246
PF01198	PF01247
PF01198	PF01269
PF01198	PF01280
PF01198	PF01282
PF01198	PF01423
PF01198	PF01599
PF01198	PF01607
PF01198	PF01655
PF01198	PF01667
PF01198	PF01780
PF01198	PF01798
PF01198	PF01849
PF01198	PF01864
PF01198	PF01866
PF01198	PF01871
PF01198	PF01873
PF01198	PF01896
PF01198	PF01902
PF01198	PF01907
PF01198	PF01912
PF01198	PF01916
PF01198	PF01920
PF01198	PF01922
PF01198	PF01946
PF01198	PF01974
PF01198	PF01981
PF01198	PF01982
PF01198	PF01984
PF01198	PF02002
PF01198	PF02005
PF01198	PF02150
PF01198	PF02359
PF01198	PF02475
PF01198	PF02598
PF01198	PF02732
PF01198	PF02933
PF01198	PF02996
PF01198	PF03367
PF01198	PF03463
PF01198	PF03464
PF01198	PF03465
PF01198	PF03587
PF01198	PF09439
PF01199	PF01412
PF01199	PF04710
PF01200	PF01200
PF01200	PF01201
PF01200	PF01246
PF01200	PF01249
PF01200	PF01251
PF01200	PF01253
PF01200	PF01269
PF01200	PF01280
PF01200	PF01423
PF01200	PF01599
PF01200	PF01655
PF01200	PF01667
PF01200	PF01780
PF01200	PF01798
PF01200	PF01864
PF01200	PF01866
PF01200	PF01871
PF01200	PF01873
PF01200	PF01896
PF01200	PF01902
PF01200	PF01907
PF01200	PF01912
PF01200	PF01916
PF01200	PF01920
PF01200	PF01922
PF01200	PF01946
PF01200	PF01974
PF01200	PF01975
PF01200	PF01981
PF01200	PF01982
PF01200	PF01984
PF01200	PF02002
PF01200	PF02005
PF01200	PF02150
PF01200	PF02359
PF01200	PF02475
PF01200	PF02676
PF01200	PF02732
PF01200	PF02933
PF01200	PF02996
PF01200	PF03029
PF01200	PF03367
PF01200	PF03463
PF01200	PF03464
PF01200	PF03465
PF01200	PF03587
PF01200	PF05291
PF01200	PF06058
PF01201	PF01246
PF01201	PF01269
PF01201	PF01280
PF01201	PF01282
PF01201	PF01423
PF01201	PF01532
PF01201	PF01599
PF01201	PF01655
PF01201	PF01667
PF01201	PF01780
PF01201	PF01798
PF01201	PF01864
PF01201	PF01866
PF01201	PF01870
PF01201	PF01871
PF01201	PF01873
PF01201	PF01875
PF01201	PF01877
PF01201	PF01896
PF01201	PF01902
PF01201	PF01907
PF01201	PF01912
PF01201	PF01916
PF01201	PF01920
PF01201	PF01922
PF01201	PF01926
PF01201	PF01946
PF01201	PF01971
PF01201	PF01974
PF01201	PF01981
PF01201	PF01982
PF01201	PF01984
PF01201	PF02002
PF01201	PF02005
PF01201	PF02006
PF01201	PF02045
PF01201	PF02150
PF01201	PF02330
PF01201	PF02359
PF01201	PF02475
PF01201	PF02598
PF01201	PF02676
PF01201	PF02732
PF01201	PF02933
PF01201	PF02996
PF01201	PF03029
PF01201	PF03367
PF01201	PF03463
PF01201	PF03464
PF01201	PF03465
PF01201	PF03587
PF01201	PF04427
PF01201	PF05285
PF01201	PF05291
PF01201	PF08153
PF01201	PF08690
PF01202	PF01202
PF01202	PF01399
PF01202	PF01423
PF01202	PF01487
PF01202	PF01488
PF01202	PF01715
PF01202	PF01743
PF01202	PF01761
PF01202	PF02518
PF01202	PF02735
PF01202	PF02774
PF01202	PF02801
PF01202	PF02912
PF01202	PF03147
PF01202	PF04110
PF01202	PF06068
PF01204	PF01204
PF01205	PF02561
PF01206	PF02635
PF01207	PF01305
PF01207	PF01476
PF01207	PF01715
PF01207	PF01743
PF01207	PF01765
PF01207	PF01820
PF01207	PF02096
PF01207	PF02357
PF01207	PF02367
PF01207	PF02410
PF01207	PF02576
PF01207	PF02767
PF01207	PF02801
PF01207	PF02861
PF01207	PF02873
PF01207	PF03033
PF01207	PF03147
PF01207	PF03461
PF01207	PF03462
PF01207	PF03471
PF01207	PF03602
PF01207	PF03717
PF01207	PF03772
PF01207	PF03840
PF01208	PF01208
PF01208	PF04053
PF01210	PF01210
PF01210	PF02317
PF01210	PF02732
PF01210	PF07479
PF01212	PF01212
PF01212	PF01592
PF01212	PF01749
PF01213	PF01213
PF01214	PF01214
PF01214	PF01399
PF01214	PF01423
PF01214	PF01602
PF01214	PF01607
PF01214	PF01775
PF01214	PF02146
PF01214	PF02441
PF01214	PF02518
PF01214	PF03813
PF01214	PF04419
PF01214	PF04684
PF01214	PF05179
PF01214	PF05470
PF01214	PF05669
PF01214	PF06068
PF01214	PF06093
PF01214	PF06732
PF01215	PF01215
PF01215	PF02046
PF01215	PF02238
PF01215	PF02284
PF01215	PF02936
PF01215	PF05185
PF01216	PF01216
PF01217	PF01217
PF01217	PF01602
PF01217	PF01912
PF01217	PF02779
PF01217	PF02780
PF01217	PF02883
PF01217	PF03144
PF01217	PF04053
PF01217	PF04427
PF01217	PF04733
PF01217	PF05008
PF01217	PF05189
PF01217	PF05739
PF01217	PF06068
PF01217	PF06957
PF01218	PF01218
PF01218	PF01749
PF01218	PF03540
PF01218	PF04658
PF01219	PF01219
PF01220	PF01220
PF01220	PF01264
PF01220	PF01487
PF01220	PF01761
PF01220	PF01817
PF01220	PF03797
PF01221	PF01221
PF01221	PF01391
PF01221	PF01484
PF01221	PF01607
PF01221	PF01775
PF01221	PF01826
PF01221	PF02017
PF01221	PF02213
PF01221	PF02284
PF01221	PF05177
PF01221	PF07303
PF01221	PF11540
PF01222	PF01393
PF01222	PF04000
PF01223	PF01223
PF01223	PF01263
PF01223	PF01663
PF01223	PF07924
PF01223	PF08785
PF01225	PF01225
PF01225	PF01245
PF01225	PF01252
PF01225	PF01281
PF01225	PF01327
PF01225	PF01367
PF01225	PF01476
PF01225	PF01632
PF01225	PF01653
PF01225	PF01715
PF01225	PF01743
PF01225	PF01746
PF01225	PF01782
PF01225	PF01790
PF01225	PF01795
PF01225	PF01807
PF01225	PF01820
PF01225	PF02222
PF01225	PF02357
PF01225	PF02367
PF01225	PF02410
PF01225	PF02473
PF01225	PF02739
PF01225	PF02767
PF01225	PF02768
PF01225	PF02873
PF01225	PF02875
PF01225	PF02911
PF01225	PF02912
PF01225	PF03033
PF01225	PF03120
PF01225	PF03461
PF01225	PF03471
PF01225	PF03602
PF01225	PF03717
PF01225	PF03796
PF01225	PF03840
PF01225	PF07478
PF01225	PF08245
PF01226	PF01226
PF01227	PF01227
PF01227	PF02735
PF01227	PF06399
PF01227	PF08477
PF01228	PF02901
PF01228	PF03477
PF01229	PF01229
PF01230	PF01230
PF01230	PF01992
PF01231	PF01231
PF01232	PF08125
PF01233	PF01233
PF01233	PF02799
PF01234	PF01234
PF01234	PF02936
PF01237	PF01237
PF01237	PF05032
PF01238	PF01238
PF01238	PF06424
PF01239	PF01239
PF01239	PF07711
PF01242	PF01242
PF01242	PF01412
PF01243	PF01243
PF01243	PF10590
PF01243	PF10615
PF01244	PF01244
PF01245	PF01250
PF01245	PF01252
PF01245	PF01281
PF01245	PF01305
PF01245	PF01327
PF01245	PF01367
PF01245	PF01434
PF01245	PF01476
PF01245	PF01553
PF01245	PF01632
PF01245	PF01649
PF01245	PF01653
PF01245	PF01668
PF01245	PF01709
PF01245	PF01715
PF01245	PF01743
PF01245	PF01746
PF01245	PF01765
PF01245	PF01782
PF01245	PF01790
PF01245	PF01795
PF01245	PF01807
PF01245	PF02096
PF01245	PF02224
PF01245	PF02357
PF01245	PF02367
PF01245	PF02390
PF01245	PF02410
PF01245	PF02473
PF01245	PF02527
PF01245	PF02575
PF01245	PF02739
PF01245	PF02767
PF01245	PF02768
PF01245	PF02873
PF01245	PF02904
PF01245	PF02911
PF01245	PF02912
PF01245	PF03033
PF01245	PF03054
PF01245	PF03118
PF01245	PF03120
PF01245	PF03461
PF01245	PF03462
PF01245	PF03471
PF01245	PF03602
PF01245	PF03652
PF01245	PF03717
PF01245	PF03772
PF01245	PF03796
PF01245	PF03840
PF01246	PF01247
PF01246	PF01248
PF01246	PF01269
PF01246	PF01280
PF01246	PF01282
PF01246	PF01423
PF01246	PF01599
PF01246	PF01655
PF01246	PF01667
PF01246	PF01777
PF01246	PF01780
PF01246	PF01798
PF01246	PF01864
PF01246	PF01866
PF01246	PF01870
PF01246	PF01871
PF01246	PF01873
PF01246	PF01875
PF01246	PF01877
PF01246	PF01896
PF01246	PF01902
PF01246	PF01907
PF01246	PF01912
PF01246	PF01916
PF01246	PF01920
PF01246	PF01922
PF01246	PF01929
PF01246	PF01946
PF01246	PF01971
PF01246	PF01974
PF01246	PF01981
PF01246	PF01982
PF01246	PF01984
PF01246	PF02002
PF01246	PF02005
PF01246	PF02006
PF01246	PF02150
PF01246	PF02359
PF01246	PF02475
PF01246	PF02598
PF01246	PF02676
PF01246	PF02732
PF01246	PF02933
PF01246	PF02996
PF01246	PF03029
PF01246	PF03367
PF01246	PF03463
PF01246	PF03464
PF01246	PF03465
PF01246	PF03587
PF01247	PF01951
PF01247	PF02949
PF01247	PF03947
PF01247	PF05652
PF01247	PF06391
PF01248	PF01248
PF01248	PF01269
PF01248	PF01423
PF01248	PF01428
PF01248	PF01472
PF01248	PF01509
PF01248	PF01532
PF01248	PF01547
PF01248	PF01780
PF01248	PF01798
PF01248	PF01813
PF01248	PF01875
PF01248	PF02598
PF01248	PF03066
PF01248	PF03153
PF01248	PF03364
PF01248	PF04078
PF01248	PF04135
PF01248	PF04410
PF01248	PF04869
PF01248	PF05178
PF01248	PF05282
PF01248	PF05492
PF01248	PF05793
PF01248	PF06645
PF01248	PF07651
PF01248	PF08068
PF01248	PF09073
PF01249	PF04180
PF01250	PF01250
PF01250	PF01252
PF01250	PF01281
PF01250	PF01305
PF01250	PF01327
PF01250	PF01330
PF01250	PF01367
PF01250	PF01434
PF01250	PF01476
PF01250	PF01553
PF01250	PF01632
PF01250	PF01649
PF01250	PF01653
PF01250	PF01668
PF01250	PF01709
PF01250	PF01746
PF01250	PF01765
PF01250	PF01790
PF01250	PF01795
PF01250	PF01807
PF01250	PF02096
PF01250	PF02224
PF01250	PF02357
PF01250	PF02367
PF01250	PF02390
PF01250	PF02527
PF01250	PF02575
PF01250	PF02739
PF01250	PF02767
PF01250	PF02768
PF01250	PF02873
PF01250	PF02904
PF01250	PF02911
PF01250	PF03033
PF01250	PF03054
PF01250	PF03118
PF01250	PF03120
PF01250	PF03461
PF01250	PF03462
PF01250	PF03471
PF01250	PF03602
PF01250	PF03652
PF01250	PF03717
PF01250	PF03772
PF01250	PF03796
PF01250	PF03840
PF01251	PF01253
PF01251	PF01423
PF01251	PF01545
PF01251	PF03637
PF01251	PF04147
PF01251	PF08271
PF01252	PF01281
PF01252	PF01305
PF01252	PF01327
PF01252	PF01367
PF01252	PF01476
PF01252	PF01632
PF01252	PF01649
PF01252	PF01653
PF01252	PF01668
PF01252	PF01715
PF01252	PF01743
PF01252	PF01746
PF01252	PF01765
PF01252	PF01782
PF01252	PF01790
PF01252	PF01795
PF01252	PF01807
PF01252	PF02096
PF01252	PF02357
PF01252	PF02367
PF01252	PF02410
PF01252	PF02473
PF01252	PF02575
PF01252	PF02739
PF01252	PF02767
PF01252	PF02768
PF01252	PF02873
PF01252	PF02911
PF01252	PF02912
PF01252	PF03033
PF01252	PF03118
PF01252	PF03120
PF01252	PF03461
PF01252	PF03462
PF01252	PF03471
PF01252	PF03602
PF01252	PF03652
PF01252	PF03717
PF01252	PF03772
PF01252	PF03796
PF01252	PF03840
PF01253	PF01336
PF01253	PF01399
PF01253	PF01472
PF01253	PF01873
PF01253	PF02002
PF01253	PF02020
PF01253	PF02775
PF01253	PF02776
PF01253	PF02803
PF01253	PF02854
PF01253	PF03129
PF01253	PF03501
PF01253	PF05291
PF01253	PF07992
PF01253	PF08264
PF01253	PF08597
PF01253	PF08662
PF01255	PF01255
PF01256	PF01256
PF01256	PF02330
PF01256	PF03853
PF01257	PF01257
PF01257	PF01512
PF01257	PF10531
PF01257	PF10589
PF01257	PF11497
PF01258	PF01258
PF01259	PF01259
PF01259	PF01808
PF01261	PF01261
PF01261	PF01627
PF01261	PF01979
PF01261	PF07582
PF01262	PF01262
PF01262	PF01490
PF01262	PF02233
PF01262	PF05222
PF01263	PF01263
PF01263	PF01370
PF01263	PF02744
PF01264	PF01264
PF01264	PF01380
PF01264	PF01487
PF01264	PF01488
PF01264	PF01761
PF01264	PF01817
PF01264	PF02774
PF01264	PF02879
PF01264	PF08551
PF01266	PF01266
PF01266	PF01571
PF01266	PF01593
PF01266	PF01946
PF01266	PF01992
PF01266	PF03275
PF01266	PF04267
PF01266	PF04324
PF01266	PF05430
PF01266	PF05690
PF01266	PF07992
PF01266	PF08669
PF01267	PF01267
PF01267	PF02002
PF01267	PF03006
PF01267	PF03372
PF01267	PF05177
PF01268	PF01268
PF01268	PF01602
PF01268	PF01926
PF01269	PF01269
PF01269	PF01280
PF01269	PF01282
PF01269	PF01283
PF01269	PF01331
PF01269	PF01423
PF01269	PF01472
PF01269	PF01599
PF01269	PF01652
PF01269	PF01655
PF01269	PF01667
PF01269	PF01780
PF01269	PF01798
PF01269	PF01864
PF01269	PF01866
PF01269	PF01870
PF01269	PF01871
PF01269	PF01873
PF01269	PF01875
PF01269	PF01877
PF01269	PF01885
PF01269	PF01896
PF01269	PF01902
PF01269	PF01907
PF01269	PF01912
PF01269	PF01916
PF01269	PF01920
PF01269	PF01922
PF01269	PF01946
PF01269	PF01971
PF01269	PF01974
PF01269	PF01981
PF01269	PF01982
PF01269	PF01984
PF01269	PF02002
PF01269	PF02005
PF01269	PF02006
PF01269	PF02037
PF01269	PF02150
PF01269	PF02359
PF01269	PF02475
PF01269	PF02598
PF01269	PF02676
PF01269	PF02732
PF01269	PF02933
PF01269	PF02996
PF01269	PF03029
PF01269	PF03367
PF01269	PF03463
PF01269	PF03464
PF01269	PF03465
PF01269	PF03587
PF01269	PF03813
PF01269	PF03835
PF01269	PF03919
PF01269	PF04047
PF01269	PF04135
PF01269	PF04147
PF01269	PF04158
PF01269	PF04410
PF01269	PF04427
PF01269	PF05022
PF01269	PF05178
PF01269	PF05291
PF01269	PF06881
PF01269	PF09073
PF01270	PF01292
PF01270	PF03170
PF01272	PF01272
PF01272	PF03449
PF01273	PF02886
PF01274	PF01274
PF01276	PF01276
PF01276	PF03709
PF01276	PF03711
PF01278	PF01278
PF01278	PF02050
PF01278	PF02120
PF01278	PF02203
PF01278	PF02264
PF01278	PF02311
PF01278	PF02413
PF01278	PF03400
PF01278	PF03811
PF01278	PF03846
PF01279	PF01279
PF01279	PF02793
PF01279	PF02985
PF01279	PF03810
PF01280	PF01282
PF01280	PF01423
PF01280	PF01599
PF01280	PF01602
PF01280	PF01655
PF01280	PF01667
PF01280	PF01780
PF01280	PF01798
PF01280	PF01864
PF01280	PF01866
PF01280	PF01870
PF01280	PF01871
PF01280	PF01873
PF01280	PF01875
PF01280	PF01877
PF01280	PF01896
PF01280	PF01902
PF01280	PF01907
PF01280	PF01912
PF01280	PF01916
PF01280	PF01920
PF01280	PF01922
PF01280	PF01946
PF01280	PF01971
PF01280	PF01974
PF01280	PF01981
PF01280	PF01982
PF01280	PF01984
PF01280	PF02002
PF01280	PF02005
PF01280	PF02006
PF01280	PF02150
PF01280	PF02359
PF01280	PF02475
PF01280	PF02598
PF01280	PF02676
PF01280	PF02732
PF01280	PF02933
PF01280	PF02996
PF01280	PF03029
PF01280	PF03367
PF01280	PF03463
PF01280	PF03464
PF01280	PF03465
PF01280	PF03587
PF01280	PF08297
PF01281	PF01281
PF01281	PF01305
PF01281	PF01327
PF01281	PF01367
PF01281	PF01434
PF01281	PF01476
PF01281	PF01553
PF01281	PF01632
PF01281	PF01649
PF01281	PF01653
PF01281	PF01668
PF01281	PF01709
PF01281	PF01715
PF01281	PF01743
PF01281	PF01746
PF01281	PF01765
PF01281	PF01782
PF01281	PF01790
PF01281	PF01795
PF01281	PF01807
PF01281	PF02096
PF01281	PF02224
PF01281	PF02357
PF01281	PF02367
PF01281	PF02390
PF01281	PF02410
PF01281	PF02473
PF01281	PF02527
PF01281	PF02575
PF01281	PF02739
PF01281	PF02767
PF01281	PF02768
PF01281	PF02873
PF01281	PF02904
PF01281	PF02911
PF01281	PF02912
PF01281	PF03033
PF01281	PF03054
PF01281	PF03118
PF01281	PF03120
PF01281	PF03461
PF01281	PF03462
PF01281	PF03471
PF01281	PF03602
PF01281	PF03652
PF01281	PF03717
PF01281	PF03772
PF01281	PF03796
PF01281	PF03840
PF01282	PF01283
PF01282	PF01599
PF01282	PF01655
PF01282	PF01667
PF01282	PF01780
PF01282	PF01798
PF01282	PF01849
PF01282	PF01873
PF01282	PF01896
PF01282	PF01920
PF01282	PF01922
PF01282	PF01946
PF01282	PF01984
PF01282	PF02002
PF01282	PF02359
PF01282	PF02516
PF01282	PF02598
PF01282	PF02732
PF01282	PF02996
PF01282	PF03463
PF01282	PF03464
PF01282	PF03465
PF01283	PF01423
PF01283	PF01479
PF01283	PF01521
PF01283	PF01607
PF01283	PF02100
PF01283	PF02330
PF01283	PF03297
PF01283	PF03501
PF01283	PF03931
PF01283	PF06870
PF01284	PF07303
PF01285	PF01285
PF01286	PF01336
PF01286	PF01624
PF01286	PF03834
PF01286	PF03835
PF01286	PF05181
PF01287	PF01287
PF01287	PF01652
PF01287	PF01876
PF01287	PF01900
PF01287	PF01912
PF01287	PF02735
PF01287	PF06870
PF01287	PF08207
PF01288	PF01288
PF01288	PF02152
PF01288	PF02882
PF01289	PF01289
PF01291	PF01291
PF01291	PF09240
PF01292	PF03170
PF01293	PF01293
PF01293	PF06560
PF01294	PF01423
PF01294	PF01757
PF01294	PF01907
PF01294	PF03947
PF01294	PF04427
PF01295	PF01340
PF01295	PF01371
PF01295	PF01389
PF01295	PF02050
PF01295	PF02300
PF01295	PF02313
PF01295	PF02335
PF01295	PF02900
PF01295	PF02976
PF01295	PF03264
PF01295	PF03603
PF01295	PF03605
PF01295	PF03606
PF01295	PF03695
PF01295	PF03701
PF01295	PF03709
PF01295	PF03843
PF01295	PF03848
PF01296	PF08249
PF01297	PF01297
PF01300	PF01300
PF01300	PF03481
PF01301	PF02140
PF01301	PF02837
PF01301	PF10435
PF01302	PF01302
PF01302	PF03271
PF01302	PF08738
PF01303	PF01303
PF01305	PF01327
PF01305	PF01367
PF01305	PF01434
PF01305	PF01476
PF01305	PF01553
PF01305	PF01595
PF01305	PF01602
PF01305	PF01632
PF01305	PF01648
PF01305	PF01649
PF01305	PF01653
PF01305	PF01668
PF01305	PF01687
PF01305	PF01709
PF01305	PF01715
PF01305	PF01743
PF01305	PF01746
PF01305	PF01765
PF01305	PF01790
PF01305	PF01795
PF01305	PF01807
PF01305	PF02096
PF01305	PF02357
PF01305	PF02390
PF01305	PF02575
PF01305	PF02739
PF01305	PF02768
PF01305	PF02772
PF01305	PF02773
PF01305	PF02801
PF01305	PF02873
PF01305	PF02911
PF01305	PF03033
PF01305	PF03054
PF01305	PF03118
PF01305	PF03120
PF01305	PF03147
PF01305	PF03462
PF01305	PF03652
PF01305	PF03772
PF01305	PF03796
PF01306	PF01306
PF01311	PF01312
PF01311	PF01313
PF01311	PF01514
PF01312	PF01312
PF01312	PF01313
PF01312	PF01514
PF01313	PF01514
PF01314	PF01314
PF01314	PF02730
PF01315	PF01315
PF01315	PF01799
PF01315	PF02738
PF01315	PF03450
PF01316	PF01316
PF01316	PF02863
PF01318	PF01318
PF01320	PF01320
PF01320	PF01844
PF01320	PF02050
PF01320	PF03513
PF01320	PF03545
PF01321	PF01321
PF01322	PF01322
PF01322	PF07361
PF01323	PF01323
PF01323	PF02600
PF01323	PF03548
PF01323	PF03550
PF01323	PF03658
PF01324	PF02763
PF01324	PF02764
PF01325	PF01325
PF01325	PF02742
PF01325	PF04023
PF01326	PF01326
PF01326	PF02896
PF01327	PF01327
PF01327	PF01367
PF01327	PF01434
PF01327	PF01476
PF01327	PF01553
PF01327	PF01632
PF01327	PF01649
PF01327	PF01653
PF01327	PF01668
PF01327	PF01709
PF01327	PF01715
PF01327	PF01743
PF01327	PF01746
PF01327	PF01765
PF01327	PF01782
PF01327	PF01790
PF01327	PF01795
PF01327	PF01807
PF01327	PF02096
PF01327	PF02224
PF01327	PF02357
PF01327	PF02367
PF01327	PF02390
PF01327	PF02410
PF01327	PF02473
PF01327	PF02527
PF01327	PF02575
PF01327	PF02739
PF01327	PF02767
PF01327	PF02768
PF01327	PF02873
PF01327	PF02904
PF01327	PF02911
PF01327	PF02912
PF01327	PF03033
PF01327	PF03054
PF01327	PF03118
PF01327	PF03120
PF01327	PF03461
PF01327	PF03462
PF01327	PF03471
PF01327	PF03602
PF01327	PF03652
PF01327	PF03717
PF01327	PF03772
PF01327	PF03796
PF01327	PF03840
PF01329	PF01329
PF01329	PF04814
PF01330	PF01330
PF01330	PF02224
PF01330	PF02904
PF01330	PF03772
PF01330	PF07499
PF01331	PF01331
PF01331	PF01399
PF01331	PF01423
PF01331	PF02212
PF01331	PF02779
PF01331	PF02780
PF01331	PF02940
PF01331	PF03919
PF01331	PF04408
PF01331	PF04992
PF01331	PF05001
PF01331	PF05422
PF01331	PF05470
PF01333	PF01333
PF01333	PF02529
PF01333	PF03742
PF01333	PF05115
PF01333	PF08041
PF01333	PF08802
PF01335	PF01335
PF01336	PF01336
PF01336	PF01423
PF01336	PF01532
PF01336	PF01624
PF01336	PF02184
PF01336	PF02231
PF01336	PF02259
PF01336	PF02260
PF01336	PF02359
PF01336	PF02601
PF01336	PF02811
PF01336	PF02872
PF01336	PF02938
PF01336	PF04098
PF01336	PF04330
PF01336	PF04331
PF01336	PF04699
PF01336	PF05053
PF01336	PF05181
PF01336	PF05188
PF01336	PF05190
PF01336	PF05192
PF01336	PF06424
PF01336	PF07724
PF01336	PF07733
PF01336	PF08646
PF01336	PF08661
PF01337	PF01337
PF01337	PF02561
PF01338	PF01338
PF01339	PF01339
PF01339	PF01739
PF01339	PF03705
PF01340	PF01340
PF01340	PF01371
PF01340	PF01389
PF01340	PF02219
PF01340	PF02300
PF01340	PF02313
PF01340	PF02335
PF01340	PF02900
PF01340	PF02976
PF01340	PF03264
PF01340	PF03603
PF01340	PF03605
PF01340	PF03606
PF01340	PF03695
PF01340	PF03701
PF01340	PF03709
PF01340	PF03843
PF01340	PF03848
PF01341	PF01341
PF01342	PF01342
PF01342	PF01393
PF01342	PF01753
PF01342	PF03172
PF01343	PF01343
PF01344	PF01344
PF01344	PF01437
PF01344	PF01833
PF01344	PF02798
PF01344	PF03028
PF01344	PF07646
PF01344	PF09118
PF01346	PF01346
PF01347	PF02363
PF01347	PF06493
PF01347	PF09172
PF01347	PF09175
PF01351	PF01351
PF01351	PF08615
PF01352	PF02023
PF01352	PF03148
PF01353	PF01353
PF01353	PF07686
PF01355	PF01355
PF01357	PF01357
PF01357	PF03330
PF01357	PF07686
PF01358	PF01358
PF01358	PF03296
PF01359	PF01359
PF01360	PF01494
PF01361	PF01361
PF01363	PF01363
PF01363	PF01504
PF01363	PF02214
PF01363	PF02809
PF01363	PF03134
PF01363	PF03208
PF01363	PF03847
PF01363	PF05983
PF01363	PF06313
PF01363	PF06602
PF01364	PF03785
PF01365	PF01365
PF01365	PF02815
PF01367	PF01434
PF01367	PF01476
PF01367	PF01553
PF01367	PF01612
PF01367	PF01632
PF01367	PF01649
PF01367	PF01653
PF01367	PF01668
PF01367	PF01709
PF01367	PF01715
PF01367	PF01743
PF01367	PF01746
PF01367	PF01765
PF01367	PF01782
PF01367	PF01790
PF01367	PF01795
PF01367	PF01807
PF01367	PF02096
PF01367	PF02224
PF01367	PF02357
PF01367	PF02367
PF01367	PF02390
PF01367	PF02410
PF01367	PF02473
PF01367	PF02527
PF01367	PF02575
PF01367	PF02739
PF01367	PF02767
PF01367	PF02768
PF01367	PF02873
PF01367	PF02904
PF01367	PF02911
PF01367	PF02912
PF01367	PF03033
PF01367	PF03054
PF01367	PF03118
PF01367	PF03120
PF01367	PF03461
PF01367	PF03462
PF01367	PF03471
PF01367	PF03602
PF01367	PF03652
PF01367	PF03717
PF01367	PF03772
PF01367	PF03796
PF01367	PF03840
PF01368	PF01368
PF01368	PF02254
PF01368	PF02272
PF01368	PF02833
PF01368	PF03850
PF01368	PF04110
PF01369	PF01369
PF01369	PF01602
PF01369	PF03810
PF01370	PF01370
PF01370	PF01598
PF01370	PF02911
PF01370	PF03301
PF01370	PF03357
PF01370	PF05669
PF01370	PF08338
PF01371	PF01371
PF01371	PF01389
PF01371	PF02300
PF01371	PF02313
PF01371	PF02335
PF01371	PF02900
PF01371	PF02976
PF01371	PF03264
PF01371	PF03603
PF01371	PF03605
PF01371	PF03606
PF01371	PF03695
PF01371	PF03701
PF01371	PF03709
PF01371	PF03843
PF01371	PF03848
PF01372	PF01372
PF01373	PF01373
PF01373	PF01670
PF01373	PF02806
PF01374	PF01374
PF01375	PF01375
PF01375	PF01376
PF01375	PF06453
PF01376	PF01376
PF01377	PF01476
PF01377	PF02473
PF01377	PF02873
PF01377	PF02912
PF01378	PF01378
PF01378	PF01468
PF01378	PF02216
PF01378	PF07654
PF01379	PF01379
PF01379	PF02602
PF01379	PF03900
PF01379	PF06969
PF01380	PF01380
PF01380	PF01381
PF01380	PF01488
PF01380	PF02774
PF01380	PF02798
PF01380	PF02879
PF01380	PF04110
PF01380	PF10432
PF01381	PF01381
PF01381	PF02195
PF01381	PF02560
PF01381	PF03681
PF01381	PF04058
PF01381	PF04545
PF01381	PF07804
PF01381	PF07883
PF01381	PF08671
PF01382	PF01382
PF01384	PF04113
PF01384	PF07690
PF01388	PF01423
PF01388	PF01857
PF01388	PF01858
PF01388	PF02373
PF01388	PF02375
PF01388	PF04855
PF01389	PF02300
PF01389	PF02313
PF01389	PF02335
PF01389	PF02976
PF01389	PF03264
PF01389	PF03603
PF01389	PF03605
PF01389	PF03606
PF01389	PF03701
PF01389	PF03843
PF01389	PF03848
PF01390	PF01545
PF01391	PF01391
PF01391	PF01392
PF01391	PF02210
PF01391	PF02214
PF01391	PF02363
PF01391	PF03165
PF01391	PF03166
PF01391	PF06493
PF01391	PF07921
PF01392	PF01392
PF01392	PF01759
PF01392	PF02210
PF01392	PF06121
PF01392	PF06482
PF01393	PF01393
PF01393	PF03172
PF01393	PF03735
PF01393	PF11600
PF01394	PF01394
PF01394	PF02752
PF01394	PF03127
PF01394	PF07651
PF01394	PF09268
PF01395	PF01395
PF01396	PF01751
PF01397	PF03936
PF01398	PF01398
PF01398	PF01399
PF01398	PF01423
PF01398	PF01851
PF01398	PF02518
PF01398	PF02779
PF01398	PF02780
PF01398	PF02854
PF01398	PF05160
PF01398	PF08084
PF01399	PF01399
PF01399	PF01423
PF01399	PF01428
PF01399	PF01487
PF01399	PF01488
PF01399	PF01761
PF01399	PF01851
PF01399	PF01873
PF01399	PF01912
PF01399	PF02148
PF01399	PF02176
PF01399	PF03322
PF01399	PF03399
PF01399	PF03909
PF01399	PF03919
PF01399	PF04095
PF01399	PF04110
PF01399	PF04176
PF01399	PF04939
PF01399	PF05160
PF01399	PF05348
PF01399	PF08597
PF01400	PF01549
PF01401	PF01401
PF01401	PF01600
PF01401	PF09408
PF01402	PF01402
PF01402	PF01850
PF01402	PF08753
PF01403	PF01403
PF01403	PF01437
PF01403	PF01833
PF01403	PF08191
PF01403	PF12354
PF01404	PF01404
PF01405	PF02419
PF01405	PF05151
PF01406	PF01406
PF01406	PF05746
PF01406	PF09190
PF01408	PF01408
PF01408	PF02894
PF01408	PF09166
PF01409	PF01409
PF01409	PF02912
PF01409	PF03147
PF01409	PF03483
PF01409	PF03484
PF01410	PF02210
PF01411	PF01411
PF01411	PF02272
PF01411	PF07973
PF01412	PF01412
PF01412	PF01490
PF01412	PF01513
PF01412	PF01602
PF01412	PF01679
PF01412	PF01842
PF01412	PF02037
PF01412	PF02071
PF01412	PF02826
PF01412	PF03666
PF01412	PF03983
PF01412	PF04366
PF01412	PF04426
PF01412	PF04893
PF01412	PF05255
PF01412	PF07651
PF01412	PF08534
PF01413	PF01413
PF01415	PF01415
PF01416	PF01416
PF01416	PF01746
PF01416	PF02852
PF01416	PF04000
PF01417	PF01417
PF01417	PF01608
PF01417	PF02205
PF01417	PF02545
PF01417	PF03322
PF01417	PF06401
PF01418	PF01418
PF01419	PF01419
PF01420	PF01420
PF01421	PF01421
PF01421	PF05986
PF01421	PF08516
PF01423	PF01423
PF01423	PF01535
PF01423	PF01585
PF01423	PF01591
PF01423	PF01599
PF01423	PF01602
PF01423	PF01652
PF01423	PF01655
PF01423	PF01667
PF01423	PF01749
PF01423	PF01780
PF01423	PF01781
PF01423	PF01793
PF01423	PF01798
PF01423	PF01805
PF01423	PF01846
PF01423	PF01864
PF01423	PF01866
PF01423	PF01871
PF01423	PF01873
PF01423	PF01885
PF01423	PF01896
PF01423	PF01902
PF01423	PF01907
PF01423	PF01912
PF01423	PF01916
PF01423	PF01920
PF01423	PF01922
PF01423	PF01946
PF01423	PF01951
PF01423	PF01974
PF01423	PF01981
PF01423	PF01982
PF01423	PF01984
PF01423	PF01988
PF01423	PF02002
PF01423	PF02005
PF01423	PF02037
PF01423	PF02150
PF01423	PF02184
PF01423	PF02214
PF01423	PF02301
PF01423	PF02359
PF01423	PF02366
PF01423	PF02383
PF01423	PF02475
PF01423	PF02518
PF01423	PF02732
PF01423	PF02769
PF01423	PF02785
PF01423	PF02786
PF01423	PF02812
PF01423	PF02815
PF01423	PF02826
PF01423	PF02842
PF01423	PF02843
PF01423	PF02844
PF01423	PF02854
PF01423	PF02867
PF01423	PF02889
PF01423	PF02933
PF01423	PF02966
PF01423	PF02985
PF01423	PF02996
PF01423	PF03081
PF01423	PF03095
PF01423	PF03144
PF01423	PF03162
PF01423	PF03194
PF01423	PF03343
PF01423	PF03367
PF01423	PF03371
PF01423	PF03435
PF01423	PF03463
PF01423	PF03464
PF01423	PF03465
PF01423	PF03477
PF01423	PF03587
PF01423	PF03764
PF01423	PF03765
PF01423	PF03919
PF01423	PF04037
PF01423	PF04046
PF01423	PF04112
PF01423	PF04129
PF01423	PF04145
PF01423	PF04410
PF01423	PF04421
PF01423	PF04438
PF01423	PF04502
PF01423	PF04567
PF01423	PF04568
PF01423	PF04818
PF01423	PF04825
PF01423	PF04855
PF01423	PF05026
PF01423	PF05282
PF01423	PF05387
PF01423	PF05391
PF01423	PF06058
PF01423	PF06220
PF01423	PF06418
PF01423	PF06424
PF01423	PF07717
PF01423	PF07942
PF01423	PF08038
PF01423	PF08060
PF01423	PF08314
PF01423	PF08477
PF01423	PF08572
PF01423	PF09088
PF01423	PF09090
PF01424	PF01424
PF01424	PF01585
PF01424	PF04857
PF01425	PF01425
PF01425	PF02626
PF01425	PF02637
PF01425	PF02682
PF01425	PF02686
PF01425	PF02785
PF01425	PF02786
PF01425	PF02934
PF01425	PF02985
PF01426	PF01426
PF01426	PF01448
PF01426	PF02008
PF01426	PF02178
PF01426	PF02874
PF01426	PF06464
PF01426	PF08632
PF01426	PF09197
PF01426	PF11603
PF01427	PF01427
PF01428	PF01428
PF01428	PF05470
PF01429	PF02178
PF01429	PF02791
PF01429	PF05033
PF01430	PF01430
PF01431	PF05649
PF01432	PF01432
PF01432	PF08271
PF01432	PF08439
PF01433	PF02798
PF01433	PF03198
PF01433	PF04719
PF01433	PF09127
PF01433	PF11940
PF01434	PF01434
PF01434	PF01553
PF01434	PF01595
PF01434	PF01632
PF01434	PF01648
PF01434	PF01649
PF01434	PF01653
PF01434	PF01668
PF01434	PF01687
PF01434	PF01709
PF01434	PF01715
PF01434	PF01743
PF01434	PF01746
PF01434	PF01765
PF01434	PF01790
PF01434	PF01795
PF01434	PF01807
PF01434	PF02096
PF01434	PF02224
PF01434	PF02357
PF01434	PF02390
PF01434	PF02739
PF01434	PF02772
PF01434	PF02773
PF01434	PF02904
PF01434	PF02911
PF01434	PF03033
PF01434	PF03054
PF01434	PF03118
PF01434	PF03120
PF01434	PF03462
PF01434	PF03772
PF01434	PF03796
PF01434	PF06480
PF01434	PF07992
PF01435	PF01435
PF01436	PF01436
PF01436	PF03712
PF01436	PF08450
PF01437	PF01437
PF01437	PF01833
PF01441	PF01441
PF01442	PF01442
PF01442	PF04711
PF01443	PF01443
PF01443	PF01661
PF01443	PF03171
PF01443	PF05127
PF01443	PF05892
PF01447	PF02868
PF01447	PF03413
PF01450	PF01450
PF01450	PF07991
PF01451	PF01451
PF01451	PF06617
PF01452	PF01452
PF01453	PF01453
PF01453	PF02162
PF01454	PF02463
PF01454	PF04939
PF01454	PF07686
PF01454	PF08743
PF01455	PF01455
PF01455	PF01750
PF01455	PF01924
PF01458	PF01458
PF01459	PF01607
PF01459	PF01656
PF01459	PF02064
PF01459	PF02301
PF01459	PF02374
PF01459	PF02466
PF01459	PF03114
PF01459	PF04281
PF01459	PF04733
PF01459	PF05291
PF01459	PF07544
PF01462	PF01462
PF01462	PF01463
PF01462	PF01477
PF01462	PF01582
PF01462	PF01822
PF01462	PF01825
PF01462	PF02010
PF01463	PF01477
PF01463	PF01582
PF01463	PF01822
PF01463	PF01825
PF01463	PF02010
PF01463	PF03736
PF01464	PF01476
PF01465	PF01465
PF01466	PF01813
PF01466	PF01991
PF01466	PF02518
PF01466	PF02874
PF01466	PF03764
PF01466	PF03931
PF01466	PF04300
PF01466	PF04969
PF01467	PF01467
PF01467	PF01728
PF01467	PF01931
PF01467	PF01966
PF01467	PF04478
PF01467	PF08477
PF01467	PF10362
PF01468	PF01468
PF01468	PF07554
PF01470	PF01470
PF01471	PF01476
PF01471	PF01510
PF01471	PF07486
PF01471	PF08291
PF01472	PF01472
PF01472	PF01507
PF01472	PF01509
PF01472	PF01702
PF01472	PF02131
PF01472	PF02732
PF01472	PF02854
PF01472	PF03144
PF01472	PF05291
PF01472	PF08068
PF01472	PF09183
PF01473	PF01473
PF01473	PF01510
PF01474	PF01474
PF01474	PF01817
PF01474	PF02391
PF01475	PF01475
PF01476	PF01510
PF01476	PF01520
PF01476	PF01551
PF01476	PF01632
PF01476	PF01649
PF01476	PF01653
PF01476	PF01668
PF01476	PF01715
PF01476	PF01743
PF01476	PF01746
PF01476	PF01765
PF01476	PF01782
PF01476	PF01790
PF01476	PF01795
PF01476	PF01807
PF01476	PF01820
PF01476	PF01832
PF01476	PF02033
PF01476	PF02096
PF01476	PF02130
PF01476	PF02357
PF01476	PF02367
PF01476	PF02368
PF01476	PF02369
PF01476	PF02410
PF01476	PF02473
PF01476	PF02547
PF01476	PF02575
PF01476	PF02576
PF01476	PF02739
PF01476	PF02767
PF01476	PF02768
PF01476	PF02801
PF01476	PF02873
PF01476	PF02911
PF01476	PF02912
PF01476	PF03033
PF01476	PF03118
PF01476	PF03120
PF01476	PF03147
PF01476	PF03461
PF01476	PF03462
PF01476	PF03471
PF01476	PF03602
PF01476	PF03652
PF01476	PF03717
PF01476	PF03734
PF01476	PF03772
PF01476	PF03796
PF01476	PF03840
PF01476	PF04972
PF01477	PF01822
PF01477	PF01825
PF01477	PF02740
PF01477	PF02759
PF01479	PF01479
PF01479	PF01652
PF01479	PF01728
PF01479	PF02363
PF01479	PF03719
PF01479	PF04006
PF01479	PF04047
PF01479	PF05291
PF01479	PF06493
PF01479	PF06645
PF01479	PF08297
PF01481	PF01481
PF01483	PF01483
PF01483	PF01633
PF01483	PF01794
PF01483	PF03435
PF01483	PF03647
PF01484	PF02214
PF01484	PF02363
PF01484	PF03165
PF01484	PF03166
PF01484	PF06493
PF01485	PF05773
PF01487	PF01487
PF01487	PF01488
PF01487	PF01761
PF01487	PF01817
PF01487	PF02518
PF01487	PF02735
PF01487	PF04110
PF01487	PF08501
PF01488	PF01488
PF01488	PF01761
PF01488	PF02518
PF01488	PF02735
PF01488	PF02774
PF01488	PF02879
PF01488	PF04110
PF01488	PF05201
PF01488	PF08501
PF01490	PF01607
PF01490	PF01781
PF01490	PF05222
PF01490	PF05669
PF01490	PF09340
PF01493	PF01568
PF01493	PF01645
PF01493	PF04897
PF01493	PF04898
PF01494	PF01494
PF01494	PF07976
PF01495	PF02492
PF01496	PF01813
PF01496	PF01990
PF01496	PF01991
PF01496	PF01992
PF01496	PF02146
PF01496	PF02874
PF01496	PF03179
PF01496	PF03223
PF01496	PF03224
PF01496	PF03435
PF01496	PF03727
PF01496	PF05669
PF01497	PF01497
PF01500	PF02363
PF01500	PF06493
PF01501	PF01501
PF01501	PF05693
PF01502	PF01502
PF01502	PF01503
PF01502	PF01634
PF01502	PF02772
PF01502	PF02776
PF01503	PF01503
PF01503	PF01634
PF01504	PF01504
PF01504	PF05983
PF01505	PF01505
PF01507	PF01507
PF01507	PF02735
PF01507	PF03144
PF01507	PF05669
PF01509	PF01509
PF01509	PF01749
PF01509	PF02854
PF01509	PF03435
PF01509	PF04135
PF01509	PF04410
PF01509	PF05291
PF01509	PF08060
PF01509	PF08068
PF01509	PF08156
PF01509	PF09142
PF01509	PF09157
PF01510	PF01510
PF01510	PF01832
PF01510	PF05257
PF01512	PF10531
PF01512	PF10589
PF01513	PF01513
PF01514	PF01514
PF01515	PF01515
PF01515	PF03949
PF01515	PF07085
PF01517	PF01517
PF01519	PF01519
PF01520	PF01520
PF01520	PF02401
PF01520	PF02542
PF01520	PF04122
PF01520	PF05036
PF01521	PF01521
PF01521	PF04615
PF01522	PF01522
PF01523	PF01523
PF01529	PF02076
PF01530	PF01530
PF01530	PF02820
PF01532	PF01532
PF01532	PF02225
PF01532	PF02441
PF01532	PF03643
PF01532	PF08477
PF01536	PF01536
PF01537	PF01537
PF01538	PF01538
PF01541	PF01541
PF01541	PF02150
PF01541	PF02151
PF01543	PF07686
PF01544	PF01544
PF01545	PF01545
PF01545	PF01569
PF01545	PF07645
PF01545	PF07957
PF01546	PF01546
PF01546	PF01602
PF01546	PF07687
PF01547	PF01547
PF01547	PF02793
PF01548	PF02371
PF01549	PF02374
PF01551	PF01551
PF01551	PF01782
PF01551	PF02130
PF01551	PF02527
PF01551	PF02547
PF01551	PF02576
PF01551	PF02873
PF01551	PF04225
PF01553	PF01595
PF01553	PF01632
PF01553	PF01648
PF01553	PF01649
PF01553	PF01653
PF01553	PF01668
PF01553	PF01687
PF01553	PF01709
PF01553	PF01715
PF01553	PF01743
PF01553	PF01746
PF01553	PF01765
PF01553	PF01790
PF01553	PF01795
PF01553	PF01807
PF01553	PF01842
PF01553	PF02096
PF01553	PF02224
PF01553	PF02357
PF01553	PF02367
PF01553	PF02390
PF01553	PF02527
PF01553	PF02739
PF01553	PF02772
PF01553	PF02773
PF01553	PF02904
PF01553	PF02911
PF01553	PF03033
PF01553	PF03054
PF01553	PF03118
PF01553	PF03120
PF01553	PF03452
PF01553	PF03462
PF01553	PF03772
PF01553	PF03796
PF01555	PF01555
PF01555	PF02321
PF01555	PF03841
PF01556	PF01556
PF01556	PF02188
PF01556	PF05036
PF01556	PF06723
PF01557	PF01557
PF01557	PF01849
PF01557	PF02330
PF01557	PF09298
PF01557	PF10370
PF01558	PF01558
PF01558	PF01855
PF01558	PF02775
PF01558	PF03797
PF01558	PF10371
PF01562	PF05986
PF01564	PF01564
PF01564	PF02045
PF01565	PF01565
PF01565	PF02873
PF01565	PF02913
PF01565	PF03148
PF01565	PF04030
PF01565	PF08031
PF01565	PF09129
PF01565	PF09265
PF01565	PF09330
PF01566	PF04969
PF01566	PF05002
PF01568	PF01967
PF01568	PF02391
PF01568	PF03453
PF01568	PF03454
PF01568	PF03892
PF01568	PF04324
PF01568	PF04879
PF01569	PF01569
PF01569	PF03171
PF01570	PF07686
PF01571	PF01571
PF01571	PF01597
PF01571	PF02347
PF01571	PF04267
PF01571	PF04268
PF01571	PF08669
PF01574	PF01909
PF01574	PF03540
PF01575	PF01575
PF01575	PF02036
PF01575	PF02801
PF01576	PF02736
PF01579	PF03177
PF01579	PF04108
PF01580	PF01580
PF01581	PF06840
PF01582	PF01582
PF01582	PF02394
PF01583	PF01583
PF01583	PF01747
PF01583	PF03144
PF01584	PF01584
PF01584	PF01627
PF01584	PF01739
PF01584	PF02518
PF01584	PF02895
PF01584	PF03705
PF01585	PF02100
PF01585	PF02735
PF01585	PF05022
PF01585	PF08607
PF01585	PF09295
PF01588	PF01588
PF01588	PF03147
PF01588	PF03483
PF01588	PF03484
PF01588	PF03950
PF01589	PF01589
PF01590	PF01590
PF01590	PF02518
PF01590	PF02896
PF01590	PF02954
PF01590	PF05524
PF01590	PF08446
PF01591	PF01591
PF01591	PF01749
PF01591	PF02598
PF01592	PF01592
PF01592	PF02887
PF01592	PF04324
PF01593	PF01593
PF01593	PF04433
PF01593	PF08449
PF01595	PF01709
PF01595	PF01765
PF01595	PF02096
PF01595	PF03054
PF01595	PF03462
PF01596	PF01596
PF01597	PF01597
PF01597	PF02347
PF01597	PF03099
PF01597	PF08669
PF01598	PF03134
PF01598	PF03198
PF01598	PF03798
PF01598	PF04321
PF01598	PF06432
PF01598	PF07690
PF01598	PF07983
PF01599	PF01655
PF01599	PF01667
PF01599	PF01780
PF01599	PF01798
PF01599	PF01864
PF01599	PF01866
PF01599	PF01871
PF01599	PF01873
PF01599	PF01896
PF01599	PF01902
PF01599	PF01907
PF01599	PF01912
PF01599	PF01916
PF01599	PF01920
PF01599	PF01922
PF01599	PF01946
PF01599	PF01974
PF01599	PF01981
PF01599	PF01982
PF01599	PF01984
PF01599	PF02002
PF01599	PF02005
PF01599	PF02150
PF01599	PF02359
PF01599	PF02475
PF01599	PF02732
PF01599	PF02933
PF01599	PF02996
PF01599	PF03367
PF01599	PF03463
PF01599	PF03464
PF01599	PF03465
PF01599	PF03587
PF01599	PF03835
PF01601	PF01601
PF01602	PF01602
PF01602	PF01749
PF01602	PF01916
PF01602	PF02882
PF01602	PF02883
PF01602	PF04053
PF01602	PF04136
PF01602	PF04560
PF01602	PF04563
PF01602	PF04733
PF01602	PF05008
PF01602	PF05234
PF01602	PF05739
PF01602	PF06375
PF01602	PF06883
PF01602	PF07687
PF01602	PF08698
PF01603	PF02985
PF01607	PF01607
PF01607	PF02146
PF01607	PF02921
PF01607	PF03661
PF01607	PF03803
PF01607	PF05365
PF01607	PF05383
PF01607	PF05387
PF01607	PF05482
PF01607	PF05964
PF01608	PF01608
PF01608	PF02205
PF01608	PF04366
PF01608	PF07651
PF01609	PF01609
PF01609	PF02281
PF01609	PF02914
PF01611	PF01611
PF01612	PF01612
PF01612	PF02739
PF01612	PF03167
PF01612	PF03725
PF01613	PF01613
PF01614	PF01614
PF01614	PF09339
PF01618	PF01618
PF01618	PF02472
PF01619	PF01619
PF01620	PF01620
PF01624	PF01624
PF01624	PF02212
PF01624	PF02259
PF01624	PF02260
PF01624	PF02518
PF01624	PF05188
PF01624	PF05190
PF01624	PF05192
PF01624	PF06068
PF01624	PF06071
PF01625	PF01625
PF01625	PF01641
PF01625	PF02861
PF01627	PF01627
PF01627	PF02518
PF01627	PF02895
PF01628	PF01628
PF01629	PF01862
PF01629	PF01878
PF01629	PF01886
PF01629	PF01889
PF01629	PF01893
PF01629	PF01897
PF01629	PF01901
PF01629	PF01903
PF01629	PF01913
PF01629	PF01930
PF01629	PF01934
PF01629	PF01936
PF01629	PF01944
PF01629	PF01947
PF01629	PF01956
PF01629	PF01959
PF01629	PF01976
PF01629	PF01983
PF01629	PF01988
PF01629	PF01993
PF01629	PF01995
PF01629	PF02001
PF01629	PF02007
PF01629	PF02289
PF01629	PF02552
PF01629	PF02593
PF01629	PF02596
PF01629	PF02655
PF01629	PF02697
PF01629	PF02741
PF01629	PF02778
PF01629	PF03598
PF01629	PF03599
PF01629	PF03686
PF01630	PF07686
PF01632	PF01649
PF01632	PF01653
PF01632	PF01668
PF01632	PF01709
PF01632	PF01715
PF01632	PF01743
PF01632	PF01746
PF01632	PF01765
PF01632	PF01782
PF01632	PF01790
PF01632	PF01795
PF01632	PF01807
PF01632	PF02096
PF01632	PF02224
PF01632	PF02357
PF01632	PF02367
PF01632	PF02390
PF01632	PF02410
PF01632	PF02473
PF01632	PF02527
PF01632	PF02575
PF01632	PF02739
PF01632	PF02767
PF01632	PF02768
PF01632	PF02873
PF01632	PF02904
PF01632	PF02911
PF01632	PF02912
PF01632	PF03033
PF01632	PF03054
PF01632	PF03118
PF01632	PF03120
PF01632	PF03461
PF01632	PF03462
PF01632	PF03471
PF01632	PF03602
PF01632	PF03652
PF01632	PF03717
PF01632	PF03772
PF01632	PF03796
PF01632	PF03840
PF01632	PF04427
PF01633	PF01633
PF01633	PF03435
PF01633	PF03647
PF01633	PF09219
PF01634	PF01634
PF01634	PF08029
PF01636	PF01636
PF01637	PF03008
PF01638	PF01638
PF01640	PF01640
PF01641	PF01641
PF01642	PF01642
PF01642	PF02310
PF01643	PF01643
PF01644	PF03142
PF01645	PF01645
PF01645	PF04897
PF01645	PF04898
PF01648	PF01648
PF01648	PF01765
PF01648	PF02096
PF01648	PF02222
PF01648	PF02390
PF01648	PF02801
PF01648	PF03462
PF01649	PF01653
PF01649	PF01668
PF01649	PF01746
PF01649	PF01765
PF01649	PF01790
PF01649	PF01795
PF01649	PF01807
PF01649	PF02096
PF01649	PF02224
PF01649	PF02357
PF01649	PF02367
PF01649	PF02390
PF01649	PF02527
PF01649	PF02575
PF01649	PF02739
PF01649	PF02767
PF01649	PF02768
PF01649	PF02873
PF01649	PF02904
PF01649	PF02911
PF01649	PF02912
PF01649	PF03033
PF01649	PF03118
PF01649	PF03120
PF01649	PF03461
PF01649	PF03462
PF01649	PF03471
PF01649	PF03602
PF01649	PF03652
PF01649	PF03717
PF01649	PF03772
PF01649	PF03796
PF01649	PF03840
PF01650	PF04114
PF01652	PF01652
PF01652	PF01912
PF01652	PF02045
PF01652	PF02732
PF01652	PF02854
PF01652	PF03104
PF01652	PF03194
PF01652	PF03392
PF01652	PF05383
PF01652	PF05456
PF01652	PF07541
PF01652	PF07544
PF01652	PF08490
PF01652	PF12152
PF01653	PF01653
PF01653	PF01668
PF01653	PF01709
PF01653	PF01715
PF01653	PF01743
PF01653	PF01746
PF01653	PF01765
PF01653	PF01782
PF01653	PF01790
PF01653	PF01795
PF01653	PF01807
PF01653	PF02096
PF01653	PF02224
PF01653	PF02357
PF01653	PF02367
PF01653	PF02390
PF01653	PF02410
PF01653	PF02473
PF01653	PF02527
PF01653	PF02575
PF01653	PF02739
PF01653	PF02767
PF01653	PF02768
PF01653	PF02873
PF01653	PF02904
PF01653	PF02911
PF01653	PF02912
PF01653	PF03033
PF01653	PF03054
PF01653	PF03118
PF01653	PF03119
PF01653	PF03120
PF01653	PF03461
PF01653	PF03462
PF01653	PF03471
PF01653	PF03602
PF01653	PF03652
PF01653	PF03717
PF01653	PF03772
PF01653	PF03796
PF01653	PF03840
PF01655	PF01667
PF01655	PF01780
PF01655	PF01798
PF01655	PF01864
PF01655	PF01866
PF01655	PF01870
PF01655	PF01871
PF01655	PF01873
PF01655	PF01875
PF01655	PF01877
PF01655	PF01896
PF01655	PF01902
PF01655	PF01907
PF01655	PF01912
PF01655	PF01916
PF01655	PF01920
PF01655	PF01922
PF01655	PF01946
PF01655	PF01971
PF01655	PF01974
PF01655	PF01981
PF01655	PF01982
PF01655	PF01984
PF01655	PF02002
PF01655	PF02005
PF01655	PF02006
PF01655	PF02150
PF01655	PF02359
PF01655	PF02475
PF01655	PF02598
PF01655	PF02676
PF01655	PF02732
PF01655	PF02933
PF01655	PF02996
PF01655	PF03029
PF01655	PF03367
PF01655	PF03463
PF01655	PF03464
PF01655	PF03465
PF01655	PF03587
PF01655	PF04710
PF01655	PF06814
PF01655	PF08162
PF01656	PF01656
PF01656	PF02195
PF01656	PF07994
PF01658	PF01658
PF01658	PF02374
PF01658	PF07994
PF01661	PF01661
PF01661	PF05409
PF01663	PF01663
PF01663	PF03134
PF01664	PF01664
PF01664	PF07686
PF01665	PF01665
PF01667	PF01780
PF01667	PF01798
PF01667	PF01864
PF01667	PF01866
PF01667	PF01870
PF01667	PF01871
PF01667	PF01873
PF01667	PF01875
PF01667	PF01877
PF01667	PF01896
PF01667	PF01902
PF01667	PF01907
PF01667	PF01912
PF01667	PF01916
PF01667	PF01920
PF01667	PF01922
PF01667	PF01946
PF01667	PF01971
PF01667	PF01974
PF01667	PF01981
PF01667	PF01982
PF01667	PF01984
PF01667	PF02002
PF01667	PF02005
PF01667	PF02006
PF01667	PF02150
PF01667	PF02359
PF01667	PF02475
PF01667	PF02598
PF01667	PF02676
PF01667	PF02732
PF01667	PF02933
PF01667	PF02996
PF01667	PF03029
PF01667	PF03297
PF01667	PF03367
PF01667	PF03463
PF01667	PF03464
PF01667	PF03465
PF01667	PF03587
PF01668	PF01746
PF01668	PF01765
PF01668	PF01790
PF01668	PF01795
PF01668	PF01807
PF01668	PF02096
PF01668	PF02224
PF01668	PF02357
PF01668	PF02367
PF01668	PF02390
PF01668	PF02527
PF01668	PF02575
PF01668	PF02739
PF01668	PF02767
PF01668	PF02768
PF01668	PF02873
PF01668	PF02904
PF01668	PF02911
PF01668	PF03033
PF01668	PF03118
PF01668	PF03120
PF01668	PF03461
PF01668	PF03462
PF01668	PF03471
PF01668	PF03602
PF01668	PF03652
PF01668	PF03717
PF01668	PF03772
PF01668	PF03796
PF01668	PF03840
PF01670	PF01670
PF01674	PF01674
PF01676	PF01676
PF01676	PF06415
PF01676	PF10143
PF01678	PF01678
PF01678	PF05173
PF01679	PF01851
PF01679	PF03983
PF01679	PF04366
PF01679	PF05739
PF01680	PF01680
PF01680	PF01749
PF01680	PF01965
PF01680	PF05690
PF01680	PF07685
PF01680	PF08477
PF01683	PF02363
PF01683	PF06493
PF01683	PF07645
PF01686	PF01686
PF01687	PF01687
PF01687	PF01765
PF01687	PF02096
PF01687	PF02390
PF01687	PF02772
PF01687	PF02773
PF01687	PF03462
PF01687	PF06574
PF01687	PF08162
PF01689	PF01689
PF01694	PF01694
PF01694	PF01979
PF01694	PF02205
PF01694	PF02668
PF01694	PF03322
PF01694	PF12122
PF01695	PF01695
PF01696	PF06931
PF01699	PF03160
PF01699	PF03733
PF01700	PF01700
PF01701	PF02507
PF01702	PF01702
PF01704	PF01704
PF01706	PF01706
PF01709	PF01715
PF01709	PF01743
PF01709	PF01746
PF01709	PF01765
PF01709	PF01790
PF01709	PF01795
PF01709	PF01807
PF01709	PF02096
PF01709	PF02390
PF01709	PF02576
PF01709	PF02739
PF01709	PF02911
PF01709	PF03054
PF01709	PF03120
PF01709	PF03462
PF01709	PF03796
PF01712	PF01712
PF01713	PF01713
PF01715	PF01715
PF01715	PF01743
PF01715	PF01745
PF01715	PF01746
PF01715	PF01765
PF01715	PF01782
PF01715	PF01790
PF01715	PF01795
PF01715	PF01807
PF01715	PF02096
PF01715	PF02357
PF01715	PF02367
PF01715	PF02390
PF01715	PF02410
PF01715	PF02473
PF01715	PF02739
PF01715	PF02767
PF01715	PF02768
PF01715	PF02801
PF01715	PF02873
PF01715	PF02911
PF01715	PF02912
PF01715	PF03033
PF01715	PF03054
PF01715	PF03120
PF01715	PF03147
PF01715	PF03461
PF01715	PF03462
PF01715	PF03471
PF01715	PF03602
PF01715	PF03717
PF01715	PF03796
PF01715	PF03840
PF01716	PF06514
PF01717	PF01717
PF01717	PF08267
PF01719	PF01719
PF01725	PF01725
PF01725	PF05669
PF01726	PF01726
PF01727	PF01732
PF01728	PF01728
PF01728	PF02777
PF01728	PF02832
PF01728	PF02939
PF01728	PF04387
PF01729	PF01729
PF01729	PF01749
PF01729	PF02540
PF01729	PF02749
PF01729	PF02985
PF01729	PF03810
PF01730	PF01730
PF01735	PF01735
PF01735	PF01822
PF01735	PF01992
PF01737	PF02533
PF01737	PF05969
PF01738	PF01738
PF01738	PF08271
PF01739	PF03705
PF01740	PF01740
PF01740	PF02518
PF01740	PF02735
PF01741	PF01741
PF01742	PF01742
PF01742	PF05739
PF01742	PF07686
PF01742	PF07952
PF01743	PF01743
PF01743	PF01746
PF01743	PF01765
PF01743	PF01782
PF01743	PF01790
PF01743	PF01795
PF01743	PF01807
PF01743	PF01842
PF01743	PF01909
PF01743	PF01966
PF01743	PF02096
PF01743	PF02357
PF01743	PF02367
PF01743	PF02390
PF01743	PF02410
PF01743	PF02473
PF01743	PF02732
PF01743	PF02739
PF01743	PF02767
PF01743	PF02768
PF01743	PF02801
PF01743	PF02873
PF01743	PF02911
PF01743	PF02912
PF01743	PF03033
PF01743	PF03054
PF01743	PF03120
PF01743	PF03147
PF01743	PF03461
PF01743	PF03462
PF01743	PF03471
PF01743	PF03602
PF01743	PF03717
PF01743	PF03796
PF01743	PF03840
PF01745	PF01745
PF01746	PF01746
PF01746	PF01765
PF01746	PF01782
PF01746	PF01790
PF01746	PF01795
PF01746	PF01807
PF01746	PF02096
PF01746	PF02224
PF01746	PF02357
PF01746	PF02367
PF01746	PF02390
PF01746	PF02410
PF01746	PF02473
PF01746	PF02527
PF01746	PF02575
PF01746	PF02739
PF01746	PF02767
PF01746	PF02768
PF01746	PF02873
PF01746	PF02904
PF01746	PF02911
PF01746	PF02912
PF01746	PF03033
PF01746	PF03054
PF01746	PF03118
PF01746	PF03120
PF01746	PF03461
PF01746	PF03462
PF01746	PF03471
PF01746	PF03602
PF01746	PF03652
PF01746	PF03717
PF01746	PF03772
PF01746	PF03796
PF01746	PF03840
PF01747	PF01747
PF01749	PF01749
PF01749	PF01784
PF01749	PF01833
PF01749	PF01909
PF01749	PF01916
PF01749	PF01946
PF01749	PF02127
PF01749	PF02136
PF01749	PF02197
PF01749	PF02548
PF01749	PF02581
PF01749	PF02749
PF01749	PF02800
PF01749	PF02812
PF01749	PF02985
PF01749	PF03332
PF01749	PF03725
PF01749	PF03727
PF01749	PF03803
PF01749	PF03810
PF01749	PF04446
PF01749	PF04926
PF01749	PF04928
PF01749	PF05983
PF01749	PF06732
PF01749	PF07992
PF01749	PF08068
PF01749	PF08240
PF01749	PF08282
PF01749	PF08423
PF01749	PF08477
PF01749	PF08506
PF01749	PF08542
PF01749	PF08544
PF01750	PF01750
PF01750	PF01924
PF01751	PF01751
PF01751	PF01807
PF01751	PF01844
PF01751	PF02132
PF01751	PF02463
PF01751	PF02518
PF01751	PF02565
PF01751	PF02976
PF01751	PF03796
PF01751	PF04406
PF01751	PF06839
PF01751	PF08275
PF01751	PF10410
PF01753	PF01753
PF01753	PF02493
PF01753	PF03171
PF01753	PF04194
PF01753	PF07531
PF01753	PF07645
PF01754	PF02338
PF01756	PF01756
PF01756	PF02770
PF01757	PF02949
PF01757	PF03066
PF01759	PF01821
PF01759	PF01835
PF01759	PF07677
PF01761	PF01761
PF01761	PF01817
PF01761	PF02518
PF01761	PF02735
PF01761	PF04110
PF01761	PF06068
PF01764	PF01764
PF01764	PF03893
PF01765	PF01790
PF01765	PF01795
PF01765	PF01807
PF01765	PF02096
PF01765	PF02357
PF01765	PF02390
PF01765	PF02575
PF01765	PF02739
PF01765	PF02768
PF01765	PF02772
PF01765	PF02773
PF01765	PF02801
PF01765	PF02873
PF01765	PF02911
PF01765	PF03033
PF01765	PF03054
PF01765	PF03118
PF01765	PF03120
PF01765	PF03147
PF01765	PF03462
PF01765	PF03652
PF01765	PF03772
PF01765	PF03796
PF01765	PF08271
PF01766	PF01766
PF01768	PF01768
PF01769	PF01769
PF01771	PF01771
PF01776	PF01776
PF01776	PF03153
PF01777	PF03947
PF01780	PF01798
PF01780	PF01864
PF01780	PF01866
PF01780	PF01870
PF01780	PF01871
PF01780	PF01873
PF01780	PF01875
PF01780	PF01877
PF01780	PF01896
PF01780	PF01902
PF01780	PF01907
PF01780	PF01912
PF01780	PF01916
PF01780	PF01920
PF01780	PF01922
PF01780	PF01946
PF01780	PF01971
PF01780	PF01974
PF01780	PF01981
PF01780	PF01982
PF01780	PF01984
PF01780	PF02002
PF01780	PF02005
PF01780	PF02006
PF01780	PF02150
PF01780	PF02359
PF01780	PF02475
PF01780	PF02598
PF01780	PF02676
PF01780	PF02732
PF01780	PF02933
PF01780	PF02996
PF01780	PF03029
PF01780	PF03367
PF01780	PF03463
PF01780	PF03464
PF01780	PF03465
PF01780	PF03587
PF01780	PF03947
PF01781	PF01793
PF01782	PF01790
PF01782	PF01795
PF01782	PF01807
PF01782	PF02130
PF01782	PF02357
PF01782	PF02367
PF01782	PF02410
PF01782	PF02473
PF01782	PF02527
PF01782	PF02547
PF01782	PF02576
PF01782	PF02739
PF01782	PF02767
PF01782	PF02768
PF01782	PF02873
PF01782	PF02911
PF01782	PF02912
PF01782	PF03033
PF01782	PF03120
PF01782	PF03461
PF01782	PF03471
PF01782	PF03602
PF01782	PF03717
PF01782	PF03796
PF01782	PF03840
PF01782	PF05239
PF01784	PF01784
PF01784	PF08477
PF01788	PF02533
PF01788	PF05969
PF01789	PF01789
PF01790	PF01795
PF01790	PF01807
PF01790	PF02096
PF01790	PF02224
PF01790	PF02357
PF01790	PF02367
PF01790	PF02390
PF01790	PF02410
PF01790	PF02473
PF01790	PF02527
PF01790	PF02575
PF01790	PF02739
PF01790	PF02767
PF01790	PF02768
PF01790	PF02873
PF01790	PF02904
PF01790	PF02911
PF01790	PF02912
PF01790	PF03033
PF01790	PF03054
PF01790	PF03118
PF01790	PF03120
PF01790	PF03461
PF01790	PF03462
PF01790	PF03471
PF01790	PF03602
PF01790	PF03652
PF01790	PF03717
PF01790	PF03772
PF01790	PF03796
PF01790	PF03840
PF01791	PF01791
PF01793	PF01793
PF01793	PF01873
PF01793	PF02020
PF01793	PF03452
PF01793	PF03983
PF01793	PF04366
PF01794	PF03647
PF01795	PF01807
PF01795	PF02096
PF01795	PF02224
PF01795	PF02357
PF01795	PF02367
PF01795	PF02390
PF01795	PF02410
PF01795	PF02473
PF01795	PF02527
PF01795	PF02575
PF01795	PF02739
PF01795	PF02767
PF01795	PF02768
PF01795	PF02873
PF01795	PF02904
PF01795	PF02911
PF01795	PF02912
PF01795	PF03033
PF01795	PF03054
PF01795	PF03118
PF01795	PF03120
PF01795	PF03461
PF01795	PF03462
PF01795	PF03471
PF01795	PF03602
PF01795	PF03652
PF01795	PF03717
PF01795	PF03772
PF01795	PF03796
PF01795	PF03840
PF01796	PF01864
PF01796	PF01974
PF01796	PF01982
PF01796	PF02163
PF01796	PF02475
PF01796	PF02933
PF01797	PF01797
PF01797	PF04539
PF01797	PF04542
PF01797	PF04545
PF01797	PF04546
PF01798	PF01798
PF01798	PF01864
PF01798	PF01866
PF01798	PF01870
PF01798	PF01871
PF01798	PF01873
PF01798	PF01875
PF01798	PF01877
PF01798	PF01896
PF01798	PF01902
PF01798	PF01907
PF01798	PF01912
PF01798	PF01916
PF01798	PF01920
PF01798	PF01922
PF01798	PF01946
PF01798	PF01971
PF01798	PF01974
PF01798	PF01981
PF01798	PF01982
PF01798	PF01984
PF01798	PF02002
PF01798	PF02005
PF01798	PF02006
PF01798	PF02150
PF01798	PF02359
PF01798	PF02475
PF01798	PF02598
PF01798	PF02676
PF01798	PF02732
PF01798	PF02933
PF01798	PF02966
PF01798	PF02996
PF01798	PF03029
PF01798	PF03343
PF01798	PF03367
PF01798	PF03463
PF01798	PF03464
PF01798	PF03465
PF01798	PF03587
PF01798	PF08060
PF01799	PF02738
PF01799	PF03450
PF01802	PF01802
PF01802	PF03327
PF01804	PF01804
PF01804	PF03992
PF01805	PF03358
PF01805	PF12108
PF01807	PF01807
PF01807	PF02096
PF01807	PF02224
PF01807	PF02357
PF01807	PF02367
PF01807	PF02390
PF01807	PF02410
PF01807	PF02473
PF01807	PF02527
PF01807	PF02575
PF01807	PF02739
PF01807	PF02767
PF01807	PF02768
PF01807	PF02873
PF01807	PF02904
PF01807	PF02911
PF01807	PF02912
PF01807	PF03033
PF01807	PF03054
PF01807	PF03118
PF01807	PF03120
PF01807	PF03461
PF01807	PF03462
PF01807	PF03471
PF01807	PF03602
PF01807	PF03652
PF01807	PF03717
PF01807	PF03772
PF01807	PF03796
PF01807	PF03840
PF01807	PF08275
PF01808	PF01808
PF01808	PF02142
PF01808	PF05693
PF01812	PF01812
PF01813	PF01813
PF01813	PF01990
PF01813	PF01991
PF01813	PF03179
PF01813	PF03223
PF01813	PF03224
PF01813	PF03931
PF01813	PF08651
PF01814	PF01814
PF01815	PF01815
PF01816	PF01816
PF01816	PF05484
PF01817	PF01817
PF01817	PF01842
PF01817	PF02153
PF01818	PF01818
PF01819	PF01819
PF01820	PF01820
PF01820	PF02357
PF01820	PF02367
PF01820	PF02410
PF01820	PF02576
PF01820	PF02767
PF01820	PF02873
PF01820	PF02875
PF01820	PF03033
PF01820	PF03461
PF01820	PF03471
PF01820	PF03602
PF01820	PF03717
PF01820	PF03772
PF01820	PF03840
PF01820	PF07478
PF01821	PF01821
PF01821	PF01835
PF01821	PF07677
PF01822	PF01825
PF01822	PF02010
PF01822	PF04695
PF01822	PF06747
PF01822	PF09340
PF01823	PF01823
PF01825	PF02010
PF01825	PF02793
PF01826	PF01826
PF01826	PF02363
PF01826	PF06493
PF01826	PF07645
PF01828	PF01828
PF01829	PF01829
PF01833	PF01833
PF01833	PF02806
PF01833	PF03028
PF01833	PF03719
PF01833	PF05053
PF01833	PF07716
PF01833	PF09271
PF01833	PF09596
PF01833	PF11498
PF01834	PF01834
PF01835	PF01835
PF01835	PF07677
PF01835	PF07678
PF01835	PF07703
PF01837	PF01969
PF01839	PF01839
PF01839	PF07974
PF01839	PF08441
PF01840	PF01840
PF01841	PF01841
PF01842	PF01842
PF01842	PF01909
PF01842	PF01912
PF01842	PF01966
PF01842	PF02153
PF01842	PF02769
PF01842	PF02776
PF01842	PF02779
PF01842	PF02780
PF01842	PF02824
PF01842	PF02826
PF01842	PF03315
PF01842	PF03447
PF01842	PF04607
PF01842	PF10369
PF01843	PF01843
PF01843	PF02736
PF01844	PF01844
PF01844	PF02518
PF01844	PF03515
PF01844	PF05192
PF01844	PF06958
PF01844	PF07463
PF01845	PF01845
PF01845	PF07362
PF01847	PF01847
PF01847	PF03931
PF01847	PF11413
PF01849	PF01849
PF01849	PF01922
PF01849	PF02516
PF01849	PF02944
PF01849	PF03964
PF01849	PF05712
PF01850	PF01850
PF01850	PF01938
PF01851	PF02205
PF01852	PF01852
PF01852	PF03061
PF01853	PF01853
PF01853	PF01992
PF01853	PF03366
PF01853	PF04729
PF01853	PF05712
PF01853	PF07904
PF01853	PF08601
PF01854	PF02150
PF01854	PF02747
PF01854	PF02940
PF01854	PF03540
PF01855	PF01855
PF01855	PF02775
PF01855	PF02780
PF01855	PF10371
PF01857	PF01858
PF01857	PF02319
PF01857	PF08934
PF01858	PF01858
PF01858	PF02319
PF01858	PF08934
PF01861	PF01886
PF01861	PF01954
PF01861	PF01976
PF01861	PF02001
PF01861	PF02697
PF01861	PF03673
PF01862	PF01862
PF01862	PF01878
PF01862	PF01886
PF01862	PF01889
PF01862	PF01897
PF01862	PF01901
PF01862	PF01913
PF01862	PF01934
PF01862	PF01936
PF01862	PF01944
PF01862	PF01947
PF01862	PF01956
PF01862	PF01976
PF01862	PF01993
PF01862	PF01995
PF01862	PF02001
PF01862	PF02007
PF01862	PF02593
PF01862	PF02596
PF01862	PF02655
PF01862	PF02697
PF01862	PF02741
PF01862	PF02778
PF01862	PF03598
PF01862	PF03599
PF01862	PF03686
PF01862	PF03833
PF01864	PF01866
PF01864	PF01870
PF01864	PF01871
PF01864	PF01873
PF01864	PF01877
PF01864	PF01896
PF01864	PF01902
PF01864	PF01907
PF01864	PF01908
PF01864	PF01912
PF01864	PF01916
PF01864	PF01918
PF01864	PF01920
PF01864	PF01922
PF01864	PF01935
PF01864	PF01940
PF01864	PF01941
PF01864	PF01946
PF01864	PF01949
PF01864	PF01950
PF01864	PF01952
PF01864	PF01955
PF01864	PF01971
PF01864	PF01973
PF01864	PF01974
PF01864	PF01981
PF01864	PF01982
PF01864	PF01984
PF01864	PF01994
PF01864	PF02002
PF01864	PF02004
PF01864	PF02005
PF01864	PF02006
PF01864	PF02150
PF01864	PF02163
PF01864	PF02359
PF01864	PF02475
PF01864	PF02680
PF01864	PF02732
PF01864	PF02933
PF01864	PF02996
PF01864	PF03367
PF01864	PF03444
PF01864	PF03463
PF01864	PF03464
PF01864	PF03465
PF01864	PF03587
PF01864	PF03680
PF01865	PF01865
PF01865	PF02179
PF01866	PF01866
PF01866	PF01871
PF01866	PF01873
PF01866	PF01896
PF01866	PF01902
PF01866	PF01907
PF01866	PF01912
PF01866	PF01916
PF01866	PF01920
PF01866	PF01922
PF01866	PF01946
PF01866	PF01974
PF01866	PF01981
PF01866	PF01982
PF01866	PF01984
PF01866	PF02002
PF01866	PF02005
PF01866	PF02150
PF01866	PF02359
PF01866	PF02475
PF01866	PF02732
PF01866	PF02933
PF01866	PF02996
PF01866	PF03367
PF01866	PF03463
PF01866	PF03464
PF01866	PF03465
PF01866	PF03587
PF01867	PF01867
PF01868	PF01886
PF01868	PF01889
PF01868	PF01893
PF01868	PF01936
PF01868	PF01944
PF01868	PF01954
PF01868	PF01956
PF01868	PF01976
PF01868	PF01983
PF01868	PF01998
PF01868	PF02001
PF01868	PF02003
PF01868	PF02289
PF01868	PF02778
PF01868	PF03833
PF01868	PF04032
PF01869	PF01869
PF01870	PF01870
PF01870	PF01873
PF01870	PF01877
PF01870	PF01896
PF01870	PF01905
PF01870	PF01920
PF01870	PF01922
PF01870	PF01946
PF01870	PF01955
PF01870	PF01971
PF01870	PF01974
PF01870	PF01982
PF01870	PF02002
PF01870	PF02006
PF01870	PF02359
PF01870	PF02475
PF01870	PF02732
PF01870	PF02933
PF01870	PF02996
PF01870	PF03444
PF01870	PF03463
PF01870	PF03464
PF01870	PF03465
PF01870	PF03680
PF01871	PF01871
PF01871	PF01873
PF01871	PF01875
PF01871	PF01896
PF01871	PF01902
PF01871	PF01907
PF01871	PF01912
PF01871	PF01916
PF01871	PF01920
PF01871	PF01922
PF01871	PF01946
PF01871	PF01974
PF01871	PF01981
PF01871	PF01982
PF01871	PF01984
PF01871	PF02002
PF01871	PF02005
PF01871	PF02150
PF01871	PF02359
PF01871	PF02475
PF01871	PF02732
PF01871	PF02933
PF01871	PF02996
PF01871	PF03266
PF01871	PF03367
PF01871	PF03463
PF01871	PF03464
PF01871	PF03465
PF01871	PF03587
PF01871	PF05669
PF01872	PF01872
PF01873	PF01875
PF01873	PF01877
PF01873	PF01896
PF01873	PF01902
PF01873	PF01907
PF01873	PF01912
PF01873	PF01916
PF01873	PF01920
PF01873	PF01922
PF01873	PF01926
PF01873	PF01938
PF01873	PF01946
PF01873	PF01971
PF01873	PF01974
PF01873	PF01981
PF01873	PF01982
PF01873	PF01984
PF01873	PF02002
PF01873	PF02005
PF01873	PF02006
PF01873	PF02020
PF01873	PF02150
PF01873	PF02359
PF01873	PF02475
PF01873	PF02598
PF01873	PF02676
PF01873	PF02732
PF01873	PF02854
PF01873	PF02933
PF01873	PF02996
PF01873	PF03029
PF01873	PF03144
PF01873	PF03367
PF01873	PF03398
PF01873	PF03463
PF01873	PF03464
PF01873	PF03465
PF01873	PF03587
PF01873	PF04068
PF01873	PF06732
PF01873	PF08271
PF01873	PF08662
PF01874	PF01874
PF01874	PF03802
PF01875	PF01875
PF01875	PF01896
PF01875	PF01920
PF01875	PF01946
PF01875	PF02005
PF01875	PF02359
PF01875	PF02996
PF01875	PF03463
PF01875	PF03464
PF01875	PF03465
PF01876	PF01900
PF01876	PF02017
PF01876	PF08228
PF01877	PF01877
PF01877	PF01896
PF01877	PF01905
PF01877	PF01920
PF01877	PF01922
PF01877	PF01946
PF01877	PF01955
PF01877	PF01971
PF01877	PF01974
PF01877	PF01982
PF01877	PF02002
PF01877	PF02006
PF01877	PF02359
PF01877	PF02475
PF01877	PF02732
PF01877	PF02933
PF01877	PF02996
PF01877	PF03444
PF01877	PF03463
PF01877	PF03464
PF01877	PF03465
PF01877	PF03680
PF01878	PF01878
PF01878	PF01886
PF01878	PF01889
PF01878	PF01897
PF01878	PF01901
PF01878	PF01913
PF01878	PF01934
PF01878	PF01936
PF01878	PF01944
PF01878	PF01947
PF01878	PF01956
PF01878	PF01976
PF01878	PF01993
PF01878	PF01995
PF01878	PF02001
PF01878	PF02007
PF01878	PF02593
PF01878	PF02596
PF01878	PF02655
PF01878	PF02697
PF01878	PF02741
PF01878	PF02778
PF01878	PF03598
PF01878	PF03599
PF01878	PF03686
PF01880	PF01880
PF01880	PF06397
PF01881	PF01930
PF01881	PF02552
PF01883	PF01883
PF01884	PF01884
PF01885	PF04427
PF01886	PF01889
PF01886	PF01892
PF01886	PF01893
PF01886	PF01897
PF01886	PF01901
PF01886	PF01911
PF01886	PF01913
PF01886	PF01934
PF01886	PF01936
PF01886	PF01944
PF01886	PF01947
PF01886	PF01954
PF01886	PF01956
PF01886	PF01976
PF01886	PF01983
PF01886	PF01988
PF01886	PF01993
PF01886	PF01995
PF01886	PF01998
PF01886	PF02001
PF01886	PF02003
PF01886	PF02007
PF01886	PF02289
PF01886	PF02552
PF01886	PF02593
PF01886	PF02596
PF01886	PF02655
PF01886	PF02697
PF01886	PF02741
PF01886	PF02778
PF01886	PF03598
PF01886	PF03599
PF01886	PF03686
PF01886	PF03833
PF01887	PF01887
PF01889	PF01893
PF01889	PF01897
PF01889	PF01901
PF01889	PF01903
PF01889	PF01913
PF01889	PF01934
PF01889	PF01936
PF01889	PF01944
PF01889	PF01947
PF01889	PF01956
PF01889	PF01959
PF01889	PF01976
PF01889	PF01983
PF01889	PF01993
PF01889	PF01995
PF01889	PF02001
PF01889	PF02007
PF01889	PF02289
PF01889	PF02593
PF01889	PF02596
PF01889	PF02655
PF01889	PF02697
PF01889	PF02741
PF01889	PF02778
PF01889	PF03598
PF01889	PF03599
PF01889	PF03686
PF01889	PF03833
PF01892	PF01901
PF01892	PF01911
PF01892	PF01934
PF01892	PF01976
PF01892	PF01998
PF01892	PF02001
PF01892	PF03008
PF01892	PF03686
PF01893	PF01893
PF01893	PF01897
PF01893	PF01903
PF01893	PF01913
PF01893	PF01936
PF01893	PF01947
PF01893	PF01956
PF01893	PF01959
PF01893	PF01976
PF01893	PF01983
PF01893	PF01988
PF01893	PF01993
PF01893	PF01995
PF01893	PF02001
PF01893	PF02007
PF01893	PF02289
PF01893	PF02552
PF01893	PF02593
PF01893	PF02596
PF01893	PF02655
PF01893	PF02741
PF01893	PF02778
PF01893	PF03598
PF01893	PF03599
PF01893	PF03833
PF01894	PF01894
PF01895	PF01895
PF01895	PF02080
PF01896	PF01896
PF01896	PF01902
PF01896	PF01907
PF01896	PF01912
PF01896	PF01916
PF01896	PF01920
PF01896	PF01922
PF01896	PF01946
PF01896	PF01971
PF01896	PF01974
PF01896	PF01981
PF01896	PF01982
PF01896	PF01984
PF01896	PF02002
PF01896	PF02005
PF01896	PF02006
PF01896	PF02150
PF01896	PF02359
PF01896	PF02475
PF01896	PF02598
PF01896	PF02676
PF01896	PF02732
PF01896	PF02933
PF01896	PF02996
PF01896	PF03029
PF01896	PF03104
PF01896	PF03367
PF01896	PF03463
PF01896	PF03464
PF01896	PF03465
PF01896	PF03587
PF01896	PF04104
PF01896	PF04857
PF01896	PF08490
PF01896	PF08966
PF01897	PF01901
PF01897	PF01903
PF01897	PF01913
PF01897	PF01930
PF01897	PF01934
PF01897	PF01936
PF01897	PF01944
PF01897	PF01947
PF01897	PF01956
PF01897	PF01959
PF01897	PF01976
PF01897	PF01983
PF01897	PF01988
PF01897	PF01993
PF01897	PF01995
PF01897	PF02001
PF01897	PF02007
PF01897	PF02289
PF01897	PF02552
PF01897	PF02593
PF01897	PF02596
PF01897	PF02655
PF01897	PF02697
PF01897	PF02741
PF01897	PF02778
PF01897	PF03598
PF01897	PF03599
PF01897	PF03686
PF01900	PF01900
PF01900	PF03099
PF01900	PF04032
PF01900	PF08228
PF01901	PF01913
PF01901	PF01934
PF01901	PF01936
PF01901	PF01944
PF01901	PF01947
PF01901	PF01956
PF01901	PF01976
PF01901	PF01993
PF01901	PF01995
PF01901	PF02001
PF01901	PF02007
PF01901	PF02593
PF01901	PF02596
PF01901	PF02655
PF01901	PF02697
PF01901	PF02741
PF01901	PF02778
PF01901	PF03008
PF01901	PF03598
PF01901	PF03599
PF01901	PF03686
PF01902	PF01902
PF01902	PF01907
PF01902	PF01912
PF01902	PF01916
PF01902	PF01920
PF01902	PF01922
PF01902	PF01946
PF01902	PF01974
PF01902	PF01981
PF01902	PF01982
PF01902	PF01984
PF01902	PF02002
PF01902	PF02005
PF01902	PF02150
PF01902	PF02359
PF01902	PF02475
PF01902	PF02732
PF01902	PF02933
PF01902	PF02996
PF01902	PF03367
PF01902	PF03463
PF01902	PF03464
PF01902	PF03465
PF01902	PF03587
PF01903	PF01903
PF01903	PF01913
PF01903	PF01936
PF01903	PF01947
PF01903	PF01956
PF01903	PF01959
PF01903	PF01983
PF01903	PF01988
PF01903	PF01993
PF01903	PF01995
PF01903	PF02007
PF01903	PF02289
PF01903	PF02593
PF01903	PF02596
PF01903	PF02655
PF01903	PF02741
PF01903	PF02778
PF01903	PF03598
PF01903	PF03599
PF01904	PF01904
PF01905	PF01955
PF01905	PF01971
PF01905	PF01997
PF01905	PF02006
PF01905	PF02676
PF01905	PF03680
PF01906	PF01906
PF01907	PF01912
PF01907	PF01916
PF01907	PF01920
PF01907	PF01922
PF01907	PF01946
PF01907	PF01974
PF01907	PF01981
PF01907	PF01982
PF01907	PF01984
PF01907	PF02002
PF01907	PF02005
PF01907	PF02150
PF01907	PF02359
PF01907	PF02475
PF01907	PF02732
PF01907	PF02933
PF01907	PF02996
PF01907	PF03367
PF01907	PF03463
PF01907	PF03464
PF01907	PF03465
PF01907	PF03587
PF01907	PF06645
PF01908	PF01974
PF01908	PF01982
PF01908	PF01994
PF01909	PF01909
PF01909	PF01966
PF01909	PF02463
PF01909	PF03152
PF01909	PF03828
PF01909	PF04722
PF01909	PF04926
PF01909	PF04928
PF01909	PF06470
PF01909	PF07827
PF01909	PF09249
PF01909	PF10391
PF01910	PF01910
PF01911	PF01934
PF01911	PF01976
PF01911	PF01998
PF01911	PF02001
PF01911	PF03008
PF01912	PF01912
PF01912	PF01916
PF01912	PF01920
PF01912	PF01922
PF01912	PF01926
PF01912	PF01945
PF01912	PF01946
PF01912	PF01974
PF01912	PF01981
PF01912	PF01982
PF01912	PF01984
PF01912	PF02002
PF01912	PF02005
PF01912	PF02045
PF01912	PF02150
PF01912	PF02359
PF01912	PF02475
PF01912	PF02676
PF01912	PF02732
PF01912	PF02826
PF01912	PF02933
PF01912	PF02996
PF01912	PF03029
PF01912	PF03367
PF01912	PF03463
PF01912	PF03464
PF01912	PF03465
PF01912	PF03587
PF01912	PF04427
PF01912	PF04563
PF01912	PF06732
PF01912	PF06883
PF01912	PF08153
PF01913	PF01913
PF01913	PF01930
PF01913	PF01934
PF01913	PF01936
PF01913	PF01944
PF01913	PF01947
PF01913	PF01956
PF01913	PF01959
PF01913	PF01976
PF01913	PF01983
PF01913	PF01988
PF01913	PF01993
PF01913	PF01995
PF01913	PF02001
PF01913	PF02007
PF01913	PF02289
PF01913	PF02552
PF01913	PF02593
PF01913	PF02596
PF01913	PF02655
PF01913	PF02697
PF01913	PF02741
PF01913	PF02778
PF01913	PF03598
PF01913	PF03599
PF01913	PF03686
PF01915	PF01915
PF01916	PF01916
PF01916	PF01920
PF01916	PF01922
PF01916	PF01946
PF01916	PF01974
PF01916	PF01981
PF01916	PF01982
PF01916	PF01984
PF01916	PF02002
PF01916	PF02005
PF01916	PF02150
PF01916	PF02359
PF01916	PF02475
PF01916	PF02732
PF01916	PF02933
PF01916	PF02996
PF01916	PF03367
PF01916	PF03463
PF01916	PF03464
PF01916	PF03465
PF01916	PF03587
PF01918	PF01918
PF01918	PF01949
PF01918	PF01950
PF01918	PF01974
PF01918	PF01982
PF01918	PF02680
PF01918	PF12328
PF01920	PF01920
PF01920	PF01922
PF01920	PF01946
PF01920	PF01971
PF01920	PF01974
PF01920	PF01981
PF01920	PF01982
PF01920	PF01984
PF01920	PF01992
PF01920	PF02002
PF01920	PF02005
PF01920	PF02006
PF01920	PF02150
PF01920	PF02359
PF01920	PF02475
PF01920	PF02598
PF01920	PF02676
PF01920	PF02732
PF01920	PF02933
PF01920	PF02996
PF01920	PF03029
PF01920	PF03367
PF01920	PF03463
PF01920	PF03464
PF01920	PF03465
PF01920	PF03587
PF01920	PF03871
PF01920	PF03980
PF01920	PF08651
PF01921	PF01921
PF01922	PF01922
PF01922	PF01946
PF01922	PF01971
PF01922	PF01974
PF01922	PF01981
PF01922	PF01982
PF01922	PF01984
PF01922	PF02002
PF01922	PF02005
PF01922	PF02006
PF01922	PF02150
PF01922	PF02359
PF01922	PF02475
PF01922	PF02598
PF01922	PF02732
PF01922	PF02933
PF01922	PF02978
PF01922	PF02996
PF01922	PF03367
PF01922	PF03463
PF01922	PF03464
PF01922	PF03465
PF01922	PF03587
PF01922	PF08271
PF01923	PF01923
PF01924	PF01924
PF01926	PF01926
PF01926	PF02020
PF01926	PF02518
PF01926	PF02732
PF01926	PF02735
PF01926	PF02882
PF01926	PF02889
PF01926	PF03950
PF01926	PF04427
PF01926	PF04670
PF01926	PF05190
PF01926	PF05285
PF01926	PF06071
PF01926	PF07650
PF01926	PF08267
PF01926	PF08282
PF01926	PF10396
PF01928	PF01928
PF01929	PF08232
PF01930	PF01947
PF01930	PF01959
PF01930	PF01993
PF01930	PF01995
PF01930	PF02007
PF01930	PF02552
PF01930	PF02593
PF01930	PF02596
PF01930	PF02655
PF01930	PF02741
PF01930	PF03598
PF01930	PF03599
PF01931	PF01931
PF01933	PF01933
PF01934	PF01934
PF01934	PF01936
PF01934	PF01944
PF01934	PF01947
PF01934	PF01956
PF01934	PF01976
PF01934	PF01993
PF01934	PF01995
PF01934	PF01998
PF01934	PF02001
PF01934	PF02007
PF01934	PF02593
PF01934	PF02596
PF01934	PF02655
PF01934	PF02697
PF01934	PF02741
PF01934	PF02778
PF01934	PF03008
PF01934	PF03598
PF01934	PF03599
PF01934	PF03686
PF01935	PF01940
PF01935	PF01950
PF01935	PF01952
PF01935	PF01974
PF01935	PF01982
PF01936	PF01944
PF01936	PF01947
PF01936	PF01956
PF01936	PF01959
PF01936	PF01976
PF01936	PF01983
PF01936	PF01993
PF01936	PF01995
PF01936	PF02001
PF01936	PF02007
PF01936	PF02289
PF01936	PF02593
PF01936	PF02596
PF01936	PF02655
PF01936	PF02697
PF01936	PF02741
PF01936	PF02778
PF01936	PF03598
PF01936	PF03599
PF01936	PF03686
PF01936	PF03833
PF01937	PF01937
PF01937	PF03179
PF01938	PF04055
PF01938	PF05958
PF01939	PF01939
PF01940	PF01952
PF01940	PF01974
PF01940	PF01982
PF01941	PF01950
PF01941	PF01974
PF01941	PF01982
PF01944	PF01945
PF01944	PF01947
PF01944	PF01954
PF01944	PF01956
PF01944	PF01976
PF01944	PF01993
PF01944	PF01995
PF01944	PF01998
PF01944	PF02001
PF01944	PF02003
PF01944	PF02007
PF01944	PF02593
PF01944	PF02596
PF01944	PF02655
PF01944	PF02697
PF01944	PF02741
PF01944	PF02778
PF01944	PF03598
PF01944	PF03599
PF01944	PF03657
PF01944	PF03686
PF01945	PF01954
PF01945	PF02697
PF01945	PF03657
PF01946	PF01946
PF01946	PF01971
PF01946	PF01974
PF01946	PF01981
PF01946	PF01982
PF01946	PF01984
PF01946	PF02002
PF01946	PF02005
PF01946	PF02006
PF01946	PF02150
PF01946	PF02359
PF01946	PF02475
PF01946	PF02598
PF01946	PF02732
PF01946	PF02933
PF01946	PF02996
PF01946	PF03367
PF01946	PF03463
PF01946	PF03464
PF01946	PF03465
PF01946	PF03587
PF01946	PF08477
PF01947	PF01947
PF01947	PF01956
PF01947	PF01959
PF01947	PF01976
PF01947	PF01983
PF01947	PF01988
PF01947	PF01993
PF01947	PF01995
PF01947	PF02001
PF01947	PF02007
PF01947	PF02289
PF01947	PF02552
PF01947	PF02593
PF01947	PF02596
PF01947	PF02655
PF01947	PF02697
PF01947	PF02741
PF01947	PF02778
PF01947	PF03598
PF01947	PF03599
PF01947	PF03686
PF01948	PF01948
PF01948	PF02729
PF01948	PF02748
PF01949	PF01949
PF01949	PF01950
PF01949	PF01974
PF01949	PF01982
PF01949	PF02680
PF01950	PF01951
PF01950	PF01952
PF01950	PF01974
PF01950	PF01982
PF01950	PF02680
PF01950	PF03266
PF01951	PF03266
PF01952	PF01974
PF01952	PF01982
PF01954	PF01954
PF01954	PF01976
PF01954	PF01998
PF01954	PF02001
PF01954	PF02003
PF01954	PF02697
PF01954	PF03657
PF01955	PF01971
PF01955	PF01974
PF01955	PF01982
PF01955	PF02006
PF01955	PF03680
PF01956	PF01959
PF01956	PF01976
PF01956	PF01983
PF01956	PF01993
PF01956	PF01995
PF01956	PF02001
PF01956	PF02007
PF01956	PF02289
PF01956	PF02593
PF01956	PF02596
PF01956	PF02655
PF01956	PF02697
PF01956	PF02741
PF01956	PF02778
PF01956	PF03598
PF01956	PF03599
PF01956	PF03686
PF01956	PF03833
PF01958	PF01958
PF01958	PF03447
PF01959	PF01983
PF01959	PF01993
PF01959	PF01995
PF01959	PF02007
PF01959	PF02289
PF01959	PF02552
PF01959	PF02593
PF01959	PF02596
PF01959	PF02655
PF01959	PF02741
PF01959	PF02778
PF01959	PF03598
PF01959	PF03599
PF01960	PF01960
PF01964	PF01964
PF01965	PF01965
PF01965	PF06628
PF01966	PF01966
PF01966	PF02518
PF01966	PF02824
PF01966	PF03357
PF01966	PF04607
PF01967	PF01967
PF01967	PF02391
PF01967	PF03453
PF01967	PF03454
PF01967	PF04055
PF01967	PF06463
PF01968	PF01968
PF01968	PF02538
PF01971	PF01974
PF01971	PF01982
PF01971	PF02002
PF01971	PF02006
PF01971	PF02359
PF01971	PF02475
PF01971	PF02732
PF01971	PF02933
PF01971	PF02996
PF01971	PF03444
PF01971	PF03463
PF01971	PF03464
PF01971	PF03465
PF01971	PF03680
PF01973	PF01974
PF01973	PF01982
PF01974	PF01974
PF01974	PF01981
PF01974	PF01982
PF01974	PF01984
PF01974	PF01994
PF01974	PF02002
PF01974	PF02004
PF01974	PF02005
PF01974	PF02006
PF01974	PF02150
PF01974	PF02163
PF01974	PF02359
PF01974	PF02475
PF01974	PF02680
PF01974	PF02732
PF01974	PF02778
PF01974	PF02933
PF01974	PF02996
PF01974	PF03367
PF01974	PF03444
PF01974	PF03463
PF01974	PF03464
PF01974	PF03465
PF01974	PF03587
PF01974	PF03680
PF01975	PF01975
PF01976	PF01983
PF01976	PF01988
PF01976	PF01993
PF01976	PF01995
PF01976	PF01998
PF01976	PF02001
PF01976	PF02003
PF01976	PF02007
PF01976	PF02289
PF01976	PF02552
PF01976	PF02593
PF01976	PF02596
PF01976	PF02655
PF01976	PF02697
PF01976	PF02741
PF01976	PF02778
PF01976	PF03598
PF01976	PF03599
PF01976	PF03686
PF01976	PF03833
PF01977	PF01977
PF01978	PF01978
PF01979	PF01979
PF01979	PF02142
PF01979	PF02729
PF01979	PF02786
PF01979	PF02787
PF01980	PF01980
PF01981	PF01981
PF01981	PF01982
PF01981	PF01984
PF01981	PF02002
PF01981	PF02005
PF01981	PF02150
PF01981	PF02359
PF01981	PF02475
PF01981	PF02676
PF01981	PF02732
PF01981	PF02933
PF01981	PF02996
PF01981	PF03029
PF01981	PF03367
PF01981	PF03463
PF01981	PF03464
PF01981	PF03465
PF01981	PF03587
PF01982	PF01984
PF01982	PF01994
PF01982	PF02002
PF01982	PF02004
PF01982	PF02005
PF01982	PF02006
PF01982	PF02150
PF01982	PF02163
PF01982	PF02359
PF01982	PF02475
PF01982	PF02680
PF01982	PF02732
PF01982	PF02933
PF01982	PF02996
PF01982	PF03367
PF01982	PF03444
PF01982	PF03463
PF01982	PF03464
PF01982	PF03465
PF01982	PF03587
PF01982	PF03680
PF01983	PF01983
PF01983	PF01988
PF01983	PF01993
PF01983	PF01995
PF01983	PF02001
PF01983	PF02007
PF01983	PF02289
PF01983	PF02552
PF01983	PF02593
PF01983	PF02596
PF01983	PF02655
PF01983	PF02741
PF01983	PF02778
PF01983	PF03598
PF01983	PF03599
PF01983	PF03833
PF01984	PF02002
PF01984	PF02005
PF01984	PF02150
PF01984	PF02359
PF01984	PF02475
PF01984	PF02732
PF01984	PF02933
PF01984	PF02996
PF01984	PF03367
PF01984	PF03463
PF01984	PF03464
PF01984	PF03465
PF01984	PF03587
PF01985	PF01985
PF01987	PF01987
PF01988	PF01993
PF01988	PF01995
PF01988	PF02001
PF01988	PF02007
PF01988	PF02289
PF01988	PF02552
PF01988	PF02593
PF01988	PF02596
PF01988	PF02655
PF01988	PF02741
PF01988	PF03598
PF01988	PF03599
PF01990	PF01990
PF01990	PF01991
PF01990	PF01992
PF01990	PF02826
PF01990	PF03179
PF01990	PF03223
PF01990	PF03224
PF01990	PF03357
PF01990	PF03727
PF01991	PF01991
PF01991	PF01992
PF01991	PF02127
PF01991	PF03179
PF01991	PF03223
PF01991	PF03224
PF01991	PF03931
PF01991	PF05742
PF01991	PF06584
PF01992	PF01992
PF01992	PF02244
PF01992	PF02569
PF01992	PF02666
PF01992	PF02775
PF01992	PF02779
PF01992	PF02874
PF01992	PF03095
PF01992	PF03357
PF01992	PF03358
PF01992	PF03370
PF01992	PF03381
PF01992	PF03452
PF01992	PF03949
PF01992	PF04001
PF01992	PF04129
PF01992	PF04438
PF01992	PF05739
PF01992	PF05997
PF01992	PF06645
PF01992	PF07065
PF01992	PF07690
PF01992	PF08240
PF01992	PF08302
PF01992	PF08303
PF01993	PF01993
PF01993	PF01995
PF01993	PF02001
PF01993	PF02007
PF01993	PF02240
PF01993	PF02241
PF01993	PF02289
PF01993	PF02552
PF01993	PF02593
PF01993	PF02596
PF01993	PF02655
PF01993	PF02697
PF01993	PF02741
PF01993	PF02745
PF01993	PF02778
PF01993	PF02783
PF01993	PF03598
PF01993	PF03599
PF01993	PF03686
PF01994	PF01994
PF01995	PF01995
PF01995	PF02001
PF01995	PF02007
PF01995	PF02289
PF01995	PF02552
PF01995	PF02593
PF01995	PF02596
PF01995	PF02655
PF01995	PF02697
PF01995	PF02741
PF01995	PF02778
PF01995	PF03598
PF01995	PF03599
PF01995	PF03686
PF01996	PF01996
PF01997	PF01997
PF01997	PF02676
PF01997	PF03587
PF01997	PF03680
PF01997	PF06487
PF01998	PF02001
PF01998	PF02003
PF02001	PF02003
PF02001	PF02007
PF02001	PF02289
PF02001	PF02552
PF02001	PF02593
PF02001	PF02596
PF02001	PF02655
PF02001	PF02697
PF02001	PF02741
PF02001	PF02778
PF02001	PF03598
PF02001	PF03599
PF02001	PF03686
PF02001	PF03833
PF02002	PF02005
PF02002	PF02006
PF02002	PF02150
PF02002	PF02186
PF02002	PF02359
PF02002	PF02475
PF02002	PF02598
PF02002	PF02732
PF02002	PF02933
PF02002	PF02996
PF02002	PF03367
PF02002	PF03444
PF02002	PF03463
PF02002	PF03464
PF02002	PF03465
PF02002	PF03587
PF02002	PF03680
PF02002	PF03850
PF02002	PF03909
PF02002	PF05397
PF02002	PF06011
PF02005	PF02005
PF02005	PF02150
PF02005	PF02359
PF02005	PF02475
PF02005	PF02518
PF02005	PF02732
PF02005	PF02798
PF02005	PF02933
PF02005	PF02996
PF02005	PF03266
PF02005	PF03367
PF02005	PF03463
PF02005	PF03464
PF02005	PF03465
PF02005	PF03587
PF02006	PF02359
PF02006	PF02475
PF02006	PF02732
PF02006	PF02933
PF02006	PF02996
PF02006	PF03444
PF02006	PF03463
PF02006	PF03464
PF02006	PF03465
PF02006	PF03680
PF02007	PF02289
PF02007	PF02552
PF02007	PF02593
PF02007	PF02596
PF02007	PF02655
PF02007	PF02697
PF02007	PF02741
PF02007	PF02778
PF02007	PF03598
PF02007	PF03599
PF02007	PF03686
PF02008	PF02178
PF02008	PF05964
PF02008	PF05965
PF02008	PF06464
PF02011	PF02011
PF02012	PF02012
PF02012	PF02014
PF02012	PF02205
PF02012	PF04650
PF02012	PF07974
PF02012	PF09264
PF02013	PF02156
PF02013	PF03422
PF02014	PF02014
PF02016	PF02016
PF02017	PF02017
PF02017	PF02067
PF02017	PF02178
PF02017	PF03540
PF02017	PF06991
PF02018	PF02018
PF02018	PF02927
PF02018	PF06964
PF02020	PF02020
PF02020	PF02847
PF02020	PF02854
PF02022	PF02022
PF02022	PF02899
PF02022	PF02914
PF02022	PF05367
PF02022	PF06815
PF02022	PF06817
PF02022	PF11467
PF02023	PF02023
PF02025	PF02025
PF02028	PF02028
PF02033	PF02033
PF02033	PF02357
PF02033	PF02367
PF02033	PF02767
PF02033	PF02873
PF02033	PF03033
PF02033	PF03461
PF02033	PF03471
PF02033	PF03602
PF02033	PF03717
PF02033	PF03840
PF02035	PF02035
PF02036	PF02036
PF02036	PF02803
PF02037	PF02037
PF02037	PF02735
PF02037	PF02864
PF02037	PF02877
PF02037	PF03372
PF02037	PF03730
PF02037	PF03731
PF02037	PF04037
PF02037	PF04046
PF02037	PF05406
PF02037	PF07766
PF02037	PF07962
PF02040	PF02374
PF02041	PF02041
PF02045	PF02045
PF02045	PF02330
PF02045	PF02985
PF02045	PF04108
PF02045	PF04495
PF02045	PF04931
PF02045	PF05172
PF02046	PF02297
PF02046	PF02790
PF02050	PF02108
PF02050	PF02120
PF02050	PF02203
PF02050	PF02264
PF02050	PF02311
PF02050	PF02413
PF02050	PF02753
PF02050	PF02900
PF02050	PF03264
PF02050	PF03400
PF02050	PF03545
PF02050	PF03811
PF02050	PF03846
PF02052	PF02052
PF02052	PF02441
PF02055	PF02055
PF02056	PF02056
PF02056	PF11975
PF02064	PF02064
PF02064	PF02520
PF02064	PF04281
PF02064	PF04614
PF02065	PF02065
PF02071	PF02150
PF02071	PF02845
PF02071	PF02933
PF02071	PF05008
PF02071	PF05051
PF02071	PF05739
PF02071	PF05983
PF02072	PF02072
PF02073	PF02073
PF02074	PF02074
PF02075	PF02075
PF02077	PF04769
PF02078	PF02078
PF02078	PF02750
PF02080	PF02080
PF02080	PF02214
PF02080	PF02254
PF02080	PF03471
PF02081	PF02081
PF02081	PF07497
PF02081	PF07498
PF02082	PF02082
PF02085	PF02085
PF02085	PF02256
PF02086	PF02086
PF02087	PF02087
PF02089	PF02089
PF02091	PF02091
PF02091	PF02092
PF02091	PF05746
PF02092	PF05746
PF02093	PF02093
PF02096	PF02293
PF02096	PF02357
PF02096	PF02390
PF02096	PF02575
PF02096	PF02739
PF02096	PF02768
PF02096	PF02772
PF02096	PF02773
PF02096	PF02801
PF02096	PF02873
PF02096	PF02911
PF02096	PF03033
PF02096	PF03054
PF02096	PF03118
PF02096	PF03120
PF02096	PF03147
PF02096	PF03462
PF02096	PF03652
PF02096	PF03772
PF02096	PF03796
PF02097	PF02097
PF02098	PF02098
PF02098	PF03973
PF02099	PF02809
PF02100	PF02953
PF02100	PF04438
PF02100	PF05387
PF02100	PF05826
PF02102	PF02102
PF02107	PF02119
PF02107	PF03240
PF02108	PF02120
PF02108	PF02264
PF02108	PF02311
PF02108	PF02413
PF02108	PF03400
PF02108	PF03811
PF02108	PF03846
PF02109	PF02516
PF02109	PF03345
PF02109	PF04597
PF02109	PF04756
PF02110	PF02110
PF02110	PF02581
PF02113	PF02113
PF02114	PF02114
PF02115	PF02115
PF02116	PF04366
PF02119	PF03240
PF02120	PF02203
PF02120	PF02264
PF02120	PF02311
PF02120	PF02413
PF02120	PF02610
PF02120	PF03400
PF02120	PF03811
PF02120	PF03812
PF02120	PF03846
PF02121	PF02121
PF02122	PF02123
PF02123	PF12289
PF02126	PF02126
PF02127	PF02127
PF02127	PF03909
PF02127	PF05277
PF02127	PF05859
PF02127	PF08252
PF02127	PF08477
PF02127	PF08567
PF02129	PF02129
PF02129	PF08530
PF02129	PF09168
PF02130	PF02130
PF02130	PF02527
PF02130	PF02547
PF02130	PF02576
PF02130	PF02873
PF02130	PF03772
PF02131	PF02735
PF02131	PF02882
PF02132	PF02132
PF02132	PF02565
PF02133	PF02222
PF02134	PF02134
PF02134	PF04926
PF02134	PF08271
PF02134	PF09358
PF02134	PF10585
PF02135	PF02703
PF02135	PF04487
PF02135	PF08563
PF02135	PF08778
PF02135	PF12162
PF02135	PF12188
PF02136	PF02136
PF02136	PF02820
PF02136	PF03169
PF02136	PF03943
PF02136	PF04096
PF02136	PF04438
PF02136	PF05383
PF02136	PF08477
PF02136	PF09150
PF02136	PF10429
PF02137	PF02137
PF02137	PF02295
PF02138	PF02138
PF02138	PF02893
PF02140	PF02140
PF02141	PF06602
PF02142	PF02142
PF02142	PF02729
PF02142	PF02735
PF02142	PF02784
PF02142	PF02786
PF02142	PF02787
PF02142	PF05693
PF02144	PF02144
PF02144	PF04005
PF02144	PF04139
PF02145	PF02145
PF02145	PF02188
PF02146	PF02146
PF02146	PF02800
PF02146	PF02921
PF02146	PF03940
PF02146	PF04574
PF02148	PF02291
PF02148	PF08209
PF02148	PF10163
PF02150	PF02195
PF02150	PF02359
PF02150	PF02475
PF02150	PF02548
PF02150	PF02580
PF02150	PF02676
PF02150	PF02732
PF02150	PF02933
PF02150	PF02996
PF02150	PF03029
PF02150	PF03151
PF02150	PF03162
PF02150	PF03367
PF02150	PF03463
PF02150	PF03464
PF02150	PF03465
PF02150	PF03587
PF02150	PF03637
PF02150	PF03870
PF02150	PF03871
PF02150	PF03876
PF02150	PF04318
PF02150	PF04511
PF02150	PF04560
PF02150	PF04561
PF02150	PF04563
PF02150	PF04565
PF02150	PF04566
PF02150	PF04567
PF02150	PF04983
PF02150	PF04990
PF02150	PF04997
PF02150	PF04998
PF02150	PF05000
PF02150	PF05158
PF02150	PF05328
PF02150	PF05768
PF02150	PF05839
PF02150	PF06093
PF02150	PF06870
PF02150	PF07521
PF02150	PF07572
PF02150	PF07961
PF02150	PF08203
PF02150	PF08208
PF02150	PF08574
PF02151	PF02151
PF02151	PF02861
PF02151	PF12344
PF02152	PF02152
PF02153	PF02153
PF02153	PF03147
PF02154	PF02154
PF02154	PF02465
PF02154	PF02561
PF02156	PF02156
PF02156	PF03422
PF02157	PF02157
PF02162	PF02342
PF02163	PF02163
PF02163	PF02475
PF02163	PF02933
PF02167	PF02167
PF02167	PF02271
PF02167	PF02320
PF02167	PF02921
PF02167	PF02939
PF02167	PF05365
PF02167	PF10399
PF02170	PF08699
PF02171	PF02171
PF02171	PF12212
PF02172	PF02173
PF02172	PF07988
PF02174	PF02174
PF02174	PF08725
PF02176	PF02176
PF02176	PF07650
PF02177	PF02177
PF02178	PF02184
PF02178	PF02791
PF02178	PF03148
PF02178	PF04084
PF02178	PF04667
PF02178	PF04855
PF02178	PF05033
PF02178	PF05964
PF02178	PF05965
PF02178	PF06991
PF02179	PF02179
PF02179	PF03959
PF02179	PF05236
PF02180	PF02180
PF02181	PF02181
PF02181	PF07653
PF02182	PF02182
PF02184	PF02731
PF02185	PF02185
PF02185	PF03097
PF02185	PF04597
PF02186	PF05397
PF02188	PF02188
PF02188	PF02196
PF02189	PF02189
PF02189	PF02262
PF02189	PF02761
PF02189	PF02762
PF02190	PF02190
PF02190	PF02772
PF02195	PF02195
PF02195	PF06613
PF02195	PF08535
PF02195	PF10417
PF02196	PF02196
PF02196	PF07714
PF02197	PF02197
PF02197	PF03832
PF02197	PF07714
PF02197	PF08271
PF02197	PF10522
PF02198	PF02198
PF02198	PF07714
PF02200	PF04769
PF02201	PF02201
PF02201	PF02582
PF02201	PF03690
PF02201	PF03810
PF02201	PF07392
PF02201	PF07686
PF02201	PF08563
PF02203	PF02203
PF02203	PF02264
PF02203	PF02311
PF02203	PF02413
PF02203	PF02610
PF02203	PF03400
PF02203	PF03811
PF02203	PF03812
PF02203	PF03846
PF02204	PF02204
PF02204	PF02493
PF02204	PF02548
PF02204	PF02772
PF02204	PF02773
PF02204	PF02845
PF02205	PF02213
PF02205	PF02874
PF02205	PF03114
PF02205	PF03250
PF02207	PF02207
PF02210	PF02210
PF02210	PF02412
PF02210	PF05735
PF02211	PF02211
PF02211	PF02979
PF02212	PF02212
PF02212	PF02257
PF02213	PF02213
PF02213	PF02966
PF02214	PF02214
PF02214	PF02254
PF02214	PF03143
PF02214	PF03144
PF02214	PF03165
PF02214	PF03166
PF02214	PF05387
PF02214	PF11601
PF02216	PF02216
PF02216	PF03494
PF02216	PF07654
PF02216	PF07686
PF02217	PF02217
PF02217	PF08784
PF02219	PF02219
PF02221	PF02221
PF02222	PF02222
PF02222	PF02629
PF02222	PF02875
PF02222	PF02881
PF02222	PF02978
PF02222	PF03952
PF02222	PF05669
PF02223	PF02223
PF02224	PF02224
PF02224	PF02357
PF02224	PF02367
PF02224	PF02527
PF02224	PF02739
PF02224	PF02904
PF02224	PF02911
PF02224	PF03118
PF02224	PF03120
PF02224	PF03772
PF02224	PF03796
PF02225	PF02225
PF02225	PF04253
PF02225	PF04258
PF02225	PF04389
PF02225	PF05922
PF02229	PF02229
PF02229	PF08271
PF02229	PF12149
PF02230	PF02230
PF02231	PF02811
PF02233	PF02233
PF02233	PF05222
PF02234	PF02234
PF02234	PF02747
PF02234	PF02984
PF02236	PF03728
PF02237	PF02237
PF02237	PF03099
PF02238	PF02935
PF02239	PF02239
PF02240	PF02240
PF02240	PF02241
PF02240	PF02249
PF02240	PF02745
PF02240	PF02783
PF02241	PF02241
PF02241	PF02249
PF02241	PF02745
PF02241	PF02783
PF02244	PF02244
PF02246	PF02246
PF02246	PF07654
PF02246	PF07686
PF02247	PF02248
PF02249	PF02249
PF02249	PF02291
PF02249	PF02745
PF02249	PF02783
PF02249	PF02969
PF02249	PF03847
PF02250	PF02250
PF02251	PF02251
PF02251	PF02252
PF02252	PF02252
PF02252	PF10584
PF02253	PF02253
PF02254	PF02254
PF02254	PF02272
PF02254	PF03493
PF02254	PF07885
PF02255	PF02255
PF02255	PF02302
PF02255	PF03123
PF02255	PF03609
PF02255	PF03613
PF02255	PF03830
PF02256	PF02256
PF02256	PF02906
PF02258	PF02258
PF02259	PF02291
PF02259	PF02969
PF02259	PF03540
PF02260	PF02291
PF02260	PF02969
PF02260	PF03540
PF02261	PF02261
PF02262	PF02262
PF02262	PF02761
PF02262	PF02762
PF02263	PF02263
PF02263	PF02841
PF02264	PF02264
PF02264	PF02311
PF02264	PF02413
PF02264	PF03400
PF02264	PF03811
PF02264	PF03846
PF02267	PF02267
PF02268	PF02268
PF02268	PF02270
PF02268	PF02751
PF02268	PF03153
PF02268	PF07714
PF02268	PF08271
PF02269	PF02291
PF02269	PF02969
PF02269	PF03153
PF02269	PF03540
PF02269	PF03847
PF02269	PF04658
PF02269	PF04719
PF02269	PF05236
PF02269	PF07524
PF02270	PF02270
PF02270	PF02751
PF02270	PF03153
PF02270	PF03467
PF02270	PF03870
PF02270	PF05793
PF02270	PF06093
PF02270	PF07942
PF02270	PF08271
PF02270	PF08574
PF02271	PF02271
PF02271	PF02320
PF02271	PF02939
PF02271	PF05193
PF02271	PF05365
PF02271	PF08651
PF02273	PF02273
PF02274	PF02274
PF02275	PF02275
PF02276	PF03967
PF02277	PF02277
PF02278	PF02884
PF02278	PF08124
PF02278	PF09093
PF02281	PF02281
PF02281	PF02914
PF02282	PF02282
PF02282	PF11590
PF02283	PF02283
PF02284	PF02790
PF02284	PF02936
PF02284	PF02937
PF02284	PF04981
PF02285	PF02935
PF02285	PF02936
PF02286	PF02286
PF02286	PF02287
PF02286	PF02288
PF02287	PF02288
PF02289	PF02552
PF02289	PF02593
PF02289	PF02596
PF02289	PF02655
PF02289	PF02741
PF02289	PF02778
PF02289	PF03598
PF02289	PF03599
PF02289	PF03833
PF02290	PF02290
PF02290	PF02978
PF02290	PF04209
PF02290	PF05486
PF02290	PF08492
PF02291	PF02969
PF02291	PF03162
PF02291	PF03540
PF02291	PF04658
PF02291	PF04719
PF02291	PF05178
PF02291	PF05236
PF02291	PF05693
PF02291	PF07524
PF02291	PF07571
PF02293	PF02472
PF02293	PF03350
PF02294	PF02294
PF02295	PF02295
PF02296	PF02883
PF02297	PF02297
PF02298	PF02298
PF02300	PF02313
PF02300	PF02335
PF02300	PF02910
PF02300	PF02976
PF02300	PF03264
PF02300	PF03603
PF02300	PF03605
PF02300	PF03606
PF02300	PF03701
PF02300	PF03709
PF02300	PF03843
PF02300	PF03848
PF02301	PF02301
PF02301	PF03177
PF02301	PF04435
PF02301	PF05557
PF02301	PF06581
PF02301	PF07147
PF02301	PF07964
PF02302	PF02302
PF02302	PF02378
PF02302	PF03123
PF02302	PF03609
PF02302	PF03613
PF02302	PF03830
PF02303	PF02303
PF02304	PF02305
PF02305	PF02305
PF02305	PF02306
PF02305	PF02925
PF02305	PF04726
PF02306	PF02925
PF02309	PF02362
PF02310	PF02310
PF02310	PF02574
PF02310	PF02607
PF02310	PF02965
PF02310	PF04055
PF02310	PF06368
PF02310	PF09043
PF02310	PF12176
PF02311	PF02311
PF02311	PF02413
PF02311	PF02610
PF02311	PF03400
PF02311	PF03811
PF02311	PF03812
PF02311	PF03846
PF02312	PF02312
PF02313	PF02313
PF02313	PF02335
PF02313	PF02976
PF02313	PF03264
PF02313	PF03603
PF02313	PF03605
PF02313	PF03606
PF02313	PF03701
PF02313	PF03709
PF02313	PF03843
PF02313	PF03848
PF02315	PF02315
PF02316	PF09039
PF02318	PF02318
PF02319	PF02319
PF02319	PF02984
PF02319	PF03234
PF02319	PF03719
PF02319	PF03775
PF02320	PF02320
PF02320	PF02939
PF02320	PF05365
PF02321	PF02321
PF02321	PF02405
PF02321	PF02472
PF02321	PF03330
PF02321	PF04127
PF02321	PF05211
PF02327	PF02327
PF02329	PF02329
PF02330	PF02330
PF02330	PF03803
PF02330	PF03807
PF02330	PF04729
PF02330	PF08293
PF02331	PF02331
PF02332	PF02332
PF02332	PF02406
PF02332	PF02964
PF02332	PF04945
PF02334	PF02334
PF02335	PF02335
PF02335	PF02976
PF02335	PF03264
PF02335	PF03603
PF02335	PF03605
PF02335	PF03606
PF02335	PF03701
PF02335	PF03843
PF02335	PF03848
PF02338	PF02338
PF02341	PF02341
PF02341	PF02788
PF02342	PF02342
PF02344	PF02344
PF02345	PF02363
PF02345	PF06493
PF02345	PF07645
PF02347	PF02347
PF02348	PF02348
PF02348	PF02350
PF02348	PF03275
PF02350	PF02350
PF02350	PF03275
PF02351	PF02351
PF02353	PF02353
PF02357	PF02357
PF02357	PF02367
PF02357	PF02390
PF02357	PF02410
PF02357	PF02473
PF02357	PF02527
PF02357	PF02575
PF02357	PF02576
PF02357	PF02739
PF02357	PF02767
PF02357	PF02768
PF02357	PF02873
PF02357	PF02904
PF02357	PF02911
PF02357	PF02912
PF02357	PF03033
PF02357	PF03118
PF02357	PF03120
PF02357	PF03461
PF02357	PF03462
PF02357	PF03471
PF02357	PF03602
PF02357	PF03652
PF02357	PF03717
PF02357	PF03772
PF02357	PF03796
PF02357	PF03840
PF02357	PF07009
PF02358	PF03632
PF02358	PF03633
PF02358	PF03636
PF02359	PF02359
PF02359	PF02475
PF02359	PF02598
PF02359	PF02676
PF02359	PF02732
PF02359	PF02933
PF02359	PF02996
PF02359	PF03029
PF02359	PF03152
PF02359	PF03367
PF02359	PF03463
PF02359	PF03464
PF02359	PF03465
PF02359	PF03587
PF02359	PF04110
PF02359	PF05020
PF02359	PF05021
PF02359	PF11543
PF02363	PF02363
PF02363	PF02798
PF02363	PF05986
PF02363	PF06493
PF02364	PF03907
PF02364	PF04628
PF02365	PF02365
PF02367	PF02367
PF02367	PF02410
PF02367	PF02473
PF02367	PF02527
PF02367	PF02576
PF02367	PF02739
PF02367	PF02767
PF02367	PF02768
PF02367	PF02873
PF02367	PF02904
PF02367	PF02911
PF02367	PF02912
PF02367	PF03033
PF02367	PF03118
PF02367	PF03120
PF02367	PF03461
PF02367	PF03471
PF02367	PF03602
PF02367	PF03717
PF02367	PF03772
PF02367	PF03796
PF02367	PF03840
PF02368	PF02368
PF02368	PF02369
PF02368	PF07979
PF02369	PF02369
PF02369	PF09134
PF02372	PF02372
PF02373	PF02375
PF02374	PF02374
PF02374	PF02845
PF02374	PF02866
PF02374	PF04190
PF02374	PF04389
PF02374	PF04420
PF02374	PF04777
PF02374	PF06079
PF02374	PF07565
PF02374	PF07994
PF02374	PF08244
PF02374	PF08690
PF02374	PF10609
PF02377	PF02377
PF02378	PF02378
PF02378	PF02379
PF02380	PF02380
PF02380	PF02985
PF02381	PF02381
PF02383	PF02558
PF02383	PF03372
PF02383	PF03983
PF02384	PF02384
PF02384	PF12161
PF02388	PF02388
PF02390	PF02390
PF02390	PF02739
PF02390	PF02772
PF02390	PF02773
PF02390	PF02911
PF02390	PF03033
PF02390	PF03054
PF02390	PF03118
PF02390	PF03120
PF02390	PF03462
PF02390	PF03772
PF02390	PF03796
PF02390	PF04413
PF02391	PF02391
PF02391	PF02597
PF02391	PF03205
PF02391	PF03453
PF02391	PF03454
PF02395	PF02395
PF02395	PF03212
PF02396	PF02954
PF02399	PF03324
PF02401	PF02401
PF02401	PF02542
PF02401	PF02670
PF02403	PF02403
PF02404	PF02404
PF02404	PF07679
PF02405	PF02472
PF02406	PF02406
PF02410	PF02410
PF02410	PF02473
PF02410	PF02576
PF02410	PF02739
PF02410	PF02767
PF02410	PF02768
PF02410	PF02873
PF02410	PF02911
PF02410	PF02912
PF02410	PF03033
PF02410	PF03120
PF02410	PF03461
PF02410	PF03471
PF02410	PF03602
PF02410	PF03717
PF02410	PF03772
PF02410	PF03796
PF02410	PF03840
PF02412	PF02412
PF02412	PF05735
PF02412	PF07645
PF02413	PF02610
PF02413	PF03400
PF02413	PF03811
PF02413	PF03812
PF02413	PF03846
PF02413	PF05876
PF02416	PF02416
PF02419	PF05151
PF02420	PF02420
PF02421	PF02421
PF02421	PF07664
PF02421	PF07670
PF02423	PF02423
PF02424	PF02424
PF02424	PF04246
PF02426	PF02426
PF02427	PF02507
PF02427	PF02531
PF02428	PF02428
PF02429	PF02429
PF02430	PF02430
PF02430	PF07686
PF02431	PF02431
PF02432	PF02432
PF02432	PF02753
PF02435	PF02435
PF02436	PF02785
PF02436	PF02786
PF02437	PF02437
PF02441	PF02441
PF02441	PF04127
PF02442	PF02442
PF02442	PF07686
PF02445	PF02910
PF02449	PF08532
PF02449	PF08533
PF02452	PF02452
PF02452	PF04014
PF02453	PF03372
PF02453	PF06487
PF02457	PF02457
PF02457	PF10372
PF02457	PF10635
PF02458	PF02458
PF02458	PF03985
PF02461	PF02461
PF02461	PF04744
PF02461	PF04896
PF02463	PF02463
PF02463	PF02483
PF02463	PF02524
PF02463	PF02565
PF02463	PF02811
PF02463	PF02953
PF02463	PF03800
PF02463	PF04096
PF02463	PF04423
PF02463	PF04824
PF02463	PF05193
PF02463	PF06470
PF02463	PF07574
PF02463	PF08286
PF02463	PF08743
PF02463	PF08746
PF02464	PF02464
PF02465	PF02561
PF02465	PF07196
PF02466	PF02466
PF02466	PF02953
PF02466	PF04281
PF02466	PF05328
PF02466	PF06723
PF02469	PF02469
PF02470	PF02470
PF02470	PF02576
PF02470	PF02875
PF02470	PF03797
PF02472	PF02472
PF02472	PF03330
PF02472	PF06519
PF02473	PF02739
PF02473	PF02767
PF02473	PF02768
PF02473	PF02873
PF02473	PF02911
PF02473	PF02912
PF02473	PF03033
PF02473	PF03120
PF02473	PF03461
PF02473	PF03471
PF02473	PF03602
PF02473	PF03717
PF02473	PF03796
PF02473	PF03840
PF02475	PF02732
PF02475	PF02933
PF02475	PF02996
PF02475	PF03367
PF02475	PF03463
PF02475	PF03464
PF02475	PF03465
PF02475	PF03587
PF02478	PF03246
PF02480	PF02480
PF02480	PF07654
PF02482	PF02482
PF02483	PF02524
PF02483	PF04423
PF02483	PF06470
PF02485	PF02485
PF02489	PF05259
PF02489	PF12524
PF02491	PF02491
PF02491	PF03953
PF02492	PF02492
PF02492	PF07683
PF02493	PF02493
PF02501	PF02501
PF02501	PF03934
PF02501	PF11612
PF02502	PF02502
PF02502	PF12408
PF02503	PF02503
PF02503	PF02617
PF02503	PF02685
PF02503	PF02951
PF02503	PF02955
PF02503	PF03588
PF02503	PF03740
PF02504	PF02504
PF02511	PF02511
PF02513	PF02513
PF02515	PF02515
PF02516	PF02516
PF02516	PF03345
PF02516	PF04597
PF02516	PF04756
PF02516	PF06418
PF02518	PF02518
PF02518	PF02702
PF02518	PF02747
PF02518	PF02895
PF02518	PF04051
PF02518	PF04539
PF02518	PF04542
PF02518	PF04968
PF02518	PF04969
PF02518	PF05188
PF02518	PF05190
PF02518	PF05192
PF02518	PF05833
PF02518	PF06071
PF02518	PF07496
PF02518	PF07647
PF02518	PF07730
PF02518	PF07767
PF02518	PF08060
PF02518	PF08156
PF02518	PF08492
PF02518	PF08565
PF02518	PF09229
PF02518	PF09239
PF02518	PF10436
PF02520	PF03870
PF02520	PF04893
PF02522	PF02522
PF02524	PF03980
PF02524	PF06470
PF02525	PF02525
PF02527	PF02527
PF02527	PF02576
PF02527	PF02739
PF02527	PF02904
PF02527	PF02911
PF02527	PF03118
PF02527	PF03120
PF02527	PF03772
PF02527	PF03796
PF02529	PF03742
PF02529	PF08041
PF02531	PF02605
PF02533	PF05969
PF02534	PF02534
PF02535	PF02798
PF02535	PF03061
PF02535	PF08271
PF02536	PF02536
PF02538	PF05378
PF02540	PF02540
PF02540	PF02749
PF02541	PF02541
PF02541	PF03297
PF02542	PF02542
PF02542	PF02670
PF02544	PF06645
PF02545	PF02545
PF02547	PF02547
PF02547	PF02576
PF02547	PF02873
PF02548	PF02548
PF02548	PF02569
PF02548	PF05669
PF02548	PF08477
PF02550	PF02550
PF02550	PF04223
PF02551	PF02551
PF02552	PF02552
PF02552	PF02593
PF02552	PF02596
PF02552	PF02655
PF02552	PF02741
PF02552	PF03063
PF02552	PF03598
PF02552	PF03599
PF02556	PF02556
PF02556	PF02810
PF02556	PF03550
PF02556	PF04052
PF02556	PF05697
PF02557	PF02557
PF02558	PF02558
PF02558	PF08546
PF02559	PF03461
PF02560	PF02560
PF02561	PF02561
PF02561	PF05247
PF02561	PF07196
PF02562	PF02562
PF02563	PF02563
PF02563	PF10531
PF02565	PF02565
PF02565	PF11967
PF02566	PF02566
PF02566	PF06652
PF02567	PF02567
PF02567	PF03835
PF02568	PF02568
PF02569	PF02569
PF02570	PF02570
PF02570	PF02572
PF02572	PF02572
PF02574	PF02574
PF02574	PF02607
PF02574	PF02965
PF02574	PF08609
PF02575	PF02575
PF02575	PF02739
PF02575	PF02768
PF02575	PF02873
PF02575	PF02911
PF02575	PF02912
PF02575	PF03118
PF02575	PF03120
PF02575	PF03462
PF02575	PF03652
PF02575	PF03772
PF02575	PF03796
PF02576	PF02767
PF02576	PF02873
PF02576	PF03033
PF02576	PF03461
PF02576	PF03471
PF02576	PF03602
PF02576	PF03717
PF02576	PF03772
PF02576	PF03840
PF02577	PF02577
PF02578	PF02578
PF02579	PF02579
PF02579	PF04055
PF02580	PF02580
PF02581	PF02581
PF02581	PF08145
PF02582	PF03690
PF02582	PF08537
PF02583	PF02583
PF02585	PF02585
PF02586	PF02586
PF02590	PF02590
PF02593	PF02596
PF02593	PF02655
PF02593	PF02697
PF02593	PF02741
PF02593	PF02778
PF02593	PF03598
PF02593	PF03599
PF02593	PF03686
PF02595	PF02595
PF02596	PF02655
PF02596	PF02697
PF02596	PF02741
PF02596	PF02778
PF02596	PF03598
PF02596	PF03599
PF02596	PF03686
PF02597	PF02597
PF02597	PF05237
PF02597	PF05690
PF02597	PF09189
PF02598	PF02598
PF02598	PF02732
PF02598	PF02902
PF02598	PF02996
PF02598	PF03463
PF02598	PF03464
PF02598	PF03465
PF02598	PF04410
PF02598	PF09229
PF02599	PF02599
PF02600	PF07686
PF02602	PF02602
PF02602	PF03900
PF02602	PF06969
PF02603	PF02603
PF02603	PF07475
PF02604	PF02604
PF02604	PF02661
PF02604	PF05016
PF02604	PF06769
PF02605	PF03244
PF02606	PF02622
PF02606	PF02684
PF02606	PF03279
PF02606	PF03331
PF02607	PF02607
PF02607	PF02965
PF02607	PF12176
PF02609	PF02609
PF02610	PF02610
PF02610	PF03400
PF02610	PF03811
PF02610	PF03812
PF02610	PF03846
PF02610	PF11762
PF02611	PF02611
PF02613	PF02613
PF02614	PF02614
PF02615	PF02615
PF02617	PF02617
PF02617	PF02685
PF02617	PF02861
PF02617	PF02951
PF02617	PF02955
PF02617	PF03588
PF02617	PF03740
PF02618	PF02618
PF02621	PF02621
PF02622	PF03279
PF02623	PF02623
PF02625	PF02625
PF02626	PF02626
PF02626	PF02682
PF02626	PF02785
PF02626	PF02786
PF02627	PF02627
PF02629	PF02629
PF02629	PF06971
PF02629	PF08442
PF02630	PF02630
PF02631	PF02631
PF02633	PF02633
PF02634	PF02634
PF02635	PF02635
PF02635	PF04077
PF02637	PF02938
PF02637	PF03950
PF02641	PF02641
PF02643	PF02643
PF02645	PF02645
PF02649	PF02649
PF02650	PF10298
PF02655	PF02697
PF02655	PF02741
PF02655	PF02778
PF02655	PF03598
PF02655	PF03599
PF02655	PF03686
PF02657	PF02657
PF02661	PF02661
PF02663	PF02663
PF02664	PF02664
PF02668	PF02668
PF02668	PF08609
PF02669	PF02702
PF02669	PF03814
PF02670	PF02670
PF02670	PF08436
PF02671	PF04433
PF02675	PF02675
PF02676	PF02676
PF02676	PF03029
PF02676	PF03367
PF02676	PF03463
PF02676	PF03464
PF02676	PF03465
PF02676	PF03587
PF02676	PF08613
PF02678	PF05726
PF02679	PF02679
PF02680	PF02680
PF02682	PF02682
PF02682	PF02779
PF02682	PF02785
PF02682	PF02786
PF02684	PF03331
PF02685	PF02685
PF02685	PF02951
PF02685	PF02955
PF02685	PF03588
PF02685	PF03740
PF02686	PF02934
PF02689	PF03324
PF02691	PF02691
PF02691	PF03797
PF02696	PF03079
PF02696	PF03152
PF02696	PF06957
PF02697	PF02741
PF02697	PF02778
PF02697	PF03598
PF02697	PF03599
PF02697	PF03657
PF02697	PF03673
PF02697	PF03686
PF02700	PF02700
PF02700	PF02769
PF02702	PF02702
PF02702	PF03814
PF02706	PF02706
PF02709	PF02709
PF02710	PF02710
PF02710	PF03996
PF02719	PF02719
PF02727	PF02727
PF02727	PF02728
PF02727	PF09248
PF02728	PF02728
PF02729	PF02729
PF02729	PF02748
PF02729	PF02786
PF02729	PF02787
PF02730	PF02730
PF02731	PF03144
PF02731	PF04502
PF02732	PF02732
PF02732	PF02776
PF02732	PF02933
PF02732	PF02996
PF02732	PF03366
PF02732	PF03367
PF02732	PF03463
PF02732	PF03464
PF02732	PF03465
PF02732	PF03587
PF02732	PF03834
PF02732	PF07479
PF02733	PF02733
PF02733	PF02734
PF02734	PF02734
PF02734	PF03610
PF02735	PF02735
PF02735	PF02775
PF02735	PF02776
PF02735	PF02777
PF02735	PF02786
PF02735	PF02787
PF02735	PF02869
PF02735	PF02881
PF02735	PF02978
PF02735	PF03730
PF02735	PF03731
PF02737	PF02737
PF02737	PF02770
PF02737	PF02771
PF02737	PF03405
PF02738	PF02738
PF02738	PF03450
PF02739	PF02739
PF02739	PF02767
PF02739	PF02768
PF02739	PF02873
PF02739	PF02904
PF02739	PF02911
PF02739	PF02912
PF02739	PF03033
PF02739	PF03054
PF02739	PF03118
PF02739	PF03120
PF02739	PF03461
PF02739	PF03462
PF02739	PF03471
PF02739	PF03602
PF02739	PF03652
PF02739	PF03717
PF02739	PF03772
PF02739	PF03796
PF02739	PF03840
PF02739	PF09281
PF02739	PF09293
PF02740	PF02740
PF02741	PF02741
PF02741	PF02778
PF02741	PF03598
PF02741	PF03599
PF02741	PF03686
PF02742	PF02742
PF02742	PF04023
PF02743	PF02743
PF02743	PF05581
PF02744	PF02744
PF02744	PF04053
PF02745	PF02745
PF02745	PF02783
PF02746	PF02746
PF02747	PF02747
PF02747	PF04997
PF02747	PF08542
PF02748	PF02748
PF02749	PF02749
PF02750	PF02750
PF02751	PF02751
PF02751	PF03153
PF02751	PF07714
PF02752	PF02752
PF02752	PF06645
PF02752	PF07648
PF02753	PF02753
PF02753	PF09160
PF02753	PF09255
PF02755	PF02755
PF02758	PF02758
PF02758	PF02760
PF02758	PF05729
PF02760	PF02760
PF02761	PF02761
PF02761	PF02762
PF02762	PF02762
PF02763	PF02763
PF02763	PF02764
PF02765	PF02765
PF02765	PF07404
PF02767	PF02767
PF02767	PF02768
PF02767	PF02873
PF02767	PF02911
PF02767	PF02912
PF02767	PF03033
PF02767	PF03118
PF02767	PF03120
PF02767	PF03461
PF02767	PF03471
PF02767	PF03602
PF02767	PF03717
PF02767	PF03772
PF02767	PF03796
PF02767	PF03840
PF02767	PF06144
PF02768	PF02768
PF02768	PF02873
PF02768	PF02911
PF02768	PF02912
PF02768	PF03033
PF02768	PF03118
PF02768	PF03120
PF02768	PF03461
PF02768	PF03462
PF02768	PF03471
PF02768	PF03602
PF02768	PF03652
PF02768	PF03717
PF02768	PF03772
PF02768	PF03796
PF02768	PF03840
PF02768	PF06144
PF02769	PF02769
PF02769	PF02826
PF02769	PF02842
PF02769	PF02843
PF02769	PF02844
PF02769	PF04110
PF02770	PF02770
PF02770	PF02771
PF02771	PF08028
PF02772	PF02772
PF02772	PF02773
PF02772	PF03462
PF02772	PF04715
PF02772	PF05291
PF02772	PF06418
PF02772	PF08540
PF02773	PF02773
PF02773	PF03462
PF02773	PF05291
PF02774	PF02774
PF02774	PF02879
PF02774	PF04768
PF02775	PF02775
PF02775	PF02776
PF02775	PF03460
PF02775	PF05021
PF02776	PF02776
PF02777	PF02777
PF02777	PF03719
PF02777	PF03834
PF02777	PF05693
PF02778	PF02778
PF02778	PF03598
PF02778	PF03599
PF02778	PF03686
PF02778	PF03833
PF02779	PF02779
PF02779	PF02780
PF02779	PF02785
PF02779	PF02786
PF02779	PF02817
PF02779	PF02852
PF02779	PF05193
PF02779	PF06747
PF02779	PF07992
PF02779	PF08367
PF02779	PF12573
PF02780	PF02780
PF02780	PF02785
PF02780	PF02817
PF02780	PF02852
PF02780	PF06747
PF02780	PF07992
PF02780	PF08367
PF02781	PF02781
PF02781	PF02901
PF02782	PF02782
PF02782	PF05997
PF02783	PF02783
PF02784	PF02784
PF02785	PF02785
PF02785	PF02786
PF02786	PF02786
PF02786	PF02787
PF02786	PF03730
PF02786	PF03731
PF02787	PF02787
PF02787	PF06418
PF02787	PF08542
PF02788	PF02788
PF02789	PF02789
PF02790	PF02936
PF02790	PF02937
PF02790	PF05392
PF02790	PF07686
PF02792	PF02792
PF02792	PF08389
PF02792	PF09282
PF02792	PF09405
PF02793	PF02793
PF02796	PF02796
PF02797	PF02797
PF02798	PF02798
PF02798	PF03143
PF02798	PF03372
PF02798	PF03950
PF02798	PF04114
PF02798	PF04399
PF02798	PF06071
PF02798	PF06493
PF02798	PF07645
PF02799	PF02799
PF02800	PF02800
PF02800	PF03639
PF02800	PF08579
PF02801	PF02801
PF02801	PF02823
PF02801	PF02873
PF02801	PF02912
PF02801	PF03033
PF02801	PF03147
PF02801	PF03462
PF02804	PF02804
PF02805	PF02870
PF02805	PF06029
PF02806	PF02806
PF02806	PF02903
PF02806	PF03423
PF02809	PF02809
PF02809	PF03985
PF02809	PF04426
PF02810	PF02810
PF02810	PF07516
PF02810	PF07517
PF02811	PF02811
PF02811	PF03167
PF02811	PF06470
PF02811	PF07733
PF02812	PF02812
PF02813	PF02813
PF02814	PF02814
PF02814	PF02883
PF02814	PF05194
PF02815	PF02815
PF02815	PF07690
PF02816	PF02816
PF02817	PF02817
PF02817	PF02852
PF02817	PF05193
PF02817	PF07992
PF02817	PF08367
PF02820	PF02820
PF02820	PF04719
PF02821	PF02821
PF02822	PF02822
PF02823	PF02823
PF02823	PF02874
PF02823	PF03147
PF02823	PF04627
PF02824	PF02824
PF02824	PF03129
PF02824	PF04607
PF02824	PF05154
PF02824	PF07973
PF02824	PF08438
PF02825	PF02825
PF02826	PF02826
PF02826	PF03348
PF02826	PF03463
PF02826	PF04000
PF02826	PF04068
PF02826	PF05195
PF02826	PF08544
PF02826	PF11890
PF02827	PF02827
PF02828	PF02828
PF02828	PF04048
PF02828	PF09058
PF02829	PF08279
PF02830	PF02954
PF02832	PF02832
PF02832	PF07686
PF02833	PF02833
PF02833	PF03850
PF02833	PF04110
PF02833	PF07085
PF02834	PF02834
PF02836	PF02836
PF02836	PF02837
PF02836	PF02929
PF02836	PF02930
PF02836	PF04074
PF02837	PF02837
PF02837	PF02929
PF02837	PF02930
PF02837	PF04074
PF02838	PF02838
PF02838	PF03173
PF02838	PF03174
PF02838	PF07555
PF02839	PF02839
PF02840	PF02840
PF02841	PF02841
PF02843	PF02844
PF02843	PF04110
PF02843	PF08542
PF02844	PF02844
PF02844	PF04110
PF02844	PF08542
PF02845	PF02845
PF02845	PF03179
PF02845	PF04446
PF02845	PF05871
PF02847	PF02847
PF02847	PF03645
PF02852	PF02852
PF02852	PF07992
PF02854	PF02854
PF02854	PF03144
PF02854	PF03194
PF02854	PF03467
PF02854	PF04502
PF02854	PF04851
PF02854	PF05383
PF02854	PF09088
PF02854	PF09090
PF02861	PF02861
PF02861	PF08668
PF02863	PF02863
PF02864	PF02864
PF02864	PF02865
PF02866	PF02866
PF02866	PF04182
PF02866	PF08542
PF02867	PF02867
PF02867	PF03477
PF02867	PF08343
PF02868	PF02868
PF02868	PF03413
PF02868	PF04151
PF02870	PF08534
PF02872	PF02872
PF02873	PF02873
PF02873	PF02911
PF02873	PF02912
PF02873	PF03033
PF02873	PF03118
PF02873	PF03120
PF02873	PF03147
PF02873	PF03461
PF02873	PF03462
PF02873	PF03471
PF02873	PF03602
PF02873	PF03652
PF02873	PF03717
PF02873	PF03772
PF02873	PF03796
PF02873	PF03840
PF02873	PF07478
PF02874	PF02874
PF02874	PF03179
PF02874	PF03223
PF02874	PF03931
PF02874	PF05203
PF02874	PF05204
PF02874	PF05405
PF02875	PF02875
PF02875	PF03471
PF02875	PF07478
PF02875	PF08245
PF02876	PF02876
PF02876	PF07654
PF02876	PF07686
PF02876	PF07703
PF02876	PF09199
PF02877	PF02877
PF02878	PF02878
PF02878	PF02879
PF02878	PF02880
PF02878	PF06973
PF02878	PF08542
PF02879	PF02879
PF02879	PF02880
PF02879	PF08542
PF02881	PF02881
PF02881	PF02978
PF02882	PF02882
PF02883	PF02883
PF02883	PF03127
PF02883	PF05194
PF02883	PF09066
PF02884	PF08124
PF02884	PF09093
PF02885	PF02885
PF02885	PF07831
PF02887	PF02887
PF02888	PF07885
PF02891	PF03867
PF02891	PF04636
PF02892	PF03540
PF02892	PF04615
PF02892	PF05699
PF02893	PF03452
PF02893	PF06602
PF02894	PF02894
PF02895	PF02895
PF02896	PF02896
PF02896	PF05524
PF02897	PF02897
PF02898	PF02898
PF02899	PF02899
PF02899	PF02914
PF02899	PF05367
PF02899	PF09003
PF02900	PF02900
PF02900	PF02976
PF02900	PF03264
PF02900	PF03603
PF02900	PF03695
PF02900	PF03701
PF02900	PF03709
PF02900	PF07746
PF02901	PF02901
PF02902	PF02902
PF02902	PF07834
PF02902	PF08507
PF02902	PF11976
PF02903	PF02903
PF02904	PF02911
PF02904	PF03118
PF02904	PF03120
PF02904	PF03772
PF02904	PF03796
PF02905	PF02905
PF02906	PF02906
PF02907	PF02907
PF02907	PF05297
PF02907	PF07652
PF02909	PF02909
PF02909	PF03880
PF02909	PF03948
PF02909	PF03965
PF02909	PF03966
PF02909	PF03969
PF02909	PF04857
PF02909	PF06613
PF02909	PF06971
PF02910	PF02910
PF02910	PF12139
PF02911	PF02911
PF02911	PF02912
PF02911	PF03033
PF02911	PF03054
PF02911	PF03118
PF02911	PF03120
PF02911	PF03461
PF02911	PF03462
PF02911	PF03471
PF02911	PF03602
PF02911	PF03652
PF02911	PF03717
PF02911	PF03772
PF02911	PF03796
PF02911	PF03840
PF02912	PF03033
PF02912	PF03120
PF02912	PF03147
PF02912	PF03461
PF02912	PF03471
PF02912	PF03602
PF02912	PF03652
PF02912	PF03717
PF02912	PF03796
PF02912	PF03840
PF02913	PF02913
PF02913	PF03148
PF02914	PF02914
PF02914	PF05367
PF02914	PF09299
PF02915	PF02915
PF02916	PF09116
PF02917	PF02918
PF02917	PF09275
PF02917	PF09276
PF02918	PF03440
PF02918	PF09275
PF02918	PF09276
PF02919	PF02919
PF02919	PF03162
PF02919	PF05029
PF02921	PF02939
PF02921	PF05193
PF02921	PF05365
PF02921	PF08997
PF02922	PF02922
PF02922	PF03446
PF02922	PF08271
PF02923	PF02923
PF02923	PF02980
PF02923	PF02981
PF02924	PF02924
PF02925	PF02925
PF02929	PF02929
PF02929	PF02930
PF02929	PF04074
PF02931	PF02931
PF02931	PF02932
PF02932	PF02932
PF02932	PF03453
PF02932	PF03454
PF02933	PF02996
PF02933	PF03367
PF02933	PF03463
PF02933	PF03464
PF02933	PF03465
PF02933	PF03587
PF02933	PF04110
PF02933	PF05739
PF02933	PF11543
PF02934	PF02938
PF02936	PF02937
PF02936	PF05238
PF02936	PF05392
PF02937	PF05392
PF02938	PF02938
PF02939	PF05193
PF02940	PF02940
PF02940	PF03919
PF02941	PF02943
PF02942	PF02942
PF02944	PF02944
PF02945	PF02945
PF02945	PF09124
PF02947	PF02947
PF02951	PF02951
PF02951	PF02955
PF02951	PF03562
PF02951	PF03588
PF02951	PF03740
PF02951	PF03917
PF02952	PF07881
PF02952	PF07882
PF02953	PF02953
PF02953	PF03357
PF02953	PF05328
PF02953	PF06325
PF02954	PF02954
PF02955	PF02955
PF02955	PF03562
PF02955	PF03588
PF02955	PF03740
PF02955	PF03917
PF02959	PF02959
PF02959	PF04814
PF02959	PF05247
PF02959	PF05793
PF02961	PF02961
PF02961	PF03020
PF02961	PF05276
PF02962	PF02962
PF02963	PF02963
PF02964	PF02964
PF02965	PF02965
PF02966	PF02966
PF02966	PF04130
PF02966	PF08060
PF02966	PF08572
PF02967	PF02967
PF02969	PF03540
PF02969	PF03847
PF02969	PF04494
PF02969	PF08513
PF02970	PF02970
PF02970	PF03953
PF02970	PF06738
PF02971	PF02971
PF02971	PF04961
PF02971	PF07837
PF02972	PF02972
PF02973	PF04650
PF02974	PF08548
PF02975	PF06433
PF02976	PF02976
PF02976	PF03264
PF02976	PF03603
PF02976	PF03605
PF02976	PF03606
PF02976	PF03695
PF02976	PF03701
PF02976	PF03709
PF02976	PF03843
PF02976	PF03848
PF02977	PF02977
PF02978	PF02978
PF02978	PF05383
PF02978	PF05486
PF02979	PF02979
PF02980	PF02980
PF02980	PF02981
PF02980	PF09254
PF02981	PF02981
PF02982	PF02982
PF02983	PF02983
PF02984	PF02984
PF02984	PF03143
PF02984	PF03144
PF02984	PF03234
PF02984	PF03775
PF02985	PF02985
PF02985	PF03810
PF02985	PF03946
PF02985	PF04096
PF02985	PF08240
PF02985	PF08271
PF02985	PF08623
PF02985	PF11532
PF02985	PF11538
PF02991	PF02991
PF02991	PF03416
PF02991	PF03986
PF02991	PF03987
PF02991	PF05739
PF02994	PF02994
PF02996	PF02996
PF02996	PF03029
PF02996	PF03367
PF02996	PF03463
PF02996	PF03464
PF02996	PF03465
PF02996	PF03587
PF02996	PF03871
PF02996	PF04683
PF02996	PF07724
PF03006	PF03082
PF03008	PF03686
PF03009	PF03009
PF03012	PF03012
PF03014	PF03014
PF03020	PF08198
PF03022	PF03022
PF03028	PF04568
PF03028	PF05026
PF03029	PF03029
PF03029	PF03367
PF03029	PF03463
PF03029	PF03464
PF03029	PF03465
PF03029	PF03587
PF03029	PF04366
PF03031	PF03031
PF03031	PF03907
PF03031	PF05669
PF03033	PF03033
PF03033	PF03118
PF03033	PF03120
PF03033	PF03147
PF03033	PF03461
PF03033	PF03462
PF03033	PF03471
PF03033	PF03602
PF03033	PF03717
PF03033	PF03772
PF03033	PF03796
PF03033	PF03840
PF03033	PF04101
PF03033	PF06722
PF03036	PF03036
PF03039	PF10420
PF03046	PF03301
PF03051	PF03051
PF03054	PF03054
PF03054	PF03120
PF03054	PF03462
PF03054	PF03796
PF03055	PF03055
PF03059	PF03059
PF03060	PF03060
PF03061	PF03061
PF03062	PF07731
PF03062	PF07732
PF03063	PF03063
PF03065	PF03065
PF03065	PF09094
PF03065	PF09095
PF03065	PF09210
PF03066	PF03066
PF03066	PF03501
PF03067	PF03067
PF03068	PF08526
PF03068	PF08527
PF03069	PF03069
PF03070	PF03070
PF03072	PF03086
PF03081	PF03081
PF03081	PF06046
PF03082	PF05517
PF03084	PF03084
PF03084	PF05993
PF03084	PF06016
PF03089	PF03089
PF03089	PF03953
PF03091	PF03091
PF03093	PF04096
PF03093	PF05064
PF03095	PF03095
PF03096	PF07159
PF03097	PF03097
PF03098	PF03098
PF03099	PF03099
PF03099	PF08279
PF03099	PF10437
PF03100	PF04995
PF03102	PF03102
PF03102	PF08666
PF03104	PF03104
PF03104	PF04104
PF03105	PF03124
PF03114	PF03114
PF03114	PF04053
PF03114	PF06747
PF03114	PF08240
PF03114	PF08730
PF03118	PF03118
PF03118	PF03120
PF03118	PF03461
PF03118	PF03462
PF03118	PF03471
PF03118	PF03602
PF03118	PF03652
PF03118	PF03717
PF03118	PF03772
PF03118	PF03796
PF03118	PF03840
PF03118	PF03960
PF03119	PF03120
PF03120	PF03461
PF03120	PF03462
PF03120	PF03471
PF03120	PF03602
PF03120	PF03652
PF03120	PF03717
PF03120	PF03772
PF03120	PF03796
PF03120	PF03840
PF03121	PF03324
PF03122	PF03122
PF03123	PF03123
PF03125	PF03820
PF03127	PF03127
PF03127	PF03528
PF03128	PF05434
PF03129	PF03129
PF03129	PF03950
PF03129	PF04073
PF03129	PF09180
PF03130	PF03130
PF03130	PF04053
PF03131	PF03131
PF03133	PF03148
PF03134	PF03134
PF03134	PF03878
PF03134	PF04987
PF03134	PF05064
PF03134	PF06398
PF03143	PF03143
PF03143	PF03144
PF03143	PF03431
PF03143	PF03463
PF03143	PF03465
PF03143	PF04435
PF03144	PF03144
PF03144	PF03431
PF03144	PF03725
PF03144	PF03764
PF03144	PF04435
PF03144	PF07541
PF03144	PF09173
PF03144	PF11987
PF03145	PF03145
PF03145	PF07645
PF03145	PF09032
PF03147	PF03462
PF03147	PF03483
PF03147	PF03484
PF03148	PF03322
PF03148	PF03951
PF03150	PF03150
PF03151	PF03357
PF03152	PF03179
PF03152	PF04928
PF03152	PF05020
PF03152	PF05021
PF03152	PF05224
PF03152	PF07724
PF03153	PF03153
PF03153	PF05390
PF03153	PF08271
PF03155	PF04493
PF03160	PF03160
PF03161	PF03161
PF03162	PF03162
PF03164	PF03164
PF03164	PF08217
PF03164	PF08601
PF03165	PF03165
PF03165	PF03166
PF03165	PF03719
PF03166	PF03166
PF03166	PF03719
PF03166	PF08782
PF03166	PF11409
PF03167	PF03167
PF03167	PF05941
PF03167	PF11976
PF03169	PF08639
PF03171	PF03171
PF03171	PF10637
PF03171	PF11413
PF03173	PF03174
PF03175	PF03175
PF03175	PF05435
PF03177	PF03177
PF03177	PF04096
PF03177	PF04121
PF03177	PF05172
PF03178	PF03210
PF03178	PF07521
PF03179	PF03223
PF03179	PF03224
PF03179	PF05517
PF03179	PF08572
PF03180	PF03180
PF03185	PF09303
PF03192	PF03192
PF03193	PF03193
PF03194	PF06220
PF03198	PF03332
PF03198	PF04438
PF03198	PF04893
PF03198	PF05730
PF03198	PF06432
PF03199	PF03917
PF03200	PF04280
PF03202	PF03305
PF03205	PF03205
PF03205	PF06807
PF03205	PF11526
PF03208	PF03208
PF03208	PF03878
PF03208	PF04893
PF03208	PF05739
PF03208	PF08477
PF03208	PF08737
PF03208	PF09302
PF03210	PF03210
PF03211	PF03211
PF03212	PF03212
PF03212	PF03797
PF03220	PF03220
PF03223	PF03224
PF03224	PF11698
PF03226	PF04893
PF03226	PF07576
PF03230	PF03230
PF03234	PF03234
PF03234	PF03775
PF03237	PF03237
PF03239	PF06645
PF03241	PF03241
PF03241	PF11794
PF03243	PF03243
PF03243	PF12324
PF03246	PF03246
PF03246	PF06436
PF03255	PF03255
PF03256	PF03256
PF03256	PF07719
PF03259	PF03259
PF03259	PF08923
PF03263	PF03263
PF03264	PF03264
PF03264	PF03603
PF03264	PF03605
PF03264	PF03606
PF03264	PF03695
PF03264	PF03701
PF03264	PF03709
PF03264	PF03843
PF03264	PF03848
PF03270	PF03270
PF03271	PF03271
PF03271	PF03953
PF03271	PF04939
PF03271	PF08580
PF03275	PF03275
PF03275	PF07992
PF03276	PF03539
PF03278	PF03278
PF03280	PF03280
PF03284	PF03284
PF03286	PF05796
PF03286	PF05941
PF03286	PF06489
PF03288	PF03288
PF03288	PF05941
PF03291	PF03291
PF03291	PF03341
PF03291	PF03439
PF03291	PF05001
PF03293	PF04665
PF03295	PF03355
PF03297	PF05327
PF03297	PF08540
PF03301	PF03301
PF03306	PF03306
PF03308	PF03308
PF03309	PF03309
PF03310	PF03310
PF03311	PF04802
PF03313	PF03315
PF03315	PF03315
PF03318	PF03318
PF03319	PF03319
PF03322	PF03874
PF03328	PF03328
PF03330	PF05036
PF03331	PF03331
PF03332	PF03332
PF03332	PF06068
PF03332	PF07983
PF03333	PF03333
PF03338	PF03338
PF03341	PF03341
PF03343	PF03371
PF03343	PF08060
PF03343	PF08572
PF03345	PF03452
PF03345	PF04597
PF03345	PF04756
PF03348	PF05210
PF03349	PF03349
PF03352	PF03352
PF03355	PF03355
PF03357	PF03357
PF03357	PF03637
PF03357	PF03694
PF03357	PF04108
PF03357	PF04153
PF03357	PF04318
PF03357	PF04719
PF03357	PF05191
PF03357	PF05871
PF03357	PF08286
PF03357	PF08649
PF03357	PF08655
PF03358	PF03358
PF03360	PF03360
PF03364	PF03364
PF03366	PF03540
PF03366	PF03985
PF03366	PF04729
PF03366	PF04939
PF03366	PF05499
PF03366	PF05712
PF03367	PF03463
PF03367	PF03464
PF03367	PF03465
PF03367	PF03587
PF03370	PF03370
PF03370	PF05693
PF03371	PF08572
PF03372	PF03372
PF03372	PF03498
PF03372	PF03661
PF03372	PF06645
PF03372	PF06839
PF03378	PF03810
PF03378	PF08506
PF03381	PF03810
PF03381	PF07690
PF03381	PF08607
PF03388	PF03388
PF03388	PF08240
PF03391	PF03688
PF03391	PF03689
PF03392	PF03392
PF03394	PF04948
PF03395	PF03395
PF03398	PF03398
PF03399	PF04147
PF03399	PF04182
PF03399	PF04939
PF03399	PF05064
PF03399	PF05160
PF03399	PF05890
PF03399	PF07962
PF03400	PF03811
PF03400	PF03812
PF03400	PF03846
PF03401	PF03401
PF03403	PF03403
PF03404	PF03404
PF03405	PF03405
PF03411	PF03411
PF03414	PF03414
PF03416	PF03416
PF03416	PF03953
PF03417	PF03417
PF03418	PF03418
PF03422	PF03422
PF03422	PF04616
PF03423	PF03423
PF03424	PF03424
PF03431	PF03431
PF03435	PF03435
PF03435	PF03647
PF03435	PF03727
PF03435	PF03966
PF03435	PF04190
PF03435	PF05291
PF03439	PF03439
PF03439	PF03985
PF03439	PF04802
PF03439	PF06093
PF03440	PF03440
PF03440	PF09275
PF03441	PF03441
PF03443	PF03443
PF03444	PF03680
PF03446	PF03446
PF03447	PF03447
PF03449	PF03449
PF03451	PF03607
PF03452	PF03452
PF03452	PF03839
PF03452	PF04488
PF03452	PF05637
PF03453	PF03453
PF03453	PF03454
PF03454	PF03454
PF03455	PF06602
PF03456	PF06602
PF03459	PF03459
PF03460	PF03460
PF03460	PF04324
PF03460	PF04422
PF03460	PF04432
PF03461	PF03471
PF03461	PF03602
PF03461	PF03717
PF03461	PF03772
PF03461	PF03796
PF03461	PF03840
PF03462	PF03652
PF03462	PF03772
PF03462	PF03796
PF03463	PF03463
PF03463	PF03464
PF03463	PF03465
PF03463	PF03587
PF03463	PF04563
PF03463	PF06883
PF03464	PF03465
PF03464	PF03587
PF03465	PF03465
PF03465	PF03587
PF03465	PF04567
PF03466	PF03466
PF03467	PF09138
PF03471	PF03471
PF03471	PF03602
PF03471	PF03717
PF03471	PF03741
PF03471	PF03772
PF03471	PF03796
PF03471	PF03840
PF03472	PF03472
PF03472	PF09228
PF03473	PF03473
PF03473	PF03475
PF03477	PF03477
PF03477	PF08271
PF03479	PF03479
PF03480	PF03480
PF03480	PF04290
PF03483	PF03484
PF03484	PF03484
PF03485	PF03485
PF03485	PF05746
PF03486	PF04820
PF03487	PF07686
PF03489	PF03489
PF03489	PF05184
PF03492	PF03492
PF03494	PF03494
PF03495	PF03495
PF03495	PF07691
PF03496	PF03496
PF03497	PF03497
PF03498	PF03498
PF03500	PF03500
PF03501	PF07645
PF03502	PF03502
PF03505	PF03505
PF03513	PF03513
PF03513	PF03515
PF03513	PF09000
PF03515	PF11570
PF03519	PF03519
PF03519	PF09052
PF03520	PF03520
PF03524	PF03524
PF03524	PF03743
PF03524	PF07269
PF03528	PF03528
PF03531	PF03531
PF03536	PF03536
PF03537	PF03537
PF03540	PF03847
PF03540	PF04719
PF03540	PF05236
PF03540	PF06807
PF03540	PF07524
PF03540	PF08209
PF03544	PF03544
PF03544	PF03548
PF03544	PF07715
PF03545	PF03545
PF03545	PF09020
PF03548	PF03548
PF03548	PF03550
PF03548	PF03658
PF03549	PF03549
PF03549	PF07979
PF03550	PF03550
PF03550	PF03658
PF03550	PF04052
PF03550	PF05697
PF03551	PF03551
PF03551	PF10400
PF03557	PF03557
PF03557	PF03563
PF03561	PF03561
PF03562	PF03562
PF03562	PF06725
PF03563	PF03563
PF03566	PF03566
PF03572	PF03572
PF03572	PF07676
PF03573	PF03573
PF03575	PF03575
PF03576	PF03576
PF03587	PF03587
PF03587	PF04147
PF03587	PF05291
PF03588	PF03588
PF03588	PF03702
PF03588	PF03740
PF03588	PF03795
PF03588	PF04376
PF03588	PF04377
PF03590	PF03590
PF03598	PF03598
PF03598	PF03599
PF03598	PF03686
PF03599	PF03599
PF03599	PF03686
PF03602	PF03602
PF03602	PF03717
PF03602	PF03772
PF03602	PF03796
PF03602	PF03840
PF03603	PF03605
PF03603	PF03606
PF03603	PF03695
PF03603	PF03701
PF03603	PF03709
PF03603	PF03843
PF03603	PF03848
PF03603	PF04364
PF03603	PF12169
PF03604	PF04563
PF03605	PF03606
PF03605	PF03701
PF03605	PF03843
PF03605	PF03848
PF03606	PF03701
PF03606	PF03843
PF03606	PF03848
PF03608	PF03612
PF03608	PF03829
PF03609	PF03613
PF03609	PF03830
PF03610	PF03610
PF03610	PF03830
PF03610	PF05524
PF03612	PF03829
PF03613	PF03830
PF03623	PF03623
PF03623	PF12104
PF03625	PF03625
PF03629	PF03629
PF03630	PF03630
PF03630	PF03663
PF03632	PF03632
PF03632	PF03633
PF03632	PF03636
PF03633	PF03636
PF03635	PF03643
PF03635	PF06747
PF03636	PF03636
PF03639	PF04366
PF03641	PF03641
PF03641	PF11892
PF03642	PF03642
PF03643	PF03643
PF03643	PF05719
PF03644	PF03644
PF03645	PF03645
PF03645	PF11540
PF03648	PF07477
PF03648	PF07488
PF03650	PF04366
PF03651	PF04128
PF03651	PF05916
PF03652	PF03652
PF03652	PF03772
PF03652	PF03796
PF03656	PF03656
PF03657	PF03657
PF03657	PF04427
PF03658	PF03658
PF03660	PF05909
PF03665	PF05186
PF03670	PF04129
PF03681	PF03681
PF03685	PF03685
PF03688	PF03689
PF03690	PF08613
PF03693	PF03693
PF03693	PF05016
PF03695	PF03701
PF03695	PF03709
PF03695	PF03843
PF03701	PF03709
PF03701	PF03843
PF03701	PF03848
PF03702	PF03702
PF03702	PF03795
PF03704	PF03704
PF03709	PF03709
PF03709	PF03711
PF03710	PF08335
PF03711	PF03711
PF03713	PF03713
PF03714	PF03714
PF03717	PF03717
PF03717	PF03772
PF03717	PF03793
PF03717	PF03796
PF03717	PF03840
PF03717	PF05223
PF03718	PF03718
PF03719	PF03828
PF03719	PF06747
PF03720	PF03720
PF03720	PF03721
PF03721	PF03721
PF03722	PF03723
PF03723	PF03723
PF03725	PF03725
PF03725	PF03726
PF03725	PF05669
PF03725	PF07493
PF03726	PF03726
PF03727	PF03727
PF03727	PF08512
PF03728	PF03728
PF03730	PF03731
PF03734	PF03734
PF03734	PF12229
PF03735	PF03735
PF03737	PF03737
PF03738	PF03738
PF03738	PF05257
PF03740	PF03740
PF03742	PF05115
PF03742	PF08041
PF03743	PF03743
PF03745	PF03745
PF03747	PF03747
PF03750	PF03757
PF03750	PF03787
PF03757	PF03787
PF03759	PF03759
PF03762	PF03762
PF03764	PF09009
PF03765	PF04707
PF03767	PF03767
PF03768	PF04438
PF03769	PF04438
PF03770	PF03770
PF03772	PF03796
PF03772	PF03840
PF03775	PF03775
PF03775	PF05209
PF03776	PF03776
PF03778	PF03800
PF03778	PF03980
PF03781	PF03781
PF03786	PF03786
PF03788	PF04172
PF03793	PF03793
PF03795	PF03795
PF03796	PF03796
PF03796	PF03840
PF03797	PF03797
PF03797	PF05211
PF03798	PF03798
PF03798	PF07731
PF03798	PF08390
PF03799	PF03799
PF03799	PF08478
PF03800	PF03801
PF03800	PF03980
PF03800	PF04423
PF03800	PF06470
PF03800	PF08286
PF03801	PF03801
PF03801	PF03980
PF03801	PF04423
PF03801	PF08286
PF03807	PF03807
PF03807	PF08477
PF03807	PF09130
PF03807	PF10728
PF03810	PF03810
PF03810	PF03946
PF03810	PF04096
PF03810	PF04641
PF03810	PF07500
PF03810	PF08389
PF03810	PF08506
PF03810	PF08767
PF03811	PF03811
PF03811	PF03812
PF03811	PF03846
PF03812	PF03846
PF03813	PF04006
PF03813	PF04042
PF03813	PF04047
PF03813	PF04147
PF03813	PF04427
PF03813	PF04939
PF03813	PF05291
PF03813	PF05890
PF03813	PF06881
PF03813	PF07767
PF03813	PF08297
PF03819	PF03819
PF03820	PF08271
PF03829	PF03829
PF03830	PF03830
PF03834	PF05181
PF03835	PF04847
PF03835	PF05181
PF03835	PF08730
PF03835	PF09280
PF03835	PF10403
PF03838	PF03838
PF03839	PF05637
PF03839	PF08271
PF03840	PF03840
PF03840	PF07516
PF03840	PF07517
PF03843	PF03848
PF03846	PF03846
PF03846	PF12327
PF03847	PF03847
PF03847	PF05236
PF03847	PF05730
PF03847	PF05903
PF03848	PF03848
PF03848	PF05958
PF03848	PF09313
PF03850	PF03909
PF03850	PF06391
PF03850	PF08567
PF03851	PF03851
PF03853	PF03853
PF03860	PF03860
PF03861	PF03861
PF03861	PF03880
PF03861	PF03948
PF03865	PF08479
PF03869	PF03869
PF03869	PF11423
PF03870	PF03871
PF03870	PF03874
PF03870	PF03876
PF03870	PF04181
PF03870	PF04983
PF03870	PF04992
PF03870	PF04997
PF03870	PF04998
PF03870	PF05000
PF03870	PF05132
PF03870	PF05158
PF03870	PF05516
PF03870	PF06870
PF03870	PF08292
PF03870	PF08574
PF03871	PF03876
PF03871	PF04563
PF03871	PF04566
PF03871	PF04983
PF03871	PF04997
PF03871	PF04998
PF03871	PF05000
PF03871	PF05158
PF03871	PF06093
PF03871	PF06870
PF03871	PF07500
PF03871	PF08203
PF03871	PF08208
PF03871	PF08574
PF03872	PF04542
PF03872	PF08281
PF03873	PF03888
PF03874	PF03876
PF03874	PF04997
PF03874	PF05873
PF03874	PF06093
PF03874	PF08292
PF03874	PF08574
PF03876	PF03876
PF03876	PF04035
PF03876	PF04560
PF03876	PF04563
PF03876	PF04566
PF03876	PF04983
PF03876	PF04997
PF03876	PF05132
PF03876	PF05158
PF03876	PF06093
PF03876	PF08292
PF03876	PF08574
PF03878	PF04893
PF03880	PF03948
PF03880	PF03960
PF03880	PF03963
PF03880	PF03966
PF03880	PF03969
PF03881	PF03881
PF03882	PF03882
PF03882	PF04288
PF03882	PF04310
PF03886	PF03886
PF03888	PF03888
PF03892	PF03892
PF03892	PF04879
PF03894	PF09363
PF03894	PF09364
PF03895	PF03895
PF03900	PF03900
PF03900	PF03946
PF03900	PF03947
PF03900	PF03949
PF03900	PF03951
PF03900	PF03952
PF03900	PF03953
PF03900	PF03972
PF03900	PF06969
PF03901	PF07572
PF03902	PF03902
PF03902	PF05397
PF03909	PF04056
PF03909	PF04108
PF03909	PF04893
PF03909	PF08294
PF03909	PF08567
PF03911	PF10559
PF03914	PF04427
PF03915	PF03915
PF03915	PF08286
PF03917	PF03917
PF03919	PF03919
PF03919	PF04992
PF03919	PF05001
PF03919	PF05422
PF03919	PF05470
PF03919	PF07717
PF03921	PF03921
PF03922	PF03922
PF03925	PF03925
PF03927	PF10518
PF03928	PF03928
PF03928	PF08477
PF03928	PF08654
PF03930	PF03930
PF03930	PF05202
PF03931	PF03931
PF03931	PF07525
PF03932	PF03932
PF03934	PF09371
PF03934	PF11612
PF03935	PF03983
PF03935	PF04051
PF03935	PF04099
PF03935	PF04628
PF03936	PF03936
PF03937	PF03937
PF03937	PF03949
PF03937	PF03966
PF03937	PF03969
PF03938	PF03938
PF03940	PF04058
PF03940	PF04434
PF03940	PF05486
PF03944	PF03945
PF03944	PF09131
PF03945	PF09131
PF03946	PF03947
PF03946	PF03949
PF03946	PF03951
PF03946	PF03952
PF03946	PF03953
PF03946	PF03972
PF03946	PF05832
PF03946	PF06325
PF03946	PF08561
PF03947	PF03949
PF03947	PF03951
PF03947	PF03952
PF03947	PF03953
PF03947	PF03972
PF03947	PF04042
PF03947	PF04047
PF03947	PF06732
PF03948	PF03960
PF03948	PF03963
PF03948	PF03966
PF03948	PF03969
PF03949	PF03949
PF03949	PF03951
PF03949	PF03952
PF03949	PF03953
PF03949	PF03966
PF03949	PF03969
PF03949	PF03972
PF03949	PF04053
PF03950	PF03950
PF03950	PF04110
PF03950	PF08542
PF03951	PF03951
PF03951	PF03952
PF03951	PF03953
PF03951	PF03972
PF03952	PF03952
PF03952	PF03953
PF03952	PF03972
PF03952	PF06862
PF03952	PF09302
PF03953	PF03953
PF03953	PF03972
PF03953	PF04354
PF03958	PF03958
PF03958	PF07686
PF03959	PF03959
PF03960	PF03960
PF03960	PF03963
PF03964	PF06756
PF03965	PF03965
PF03965	PF04857
PF03965	PF06613
PF03965	PF06971
PF03966	PF03966
PF03966	PF03969
PF03967	PF05239
PF03968	PF03968
PF03968	PF05352
PF03971	PF03971
PF03972	PF03972
PF03973	PF03973
PF03974	PF03974
PF03975	PF03975
PF03976	PF03976
PF03980	PF04423
PF03980	PF08202
PF03980	PF08641
PF03981	PF07575
PF03983	PF04366
PF03983	PF05008
PF03983	PF05216
PF03985	PF04004
PF03985	PF05001
PF03985	PF05179
PF03986	PF03987
PF03986	PF04110
PF03986	PF10381
PF03987	PF04110
PF03987	PF10381
PF03989	PF03989
PF03990	PF04893
PF03991	PF03991
PF03992	PF03992
PF03996	PF03996
PF03996	PF08720
PF03997	PF03997
PF03997	PF07200
PF03997	PF09454
PF03998	PF04047
PF03999	PF03999
PF04000	PF04006
PF04000	PF04893
PF04000	PF06432
PF04000	PF07690
PF04001	PF04062
PF04001	PF04667
PF04002	PF04002
PF04003	PF04047
PF04004	PF04037
PF04004	PF04046
PF04004	PF05179
PF04005	PF04005
PF04005	PF04139
PF04006	PF04047
PF04006	PF04147
PF04006	PF04427
PF04006	PF05291
PF04006	PF06862
PF04006	PF08297
PF04006	PF08624
PF04008	PF04008
PF04013	PF04013
PF04014	PF04014
PF04014	PF07686
PF04016	PF04016
PF04017	PF04017
PF04023	PF04023
PF04026	PF04026
PF04029	PF04029
PF04036	PF04036
PF04036	PF04038
PF04038	PF04038
PF04041	PF04041
PF04042	PF04042
PF04042	PF07767
PF04042	PF07961
PF04042	PF08418
PF04042	PF08690
PF04042	PF08996
PF04042	PF09507
PF04043	PF04043
PF04044	PF04096
PF04045	PF04062
PF04045	PF04699
PF04045	PF05856
PF04047	PF04137
PF04047	PF04147
PF04047	PF04158
PF04047	PF04192
PF04047	PF05127
PF04047	PF05291
PF04047	PF07539
PF04048	PF07393
PF04049	PF04049
PF04049	PF05839
PF04050	PF09416
PF04051	PF04051
PF04051	PF04099
PF04051	PF04628
PF04051	PF08626
PF04052	PF04052
PF04052	PF05697
PF04052	PF07676
PF04053	PF04053
PF04053	PF04145
PF04053	PF04733
PF04053	PF05008
PF04053	PF05739
PF04053	PF06068
PF04053	PF06957
PF04053	PF07718
PF04054	PF04153
PF04054	PF07524
PF04055	PF04055
PF04055	PF04127
PF04055	PF04560
PF04055	PF04561
PF04055	PF04563
PF04055	PF04565
PF04055	PF06463
PF04055	PF06968
PF04055	PF06969
PF04055	PF08608
PF04055	PF12544
PF04056	PF04056
PF04056	PF07975
PF04058	PF04104
PF04058	PF04857
PF04062	PF04699
PF04062	PF05856
PF04065	PF04153
PF04069	PF04069
PF04072	PF04072
PF04073	PF04073
PF04074	PF04074
PF04075	PF04075
PF04077	PF04077
PF04078	PF04078
PF04078	PF04153
PF04078	PF04857
PF04078	PF05002
PF04078	PF08271
PF04079	PF04079
PF04082	PF04082
PF04082	PF05669
PF04082	PF08477
PF04083	PF04083
PF04083	PF06026
PF04085	PF04085
PF04086	PF09439
PF04088	PF04088
PF04088	PF04281
PF04088	PF04695
PF04088	PF04757
PF04088	PF04882
PF04088	PF04969
PF04088	PF05002
PF04089	PF05158
PF04092	PF04092
PF04092	PF07686
PF04095	PF04095
PF04095	PF05160
PF04096	PF04096
PF04096	PF04121
PF04096	PF06470
PF04096	PF07575
PF04096	PF07817
PF04096	PF08568
PF04097	PF04097
PF04098	PF04098
PF04098	PF08661
PF04099	PF04099
PF04099	PF04628
PF04101	PF04101
PF04104	PF04104
PF04104	PF04857
PF04104	PF08490
PF04106	PF04106
PF04106	PF04110
PF04106	PF05730
PF04106	PF08614
PF04107	PF04107
PF04108	PF04110
PF04108	PF04190
PF04108	PF05669
PF04108	PF05739
PF04108	PF06881
PF04108	PF07716
PF04108	PF08477
PF04108	PF08567
PF04108	PF08572
PF04108	PF08653
PF04108	PF08654
PF04108	PF08657
PF04108	PF08692
PF04110	PF04110
PF04110	PF04120
PF04110	PF05922
PF04110	PF06703
PF04110	PF08614
PF04113	PF07942
PF04115	PF04115
PF04121	PF04939
PF04121	PF07575
PF04121	PF08602
PF04121	PF12110
PF04126	PF04126
PF04127	PF04127
PF04127	PF04560
PF04127	PF04561
PF04127	PF04563
PF04127	PF04565
PF04128	PF05916
PF04128	PF06425
PF04128	PF08271
PF04129	PF07690
PF04129	PF08700
PF04130	PF08271
PF04131	PF04131
PF04132	PF04157
PF04132	PF05871
PF04133	PF04874
PF04135	PF04410
PF04135	PF05492
PF04135	PF08068
PF04137	PF04597
PF04147	PF04615
PF04147	PF05178
PF04147	PF05291
PF04147	PF08743
PF04151	PF04151
PF04152	PF04152
PF04153	PF04153
PF04153	PF05669
PF04153	PF06644
PF04157	PF04157
PF04157	PF05871
PF04157	PF08271
PF04158	PF05127
PF04166	PF04166
PF04169	PF04174
PF04170	PF04170
PF04176	PF04177
PF04177	PF04177
PF04180	PF05291
PF04180	PF07650
PF04180	PF08579
PF04181	PF04427
PF04181	PF05890
PF04183	PF06276
PF04185	PF04185
PF04190	PF04190
PF04198	PF04198
PF04198	PF04545
PF04199	PF04199
PF04200	PF04200
PF04203	PF04203
PF04205	PF04205
PF04209	PF04209
PF04212	PF04212
PF04216	PF04216
PF04218	PF04218
PF04218	PF09091
PF04221	PF04221
PF04221	PF05016
PF04223	PF04223
PF04227	PF04227
PF04231	PF04231
PF04232	PF04232
PF04234	PF04234
PF04237	PF04237
PF04239	PF04239
PF04242	PF04242
PF04248	PF04248
PF04251	PF04251
PF04253	PF04253
PF04253	PF04389
PF04257	PF05127
PF04260	PF04260
PF04261	PF04261
PF04262	PF04262
PF04263	PF04263
PF04263	PF04265
PF04264	PF04264
PF04265	PF04265
PF04266	PF04266
PF04267	PF04268
PF04267	PF07992
PF04267	PF08669
PF04268	PF07992
PF04270	PF04270
PF04272	PF04272
PF04273	PF04273
PF04288	PF04288
PF04288	PF04310
PF04289	PF04289
PF04290	PF06808
PF04297	PF04297
PF04299	PF04299
PF04303	PF04303
PF04309	PF04309
PF04310	PF04310
PF04313	PF04851
PF04313	PF12008
PF04316	PF04539
PF04316	PF04542
PF04316	PF04545
PF04318	PF05669
PF04321	PF04321
PF04324	PF04324
PF04324	PF04546
PF04324	PF04879
PF04324	PF07992
PF04327	PF04327
PF04335	PF04335
PF04340	PF04340
PF04344	PF04344
PF04345	PF04345
PF04349	PF04349
PF04350	PF04350
PF04352	PF04352
PF04353	PF04545
PF04354	PF04354
PF04358	PF04358
PF04366	PF05008
PF04366	PF05216
PF04366	PF07651
PF04366	PF08730
PF04371	PF04371
PF04379	PF04379
PF04381	PF04381
PF04386	PF04386
PF04389	PF04389
PF04389	PF08240
PF04390	PF04390
PF04392	PF04392
PF04397	PF04397
PF04408	PF07717
PF04410	PF04410
PF04410	PF05178
PF04410	PF05492
PF04414	PF04414
PF04420	PF08690
PF04421	PF04421
PF04421	PF05351
PF04423	PF04423
PF04423	PF05190
PF04423	PF05192
PF04423	PF06470
PF04425	PF04426
PF04425	PF09295
PF04427	PF04427
PF04427	PF04874
PF04427	PF04939
PF04427	PF05291
PF04427	PF05890
PF04427	PF05997
PF04427	PF06732
PF04427	PF06858
PF04427	PF06881
PF04427	PF07890
PF04427	PF08297
PF04428	PF09219
PF04430	PF04430
PF04433	PF08537
PF04434	PF07645
PF04437	PF04437
PF04437	PF08314
PF04438	PF05387
PF04438	PF08512
PF04444	PF04444
PF04445	PF04445
PF04446	PF04446
PF04447	PF04448
PF04449	PF04449
PF04449	PF07434
PF04451	PF04451
PF04452	PF04452
PF04454	PF04454
PF04455	PF04455
PF04461	PF04461
PF04479	PF08252
PF04479	PF08271
PF04479	PF09295
PF04485	PF04485
PF04488	PF04488
PF04488	PF05637
PF04493	PF04493
PF04494	PF04494
PF04494	PF07524
PF04495	PF09295
PF04498	PF05886
PF04502	PF04564
PF04506	PF08271
PF04509	PF04509
PF04514	PF04514
PF04515	PF07731
PF04515	PF07732
PF04539	PF04539
PF04539	PF04542
PF04539	PF04545
PF04539	PF04546
PF04539	PF04560
PF04539	PF04563
PF04539	PF04983
PF04539	PF04997
PF04539	PF04998
PF04539	PF05000
PF04542	PF04542
PF04542	PF04545
PF04542	PF04546
PF04542	PF04983
PF04542	PF04997
PF04542	PF04998
PF04542	PF05000
PF04542	PF08281
PF04545	PF04545
PF04545	PF04546
PF04545	PF04983
PF04545	PF04997
PF04545	PF04998
PF04545	PF05000
PF04545	PF09010
PF04546	PF04546
PF04546	PF04997
PF04548	PF04548
PF04552	PF04552
PF04552	PF04963
PF04560	PF04561
PF04560	PF04563
PF04560	PF04565
PF04560	PF04566
PF04560	PF04567
PF04560	PF04983
PF04560	PF04997
PF04560	PF04998
PF04560	PF05000
PF04561	PF04561
PF04561	PF04563
PF04561	PF04565
PF04561	PF04566
PF04561	PF04567
PF04561	PF04983
PF04561	PF04990
PF04561	PF04997
PF04561	PF04998
PF04561	PF05000
PF04561	PF10385
PF04563	PF04565
PF04563	PF04566
PF04563	PF04567
PF04563	PF04983
PF04563	PF04990
PF04563	PF04997
PF04563	PF04998
PF04563	PF05000
PF04563	PF10385
PF04564	PF04564
PF04564	PF06246
PF04565	PF04566
PF04565	PF04567
PF04565	PF04983
PF04565	PF04997
PF04565	PF04998
PF04565	PF05000
PF04565	PF10385
PF04566	PF04567
PF04566	PF04997
PF04566	PF05000
PF04566	PF08292
PF04567	PF04983
PF04567	PF04997
PF04567	PF04998
PF04567	PF05000
PF04568	PF04568
PF04573	PF06645
PF04574	PF04574
PF04582	PF04582
PF04587	PF04587
PF04588	PF05182
PF04597	PF04756
PF04602	PF04602
PF04607	PF04607
PF04608	PF04608
PF04612	PF04612
PF04614	PF04614
PF04614	PF04757
PF04614	PF04882
PF04614	PF05648
PF04616	PF04616
PF04616	PF05270
PF04619	PF04619
PF04619	PF07686
PF04622	PF05669
PF04623	PF06931
PF04628	PF05669
PF04628	PF05967
PF04634	PF04634
PF04651	PF05077
PF04652	PF04652
PF04658	PF05236
PF04661	PF04661
PF04663	PF04945
PF04665	PF05061
PF04667	PF07258
PF04670	PF04670
PF04675	PF04679
PF04686	PF04686
PF04692	PF04692
PF04695	PF04695
PF04695	PF05669
PF04699	PF05856
PF04710	PF04710
PF04711	PF04711
PF04715	PF04715
PF04715	PF06437
PF04718	PF04911
PF04718	PF08271
PF04719	PF04719
PF04721	PF04721
PF04722	PF04722
PF04722	PF04926
PF04722	PF04928
PF04722	PF07521
PF04728	PF04728
PF04729	PF04729
PF04729	PF07690
PF04729	PF08729
PF04729	PF09453
PF04732	PF04732
PF04733	PF05008
PF04733	PF05739
PF04733	PF06957
PF04733	PF07718
PF04734	PF04734
PF04739	PF04739
PF04744	PF04744
PF04744	PF04896
PF04745	PF05718
PF04748	PF04748
PF04752	PF06487
PF04756	PF08271
PF04757	PF04757
PF04757	PF05185
PF04768	PF04768
PF04772	PF04772
PF04775	PF08840
PF04777	PF04777
PF04794	PF04794
PF04795	PF06068
PF04810	PF04810
PF04810	PF04811
PF04810	PF05739
PF04810	PF08033
PF04811	PF04811
PF04811	PF04815
PF04811	PF05739
PF04811	PF08033
PF04811	PF11549
PF04814	PF04814
PF04814	PF05247
PF04814	PF05793
PF04815	PF04815
PF04815	PF05739
PF04815	PF08033
PF04816	PF04816
PF04820	PF04820
PF04824	PF08514
PF04825	PF08514
PF04828	PF04828
PF04840	PF08217
PF04841	PF08217
PF04845	PF04845
PF04848	PF04848
PF04851	PF04851
PF04855	PF05669
PF04855	PF08477
PF04855	PF08624
PF04857	PF04857
PF04857	PF06613
PF04857	PF06971
PF04857	PF07742
PF04857	PF08675
PF04863	PF04863
PF04863	PF04864
PF04864	PF04864
PF04869	PF04869
PF04882	PF04882
PF04882	PF07540
PF04893	PF04893
PF04893	PF05739
PF04893	PF05832
PF04893	PF06398
PF04893	PF07247
PF04893	PF08507
PF04893	PF08567
PF04896	PF04896
PF04897	PF04898
PF04898	PF08271
PF04908	PF04908
PF04909	PF04909
PF04912	PF04912
PF04914	PF04915
PF04914	PF04918
PF04915	PF04918
PF04916	PF04916
PF04918	PF04918
PF04924	PF05323
PF04926	PF04928
PF04928	PF04928
PF04929	PF04929
PF04931	PF04939
PF04934	PF05397
PF04934	PF05669
PF04934	PF05983
PF04934	PF07544
PF04934	PF08601
PF04934	PF08633
PF04935	PF05712
PF04939	PF05890
PF04939	PF08123
PF04939	PF08322
PF04940	PF04940
PF04945	PF06234
PF04948	PF04948
PF04951	PF04951
PF04952	PF04952
PF04954	PF08021
PF04960	PF04960
PF04961	PF04961
PF04962	PF04962
PF04963	PF04963
PF04968	PF04969
PF04969	PF04969
PF04969	PF05002
PF04969	PF09032
PF04979	PF04979
PF04983	PF04992
PF04983	PF04997
PF04983	PF04998
PF04983	PF05000
PF04984	PF04984
PF04989	PF04989
PF04990	PF04998
PF04990	PF05000
PF04990	PF07500
PF04992	PF04997
PF04992	PF04998
PF04992	PF05000
PF04993	PF04993
PF04994	PF04994
PF04996	PF04996
PF04997	PF04997
PF04997	PF04998
PF04997	PF05000
PF04997	PF08271
PF04998	PF04998
PF04998	PF05000
PF04998	PF07500
PF04998	PF08292
PF04998	PF10385
PF05000	PF07500
PF05000	PF10385
PF05001	PF05397
PF05001	PF07645
PF05005	PF05005
PF05008	PF05388
PF05008	PF05739
PF05008	PF06703
PF05013	PF05013
PF05014	PF05014
PF05016	PF05016
PF05019	PF05019
PF05020	PF07724
PF05022	PF08162
PF05022	PF08790
PF05023	PF05023
PF05023	PF09328
PF05025	PF05025
PF05026	PF05026
PF05026	PF06058
PF05031	PF05031
PF05032	PF05652
PF05033	PF05033
PF05034	PF05034
PF05034	PF07476
PF05035	PF05035
PF05046	PF05047
PF05047	PF05047
PF05049	PF05049
PF05063	PF05063
PF05065	PF05065
PF05067	PF05067
PF05068	PF05068
PF05076	PF05076
PF05082	PF05082
PF05087	PF05087
PF05096	PF05096
PF05099	PF05099
PF05103	PF05103
PF05114	PF05114
PF05115	PF08041
PF05115	PF08802
PF05116	PF08282
PF05118	PF05118
PF05118	PF05373
PF05127	PF08351
PF05132	PF05158
PF05133	PF05133
PF05134	PF05134
PF05135	PF05135
PF05138	PF05138
PF05139	PF05139
PF05141	PF05141
PF05147	PF05147
PF05148	PF05148
PF05151	PF05151
PF05153	PF05153
PF05158	PF05645
PF05158	PF06870
PF05158	PF08292
PF05158	PF09174
PF05160	PF09103
PF05160	PF09169
PF05163	PF05163
PF05164	PF05164
PF05165	PF05165
PF05167	PF05167
PF05168	PF05168
PF05169	PF05169
PF05171	PF05171
PF05172	PF05172
PF05172	PF05255
PF05172	PF06398
PF05173	PF05173
PF05175	PF05175
PF05175	PF08468
PF05177	PF05177
PF05182	PF05843
PF05182	PF07521
PF05182	PF07942
PF05183	PF05183
PF05184	PF05184
PF05185	PF05185
PF05185	PF05192
PF05186	PF05186
PF05186	PF05205
PF05188	PF05190
PF05188	PF05192
PF05188	PF06071
PF05189	PF05189
PF05189	PF05291
PF05189	PF07934
PF05190	PF05190
PF05190	PF05192
PF05191	PF05191
PF05191	PF07714
PF05192	PF05192
PF05193	PF05193
PF05193	PF08367
PF05193	PF08997
PF05193	PF09165
PF05194	PF05194
PF05195	PF05195
PF05199	PF05199
PF05199	PF07992
PF05202	PF05202
PF05203	PF05203
PF05203	PF05204
PF05204	PF05204
PF05204	PF09061
PF05204	PF09062
PF05209	PF05209
PF05211	PF05211
PF05221	PF05221
PF05223	PF05223
PF05224	PF05224
PF05235	PF05235
PF05236	PF05236
PF05236	PF07524
PF05237	PF05237
PF05237	PF08477
PF05238	PF08202
PF05239	PF05239
PF05240	PF05240
PF05240	PF08210
PF05247	PF05247
PF05247	PF05280
PF05247	PF05793
PF05255	PF05739
PF05255	PF09340
PF05256	PF05256
PF05259	PF12524
PF05261	PF05261
PF05264	PF05264
PF05269	PF05269
PF05270	PF05270
PF05270	PF09206
PF05280	PF05280
PF05291	PF06480
PF05291	PF08068
PF05291	PF08297
PF05291	PF08622
PF05297	PF05297
PF05312	PF05402
PF05326	PF07654
PF05327	PF08540
PF05336	PF05336
PF05337	PF05337
PF05337	PF07679
PF05343	PF05343
PF05351	PF05351
PF05352	PF05352
PF05356	PF05356
PF05357	PF05357
PF05357	PF06519
PF05362	PF05362
PF05365	PF05365
PF05365	PF08997
PF05367	PF05367
PF05368	PF05368
PF05373	PF05373
PF05375	PF05375
PF05387	PF05856
PF05387	PF07650
PF05389	PF05389
PF05394	PF05627
PF05397	PF05669
PF05397	PF05983
PF05397	PF07544
PF05397	PF08601
PF05397	PF08633
PF05400	PF05400
PF05405	PF05511
PF05405	PF05873
PF05408	PF05408
PF05408	PF05409
PF05409	PF05409
PF05416	PF05416
PF05424	PF05424
PF05426	PF05426
PF05430	PF05430
PF05435	PF05435
PF05448	PF05448
PF05454	PF09068
PF05454	PF09069
PF05464	PF05464
PF05470	PF08597
PF05485	PF05699
PF05486	PF05486
PF05491	PF05491
PF05491	PF05496
PF05496	PF05496
PF05496	PF07499
PF05497	PF05497
PF05511	PF05873
PF05523	PF05523
PF05543	PF05543
PF05543	PF09023
PF05544	PF05544
PF05552	PF05552
PF05557	PF05557
PF05572	PF05572
PF05577	PF05577
PF05579	PF05579
PF05581	PF05581
PF05592	PF05592
PF05592	PF08531
PF05594	PF05860
PF05618	PF05618
PF05635	PF05635
PF05637	PF05637
PF05638	PF05638
PF05648	PF05648
PF05648	PF08271
PF05652	PF05652
PF05652	PF06391
PF05652	PF11969
PF05658	PF05658
PF05658	PF05662
PF05662	PF05662
PF05669	PF05669
PF05669	PF05832
PF05669	PF05983
PF05669	PF06398
PF05669	PF07247
PF05669	PF07544
PF05669	PF07716
PF05669	PF08633
PF05681	PF05683
PF05683	PF05683
PF05685	PF05685
PF05690	PF05690
PF05693	PF05693
PF05697	PF05697
PF05697	PF05698
PF05698	PF05698
PF05699	PF05699
PF05699	PF10683
PF05706	PF05706
PF05707	PF05707
PF05708	PF05708
PF05712	PF05712
PF05712	PF06784
PF05712	PF07904
PF05719	PF05719
PF05721	PF05721
PF05724	PF05724
PF05728	PF05728
PF05731	PF05731
PF05733	PF05733
PF05737	PF05737
PF05738	PF05738
PF05738	PF08341
PF05739	PF05739
PF05739	PF05835
PF05739	PF07718
PF05739	PF08507
PF05739	PF08700
PF05739	PF12352
PF05743	PF05743
PF05743	PF08705
PF05746	PF05746
PF05757	PF05757
PF05761	PF05761
PF05764	PF06068
PF05770	PF05770
PF05772	PF05772
PF05790	PF05790
PF05790	PF07679
PF05790	PF07686
PF05790	PF09191
PF05793	PF05793
PF05793	PF09309
PF05794	PF08597
PF05806	PF05806
PF05812	PF05812
PF05822	PF05822
PF05825	PF05825
PF05833	PF05833
PF05833	PF09239
PF05835	PF05835
PF05838	PF09374
PF05843	PF05843
PF05843	PF06807
PF05843	PF07521
PF05848	PF05848
PF05853	PF05853
PF05856	PF06017
PF05859	PF08202
PF05859	PF08641
PF05866	PF05866
PF05870	PF05870
PF05871	PF05871
PF05873	PF05873
PF05889	PF05889
PF05890	PF06881
PF05890	PF07767
PF05891	PF05891
PF05899	PF05899
PF05899	PF07883
PF05907	PF05907
PF05916	PF05916
PF05916	PF06425
PF05916	PF08586
PF05924	PF05924
PF05924	PF05972
PF05932	PF05932
PF05932	PF07201
PF05932	PF09020
PF05932	PF09119
PF05935	PF05935
PF05942	PF05942
PF05949	PF05949
PF05954	PF05954
PF05958	PF05958
PF05960	PF05960
PF05962	PF05962
PF05963	PF07654
PF05964	PF05965
PF05964	PF07690
PF05966	PF05966
PF05967	PF09295
PF05971	PF05971
PF05972	PF05972
PF05974	PF05974
PF05979	PF05979
PF05983	PF05983
PF05983	PF07544
PF05983	PF08601
PF05983	PF11221
PF05985	PF06751
PF05986	PF06493
PF05993	PF05993
PF05993	PF06016
PF05995	PF05995
PF05996	PF05996
PF05997	PF07962
PF06002	PF06002
PF06004	PF06004
PF06005	PF06005
PF06013	PF06013
PF06014	PF06014
PF06017	PF06017
PF06018	PF06018
PF06026	PF06026
PF06028	PF06028
PF06029	PF06029
PF06032	PF06032
PF06041	PF06041
PF06046	PF06419
PF06046	PF07393
PF06052	PF06052
PF06052	PF08987
PF06058	PF06058
PF06058	PF08579
PF06064	PF06064
PF06068	PF06068
PF06068	PF07572
PF06068	PF07719
PF06068	PF08265
PF06071	PF06071
PF06079	PF06079
PF06083	PF06083
PF06083	PF07686
PF06087	PF06087
PF06090	PF06090
PF06094	PF06094
PF06109	PF06109
PF06133	PF06133
PF06134	PF06134
PF06141	PF06141
PF06142	PF06142
PF06144	PF06144
PF06144	PF09115
PF06144	PF12169
PF06153	PF06153
PF06154	PF06154
PF06165	PF06204
PF06165	PF06205
PF06167	PF06167
PF06171	PF06171
PF06172	PF06172
PF06175	PF06175
PF06184	PF06184
PF06192	PF06192
PF06204	PF06204
PF06204	PF06205
PF06222	PF06222
PF06227	PF06227
PF06228	PF06228
PF06240	PF06240
PF06243	PF06243
PF06246	PF06246
PF06247	PF06247
PF06247	PF07686
PF06249	PF06249
PF06253	PF06253
PF06254	PF06254
PF06257	PF06257
PF06262	PF06262
PF06267	PF06267
PF06268	PF06268
PF06283	PF06283
PF06290	PF06290
PF06304	PF06304
PF06314	PF06314
PF06315	PF06315
PF06325	PF06325
PF06328	PF09240
PF06330	PF06330
PF06331	PF06331
PF06345	PF06346
PF06345	PF06367
PF06345	PF06371
PF06346	PF06367
PF06346	PF06371
PF06351	PF06351
PF06352	PF06352
PF06367	PF06367
PF06367	PF06371
PF06368	PF06368
PF06369	PF06369
PF06371	PF06371
PF06371	PF07653
PF06372	PF06372
PF06372	PF11095
PF06384	PF06384
PF06397	PF06397
PF06398	PF06398
PF06399	PF06399
PF06405	PF06405
PF06406	PF06406
PF06411	PF06411
PF06414	PF06414
PF06414	PF08998
PF06415	PF06415
PF06418	PF06418
PF06421	PF06421
PF06426	PF06426
PF06428	PF06428
PF06429	PF07196
PF06431	PF06431
PF06432	PF06645
PF06432	PF06738
PF06433	PF06433
PF06434	PF11791
PF06438	PF06438
PF06439	PF06439
PF06441	PF06441
PF06445	PF06445
PF06446	PF07686
PF06453	PF06453
PF06456	PF06456
PF06457	PF06457
PF06458	PF06458
PF06463	PF06463
PF06468	PF06468
PF06470	PF06470
PF06471	PF06471
PF06475	PF06475
PF06479	PF06479
PF06480	PF06480
PF06482	PF06482
PF06486	PF06486
PF06493	PF06493
PF06506	PF06506
PF06508	PF06508
PF06511	PF06511
PF06536	PF06536
PF06545	PF06545
PF06553	PF06553
PF06554	PF06554
PF06557	PF06557
PF06559	PF06559
PF06560	PF06560
PF06574	PF06574
PF06581	PF06581
PF06585	PF06585
PF06613	PF06613
PF06613	PF06971
PF06616	PF06616
PF06617	PF06617
PF06619	PF06619
PF06628	PF06628
PF06632	PF06632
PF06632	PF11411
PF06644	PF07542
PF06645	PF06703
PF06645	PF07946
PF06652	PF06652
PF06684	PF06684
PF06689	PF06689
PF06714	PF06714
PF06714	PF06715
PF06714	PF09096
PF06714	PF09097
PF06715	PF06715
PF06715	PF07921
PF06720	PF06720
PF06723	PF06723
PF06737	PF07501
PF06742	PF06863
PF06745	PF06745
PF06745	PF09054
PF06747	PF07393
PF06747	PF08294
PF06747	PF08613
PF06748	PF06748
PF06751	PF06751
PF06766	PF06766
PF06769	PF06769
PF06776	PF06776
PF06778	PF06778
PF06807	PF06807
PF06807	PF07521
PF06807	PF11526
PF06815	PF06815
PF06815	PF06817
PF06816	PF07684
PF06817	PF06817
PF06821	PF06821
PF06824	PF06824
PF06825	PF06825
PF06827	PF06831
PF06827	PF08264
PF06831	PF06831
PF06831	PF09292
PF06838	PF06838
PF06840	PF06840
PF06844	PF06844
PF06849	PF06973
PF06865	PF06865
PF06870	PF08203
PF06870	PF08208
PF06872	PF06872
PF06888	PF06888
PF06902	PF06902
PF06941	PF06941
PF06953	PF06953
PF06954	PF06954
PF06955	PF06955
PF06958	PF06958
PF06962	PF06962
PF06964	PF06964
PF06965	PF06965
PF06968	PF06968
PF06969	PF06969
PF06971	PF06971
PF06973	PF06973
PF06983	PF06983
PF06999	PF06999
PF07005	PF07005
PF07007	PF07007
PF07009	PF07009
PF07039	PF07039
PF07045	PF07045
PF07057	PF07057
PF07063	PF07063
PF07071	PF07071
PF07072	PF07072
PF07080	PF07080
PF07081	PF07081
PF07085	PF07085
PF07090	PF07090
PF07100	PF07100
PF07110	PF07110
PF07118	PF07118
PF07124	PF07124
PF07124	PF09231
PF07130	PF07130
PF07137	PF07137
PF07140	PF07140
PF07143	PF07143
PF07152	PF07152
PF07161	PF07161
PF07162	PF07162
PF07170	PF07170
PF07171	PF07364
PF07195	PF07196
PF07200	PF08698
PF07200	PF09452
PF07200	PF09454
PF07201	PF07201
PF07201	PF09059
PF07208	PF07208
PF07221	PF07221
PF07228	PF07228
PF07229	PF12189
PF07236	PF09231
PF07237	PF07237
PF07238	PF07238
PF07238	PF07317
PF07244	PF07244
PF07244	PF08479
PF07261	PF07261
PF07273	PF07273
PF07275	PF07275
PF07311	PF07311
PF07313	PF07313
PF07323	PF07323
PF07336	PF11706
PF07338	PF07338
PF07348	PF07348
PF07361	PF07361
PF07362	PF07362
PF07366	PF07366
PF07367	PF07367
PF07385	PF07385
PF07396	PF07396
PF07408	PF07408
PF07411	PF07411
PF07412	PF07412
PF07412	PF08839
PF07419	PF07419
PF07434	PF07434
PF07447	PF07447
PF07449	PF07449
PF07451	PF07451
PF07467	PF07467
PF07468	PF07468
PF07470	PF07470
PF07471	PF07471
PF07472	PF07472
PF07474	PF07679
PF07474	PF07686
PF07475	PF07475
PF07476	PF07476
PF07477	PF07477
PF07477	PF07488
PF07478	PF07478
PF07479	PF07479
PF07488	PF07488
PF07491	PF08241
PF07493	PF07942
PF07497	PF07497
PF07497	PF07498
PF07498	PF07498
PF07499	PF07499
PF07514	PF07515
PF07516	PF07516
PF07516	PF07517
PF07517	PF07517
PF07521	PF07521
PF07521	PF10996
PF07527	PF07527
PF07537	PF07537
PF07544	PF07544
PF07544	PF08633
PF07555	PF07555
PF07563	PF07563
PF07565	PF07565
PF07566	PF07566
PF07575	PF07575
PF07576	PF07576
PF07582	PF07582
PF07615	PF07615
PF07645	PF07645
PF07645	PF07653
PF07645	PF09064
PF07647	PF07647
PF07648	PF07648
PF07651	PF07651
PF07651	PF07942
PF07652	PF07652
PF07653	PF07653
PF07654	PF07654
PF07654	PF07686
PF07654	PF09199
PF07654	PF09291
PF07654	PF09294
PF07654	PF09700
PF07664	PF07664
PF07664	PF07670
PF07670	PF07670
PF07675	PF07675
PF07676	PF07676
PF07677	PF07677
PF07677	PF07678
PF07677	PF10569
PF07677	PF11546
PF07678	PF07678
PF07678	PF10569
PF07678	PF12199
PF07679	PF07679
PF07679	PF07686
PF07679	PF08205
PF07679	PF09470
PF07682	PF07682
PF07684	PF07684
PF07684	PF07686
PF07686	PF07686
PF07686	PF07703
PF07686	PF07885
PF07686	PF07951
PF07686	PF07953
PF07686	PF08204
PF07686	PF08205
PF07686	PF08932
PF07686	PF09067
PF07686	PF09245
PF07686	PF09256
PF07686	PF09281
PF07686	PF09291
PF07686	PF09294
PF07686	PF09408
PF07686	PF09700
PF07686	PF11465
PF07686	PF11612
PF07687	PF07687
PF07688	PF07688
PF07689	PF07689
PF07690	PF07690
PF07690	PF07732
PF07696	PF07696
PF07700	PF07700
PF07701	PF07701
PF07702	PF07702
PF07702	PF12143
PF07703	PF07703
PF07703	PF11546
PF07710	PF07710
PF07714	PF07714
PF07714	PF08947
PF07714	PF11555
PF07714	PF11592
PF07716	PF07716
PF07716	PF08591
PF07718	PF08698
PF07720	PF07720
PF07722	PF07722
PF07724	PF07724
PF07724	PF10431
PF07729	PF07729
PF07730	PF07730
PF07731	PF07731
PF07731	PF07732
PF07731	PF08390
PF07732	PF07732
PF07732	PF08390
PF07733	PF07733
PF07736	PF07736
PF07737	PF09156
PF07738	PF08271
PF07742	PF07742
PF07743	PF07743
PF07745	PF07745
PF07748	PF07748
PF07748	PF09261
PF07749	PF07912
PF07755	PF07755
PF07764	PF07764
PF07767	PF08743
PF07776	PF10374
PF07804	PF07805
PF07809	PF07809
PF07823	PF07823
PF07824	PF07824
PF07825	PF07825
PF07826	PF07826
PF07827	PF07827
PF07828	PF07828
PF07832	PF07832
PF07833	PF07833
PF07834	PF07834
PF07836	PF09290
PF07840	PF07840
PF07848	PF08223
PF07858	PF07858
PF07859	PF07859
PF07859	PF12041
PF07873	PF07873
PF07876	PF07876
PF07880	PF07880
PF07880	PF09215
PF07881	PF07881
PF07881	PF07882
PF07882	PF07882
PF07883	PF07883
PF07885	PF07885
PF07908	PF07969
PF07912	PF07912
PF07921	PF07921
PF07929	PF07929
PF07930	PF07932
PF07938	PF07938
PF07943	PF07943
PF07951	PF07952
PF07951	PF07953
PF07952	PF07953
PF07962	PF08614
PF07963	PF07963
PF07965	PF07974
PF07965	PF08441
PF07968	PF07968
PF07968	PF12563
PF07969	PF07969
PF07971	PF07971
PF07973	PF07973
PF07974	PF08441
PF07975	PF07975
PF07976	PF07976
PF07977	PF07977
PF07977	PF08240
PF07978	PF07978
PF07980	PF07980
PF07983	PF08282
PF07991	PF07991
PF07992	PF07992
PF07992	PF08654
PF07992	PF09242
PF07994	PF07994
PF07995	PF07995
PF07997	PF07997
PF08000	PF08000
PF08000	PF11724
PF08002	PF08002
PF08005	PF08005
PF08007	PF08007
PF08007	PF08778
PF08013	PF08013
PF08022	PF08271
PF08028	PF08028
PF08030	PF08030
PF08033	PF11549
PF08060	PF08060
PF08068	PF08068
PF08068	PF08156
PF08113	PF09125
PF08123	PF08123
PF08125	PF08125
PF08148	PF08148
PF08171	PF08662
PF08191	PF08191
PF08202	PF08641
PF08203	PF08208
PF08204	PF08204
PF08205	PF08205
PF08207	PF08207
PF08207	PF09285
PF08209	PF08209
PF08209	PF10163
PF08210	PF08210
PF08212	PF08212
PF08222	PF08222
PF08228	PF08241
PF08234	PF08286
PF08238	PF08238
PF08240	PF08240
PF08240	PF08477
PF08240	PF08542
PF08240	PF08654
PF08241	PF08241
PF08241	PF08242
PF08242	PF08242
PF08242	PF08421
PF08242	PF08484
PF08244	PF08244
PF08244	PF09219
PF08245	PF08245
PF08246	PF08246
PF08264	PF09334
PF08264	PF10458
PF08267	PF08267
PF08271	PF08537
PF08271	PF08637
PF08271	PF08987
PF08272	PF08272
PF08275	PF08275
PF08275	PF10410
PF08278	PF08278
PF08279	PF08279
PF08281	PF08281
PF08282	PF08282
PF08287	PF08649
PF08287	PF08651
PF08287	PF08653
PF08287	PF08654
PF08287	PF08655
PF08287	PF08657
PF08293	PF09243
PF08294	PF08567
PF08300	PF08300
PF08300	PF08301
PF08301	PF08301
PF08305	PF08305
PF08306	PF08307
PF08311	PF08311
PF08314	PF11989
PF08323	PF08323
PF08324	PF08324
PF08327	PF08327
PF08332	PF08332
PF08334	PF08334
PF08337	PF08337
PF08341	PF08341
PF08359	PF08359
PF08360	PF08360
PF08361	PF08361
PF08362	PF08362
PF08363	PF08363
PF08389	PF08389
PF08389	PF08767
PF08390	PF08390
PF08391	PF08391
PF08397	PF08397
PF08402	PF08402
PF08411	PF08411
PF08418	PF08996
PF08421	PF08484
PF08423	PF08423
PF08423	PF08477
PF08423	PF08704
PF08433	PF08433
PF08435	PF08435
PF08436	PF08436
PF08438	PF08438
PF08439	PF08439
PF08441	PF08441
PF08443	PF08443
PF08445	PF08445
PF08447	PF08447
PF08448	PF08448
PF08450	PF08450
PF08459	PF08459
PF08460	PF08460
PF08477	PF08477
PF08477	PF08544
PF08477	PF08577
PF08477	PF08597
PF08477	PF08790
PF08490	PF08490
PF08501	PF08501
PF08502	PF08502
PF08503	PF08503
PF08505	PF08613
PF08513	PF08513
PF08516	PF08516
PF08517	PF08517
PF08519	PF08542
PF08519	PF10424
PF08526	PF08527
PF08530	PF08530
PF08530	PF09168
PF08532	PF08533
PF08534	PF08534
PF08534	PF11412
PF08536	PF08536
PF08538	PF08538
PF08540	PF08540
PF08541	PF08541
PF08541	PF08545
PF08542	PF08542
PF08542	PF10424
PF08543	PF08543
PF08544	PF08544
PF08544	PF10509
PF08545	PF08545
PF08546	PF08546
PF08558	PF08558
PF08562	PF08562
PF08564	PF08565
PF08567	PF11521
PF08567	PF12149
PF08568	PF08601
PF08569	PF08569
PF08581	PF08642
PF08587	PF10140
PF08597	PF08597
PF08598	PF08642
PF08601	PF08601
PF08602	PF08624
PF08603	PF08603
PF08605	PF08605
PF08607	PF09302
PF08612	PF08612
PF08612	PF09637
PF08613	PF08613
PF08614	PF08614
PF08615	PF09468
PF08617	PF08617
PF08617	PF08738
PF08645	PF08645
PF08646	PF08661
PF08646	PF08784
PF08649	PF08651
PF08649	PF08653
PF08649	PF08654
PF08649	PF08655
PF08649	PF08657
PF08651	PF08654
PF08651	PF08655
PF08651	PF08657
PF08653	PF08654
PF08653	PF08655
PF08653	PF08657
PF08654	PF08655
PF08655	PF08657
PF08661	PF08661
PF08661	PF08784
PF08662	PF08662
PF08666	PF08666
PF08668	PF08668
PF08671	PF08671
PF08672	PF08672
PF08673	PF08673
PF08674	PF08674
PF08676	PF08676
PF08677	PF08677
PF08678	PF08678
PF08679	PF08679
PF08681	PF08681
PF08682	PF08682
PF08694	PF08694
PF08702	PF08702
PF08703	PF08703
PF08704	PF08704
PF08709	PF08709
PF08710	PF08710
PF08710	PF08717
PF08713	PF08713
PF08714	PF08714
PF08715	PF08715
PF08716	PF08716
PF08716	PF08717
PF08717	PF08717
PF08718	PF08718
PF08720	PF08720
PF08721	PF08722
PF08722	PF08722
PF08722	PF11426
PF08723	PF08723
PF08724	PF08724
PF08726	PF09042
PF08727	PF08727
PF08751	PF08751
PF08753	PF08753
PF08755	PF08755
PF08761	PF08761
PF08764	PF08764
PF08767	PF08767
PF08768	PF08768
PF08769	PF08769
PF08770	PF08770
PF08775	PF08775
PF08780	PF08780
PF08781	PF08934
PF08782	PF08782
PF08786	PF08786
PF08787	PF08787
PF08788	PF08788
PF08790	PF09302
PF08794	PF08794
PF08796	PF08796
PF08797	PF08797
PF08803	PF08803
PF08804	PF08804
PF08805	PF08805
PF08807	PF08807
PF08810	PF08810
PF08814	PF08814
PF08815	PF09030
PF08815	PF11707
PF08816	PF08816
PF08817	PF08817
PF08818	PF08818
PF08825	PF08825
PF08825	PF10585
PF08826	PF08826
PF08828	PF08828
PF08831	PF08831
PF08840	PF08840
PF08841	PF08841
PF08848	PF08848
PF08849	PF08849
PF08851	PF08851
PF08854	PF08854
PF08857	PF08857
PF08858	PF08864
PF08860	PF08860
PF08864	PF08864
PF08868	PF08868
PF08869	PF08869
PF08881	PF08881
PF08883	PF08883
PF08888	PF08888
PF08903	PF08903
PF08912	PF08912
PF08915	PF08915
PF08916	PF08916
PF08918	PF08918
PF08921	PF08921
PF08925	PF08925
PF08931	PF08931
PF08931	PF08932
PF08932	PF08932
PF08933	PF08933
PF08936	PF08936
PF08939	PF08939
PF08941	PF08941
PF08942	PF08942
PF08946	PF08946
PF08948	PF09018
PF08949	PF08949
PF08951	PF08951
PF08953	PF08954
PF08955	PF08977
PF08956	PF08956
PF08960	PF08960
PF08963	PF08963
PF08964	PF08964
PF08965	PF08965
PF08969	PF08969
PF08970	PF08970
PF08974	PF08974
PF08976	PF08976
PF08978	PF08978
PF08981	PF08981
PF08982	PF08982
PF08985	PF08985
PF08988	PF08988
PF08988	PF09477
PF08990	PF08990
PF08992	PF09098
PF08992	PF09100
PF08993	PF08994
PF08998	PF08998
PF09001	PF09001
PF09003	PF09003
PF09006	PF09006
PF09007	PF09380
PF09008	PF09008
PF09008	PF09251
PF09009	PF09009
PF09009	PF09101
PF09009	PF09102
PF09010	PF09010
PF09015	PF09015
PF09017	PF09017
PF09018	PF09018
PF09018	PF09300
PF09018	PF09301
PF09019	PF09019
PF09019	PF09217
PF09020	PF09020
PF09021	PF09021
PF09023	PF09023
PF09024	PF09024
PF09026	PF09026
PF09028	PF09028
PF09030	PF10401
PF09030	PF11707
PF09032	PF09032
PF09036	PF09036
PF09037	PF09037
PF09038	PF09038
PF09043	PF09043
PF09044	PF09044
PF09045	PF09045
PF09045	PF09060
PF09048	PF09048
PF09049	PF09050
PF09049	PF09051
PF09050	PF09051
PF09054	PF09054
PF09055	PF09055
PF09057	PF09057
PF09058	PF09058
PF09059	PF09059
PF09060	PF09060
PF09061	PF09062
PF09063	PF09063
PF09067	PF09067
PF09068	PF09069
PF09086	PF09086
PF09087	PF09087
PF09088	PF09090
PF09089	PF09089
PF09090	PF09090
PF09092	PF09093
PF09094	PF09095
PF09096	PF09097
PF09098	PF09100
PF09099	PF09100
PF09101	PF09102
PF09103	PF09169
PF09104	PF09121
PF09105	PF09106
PF09108	PF09109
PF09109	PF09109
PF09110	PF09110
PF09112	PF09113
PF09114	PF09114
PF09115	PF09115
PF09115	PF12169
PF09119	PF09119
PF09123	PF09123
PF09126	PF09126
PF09129	PF09129
PF09130	PF09130
PF09136	PF09985
PF09141	PF09141
PF09144	PF09144
PF09147	PF09147
PF09150	PF09150
PF09156	PF09156
PF09158	PF09158
PF09159	PF09159
PF09160	PF09160
PF09164	PF09164
PF09171	PF09171
PF09172	PF09172
PF09172	PF09175
PF09176	PF09176
PF09177	PF09177
PF09179	PF11734
PF09182	PF09182
PF09192	PF09192
PF09194	PF09194
PF09195	PF09195
PF09199	PF09199
PF09200	PF09200
PF09201	PF09439
PF09203	PF09203
PF09204	PF11429
PF09208	PF09208
PF09209	PF09209
PF09211	PF09211
PF09212	PF09212
PF09213	PF09213
PF09214	PF09214
PF09215	PF09215
PF09217	PF09217
PF09218	PF09218
PF09220	PF09220
PF09221	PF09221
PF09222	PF09222
PF09224	PF09224
PF09225	PF09225
PF09226	PF09226
PF09228	PF09228
PF09229	PF09229
PF09231	PF09231
PF09232	PF09232
PF09233	PF09233
PF09239	PF09239
PF09245	PF09245
PF09249	PF09249
PF09252	PF09252
PF09254	PF09254
PF09255	PF09255
PF09256	PF09256
PF09258	PF09258
PF09259	PF09259
PF09261	PF09261
PF09262	PF09263
PF09264	PF09264
PF09270	PF09271
PF09271	PF09596
PF09271	PF11498
PF09273	PF09273
PF09274	PF09274
PF09275	PF09275
PF09275	PF09276
PF09277	PF09277
PF09278	PF09278
PF09285	PF09285
PF09291	PF09291
PF09291	PF09700
PF09294	PF09294
PF09295	PF09295
PF09296	PF09297
PF09300	PF09301
PF09301	PF09301
PF09302	PF09302
PF09304	PF09304
PF09308	PF09308
PF09311	PF09311
PF09313	PF09313
PF09334	PF09334
PF09339	PF09339
PF09341	PF09341
PF09346	PF09346
PF09347	PF09347
PF09349	PF09349
PF09351	PF09351
PF09358	PF10585
PF09359	PF09359
PF09360	PF09360
PF09363	PF09364
PF09370	PF09370
PF09374	PF09374
PF09375	PF09375
PF09379	PF09379
PF09379	PF09380
PF09380	PF09380
PF09381	PF09381
PF09383	PF09383
PF09385	PF09385
PF09386	PF09386
PF09387	PF09387
PF09388	PF09388
PF09392	PF09392
PF09394	PF09394
PF09396	PF09396
PF09397	PF09397
PF09398	PF09398
PF09399	PF09399
PF09401	PF09401
PF09403	PF09403
PF09404	PF09404
PF09405	PF09405
PF09408	PF09408
PF09411	PF09411
PF09412	PF09412
PF09414	PF09414
PF09416	PF09416
PF09439	PF09439
PF09442	PF09442
PF09445	PF09445
PF09448	PF09448
PF09449	PF09449
PF09452	PF09454
PF09454	PF09454
PF09455	PF09455
PF09457	PF09457
PF09458	PF09458
PF09460	PF09460
PF09466	PF09466
PF09467	PF09467
PF09468	PF09468
PF09480	PF09480
PF09488	PF09488
PF09492	PF09492
PF09500	PF09500
PF09508	PF09508
PF09511	PF09511
PF09518	PF09518
PF09522	PF09522
PF09585	PF09585
PF09588	PF09588
PF09625	PF09625
PF09627	PF09627
PF09628	PF09628
PF09632	PF09632
PF09633	PF09633
PF09637	PF09637
PF09638	PF09638
PF09642	PF09642
PF09643	PF09643
PF09644	PF09644
PF09646	PF09646
PF09648	PF09648
PF09668	PF09668
PF09701	PF09701
PF09719	PF09719
PF09754	PF09754
PF09765	PF11793
PF09770	PF09770
PF09806	PF09806
PF09817	PF09817
PF09832	PF09832
PF09864	PF09864
PF09891	PF09891
PF09897	PF09897
PF09904	PF09904
PF09924	PF09924
PF09982	PF09982
PF10000	PF10000
PF10035	PF10035
PF10054	PF10054
PF10061	PF10061
PF10091	PF10091
PF10103	PF10103
PF10120	PF10120
PF10140	PF10140
PF10150	PF10150
PF10163	PF10163
PF10163	PF12209
PF10178	PF10178
PF10185	PF10185
PF10208	PF10208
PF10258	PF10258
PF10262	PF10262
PF10282	PF10282
PF10284	PF10285
PF10331	PF10331
PF10369	PF10369
PF10374	PF10374
PF10386	PF10386
PF10388	PF10388
PF10391	PF10391
PF10393	PF10393
PF10396	PF10396
PF10398	PF10398
PF10401	PF11707
PF10403	PF10404
PF10404	PF10405
PF10410	PF10410
PF10411	PF10411
PF10412	PF10412
PF10413	PF10413
PF10416	PF10416
PF10421	PF10421
PF10423	PF10423
PF10425	PF10425
PF10429	PF10429
PF10432	PF10432
PF10437	PF10437
PF10444	PF10444
PF10444	PF12178
PF10448	PF10448
PF10456	PF10456
PF10458	PF10458
PF10467	PF10467
PF10502	PF10502
PF10512	PF10512
PF10527	PF10527
PF10527	PF10535
PF10531	PF10531
PF10563	PF10563
PF10564	PF10564
PF10566	PF10566
PF10569	PF10569
PF10584	PF10584
PF10584	PF11919
PF10585	PF11976
PF10588	PF10589
PF10588	PF11497
PF10591	PF11601
PF10604	PF10604
PF10609	PF10609
PF10633	PF10633
PF10634	PF10634
PF10635	PF10635
PF10636	PF10636
PF10637	PF10637
PF10643	PF10643
PF10659	PF10659
PF10672	PF10672
PF10674	PF10674
PF10683	PF10683
PF10692	PF10692
PF10723	PF10723
PF10727	PF10728
PF10728	PF10728
PF10740	PF10740
PF10763	PF10763
PF10771	PF10771
PF10778	PF10778
PF10784	PF10784
PF10798	PF10798
PF10938	PF10938
PF10980	PF10980
PF10988	PF10988
PF10996	PF10996
PF11015	PF11015
PF11099	PF11099
PF11102	PF11102
PF11155	PF11155
PF11217	PF11217
PF11221	PF11221
PF11260	PF11260
PF11302	PF11302
PF11396	PF11396
PF11401	PF11401
PF11407	PF11407
PF11412	PF11412
PF11417	PF11417
PF11418	PF11418
PF11422	PF11422
PF11423	PF11423
PF11424	PF11424
PF11435	PF11435
PF11440	PF11440
PF11451	PF11451
PF11463	PF11463
PF11465	PF11465
PF11467	PF11467
PF11469	PF11469
PF11471	PF11471
PF11473	PF11473
PF11474	PF11474
PF11477	PF11477
PF11479	PF11479
PF11480	PF12106
PF11482	PF11482
PF11483	PF11483
PF11486	PF11486
PF11487	PF11487
PF11496	PF11496
PF11499	PF11499
PF11505	PF11505
PF11506	PF11506
PF11507	PF11507
PF11508	PF11508
PF11509	PF11509
PF11517	PF11517
PF11519	PF11519
PF11524	PF11524
PF11528	PF11528
PF11530	PF11530
PF11531	PF11531
PF11533	PF11533
PF11534	PF11534
PF11536	PF11536
PF11537	PF11537
PF11539	PF11539
PF11540	PF11540
PF11544	PF11544
PF11548	PF11548
PF11550	PF11550
PF11551	PF11551
PF11552	PF11552
PF11553	PF11553
PF11554	PF11554
PF11555	PF11555
PF11556	PF11556
PF11558	PF11558
PF11560	PF11560
PF11563	PF11563
PF11565	PF11565
PF11566	PF11566
PF11567	PF11567
PF11570	PF11570
PF11572	PF11572
PF11574	PF11574
PF11576	PF11576
PF11577	PF11577
PF11577	PF12179
PF11578	PF11578
PF11579	PF11579
PF11580	PF11580
PF11581	PF11581
PF11583	PF11583
PF11584	PF11584
PF11588	PF11588
PF11589	PF11589
PF11598	PF11598
PF11602	PF11602
PF11605	PF11605
PF11606	PF11606
PF11607	PF11607
PF11609	PF11609
PF11611	PF11611
PF11612	PF11612
PF11615	PF11615
PF11619	PF11619
PF11623	PF11623
PF11624	PF11624
PF11628	PF11628
PF11629	PF11629
PF11639	PF11639
PF11642	PF11642
PF11644	PF11644
PF11645	PF11645
PF11648	PF11648
PF11651	PF11651
PF11699	PF11699
PF11713	PF11713
PF11716	PF11716
PF11717	PF11717
PF11723	PF11723
PF11724	PF11724
PF11728	PF11728
PF11760	PF11760
PF11794	PF11794
PF11798	PF11799
PF11799	PF11799
PF11890	PF11890
PF11895	PF11895
PF11953	PF11953
PF11962	PF11962
PF11964	PF11964
PF11969	PF11969
PF11975	PF11975
PF11976	PF12185
PF11978	PF11978
PF11991	PF11991
PF12002	PF12002
PF12007	PF12007
PF12008	PF12008
PF12019	PF12019
PF12050	PF12050
PF12058	PF12058
PF12103	PF12103
PF12110	PF12110
PF12125	PF12125
PF12134	PF12134
PF12150	PF12150
PF12151	PF12151
PF12163	PF12163
PF12164	PF12164
PF12169	PF12169
PF12175	PF12175
PF12176	PF12176
PF12180	PF12180
PF12183	PF12183
PF12186	PF12186
PF12187	PF12187
PF12192	PF12192
PF12195	PF12217
PF12199	PF12199
PF12203	PF12203
PF12204	PF12204
PF12207	PF12207
PF12208	PF12208
PF12211	PF12211
PF12217	PF12217
PF12217	PF12218
PF12217	PF12219
PF12218	PF12218
PF12218	PF12219
PF12219	PF12219
PF12229	PF12229
PF12324	PF12324
PF12327	PF12327
PF12391	PF12391
PF12408	PF12408
PF12464	PF12464
PF12539	PF12539
PF12544	PF12544
PF12563	PF12563
PF12580	PF12583
