PF00001	PF00001
PF00001	PF00048
PF00001	PF00069
PF00001	PF00085
PF00001	PF00159
PF00001	PF00254
PF00001	PF00322
PF00001	PF00339
PF00001	PF00400
PF00001	PF00503
PF00001	PF00516
PF00001	PF00959
PF00001	PF00976
PF00001	PF01296
PF00001	PF01821
PF00001	PF02044
PF00001	PF02070
PF00001	PF02202
PF00001	PF02752
PF00001	PF03002
PF00001	PF04644
PF00001	PF05824
PF00001	PF07361
PF00001	PF07686
PF00001	PF08035
PF00001	PF10413
PF00001	PF11109
PF00001	PF13088
PF00001	PF13306
PF00001	PF13692
PF00001	PF15040
PF00001	PF15171
PF00001	PF15172
PF00001	PF15183
PF00001	PF15360
PF00001	PF21947
PF00001	PF22050
PF00002	PF00002
PF00002	PF00123
PF00002	PF00214
PF00002	PF00301
PF00002	PF00400
PF00002	PF00473
PF00002	PF00503
PF00002	PF00959
PF00002	PF01279
PF00002	PF02793
PF00002	PF04901
PF00002	PF07361
PF00002	PF07686
PF00002	PF13692
PF00002	PF14980
PF00003	PF00003
PF00003	PF00258
PF00003	PF00503
PF00003	PF00959
PF00003	PF07361
PF00003	PF07562
PF00003	PF07686
PF00003	PF18148
PF00004	PF00004
PF00004	PF00101
PF00004	PF00227
PF00004	PF00240
PF00004	PF00439
PF00004	PF00705
PF00004	PF01078
PF00004	PF01434
PF00004	PF02144
PF00004	PF02301
PF00004	PF02359
PF00004	PF02747
PF00004	PF02788
PF00004	PF02861
PF00004	PF02916
PF00004	PF02933
PF00004	PF03215
PF00004	PF04084
PF00004	PF04139
PF00004	PF05020
PF00004	PF05021
PF00004	PF05362
PF00004	PF05695
PF00004	PF06581
PF00004	PF07034
PF00004	PF07724
PF00004	PF08519
PF00004	PF08542
PF00004	PF08740
PF00004	PF09079
PF00004	PF09116
PF00004	PF09336
PF00004	PF10294
PF00004	PF10431
PF00004	PF10584
PF00004	PF10602
PF00004	PF13177
PF00004	PF13191
PF00004	PF13401
PF00004	PF14629
PF00004	PF16193
PF00004	PF16450
PF00004	PF16790
PF00004	PF17862
PF00004	PF17863
PF00004	PF17866
PF00004	PF17871
PF00004	PF17872
PF00004	PF18137
PF00004	PF18138
PF00004	PF21228
PF00004	PF21236
PF00004	PF21328
PF00004	PF21429
PF00004	PF21960
PF00004	PF21964
PF00004	PF22107
PF00004	PF22241
PF00004	PF22606
PF00004	PF22667
PF00005	PF00005
PF00005	PF00069
PF00005	PF00281
PF00005	PF00358
PF00005	PF00528
PF00005	PF00543
PF00005	PF00664
PF00005	PF00687
PF00005	PF00781
PF00005	PF00950
PF00005	PF01032
PF00005	PF01061
PF00005	PF01458
PF00005	PF01578
PF00005	PF02361
PF00005	PF02405
PF00005	PF02687
PF00005	PF03379
PF00005	PF03412
PF00005	PF03459
PF00005	PF03739
PF00005	PF06007
PF00005	PF06422
PF00005	PF06472
PF00005	PF07686
PF00005	PF08352
PF00005	PF08402
PF00005	PF12399
PF00005	PF12679
PF00005	PF12698
PF00005	PF12822
PF00005	PF12848
PF00005	PF12911
PF00005	PF13466
PF00005	PF14396
PF00005	PF14510
PF00005	PF17777
PF00005	PF17947
PF00005	PF19055
PF00006	PF00006
PF00006	PF00231
PF00006	PF00306
PF00006	PF00401
PF00006	PF00430
PF00006	PF00575
PF00006	PF01813
PF00006	PF01991
PF00006	PF02823
PF00006	PF02874
PF00006	PF04568
PF00006	PF05511
PF00006	PF05873
PF00006	PF07455
PF00006	PF07497
PF00006	PF16886
PF00006	PF18269
PF00006	PF22246
PF00006	PF22919
PF00007	PF00007
PF00007	PF00236
PF00007	PF01392
PF00007	PF03045
PF00007	PF07686
PF00007	PF13306
PF00007	PF13855
PF00008	PF00008
PF00008	PF00039
PF00008	PF00059
PF00008	PF00084
PF00008	PF00089
PF00008	PF00594
PF00008	PF00757
PF00008	PF01030
PF00008	PF01108
PF00008	PF01324
PF00008	PF01501
PF00008	PF02210
PF00008	PF03098
PF00008	PF05118
PF00008	PF05686
PF00008	PF07645
PF00008	PF07686
PF00008	PF09294
PF00008	PF10250
PF00008	PF11581
PF00008	PF12661
PF00008	PF13181
PF00008	PF13432
PF00008	PF14670
PF00008	PF21700
PF00009	PF00009
PF00009	PF00347
PF00009	PF00679
PF00009	PF00736
PF00009	PF00889
PF00009	PF01323
PF00009	PF01423
PF00009	PF01507
PF00009	PF01873
PF00009	PF01926
PF00009	PF03143
PF00009	PF03144
PF00009	PF03431
PF00009	PF03463
PF00009	PF03464
PF00009	PF03764
PF00009	PF06421
PF00009	PF08083
PF00009	PF09173
PF00009	PF11987
PF00009	PF13640
PF00009	PF14492
PF00009	PF14714
PF00009	PF15538
PF00009	PF16004
PF00009	PF16658
PF00009	PF17777
PF00009	PF21208
PF00009	PF21440
PF00009	PF21920
PF00009	PF21921
PF00009	PF22042
PF00009	PF22594
PF00010	PF00010
PF00010	PF00046
PF00010	PF00125
PF00010	PF00412
PF00010	PF00989
PF00010	PF02344
PF00010	PF05238
PF00011	PF00011
PF00011	PF00244
PF00011	PF00525
PF00011	PF00630
PF00011	PF20894
PF00012	PF00012
PF00012	PF00183
PF00012	PF00226
PF00012	PF01025
PF00012	PF02044
PF00012	PF02179
PF00012	PF02661
PF00012	PF10208
PF00012	PF12895
PF00012	PF13181
PF00012	PF13414
PF00012	PF13424
PF00012	PF13589
PF00012	PF16782
PF00013	PF00013
PF00013	PF00575
PF00013	PF01138
PF00013	PF03725
PF00013	PF07541
PF00013	PF16274
PF00013	PF16544
PF00013	PF21266
PF00014	PF00014
PF00014	PF00068
PF00014	PF00089
PF00014	PF00246
PF00014	PF00520
PF00014	PF00858
PF00014	PF00949
PF00014	PF01002
PF00014	PF07502
PF00014	PF07686
PF00014	PF12920
PF00014	PF22352
PF00015	PF00015
PF00015	PF01584
PF00016	PF00016
PF00016	PF00101
PF00016	PF00118
PF00016	PF02788
PF00016	PF18087
PF00016	PF18578
PF00016	PF18579
PF00017	PF00017
PF00017	PF00018
PF00017	PF00041
PF00017	PF00102
PF00017	PF00130
PF00017	PF00168
PF00017	PF00454
PF00017	PF00469
PF00017	PF00613
PF00017	PF00792
PF00017	PF00794
PF00017	PF03931
PF00017	PF07020
PF00017	PF07525
PF00017	PF07653
PF00017	PF07714
PF00017	PF13855
PF00017	PF15347
PF00017	PF16454
PF00017	PF17901
PF00017	PF21354
PF00018	PF00018
PF00018	PF00026
PF00018	PF00089
PF00018	PF00168
PF00018	PF00169
PF00018	PF00240
PF00018	PF00339
PF00018	PF00469
PF00018	PF00564
PF00018	PF00620
PF00018	PF00621
PF00018	PF00625
PF00018	PF00870
PF00018	PF01596
PF00018	PF02294
PF00018	PF02752
PF00018	PF07653
PF00018	PF07714
PF00018	PF08944
PF00018	PF12796
PF00018	PF16621
PF00018	PF22697
PF00019	PF00019
PF00019	PF00041
PF00019	PF00100
PF00019	PF00688
PF00019	PF01064
PF00019	PF02351
PF00019	PF03045
PF00019	PF05806
PF00019	PF06534
PF00019	PF06535
PF00019	PF07648
PF00019	PF07654
PF00019	PF07686
PF00019	PF08917
PF00019	PF13306
PF00019	PF13855
PF00019	PF21333
PF00019	PF22540
PF00020	PF00020
PF00020	PF00229
PF00020	PF00243
PF00020	PF07654
PF00020	PF07686
PF00020	PF12796
PF00020	PF12925
PF00020	PF13927
PF00020	PF16758
PF00021	PF00021
PF00021	PF00051
PF00021	PF01033
PF00021	PF01289
PF00021	PF01477
PF00021	PF07686
PF00021	PF17440
PF00022	PF00022
PF00022	PF00059
PF00022	PF00063
PF00022	PF00069
PF00022	PF00118
PF00022	PF00149
PF00022	PF00176
PF00022	PF00235
PF00022	PF00241
PF00022	PF00261
PF00022	PF00273
PF00022	PF00307
PF00022	PF00400
PF00022	PF00583
PF00022	PF00620
PF00022	PF00626
PF00022	PF00992
PF00022	PF01044
PF00022	PF01115
PF00022	PF01267
PF00022	PF01290
PF00022	PF02114
PF00022	PF02181
PF00022	PF02205
PF00022	PF02209
PF00022	PF02755
PF00022	PF03250
PF00022	PF03372
PF00022	PF03496
PF00022	PF03497
PF00022	PF03915
PF00022	PF04045
PF00022	PF04062
PF00022	PF04699
PF00022	PF04908
PF00022	PF04912
PF00022	PF05499
PF00022	PF05502
PF00022	PF05856
PF00022	PF06068
PF00022	PF07529
PF00022	PF07679
PF00022	PF07686
PF00022	PF08193
PF00022	PF08265
PF00022	PF08385
PF00022	PF08603
PF00022	PF09164
PF00022	PF09510
PF00022	PF09632
PF00022	PF10488
PF00022	PF10574
PF00022	PF12554
PF00022	PF13499
PF00022	PF13892
PF00022	PF16182
PF00022	PF16282
PF00022	PF18362
PF00022	PF19340
PF00022	PF20792
PF00022	PF21609
PF00022	PF21938
PF00022	PF22163
PF00023	PF00023
PF00023	PF00062
PF00023	PF00069
PF00023	PF00071
PF00023	PF00091
PF00023	PF00452
PF00023	PF00541
PF00023	PF00656
PF00023	PF00856
PF00023	PF00873
PF00023	PF00909
PF00023	PF01353
PF00023	PF01547
PF00023	PF02148
PF00023	PF02216
PF00023	PF07565
PF00023	PF07647
PF00023	PF07654
PF00023	PF07679
PF00023	PF07686
PF00023	PF07710
PF00023	PF08344
PF00023	PF08931
PF00023	PF09067
PF00023	PF09596
PF00023	PF12796
PF00023	PF13354
PF00023	PF13380
PF00023	PF13426
PF00023	PF13606
PF00023	PF13621
PF00023	PF13637
PF00023	PF13857
PF00023	PF17862
PF00023	PF19056
PF00023	PF20144
PF00024	PF00024
PF00024	PF00051
PF00024	PF00089
PF00024	PF13964
PF00024	PF14295
PF00025	PF00025
PF00025	PF00169
PF00025	PF00400
PF00025	PF00571
PF00025	PF00626
PF00025	PF00928
PF00025	PF01369
PF00025	PF01375
PF00025	PF01412
PF00025	PF01465
PF00025	PF01602
PF00025	PF02759
PF00025	PF03259
PF00025	PF03543
PF00025	PF04810
PF00025	PF04811
PF00025	PF04815
PF00025	PF05351
PF00025	PF06456
PF00025	PF06872
PF00025	PF07986
PF00025	PF11527
PF00025	PF11549
PF00025	PF12294
PF00025	PF12796
PF00025	PF14779
PF00025	PF16213
PF00025	PF16453
PF00025	PF16471
PF00025	PF16540
PF00025	PF16893
PF00025	PF18308
PF00026	PF00026
PF00026	PF00079
PF00026	PF06394
PF00026	PF07686
PF00026	PF07966
PF00026	PF10466
PF00027	PF00027
PF00027	PF00069
PF00027	PF00325
PF00027	PF00520
PF00027	PF00562
PF00027	PF00563
PF00027	PF00618
PF00027	PF01353
PF00027	PF03118
PF00027	PF04545
PF00027	PF08412
PF00027	PF12058
PF00027	PF12796
PF00027	PF13302
PF00027	PF13426
PF00027	PF13545
PF00027	PF16526
PF00027	PF19307
PF00028	PF00028
PF00028	PF00059
PF00028	PF00541
PF00028	PF02351
PF00028	PF05588
PF00028	PF07686
PF00028	PF08266
PF00028	PF12799
PF00028	PF17756
PF00028	PF17812
PF00028	PF17813
PF00028	PF17993
PF00028	PF18432
PF00029	PF00029
PF00030	PF00030
PF00031	PF00031
PF00031	PF00112
PF00031	PF00509
PF00031	PF01353
PF00031	PF01400
PF00031	PF01650
PF00031	PF22486
PF00032	PF00032
PF00032	PF00033
PF00032	PF00355
PF00032	PF02167
PF00032	PF02271
PF00032	PF02529
PF00032	PF02939
PF00032	PF10890
PF00032	PF11061
PF00032	PF11493
PF00032	PF16639
PF00033	PF00033
PF00033	PF00355
PF00033	PF02167
PF00033	PF02271
PF00033	PF02529
PF00033	PF02921
PF00033	PF02939
PF00033	PF03742
PF00033	PF09796
PF00033	PF10399
PF00033	PF16639
PF00034	PF00034
PF00034	PF00111
PF00034	PF00115
PF00034	PF00116
PF00034	PF00141
PF00034	PF00223
PF00034	PF00355
PF00034	PF00384
PF00034	PF00400
PF00034	PF00510
PF00034	PF02167
PF00034	PF03150
PF00034	PF07686
PF00034	PF07992
PF00034	PF09242
PF00034	PF12318
PF00034	PF13237
PF00034	PF13370
PF00034	PF13442
PF00034	PF13447
PF00034	PF18465
PF00034	PF19297
PF00034	PF21342
PF00035	PF00035
PF00035	PF00271
PF00035	PF00572
PF00035	PF00636
PF00035	PF02137
PF00035	PF02170
PF00035	PF02295
PF00035	PF07717
PF00035	PF12824
PF00035	PF14622
PF00035	PF20931
PF00035	PF20932
PF00036	PF00036
PF00036	PF01023
PF00036	PF08030
PF00036	PF10165
PF00036	PF12796
PF00036	PF13202
PF00036	PF13405
PF00036	PF13499
PF00037	PF00037
PF00037	PF00164
PF00037	PF03465
PF00037	PF04068
PF00037	PF11953
PF00037	PF12800
PF00037	PF12838
PF00038	PF00038
PF00038	PF21924
PF00039	PF00039
PF00039	PF00040
PF00039	PF02986
PF00040	PF00040
PF00040	PF00059
PF00040	PF00413
PF00040	PF00652
PF00040	PF00878
PF00040	PF02330
PF00041	PF00041
PF00041	PF00047
PF00041	PF00049
PF00041	PF00053
PF00041	PF00055
PF00041	PF00059
PF00041	PF00061
PF00041	PF00062
PF00041	PF00069
PF00041	PF00071
PF00041	PF00079
PF00041	PF00082
PF00041	PF00091
PF00041	PF00102
PF00041	PF00103
PF00041	PF00104
PF00041	PF00147
PF00041	PF00229
PF00041	PF00240
PF00041	PF00295
PF00041	PF00307
PF00041	PF00362
PF00041	PF00400
PF00041	PF00489
PF00041	PF00553
PF00041	PF00595
PF00041	PF00621
PF00041	PF00654
PF00041	PF00704
PF00041	PF00727
PF00041	PF00757
PF00041	PF00758
PF00041	PF00782
PF00041	PF00893
PF00041	PF00937
PF00041	PF01017
PF00041	PF01030
PF00041	PF01085
PF00041	PF01109
PF00041	PF01110
PF00041	PF01404
PF00041	PF01415
PF00041	PF01547
PF00041	PF02025
PF00041	PF02059
PF00041	PF02177
PF00041	PF02262
PF00041	PF02537
PF00041	PF02761
PF00041	PF02762
PF00041	PF03487
PF00041	PF04140
PF00041	PF05790
PF00041	PF05922
PF00041	PF06328
PF00041	PF06534
PF00041	PF06535
PF00041	PF06875
PF00041	PF07645
PF00041	PF07654
PF00041	PF07679
PF00041	PF07686
PF00041	PF07714
PF00041	PF07968
PF00041	PF09067
PF00041	PF09191
PF00041	PF09238
PF00041	PF09240
PF00041	PF10420
PF00041	PF11976
PF00041	PF12327
PF00041	PF12796
PF00041	PF12924
PF00041	PF12947
PF00041	PF13927
PF00041	PF15216
PF00041	PF16531
PF00041	PF16649
PF00041	PF18447
PF00041	PF18587
PF00041	PF18589
PF00041	PF18619
PF00041	PF21365
PF00041	PF21460
PF00041	PF21549
PF00041	PF21605
PF00041	PF22215
PF00041	PF22697
PF00042	PF00042
PF00042	PF00057
PF00042	PF00089
PF00042	PF00175
PF00042	PF00530
PF00042	PF00970
PF00042	PF05031
PF00042	PF07550
PF00042	PF07686
PF00042	PF09236
PF00042	PF16915
PF00042	PF16960
PF00042	PF20861
PF00042	PF20933
PF00043	PF00043
PF00043	PF02798
PF00043	PF13409
PF00043	PF13417
PF00043	PF18485
PF00043	PF21972
PF00044	PF00044
PF00044	PF02672
PF00044	PF02800
PF00045	PF00045
PF00045	PF00413
PF00045	PF00965
PF00045	PF01471
PF00046	PF00046
PF00046	PF00157
PF00046	PF00319
PF00046	PF00907
PF00046	PF01547
PF00046	PF02376
PF00046	PF05920
PF00047	PF00047
PF00047	PF00129
PF00047	PF00143
PF00047	PF00340
PF00047	PF00341
PF00047	PF00516
PF00047	PF00629
PF00047	PF01437
PF00047	PF02404
PF00047	PF02489
PF00047	PF02947
PF00047	PF05337
PF00047	PF05790
PF00047	PF07580
PF00047	PF07654
PF00047	PF07679
PF00047	PF07686
PF00047	PF07982
PF00047	PF09199
PF00047	PF13855
PF00047	PF13895
PF00047	PF13927
PF00047	PF15036
PF00047	PF15095
PF00047	PF15097
PF00047	PF16920
PF00047	PF21339
PF00048	PF00048
PF00048	PF02250
PF00048	PF07190
PF00048	PF07686
PF00048	PF09213
PF00048	PF12109
PF00048	PF19429
PF00049	PF00049
PF00049	PF00086
PF00049	PF00219
PF00049	PF00675
PF00049	PF00757
PF00049	PF00878
PF00049	PF01030
PF00049	PF05193
PF00049	PF07679
PF00049	PF07686
PF00049	PF16187
PF00049	PF22456
PF00050	PF00050
PF00050	PF00082
PF00050	PF00089
PF00050	PF09289
PF00050	PF10591
PF00051	PF00051
PF00051	PF00073
PF00051	PF00089
PF00051	PF00431
PF00051	PF01392
PF00051	PF01403
PF00051	PF01437
PF00051	PF01822
PF00051	PF07686
PF00051	PF12107
PF00051	PF21479
PF00053	PF00053
PF00053	PF00055
PF00053	PF00058
PF00053	PF06534
PF00053	PF15550
PF00053	PF21199
PF00054	PF00054
PF00054	PF00058
PF00054	PF02210
PF00054	PF06009
PF00054	PF13895
PF00054	PF13927
PF00055	PF00055
PF00055	PF13855
PF00056	PF00056
PF00056	PF02866
PF00056	PF13432
PF00057	PF00057
PF00057	PF00058
PF00057	PF00060
PF00057	PF00073
PF00057	PF00084
PF00057	PF00089
PF00057	PF00090
PF00057	PF00431
PF00057	PF00530
PF00057	PF00943
PF00057	PF00974
PF00057	PF01122
PF00057	PF01589
PF00057	PF01823
PF00057	PF06400
PF00057	PF06401
PF00057	PF07645
PF00057	PF07686
PF00057	PF07703
PF00057	PF09014
PF00057	PF12662
PF00057	PF14670
PF00057	PF15494
PF00057	PF16915
PF00057	PF21286
PF00057	PF21471
PF00058	PF00058
PF00058	PF05463
PF00058	PF07645
PF00058	PF07679
PF00058	PF07686
PF00058	PF14670
PF00058	PF21471
PF00058	PF21479
PF00058	PF21481
PF00059	PF00059
PF00059	PF00092
PF00059	PF00129
PF00059	PF00229
PF00059	PF07648
PF00059	PF07654
PF00059	PF07686
PF00059	PF08391
PF00059	PF08516
PF00059	PF09006
PF00059	PF11668
PF00059	PF12216
PF00059	PF13855
PF00059	PF14586
PF00060	PF00060
PF00060	PF00139
PF00060	PF00431
PF00060	PF00822
PF00060	PF01094
PF00060	PF03311
PF00060	PF10613
PF00061	PF00061
PF00061	PF00341
PF00061	PF00576
PF00061	PF01823
PF00061	PF02294
PF00061	PF06446
PF00061	PF07686
PF00062	PF00062
PF00062	PF01336
PF00062	PF01462
PF00062	PF02294
PF00062	PF02709
PF00062	PF07654
PF00062	PF07686
PF00062	PF08816
PF00062	PF09864
PF00062	PF11738
PF00062	PF11921
PF00062	PF12796
PF00062	PF13577
PF00062	PF13733
PF00062	PF13739
PF00062	PF13855
PF00062	PF14604
PF00063	PF00063
PF00063	PF00261
PF00063	PF00435
PF00063	PF00612
PF00063	PF01576
PF00063	PF01843
PF00063	PF02736
PF00063	PF13405
PF00063	PF13499
PF00063	PF18597
PF00063	PF21521
PF00064	PF00064
PF00064	PF07686
PF00066	PF00066
PF00066	PF06816
PF00066	PF07684
PF00066	PF07686
PF00067	PF00067
PF00067	PF00111
PF00067	PF00258
PF00067	PF00550
PF00067	PF00668
PF00067	PF13459
PF00067	PF22290
PF00068	PF00068
PF00068	PF00858
PF00069	PF00069
PF00069	PF00071
PF00069	PF00076
PF00069	PF00096
PF00069	PF00130
PF00069	PF00134
PF00069	PF00169
PF00069	PF00183
PF00069	PF00226
PF00069	PF00240
PF00069	PF00254
PF00069	PF00433
PF00069	PF00481
PF00069	PF00498
PF00069	PF00536
PF00069	PF00539
PF00069	PF00564
PF00069	PF00575
PF00069	PF00581
PF00069	PF00615
PF00069	PF00627
PF00069	PF00653
PF00069	PF00723
PF00069	PF00782
PF00069	PF00786
PF00069	PF00814
PF00069	PF00931
PF00069	PF01111
PF00069	PF01214
PF00069	PF01335
PF00069	PF01547
PF00069	PF01847
PF00069	PF01916
PF00069	PF02026
PF00069	PF02149
PF00069	PF02197
PF00069	PF02234
PF00069	PF02827
PF00069	PF02984
PF00069	PF03130
PF00069	PF03178
PF00069	PF03226
PF00069	PF03234
PF00069	PF03261
PF00069	PF03507
PF00069	PF03874
PF00069	PF03941
PF00069	PF04272
PF00069	PF04739
PF00069	PF04934
PF00069	PF05110
PF00069	PF05147
PF00069	PF05291
PF00069	PF05350
PF00069	PF05706
PF00069	PF05729
PF00069	PF06391
PF00069	PF06479
PF00069	PF07535
PF00069	PF07679
PF00069	PF07686
PF00069	PF07714
PF00069	PF08332
PF00069	PF08515
PF00069	PF08565
PF00069	PF08569
PF00069	PF08587
PF00069	PF08596
PF00069	PF08613
PF00069	PF08617
PF00069	PF08638
PF00069	PF09041
PF00069	PF09241
PF00069	PF10433
PF00069	PF10434
PF00069	PF10534
PF00069	PF11357
PF00069	PF11610
PF00069	PF11629
PF00069	PF12202
PF00069	PF12350
PF00069	PF12796
PF00069	PF13281
PF00069	PF13405
PF00069	PF13499
PF00069	PF13516
PF00069	PF13637
PF00069	PF13646
PF00069	PF13855
PF00069	PF13857
PF00069	PF15170
PF00069	PF15342
PF00069	PF16095
PF00069	PF16517
PF00069	PF16561
PF00069	PF16579
PF00069	PF16899
PF00069	PF16918
PF00069	PF16919
PF00069	PF17776
PF00069	PF18101
PF00069	PF18296
PF00069	PF18394
PF00069	PF18396
PF00069	PF18397
PF00069	PF19039
PF00069	PF21115
PF00069	PF21122
PF00069	PF21147
PF00069	PF21594
PF00069	PF21608
PF00069	PF21797
PF00069	PF22956
PF00071	PF00071
PF00071	PF00130
PF00071	PF00149
PF00071	PF00160
PF00071	PF00169
PF00071	PF00226
PF00071	PF00373
PF00071	PF00415
PF00071	PF00454
PF00071	PF00514
PF00071	PF00566
PF00071	PF00595
PF00071	PF00616
PF00071	PF00617
PF00071	PF00618
PF00071	PF00620
PF00071	PF00621
PF00071	PF00638
PF00071	PF00641
PF00071	PF00786
PF00071	PF00788
PF00071	PF00794
PF00071	PF00996
PF00071	PF01833
PF00071	PF01843
PF00071	PF01847
PF00071	PF02115
PF00071	PF02136
PF00071	PF02141
PF00071	PF02145
PF00071	PF02185
PF00071	PF02196
PF00071	PF02204
PF00071	PF02294
PF00071	PF02318
PF00071	PF02661
PF00071	PF02759
PF00071	PF03278
PF00071	PF03378
PF00071	PF03455
PF00071	PF03456
PF00071	PF03496
PF00071	PF03545
PF00071	PF03759
PF00071	PF03810
PF00071	PF04099
PF00071	PF04421
PF00071	PF05276
PF00071	PF05925
PF00071	PF05994
PF00071	PF06367
PF00071	PF06371
PF00071	PF06428
PF00071	PF06456
PF00071	PF06872
PF00071	PF07064
PF00071	PF07159
PF00071	PF07487
PF00071	PF07686
PF00071	PF07714
PF00071	PF07719
PF00071	PF08030
PF00071	PF08337
PF00071	PF08355
PF00071	PF08389
PF00071	PF08506
PF00071	PF08614
PF00071	PF08626
PF00071	PF08767
PF00071	PF08912
PF00071	PF09027
PF00071	PF09311
PF00071	PF09457
PF00071	PF09632
PF00071	PF10174
PF00071	PF11047
PF00071	PF11461
PF00071	PF11464
PF00071	PF12068
PF00071	PF12130
PF00071	PF12796
PF00071	PF12894
PF00071	PF12919
PF00071	PF13181
PF00071	PF13426
PF00071	PF13516
PF00071	PF13637
PF00071	PF13855
PF00071	PF13901
PF00071	PF15208
PF00071	PF15277
PF00071	PF16172
PF00071	PF16186
PF00071	PF16457
PF00071	PF16511
PF00071	PF16704
PF00071	PF16845
PF00071	PF16979
PF00071	PF17787
PF00071	PF17838
PF00071	PF18172
PF00071	PF18227
PF00071	PF18641
PF00071	PF18773
PF00071	PF18777
PF00071	PF18784
PF00071	PF18806
PF00071	PF18808
PF00071	PF19031
PF00071	PF19036
PF00071	PF19037
PF00071	PF19273
PF00071	PF19282
PF00071	PF20170
PF00071	PF20421
PF00071	PF20422
PF00071	PF20851
PF00071	PF20879
PF00071	PF20924
PF00071	PF21022
PF00071	PF21245
PF00071	PF21310
PF00071	PF21485
PF00071	PF21989
PF00071	PF22140
PF00071	PF22170
PF00071	PF22192
PF00071	PF22697
PF00071	PF23014
PF00072	PF00072
PF00072	PF00158
PF00072	PF00196
PF00072	PF00249
PF00072	PF00378
PF00072	PF00486
PF00072	PF00512
PF00072	PF00563
PF00072	PF00989
PF00072	PF00990
PF00072	PF01339
PF00072	PF01627
PF00072	PF02518
PF00072	PF02798
PF00072	PF03861
PF00072	PF04344
PF00072	PF04965
PF00072	PF07194
PF00072	PF07730
PF00072	PF08665
PF00072	PF09078
PF00072	PF09456
PF00072	PF10090
PF00072	PF13690
PF00072	PF14682
PF00072	PF14689
PF00072	PF18801
PF00072	PF22029
PF00072	PF22233
PF00073	PF00073
PF00073	PF00084
PF00073	PF00092
PF00073	PF00129
PF00073	PF01130
PF00073	PF02226
PF00073	PF03921
PF00073	PF07686
PF00073	PF08762
PF00073	PF08935
PF00073	PF12521
PF00073	PF12944
PF00073	PF22663
PF00074	PF00074
PF00074	PF07686
PF00074	PF13516
PF00074	PF18779
PF00075	PF00075
PF00075	PF00078
PF00075	PF03465
PF00075	PF06815
PF00075	PF06817
PF00076	PF00076
PF00076	PF00085
PF00076	PF00160
PF00076	PF00164
PF00076	PF00313
PF00076	PF00628
PF00076	PF00641
PF00076	PF00642
PF00076	PF01044
PF00076	PF02792
PF00076	PF02966
PF00076	PF03178
PF00076	PF03604
PF00076	PF03939
PF00076	PF04046
PF00076	PF04563
PF00076	PF05383
PF00076	PF06487
PF00076	PF07650
PF00076	PF08075
PF00076	PF08079
PF00076	PF08080
PF00076	PF08389
PF00076	PF08920
PF00076	PF09088
PF00076	PF09090
PF00076	PF09282
PF00076	PF09736
PF00076	PF11931
PF00076	PF12220
PF00076	PF12874
PF00076	PF13532
PF00076	PF13847
PF00076	PF13869
PF00076	PF13893
PF00076	PF14580
PF00076	PF14939
PF00076	PF16131
PF00076	PF16275
PF00076	PF16294
PF00076	PF16842
PF00076	PF16852
PF00076	PF18773
PF00076	PF19041
PF00076	PF19042
PF00076	PF19097
PF00076	PF20770
PF00076	PF21380
PF00076	PF22600
PF00076	PF22646
PF00077	PF00077
PF00078	PF00078
PF00078	PF01348
PF00078	PF01867
PF00078	PF03539
PF00078	PF06815
PF00078	PF06817
PF00078	PF07686
PF00078	PF08388
PF00078	PF09827
PF00078	PF11474
PF00078	PF12009
PF00078	PF13655
PF00078	PF17917
PF00078	PF17919
PF00078	PF17984
PF00079	PF00079
PF00079	PF00089
PF00079	PF01033
PF00079	PF07654
PF00079	PF07686
PF00079	PF14670
PF00080	PF00080
PF00080	PF00403
PF00080	PF07686
PF00080	PF07833
PF00081	PF00081
PF00081	PF02777
PF00081	PF05899
PF00082	PF00082
PF00082	PF00197
PF00082	PF00280
PF00082	PF00720
PF00082	PF01483
PF00082	PF02225
PF00082	PF02428
PF00082	PF04151
PF00082	PF05922
PF00082	PF06280
PF00082	PF07648
PF00082	PF07686
PF00082	PF09286
PF00082	PF10218
PF00082	PF12580
PF00082	PF13585
PF00082	PF13860
PF00082	PF14670
PF00082	PF17766
PF00082	PF18213
PF00082	PF18237
PF00082	PF18425
PF00082	PF18459
PF00082	PF18492
PF00082	PF21223
PF00082	PF21316
PF00082	PF22143
PF00082	PF22146
PF00082	PF22148
PF00082	PF22386
PF00082	PF23001
PF00083	PF00083
PF00083	PF07686
PF00083	PF07690
PF00084	PF00084
PF00084	PF00089
PF00084	PF00090
PF00084	PF00092
PF00084	PF00207
PF00084	PF00423
PF00084	PF00431
PF00084	PF00530
PF00084	PF00541
PF00084	PF00715
PF00084	PF01759
PF00084	PF01835
PF00084	PF01841
PF00084	PF02372
PF00084	PF02471
PF00084	PF05062
PF00084	PF05109
PF00084	PF07645
PF00084	PF07678
PF00084	PF07686
PF00084	PF07703
PF00084	PF08794
PF00084	PF09014
PF00084	PF13385
PF00084	PF16731
PF00084	PF17789
PF00084	PF17790
PF00084	PF20676
PF00084	PF20937
PF00084	PF21308
PF00084	PF21309
PF00084	PF22487
PF00084	PF22663
PF00085	PF00085
PF00085	PF00091
PF00085	PF00197
PF00085	PF00226
PF00085	PF00294
PF00085	PF00476
PF00085	PF00562
PF00085	PF00578
PF00085	PF00685
PF00085	PF01347
PF00085	PF01451
PF00085	PF01507
PF00085	PF01532
PF00085	PF01625
PF00085	PF02752
PF00085	PF02852
PF00085	PF02941
PF00085	PF02943
PF00085	PF04777
PF00085	PF05729
PF00085	PF07686
PF00085	PF07992
PF00085	PF08393
PF00085	PF08534
PF00085	PF10417
PF00085	PF13499
PF00085	PF13640
PF00085	PF13848
PF00085	PF18108
PF00085	PF18371
PF00085	PF19444
PF00085	PF21352
PF00085	PF22220
PF00085	PF22596
PF00086	PF00086
PF00086	PF00112
PF00086	PF00135
PF00086	PF00219
PF00086	PF00405
PF00086	PF13855
PF00086	PF18635
PF00086	PF21283
PF00088	PF00088
PF00088	PF00100
PF00088	PF01055
PF00088	PF13802
PF00089	PF00089
PF00089	PF00092
PF00089	PF00095
PF00089	PF00197
PF00089	PF00228
PF00089	PF00243
PF00089	PF00246
PF00089	PF00280
PF00089	PF00299
PF00089	PF00431
PF00089	PF00530
PF00089	PF00629
PF00089	PF00713
PF00089	PF01108
PF00089	PF01547
PF00089	PF01826
PF00089	PF01835
PF00089	PF02244
PF00089	PF02428
PF00089	PF02821
PF00089	PF02822
PF00089	PF02983
PF00089	PF03642
PF00089	PF03973
PF00089	PF03974
PF00089	PF05375
PF00089	PF07648
PF00089	PF07654
PF00089	PF07677
PF00089	PF07686
PF00089	PF08702
PF00089	PF08764
PF00089	PF09064
PF00089	PF09065
PF00089	PF09272
PF00089	PF09396
PF00089	PF09408
PF00089	PF11546
PF00089	PF11714
PF00089	PF12662
PF00089	PF13855
PF00089	PF14670
PF00089	PF15494
PF00089	PF16048
PF00089	PF17790
PF00089	PF17815
PF00089	PF17983
PF00089	PF18322
PF00089	PF19127
PF00089	PF20933
PF00089	PF21286
PF00089	PF21308
PF00089	PF21406
PF00089	PF22544
PF00090	PF00090
PF00090	PF00092
PF00090	PF01153
PF00090	PF01759
PF00090	PF01823
PF00090	PF07678
PF00090	PF07679
PF00090	PF07686
PF00090	PF10250
PF00090	PF13855
PF00090	PF17771
PF00090	PF17790
PF00090	PF18487
PF00090	PF19236
PF00090	PF21195
PF00090	PF21932
PF00090	PF22195
PF00091	PF00091
PF00091	PF00118
PF00091	PF00225
PF00091	PF00307
PF00091	PF00424
PF00091	PF00836
PF00091	PF03130
PF00091	PF03133
PF00091	PF03359
PF00091	PF03607
PF00091	PF03953
PF00091	PF03999
PF00091	PF04130
PF00091	PF05217
PF00091	PF05301
PF00091	PF05914
PF00091	PF08683
PF00091	PF12327
PF00091	PF12777
PF00091	PF12796
PF00091	PF13646
PF00091	PF14822
PF00091	PF15120
PF00091	PF17874
PF00091	PF21011
PF00091	PF21041
PF00091	PF21493
PF00091	PF22340
PF00091	PF22342
PF00091	PF22453
PF00092	PF00092
PF00092	PF00362
PF00092	PF00520
PF00092	PF01091
PF00092	PF01462
PF00092	PF01759
PF00092	PF01835
PF00092	PF02198
PF00092	PF03921
PF00092	PF05196
PF00092	PF07654
PF00092	PF07678
PF00092	PF07686
PF00092	PF07703
PF00092	PF07965
PF00092	PF07968
PF00092	PF08016
PF00092	PF08473
PF00092	PF08487
PF00092	PF08742
PF00092	PF11546
PF00092	PF13855
PF00092	PF17475
PF00092	PF17790
PF00092	PF18677
PF00092	PF20835
PF00092	PF21308
PF00092	PF21406
PF00092	PF22195
PF00092	PF22663
PF00093	PF00093
PF00094	PF00094
PF00094	PF00754
PF00094	PF01826
PF00094	PF08742
PF00094	PF13330
PF00094	PF16164
PF00095	PF00095
PF00096	PF00096
PF00096	PF02190
PF00096	PF03178
PF00096	PF03226
PF00096	PF04182
PF00096	PF07686
PF00096	PF13465
PF00096	PF13894
PF00096	PF13909
PF00096	PF13912
PF00096	PF22110
PF00097	PF00097
PF00097	PF00125
PF00097	PF00179
PF00097	PF00240
PF00097	PF00643
PF00097	PF01485
PF00097	PF02262
PF00097	PF02761
PF00097	PF02762
PF00097	PF12560
PF00097	PF14835
PF00097	PF18102
PF00097	PF18408
PF00097	PF19422
PF00098	PF00098
PF00098	PF00313
PF00098	PF03828
PF00098	PF08082
PF00098	PF08083
PF00098	PF21890
PF00098	PF22600
PF00100	PF00100
PF00100	PF01547
PF00101	PF00101
PF00101	PF02788
PF00102	PF00102
PF00102	PF00527
PF00102	PF00536
PF00102	PF00571
PF00102	PF03545
PF00102	PF07714
PF00102	PF09379
PF00103	PF00103
PF00103	PF09067
PF00104	PF00104
PF00104	PF00105
PF00104	PF00183
PF00104	PF00254
PF00104	PF00514
PF00104	PF01547
PF00104	PF08832
PF00104	PF14046
PF00104	PF16279
PF00105	PF00105
PF00106	PF00106
PF00106	PF01746
PF00106	PF02801
PF00106	PF13561
PF00106	PF18314
PF00107	PF00107
PF00107	PF08240
PF00107	PF13602
PF00107	PF16884
PF00108	PF00108
PF00108	PF00378
PF00108	PF00725
PF00108	PF01796
PF00108	PF02737
PF00108	PF02803
PF00108	PF12172
PF00108	PF22691
PF00109	PF00109
PF00109	PF00550
PF00109	PF02801
PF00109	PF08541
PF00109	PF08659
PF00109	PF08990
PF00109	PF13723
PF00109	PF14765
PF00109	PF16073
PF00109	PF16197
PF00109	PF18314
PF00109	PF18325
PF00109	PF21089
PF00109	PF22336
PF00109	PF22621
PF00110	PF00110
PF00110	PF00262
PF00110	PF01392
PF00110	PF03062
PF00110	PF06664
PF00110	PF21883
PF00111	PF00111
PF00111	PF00175
PF00111	PF00223
PF00111	PF00266
PF00111	PF00346
PF00111	PF00355
PF00111	PF00361
PF00111	PF00941
PF00111	PF00970
PF00111	PF01010
PF00111	PF01077
PF00111	PF01315
PF00111	PF01592
PF00111	PF01799
PF00111	PF02256
PF00111	PF02427
PF00111	PF02508
PF00111	PF02738
PF00111	PF02906
PF00111	PF02943
PF00111	PF03450
PF00111	PF03460
PF00111	PF07992
PF00111	PF12838
PF00111	PF13442
PF00111	PF14697
PF00111	PF14759
PF00111	PF14859
PF00111	PF19112
PF00111	PF20256
PF00111	PF22290
PF00112	PF00112
PF00112	PF05649
PF00112	PF07686
PF00112	PF08127
PF00112	PF08246
PF00112	PF08773
PF00112	PF09394
PF00112	PF10467
PF00112	PF12628
PF00112	PF12796
PF00112	PF13637
PF00112	PF16845
PF00112	PF18560
PF00113	PF00113
PF00113	PF03952
PF00114	PF00114
PF00114	PF01547
PF00114	PF07686
PF00114	PF07963
PF00115	PF00115
PF00115	PF00116
PF00115	PF00510
PF00115	PF01215
PF00115	PF02046
PF00115	PF02238
PF00115	PF02285
PF00115	PF02297
PF00115	PF02433
PF00115	PF02790
PF00115	PF02935
PF00115	PF02936
PF00115	PF03626
PF00115	PF05392
PF00115	PF06481
PF00115	PF06522
PF00115	PF06592
PF00115	PF07686
PF00115	PF07690
PF00115	PF07835
PF00115	PF08113
PF00115	PF09125
PF00115	PF12270
PF00115	PF13442
PF00115	PF14715
PF00115	PF17174
PF00115	PF20814
PF00115	PF22085
PF00116	PF00116
PF00116	PF00510
PF00116	PF02297
PF00116	PF02790
PF00116	PF02936
PF00116	PF02937
PF00116	PF05048
PF00116	PF06481
PF00116	PF06592
PF00116	PF07686
PF00116	PF07835
PF00116	PF08113
PF00116	PF08534
PF00116	PF12270
PF00116	PF13442
PF00116	PF18764
PF00116	PF18793
PF00117	PF00117
PF00117	PF00425
PF00117	PF00958
PF00117	PF00977
PF00117	PF00988
PF00117	PF02540
PF00117	PF02786
PF00117	PF04715
PF00117	PF06418
PF00118	PF00118
PF00118	PF00166
PF00118	PF00400
PF00118	PF00979
PF00118	PF01920
PF00118	PF02114
PF00118	PF02772
PF00118	PF02788
PF00118	PF02996
PF00118	PF03953
PF00118	PF07686
PF00118	PF14561
PF00119	PF00119
PF00119	PF00137
PF00119	PF00430
PF00119	PF00895
PF00119	PF04911
PF00119	PF05405
PF00119	PF05873
PF00119	PF05933
PF00119	PF08039
PF00119	PF10206
PF00119	PF10791
PF00119	PF11022
PF00119	PF14960
PF00119	PF22804
PF00120	PF00120
PF00120	PF01230
PF00120	PF03951
PF00120	PF12437
PF00120	PF16952
PF00120	PF18318
PF00121	PF00121
PF00122	PF00122
PF00122	PF00403
PF00122	PF00689
PF00122	PF00690
PF00122	PF00702
PF00122	PF03381
PF00122	PF03814
PF00122	PF08282
PF00122	PF09604
PF00122	PF12409
PF00122	PF13246
PF00122	PF16209
PF00122	PF16212
PF00123	PF00123
PF00123	PF02793
PF00124	PF00124
PF00124	PF00223
PF00124	PF00283
PF00124	PF00284
PF00124	PF00421
PF00124	PF00504
PF00124	PF00556
PF00124	PF00737
PF00124	PF01405
PF00124	PF01716
PF00124	PF01788
PF00124	PF01789
PF00124	PF02276
PF00124	PF02419
PF00124	PF02532
PF00124	PF03912
PF00124	PF03967
PF00124	PF05151
PF00124	PF05239
PF00124	PF05969
PF00124	PF06596
PF00124	PF07123
PF00124	PF11511
PF00124	PF14495
PF00124	PF14870
PF00124	PF18240
PF00125	PF00125
PF00125	PF00157
PF00125	PF00176
PF00125	PF00179
PF00125	PF00240
PF00125	PF00385
PF00125	PF00400
PF00125	PF00415
PF00125	PF00538
PF00125	PF00628
PF00125	PF00641
PF00125	PF00808
PF00125	PF00850
PF00125	PF00855
PF00125	PF00856
PF00125	PF00956
PF00125	PF01088
PF00125	PF01426
PF00125	PF01593
PF00125	PF01853
PF00125	PF02045
PF00125	PF02146
PF00125	PF02969
PF00125	PF03281
PF00125	PF03810
PF00125	PF04563
PF00125	PF04729
PF00125	PF04855
PF00125	PF05053
PF00125	PF05129
PF00125	PF05238
PF00125	PF05764
PF00125	PF07686
PF00125	PF08123
PF00125	PF08209
PF00125	PF08214
PF00125	PF08243
PF00125	PF08295
PF00125	PF08512
PF00125	PF08729
PF00125	PF09110
PF00125	PF09514
PF00125	PF09649
PF00125	PF10297
PF00125	PF10384
PF00125	PF10516
PF00125	PF11764
PF00125	PF12253
PF00125	PF12265
PF00125	PF12619
PF00125	PF13513
PF00125	PF13625
PF00125	PF13920
PF00125	PF13923
PF00125	PF14447
PF00125	PF14598
PF00125	PF14619
PF00125	PF14835
PF00125	PF15511
PF00125	PF15539
PF00125	PF15620
PF00125	PF16211
PF00125	PF17811
PF00125	PF17907
PF00125	PF18264
PF00125	PF20673
PF00125	PF20920
PF00125	PF22732
PF00125	PF22855
PF00126	PF00126
PF00126	PF03466
PF00127	PF00127
PF00127	PF00223
PF00127	PF00394
PF00127	PF00870
PF00127	PF01333
PF00127	PF02507
PF00127	PF02975
PF00127	PF06433
PF00127	PF07732
PF00127	PF16639
PF00128	PF00128
PF00128	PF00139
PF00128	PF00197
PF00128	PF00234
PF00128	PF00686
PF00128	PF01356
PF00128	PF01636
PF00128	PF01833
PF00128	PF02806
PF00128	PF02903
PF00128	PF02922
PF00128	PF03714
PF00128	PF06458
PF00128	PF07686
PF00128	PF07821
PF00128	PF09071
PF00128	PF09081
PF00128	PF09087
PF00128	PF09154
PF00128	PF09178
PF00128	PF09196
PF00128	PF09244
PF00128	PF09260
PF00128	PF10438
PF00128	PF11896
PF00128	PF11941
PF00128	PF13520
PF00128	PF16028
PF00128	PF16561
PF00128	PF16657
PF00128	PF17999
PF00128	PF18612
PF00128	PF20756
PF00128	PF21653
PF00128	PF21702
PF00128	PF22026
PF00128	PF22423
PF00128	PF22426
PF00128	PF22427
PF00128	PF22460
PF00128	PF22582
PF00129	PF00129
PF00129	PF00273
PF00129	PF04253
PF00129	PF04490
PF00129	PF04881
PF00129	PF05326
PF00129	PF05963
PF00129	PF07654
PF00129	PF07686
PF00129	PF09245
PF00129	PF09291
PF00129	PF13895
PF00129	PF17622
PF00129	PF22663
PF00130	PF00130
PF00130	PF00168
PF00130	PF00169
PF00130	PF00244
PF00130	PF00433
PF00130	PF00621
PF00130	PF00780
PF00130	PF02196
PF00130	PF07714
PF00130	PF22697
PF00132	PF00132
PF00132	PF00483
PF00132	PF04613
PF00132	PF06426
PF00132	PF12804
PF00132	PF14602
PF00132	PF17836
PF00133	PF00133
PF00133	PF08264
PF00133	PF09334
PF00133	PF13603
PF00133	PF14795
PF00133	PF19303
PF00134	PF00134
PF00134	PF00539
PF00134	PF02234
PF00134	PF02984
PF00134	PF05110
PF00134	PF09080
PF00134	PF09241
PF00134	PF12350
PF00134	PF16899
PF00134	PF21608
PF00134	PF21797
PF00135	PF00135
PF00135	PF02210
PF00135	PF07679
PF00135	PF07686
PF00135	PF08674
PF00135	PF13927
PF00135	PF21947
PF00136	PF00136
PF00136	PF00705
PF00136	PF02282
PF00136	PF03104
PF00136	PF04104
PF00136	PF05941
PF00136	PF08408
PF00136	PF08452
PF00136	PF08996
PF00136	PF14260
PF00136	PF16589
PF00136	PF22062
PF00136	PF22587
PF00137	PF00137
PF00137	PF00231
PF00137	PF01496
PF00137	PF01992
PF00137	PF02823
PF00137	PF03223
PF00137	PF07850
PF00137	PF09446
PF00137	PF20520
PF00139	PF00139
PF00139	PF00405
PF00140	PF03979
PF00140	PF04539
PF00140	PF04542
PF00140	PF04546
PF00140	PF04563
PF00140	PF04997
PF00140	PF04998
PF00140	PF07417
PF00140	PF07750
PF00140	PF10729
PF00140	PF13397
PF00141	PF00141
PF00141	PF11895
PF00142	PF00142
PF00142	PF00148
PF00142	PF03139
PF00142	PF13614
PF00143	PF00143
PF00143	PF01108
PF00143	PF07654
PF00143	PF07686
PF00143	PF09294
PF00143	PF13895
PF00144	PF00144
PF00144	PF07686
PF00144	PF07930
PF00144	PF13969
PF00145	PF00145
PF00145	PF00176
PF00145	PF00385
PF00145	PF01393
PF00145	PF01426
PF00145	PF02008
PF00145	PF12047
PF00145	PF12436
PF00145	PF14533
PF00145	PF17980
PF00145	PF18284
PF00146	PF00146
PF00146	PF00346
PF00146	PF00361
PF00146	PF00499
PF00146	PF00507
PF00146	PF01058
PF00146	PF01789
PF00146	PF06212
PF00146	PF06747
PF00146	PF10716
PF00146	PF14987
PF00146	PF15879
PF00147	PF00147
PF00147	PF07686
PF00147	PF08702
PF00148	PF00148
PF00148	PF03139
PF00148	PF08369
PF00148	PF11844
PF00149	PF00149
PF00149	PF00160
PF00149	PF00183
PF00149	PF00254
PF00149	PF00515
PF00149	PF00575
PF00149	PF00595
PF00149	PF01603
PF00149	PF02872
PF00149	PF02985
PF00149	PF03095
PF00149	PF03370
PF00149	PF04072
PF00149	PF04152
PF00149	PF04176
PF00149	PF04177
PF00149	PF04979
PF00149	PF07491
PF00149	PF07686
PF00149	PF07923
PF00149	PF08321
PF00149	PF08599
PF00149	PF10488
PF00149	PF11882
PF00149	PF12320
PF00149	PF12697
PF00149	PF12799
PF00149	PF13476
PF00149	PF13499
PF00149	PF13519
PF00149	PF13558
PF00149	PF13646
PF00149	PF13855
PF00149	PF14008
PF00149	PF14580
PF00149	PF14838
PF00149	PF15276
PF00149	PF16656
PF00149	PF16891
PF00149	PF17808
PF00149	PF17817
PF00149	PF17839
PF00149	PF19272
PF00149	PF19274
PF00149	PF20890
PF00149	PF21953
PF00149	PF22155
PF00149	PF22411
PF00150	PF00150
PF00150	PF00553
PF00150	PF02156
PF00150	PF03422
PF00150	PF03442
PF00150	PF13004
PF00150	PF18448
PF00150	PF18564
PF00151	PF00151
PF00151	PF01114
PF00151	PF01477
PF00152	PF00152
PF00152	PF01336
PF00152	PF01425
PF00152	PF02934
PF00152	PF08207
PF00152	PF16780
PF00152	PF18569
PF00153	PF00153
PF00153	PF07686
PF00154	PF00154
PF00154	PF00717
PF00154	PF06183
PF00154	PF21096
PF00155	PF00155
PF00155	PF00392
PF00155	PF04061
PF00155	PF11779
PF00155	PF22475
PF00156	PF00156
PF00156	PF00215
PF00156	PF09182
PF00156	PF13522
PF00156	PF13537
PF00156	PF13793
PF00157	PF00157
PF00157	PF00505
PF00157	PF09310
PF00158	PF00158
PF00158	PF00309
PF00158	PF01078
PF00158	PF02830
PF00158	PF06490
PF00158	PF06505
PF00158	PF10609
PF00158	PF20161
PF00159	PF00159
PF00159	PF07686
PF00160	PF00160
PF00160	PF00173
PF00160	PF00226
PF00160	PF00254
PF00160	PF00361
PF00160	PF00607
PF00160	PF04046
PF00160	PF04889
PF00160	PF05186
PF00160	PF06246
PF00160	PF07401
PF00160	PF08082
PF00160	PF08231
PF00160	PF08799
PF00160	PF12421
PF00160	PF21329
PF00161	PF00161
PF00161	PF00652
PF00161	PF02258
PF00161	PF07686
PF00162	PF00162
PF00163	PF00189
PF00163	PF00398
PF00163	PF00410
PF00163	PF00562
PF00163	PF01479
PF00163	PF03719
PF00163	PF04006
PF00163	PF04758
PF00163	PF04900
PF00163	PF04997
PF00163	PF08523
PF00163	PF16121
PF00164	PF00366
PF00164	PF00472
PF00164	PF01176
PF00164	PF01668
PF00164	PF01765
PF00164	PF02576
PF00164	PF03144
PF00164	PF03464
PF00164	PF03889
PF00164	PF04068
PF00164	PF04758
PF00164	PF04950
PF00164	PF05015
PF00164	PF06769
PF00164	PF08597
PF00164	PF09000
PF00164	PF09202
PF00164	PF11987
PF00164	PF12589
PF00164	PF14492
PF00164	PF16658
PF00164	PF17384
PF00164	PF22298
PF00165	PF22404
PF00166	PF00166
PF00166	PF00574
PF00167	PF00167
PF00167	PF00168
PF00167	PF00232
PF00167	PF01023
PF00167	PF05918
PF00167	PF07679
PF00167	PF07686
PF00167	PF13499
PF00167	PF13927
PF00168	PF00168
PF00168	PF00387
PF00168	PF00388
PF00168	PF00804
PF00168	PF01023
PF00168	PF01735
PF00168	PF01823
PF00168	PF05739
PF00168	PF05835
PF00168	PF06292
PF00168	PF07002
PF00168	PF07686
PF00168	PF09279
PF00168	PF17047
PF00168	PF17787
PF00168	PF18695
PF00168	PF22601
PF00168	PF22631
PF00169	PF00169
PF00169	PF00388
PF00169	PF00400
PF00169	PF00498
PF00169	PF00621
PF00169	PF00779
PF00169	PF00787
PF00169	PF01031
PF00169	PF01369
PF00169	PF01412
PF00169	PF01852
PF00169	PF02174
PF00169	PF02212
PF00169	PF06767
PF00169	PF07714
PF00169	PF11971
PF00169	PF16746
PF00169	PF18385
PF00169	PF21989
PF00170	PF00170
PF00170	PF00554
PF00170	PF00605
PF00170	PF03131
PF00170	PF07716
PF00170	PF12884
PF00171	PF00171
PF00171	PF00465
PF00171	PF00696
PF00171	PF01575
PF00171	PF01619
PF00171	PF14850
PF00171	PF18083
PF00172	PF00172
PF00172	PF01466
PF00172	PF16846
PF00173	PF00173
PF00173	PF00226
PF00173	PF01070
PF00173	PF06098
PF00173	PF07654
PF00173	PF07686
PF00174	PF00174
PF00174	PF03404
PF00174	PF13442
PF00175	PF00175
PF00175	PF00258
PF00175	PF00667
PF00175	PF00970
PF00175	PF05896
PF00175	PF08022
PF00175	PF10418
PF00176	PF00176
PF00176	PF00271
PF00176	PF00385
PF00176	PF00400
PF00176	PF00562
PF00176	PF03294
PF00176	PF04563
PF00176	PF04795
PF00176	PF04997
PF00176	PF05764
PF00176	PF07529
PF00176	PF07686
PF00176	PF08469
PF00176	PF09110
PF00176	PF12054
PF00176	PF12137
PF00176	PF14619
PF00176	PF15511
PF00176	PF18337
PF00176	PF18339
PF00177	PF00177
PF00177	PF00380
PF00177	PF00411
PF00177	PF00575
PF00177	PF00773
PF00177	PF01090
PF00177	PF01163
PF00177	PF01165
PF00177	PF01200
PF00177	PF02033
PF00177	PF03297
PF00177	PF03587
PF00177	PF05697
PF00177	PF05698
PF00177	PF06747
PF00177	PF08206
PF00177	PF08241
PF00177	PF10236
PF00178	PF00178
PF00178	PF00250
PF00178	PF00292
PF00178	PF02312
PF00178	PF12796
PF00178	PF16179
PF00178	PF19525
PF00179	PF00179
PF00179	PF00240
PF00179	PF00400
PF00179	PF00627
PF00179	PF00632
PF00179	PF00899
PF00179	PF01754
PF00179	PF02262
PF00179	PF02747
PF00179	PF02891
PF00179	PF03810
PF00179	PF04564
PF00179	PF05622
PF00179	PF05773
PF00179	PF07834
PF00179	PF08389
PF00179	PF08672
PF00179	PF08825
PF00179	PF09358
PF00179	PF10275
PF00179	PF10557
PF00179	PF11789
PF00179	PF11793
PF00179	PF11976
PF00179	PF12185
PF00179	PF12678
PF00179	PF12827
PF00179	PF12861
PF00179	PF13445
PF00179	PF13639
PF00179	PF13764
PF00179	PF13881
PF00179	PF13920
PF00179	PF13923
PF00179	PF13979
PF00179	PF14324
PF00179	PF14447
PF00179	PF14570
PF00179	PF14732
PF00179	PF17978
PF00179	PF18091
PF00179	PF18219
PF00179	PF18442
PF00179	PF18499
PF00179	PF18574
PF00179	PF18773
PF00179	PF19311
PF00179	PF21435
PF00179	PF22191
PF00179	PF22193
PF00179	PF22303
PF00179	PF22960
PF00179	PF22978
PF00180	PF00180
PF00180	PF06315
PF00180	PF18324
PF00181	PF00181
PF00181	PF01780
PF00181	PF03947
PF00181	PF03948
PF00181	PF07147
PF00182	PF00182
PF00183	PF00183
PF00183	PF00254
PF00183	PF00515
PF00183	PF00565
PF00183	PF02518
PF00183	PF03234
PF00183	PF04968
PF00183	PF07714
PF00183	PF07719
PF00183	PF08321
PF00183	PF08327
PF00183	PF08447
PF00183	PF08565
PF00183	PF09229
PF00183	PF13085
PF00183	PF13181
PF00183	PF13424
PF00183	PF13589
PF00183	PF17802
PF00183	PF17830
PF00184	PF00184
PF00185	PF00185
PF00185	PF01979
PF00185	PF02729
PF00185	PF02748
PF00186	PF00186
PF00186	PF00303
PF00186	PF07686
PF00186	PF07724
PF00187	PF00187
PF00188	PF00188
PF00188	PF05825
PF00188	PF08562
PF00188	PF14504
PF00189	PF00253
PF00189	PF00318
PF00189	PF00333
PF00189	PF00398
PF00189	PF00562
PF00189	PF04774
PF00189	PF07650
PF00189	PF08523
PF00189	PF08597
PF00190	PF00190
PF00190	PF07883
PF00191	PF00191
PF00191	PF00595
PF00191	PF01023
PF00191	PF22293
PF00193	PF00193
PF00194	PF00194
PF00194	PF07654
PF00194	PF07686
PF00194	PF13927
PF00195	PF00195
PF00195	PF02797
PF00196	PF00196
PF00196	PF03118
PF00196	PF03472
PF00196	PF08448
PF00196	PF09228
PF00196	PF13426
PF00196	PF18801
PF00196	PF21155
PF00197	PF00197
PF00198	PF00198
PF00198	PF00364
PF00198	PF00676
PF00199	PF00199
PF00199	PF01965
PF00199	PF06628
PF00199	PF17209
PF00199	PF18011
PF00200	PF00200
PF00200	PF01421
PF00200	PF07686
PF00200	PF07974
PF00200	PF08516
PF00200	PF13574
PF00200	PF13688
PF00201	PF00201
PF00202	PF00202
PF00202	PF00550
PF00202	PF02216
PF00202	PF13500
PF00203	PF00253
PF00203	PF00416
PF00203	PF01782
PF00203	PF01873
PF00203	PF04180
PF00203	PF05239
PF00204	PF00204
PF00204	PF00521
PF00204	PF00986
PF00204	PF01751
PF00204	PF02518
PF00204	PF13599
PF00204	PF18053
PF00204	PF21249
PF00205	PF00205
PF00205	PF02775
PF00205	PF02776
PF00205	PF22629
PF00206	PF00206
PF00206	PF08328
PF00206	PF10397
PF00206	PF10415
PF00206	PF14698
PF00206	PF22304
PF00207	PF01835
PF00207	PF07677
PF00207	PF07678
PF00207	PF07686
PF00207	PF07703
PF00207	PF11546
PF00207	PF17791
PF00207	PF17972
PF00207	PF17973
PF00207	PF21145
PF00208	PF00208
PF00208	PF00310
PF00208	PF02812
PF00208	PF04898
PF00209	PF00209
PF00209	PF07654
PF00209	PF07686
PF00209	PF16959
PF00210	PF00210
PF00210	PF04324
PF00211	PF00211
PF00211	PF00503
PF00211	PF06327
PF00211	PF07686
PF00211	PF07701
PF00211	PF12796
PF00211	PF16214
PF00211	PF16701
PF00212	PF01094
PF00213	PF00213
PF00213	PF00430
PF00213	PF02874
PF00213	PF05405
PF00213	PF05511
PF00213	PF10775
PF00214	PF00214
PF00214	PF01547
PF00214	PF02793
PF00214	PF04901
PF00215	PF00215
PF00216	PF00216
PF00217	PF00217
PF00217	PF02807
PF00217	PF12796
PF00218	PF00218
PF00218	PF00697
PF00219	PF07648
PF00221	PF00221
PF00223	PF00223
PF00223	PF00421
PF00223	PF00504
PF00223	PF00796
PF00223	PF01241
PF00223	PF01701
PF00223	PF02327
PF00223	PF02427
PF00223	PF02507
PF00223	PF02531
PF00223	PF02532
PF00223	PF02605
PF00223	PF03244
PF00223	PF05479
PF00223	PF07465
PF00223	PF08078
PF00223	PF10643
PF00223	PF10657
PF00223	PF12838
PF00223	PF14697
PF00223	PF22832
PF00224	PF00224
PF00224	PF00391
PF00224	PF02887
PF00225	PF00225
PF00225	PF00498
PF00225	PF01547
PF00225	PF03953
PF00225	PF12309
PF00225	PF12423
PF00225	PF12796
PF00225	PF13833
PF00225	PF16183
PF00225	PF16796
PF00226	PF00226
PF00226	PF00245
PF00226	PF01556
PF00226	PF07743
PF00226	PF13591
PF00226	PF21884
PF00227	PF00227
PF00227	PF02252
PF00227	PF05348
PF00227	PF07724
PF00227	PF08577
PF00227	PF10178
PF00227	PF10448
PF00227	PF10450
PF00227	PF10584
PF00227	PF11919
PF00227	PF12465
PF00227	PF16093
PF00227	PF16094
PF00227	PF16507
PF00227	PF17862
PF00227	PF18055
PF00227	PF22241
PF00228	PF00228
PF00228	PF00949
PF00229	PF00229
PF00229	PF07686
PF00229	PF09256
PF00229	PF09257
PF00229	PF09305
PF00229	PF18278
PF00229	PF21584
PF00230	PF00230
PF00230	PF07686
PF00230	PF13499
PF00231	PF00231
PF00231	PF00306
PF00231	PF00401
PF00231	PF02823
PF00231	PF04568
PF00231	PF04627
PF00231	PF07345
PF00231	PF21334
PF00231	PF22919
PF00232	PF00232
PF00232	PF07679
PF00232	PF07686
PF00232	PF13927
PF00233	PF00233
PF00233	PF01590
PF00233	PF04868
PF00233	PF07686
PF00233	PF18100
PF00234	PF00234
PF00234	PF01547
PF00234	PF07686
PF00234	PF11852
PF00235	PF00235
PF00235	PF07686
PF00236	PF00236
PF00236	PF07686
PF00236	PF12369
PF00236	PF13306
PF00237	PF00237
PF00237	PF00573
PF00237	PF00807
PF00237	PF00832
PF00237	PF01196
PF00237	PF01783
PF00237	PF04280
PF00237	PF04427
PF00237	PF04874
PF00237	PF08053
PF00238	PF00238
PF00238	PF00297
PF00238	PF01245
PF00238	PF01246
PF00238	PF01728
PF00238	PF01912
PF00238	PF01926
PF00238	PF02410
PF00238	PF11861
PF00239	PF00239
PF00239	PF02796
PF00239	PF07508
PF00240	PF00240
PF00240	PF00443
PF00240	PF00452
PF00240	PF00545
PF00240	PF00619
PF00240	PF00627
PF00240	PF00632
PF00240	PF00641
PF00240	PF00790
PF00240	PF00888
PF00240	PF00899
PF00240	PF01088
PF00240	PF01302
PF00240	PF01344
PF00240	PF01353
PF00240	PF01398
PF00240	PF01485
PF00240	PF01754
PF00240	PF01851
PF00240	PF02099
PF00240	PF02148
PF00240	PF02338
PF00240	PF02747
PF00240	PF02762
PF00240	PF02809
PF00240	PF02845
PF00240	PF02902
PF00240	PF02942
PF00240	PF03031
PF00240	PF03127
PF00240	PF03371
PF00240	PF03931
PF00240	PF04424
PF00240	PF04683
PF00240	PF04843
PF00240	PF05020
PF00240	PF05021
PF00240	PF05381
PF00240	PF05408
PF00240	PF05412
PF00240	PF05743
PF00240	PF06337
PF00240	PF06991
PF00240	PF07646
PF00240	PF07651
PF00240	PF07686
PF00240	PF07910
PF00240	PF08082
PF00240	PF08083
PF00240	PF08123
PF00240	PF08672
PF00240	PF08715
PF00240	PF09038
PF00240	PF09070
PF00240	PF09514
PF00240	PF10275
PF00240	PF10557
PF00240	PF10596
PF00240	PF10602
PF00240	PF11547
PF00240	PF11605
PF00240	PF11764
PF00240	PF12047
PF00240	PF12252
PF00240	PF12678
PF00240	PF12861
PF00240	PF12937
PF00240	PF13418
PF00240	PF13445
PF00240	PF13519
PF00240	PF13639
PF00240	PF13919
PF00240	PF13920
PF00240	PF13923
PF00240	PF13979
PF00240	PF14369
PF00240	PF14377
PF00240	PF14555
PF00240	PF14560
PF00240	PF14604
PF00240	PF14631
PF00240	PF14675
PF00240	PF14676
PF00240	PF15750
PF00240	PF16211
PF00240	PF16218
PF00240	PF16374
PF00240	PF16516
PF00240	PF16546
PF00240	PF16550
PF00240	PF16739
PF00240	PF16832
PF00240	PF16845
PF00240	PF17976
PF00240	PF17978
PF00240	PF18031
PF00240	PF18091
PF00240	PF18112
PF00240	PF18219
PF00240	PF18279
PF00240	PF18282
PF00240	PF18397
PF00240	PF18995
PF00240	PF19048
PF00240	PF19049
PF00240	PF19252
PF00240	PF19422
PF00240	PF21235
PF00240	PF22179
PF00240	PF22191
PF00240	PF22193
PF00240	PF22303
PF00240	PF22605
PF00240	PF22855
PF00240	PF22960
PF00241	PF00241
PF00241	PF00439
PF00241	PF00855
PF00241	PF01115
PF00241	PF07714
PF00243	PF00243
PF00243	PF07679
PF00243	PF07686
PF00243	PF15902
PF00244	PF00244
PF00244	PF00525
PF00244	PF00583
PF00244	PF01161
PF00244	PF01204
PF00244	PF02196
PF00244	PF02263
PF00244	PF03496
PF00244	PF07714
PF00245	PF00245
PF00245	PF00254
PF00245	PF01556
PF00245	PF02556
PF00245	PF05697
PF00245	PF05698
PF00245	PF07686
PF00246	PF00246
PF00246	PF02244
PF00246	PF02977
PF00246	PF06907
PF00246	PF07686
PF00246	PF10468
PF00246	PF13620
PF00246	PF15270
PF00246	PF18027
PF00246	PF20630
PF00248	PF00248
PF00248	PF02214
PF00248	PF04712
PF00249	PF00249
PF00249	PF00509
PF00249	PF00569
PF00249	PF00583
PF00249	PF00850
PF00249	PF01429
PF00249	PF01593
PF00249	PF02731
PF00249	PF03105
PF00249	PF04502
PF00249	PF08880
PF00249	PF09197
PF00249	PF10187
PF00249	PF10598
PF00249	PF14051
PF00249	PF14215
PF00249	PF16498
PF00250	PF00250
PF00250	PF00554
PF00251	PF00251
PF00251	PF04043
PF00251	PF07980
PF00251	PF08244
PF00251	PF16346
PF00252	PF01016
PF00252	PF01172
PF00252	PF01386
PF00252	PF09784
PF00252	PF14693
PF00253	PF00338
PF00253	PF00833
PF00253	PF03501
PF00253	PF05291
PF00253	PF07650
PF00253	PF08293
PF00253	PF14955
PF00253	PF15433
PF00254	PF00254
PF00254	PF00361
PF00254	PF00499
PF00254	PF00622
PF00254	PF01346
PF00254	PF01365
PF00254	PF01547
PF00254	PF01789
PF00254	PF01847
PF00254	PF04517
PF00254	PF05697
PF00254	PF05698
PF00254	PF05757
PF00254	PF07714
PF00254	PF08515
PF00254	PF08771
PF00254	PF11976
PF00254	PF13432
PF00254	PF13499
PF00254	PF14349
PF00254	PF17842
PF00254	PF18046
PF00254	PF18410
PF00254	PF21119
PF00254	PF22199
PF00255	PF00255
PF00258	PF00258
PF00258	PF00667
PF00258	PF01126
PF00258	PF01534
PF00258	PF13499
PF00258	PF19583
PF00261	PF00261
PF00261	PF00596
PF00261	PF00992
PF00261	PF03250
PF00261	PF13833
PF00261	PF16182
PF00262	PF00262
PF00262	PF07749
PF00262	PF13848
PF00263	PF00263
PF00263	PF03958
PF00264	PF00264
PF00264	PF06236
PF00264	PF12142
PF00264	PF12143
PF00264	PF14830
PF00264	PF18132
PF00265	PF00265
PF00266	PF00266
PF00266	PF00550
PF00266	PF01206
PF00266	PF01491
PF00266	PF01592
PF00266	PF02657
PF00266	PF05347
PF00266	PF12804
PF00267	PF00267
PF00267	PF00405
PF00267	PF00595
PF00267	PF03515
PF00267	PF04333
PF00268	PF00268
PF00268	PF02867
PF00268	PF03477
PF00268	PF07972
PF00268	PF08343
PF00269	PF00269
PF00270	PF00270
PF00270	PF00271
PF00270	PF00570
PF00270	PF00636
PF00270	PF01016
PF00270	PF01158
PF00270	PF01248
PF00270	PF01751
PF00270	PF01966
PF00270	PF02792
PF00270	PF02847
PF00270	PF02854
PF00270	PF02889
PF00270	PF03368
PF00270	PF04408
PF00270	PF06221
PF00270	PF06733
PF00270	PF07652
PF00270	PF07686
PF00270	PF08084
PF00270	PF08148
PF00270	PF09369
PF00270	PF09405
PF00270	PF09805
PF00270	PF10447
PF00270	PF11262
PF00270	PF11648
PF00270	PF12796
PF00270	PF12894
PF00270	PF13181
PF00270	PF13307
PF00270	PF13432
PF00270	PF13959
PF00270	PF16124
PF00270	PF16755
PF00270	PF17752
PF00270	PF17764
PF00270	PF17911
PF00270	PF18019
PF00270	PF18074
PF00270	PF18119
PF00270	PF18319
PF00270	PF19131
PF00270	PF20470
PF00270	PF20907
PF00270	PF21099
PF00270	PF21132
PF00270	PF21210
PF00270	PF21213
PF00270	PF21262
PF00270	PF21266
PF00270	PF21280
PF00270	PF21408
PF00270	PF22590
PF00270	PF22982
PF00271	PF00271
PF00271	PF00400
PF00271	PF00562
PF00271	PF00570
PF00271	PF00622
PF00271	PF00636
PF00271	PF00687
PF00271	PF01131
PF00271	PF01193
PF00271	PF01585
PF00271	PF02792
PF00271	PF02847
PF00271	PF02854
PF00271	PF02889
PF00271	PF03737
PF00271	PF03880
PF00271	PF04408
PF00271	PF04563
PF00271	PF04851
PF00271	PF05626
PF00271	PF05764
PF00271	PF06068
PF00271	PF06138
PF00271	PF07652
PF00271	PF07686
PF00271	PF07717
PF00271	PF07817
PF00271	PF08084
PF00271	PF08148
PF00271	PF08469
PF00271	PF09382
PF00271	PF09405
PF00271	PF09532
PF00271	PF10477
PF00271	PF11648
PF00271	PF11732
PF00271	PF12137
PF00271	PF12344
PF00271	PF12410
PF00271	PF12513
PF00271	PF12656
PF00271	PF12872
PF00271	PF13008
PF00271	PF13091
PF00271	PF13156
PF00271	PF13234
PF00271	PF13959
PF00271	PF14619
PF00271	PF16124
PF00271	PF16134
PF00271	PF16415
PF00271	PF17752
PF00271	PF18119
PF00271	PF18319
PF00271	PF18592
PF00271	PF19131
PF00271	PF20470
PF00271	PF20907
PF00271	PF20930
PF00271	PF20932
PF00271	PF21010
PF00271	PF21099
PF00271	PF21132
PF00271	PF21188
PF00271	PF21210
PF00271	PF21280
PF00271	PF21591
PF00271	PF22527
PF00273	PF00273
PF00273	PF07654
PF00273	PF07686
PF00273	PF09164
PF00273	PF17573
PF00274	PF00274
PF00274	PF07686
PF00274	PF12796
PF00275	PF00275
PF00275	PF01761
PF00275	PF03863
PF00276	PF00344
PF00276	PF00468
PF00276	PF00584
PF00276	PF00831
PF00276	PF00832
PF00276	PF02881
PF00276	PF05697
PF00276	PF06984
PF00276	PF07147
PF00276	PF09809
PF00277	PF00277
PF00278	PF00278
PF00278	PF01168
PF00278	PF02100
PF00278	PF02784
PF00280	PF00280
PF00281	PF00641
PF00281	PF00673
PF00281	PF00687
PF00281	PF01197
PF00281	PF09812
PF00281	PF21492
PF00282	PF00282
PF00282	PF07686
PF00282	PF21391
PF00283	PF00283
PF00283	PF01788
PF00283	PF02605
PF00283	PF05969
PF00283	PF06298
PF00284	PF00737
PF00284	PF14495
PF00284	PF18240
PF00285	PF00285
PF00285	PF00549
PF00285	PF02629
PF00285	PF16114
PF00286	PF00286
PF00287	PF00287
PF00287	PF00689
PF00287	PF02038
PF00288	PF00288
PF00288	PF08544
PF00288	PF10509
PF00289	PF00289
PF00289	PF00364
PF00289	PF02436
PF00289	PF02785
PF00289	PF02786
PF00289	PF08326
PF00289	PF17848
PF00289	PF21139
PF00289	PF21385
PF00290	PF00290
PF00290	PF00291
PF00291	PF00291
PF00291	PF00571
PF00291	PF00585
PF00291	PF02597
PF00291	PF14821
PF00293	PF00293
PF00293	PF00300
PF00293	PF01467
PF00293	PF01678
PF00293	PF03133
PF00293	PF05026
PF00293	PF06058
PF00293	PF09296
PF00293	PF09812
PF00293	PF12535
PF00293	PF14803
PF00293	PF14815
PF00293	PF15365
PF00293	PF18139
PF00293	PF21906
PF00294	PF00294
PF00294	PF00562
PF00294	PF01193
PF00295	PF00295
PF00295	PF08263
PF00295	PF12708
PF00296	PF00296
PF00297	PF00297
PF00297	PF00572
PF00297	PF01245
PF00297	PF01246
PF00297	PF01912
PF00297	PF08155
PF00297	PF10338
PF00297	PF17835
PF00298	PF00298
PF00298	PF00466
PF00298	PF00542
PF00298	PF03946
PF00298	PF06325
PF00298	PF14693
PF00298	PF16320
PF00299	PF00299
PF00299	PF00362
PF00299	PF00545
PF00299	PF02201
PF00299	PF13920
PF00300	PF00300
PF00300	PF01591
PF00300	PF10419
PF00301	PF00301
PF00301	PF00487
PF00301	PF01534
PF00301	PF03063
PF00301	PF07992
PF00301	PF18113
PF00302	PF00302
PF00302	PF02898
PF00303	PF00303
PF00304	PF00304
PF00305	PF00305
PF00305	PF01477
PF00305	PF22321
PF00306	PF00306
PF00306	PF00401
PF00306	PF00430
PF00306	PF04568
PF00306	PF05873
PF00306	PF07345
PF00306	PF22919
PF00307	PF00307
PF00307	PF00412
PF00307	PF00435
PF00307	PF00630
PF00307	PF03953
PF00307	PF07714
PF00307	PF08726
PF00307	PF12130
PF00307	PF13499
PF00307	PF16182
PF00307	PF16845
PF00308	PF00308
PF00308	PF02767
PF00308	PF03796
PF00308	PF07319
PF00308	PF08299
PF00309	PF04552
PF00309	PF04963
PF00309	PF04997
PF00310	PF00310
PF00310	PF01493
PF00310	PF01645
PF00310	PF04898
PF00311	PF00311
PF00312	PF01248
PF00312	PF01250
PF00312	PF08069
PF00312	PF13855
PF00313	PF00313
PF00313	PF05257
PF00313	PF08460
PF00313	PF21890
PF00314	PF00314
PF00316	PF00316
PF00316	PF18913
PF00317	PF02867
PF00317	PF03477
PF00317	PF08343
PF00317	PF18782
PF00318	PF00318
PF00318	PF00333
PF00318	PF00410
PF00318	PF00575
PF00318	PF00833
PF00318	PF01165
PF00318	PF01249
PF00318	PF07754
PF00318	PF08772
PF00318	PF10246
PF00318	PF10484
PF00318	PF11709
PF00318	PF13741
PF00318	PF16113
PF00318	PF16122
PF00318	PF21251
PF00319	PF00319
PF00320	PF00320
PF00320	PF00412
PF00320	PF05368
PF00321	PF00321
PF00322	PF00322
PF00323	PF00323
PF00324	PF00324
PF00324	PF03522
PF00324	PF08403
PF00326	PF00326
PF00326	PF00930
PF00326	PF02897
PF00326	PF07686
PF00326	PF08386
PF00326	PF12146
PF00326	PF13553
PF00326	PF18811
PF00326	PF19283
PF00326	PF19520
PF00326	PF20434
PF00326	PF22173
PF00327	PF08079
PF00327	PF09784
PF00327	PF14978
PF00327	PF17135
PF00327	PF18699
PF00328	PF00328
PF00329	PF00346
PF00329	PF00374
PF00329	PF01058
PF00329	PF01135
PF00329	PF04716
PF00329	PF04800
PF00329	PF05347
PF00329	PF07347
PF00329	PF10664
PF00329	PF11432
PF00329	PF11910
PF00329	PF13233
PF00330	PF00330
PF00330	PF00694
PF00330	PF06434
PF00331	PF00331
PF00331	PF00652
PF00331	PF00704
PF00331	PF02018
PF00331	PF03426
PF00332	PF00332
PF00333	PF01249
PF00333	PF01668
PF00333	PF03719
PF00333	PF03889
PF00333	PF04758
PF00333	PF04774
PF00333	PF08597
PF00333	PF09202
PF00333	PF10484
PF00333	PF12589
PF00333	PF13741
PF00333	PF21251
PF00334	PF00334
PF00334	PF01556
PF00334	PF04712
PF00334	PF05186
PF00335	PF00335
PF00335	PF07353
PF00335	PF07686
PF00335	PF13574
PF00335	PF21299
PF00337	PF00337
PF00337	PF07686
PF00338	PF00338
PF00338	PF00380
PF00338	PF00467
PF00338	PF00575
PF00338	PF01029
PF00338	PF01193
PF00338	PF02991
PF00338	PF05316
PF00338	PF07650
PF00338	PF09776
PF00338	PF09812
PF00338	PF10213
PF00338	PF13184
PF00338	PF14955
PF00338	PF15433
PF00338	PF22330
PF00339	PF00339
PF00339	PF00959
PF00339	PF02752
PF00339	PF07686
PF00340	PF00340
PF00340	PF00656
PF00340	PF01023
PF00340	PF05566
PF00340	PF07686
PF00340	PF13895
PF00340	PF18452
PF00340	PF22009
PF00341	PF00341
PF00341	PF02216
PF00341	PF04692
PF00341	PF07654
PF00341	PF07686
PF00341	PF13927
PF00341	PF21339
PF00342	PF00342
PF00343	PF00343
PF00344	PF00584
PF00344	PF00831
PF00344	PF01036
PF00344	PF02096
PF00344	PF02889
PF00344	PF03839
PF00344	PF03840
PF00344	PF03896
PF00344	PF03911
PF00344	PF04756
PF00344	PF07516
PF00344	PF07517
PF00344	PF07686
PF00344	PF09802
PF00344	PF10559
PF00344	PF13721
PF00344	PF14849
PF00344	PF21090
PF00344	PF21760
PF00344	PF22599
PF00345	PF00345
PF00345	PF00419
PF00345	PF00577
PF00345	PF02753
PF00345	PF03627
PF00345	PF03628
PF00345	PF05229
PF00345	PF09255
PF00345	PF09460
PF00345	PF13953
PF00345	PF13954
PF00346	PF00346
PF00346	PF00374
PF00346	PF01058
PF00346	PF04716
PF00346	PF06212
PF00346	PF07347
PF00346	PF10276
PF00346	PF10588
PF00346	PF11497
PF00346	PF11623
PF00346	PF12838
PF00346	PF13187
PF00346	PF13247
PF00347	PF00347
PF00347	PF01020
PF00347	PF17777
PF00348	PF00348
PF00348	PF22538
PF00349	PF00349
PF00349	PF03727
PF00349	PF22198
PF00350	PF00350
PF00350	PF01031
PF00350	PF02212
PF00350	PF04799
PF00350	PF16880
PF00350	PF18150
PF00350	PF18709
PF00350	PF21808
PF00351	PF00351
PF00351	PF01842
PF00352	PF00352
PF00352	PF00382
PF00352	PF00808
PF00352	PF02269
PF00352	PF02751
PF00352	PF03153
PF00352	PF04719
PF00352	PF05236
PF00352	PF07741
PF00352	PF09247
PF00352	PF10680
PF00352	PF12054
PF00352	PF12157
PF00352	PF15963
PF00352	PF17683
PF00352	PF21886
PF00352	PF22938
PF00353	PF00353
PF00353	PF06594
PF00353	PF07686
PF00353	PF19198
PF00354	PF00354
PF00354	PF13895
PF00355	PF00355
PF00355	PF00384
PF00355	PF00848
PF00355	PF00866
PF00355	PF01568
PF00355	PF02167
PF00355	PF02332
PF00355	PF02921
PF00355	PF07686
PF00355	PF07992
PF00355	PF10939
PF00355	PF11723
PF00355	PF13442
PF00355	PF13577
PF00355	PF13631
PF00355	PF14759
PF00355	PF18465
PF00355	PF19112
PF00355	PF19297
PF00355	PF19298
PF00355	PF19301
PF00356	PF00356
PF00356	PF00532
PF00356	PF13377
PF00357	PF00630
PF00357	PF08725
PF00358	PF00358
PF00358	PF00367
PF00358	PF00381
PF00358	PF02782
PF00358	PF05524
PF00358	PF06500
PF00358	PF08402
PF00359	PF00359
PF00359	PF00381
PF00359	PF02302
PF00359	PF07686
PF00360	PF00360
PF00360	PF00989
PF00360	PF01590
PF00360	PF02518
PF00360	PF08446
PF00360	PF13426
PF00361	PF00361
PF00361	PF00420
PF00361	PF00499
PF00361	PF00662
PF00361	PF01010
PF00361	PF01059
PF00361	PF05347
PF00361	PF05676
PF00361	PF05757
PF00361	PF05821
PF00361	PF06374
PF00361	PF06444
PF00361	PF06455
PF00361	PF07225
PF00361	PF08122
PF00361	PF08547
PF00361	PF09781
PF00361	PF10200
PF00361	PF10216
PF00361	PF10249
PF00361	PF14813
PF00361	PF17250
PF00361	PF19530
PF00361	PF20501
PF00362	PF00362
PF00362	PF00688
PF00362	PF01839
PF00362	PF07686
PF00362	PF20805
PF00362	PF22663
PF00364	PF00364
PF00364	PF01039
PF00364	PF02237
PF00364	PF02436
PF00364	PF02626
PF00364	PF02682
PF00364	PF02785
PF00364	PF02786
PF00364	PF03099
PF00364	PF08326
PF00364	PF17848
PF00365	PF00365
PF00365	PF18468
PF00365	PF22457
PF00366	PF00410
PF00366	PF01201
PF00366	PF05047
PF00366	PF16205
PF00367	PF00367
PF00367	PF00480
PF00368	PF00368
PF00370	PF00370
PF00370	PF00381
PF00370	PF02782
PF00370	PF21546
PF00372	PF00372
PF00372	PF03722
PF00372	PF03723
PF00373	PF00373
PF00373	PF00769
PF00373	PF02174
PF00373	PF07714
PF00373	PF09379
PF00373	PF09380
PF00373	PF18038
PF00373	PF18124
PF00373	PF21477
PF00373	PF21896
PF00373	PF21989
PF00374	PF00374
PF00374	PF00384
PF00374	PF01058
PF00374	PF01155
PF00374	PF10588
PF00374	PF12838
PF00374	PF13187
PF00374	PF14720
PF00374	PF22117
PF00375	PF00375
PF00375	PF07686
PF00376	PF09278
PF00376	PF14526
PF00377	PF00377
PF00377	PF07686
PF00378	PF00378
PF00378	PF00501
PF00378	PF00550
PF00378	PF00551
PF00378	PF00725
PF00378	PF02737
PF00378	PF02803
PF00378	PF02911
PF00380	PF00400
PF00380	PF01090
PF00380	PF01163
PF00380	PF02482
PF00380	PF04427
PF00380	PF05291
PF00380	PF10213
PF00380	PF10236
PF00381	PF00381
PF00381	PF00532
PF00381	PF02255
PF00381	PF03610
PF00381	PF04353
PF00381	PF05068
PF00381	PF05524
PF00381	PF07475
PF00381	PF07686
PF00381	PF13377
PF00382	PF00382
PF00382	PF00562
PF00382	PF03604
PF00382	PF04563
PF00382	PF08271
PF00382	PF12149
PF00382	PF15497
PF00382	PF15963
PF00382	PF17683
PF00383	PF00383
PF00383	PF01872
PF00383	PF08211
PF00383	PF14437
PF00384	PF00384
PF00384	PF01257
PF00384	PF01493
PF00384	PF01568
PF00384	PF03892
PF00384	PF04800
PF00384	PF04879
PF00384	PF05047
PF00384	PF05071
PF00384	PF07969
PF00384	PF07992
PF00384	PF09326
PF00384	PF11390
PF00384	PF11432
PF00384	PF12800
PF00384	PF12838
PF00384	PF13233
PF00384	PF13247
PF00384	PF13510
PF00384	PF13534
PF00384	PF14711
PF00384	PF18364
PF00384	PF18465
PF00384	PF21423
PF00384	PF22117
PF00384	PF22151
PF00385	PF00385
PF00385	PF00628
PF00386	PF00386
PF00386	PF01094
PF00386	PF07654
PF00386	PF07686
PF00387	PF00388
PF00387	PF17787
PF00388	PF00388
PF00388	PF09279
PF00388	PF16457
PF00388	PF17787
PF00389	PF00389
PF00389	PF02826
PF00389	PF11890
PF00389	PF19304
PF00389	PF22629
PF00390	PF00390
PF00390	PF03949
PF00391	PF00391
PF00391	PF01326
PF00391	PF02896
PF00391	PF05524
PF00392	PF00392
PF00392	PF02080
PF00392	PF07702
PF00392	PF07729
PF00392	PF07840
PF00393	PF00393
PF00393	PF03446
PF00394	PF00394
PF00394	PF07731
PF00394	PF07732
PF00394	PF13442
PF00395	PF00395
PF00397	PF00397
PF00397	PF00632
PF00397	PF00639
PF00397	PF01547
PF00397	PF07686
PF00397	PF09068
PF00397	PF13616
PF00397	PF15498
PF00397	PF18436
PF00398	PF00398
PF00398	PF01926
PF00398	PF02576
PF00398	PF07650
PF00398	PF08241
PF00398	PF14700
PF00400	PF00400
PF00400	PF00415
PF00400	PF00443
PF00400	PF00454
PF00400	PF00503
PF00400	PF00583
PF00400	PF00610
PF00400	PF00613
PF00400	PF00615
PF00400	PF00631
PF00400	PF00642
PF00400	PF00833
PF00400	PF00856
PF00400	PF01125
PF00400	PF01248
PF00400	PF01466
PF00400	PF01467
PF00400	PF01547
PF00400	PF01728
PF00400	PF01765
PF00400	PF01777
PF00400	PF01847
PF00400	PF01883
PF00400	PF02114
PF00400	PF02268
PF00400	PF02291
PF00400	PF02301
PF00400	PF02390
PF00400	PF02731
PF00400	PF02969
PF00400	PF03178
PF00400	PF03451
PF00400	PF03540
PF00400	PF03637
PF00400	PF04053
PF00400	PF04055
PF00400	PF04158
PF00400	PF04494
PF00400	PF04699
PF00400	PF04762
PF00400	PF04889
PF00400	PF05091
PF00400	PF05129
PF00400	PF05185
PF00400	PF05422
PF00400	PF05843
PF00400	PF05856
PF00400	PF06218
PF00400	PF06246
PF00400	PF06326
PF00400	PF06327
PF00400	PF06544
PF00400	PF06584
PF00400	PF06658
PF00400	PF06732
PF00400	PF07524
PF00400	PF07569
PF00400	PF07575
PF00400	PF07676
PF00400	PF07686
PF00400	PF08082
PF00400	PF08083
PF00400	PF08145
PF00400	PF08148
PF00400	PF08166
PF00400	PF08171
PF00400	PF08311
PF00400	PF08385
PF00400	PF08572
PF00400	PF08729
PF00400	PF08953
PF00400	PF09531
PF00400	PF09733
PF00400	PF09740
PF00400	PF09751
PF00400	PF10172
PF00400	PF10186
PF00400	PF10433
PF00400	PF10486
PF00400	PF10487
PF00400	PF10494
PF00400	PF11277
PF00400	PF11616
PF00400	PF11635
PF00400	PF11732
PF00400	PF11816
PF00400	PF12090
PF00400	PF12110
PF00400	PF12134
PF00400	PF12253
PF00400	PF12257
PF00400	PF12265
PF00400	PF12353
PF00400	PF12657
PF00400	PF12767
PF00400	PF12777
PF00400	PF12780
PF00400	PF12781
PF00400	PF12894
PF00400	PF12931
PF00400	PF12932
PF00400	PF13472
PF00400	PF13853
PF00400	PF14077
PF00400	PF14559
PF00400	PF14680
PF00400	PF15511
PF00400	PF15539
PF00400	PF15663
PF00400	PF16004
PF00400	PF16134
PF00400	PF16198
PF00400	PF16214
PF00400	PF16300
PF00400	PF16879
PF00400	PF16978
PF00400	PF17034
PF00400	PF17120
PF00400	PF17146
PF00400	PF17226
PF00400	PF17285
PF00400	PF17655
PF00400	PF17675
PF00400	PF17787
PF00400	PF17908
PF00400	PF18148
PF00400	PF18601
PF00400	PF20719
PF00400	PF20867
PF00400	PF21180
PF00400	PF21240
PF00400	PF21486
PF00400	PF21720
PF00400	PF22631
PF00401	PF00401
PF00401	PF02823
PF00401	PF22919
PF00403	PF00403
PF00403	PF00702
PF00404	PF00404
PF00404	PF00963
PF00404	PF07554
PF00404	PF13620
PF00405	PF00405
PF00405	PF00593
PF00405	PF00913
PF00405	PF01298
PF00405	PF02225
PF00405	PF04253
PF00405	PF07686
PF00405	PF07715
PF00405	PF17484
PF00405	PF18515
PF00406	PF00406
PF00407	PF00407
PF00407	PF07686
PF00408	PF02878
PF00408	PF02880
PF00408	PF21404
PF00410	PF00410
PF00410	PF01249
PF00410	PF01251
PF00410	PF03719
PF00410	PF07754
PF00410	PF08069
PF00410	PF12298
PF00410	PF13041
PF00410	PF13741
PF00410	PF15341
PF00411	PF00411
PF00411	PF00575
PF00411	PF00773
PF00411	PF01015
PF00411	PF01084
PF00411	PF01165
PF00411	PF01200
PF00411	PF01283
PF00411	PF02033
PF00411	PF05198
PF00411	PF06747
PF00411	PF13238
PF00411	PF17146
PF00411	PF17903
PF00411	PF22891
PF00412	PF00412
PF00412	PF00568
PF00412	PF07686
PF00412	PF12130
PF00412	PF12796
PF00412	PF12799
PF00412	PF13855
PF00412	PF16840
PF00412	PF17916
PF00412	PF18124
PF00413	PF00413
PF00413	PF00965
PF00413	PF01471
PF00413	PF02974
PF00413	PF07686
PF00413	PF08548
PF00413	PF16376
PF00415	PF00415
PF00415	PF00514
PF00415	PF05351
PF00415	PF13540
PF00415	PF16186
PF00415	PF18111
PF00416	PF00416
PF00416	PF01090
PF00416	PF03297
PF00416	PF10236
PF00416	PF17067
PF00418	PF00418
PF00419	PF00419
PF00419	PF00577
PF00419	PF02753
PF00419	PF03627
PF00419	PF03628
PF00419	PF09160
PF00419	PF13954
PF00420	PF00499
PF00420	PF00507
PF00420	PF04039
PF00420	PF04066
PF00420	PF05757
PF00420	PF06212
PF00420	PF06455
PF00420	PF08547
PF00420	PF10200
PF00420	PF13244
PF00420	PF20501
PF00421	PF00421
PF00421	PF00504
PF00421	PF00737
PF00421	PF01405
PF00421	PF01716
PF00421	PF01737
PF00421	PF01789
PF00421	PF02419
PF00421	PF02531
PF00421	PF02532
PF00421	PF02533
PF00421	PF02605
PF00421	PF03912
PF00421	PF05151
PF00421	PF05757
PF00421	PF06514
PF00421	PF06596
PF00421	PF07123
PF00421	PF13326
PF00421	PF14495
PF00421	PF18240
PF00421	PF20675
PF00423	PF00423
PF00423	PF00812
PF00423	PF06214
PF00423	PF07686
PF00424	PF00424
PF00424	PF07686
PF00425	PF00425
PF00425	PF04715
PF00426	PF00426
PF00426	PF07686
PF00426	PF17477
PF00427	PF00427
PF00427	PF00502
PF00427	PF01383
PF00428	PF00428
PF00428	PF00466
PF00429	PF00429
PF00429	PF01547
PF00430	PF00430
PF00431	PF00431
PF00431	PF00629
PF00431	PF00754
PF00431	PF01094
PF00431	PF01122
PF00431	PF01403
PF00431	PF01410
PF00431	PF01822
PF00431	PF07645
PF00431	PF07686
PF00431	PF10613
PF00431	PF14670
PF00432	PF00432
PF00432	PF00957
PF00432	PF01239
PF00432	PF13243
PF00434	PF00434
PF00434	PF00980
PF00434	PF07686
PF00434	PF17477
PF00434	PF17478
PF00435	PF00435
PF00435	PF00596
PF00435	PF00791
PF00435	PF05556
PF00435	PF08726
PF00435	PF13499
PF00435	PF17809
PF00435	PF17902
PF00435	PF21019
PF00436	PF00436
PF00436	PF07686
PF00437	PF00437
PF00437	PF05134
PF00437	PF18472
PF00438	PF00438
PF00438	PF02772
PF00438	PF02773
PF00439	PF00439
PF00439	PF00628
PF00439	PF01847
PF00439	PF02190
PF00439	PF03226
PF00439	PF03931
PF00439	PF04729
PF00439	PF06001
PF00439	PF12024
PF00439	PF15349
PF00440	PF00440
PF00440	PF02909
PF00440	PF08359
PF00440	PF08360
PF00440	PF08361
PF00440	PF08362
PF00440	PF09209
PF00440	PF13305
PF00440	PF13972
PF00440	PF13977
PF00440	PF14246
PF00440	PF14278
PF00440	PF16295
PF00440	PF16859
PF00440	PF16925
PF00440	PF17754
PF00440	PF17920
PF00440	PF17922
PF00440	PF17923
PF00440	PF17925
PF00440	PF17926
PF00440	PF17929
PF00440	PF17931
PF00440	PF17932
PF00440	PF17933
PF00440	PF17934
PF00440	PF17935
PF00440	PF17937
PF00440	PF17938
PF00440	PF17939
PF00440	PF17940
PF00440	PF18556
PF00440	PF18665
PF00440	PF21256
PF00440	PF21303
PF00440	PF21306
PF00440	PF21313
PF00440	PF21351
PF00440	PF21542
PF00440	PF21597
PF00440	PF21776
PF00440	PF21935
PF00440	PF21943
PF00440	PF21993
PF00440	PF22276
PF00440	PF22568
PF00440	PF22604
PF00441	PF00441
PF00441	PF00550
PF00441	PF00766
PF00441	PF02770
PF00441	PF02771
PF00441	PF12418
PF00441	PF12806
PF00441	PF18158
PF00441	PF21263
PF00441	PF21343
PF00441	PF22217
PF00443	PF00443
PF00443	PF01798
PF00443	PF03144
PF00443	PF06424
PF00443	PF07686
PF00443	PF08083
PF00443	PF08209
PF00443	PF10163
PF00443	PF14492
PF00443	PF14533
PF00443	PF14631
PF00443	PF16450
PF00443	PF17807
PF00443	PF18508
PF00443	PF21236
PF00445	PF00445
PF00447	PF00447
PF00448	PF00448
PF00448	PF02881
PF00448	PF02978
PF00448	PF04086
PF00448	PF09439
PF00448	PF16969
PF00448	PF22510
PF00449	PF00449
PF00449	PF00699
PF00449	PF01979
PF00450	PF00450
PF00450	PF01161
PF00450	PF01301
PF00451	PF00451
PF00451	PF00520
PF00451	PF07885
PF00452	PF00452
PF00452	PF00619
PF00452	PF00739
PF00452	PF00870
PF00452	PF00931
PF00452	PF01353
PF00452	PF01442
PF00452	PF01547
PF00452	PF01847
PF00452	PF02180
PF00452	PF06393
PF00452	PF07686
PF00452	PF08945
PF00452	PF10514
PF00452	PF11430
PF00452	PF12796
PF00452	PF15150
PF00452	PF15185
PF00452	PF15214
PF00452	PF15285
PF00452	PF15661
PF00452	PF15826
PF00452	PF16845
PF00453	PF00453
PF00453	PF00572
PF00453	PF00829
PF00453	PF01783
PF00453	PF10210
PF00453	PF17257
PF00453	PF18699
PF00454	PF00454
PF00454	PF00613
PF00454	PF00792
PF00454	PF00794
PF00454	PF00959
PF00454	PF02259
PF00454	PF02260
PF00454	PF07686
PF00454	PF08771
PF00454	PF11865
PF00454	PF13921
PF00454	PF15785
PF00454	PF16454
PF00454	PF16978
PF00454	PF19274
PF00454	PF19704
PF00454	PF20206
PF00454	PF20500
PF00454	PF20502
PF00454	PF21245
PF00455	PF00455
PF00456	PF00456
PF00456	PF02779
PF00456	PF02780
PF00456	PF17831
PF00456	PF22613
PF00457	PF00457
PF00457	PF00704
PF00457	PF03422
PF00457	PF14541
PF00457	PF14543
PF00458	PF00579
PF00458	PF13393
PF00459	PF00459
PF00459	PF00467
PF00459	PF00575
PF00459	PF04560
PF00459	PF04997
PF00459	PF14520
PF00460	PF00460
PF00460	PF02049
PF00460	PF06429
PF00460	PF22692
PF00462	PF00462
PF00462	PF01625
PF00462	PF01722
PF00462	PF02943
PF00462	PF07992
PF00463	PF00463
PF00463	PF13714
PF00464	PF00464
PF00464	PF06113
PF00464	PF21125
PF00465	PF00465
PF00466	PF00466
PF00466	PF10780
PF00466	PF16320
PF00466	PF17777
PF00467	PF00562
PF00467	PF00575
PF00467	PF00623
PF00467	PF00900
PF00467	PF01193
PF00467	PF01199
PF00467	PF01248
PF00467	PF01775
PF00467	PF01777
PF00467	PF01929
PF00467	PF02357
PF00467	PF04560
PF00467	PF04997
PF00467	PF06093
PF00467	PF07009
PF00467	PF16121
PF00467	PF16661
PF00467	PF17136
PF00468	PF09809
PF00469	PF00469
PF00469	PF00928
PF00469	PF01217
PF00469	PF01602
PF00469	PF06623
PF00469	PF07686
PF00469	PF12104
PF00471	PF01632
PF00471	PF01926
PF00471	PF10147
PF00472	PF03462
PF00472	PF05175
PF00472	PF17827
PF00473	PF02793
PF00474	PF00474
PF00474	PF01102
PF00474	PF07686
PF00474	PF15807
PF00475	PF00475
PF00476	PF00476
PF00476	PF01367
PF00476	PF01612
PF00476	PF02739
PF00476	PF03796
PF00476	PF07686
PF00476	PF09281
PF00476	PF18049
PF00476	PF18136
PF00476	PF22619
PF00478	PF00478
PF00479	PF00479
PF00479	PF02781
PF00480	PF00480
PF00480	PF01047
PF00480	PF13412
PF00481	PF00481
PF00481	PF00653
PF00481	PF07830
PF00481	PF10604
PF00481	PF13672
PF00482	PF00482
PF00483	PF00483
PF00483	PF01008
PF00483	PF22640
PF00484	PF00484
PF00485	PF00485
PF00485	PF01928
PF00485	PF02672
PF00486	PF00486
PF00486	PF00498
PF00486	PF00562
PF00486	PF03118
PF00486	PF03704
PF00486	PF04545
PF00486	PF04997
PF00488	PF00488
PF00488	PF01624
PF00488	PF05188
PF00488	PF05192
PF00488	PF13589
PF00489	PF00489
PF00489	PF06328
PF00489	PF07686
PF00489	PF09240
PF00489	PF11921
PF00489	PF12354
PF00489	PF13855
PF00490	PF00490
PF00491	PF00491
PF00491	PF07686
PF00493	PF00493
PF00493	PF14551
PF00493	PF14629
PF00493	PF16679
PF00493	PF17207
PF00493	PF17855
PF00493	PF18263
PF00493	PF21128
PF00493	PF21933
PF00493	PF22471
PF00494	PF00494
PF00496	PF00496
PF00496	PF00528
PF00496	PF12911
PF00496	PF19300
PF00497	PF00497
PF00497	PF01353
PF00497	PF01464
PF00497	PF01817
PF00498	PF00498
PF00498	PF00676
PF00498	PF00990
PF00498	PF01412
PF00498	PF03704
PF00498	PF08920
PF00498	PF12196
PF00498	PF16183
PF00498	PF22437
PF00499	PF00499
PF00499	PF00507
PF00499	PF01370
PF00499	PF01789
PF00499	PF02466
PF00499	PF05757
PF00499	PF06212
PF00499	PF06455
PF00499	PF08547
PF00499	PF10200
PF00499	PF12853
PF00499	PF15879
PF00499	PF17250
PF00499	PF19530
PF00500	PF00500
PF00500	PF07686
PF00501	PF00501
PF00501	PF00550
PF00501	PF00551
PF00501	PF00668
PF00501	PF00881
PF00501	PF00975
PF00501	PF03621
PF00501	PF11976
PF00501	PF13193
PF00501	PF14535
PF00501	PF16177
PF00502	PF00502
PF00502	PF01383
PF00502	PF02136
PF00502	PF02972
PF00502	PF07686
PF00502	PF09150
PF00503	PF00503
PF00503	PF00615
PF00503	PF00621
PF00503	PF01534
PF00503	PF02116
PF00503	PF02188
PF00503	PF04868
PF00503	PF05296
PF00503	PF07686
PF00503	PF08703
PF00503	PF09128
PF00503	PF10165
PF00503	PF12796
PF00503	PF13853
PF00503	PF22697
PF00504	PF00504
PF00504	PF00737
PF00504	PF01241
PF00504	PF01701
PF00504	PF01737
PF00504	PF02419
PF00504	PF02507
PF00504	PF02605
PF00504	PF03244
PF00504	PF05479
PF00504	PF06596
PF00504	PF07465
PF00504	PF22832
PF00505	PF00505
PF00505	PF00514
PF00505	PF09011
PF00505	PF13895
PF00506	PF00506
PF00506	PF07686
PF00507	PF01058
PF00507	PF01370
PF00507	PF01789
PF00507	PF05347
PF00507	PF08547
PF00507	PF10664
PF00507	PF12853
PF00507	PF13233
PF00507	PF14987
PF00507	PF19530
PF00508	PF00508
PF00508	PF00519
PF00508	PF17105
PF00509	PF00509
PF00509	PF07654
PF00509	PF07686
PF00509	PF08958
PF00509	PF16845
PF00510	PF01215
PF00510	PF02046
PF00510	PF02238
PF00510	PF02297
PF00510	PF03626
PF00510	PF04588
PF00510	PF06522
PF00510	PF07690
PF00510	PF07835
PF00510	PF12270
PF00510	PF20814
PF00511	PF00511
PF00512	PF00512
PF00512	PF00672
PF00512	PF02518
PF00512	PF08970
PF00514	PF00514
PF00514	PF01049
PF00514	PF01353
PF00514	PF01749
PF00514	PF02201
PF00514	PF02924
PF00514	PF05972
PF00514	PF06384
PF00514	PF06389
PF00514	PF08067
PF00514	PF08347
PF00514	PF08506
PF00514	PF08833
PF00514	PF08911
PF00514	PF11502
PF00514	PF12796
PF00514	PF13646
PF00514	PF16186
PF00514	PF18797
PF00514	PF20952
PF00514	PF22417
PF00515	PF00515
PF00515	PF03256
PF00515	PF05839
PF00515	PF07719
PF00515	PF08321
PF00515	PF10471
PF00515	PF13174
PF00515	PF13176
PF00515	PF13181
PF00515	PF13374
PF00515	PF13414
PF00515	PF13424
PF00515	PF13432
PF00515	PF13844
PF00515	PF17256
PF00516	PF00516
PF00516	PF00517
PF00516	PF01378
PF00516	PF02542
PF00516	PF07654
PF00516	PF07686
PF00516	PF12796
PF00517	PF00517
PF00517	PF07686
PF00518	PF00518
PF00518	PF00632
PF00518	PF00870
PF00518	PF01547
PF00519	PF00519
PF00520	PF00520
PF00520	PF00537
PF00520	PF02060
PF00520	PF03185
PF00520	PF03520
PF00520	PF06459
PF00520	PF07686
PF00520	PF07740
PF00520	PF07774
PF00520	PF08016
PF00520	PF08099
PF00520	PF08399
PF00520	PF08412
PF00520	PF13499
PF00520	PF13903
PF00520	PF15149
PF00520	PF17491
PF00520	PF21947
PF00520	PF22614
PF00520	PF22846
PF00520	PF22850
PF00521	PF00521
PF00521	PF00986
PF00521	PF01751
PF00521	PF01845
PF00521	PF03884
PF00521	PF16898
PF00521	PF18053
PF00522	PF00522
PF00522	PF00627
PF00522	PF03167
PF00522	PF07647
PF00522	PF09280
PF00523	PF00523
PF00523	PF07654
PF00523	PF07686
PF00525	PF00525
PF00527	PF00527
PF00528	PF00528
PF00528	PF01547
PF00528	PF03180
PF00528	PF04069
PF00528	PF12911
PF00528	PF13416
PF00528	PF13531
PF00528	PF19300
PF00528	PF20872
PF00529	PF00529
PF00529	PF00664
PF00529	PF00873
PF00529	PF02321
PF00529	PF16576
PF00530	PF00530
PF00530	PF01186
PF00530	PF07654
PF00530	PF15097
PF00530	PF21287
PF00531	PF00531
PF00531	PF00619
PF00531	PF00791
PF00531	PF01547
PF00531	PF02115
PF00531	PF14786
PF00531	PF17809
PF00532	PF00532
PF00532	PF13377
PF00532	PF21689
PF00533	PF00533
PF00533	PF00621
PF00533	PF02735
PF00533	PF03730
PF00533	PF03731
PF00533	PF05916
PF00533	PF11411
PF00533	PF12738
PF00533	PF12796
PF00533	PF16589
PF00533	PF16893
PF00533	PF21298
PF00533	PF21924
PF00533	PF22395
PF00534	PF00534
PF00534	PF00862
PF00534	PF08323
PF00534	PF13439
PF00534	PF13579
PF00534	PF21269
PF00535	PF00535
PF00535	PF00652
PF00535	PF02709
PF00535	PF03552
PF00535	PF04138
PF00535	PF07238
PF00535	PF10945
PF00535	PF10995
PF00535	PF13632
PF00535	PF22181
PF00536	PF00536
PF00536	PF00595
PF00536	PF07647
PF00536	PF07714
PF00536	PF09246
PF00536	PF10534
PF00537	PF00537
PF00537	PF07686
PF00538	PF00538
PF00539	PF00539
PF00539	PF05110
PF00539	PF07686
PF00539	PF21797
PF00540	PF00540
PF00540	PF00607
PF00540	PF13499
PF00541	PF00541
PF00541	PF00608
PF00541	PF07686
PF00541	PF12796
PF00542	PF03946
PF00542	PF16320
PF00543	PF00543
PF00543	PF00696
PF00543	PF00909
PF00543	PF03747
PF00543	PF05982
PF00543	PF12058
PF00544	PF00544
PF00545	PF00545
PF00545	PF01337
PF00547	PF00547
PF00547	PF01979
PF00548	PF00548
PF00548	PF07686
PF00549	PF00549
PF00549	PF02629
PF00549	PF08442
PF00549	PF16114
PF00550	PF00550
PF00550	PF00561
PF00550	PF00587
PF00550	PF00668
PF00550	PF00698
PF00550	PF00743
PF00550	PF00975
PF00550	PF01154
PF00550	PF01648
PF00550	PF01740
PF00550	PF02770
PF00550	PF02801
PF00550	PF03060
PF00550	PF03062
PF00550	PF03176
PF00550	PF03405
PF00550	PF04602
PF00550	PF05347
PF00550	PF06293
PF00550	PF06455
PF00550	PF07686
PF00550	PF07977
PF00550	PF07993
PF00550	PF08122
PF00550	PF08540
PF00550	PF09782
PF00550	PF11847
PF00550	PF13193
PF00550	PF13233
PF00550	PF13561
PF00550	PF14813
PF00550	PF16073
PF00550	PF16197
PF00550	PF17837
PF00550	PF21124
PF00550	PF22624
PF00551	PF00551
PF00551	PF00668
PF00551	PF01842
PF00551	PF02911
PF00551	PF12796
PF00551	PF13193
PF00551	PF18216
PF00551	PF21553
PF00552	PF00552
PF00552	PF00665
PF00552	PF01603
PF00552	PF02022
PF00553	PF00553
PF00553	PF00704
PF00554	PF00554
PF00554	PF07108
PF00554	PF07716
PF00554	PF16179
PF00555	PF00555
PF00555	PF03944
PF00555	PF03945
PF00556	PF00556
PF00556	PF02276
PF00556	PF03967
PF00556	PF11511
PF00557	PF00557
PF00557	PF01321
PF00557	PF05195
PF00557	PF14826
PF00557	PF16188
PF00557	PF16189
PF00557	PF21216
PF00559	PF00559
PF00559	PF00888
PF00559	PF01603
PF00559	PF02312
PF00559	PF03931
PF00559	PF18771
PF00559	PF18782
PF00560	PF00560
PF00560	PF00669
PF00560	PF01462
PF00560	PF02185
PF00560	PF02758
PF00560	PF05498
PF00560	PF08263
PF00560	PF11921
PF00560	PF12799
PF00560	PF13306
PF00560	PF13516
PF00560	PF13855
PF00560	PF15913
PF00560	PF17181
PF00560	PF20141
PF00560	PF20733
PF00561	PF00561
PF00561	PF00598
PF00561	PF00702
PF00561	PF01353
PF00561	PF01476
PF00561	PF03280
PF00561	PF04972
PF00561	PF08386
PF00561	PF12146
PF00561	PF13499
PF00562	PF00562
PF00562	PF00575
PF00562	PF00623
PF00562	PF00870
PF00562	PF01096
PF00562	PF01193
PF00562	PF01194
PF00562	PF02357
PF00562	PF03118
PF00562	PF03291
PF00562	PF03294
PF00562	PF03341
PF00562	PF03396
PF00562	PF03449
PF00562	PF03589
PF00562	PF03604
PF00562	PF03704
PF00562	PF03985
PF00562	PF04539
PF00562	PF04542
PF00562	PF04545
PF00562	PF04546
PF00562	PF04552
PF00562	PF04560
PF00562	PF04563
PF00562	PF04565
PF00562	PF04567
PF00562	PF04801
PF00562	PF04963
PF00562	PF04983
PF00562	PF04997
PF00562	PF04998
PF00562	PF05000
PF00562	PF05327
PF00562	PF05864
PF00562	PF06530
PF00562	PF06870
PF00562	PF07288
PF00562	PF07497
PF00562	PF07650
PF00562	PF08208
PF00562	PF08271
PF00562	PF08281
PF00562	PF08529
PF00562	PF08684
PF00562	PF09010
PF00562	PF10385
PF00562	PF11781
PF00562	PF13397
PF00562	PF13656
PF00562	PF16805
PF00562	PF18339
PF00562	PF20760
PF00562	PF21157
PF00563	PF00563
PF00563	PF00990
PF00563	PF04940
PF00563	PF07238
PF00563	PF10388
PF00564	PF00564
PF00564	PF16545
PF00565	PF00565
PF00565	PF00567
PF00565	PF07686
PF00566	PF00566
PF00566	PF00581
PF00567	PF00567
PF00567	PF07686
PF00568	PF00568
PF00569	PF00569
PF00569	PF02127
PF00569	PF08586
PF00569	PF11976
PF00569	PF18346
PF00570	PF00570
PF00570	PF01612
PF00570	PF04000
PF00571	PF00571
PF00571	PF00654
PF00571	PF01595
PF00571	PF02672
PF00571	PF03448
PF00571	PF04739
PF00571	PF07085
PF00571	PF07686
PF00571	PF09151
PF00571	PF16561
PF00571	PF16579
PF00571	PF21147
PF00571	PF21917
PF00571	PF22785
PF00572	PF01247
PF00572	PF10210
PF00572	PF12824
PF00572	PF22892
PF00573	PF00807
PF00573	PF00827
PF00573	PF00828
PF00573	PF01282
PF00573	PF01294
PF00573	PF01778
PF00573	PF01907
PF00573	PF05046
PF00573	PF07780
PF00573	PF08053
PF00573	PF09420
PF00573	PF10147
PF00573	PF10244
PF00573	PF10501
PF00573	PF13181
PF00573	PF14374
PF00573	PF14978
PF00573	PF16906
PF00573	PF17135
PF00574	PF00574
PF00574	PF07724
PF00575	PF00575
PF00575	PF00623
PF00575	PF00773
PF00575	PF00782
PF00575	PF01008
PF00575	PF01015
PF00575	PF01250
PF00575	PF03159
PF00575	PF03431
PF00575	PF03589
PF00575	PF03874
PF00575	PF03876
PF00575	PF04560
PF00575	PF07497
PF00575	PF07498
PF00575	PF08271
PF00575	PF08529
PF00575	PF10150
PF00575	PF10488
PF00575	PF13184
PF00575	PF14641
PF00575	PF15985
PF00575	PF17121
PF00575	PF17846
PF00575	PF17876
PF00576	PF00576
PF00576	PF09349
PF00577	PF00577
PF00577	PF03627
PF00577	PF03628
PF00577	PF09160
PF00577	PF13953
PF00577	PF13954
PF00578	PF00578
PF00578	PF00881
PF00578	PF02195
PF00578	PF10417
PF00578	PF17991
PF00579	PF00579
PF00579	PF07686
PF00579	PF22421
PF00580	PF00580
PF00580	PF04257
PF00580	PF04563
PF00580	PF04997
PF00580	PF04998
PF00580	PF06064
PF00580	PF12705
PF00580	PF13361
PF00580	PF13538
PF00580	PF17946
PF00580	PF21445
PF00581	PF00581
PF00581	PF02852
PF00581	PF07992
PF00581	PF08941
PF00581	PF09122
PF00581	PF17773
PF00582	PF00582
PF00583	PF00583
PF00583	PF00933
PF00583	PF01423
PF00583	PF04055
PF00583	PF04112
PF00583	PF04762
PF00583	PF07686
PF00583	PF08681
PF00583	PF09797
PF00583	PF10394
PF00583	PF12569
PF00583	PF13181
PF00583	PF13193
PF00583	PF13302
PF00583	PF13508
PF00583	PF13673
PF00583	PF16199
PF00583	PF18014
PF00583	PF18015
PF00583	PF18467
PF00583	PF21184
PF00584	PF00831
PF00584	PF03840
PF00584	PF03911
PF00584	PF04756
PF00584	PF10559
PF00585	PF00585
PF00586	PF00586
PF00586	PF02700
PF00586	PF02769
PF00586	PF13507
PF00586	PF16904
PF00587	PF00587
PF00587	PF02403
PF00587	PF03129
PF00587	PF09180
PF00587	PF09181
PF00587	PF12777
PF00587	PF18490
PF00588	PF00588
PF00588	PF04705
PF00588	PF08032
PF00588	PF12105
PF00588	PF22435
PF00588	PF22655
PF00589	PF00589
PF00589	PF02899
PF00589	PF09397
PF00589	PF13495
PF00590	PF00590
PF00590	PF07746
PF00590	PF10414
PF00590	PF13241
PF00590	PF14824
PF00591	PF00591
PF00591	PF02885
PF00591	PF07831
PF00593	PF00593
PF00593	PF03544
PF00593	PF06438
PF00593	PF07660
PF00593	PF07715
PF00593	PF07980
PF00593	PF11504
PF00593	PF11570
PF00593	PF14322
PF00593	PF16819
PF00595	PF00595
PF00595	PF00625
PF00595	PF00640
PF00595	PF02174
PF00595	PF02197
PF00595	PF03572
PF00595	PF03643
PF00595	PF07647
PF00595	PF07653
PF00595	PF08596
PF00595	PF09007
PF00595	PF10534
PF00595	PF13365
PF00595	PF13590
PF00595	PF16218
PF00595	PF16891
PF00595	PF17804
PF00595	PF17817
PF00595	PF17820
PF00595	PF21989
PF00596	PF00596
PF00598	PF00598
PF00598	PF08289
PF00599	PF00599
PF00600	PF00600
PF00600	PF00642
PF00600	PF16454
PF00600	PF22602
PF00601	PF00601
PF00601	PF00603
PF00601	PF20949
PF00602	PF00602
PF00602	PF00603
PF00602	PF00604
PF00602	PF07686
PF00602	PF14580
PF00602	PF20947
PF00602	PF20948
PF00602	PF20949
PF00602	PF20951
PF00602	PF20952
PF00602	PF21490
PF00603	PF00603
PF00603	PF00604
PF00603	PF07686
PF00603	PF14580
PF00603	PF20948
PF00603	PF20949
PF00603	PF20950
PF00603	PF20951
PF00603	PF20952
PF00603	PF21442
PF00604	PF00604
PF00604	PF07686
PF00604	PF20947
PF00604	PF20949
PF00604	PF20950
PF00604	PF20951
PF00604	PF20952
PF00605	PF00605
PF00606	PF00606
PF00606	PF07686
PF00606	PF17416
PF00606	PF17417
PF00607	PF00607
PF00607	PF07686
PF00607	PF19317
PF00608	PF00608
PF00610	PF00610
PF00610	PF00617
PF00610	PF00621
PF00610	PF00928
PF00610	PF01534
PF00610	PF02259
PF00610	PF03547
PF00610	PF18148
PF00610	PF19418
PF00611	PF00611
PF00611	PF14604
PF00611	PF16623
PF00612	PF00612
PF00612	PF13405
PF00612	PF13499
PF00613	PF00613
PF00613	PF00792
PF00613	PF00794
PF00613	PF07686
PF00613	PF13181
PF00613	PF16454
PF00613	PF19274
PF00613	PF19440
PF00613	PF19710
PF00614	PF00614
PF00614	PF13091
PF00615	PF00615
PF00615	PF00621
PF00615	PF05924
PF00616	PF00616
PF00616	PF13716
PF00617	PF00617
PF00617	PF00618
PF00617	PF07686
PF00617	PF12026
PF00618	PF00621
PF00619	PF00619
PF00619	PF00931
PF00619	PF01547
PF00619	PF07686
PF00619	PF13920
PF00619	PF21296
PF00620	PF00620
PF00620	PF21310
PF00621	PF00621
PF00621	PF07653
PF00621	PF13426
PF00621	PF16652
PF00621	PF17838
PF00621	PF21242
PF00621	PF22418
PF00621	PF22697
PF00621	PF23014
PF00622	PF00622
PF00622	PF00856
PF00622	PF00931
PF00622	PF01365
PF00622	PF02026
PF00622	PF07654
PF00622	PF09783
PF00622	PF13765
PF00622	PF20266
PF00623	PF00623
PF00623	PF01096
PF00623	PF01192
PF00623	PF01193
PF00623	PF03118
PF00623	PF03293
PF00623	PF03294
PF00623	PF03449
PF00623	PF03589
PF00623	PF03876
PF00623	PF03919
PF00623	PF04539
PF00623	PF04560
PF00623	PF04963
PF00623	PF04983
PF00623	PF04997
PF00623	PF04998
PF00623	PF05000
PF00623	PF05320
PF00623	PF05327
PF00623	PF06530
PF00623	PF08203
PF00623	PF08271
PF00623	PF08281
PF00623	PF09010
PF00623	PF09637
PF00623	PF10298
PF00623	PF10640
PF00623	PF11781
PF00623	PF12137
PF00623	PF13656
PF00623	PF17846
PF00623	PF20800
PF00623	PF21005
PF00623	PF21157
PF00625	PF00625
PF00625	PF03665
PF00625	PF07653
PF00625	PF07686
PF00625	PF12052
PF00625	PF12423
PF00626	PF00626
PF00626	PF01290
PF00626	PF03250
PF00626	PF04811
PF00626	PF04815
PF00626	PF07686
PF00626	PF11549
PF00627	PF00627
PF00627	PF02149
PF00627	PF09280
PF00628	PF00628
PF00628	PF00850
PF00628	PF01388
PF00628	PF01426
PF00628	PF02373
PF00628	PF02671
PF00628	PF05712
PF00628	PF07686
PF00628	PF12148
PF00628	PF13832
PF00628	PF16737
PF00628	PF17811
PF00629	PF00629
PF00629	PF01400
PF00629	PF07679
PF00629	PF22486
PF00630	PF00630
PF00630	PF01436
PF00630	PF08725
PF00631	PF07686
PF00631	PF18148
PF00632	PF00632
PF00632	PF06025
PF00632	PF11547
PF00632	PF12796
PF00634	PF08423
PF00635	PF00635
PF00636	PF00636
PF00636	PF02170
PF00636	PF03368
PF00636	PF04851
PF00636	PF14622
PF00636	PF17895
PF00636	PF20931
PF00636	PF20932
PF00637	PF00637
PF00637	PF01086
PF00637	PF02883
PF00638	PF00638
PF00638	PF08767
PF00639	PF00639
PF00639	PF09312
PF00639	PF13360
PF00639	PF13616
PF00640	PF00640
PF00640	PF10515
PF00640	PF21792
PF00641	PF00673
PF00641	PF16516
PF00642	PF00642
PF00642	PF03178
PF00642	PF04037
PF00642	PF05182
PF00642	PF06436
PF00642	PF08083
PF00642	PF10596
PF00642	PF14608
PF00642	PF22623
PF00642	PF22628
PF00643	PF00643
PF00643	PF02403
PF00643	PF13445
PF00643	PF14634
PF00643	PF22586
PF00644	PF00644
PF00644	PF02877
PF00644	PF05029
PF00644	PF10228
PF00644	PF18084
PF00645	PF00645
PF00645	PF05406
PF00645	PF08063
PF00645	PF21728
PF00646	PF00888
PF00646	PF01466
PF00648	PF00648
PF00648	PF00748
PF00648	PF01067
PF00650	PF00650
PF00650	PF03765
PF00651	PF00651
PF00651	PF00888
PF00651	PF07707
PF00651	PF10442
PF00651	PF12075
PF00651	PF12313
PF00651	PF12796
PF00651	PF13516
PF00651	PF13964
PF00651	PF22486
PF00652	PF00652
PF00652	PF02709
PF00652	PF05431
PF00652	PF07686
PF00652	PF07968
PF00652	PF12563
PF00652	PF16458
PF00652	PF16499
PF00652	PF22704
PF00653	PF00653
PF00653	PF00656
PF00653	PF00669
PF00653	PF00700
PF00653	PF05729
PF00653	PF07714
PF00653	PF09057
PF00653	PF09392
PF00653	PF13920
PF00653	PF16673
PF00653	PF21290
PF00654	PF00654
PF00654	PF07686
PF00654	PF09777
PF00656	PF00656
PF00656	PF01661
PF00656	PF02331
PF00656	PF06128
PF00656	PF12796
PF00656	PF16809
PF00656	PF17708
PF00656	PF18703
PF00657	PF00657
PF00657	PF03797
PF00657	PF17996
PF00657	PF20825
PF00658	PF00658
PF00658	PF07145
PF00658	PF16608
PF00659	PF00659
PF00661	PF00661
PF00662	PF01010
PF00662	PF05757
PF00662	PF06455
PF00662	PF07225
PF00662	PF09782
PF00662	PF10216
PF00662	PF10249
PF00662	PF20501
PF00664	PF00664
PF00664	PF03412
PF00664	PF05363
PF00664	PF07686
PF00664	PF14396
PF00665	PF00665
PF00665	PF01603
PF00665	PF02022
PF00665	PF11467
PF00665	PF13384
PF00665	PF17921
PF00665	PF18103
PF00665	PF22938
PF00666	PF00666
PF00667	PF00667
PF00668	PF00668
PF00668	PF03621
PF00668	PF12697
PF00668	PF13193
PF00668	PF18563
PF00669	PF00669
PF00669	PF00700
PF00669	PF02561
PF00669	PF07196
PF00669	PF08263
PF00669	PF12613
PF00669	PF13855
PF00669	PF17889
PF00669	PF22370
PF00670	PF00670
PF00670	PF05221
PF00672	PF00672
PF00672	PF02203
PF00672	PF02518
PF00673	PF01197
PF00673	PF09812
PF00673	PF17144
PF00673	PF21492
PF00675	PF00675
PF00675	PF02271
PF00675	PF02921
PF00675	PF02936
PF00675	PF05193
PF00675	PF08367
PF00675	PF09165
PF00675	PF16187
PF00675	PF22454
PF00675	PF22456
PF00675	PF22516
PF00676	PF00676
PF00676	PF02779
PF00676	PF02780
PF00676	PF12573
PF00676	PF14688
PF00676	PF16078
PF00676	PF16870
PF00677	PF00677
PF00679	PF00679
PF00679	PF01765
PF00679	PF03764
PF00679	PF03946
PF00679	PF06421
PF00679	PF07299
PF00679	PF08083
PF00679	PF14492
PF00679	PF16571
PF00679	PF21018
PF00680	PF00680
PF00680	PF06478
PF00680	PF08710
PF00680	PF08716
PF00680	PF08717
PF00680	PF20837
PF00681	PF00681
PF00682	PF00682
PF00682	PF01118
PF00682	PF02436
PF00682	PF07836
PF00682	PF09290
PF00682	PF22615
PF00682	PF22617
PF00683	PF07645
PF00685	PF00685
PF00685	PF12062
PF00686	PF00686
PF00686	PF00723
PF00686	PF00782
PF00686	PF01373
PF00686	PF01833
PF00687	PF00687
PF00687	PF01158
PF00687	PF01248
PF00687	PF01926
PF00687	PF05600
PF00687	PF09743
PF00688	PF00688
PF00688	PF07686
PF00688	PF13855
PF00689	PF00689
PF00689	PF00702
PF00689	PF02038
PF00689	PF04272
PF00689	PF05366
PF00690	PF00702
PF00690	PF12409
PF00691	PF00691
PF00691	PF02412
PF00691	PF07676
PF00691	PF13689
PF00691	PF18393
PF00692	PF00692
PF00692	PF01381
PF00693	PF00693
PF00694	PF00694
PF00695	PF00695
PF00695	PF01758
PF00695	PF07686
PF00696	PF00696
PF00696	PF01472
PF00696	PF04768
PF00696	PF21344
PF00696	PF22468
PF00697	PF00697
PF00698	PF00698
PF00698	PF01575
PF00698	PF07654
PF00698	PF07686
PF00698	PF08990
PF00698	PF10236
PF00698	PF16073
PF00698	PF16197
PF00698	PF22235
PF00698	PF22621
PF00699	PF01774
PF00699	PF01979
PF00699	PF18473
PF00700	PF00700
PF00700	PF02561
PF00700	PF13855
PF00700	PF17889
PF00701	PF00701
PF00702	PF00702
PF00702	PF01210
PF00702	PF02669
PF00702	PF03814
PF00702	PF13246
PF00702	PF13419
PF00702	PF16209
PF00702	PF16212
PF00702	PF16878
PF00703	PF00703
PF00703	PF02836
PF00703	PF02837
PF00703	PF16353
PF00703	PF17786
PF00703	PF22666
PF00704	PF00704
PF00704	PF01476
PF00704	PF03538
PF00704	PF06483
PF00704	PF07686
PF00704	PF08329
PF00704	PF08522
PF00704	PF16403
PF00704	PF18683
PF00705	PF00705
PF00705	PF00752
PF00705	PF01351
PF00705	PF02747
PF00705	PF03833
PF00705	PF04675
PF00705	PF11799
PF00705	PF13177
PF00705	PF14260
PF00705	PF15715
PF00707	PF01176
PF00708	PF00708
PF00708	PF01300
PF00708	PF07503
PF00709	PF00709
PF00710	PF00710
PF00710	PF02934
PF00710	PF17763
PF00710	PF18195
PF00711	PF00711
PF00712	PF00712
PF00712	PF01336
PF00712	PF02767
PF00712	PF02768
PF00712	PF11799
PF00712	PF11976
PF00712	PF13177
PF00714	PF00714
PF00714	PF01108
PF00714	PF07140
PF00714	PF09294
PF00714	PF22325
PF00715	PF00715
PF00715	PF07654
PF00715	PF07686
PF00715	PF18707
PF00715	PF21605
PF00715	PF22012
PF00716	PF00716
PF00717	PF00717
PF00717	PF01381
PF00717	PF01726
PF00717	PF04573
PF00717	PF06703
PF00717	PF07686
PF00718	PF00718
PF00718	PF00761
PF00718	PF07686
PF00719	PF00719
PF00720	PF00720
PF00720	PF02031
PF00721	PF00721
PF00722	PF00722
PF00722	PF06955
PF00723	PF00723
PF00723	PF09136
PF00723	PF09137
PF00723	PF19292
PF00724	PF00724
PF00724	PF07992
PF00724	PF13450
PF00724	PF22620
PF00725	PF00725
PF00725	PF02737
PF00725	PF18321
PF00726	PF00726
PF00726	PF01108
PF00726	PF07654
PF00726	PF07686
PF00726	PF09294
PF00727	PF07686
PF00727	PF09238
PF00727	PF12796
PF00727	PF18001
PF00727	PF21605
PF00727	PF22012
PF00728	PF00728
PF00728	PF00754
PF00728	PF02838
PF00728	PF03173
PF00728	PF03174
PF00728	PF13287
PF00728	PF14200
PF00728	PF14845
PF00728	PF18088
PF00728	PF18229
PF00729	PF00729
PF00729	PF08462
PF00729	PF22402
PF00730	PF00730
PF00730	PF06029
PF00730	PF07934
PF00730	PF10576
PF00730	PF14815
PF00730	PF15628
PF00730	PF22394
PF00731	PF00731
PF00731	PF01259
PF00732	PF00732
PF00732	PF00734
PF00732	PF00890
PF00732	PF05199
PF00732	PF12318
PF00732	PF13442
PF00732	PF22500
PF00733	PF00733
PF00733	PF09147
PF00733	PF13537
PF00734	PF05199
PF00735	PF00735
PF00736	PF00736
PF00736	PF03144
PF00736	PF10587
PF00737	PF06596
PF00738	PF00738
PF00739	PF02513
PF00740	PF00740
PF00740	PF07686
PF00740	PF22352
PF00742	PF00742
PF00742	PF01842
PF00742	PF03447
PF00742	PF22101
PF00743	PF00743
PF00743	PF13450
PF00745	PF00745
PF00745	PF05201
PF00745	PF13424
PF00747	PF00747
PF00748	PF01067
PF00748	PF13833
PF00749	PF00749
PF00749	PF02934
PF00749	PF03950
PF00749	PF04557
PF00749	PF19269
PF00749	PF20974
PF00750	PF00750
PF00750	PF03485
PF00750	PF05746
PF00751	PF00751
PF00752	PF00752
PF00752	PF00867
PF00752	PF02747
PF00752	PF04679
PF00752	PF18380
PF00753	PF00753
PF00753	PF01473
PF00753	PF03472
PF00753	PF03787
PF00753	PF07521
PF00753	PF07650
PF00753	PF08783
PF00753	PF10996
PF00753	PF11718
PF00753	PF12706
PF00753	PF14863
PF00753	PF14864
PF00753	PF16123
PF00753	PF16661
PF00753	PF17214
PF00753	PF17770
PF00753	PF17778
PF00753	PF21221
PF00753	PF22505
PF00754	PF00754
PF00754	PF01120
PF00754	PF01301
PF00754	PF01826
PF00754	PF02836
PF00754	PF04616
PF00754	PF05089
PF00754	PF07686
PF00754	PF07731
PF00754	PF07732
PF00754	PF08787
PF00754	PF10633
PF00754	PF12972
PF00754	PF13088
PF00754	PF13287
PF00754	PF13290
PF00754	PF14554
PF00754	PF16355
PF00754	PF21114
PF00755	PF00755
PF00756	PF00756
PF00756	PF02922
PF00756	PF11806
PF00757	PF00757
PF00757	PF01030
PF00757	PF07654
PF00757	PF07686
PF00757	PF14843
PF00758	PF00758
PF00758	PF07654
PF00758	PF07686
PF00758	PF09067
PF00759	PF00759
PF00759	PF00942
PF00759	PF02294
PF00759	PF02927
PF00760	PF00760
PF00762	PF00762
PF00763	PF00763
PF00763	PF02882
PF00764	PF00764
PF00764	PF20979
PF00765	PF00765
PF00766	PF01012
PF00766	PF01565
PF00766	PF02770
PF00766	PF02913
PF00766	PF05187
PF00767	PF00767
PF00768	PF00768
PF00768	PF07943
PF00768	PF09211
PF00769	PF00769
PF00769	PF09380
PF00770	PF00770
PF00771	PF00771
PF00771	PF02561
PF00771	PF05400
PF00771	PF16789
PF00772	PF00772
PF00772	PF03796
PF00772	PF08278
PF00773	PF00773
PF00773	PF01084
PF00773	PF01138
PF00773	PF17215
PF00773	PF17216
PF00773	PF17849
PF00773	PF17876
PF00773	PF17877
PF00773	PF18614
PF00773	PF22428
PF00775	PF00775
PF00775	PF04444
PF00775	PF12391
PF00777	PF00777
PF00778	PF00778
PF00779	PF00779
PF00780	PF00780
PF00781	PF00781
PF00781	PF02953
PF00781	PF10171
PF00781	PF19279
PF00781	PF19712
PF00782	PF00782
PF00782	PF01547
PF00782	PF03919
PF00782	PF12796
PF00782	PF14671
PF00782	PF16561
PF00784	PF21989
PF00786	PF00786
PF00786	PF04806
PF00787	PF00787
PF00787	PF09325
PF00787	PF10456
PF00787	PF17627
PF00787	PF19566
PF00788	PF00788
PF00789	PF00789
PF00789	PF02359
PF00789	PF02933
PF00790	PF00790
PF00790	PF01363
PF00791	PF00791
PF00791	PF17217
PF00791	PF17809
PF00792	PF10486
PF00792	PF16454
PF00792	PF19710
PF00792	PF22956
PF00793	PF00793
PF00793	PF01817
PF00793	PF18152
PF00794	PF00794
PF00794	PF07686
PF00795	PF00795
PF00795	PF02540
PF00795	PF19018
PF00795	PF20154
PF00796	PF02605
PF00796	PF03244
PF00796	PF07465
PF00797	PF00797
PF00798	PF00798
PF00798	PF07686
PF00799	PF00799
PF00800	PF00800
PF00800	PF01842
PF00802	PF00802
PF00802	PF07686
PF00804	PF00804
PF00804	PF00957
PF00804	PF00995
PF00804	PF05739
PF00804	PF05835
PF00804	PF14938
PF00804	PF15277
PF00805	PF00805
PF00805	PF13599
PF00806	PF00806
PF00806	PF05741
PF00808	PF00808
PF00808	PF02045
PF00808	PF06203
PF00809	PF00809
PF00809	PF01288
PF00809	PF02574
PF00809	PF02607
PF00809	PF03599
PF00809	PF04060
PF00810	PF07686
PF00811	PF00811
PF00812	PF00812
PF00812	PF01404
PF00813	PF00813
PF00813	PF01311
PF00813	PF01312
PF00813	PF01313
PF00813	PF02049
PF00814	PF00814
PF00814	PF01163
PF00814	PF02367
PF00814	PF03481
PF00814	PF09341
PF00815	PF00815
PF00817	PF00817
PF00817	PF11798
PF00817	PF11799
PF00817	PF21704
PF00817	PF21999
PF00819	PF00819
PF00820	PF00820
PF00820	PF07654
PF00820	PF07686
PF00821	PF00821
PF00821	PF17297
PF00822	PF00822
PF00822	PF00959
PF00822	PF03505
PF00822	PF07686
PF00822	PF10613
PF00823	PF00823
PF00823	PF00934
PF00823	PF14011
PF00825	PF00825
PF00827	PF00827
PF00827	PF00935
PF00827	PF01158
PF00827	PF01248
PF00827	PF01294
PF00827	PF07780
PF00828	PF00828
PF00828	PF00829
PF00828	PF01294
PF00828	PF01632
PF00828	PF05046
PF00828	PF10244
PF00828	PF17135
PF00829	PF10210
PF00829	PF12824
PF00829	PF17257
PF00829	PF18699
PF00830	PF01281
PF00830	PF03948
PF00831	PF02881
PF00831	PF05697
PF00831	PF07679
PF00832	PF16906
PF00833	PF04758
PF00833	PF07650
PF00833	PF08161
PF00833	PF08772
PF00833	PF16122
PF00833	PF22591
PF00834	PF00834
PF00836	PF00836
PF00836	PF03953
PF00838	PF00838
PF00840	PF00840
PF00842	PF00842
PF00842	PF01168
PF00843	PF00843
PF00843	PF17290
PF00844	PF00844
PF00846	PF00846
PF00846	PF01547
PF00846	PF07686
PF00847	PF00847
PF00848	PF00848
PF00848	PF00866
PF00848	PF13577
PF00849	PF00849
PF00849	PF01018
PF00849	PF01479
PF00850	PF00850
PF00850	PF01429
PF00850	PF01448
PF00850	PF01547
PF00850	PF07646
PF00850	PF08295
PF00850	PF08595
PF00850	PF08598
PF00850	PF09757
PF00850	PF11496
PF00850	PF12998
PF00850	PF16879
PF00852	PF00852
PF00852	PF17039
PF00852	PF18025
PF00853	PF00853
PF00853	PF02312
PF00854	PF00854
PF00854	PF07686
PF00855	PF00855
PF00855	PF01547
PF00856	PF00856
PF00856	PF00947
PF00856	PF02182
PF00856	PF02493
PF00856	PF04998
PF00856	PF05033
PF00856	PF09273
PF00856	PF09733
PF00856	PF15511
PF00856	PF17907
PF00856	PF18264
PF00856	PF18600
PF00856	PF18601
PF00856	PF21358
PF00856	PF21509
PF00856	PF22648
PF00857	PF00857
PF00858	PF00858
PF00858	PF07686
PF00858	PF21947
PF00860	PF00860
PF00860	PF07686
PF00861	PF01016
PF00861	PF01161
PF00862	PF00862
PF00863	PF00863
PF00864	PF00864
PF00866	PF00866
PF00867	PF00867
PF00867	PF02747
PF00867	PF04679
PF00868	PF00927
PF00868	PF01841
PF00868	PF07565
PF00868	PF12796
PF00869	PF00869
PF00869	PF01004
PF00869	PF01570
PF00869	PF02832
PF00869	PF07654
PF00869	PF07686
PF00869	PF21659
PF00870	PF00870
PF00870	PF01547
PF00870	PF02180
PF00870	PF04563
PF00870	PF04997
PF00870	PF06431
PF00870	PF07686
PF00870	PF07710
PF00870	PF08563
PF00870	PF12796
PF00870	PF16589
PF00870	PF18428
PF00871	PF00871
PF00872	PF00872
PF00873	PF00873
PF00873	PF02699
PF00873	PF10766
PF00873	PF12153
PF00873	PF12796
PF00874	PF00874
PF00874	PF03123
PF00874	PF05043
PF00875	PF00875
PF00875	PF03441
PF00875	PF12114
PF00876	PF00876
PF00877	PF00877
PF00877	PF01476
PF00877	PF03572
PF00877	PF12912
PF00877	PF12913
PF00877	PF12914
PF00877	PF13432
PF00877	PF13702
PF00877	PF16800
PF00877	PF18348
PF00878	PF00878
PF00881	PF00881
PF00881	PF19585
PF00881	PF22767
PF00882	PF00882
PF00882	PF01477
PF00883	PF00883
PF00883	PF02789
PF00883	PF12404
PF00883	PF18295
PF00883	PF21337
PF00884	PF00884
PF00884	PF08019
PF00884	PF11893
PF00884	PF12411
PF00884	PF14707
PF00884	PF16347
PF00885	PF00885
PF00885	PF01081
PF00885	PF01741
PF00885	PF03610
PF00886	PF10245
PF00886	PF12298
PF00886	PF14943
PF00887	PF00887
PF00888	PF00888
PF00888	PF02214
PF00888	PF02312
PF00888	PF03178
PF00888	PF03256
PF00888	PF03931
PF00888	PF07525
PF00888	PF07707
PF00888	PF08568
PF00888	PF08623
PF00888	PF08672
PF00888	PF10433
PF00888	PF10557
PF00888	PF12678
PF00888	PF12755
PF00888	PF12796
PF00888	PF12861
PF00888	PF12896
PF00888	PF12937
PF00888	PF13424
PF00888	PF13513
PF00888	PF17211
PF00888	PF19422
PF00888	PF22191
PF00888	PF22241
PF00889	PF00889
PF00889	PF03143
PF00889	PF03431
PF00890	PF00890
PF00890	PF01494
PF00890	PF02300
PF00890	PF02910
PF00890	PF03937
PF00890	PF05199
PF00890	PF05328
PF00890	PF07896
PF00890	PF07992
PF00890	PF08501
PF00890	PF12139
PF00890	PF12838
PF00890	PF13085
PF00890	PF13183
PF00890	PF13187
PF00890	PF13237
PF00890	PF13534
PF00890	PF14537
PF00891	PF00891
PF00891	PF08100
PF00891	PF16864
PF00891	PF21212
PF00892	PF00892
PF00892	PF07686
PF00893	PF00893
PF00894	PF00894
PF00895	PF05405
PF00895	PF05873
PF00895	PF08039
PF00895	PF14960
PF00897	PF00897
PF00897	PF01700
PF00898	PF00898
PF00899	PF00899
PF00899	PF01488
PF00899	PF01547
PF00899	PF02597
PF00899	PF02991
PF00899	PF03481
PF00899	PF03671
PF00899	PF03987
PF00899	PF08825
PF00899	PF09138
PF00899	PF09358
PF00899	PF10790
PF00899	PF11976
PF00899	PF14455
PF00899	PF14459
PF00899	PF14732
PF00899	PF21475
PF00900	PF01479
PF00900	PF08071
PF00900	PF16121
PF00901	PF00901
PF00902	PF00902
PF00903	PF00903
PF00903	PF01261
PF00903	PF13302
PF00903	PF13669
PF00903	PF14696
PF00903	PF22247
PF00903	PF22632
PF00905	PF00905
PF00905	PF00912
PF00905	PF03717
PF00905	PF03793
PF00905	PF05223
PF00905	PF05569
PF00905	PF17092
PF00905	PF21922
PF00906	PF00906
PF00906	PF07686
PF00907	PF00907
PF00908	PF00908
PF00909	PF00909
PF00909	PF01102
PF00910	PF00910
PF00912	PF00912
PF00912	PF14814
PF00913	PF00913
PF00913	PF07686
PF00915	PF00915
PF00915	PF05332
PF00915	PF07686
PF00915	PF08435
PF00916	PF00916
PF00916	PF01740
PF00919	PF04055
PF00920	PF00920
PF00921	PF00921
PF00922	PF00922
PF00922	PF00945
PF00923	PF00923
PF00924	PF00924
PF00924	PF05552
PF00924	PF21082
PF00924	PF21088
PF00925	PF00925
PF00925	PF00926
PF00925	PF12471
PF00926	PF00926
PF00927	PF00927
PF00927	PF01841
PF00927	PF07565
PF00927	PF07686
PF00927	PF12796
PF00928	PF00928
PF00928	PF01217
PF00928	PF01602
PF00928	PF06623
PF00928	PF07933
PF00929	PF00929
PF00929	PF01336
PF00929	PF02037
PF00929	PF02768
PF00929	PF06440
PF00929	PF07733
PF00929	PF08411
PF00929	PF09707
PF00929	PF13423
PF00930	PF00930
PF00930	PF00962
PF00930	PF07686
PF00930	PF09408
PF00930	PF19520
PF00931	PF00931
PF00931	PF01582
PF00931	PF17908
PF00931	PF18052
PF00931	PF21296
PF00931	PF22080
PF00931	PF22094
PF00931	PF22164
PF00932	PF00932
PF00932	PF02961
PF00933	PF00933
PF00933	PF01915
PF00933	PF14310
PF00933	PF18034
PF00933	PF18559
PF00933	PF21566
PF00934	PF00934
PF00934	PF14011
PF00936	PF00936
PF00936	PF01361
PF00936	PF03091
PF00936	PF03319
PF00936	PF10634
PF00936	PF12288
PF00936	PF13577
PF00937	PF00937
PF00937	PF07686
PF00937	PF12379
PF00939	PF00939
PF00940	PF00940
PF00940	PF01510
PF00940	PF14700
PF00941	PF01315
PF00941	PF01799
PF00941	PF03450
PF00941	PF20256
PF00942	PF00942
PF00943	PF00943
PF00943	PF00944
PF00943	PF01563
PF00943	PF01589
PF00943	PF07686
PF00944	PF00944
PF00944	PF01589
PF00945	PF00945
PF00945	PF03012
PF00945	PF06326
PF00945	PF07686
PF00946	PF00946
PF00946	PF01806
PF00946	PF02097
PF00946	PF02478
PF00946	PF03012
PF00946	PF03210
PF00946	PF14318
PF00946	PF21080
PF00947	PF00947
PF00947	PF09273
PF00948	PF00948
PF00948	PF07686
PF00949	PF00949
PF00949	PF01002
PF00949	PF07652
PF00950	PF00950
PF00952	PF00952
PF00953	PF00953
PF00953	PF07686
PF00953	PF10555
PF00954	PF00954
PF00954	PF01453
PF00954	PF06876
PF00954	PF08276
PF00955	PF00955
PF00955	PF01102
PF00955	PF07565
PF00955	PF07686
PF00956	PF00956
PF00956	PF08214
PF00957	PF00957
PF00957	PF00995
PF00957	PF01742
PF00957	PF05739
PF00957	PF05835
PF00957	PF12352
PF00957	PF13637
PF00957	PF13774
PF00957	PF14938
PF00958	PF00958
PF00958	PF02540
PF00959	PF00959
PF00959	PF00990
PF00959	PF02198
PF00959	PF02216
PF00959	PF03176
PF00959	PF03473
PF00959	PF03476
PF00959	PF03505
PF00959	PF06714
PF00959	PF07686
PF00959	PF12624
PF00959	PF12781
PF00959	PF14011
PF00959	PF14634
PF00959	PF15009
PF00959	PF15043
PF00959	PF15409
PF00959	PF21613
PF00960	PF00960
PF00960	PF02985
PF00960	PF13646
PF00961	PF00961
PF00961	PF14528
PF00962	PF00962
PF00962	PF08451
PF00963	PF00963
PF00964	PF00964
PF00965	PF13688
PF00967	PF00967
PF00969	PF00969
PF00969	PF00993
PF00969	PF01669
PF00969	PF02876
PF00969	PF07654
PF00969	PF07686
PF00969	PF09245
PF00969	PF09291
PF00969	PF09307
PF00970	PF00970
PF00970	PF04969
PF00970	PF07992
PF00970	PF10418
PF00970	PF22290
PF00972	PF00972
PF00972	PF01017
PF00972	PF01728
PF00972	PF02865
PF00972	PF20483
PF00972	PF20907
PF00973	PF00973
PF00973	PF13825
PF00973	PF14313
PF00974	PF00974
PF00974	PF07686
PF00975	PF00975
PF00975	PF07686
PF00976	PF15183
PF00977	PF00977
PF00978	PF00978
PF00978	PF01660
PF00978	PF20896
PF00979	PF00979
PF00979	PF05993
PF00980	PF00980
PF00980	PF05087
PF00982	PF00982
PF00983	PF00983
PF00984	PF00984
PF00984	PF03720
PF00984	PF03721
PF00986	PF00986
PF00986	PF01751
PF00986	PF03884
PF00986	PF18053
PF00986	PF21249
PF00988	PF02786
PF00988	PF02787
PF00989	PF00989
PF00989	PF01590
PF00989	PF02734
PF00989	PF08446
PF00989	PF08447
PF00989	PF13426
PF00989	PF14598
PF00990	PF00990
PF00990	PF01590
PF00990	PF13426
PF00992	PF00992
PF00992	PF13499
PF00992	PF13833
PF00993	PF00993
PF00993	PF01123
PF00993	PF01669
PF00993	PF02876
PF00993	PF07654
PF00993	PF07686
PF00993	PF09245
PF00993	PF09291
PF00993	PF09307
PF00994	PF00994
PF00994	PF01507
PF00994	PF02464
PF00994	PF03453
PF00994	PF03454
PF00994	PF07736
PF00994	PF18146
PF00995	PF00995
PF00995	PF04840
PF00995	PF05739
PF00995	PF11416
PF00996	PF00996
PF00996	PF22603
PF00998	PF00998
PF00999	PF00999
PF00999	PF02254
PF01002	PF01002
PF01003	PF01003
PF01003	PF01547
PF01004	PF01004
PF01004	PF01570
PF01004	PF02832
PF01004	PF21659
PF01007	PF01007
PF01007	PF17655
PF01008	PF01008
PF01008	PF11073
PF01010	PF01010
PF01011	PF13360
PF01011	PF13570
PF01012	PF01012
PF01012	PF02771
PF01012	PF02913
PF01012	PF05187
PF01012	PF13450
PF01012	PF14697
PF01014	PF01014
PF01015	PF01283
PF01015	PF04615
PF01015	PF08772
PF01015	PF17146
PF01015	PF17903
PF01015	PF22591
PF01016	PF01016
PF01016	PF01765
PF01017	PF01728
PF01017	PF02864
PF01017	PF02865
PF01017	PF05999
PF01017	PF10401
PF01017	PF20483
PF01017	PF21354
PF01018	PF01018
PF01018	PF01926
PF01018	PF09269
PF01019	PF01019
PF01021	PF01021
PF01022	PF01022
PF01023	PF01023
PF01023	PF05002
PF01023	PF08205
PF01023	PF13895
PF01023	PF13927
PF01023	PF18521
PF01024	PF01024
PF01024	PF03515
PF01025	PF01025
PF01026	PF01026
PF01027	PF01027
PF01028	PF02919
PF01028	PF09266
PF01028	PF14370
PF01028	PF21338
PF01029	PF01029
PF01029	PF01189
PF01029	PF13184
PF01029	PF22458
PF01030	PF01030
PF01030	PF02216
PF01030	PF07654
PF01030	PF07686
PF01030	PF11921
PF01030	PF12796
PF01030	PF14843
PF01031	PF01031
PF01031	PF02212
PF01032	PF01032
PF01032	PF01497
PF01033	PF01033
PF01033	PF01223
PF01033	PF01663
PF01034	PF01034
PF01035	PF01035
PF01035	PF02870
PF01035	PF09153
PF01035	PF22413
PF01036	PF01036
PF01036	PF17909
PF01037	PF01037
PF01039	PF01039
PF01039	PF02785
PF01039	PF03255
PF01039	PF06833
PF01039	PF06857
PF01039	PF08326
PF01039	PF16957
PF01039	PF17848
PF01039	PF18140
PF01039	PF21139
PF01039	PF21385
PF01040	PF01040
PF01040	PF07686
PF01040	PF12349
PF01041	PF01041
PF01041	PF22127
PF01041	PF22580
PF01042	PF01042
PF01042	PF14588
PF01043	PF01043
PF01043	PF01547
PF01043	PF13416
PF01044	PF01044
PF01044	PF08913
PF01044	PF17985
PF01047	PF01047
PF01047	PF22381
PF01048	PF01048
PF01048	PF10423
PF01051	PF01051
PF01051	PF21205
PF01052	PF01052
PF01052	PF02154
PF01053	PF01053
PF01055	PF01055
PF01055	PF03422
PF01055	PF07691
PF01055	PF12999
PF01055	PF13802
PF01055	PF16990
PF01055	PF17137
PF01055	PF21365
PF01055	PF21568
PF01055	PF22681
PF01057	PF01057
PF01058	PF01058
PF01058	PF01370
PF01058	PF04432
PF01058	PF05071
PF01058	PF05368
PF01058	PF10588
PF01058	PF10589
PF01058	PF10664
PF01058	PF11432
PF01058	PF11909
PF01058	PF11910
PF01058	PF12838
PF01058	PF13187
PF01058	PF13233
PF01058	PF14720
PF01059	PF08040
PF01059	PF09781
PF01059	PF10183
PF01059	PF10249
PF01061	PF01061
PF01061	PF06422
PF01061	PF14510
PF01061	PF19055
PF01062	PF01062
PF01062	PF07686
PF01063	PF01063
PF01064	PF01064
PF01064	PF07654
PF01064	PF07686
PF01064	PF08917
PF01065	PF01065
PF01065	PF01310
PF01065	PF01686
PF01065	PF02455
PF01065	PF02993
PF01065	PF03678
PF01065	PF03910
PF01065	PF03955
PF01065	PF07686
PF01066	PF01066
PF01066	PF12804
PF01066	PF21682
PF01067	PF13833
PF01068	PF01068
PF01068	PF04675
PF01068	PF04679
PF01068	PF14743
PF01068	PF17879
PF01070	PF01070
PF01071	PF01071
PF01071	PF02843
PF01071	PF02844
PF01073	PF01073
PF01074	PF01074
PF01074	PF07748
PF01074	PF09261
PF01074	PF16158
PF01074	PF17677
PF01074	PF18230
PF01074	PF18438
PF01074	PF22907
PF01075	PF01075
PF01075	PF21129
PF01076	PF01076
PF01077	PF01077
PF01077	PF03460
PF01077	PF04358
PF01077	PF04432
PF01078	PF01078
PF01078	PF13335
PF01078	PF13541
PF01078	PF17863
PF01078	PF20436
PF01080	PF01080
PF01080	PF03494
PF01080	PF06105
PF01080	PF10251
PF01081	PF01081
PF01081	PF13432
PF01082	PF01082
PF01082	PF03712
PF01083	PF01083
PF01084	PF01165
PF01084	PF01250
PF01084	PF04839
PF01084	PF10245
PF01084	PF14943
PF01085	PF01085
PF01085	PF02351
PF01085	PF02460
PF01085	PF07686
PF01085	PF07995
PF01087	PF01087
PF01087	PF02744
PF01088	PF01088
PF01088	PF13919
PF01088	PF16211
PF01088	PF16550
PF01088	PF18031
PF01091	PF05196
PF01092	PF13725
PF01093	PF01093
PF01094	PF01094
PF01094	PF07562
PF01094	PF07654
PF01094	PF07686
PF01094	PF10613
PF01095	PF01095
PF01095	PF04043
PF01096	PF03871
PF01096	PF04563
PF01096	PF04983
PF01096	PF04998
PF01096	PF05000
PF01096	PF05183
PF01096	PF06883
PF01097	PF01097
PF01098	PF01098
PF01098	PF03717
PF01098	PF04977
PF01098	PF04999
PF01099	PF01099
PF01099	PF01403
PF01099	PF09252
PF01102	PF01102
PF01103	PF01103
PF01103	PF01459
PF01103	PF03797
PF01103	PF07244
PF01103	PF07686
PF01103	PF10568
PF01103	PF10806
PF01103	PF11801
PF01103	PF13360
PF01103	PF13525
PF01103	PF16358
PF01103	PF17172
PF01105	PF01105
PF01108	PF01108
PF01108	PF07140
PF01108	PF07654
PF01108	PF07686
PF01108	PF09294
PF01108	PF14565
PF01108	PF14670
PF01108	PF15177
PF01109	PF01109
PF01109	PF02250
PF01109	PF07686
PF01109	PF09240
PF01109	PF18611
PF01109	PF21460
PF01110	PF01110
PF01110	PF09240
PF01110	PF21177
PF01111	PF01111
PF01112	PF01112
PF01113	PF01113
PF01113	PF02800
PF01113	PF05173
PF01113	PF16654
PF01113	PF19328
PF01114	PF02740
PF01115	PF01115
PF01115	PF01267
PF01115	PF08385
PF01115	PF12796
PF01115	PF16000
PF01116	PF01116
PF01117	PF01117
PF01117	PF03440
PF01118	PF01118
PF01118	PF02774
PF01118	PF09290
PF01118	PF22698
PF01119	PF13589
PF01120	PF01120
PF01120	PF16757
PF01120	PF22633
PF01121	PF01121
PF01121	PF04229
PF01122	PF01122
PF01122	PF07686
PF01122	PF14478
PF01123	PF01123
PF01123	PF02876
PF01123	PF07654
PF01123	PF07686
PF01124	PF01124
PF01125	PF01846
PF01125	PF02731
PF01125	PF08082
PF01125	PF08083
PF01125	PF16131
PF01125	PF21369
PF01126	PF01126
PF01127	PF01127
PF01127	PF05328
PF01127	PF13085
PF01127	PF13183
PF01127	PF13237
PF01127	PF13534
PF01128	PF01128
PF01128	PF02542
PF01128	PF18706
PF01129	PF01129
PF01129	PF03747
PF01130	PF01130
PF01130	PF03011
PF01130	PF07686
PF01131	PF01131
PF01131	PF01396
PF01131	PF01751
PF01131	PF08585
PF01131	PF13368
PF01131	PF17915
PF01131	PF21372
PF01132	PF08207
PF01132	PF09285
PF01133	PF01133
PF01134	PF01134
PF01134	PF13932
PF01134	PF21680
PF01135	PF01135
PF01135	PF20799
PF01137	PF01137
PF01138	PF01138
PF01138	PF03725
PF01138	PF03726
PF01138	PF10447
PF01138	PF12111
PF01138	PF14382
PF01138	PF17849
PF01138	PF18311
PF01138	PF21261
PF01138	PF21262
PF01138	PF21266
PF01138	PF21551
PF01138	PF22625
PF01139	PF01139
PF01139	PF01951
PF01139	PF18267
PF01140	PF01140
PF01142	PF01142
PF01144	PF01144
PF01145	PF01145
PF01145	PF06480
PF01146	PF01146
PF01147	PF01147
PF01148	PF01148
PF01149	PF01149
PF01149	PF06827
PF01149	PF06831
PF01149	PF09292
PF01150	PF01150
PF01151	PF01151
PF01152	PF01152
PF01153	PF01153
PF01153	PF07679
PF01153	PF07686
PF01154	PF01154
PF01154	PF01796
PF01154	PF08540
PF01154	PF08541
PF01154	PF12172
PF01155	PF01155
PF01155	PF10609
PF01156	PF01156
PF01156	PF20160
PF01157	PF01779
PF01157	PF17144
PF01158	PF01248
PF01158	PF01294
PF01158	PF04427
PF01158	PF07780
PF01158	PF08145
PF01158	PF09420
PF01158	PF11861
PF01159	PF01159
PF01159	PF01247
PF01159	PF01929
PF01159	PF04427
PF01159	PF08079
PF01161	PF01161
PF01161	PF18471
PF01161	PF18699
PF01163	PF01163
PF01163	PF03297
PF01163	PF08617
PF01163	PF09202
PF01165	PF02033
PF01165	PF04839
PF01166	PF01166
PF01167	PF01167
PF01168	PF01168
PF01168	PF14031
PF01168	PF21279
PF01170	PF01170
PF01170	PF02926
PF01170	PF03966
PF01170	PF10672
PF01170	PF21888
PF01170	PF22020
PF01171	PF01171
PF01171	PF02597
PF01171	PF09179
PF01171	PF22082
PF01172	PF09377
PF01174	PF01174
PF01174	PF01680
PF01175	PF17391
PF01175	PF17392
PF01176	PF01176
PF01176	PF01873
PF01176	PF04758
PF01176	PF11987
PF01177	PF01177
PF01179	PF01179
PF01179	PF02727
PF01179	PF02728
PF01179	PF07833
PF01179	PF09248
PF01179	PF21994
PF01180	PF01180
PF01180	PF07992
PF01180	PF10418
PF01180	PF14691
PF01180	PF14697
PF01182	PF01182
PF01183	PF01183
PF01183	PF08239
PF01183	PF19127
PF01184	PF01184
PF01187	PF01187
PF01189	PF01189
PF01189	PF01472
PF01189	PF03657
PF01189	PF03914
PF01189	PF13636
PF01189	PF17125
PF01189	PF17126
PF01189	PF17833
PF01189	PF21148
PF01189	PF21150
PF01189	PF22458
PF01190	PF01190
PF01191	PF03871
PF01191	PF04997
PF01191	PF04998
PF01191	PF12136
PF01192	PF01193
PF01192	PF03876
PF01192	PF04560
PF01192	PF04983
PF01192	PF04998
PF01192	PF05327
PF01192	PF10298
PF01193	PF01193
PF01193	PF01194
PF01193	PF03118
PF01193	PF03466
PF01193	PF03604
PF01193	PF03870
PF01193	PF04801
PF01193	PF04983
PF01193	PF04998
PF01193	PF05000
PF01193	PF07288
PF01193	PF08208
PF01193	PF08612
PF01193	PF13656
PF01194	PF03985
PF01194	PF04563
PF01194	PF04801
PF01194	PF08208
PF01195	PF01195
PF01196	PF01196
PF01196	PF01783
PF01196	PF07147
PF01196	PF18502
PF01197	PF01281
PF01198	PF09439
PF01199	PF01248
PF01199	PF01777
PF01200	PF01283
PF01200	PF05091
PF01201	PF03657
PF01201	PF05890
PF01201	PF16205
PF01201	PF17835
PF01202	PF01202
PF01202	PF01487
PF01202	PF01488
PF01204	PF01204
PF01204	PF07492
PF01205	PF05773
PF01206	PF04143
PF01207	PF01207
PF01208	PF01208
PF01209	PF01209
PF01210	PF01210
PF01210	PF07479
PF01212	PF01212
PF01212	PF02347
PF01212	PF21478
PF01214	PF01214
PF01215	PF01215
PF01215	PF02046
PF01215	PF02238
PF01215	PF02284
PF01215	PF02790
PF01215	PF02936
PF01216	PF01216
PF01217	PF01217
PF01217	PF01602
PF01218	PF01218
PF01219	PF01219
PF01220	PF01220
PF01221	PF01221
PF01221	PF03259
PF01221	PF03645
PF01221	PF06098
PF01221	PF11540
PF01221	PF13499
PF01222	PF01222
PF01223	PF01223
PF01223	PF01353
PF01223	PF01663
PF01223	PF07924
PF01223	PF08785
PF01223	PF13930
PF01223	PF18026
PF01225	PF01225
PF01225	PF02875
PF01225	PF08245
PF01226	PF01226
PF01227	PF01227
PF01227	PF06399
PF01228	PF02901
PF01229	PF01229
PF01229	PF21200
PF01230	PF01230
PF01230	PF11969
PF01230	PF16278
PF01231	PF01231
PF01232	PF01232
PF01232	PF08125
PF01233	PF01233
PF01233	PF02799
PF01234	PF01234
PF01235	PF07686
PF01237	PF01237
PF01238	PF20511
PF01239	PF01239
PF01242	PF01242
PF01243	PF01243
PF01243	PF10590
PF01243	PF10615
PF01243	PF13883
PF01244	PF01244
PF01244	PF07686
PF01245	PF02410
PF01246	PF01912
PF01246	PF08155
PF01246	PF11861
PF01248	PF01248
PF01248	PF01269
PF01248	PF01479
PF01248	PF01509
PF01248	PF01547
PF01248	PF01599
PF01248	PF01777
PF01248	PF01780
PF01248	PF01798
PF01248	PF03501
PF01248	PF04032
PF01248	PF04135
PF01248	PF04180
PF01248	PF04774
PF01248	PF05162
PF01248	PF05291
PF01248	PF06732
PF01248	PF08145
PF01248	PF08572
PF01248	PF09420
PF01248	PF09805
PF01248	PF10453
PF01248	PF12230
PF01249	PF03719
PF01250	PF01250
PF01250	PF14943
PF01251	PF02338
PF01251	PF08069
PF01252	PF01252
PF01253	PF01253
PF01253	PF01873
PF01253	PF05470
PF01255	PF01255
PF01256	PF01256
PF01256	PF03853
PF01257	PF01257
PF01257	PF01512
PF01257	PF04800
PF01257	PF10531
PF01257	PF10589
PF01257	PF11497
PF01257	PF12838
PF01257	PF13459
PF01257	PF14697
PF01257	PF15880
PF01257	PF22117
PF01257	PF22461
PF01258	PF01258
PF01258	PF04563
PF01258	PF04998
PF01258	PF05000
PF01258	PF21157
PF01258	PF21173
PF01259	PF01259
PF01261	PF01261
PF01261	PF14696
PF01261	PF19906
PF01262	PF01262
PF01262	PF02233
PF01262	PF05222
PF01262	PF08240
PF01263	PF01263
PF01263	PF01370
PF01264	PF01264
PF01266	PF01266
PF01266	PF01494
PF01266	PF01571
PF01266	PF04267
PF01266	PF05430
PF01266	PF07992
PF01266	PF08669
PF01266	PF13510
PF01266	PF16350
PF01266	PF16901
PF01266	PF17806
PF01266	PF22578
PF01267	PF01267
PF01267	PF12796
PF01267	PF16000
PF01268	PF01268
PF01269	PF01269
PF01269	PF01798
PF01269	PF08156
PF01269	PF21572
PF01270	PF01270
PF01272	PF01272
PF01272	PF03449
PF01272	PF04563
PF01272	PF04998
PF01272	PF05000
PF01272	PF14760
PF01273	PF01273
PF01273	PF01547
PF01273	PF02886
PF01274	PF01274
PF01274	PF20656
PF01274	PF20658
PF01274	PF20659
PF01276	PF01276
PF01276	PF03709
PF01276	PF03711
PF01278	PF01278
PF01279	PF01279
PF01279	PF02793
PF01279	PF13513
PF01280	PF01280
PF01280	PF01776
PF01281	PF01281
PF01281	PF03948
PF01282	PF01282
PF01282	PF01479
PF01282	PF01655
PF01282	PF17135
PF01284	PF01496
PF01285	PF01285
PF01286	PF05181
PF01287	PF01287
PF01287	PF21485
PF01288	PF01288
PF01289	PF01289
PF01289	PF17440
PF01291	PF01291
PF01291	PF07686
PF01291	PF09240
PF01291	PF21177
PF01292	PF01292
PF01292	PF09163
PF01292	PF13247
PF01292	PF14720
PF01293	PF01293
PF01294	PF09420
PF01294	PF17135
PF01296	PF08249
PF01297	PF01297
PF01297	PF07686
PF01297	PF09223
PF01298	PF01298
PF01298	PF07686
PF01298	PF17483
PF01298	PF17484
PF01299	PF01299
PF01299	PF07686
PF01300	PF01300
PF01300	PF03481
PF01300	PF07503
PF01300	PF17788
PF01300	PF22521
PF01301	PF01301
PF01301	PF10435
PF01301	PF13363
PF01301	PF13364
PF01301	PF17834
PF01301	PF18120
PF01301	PF21317
PF01301	PF21467
PF01302	PF01302
PF01302	PF03271
PF01302	PF16641
PF01303	PF01303
PF01303	PF11386
PF01306	PF01306
PF01306	PF07686
PF01310	PF01310
PF01310	PF02455
PF01310	PF03678
PF01311	PF01312
PF01311	PF01313
PF01311	PF02049
PF01312	PF01312
PF01312	PF01313
PF01313	PF01313
PF01314	PF01314
PF01314	PF02730
PF01314	PF12800
PF01314	PF12837
PF01314	PF13247
PF01315	PF01315
PF01315	PF01799
PF01315	PF02738
PF01315	PF20256
PF01316	PF01316
PF01316	PF02863
PF01318	PF01318
PF01320	PF01320
PF01320	PF07654
PF01320	PF21431
PF01321	PF01321
PF01321	PF16189
PF01322	PF01322
PF01322	PF13442
PF01323	PF01323
PF01323	PF02600
PF01323	PF13462
PF01324	PF01324
PF01324	PF02763
PF01324	PF02764
PF01325	PF01325
PF01325	PF02742
PF01325	PF04023
PF01325	PF18357
PF01326	PF01326
PF01326	PF02896
PF01327	PF01327
PF01328	PF01328
PF01329	PF01329
PF01330	PF01330
PF01330	PF07499
PF01330	PF14520
PF01331	PF01331
PF01331	PF02940
PF01331	PF03919
PF01333	PF02529
PF01333	PF03742
PF01333	PF05115
PF01333	PF16639
PF01335	PF01335
PF01336	PF01336
PF01336	PF02768
PF01336	PF07733
PF01336	PF08489
PF01336	PF08646
PF01336	PF08661
PF01336	PF15489
PF01336	PF15490
PF01336	PF16900
PF01336	PF17657
PF01337	PF01337
PF01338	PF01338
PF01340	PF01340
PF01341	PF01341
PF01341	PF07686
PF01342	PF01342
PF01343	PF01343
PF01344	PF01344
PF01344	PF01419
PF01344	PF02214
PF01344	PF06588
PF01344	PF07646
PF01344	PF07686
PF01344	PF07707
PF01344	PF09118
PF01344	PF10602
PF01344	PF13415
PF01344	PF13418
PF01344	PF13854
PF01344	PF13964
PF01346	PF01346
PF01347	PF09172
PF01347	PF19444
PF01348	PF21368
PF01351	PF01351
PF01351	PF02747
PF01351	PF04997
PF01351	PF08615
PF01351	PF17745
PF01353	PF01353
PF01353	PF01547
PF01353	PF01635
PF01353	PF02861
PF01353	PF02985
PF01353	PF03130
PF01353	PF03480
PF01353	PF04069
PF01353	PF04536
PF01353	PF04972
PF01353	PF06645
PF01353	PF07086
PF01353	PF07686
PF01353	PF07710
PF01353	PF07884
PF01353	PF09200
PF01353	PF12008
PF01353	PF12796
PF01353	PF13202
PF01353	PF13416
PF01353	PF13499
PF01353	PF13637
PF01353	PF13646
PF01353	PF13857
PF01353	PF14377
PF01353	PF16925
PF01353	PF18112
PF01353	PF18279
PF01353	PF18771
PF01353	PF21521
PF01355	PF01355
PF01355	PF02276
PF01357	PF01357
PF01357	PF03330
PF01357	PF07686
PF01358	PF01358
PF01358	PF03296
PF01358	PF12629
PF01358	PF12630
PF01361	PF01361
PF01361	PF21420
PF01363	PF01363
PF01364	PF01364
PF01364	PF03785
PF01364	PF08126
PF01365	PF01365
PF01365	PF02815
PF01365	PF08709
PF01365	PF21119
PF01366	PF01366
PF01366	PF02499
PF01366	PF02500
PF01366	PF03581
PF01367	PF01367
PF01367	PF02739
PF01367	PF22619
PF01368	PF01368
PF01368	PF02272
PF01368	PF02833
PF01368	PF22090
PF01369	PF01369
PF01369	PF09324
PF01369	PF12783
PF01369	PF13499
PF01369	PF16453
PF01369	PF18248
PF01370	PF01370
PF01370	PF02911
PF01370	PF04321
PF01370	PF04800
PF01370	PF05071
PF01370	PF08338
PF01370	PF16363
PF01371	PF01371
PF01372	PF01372
PF01372	PF13499
PF01373	PF01373
PF01374	PF01374
PF01375	PF01375
PF01375	PF01376
PF01375	PF06453
PF01376	PF01376
PF01378	PF01378
PF01378	PF02216
PF01378	PF07654
PF01378	PF07686
PF01378	PF09827
PF01379	PF01379
PF01379	PF03900
PF01380	PF01380
PF01380	PF01418
PF01380	PF13522
PF01381	PF01381
PF01381	PF02195
PF01381	PF04545
PF01381	PF05015
PF01381	PF05339
PF01381	PF05973
PF01381	PF07804
PF01381	PF08523
PF01381	PF08671
PF01381	PF09907
PF01381	PF13657
PF01381	PF17762
PF01381	PF18430
PF01381	PF18710
PF01381	PF18768
PF01381	PF21259
PF01381	PF22459
PF01382	PF01382
PF01384	PF01384
PF01385	PF07282
PF01385	PF12323
PF01386	PF01386
PF01386	PF14693
PF01387	PF01387
PF01387	PF01547
PF01387	PF02216
PF01387	PF13499
PF01388	PF01388
PF01388	PF02373
PF01388	PF04433
PF01388	PF04855
PF01388	PF08169
PF01389	PF01389
PF01389	PF07686
PF01390	PF01390
PF01390	PF06060
PF01390	PF07686
PF01391	PF01391
PF01392	PF01392
PF01392	PF01534
PF01392	PF01547
PF01392	PF07361
PF01392	PF07686
PF01392	PF12796
PF01392	PF12920
PF01393	PF01393
PF01393	PF03735
PF01394	PF01394
PF01394	PF02752
PF01394	PF09268
PF01395	PF01395
PF01395	PF07686
PF01396	PF21372
PF01397	PF01397
PF01397	PF03936
PF01398	PF01398
PF01398	PF01851
PF01398	PF02889
PF01398	PF06201
PF01398	PF07686
PF01398	PF08084
PF01398	PF10557
PF01398	PF12134
PF01398	PF13012
PF01398	PF13519
PF01398	PF15264
PF01398	PF16450
PF01398	PF18098
PF01398	PF18110
PF01398	PF18323
PF01398	PF18420
PF01398	PF19445
PF01398	PF21125
PF01398	PF21236
PF01398	PF22037
PF01399	PF01399
PF01399	PF03399
PF01399	PF05160
PF01399	PF05470
PF01399	PF09440
PF01399	PF10075
PF01399	PF10255
PF01399	PF10602
PF01399	PF13012
PF01399	PF18261
PF01399	PF18420
PF01399	PF21154
PF01399	PF22037
PF01399	PF22061
PF01399	PF22241
PF01399	PF22591
PF01399	PF22788
PF01400	PF01400
PF01400	PF22486
PF01401	PF01401
PF01401	PF01600
PF01401	PF07686
PF01401	PF09408
PF01401	PF16959
PF01402	PF01402
PF01402	PF01850
PF01402	PF02452
PF01402	PF08753
PF01403	PF01403
PF01403	PF01437
PF01403	PF01833
PF01403	PF07686
PF01403	PF08191
PF01403	PF17960
PF01404	PF01404
PF01404	PF02489
PF01404	PF07686
PF01404	PF11108
PF01405	PF02419
PF01405	PF05151
PF01406	PF01406
PF01406	PF09190
PF01408	PF01408
PF01408	PF02894
PF01408	PF09166
PF01408	PF16654
PF01408	PF19051
PF01408	PF19328
PF01408	PF19858
PF01408	PF21252
PF01408	PF21378
PF01408	PF21390
PF01408	PF22685
PF01408	PF22725
PF01409	PF01409
PF01409	PF03147
PF01409	PF03483
PF01409	PF03484
PF01409	PF17759
PF01409	PF18006
PF01409	PF18262
PF01410	PF01410
PF01411	PF01411
PF01411	PF07973
PF01412	PF01412
PF01412	PF08518
PF01412	PF12796
PF01413	PF01413
PF01414	PF01414
PF01414	PF07645
PF01414	PF07654
PF01414	PF07657
PF01414	PF07686
PF01414	PF21700
PF01415	PF18447
PF01416	PF01416
PF01417	PF01417
PF01417	PF05008
PF01417	PF07651
PF01418	PF01418
PF01419	PF01419
PF01419	PF03318
PF01420	PF01420
PF01420	PF02384
PF01420	PF07275
PF01420	PF08684
PF01421	PF01421
PF01421	PF03736
PF01421	PF07686
PF01421	PF08516
PF01421	PF13855
PF01421	PF17771
PF01423	PF01423
PF01423	PF03194
PF01423	PF03517
PF01423	PF04112
PF01423	PF04938
PF01423	PF05391
PF01423	PF06220
PF01423	PF06544
PF01423	PF06658
PF01423	PF09770
PF01423	PF12134
PF01423	PF12220
PF01423	PF13297
PF01423	PF14580
PF01423	PF16837
PF01423	PF16842
PF01424	PF01424
PF01424	PF13083
PF01424	PF14804
PF01425	PF01425
PF01425	PF02637
PF01425	PF02682
PF01425	PF02686
PF01425	PF02934
PF01425	PF13318
PF01425	PF20977
PF01425	PF21986
PF01426	PF01426
PF01426	PF11603
PF01426	PF12436
PF01426	PF15511
PF01427	PF01427
PF01429	PF01429
PF01429	PF14949
PF01430	PF01430
PF01431	PF01431
PF01431	PF05649
PF01432	PF01432
PF01432	PF08439
PF01432	PF19310
PF01433	PF01433
PF01433	PF01600
PF01433	PF02202
PF01433	PF09127
PF01433	PF11838
PF01433	PF11940
PF01433	PF17432
PF01433	PF17900
PF01434	PF01434
PF01434	PF02866
PF01434	PF03747
PF01434	PF17862
PF01435	PF01435
PF01435	PF14559
PF01435	PF16491
PF01436	PF01436
PF01436	PF08450
PF01436	PF13905
PF01437	PF01437
PF01437	PF01833
PF01437	PF13895
PF01437	PF17960
PF01437	PF18020
PF01441	PF01441
PF01441	PF07654
PF01441	PF07686
PF01442	PF01442
PF01443	PF01443
PF01443	PF01707
PF01443	PF05970
PF01443	PF06792
PF01443	PF17873
PF01443	PF20896
PF01447	PF01447
PF01447	PF01826
PF01447	PF02868
PF01447	PF03413
PF01448	PF18192
PF01450	PF01450
PF01450	PF07991
PF01451	PF01451
PF01451	PF21234
PF01452	PF01452
PF01454	PF01454
PF01454	PF02463
PF01454	PF07574
PF01454	PF07686
PF01454	PF15412
PF01455	PF01455
PF01455	PF01924
PF01455	PF02769
PF01458	PF01458
PF01458	PF19295
PF01459	PF01459
PF01459	PF01956
PF01459	PF04281
PF01459	PF06417
PF01459	PF08038
PF01459	PF09430
PF01459	PF10568
PF01459	PF10642
PF01459	PF11801
PF01459	PF15184
PF01459	PF17112
PF01462	PF01462
PF01462	PF01463
PF01462	PF02191
PF01462	PF11921
PF01462	PF12799
PF01462	PF13306
PF01462	PF13855
PF01463	PF02191
PF01463	PF13855
PF01464	PF01464
PF01464	PF04151
PF01464	PF11873
PF01464	PF14718
PF01465	PF01465
PF01466	PF03931
PF01466	PF04300
PF01466	PF12796
PF01466	PF12937
PF01466	PF18511
PF01467	PF01467
PF01468	PF07554
PF01470	PF01470
PF01471	PF01471
PF01471	PF01510
PF01471	PF03734
PF01471	PF08291
PF01471	PF11860
PF01471	PF13180
PF01471	PF13406
PF01471	PF21398
PF01472	PF01472
PF01472	PF01509
PF01472	PF01702
PF01472	PF04925
PF01472	PF08068
PF01472	PF09183
PF01472	PF14809
PF01472	PF14810
PF01472	PF16198
PF01472	PF17832
PF01472	PF21023
PF01472	PF22176
PF01473	PF01473
PF01473	PF02324
PF01473	PF07686
PF01473	PF12920
PF01473	PF19085
PF01473	PF19127
PF01474	PF01474
PF01474	PF01817
PF01475	PF01475
PF01475	PF03118
PF01476	PF01476
PF01476	PF03734
PF01476	PF04972
PF01476	PF07686
PF01477	PF01477
PF01477	PF02740
PF01477	PF02759
PF01478	PF01478
PF01478	PF06847
PF01479	PF01479
PF01479	PF04006
PF01479	PF04751
PF01479	PF04758
PF01479	PF05833
PF01479	PF08071
PF01479	PF08523
PF01479	PF08662
PF01479	PF21278
PF01480	PF01480
PF01480	PF08920
PF01481	PF01481
PF01483	PF07686
PF01483	PF18492
PF01485	PF01485
PF01485	PF10557
PF01485	PF19422
PF01485	PF21235
PF01486	PF01486
PF01487	PF01487
PF01487	PF01761
PF01487	PF08501
PF01487	PF18317
PF01488	PF01488
PF01488	PF05201
PF01488	PF08501
PF01488	PF18317
PF01490	PF07686
PF01491	PF01491
PF01491	PF01592
PF01493	PF01568
PF01493	PF01645
PF01493	PF01913
PF01493	PF02741
PF01493	PF04898
PF01493	PF07969
PF01494	PF01494
PF01494	PF05199
PF01494	PF07976
PF01494	PF07992
PF01494	PF13450
PF01494	PF21274
PF01494	PF22045
PF01496	PF01496
PF01496	PF01991
PF01496	PF01992
PF01496	PF03179
PF01496	PF03223
PF01496	PF03224
PF01496	PF05493
PF01496	PF11698
PF01496	PF16999
PF01496	PF18274
PF01496	PF18670
PF01497	PF01497
PF01497	PF07686
PF01499	PF01499
PF01499	PF01802
PF01499	PF03122
PF01499	PF03327
PF01499	PF04559
PF01499	PF17086
PF01501	PF01501
PF01501	PF05693
PF01501	PF14393
PF01502	PF01502
PF01502	PF01503
PF01503	PF01503
PF01504	PF01504
PF01505	PF01505
PF01505	PF17794
PF01505	PF17796
PF01507	PF01507
PF01507	PF03144
PF01507	PF22594
PF01509	PF01509
PF01509	PF04135
PF01509	PF04410
PF01509	PF08068
PF01509	PF09142
PF01509	PF09157
PF01509	PF16198
PF01510	PF01510
PF01510	PF14700
PF01512	PF03116
PF01512	PF04800
PF01512	PF10531
PF01512	PF10589
PF01512	PF12838
PF01512	PF13237
PF01512	PF13375
PF01512	PF13459
PF01512	PF13510
PF01512	PF15880
PF01512	PF22117
PF01512	PF22461
PF01513	PF20143
PF01514	PF01514
PF01514	PF09480
PF01515	PF01515
PF01515	PF03949
PF01516	PF01516
PF01516	PF01700
PF01517	PF01517
PF01518	PF01518
PF01519	PF01519
PF01520	PF01520
PF01520	PF01551
PF01520	PF04122
PF01520	PF11741
PF01520	PF21465
PF01521	PF01521
PF01522	PF01522
PF01522	PF02839
PF01522	PF14883
PF01522	PF18627
PF01523	PF01523
PF01523	PF19289
PF01523	PF19290
PF01526	PF01526
PF01526	PF13700
PF01529	PF01529
PF01529	PF10256
PF01532	PF01532
PF01533	PF01533
PF01534	PF01534
PF01534	PF07361
PF01534	PF07686
PF01534	PF13692
PF01535	PF01535
PF01535	PF12854
PF01535	PF13041
PF01535	PF13812
PF01536	PF01536
PF01537	PF01537
PF01537	PF07686
PF01537	PF08205
PF01538	PF01538
PF01539	PF01539
PF01539	PF01560
PF01539	PF07686
PF01541	PF01541
PF01541	PF09494
PF01543	PF07686
PF01544	PF01544
PF01544	PF07686
PF01545	PF01545
PF01545	PF16916
PF01546	PF01546
PF01547	PF01547
PF01547	PF01648
PF01547	PF02064
PF01547	PF02170
PF01547	PF02180
PF01547	PF02216
PF01547	PF02301
PF01547	PF02617
PF01547	PF02671
PF01547	PF02758
PF01547	PF02793
PF01547	PF02836
PF01547	PF02974
PF01547	PF03359
PF01547	PF03366
PF01547	PF03567
PF01547	PF04707
PF01547	PF04901
PF01547	PF05076
PF01547	PF05254
PF01547	PF05687
PF01547	PF07373
PF01547	PF07654
PF01547	PF07679
PF01547	PF07686
PF01547	PF08294
PF01547	PF08724
PF01547	PF08771
PF01547	PF08817
PF01547	PF09030
PF01547	PF10165
PF01547	PF10502
PF01547	PF11386
PF01547	PF12093
PF01547	PF12470
PF01547	PF12796
PF01547	PF12892
PF01547	PF13354
PF01547	PF13416
PF01547	PF13456
PF01547	PF13621
PF01547	PF14785
PF01547	PF15129
PF01547	PF16583
PF01547	PF16619
PF01547	PF16716
PF01547	PF16878
PF01547	PF16984
PF01547	PF17708
PF01547	PF17793
PF01547	PF17837
PF01547	PF18008
PF01547	PF18774
PF01547	PF18778
PF01547	PF20144
PF01547	PF20635
PF01547	PF20829
PF01547	PF22381
PF01547	PF22434
PF01548	PF01548
PF01548	PF02371
PF01551	PF01551
PF01551	PF04225
PF01551	PF08460
PF01551	PF12685
PF01551	PF18059
PF01551	PF18421
PF01551	PF19425
PF01551	PF21640
PF01551	PF22310
PF01553	PF14829
PF01553	PF19277
PF01554	PF01554
PF01554	PF07686
PF01555	PF01555
PF01555	PF04851
PF01555	PF18755
PF01556	PF01556
PF01556	PF04712
PF01556	PF16273
PF01557	PF01557
PF01557	PF09298
PF01557	PF10370
PF01557	PF18288
PF01558	PF01558
PF01558	PF01855
PF01558	PF02775
PF01558	PF10371
PF01558	PF17147
PF01560	PF01560
PF01560	PF07654
PF01560	PF07686
PF01561	PF01561
PF01561	PF01567
PF01561	PF07686
PF01561	PF20682
PF01561	PF20726
PF01563	PF07654
PF01563	PF07686
PF01564	PF01564
PF01564	PF17284
PF01565	PF01565
PF01565	PF02873
PF01565	PF02913
PF01565	PF04030
PF01565	PF08031
PF01565	PF09129
PF01565	PF09265
PF01565	PF09330
PF01565	PF10200
PF01565	PF13442
PF01566	PF01566
PF01566	PF07686
PF01567	PF01567
PF01567	PF07686
PF01568	PF03892
PF01568	PF04879
PF01568	PF11390
PF01568	PF12800
PF01568	PF12838
PF01568	PF13247
PF01568	PF14589
PF01568	PF18364
PF01568	PF18465
PF01568	PF21423
PF01568	PF22117
PF01569	PF01569
PF01570	PF01570
PF01570	PF07686
PF01571	PF01571
PF01571	PF01597
PF01571	PF04267
PF01571	PF04268
PF01571	PF08669
PF01571	PF16350
PF01575	PF01575
PF01575	PF13452
PF01575	PF16073
PF01575	PF17951
PF01575	PF18094
PF01575	PF22235
PF01575	PF22622
PF01576	PF01576
PF01576	PF02736
PF01576	PF13499
PF01578	PF03379
PF01578	PF04995
PF01578	PF05140
PF01578	PF16327
PF01580	PF01580
PF01580	PF17854
PF01582	PF01582
PF01583	PF01583
PF01583	PF01747
PF01583	PF13671
PF01584	PF01584
PF01584	PF02518
PF01584	PF02895
PF01585	PF04408
PF01585	PF07717
PF01588	PF01588
PF01588	PF03483
PF01588	PF14794
PF01588	PF17759
PF01588	PF18489
PF01589	PF01589
PF01589	PF07686
PF01590	PF01590
PF01590	PF02518
PF01590	PF02733
PF01590	PF02734
PF01590	PF04868
PF01590	PF08446
PF01590	PF11544
PF01590	PF13185
PF01590	PF13487
PF01590	PF13492
PF01591	PF01591
PF01592	PF01592
PF01593	PF01593
PF01593	PF04433
PF01593	PF13450
PF01593	PF20878
PF01594	PF01594
PF01595	PF01595
PF01596	PF01596
PF01597	PF01597
PF01597	PF08669
PF01597	PF21948
PF01599	PF05291
PF01600	PF01600
PF01600	PF01601
PF01600	PF07686
PF01600	PF11838
PF01600	PF19209
PF01601	PF01601
PF01601	PF07686
PF01601	PF09408
PF01601	PF16451
PF01601	PF19209
PF01602	PF01602
PF01602	PF04053
PF01602	PF07718
PF01602	PF07933
PF01602	PF08752
PF01602	PF14806
PF01603	PF01603
PF01603	PF02022
PF01603	PF02985
PF01603	PF12697
PF01607	PF01607
PF01608	PF01608
PF01608	PF08913
PF01608	PF21865
PF01608	PF21896
PF01609	PF14706
PF01611	PF01611
PF01611	PF07686
PF01611	PF22307
PF01611	PF22314
PF01612	PF01612
PF01612	PF18305
PF01612	PF21262
PF01612	PF21293
PF01613	PF01613
PF01614	PF01614
PF01614	PF09339
PF01618	PF01618
PF01618	PF01706
PF01618	PF02472
PF01618	PF13677
PF01618	PF20560
PF01619	PF01619
PF01619	PF14850
PF01619	PF18083
PF01619	PF18327
PF01620	PF01620
PF01624	PF01624
PF01624	PF05188
PF01624	PF05192
PF01625	PF01625
PF01625	PF01641
PF01625	PF20939
PF01627	PF01627
PF01627	PF02895
PF01627	PF12796
PF01628	PF01628
PF01630	PF07686
PF01633	PF01633
PF01634	PF01634
PF01634	PF08029
PF01634	PF13393
PF01635	PF01635
PF01635	PF07686
PF01636	PF01636
PF01636	PF12796
PF01636	PF16657
PF01636	PF17914
PF01637	PF21100
PF01638	PF01638
PF01640	PF01640
PF01640	PF13734
PF01641	PF01641
PF01642	PF01642
PF01642	PF02310
PF01642	PF03308
PF01643	PF01643
PF01643	PF20791
PF01644	PF08407
PF01645	PF04898
PF01645	PF07992
PF01645	PF14691
PF01648	PF01648
PF01648	PF17837
PF01648	PF22624
PF01650	PF01650
PF01650	PF04113
PF01650	PF04114
PF01650	PF10467
PF01650	PF10510
PF01650	PF20985
PF01652	PF01652
PF01652	PF05456
PF01652	PF07686
PF01652	PF10477
PF01652	PF12152
PF01652	PF17052
PF01652	PF21140
PF01653	PF01653
PF01653	PF03119
PF01653	PF03120
PF01653	PF14520
PF01653	PF22745
PF01654	PF01654
PF01654	PF02322
PF01654	PF08173
PF01654	PF22282
PF01655	PF01655
PF01655	PF01778
PF01656	PF01656
PF01656	PF03775
PF01656	PF03776
PF01656	PF09274
PF01657	PF01657
PF01660	PF01660
PF01660	PF20896
PF01661	PF01661
PF01661	PF12379
PF01661	PF20852
PF01663	PF01663
PF01663	PF07686
PF01663	PF16347
PF01664	PF01664
PF01664	PF07686
PF01665	PF01665
PF01667	PF05091
PF01667	PF05470
PF01667	PF08069
PF01668	PF01668
PF01668	PF03764
PF01670	PF01670
PF01670	PF13855
PF01670	PF14541
PF01673	PF01673
PF01674	PF01674
PF01676	PF01676
PF01676	PF10143
PF01677	PF01677
PF01677	PF04533
PF01677	PF04540
PF01678	PF01678
PF01680	PF01680
PF01680	PF05690
PF01686	PF01686
PF01686	PF02455
PF01686	PF03678
PF01687	PF01687
PF01687	PF06574
PF01690	PF01690
PF01692	PF02865
PF01692	PF03097
PF01694	PF01694
PF01695	PF01695
PF01695	PF03796
PF01696	PF01696
PF01697	PF01697
PF01698	PF01698
PF01699	PF01699
PF01699	PF03160
PF01699	PF16494
PF01700	PF01700
PF01700	PF05788
PF01701	PF02507
PF01702	PF01702
PF01702	PF14809
PF01704	PF01704
PF01706	PF01706
PF01706	PF14841
PF01706	PF20560
PF01707	PF01707
PF01707	PF20852
PF01709	PF20772
PF01712	PF01712
PF01712	PF04716
PF01712	PF06444
PF01712	PF10183
PF01712	PF15088
PF01713	PF01713
PF01715	PF01715
PF01716	PF01716
PF01716	PF01789
PF01716	PF05757
PF01716	PF06514
PF01716	PF07123
PF01717	PF01717
PF01717	PF08267
PF01719	PF01719
PF01721	PF03609
PF01721	PF03613
PF01722	PF01722
PF01725	PF01725
PF01726	PF01726
PF01728	PF01728
PF01728	PF09805
PF01728	PF18125
PF01728	PF20483
PF01728	PF20907
PF01729	PF01729
PF01729	PF02749
PF01729	PF17956
PF01730	PF01730
PF01730	PF01774
PF01730	PF02492
PF01733	PF01733
PF01734	PF01734
PF01734	PF12796
PF01734	PF20848
PF01734	PF20983
PF01735	PF01735
PF01735	PF18695
PF01737	PF02533
PF01737	PF05969
PF01737	PF06298
PF01738	PF01738
PF01738	PF12146
PF01738	PF20434
PF01739	PF01739
PF01739	PF03705
PF01739	PF07238
PF01740	PF01740
PF01740	PF07686
PF01740	PF13581
PF01741	PF01741
PF01742	PF01742
PF01742	PF07686
PF01742	PF07951
PF01742	PF07952
PF01742	PF07953
PF01742	PF12796
PF01742	PF22133
PF01743	PF01743
PF01743	PF01966
PF01743	PF12627
PF01745	PF01745
PF01746	PF01746
PF01746	PF16953
PF01747	PF01747
PF01747	PF14306
PF01749	PF03810
PF01749	PF08506
PF01749	PF13513
PF01749	PF16186
PF01750	PF01750
PF01751	PF01751
PF01751	PF03884
PF01751	PF13331
PF01751	PF16898
PF01751	PF17915
PF01751	PF21249
PF01752	PF08453
PF01752	PF18496
PF01753	PF01753
PF01755	PF01755
PF01756	PF01756
PF01756	PF02770
PF01756	PF14749
PF01756	PF22924
PF01758	PF01758
PF01758	PF07686
PF01759	PF07677
PF01759	PF17790
PF01759	PF21287
PF01759	PF21406
PF01761	PF01761
PF01762	PF01762
PF01763	PF01763
PF01764	PF01764
PF01764	PF03893
PF01764	PF07686
PF01764	PF18117
PF01765	PF01765
PF01765	PF03764
PF01765	PF07686
PF01765	PF14492
PF01766	PF01766
PF01767	PF01767
PF01768	PF01768
PF01769	PF01769
PF01769	PF07686
PF01770	PF01770
PF01770	PF07361
PF01770	PF07686
PF01771	PF01771
PF01773	PF07662
PF01773	PF07670
PF01774	PF01979
PF01775	PF01929
PF01775	PF08079
PF01778	PF03868
PF01778	PF05997
PF01778	PF17135
PF01780	PF03947
PF01782	PF05239
PF01783	PF18502
PF01784	PF01784
PF01786	PF01786
PF01787	PF01787
PF01788	PF02533
PF01788	PF05969
PF01788	PF14495
PF01789	PF01789
PF01789	PF05757
PF01791	PF01791
PF01793	PF01793
PF01794	PF01794
PF01794	PF03098
PF01794	PF03807
PF01794	PF05038
PF01794	PF07686
PF01794	PF08022
PF01794	PF10204
PF01794	PF15169
PF01796	PF12172
PF01796	PF22691
PF01797	PF01797
PF01798	PF01798
PF01798	PF08083
PF01798	PF10598
PF01798	PF21572
PF01799	PF02738
PF01799	PF03450
PF01799	PF13442
PF01799	PF20256
PF01801	PF02489
PF01801	PF07686
PF01801	PF07982
PF01801	PF11668
PF01802	PF01802
PF01802	PF03122
PF01802	PF03327
PF01802	PF04559
PF01802	PF06070
PF01803	PF12796
PF01804	PF01804
PF01805	PF12108
PF01805	PF12230
PF01805	PF16958
PF01807	PF01807
PF01807	PF08275
PF01808	PF01808
PF01808	PF02142
PF01812	PF01812
PF01813	PF01813
PF01813	PF01990
PF01813	PF01992
PF01813	PF22919
PF01814	PF01814
PF01814	PF04405
PF01815	PF01815
PF01816	PF01816
PF01817	PF01817
PF01818	PF01818
PF01819	PF01819
PF01819	PF03863
PF01820	PF01820
PF01820	PF07478
PF01821	PF01821
PF01821	PF07677
PF01821	PF07686
PF01821	PF12799
PF01821	PF13855
PF01821	PF21406
PF01822	PF21481
PF01822	PF22663
PF01823	PF01823
PF01823	PF06101
PF01823	PF07678
PF01823	PF18577
PF01823	PF21195
PF01823	PF22356
PF01825	PF01825
PF01825	PF07686
PF01825	PF16489
PF01826	PF02868
PF01826	PF08742
PF01826	PF13330
PF01826	PF16164
PF01828	PF01828
PF01829	PF01829
PF01832	PF01832
PF01832	PF17890
PF01832	PF18342
PF01832	PF21576
PF01833	PF01833
PF01833	PF02806
PF01833	PF07686
PF01833	PF12799
PF01833	PF16422
PF01833	PF16423
PF01833	PF18329
PF01834	PF01834
PF01834	PF14791
PF01835	PF01835
PF01835	PF07678
PF01835	PF07703
PF01835	PF17790
PF01835	PF17791
PF01835	PF17973
PF01835	PF21145
PF01835	PF21308
PF01835	PF21309
PF01835	PF21406
PF01835	PF22661
PF01839	PF01839
PF01839	PF07686
PF01839	PF08441
PF01839	PF20805
PF01840	PF01840
PF01841	PF01841
PF01841	PF07686
PF01841	PF11992
PF01841	PF21295
PF01842	PF01842
PF01842	PF19304
PF01842	PF22468
PF01843	PF01843
PF01843	PF17078
PF01844	PF01844
PF01844	PF08798
PF01844	PF09485
PF01844	PF09618
PF01844	PF18541
PF01845	PF01845
PF01845	PF07362
PF01846	PF01846
PF01847	PF01847
PF01847	PF03931
PF01847	PF05995
PF01847	PF11413
PF01847	PF17211
PF01849	PF01849
PF01850	PF01850
PF01850	PF04014
PF01850	PF09957
PF01850	PF22513
PF01851	PF01851
PF01851	PF06201
PF01851	PF17781
PF01851	PF18037
PF01851	PF21505
PF01852	PF01852
PF01853	PF01853
PF01853	PF10513
PF01853	PF12998
PF01853	PF15275
PF01853	PF17772
PF01855	PF01855
PF01855	PF02775
PF01855	PF10371
PF01855	PF12367
PF01855	PF17147
PF01855	PF22338
PF01857	PF01858
PF01857	PF08934
PF01857	PF11934
PF01858	PF01858
PF01858	PF11934
PF01861	PF01861
PF01862	PF01862
PF01863	PF01863
PF01865	PF01865
PF01866	PF01866
PF01866	PF03764
PF01866	PF14492
PF01867	PF01867
PF01867	PF01930
PF01867	PF09707
PF01867	PF09711
PF01867	PF09827
PF01867	PF18019
PF01867	PF21384
PF01868	PF04032
PF01868	PF08584
PF01869	PF01869
PF01869	PF06050
PF01870	PF01870
PF01871	PF01871
PF01872	PF01872
PF01874	PF01874
PF01875	PF01875
PF01876	PF01900
PF01876	PF08584
PF01876	PF20976
PF01877	PF01877
PF01878	PF01878
PF01880	PF01880
PF01880	PF06397
PF01880	PF22496
PF01881	PF01881
PF01881	PF21350
PF01883	PF01883
PF01884	PF01884
PF01885	PF01885
PF01887	PF01887
PF01887	PF20257
PF01890	PF21437
PF01891	PF02361
PF01893	PF01893
PF01894	PF01894
PF01895	PF01895
PF01895	PF02080
PF01896	PF01896
PF01896	PF04104
PF01896	PF18689
PF01896	PF20873
PF01899	PF03334
PF01899	PF04039
PF01899	PF20501
PF01900	PF01900
PF01900	PF06978
PF01900	PF08584
PF01900	PF20976
PF01902	PF01902
PF01903	PF01903
PF01903	PF18009
PF01903	PF18069
PF01904	PF01904
PF01905	PF01905
PF01906	PF01906
PF01909	PF01909
PF01909	PF07827
PF01909	PF09249
PF01909	PF10391
PF01909	PF10421
PF01909	PF13427
PF01909	PF14791
PF01909	PF18280
PF01909	PF21133
PF01910	PF01910
PF01912	PF01912
PF01912	PF08155
PF01912	PF11861
PF01913	PF01913
PF01913	PF02741
PF01915	PF01915
PF01915	PF14310
PF01916	PF01916
PF01916	PF21485
PF01917	PF01917
PF01917	PF22201
PF01918	PF01918
PF01918	PF12328
PF01920	PF01920
PF01920	PF02996
PF01921	PF19269
PF01922	PF01922
PF01922	PF02978
PF01923	PF01923
PF01923	PF02962
PF01923	PF12723
PF01923	PF12796
PF01924	PF01924
PF01926	PF01926
PF01926	PF02410
PF01926	PF02824
PF01926	PF03946
PF01926	PF06071
PF01926	PF07650
PF01926	PF13167
PF01926	PF14714
PF01926	PF16360
PF01926	PF16543
PF01926	PF16897
PF01926	PF18133
PF01926	PF18150
PF01926	PF19275
PF01926	PF21516
PF01928	PF01928
PF01928	PF05235
PF01930	PF09827
PF01931	PF01931
PF01933	PF01933
PF01934	PF01934
PF01934	PF18765
PF01935	PF01935
PF01935	PF05872
PF01935	PF09378
PF01936	PF01936
PF01937	PF01937
PF01938	PF04055
PF01938	PF05958
PF01939	PF01939
PF01939	PF21003
PF01941	PF01941
PF01946	PF01946
PF01946	PF05187
PF01947	PF01947
PF01948	PF01948
PF01948	PF02748
PF01949	PF01949
PF01951	PF01951
PF01954	PF01954
PF01956	PF01956
PF01956	PF06417
PF01956	PF07019
PF01956	PF07686
PF01956	PF07774
PF01956	PF22890
PF01958	PF01958
PF01958	PF03447
PF01960	PF01960
PF01964	PF01964
PF01964	PF13667
PF01965	PF01965
PF01966	PF01966
PF01966	PF07647
PF01966	PF09709
PF01966	PF10922
PF01966	PF12627
PF01966	PF13286
PF01966	PF18211
PF01966	PF19276
PF01966	PF22335
PF01967	PF01967
PF01968	PF01968
PF01968	PF02538
PF01968	PF05378
PF01968	PF19278
PF01969	PF01969
PF01973	PF20156
PF01974	PF01974
PF01974	PF02778
PF01974	PF09631
PF01974	PF22355
PF01974	PF22490
PF01974	PF22502
PF01975	PF01975
PF01977	PF01977
PF01977	PF20695
PF01977	PF20696
PF01978	PF01978
PF01978	PF11495
PF01978	PF13936
PF01979	PF01979
PF01979	PF02729
PF01979	PF13382
PF01979	PF22429
PF01979	PF22644
PF01980	PF01980
PF01980	PF18389
PF01981	PF01981
PF01982	PF13545
PF01983	PF01983
PF01984	PF01984
PF01985	PF01985
PF01987	PF01987
PF01988	PF01988
PF01989	PF04412
PF01990	PF01990
PF01990	PF01992
PF01990	PF21730
PF01990	PF22919
PF01991	PF01991
PF01991	PF02874
PF01991	PF03179
PF01991	PF03223
PF01991	PF03224
PF01991	PF07534
PF01991	PF16999
PF01992	PF01992
PF01992	PF03223
PF01992	PF07850
PF01992	PF18670
PF01992	PF20520
PF01992	PF21730
PF01993	PF01993
PF01994	PF01994
PF01995	PF01995
PF01996	PF01996
PF01997	PF01997
PF02002	PF02002
PF02002	PF04997
PF02002	PF08271
PF02002	PF17121
PF02002	PF18121
PF02002	PF22254
PF02005	PF02005
PF02006	PF02006
PF02007	PF02007
PF02008	PF02008
PF02008	PF16866
PF02009	PF02009
PF02009	PF13895
PF02011	PF02011
PF02012	PF13088
PF02014	PF02014
PF02015	PF02015
PF02016	PF02016
PF02016	PF17676
PF02017	PF02017
PF02018	PF02018
PF02018	PF02927
PF02019	PF12661
PF02020	PF02020
PF02022	PF02022
PF02022	PF11467
PF02023	PF02023
PF02024	PF02024
PF02024	PF06328
PF02024	PF18589
PF02025	PF02025
PF02025	PF09240
PF02025	PF21460
PF02026	PF02026
PF02027	PF02027
PF02028	PF02028
PF02031	PF02031
PF02033	PF02033
PF02035	PF02035
PF02036	PF02036
PF02037	PF03730
PF02037	PF03731
PF02038	PF02038
PF02041	PF02041
PF02043	PF02043
PF02046	PF02046
PF02046	PF02297
PF02046	PF04588
PF02046	PF05365
PF02049	PF02049
PF02049	PF06429
PF02050	PF05400
PF02055	PF02055
PF02055	PF17189
PF02056	PF11975
PF02057	PF03489
PF02057	PF05184
PF02057	PF17387
PF02057	PF21708
PF02059	PF02059
PF02059	PF09240
PF02059	PF18611
PF02059	PF21460
PF02060	PF13499
PF02063	PF13499
PF02064	PF02064
PF02065	PF02065
PF02065	PF16874
PF02065	PF16875
PF02065	PF22676
PF02073	PF02073
PF02074	PF02074
PF02075	PF02075
PF02078	PF02750
PF02080	PF02080
PF02080	PF02254
PF02081	PF02081
PF02081	PF15777
PF02082	PF02082
PF02085	PF02085
PF02085	PF03916
PF02085	PF13237
PF02085	PF14522
PF02085	PF22113
PF02086	PF02086
PF02087	PF02087
PF02089	PF02089
PF02091	PF02091
PF02091	PF02092
PF02092	PF02092
PF02092	PF05746
PF02093	PF02093
PF02096	PF02355
PF02096	PF03840
PF02096	PF14849
PF02097	PF02097
PF02097	PF05505
PF02097	PF06389
PF02097	PF07686
PF02098	PF02098
PF02099	PF02099
PF02100	PF02784
PF02107	PF02107
PF02107	PF02119
PF02108	PF02108
PF02109	PF02516
PF02109	PF03345
PF02109	PF05817
PF02110	PF02110
PF02110	PF02581
PF02113	PF02113
PF02113	PF12796
PF02114	PF02114
PF02115	PF02115
PF02116	PF02116
PF02116	PF04648
PF02119	PF02119
PF02121	PF02121
PF02123	PF02123
PF02123	PF05087
PF02123	PF12289
PF02126	PF02126
PF02127	PF02127
PF02128	PF07504
PF02129	PF02129
PF02129	PF07521
PF02129	PF08530
PF02129	PF12146
PF02130	PF02130
PF02132	PF13662
PF02132	PF21176
PF02133	PF02133
PF02135	PF02703
PF02135	PF04487
PF02135	PF08563
PF02135	PF08778
PF02135	PF12162
PF02135	PF12188
PF02135	PF12881
PF02135	PF18521
PF02136	PF02136
PF02136	PF09150
PF02136	PF12287
PF02136	PF22602
PF02137	PF02137
PF02138	PF02138
PF02138	PF14844
PF02140	PF02140
PF02140	PF02191
PF02140	PF07679
PF02140	PF07686
PF02140	PF13855
PF02141	PF03455
PF02141	PF03456
PF02142	PF02142
PF02142	PF02786
PF02144	PF04005
PF02144	PF04139
PF02145	PF03542
PF02145	PF21022
PF02146	PF02146
PF02146	PF04574
PF02146	PF16211
PF02146	PF16991
PF02148	PF02148
PF02148	PF03144
PF02148	PF03764
PF02148	PF10163
PF02148	PF12796
PF02148	PF14492
PF02148	PF18519
PF02150	PF04563
PF02150	PF04801
PF02150	PF04998
PF02150	PF05793
PF02150	PF06870
PF02150	PF09816
PF02151	PF02151
PF02151	PF12344
PF02152	PF02152
PF02153	PF02153
PF02153	PF20463
PF02153	PF22629
PF02154	PF02154
PF02154	PF14841
PF02154	PF17284
PF02156	PF02156
PF02156	PF16990
PF02156	PF17957
PF02157	PF02157
PF02163	PF02163
PF02167	PF02167
PF02167	PF02320
PF02167	PF02921
PF02167	PF02939
PF02167	PF05365
PF02167	PF09796
PF02167	PF10399
PF02167	PF10890
PF02169	PF02169
PF02169	PF22018
PF02170	PF02170
PF02170	PF02171
PF02170	PF08699
PF02170	PF16488
PF02170	PF17895
PF02170	PF18351
PF02170	PF20931
PF02171	PF02171
PF02171	PF08699
PF02171	PF12212
PF02171	PF16486
PF02171	PF16487
PF02171	PF16488
PF02171	PF18309
PF02171	PF18349
PF02171	PF22333
PF02171	PF22472
PF02171	PF22474
PF02172	PF02172
PF02172	PF02173
PF02172	PF07988
PF02172	PF16675
PF02172	PF16676
PF02174	PF02174
PF02174	PF08725
PF02174	PF09379
PF02174	PF21865
PF02174	PF21989
PF02174	PF22406
PF02177	PF02177
PF02177	PF12924
PF02179	PF02179
PF02180	PF02180
PF02181	PF02181
PF02181	PF06367
PF02182	PF02182
PF02182	PF13391
PF02184	PF02731
PF02184	PF08231
PF02186	PF02270
PF02186	PF17683
PF02186	PF18121
PF02187	PF13499
PF02188	PF02188
PF02188	PF13181
PF02188	PF13424
PF02190	PF02190
PF02190	PF03178
PF02190	PF03226
PF02190	PF10433
PF02190	PF22594
PF02191	PF02191
PF02191	PF13855
PF02192	PF16454
PF02195	PF02195
PF02195	PF08535
PF02195	PF10417
PF02195	PF17762
PF02195	PF18231
PF02195	PF22445
PF02196	PF02196
PF02196	PF07714
PF02197	PF02197
PF02197	PF02216
PF02197	PF06098
PF02197	PF10470
PF02197	PF10522
PF02197	PF15127
PF02198	PF02198
PF02198	PF06471
PF02198	PF12796
PF02198	PF13637
PF02201	PF02201
PF02201	PF07686
PF02201	PF07731
PF02201	PF08563
PF02201	PF09394
PF02201	PF13098
PF02201	PF16495
PF02201	PF17454
PF02202	PF11838
PF02203	PF02203
PF02204	PF02204
PF02204	PF09311
PF02204	PF18151
PF02205	PF02205
PF02205	PF05994
PF02207	PF02207
PF02207	PF18995
PF02207	PF22960
PF02209	PF02209
PF02209	PF16182
PF02210	PF02210
PF02210	PF06009
PF02210	PF06312
PF02210	PF22572
PF02211	PF02211
PF02211	PF02979
PF02211	PF21006
PF02212	PF02212
PF02213	PF02213
PF02213	PF02966
PF02214	PF02214
PF02214	PF11601
PF02214	PF13833
PF02216	PF02216
PF02216	PF02441
PF02216	PF03494
PF02216	PF07654
PF02216	PF07686
PF02216	PF12771
PF02216	PF12796
PF02216	PF13426
PF02216	PF13499
PF02216	PF14843
PF02217	PF02217
PF02217	PF08784
PF02219	PF02219
PF02219	PF21895
PF02221	PF02221
PF02221	PF07686
PF02221	PF11921
PF02221	PF12799
PF02221	PF13855
PF02221	PF22314
PF02222	PF02222
PF02222	PF17769
PF02222	PF21244
PF02222	PF22660
PF02223	PF02223
PF02224	PF02224
PF02225	PF02225
PF02225	PF04253
PF02225	PF04389
PF02225	PF07654
PF02226	PF02226
PF02226	PF22663
PF02229	PF02229
PF02229	PF12149
PF02230	PF02230
PF02230	PF18435
PF02230	PF22316
PF02233	PF02233
PF02233	PF05222
PF02233	PF12769
PF02236	PF03728
PF02237	PF02237
PF02237	PF03099
PF02238	PF02935
PF02239	PF02239
PF02239	PF13442
PF02240	PF02241
PF02240	PF02249
PF02240	PF02505
PF02240	PF02745
PF02240	PF02783
PF02241	PF02745
PF02241	PF02783
PF02244	PF02244
PF02244	PF07686
PF02245	PF02245
PF02246	PF02246
PF02246	PF07686
PF02247	PF02247
PF02247	PF02248
PF02247	PF16845
PF02248	PF02248
PF02249	PF02505
PF02249	PF02745
PF02249	PF02783
PF02250	PF02250
PF02251	PF02251
PF02251	PF02252
PF02252	PF02252
PF02252	PF10584
PF02253	PF02253
PF02254	PF02254
PF02254	PF02386
PF02254	PF07885
PF02255	PF02255
PF02255	PF02302
PF02256	PF02906
PF02258	PF02258
PF02258	PF07686
PF02258	PF12796
PF02259	PF02259
PF02259	PF02260
PF02259	PF08064
PF02259	PF09798
PF02259	PF11865
PF02259	PF12796
PF02259	PF13921
PF02259	PF19704
PF02259	PF20175
PF02259	PF20206
PF02259	PF20500
PF02261	PF02261
PF02261	PF12568
PF02262	PF02262
PF02262	PF02761
PF02262	PF02762
PF02263	PF02263
PF02263	PF02841
PF02264	PF02264
PF02264	PF12421
PF02265	PF02265
PF02267	PF02267
PF02267	PF07686
PF02268	PF02291
PF02268	PF02751
PF02268	PF03153
PF02268	PF05236
PF02269	PF03540
PF02269	PF04719
PF02269	PF05236
PF02270	PF04563
PF02270	PF17683
PF02271	PF02921
PF02271	PF02939
PF02271	PF10890
PF02272	PF02272
PF02272	PF21763
PF02273	PF02273
PF02274	PF02274
PF02275	PF02275
PF02275	PF15508
PF02276	PF02276
PF02276	PF03967
PF02277	PF02277
PF02278	PF02884
PF02278	PF08124
PF02278	PF09093
PF02282	PF02282
PF02282	PF11590
PF02283	PF02283
PF02284	PF02790
PF02284	PF02936
PF02284	PF02937
PF02285	PF02935
PF02285	PF02936
PF02286	PF02286
PF02286	PF02287
PF02286	PF02288
PF02288	PF02288
PF02288	PF08841
PF02288	PF18427
PF02289	PF02289
PF02290	PF02290
PF02290	PF05486
PF02291	PF02291
PF02291	PF02969
PF02291	PF03540
PF02291	PF03847
PF02291	PF04494
PF02291	PF05236
PF02291	PF07524
PF02291	PF12090
PF02291	PF12767
PF02293	PF02293
PF02294	PF02294
PF02294	PF07703
PF02294	PF17789
PF02295	PF02295
PF02296	PF02883
PF02297	PF02297
PF02297	PF06522
PF02298	PF02298
PF02300	PF02313
PF02300	PF02910
PF02300	PF13085
PF02300	PF13237
PF02301	PF02301
PF02301	PF03104
PF02301	PF04042
PF02301	PF05557
PF02301	PF06581
PF02302	PF02302
PF02303	PF02303
PF02304	PF02305
PF02305	PF02305
PF02305	PF02306
PF02305	PF02925
PF02305	PF04726
PF02306	PF02925
PF02309	PF02309
PF02309	PF18791
PF02310	PF02310
PF02310	PF02574
PF02310	PF02607
PF02310	PF02965
PF02310	PF03308
PF02310	PF04055
PF02310	PF06253
PF02310	PF06368
PF02310	PF09043
PF02310	PF12176
PF02310	PF16554
PF02311	PF02311
PF02312	PF02312
PF02312	PF18782
PF02313	PF02313
PF02313	PF13237
PF02315	PF13360
PF02316	PF02914
PF02316	PF09039
PF02316	PF09299
PF02317	PF02558
PF02319	PF02319
PF02320	PF02939
PF02320	PF06592
PF02320	PF10890
PF02321	PF02321
PF02321	PF16576
PF02324	PF02324
PF02324	PF19127
PF02325	PF16166
PF02327	PF02327
PF02327	PF10657
PF02327	PF12838
PF02329	PF02329
PF02330	PF02330
PF02331	PF02331
PF02332	PF02332
PF02332	PF02406
PF02332	PF02964
PF02332	PF04945
PF02334	PF02334
PF02335	PF02335
PF02335	PF03264
PF02335	PF13435
PF02337	PF02337
PF02338	PF02338
PF02338	PF19437
PF02341	PF02341
PF02341	PF02788
PF02341	PF18578
PF02342	PF02342
PF02344	PF02344
PF02346	PF02346
PF02347	PF02347
PF02347	PF21478
PF02348	PF02348
PF02350	PF02350
PF02351	PF02351
PF02351	PF07686
PF02351	PF17756
PF02351	PF17812
PF02351	PF22540
PF02353	PF02353
PF02355	PF02355
PF02355	PF03840
PF02355	PF07549
PF02355	PF13721
PF02355	PF21760
PF02355	PF22599
PF02357	PF02357
PF02357	PF04563
PF02357	PF04997
PF02357	PF07009
PF02357	PF07497
PF02357	PF18298
PF02358	PF02358
PF02359	PF02359
PF02359	PF02933
PF02359	PF06936
PF02359	PF11543
PF02359	PF14938
PF02359	PF17862
PF02359	PF21403
PF02361	PF02361
PF02361	PF07155
PF02361	PF12822
PF02362	PF02362
PF02362	PF06507
PF02364	PF14288
PF02365	PF02365
PF02366	PF16192
PF02367	PF02367
PF02368	PF02368
PF02368	PF02369
PF02368	PF07979
PF02368	PF16461
PF02368	PF22184
PF02369	PF02369
PF02372	PF02372
PF02372	PF07686
PF02372	PF18707
PF02372	PF21605
PF02372	PF22012
PF02373	PF02373
PF02373	PF02375
PF02373	PF17811
PF02373	PF21322
PF02373	PF21323
PF02374	PF02374
PF02374	PF04190
PF02374	PF04420
PF02374	PF07654
PF02374	PF07686
PF02374	PF08690
PF02374	PF13614
PF02374	PF14963
PF02374	PF17886
PF02375	PF02375
PF02378	PF02378
PF02380	PF02380
PF02380	PF02985
PF02380	PF13646
PF02380	PF22646
PF02381	PF02381
PF02383	PF05719
PF02384	PF02384
PF02384	PF04313
PF02384	PF07275
PF02384	PF08684
PF02384	PF12008
PF02384	PF12161
PF02384	PF13588
PF02384	PF15516
PF02384	PF18135
PF02384	PF18766
PF02384	PF21106
PF02384	PF22008
PF02384	PF22240
PF02384	PF22679
PF02386	PF02386
PF02388	PF02388
PF02390	PF02390
PF02391	PF02391
PF02391	PF02597
PF02395	PF02395
PF02395	PF03212
PF02397	PF02397
PF02401	PF02401
PF02403	PF02403
PF02404	PF02404
PF02405	PF02405
PF02405	PF02470
PF02406	PF02406
PF02407	PF02407
PF02410	PF02410
PF02410	PF05347
PF02412	PF02412
PF02412	PF05735
PF02412	PF07645
PF02412	PF12947
PF02416	PF02416
PF02419	PF05151
PF02420	PF02420
PF02421	PF02421
PF02421	PF09012
PF02421	PF17910
PF02423	PF02423
PF02424	PF02424
PF02426	PF02426
PF02427	PF02531
PF02427	PF03244
PF02427	PF12838
PF02427	PF14697
PF02428	PF02428
PF02429	PF02429
PF02430	PF02430
PF02430	PF07679
PF02430	PF07686
PF02431	PF02431
PF02433	PF13442
PF02435	PF02435
PF02436	PF02436
PF02436	PF02785
PF02437	PF02437
PF02440	PF02440
PF02441	PF02441
PF02441	PF04127
PF02442	PF02442
PF02442	PF07686
PF02443	PF02443
PF02443	PF07686
PF02445	PF02445
PF02446	PF02446
PF02446	PF21226
PF02449	PF02449
PF02449	PF08532
PF02449	PF08533
PF02449	PF17992
PF02449	PF18120
PF02449	PF22345
PF02449	PF22369
PF02450	PF02450
PF02450	PF07686
PF02452	PF02452
PF02452	PF04014
PF02452	PF07686
PF02455	PF02455
PF02455	PF03678
PF02457	PF02457
PF02457	PF02878
PF02457	PF02879
PF02457	PF10372
PF02457	PF10635
PF02458	PF02458
PF02458	PF22664
PF02460	PF02460
PF02460	PF03176
PF02460	PF12349
PF02460	PF16414
PF02460	PF22314
PF02461	PF02461
PF02461	PF04744
PF02461	PF04896
PF02462	PF02462
PF02463	PF02463
PF02463	PF02616
PF02463	PF04824
PF02463	PF04825
PF02463	PF05786
PF02463	PF07574
PF02463	PF08691
PF02463	PF08743
PF02463	PF08746
PF02463	PF12717
PF02463	PF12830
PF02463	PF12922
PF02463	PF13304
PF02463	PF13476
PF02463	PF15412
PF02463	PF22326
PF02464	PF02464
PF02464	PF18146
PF02465	PF07195
PF02465	PF07196
PF02466	PF02466
PF02466	PF02953
PF02466	PF04280
PF02466	PF05328
PF02466	PF06455
PF02467	PF04545
PF02467	PF14527
PF02469	PF02469
PF02469	PF10216
PF02470	PF02470
PF02470	PF05494
PF02470	PF11887
PF02471	PF02471
PF02472	PF02472
PF02475	PF17785
PF02477	PF02477
PF02477	PF16845
PF02478	PF02478
PF02478	PF03246
PF02480	PF02480
PF02480	PF07654
PF02480	PF07686
PF02481	PF02481
PF02481	PF17782
PF02481	PF18255
PF02481	PF21102
PF02482	PF02482
PF02485	PF02485
PF02485	PF12529
PF02486	PF02486
PF02486	PF18106
PF02486	PF22477
PF02489	PF02489
PF02489	PF07686
PF02489	PF11108
PF02489	PF16758
PF02489	PF17488
PF02491	PF02491
PF02491	PF14450
PF02492	PF02492
PF02492	PF07683
PF02493	PF02493
PF02493	PF04712
PF02493	PF05758
PF02499	PF02499
PF02499	PF02500
PF02499	PF03581
PF02500	PF03581
PF02501	PF02501
PF02501	PF11612
PF02502	PF02502
PF02502	PF12408
PF02503	PF02503
PF02503	PF13089
PF02503	PF17941
PF02504	PF02504
PF02505	PF02505
PF02505	PF02745
PF02507	PF05479
PF02507	PF08078
PF02508	PF02508
PF02508	PF03116
PF02508	PF04205
PF02508	PF12838
PF02508	PF13237
PF02509	PF02509
PF02509	PF21067
PF02511	PF02511
PF02513	PF02513
PF02514	PF02514
PF02514	PF11965
PF02515	PF02515
PF02516	PF02516
PF02516	PF03345
PF02516	PF04597
PF02516	PF04756
PF02516	PF05251
PF02516	PF10215
PF02516	PF21436
PF02516	PF22627
PF02517	PF07686
PF02518	PF02518
PF02518	PF02895
PF02518	PF05833
PF02518	PF06580
PF02518	PF07568
PF02518	PF07730
PF02518	PF09239
PF02518	PF10436
PF02518	PF13589
PF02518	PF18053
PF02522	PF02522
PF02525	PF02525
PF02525	PF03358
PF02527	PF02527
PF02529	PF03742
PF02529	PF08041
PF02529	PF11061
PF02529	PF11493
PF02529	PF16639
PF02531	PF02605
PF02531	PF03244
PF02531	PF12838
PF02531	PF14697
PF02532	PF03912
PF02532	PF07123
PF02533	PF05969
PF02533	PF06298
PF02534	PF02534
PF02534	PF09053
PF02535	PF02535
PF02536	PF03947
PF02537	PF02537
PF02538	PF02538
PF02538	PF05378
PF02538	PF08882
PF02538	PF19278
PF02540	PF02540
PF02540	PF04428
PF02541	PF02541
PF02541	PF21447
PF02541	PF21697
PF02542	PF02542
PF02542	PF07686
PF02543	PF02543
PF02543	PF16861
PF02545	PF02545
PF02547	PF02547
PF02548	PF02548
PF02550	PF02550
PF02550	PF13336
PF02551	PF02551
PF02551	PF13622
PF02552	PF02552
PF02552	PF03063
PF02556	PF02556
PF02556	PF02810
PF02557	PF02557
PF02558	PF02558
PF02558	PF08546
PF02559	PF02559
PF02559	PF03461
PF02559	PF04563
PF02559	PF21095
PF02559	PF21132
PF02560	PF02560
PF02560	PF21291
PF02561	PF02561
PF02561	PF16522
PF02562	PF02562
PF02563	PF02563
PF02563	PF22461
PF02565	PF02565
PF02565	PF11967
PF02565	PF13662
PF02566	PF02566
PF02567	PF02567
PF02568	PF02568
PF02568	PF22025
PF02569	PF02569
PF02570	PF02570
PF02572	PF02572
PF02574	PF02574
PF02574	PF02965
PF02575	PF02575
PF02576	PF17384
PF02577	PF02577
PF02578	PF02578
PF02579	PF02579
PF02580	PF02580
PF02581	PF02581
PF02583	PF02583
PF02585	PF02585
PF02586	PF02586
PF02590	PF02590
PF02595	PF02595
PF02597	PF02597
PF02597	PF05690
PF02597	PF09189
PF02597	PF14464
PF02597	PF22082
PF02598	PF02598
PF02599	PF02599
PF02599	PF02623
PF02599	PF05932
PF02600	PF07686
PF02601	PF02601
PF02601	PF02609
PF02601	PF13742
PF02602	PF02602
PF02603	PF02603
PF02603	PF07475
PF02604	PF02604
PF02604	PF02661
PF02604	PF05016
PF02604	PF06769
PF02605	PF02605
PF02605	PF03244
PF02605	PF22832
PF02606	PF02606
PF02607	PF02607
PF02607	PF02965
PF02607	PF06253
PF02607	PF12176
PF02607	PF13411
PF02608	PF02608
PF02609	PF02609
PF02609	PF13742
PF02610	PF02610
PF02610	PF11762
PF02611	PF02611
PF02613	PF02613
PF02614	PF02614
PF02615	PF02615
PF02616	PF02616
PF02616	PF04079
PF02617	PF02617
PF02617	PF02861
PF02618	PF02618
PF02621	PF02621
PF02623	PF02623
PF02624	PF02624
PF02624	PF18381
PF02625	PF02625
PF02625	PF13478
PF02625	PF21469
PF02626	PF02626
PF02626	PF02682
PF02626	PF02785
PF02627	PF02627
PF02628	PF02628
PF02629	PF02629
PF02629	PF06971
PF02629	PF08442
PF02629	PF16114
PF02630	PF02630
PF02630	PF08534
PF02631	PF02631
PF02631	PF21981
PF02631	PF21982
PF02632	PF02632
PF02633	PF02633
PF02634	PF02634
PF02635	PF02635
PF02635	PF04077
PF02636	PF02636
PF02641	PF02641
PF02643	PF02643
PF02645	PF02645
PF02645	PF13684
PF02649	PF02649
PF02650	PF14527
PF02655	PF04262
PF02655	PF18301
PF02655	PF18419
PF02655	PF21360
PF02656	PF02656
PF02657	PF02657
PF02660	PF02660
PF02661	PF02661
PF02661	PF10832
PF02661	PF12796
PF02661	PF13776
PF02661	PF13784
PF02661	PF18495
PF02661	PF18543
PF02661	PF20793
PF02661	PF22170
PF02662	PF12838
PF02662	PF13534
PF02663	PF02663
PF02664	PF02664
PF02665	PF13247
PF02665	PF14710
PF02666	PF02666
PF02666	PF12588
PF02668	PF02668
PF02668	PF06155
PF02669	PF03814
PF02670	PF02670
PF02670	PF08436
PF02670	PF13288
PF02671	PF08295
PF02671	PF08598
PF02671	PF12998
PF02671	PF13867
PF02671	PF15476
PF02671	PF16737
PF02672	PF02800
PF02675	PF02675
PF02676	PF02676
PF02678	PF05726
PF02678	PF17954
PF02680	PF02680
PF02682	PF02682
PF02682	PF02785
PF02685	PF02685
PF02686	PF02934
PF02687	PF02687
PF02687	PF12704
PF02687	PF18075
PF02696	PF02696
PF02700	PF02700
PF02700	PF02769
PF02700	PF13507
PF02702	PF02702
PF02704	PF02704
PF02706	PF02706
PF02706	PF13807
PF02709	PF02709
PF02709	PF13733
PF02714	PF02714
PF02714	PF13967
PF02714	PF14703
PF02718	PF02718
PF02718	PF04541
PF02719	PF02719
PF02719	PF08485
PF02723	PF02723
PF02724	PF02724
PF02724	PF05916
PF02724	PF08639
PF02724	PF12341
PF02724	PF14551
PF02724	PF17207
PF02724	PF17855
PF02727	PF02727
PF02727	PF02728
PF02727	PF09248
PF02728	PF02728
PF02729	PF02729
PF02729	PF02748
PF02730	PF02730
PF02730	PF12837
PF02730	PF13247
PF02731	PF02731
PF02731	PF04889
PF02731	PF05843
PF02731	PF07842
PF02731	PF08082
PF02731	PF08083
PF02731	PF08231
PF02731	PF08920
PF02731	PF09751
PF02731	PF10598
PF02731	PF11831
PF02731	PF13921
PF02731	PF16131
PF02731	PF21369
PF02732	PF02732
PF02732	PF03834
PF02732	PF14520
PF02732	PF17949
PF02733	PF02733
PF02733	PF02734
PF02734	PF03610
PF02734	PF13684
PF02734	PF21645
PF02735	PF02735
PF02735	PF03336
PF02735	PF03730
PF02735	PF03731
PF02735	PF15384
PF02735	PF20500
PF02736	PF13499
PF02737	PF02737
PF02738	PF02738
PF02738	PF20256
PF02739	PF02739
PF02739	PF09293
PF02739	PF22619
PF02741	PF02741
PF02742	PF02742
PF02742	PF04023
PF02742	PF18357
PF02743	PF02743
PF02744	PF02744
PF02745	PF02745
PF02745	PF02783
PF02746	PF02746
PF02746	PF13378
PF02747	PF02747
PF02747	PF03833
PF02747	PF04675
PF02747	PF11799
PF02747	PF11976
PF02747	PF13177
PF02747	PF14324
PF02747	PF15715
PF02749	PF02749
PF02749	PF17956
PF02750	PF02750
PF02751	PF03153
PF02751	PF05236
PF02751	PF12251
PF02752	PF02752
PF02752	PF07686
PF02753	PF02753
PF02753	PF03627
PF02753	PF03628
PF02753	PF09255
PF02753	PF13953
PF02754	PF02754
PF02754	PF13183
PF02755	PF02755
PF02758	PF02758
PF02758	PF11921
PF02758	PF13855
PF02758	PF16005
PF02759	PF02759
PF02760	PF02760
PF02761	PF02761
PF02761	PF02762
PF02763	PF02763
PF02763	PF02764
PF02764	PF02764
PF02765	PF02765
PF02765	PF07404
PF02765	PF16686
PF02765	PF18233
PF02765	PF18782
PF02765	PF22236
PF02767	PF02767
PF02767	PF02768
PF02767	PF06144
PF02767	PF08676
PF02767	PF11799
PF02767	PF13177
PF02768	PF02768
PF02768	PF06144
PF02768	PF08676
PF02768	PF11799
PF02768	PF13177
PF02769	PF02769
PF02769	PF13507
PF02769	PF17788
PF02769	PF18072
PF02769	PF18076
PF02769	PF22521
PF02769	PF22689
PF02770	PF02770
PF02770	PF02771
PF02770	PF08028
PF02770	PF14749
PF02770	PF18158
PF02770	PF22924
PF02771	PF02771
PF02771	PF08028
PF02772	PF02772
PF02772	PF02773
PF02772	PF04321
PF02773	PF02773
PF02773	PF04321
PF02774	PF02774
PF02775	PF02775
PF02775	PF02776
PF02775	PF12367
PF02775	PF12838
PF02775	PF16582
PF02775	PF22338
PF02776	PF02776
PF02776	PF16582
PF02776	PF22629
PF02777	PF02777
PF02777	PF11709
PF02777	PF13741
PF02778	PF02778
PF02778	PF09631
PF02778	PF22502
PF02779	PF02779
PF02779	PF02780
PF02779	PF12573
PF02779	PF13292
PF02779	PF14688
PF02779	PF16870
PF02779	PF22613
PF02780	PF02780
PF02780	PF02817
PF02780	PF13292
PF02781	PF02781
PF02781	PF20171
PF02782	PF02782
PF02783	PF02783
PF02784	PF02784
PF02784	PF17810
PF02784	PF17944
PF02785	PF02785
PF02785	PF02786
PF02785	PF18140
PF02785	PF21139
PF02785	PF21385
PF02786	PF02786
PF02786	PF02787
PF02787	PF02787
PF02788	PF02788
PF02788	PF18087
PF02788	PF18578
PF02788	PF18579
PF02788	PF21228
PF02789	PF02789
PF02790	PF02936
PF02790	PF02937
PF02790	PF05392
PF02790	PF06522
PF02790	PF06592
PF02790	PF07686
PF02790	PF07690
PF02792	PF02792
PF02792	PF09282
PF02792	PF09405
PF02792	PF18773
PF02793	PF02793
PF02793	PF04901
PF02793	PF07654
PF02793	PF07686
PF02793	PF14980
PF02793	PF16489
PF02794	PF02794
PF02796	PF02796
PF02797	PF02797
PF02798	PF02798
PF02798	PF04997
PF02798	PF13410
PF02798	PF14497
PF02798	PF14834
PF02799	PF02799
PF02800	PF02800
PF02801	PF07686
PF02801	PF13723
PF02801	PF14765
PF02801	PF16073
PF02801	PF16197
PF02801	PF18314
PF02801	PF22336
PF02803	PF02803
PF02806	PF02806
PF02806	PF02922
PF02807	PF02807
PF02807	PF12796
PF02809	PF02809
PF02810	PF17775
PF02811	PF02811
PF02811	PF07733
PF02811	PF13263
PF02811	PF14520
PF02811	PF14716
PF02812	PF02812
PF02812	PF04898
PF02814	PF05194
PF02815	PF02815
PF02815	PF08709
PF02815	PF16192
PF02816	PF02816
PF02816	PF13499
PF02817	PF02817
PF02817	PF02852
PF02817	PF07992
PF02820	PF02820
PF02821	PF02821
PF02822	PF02822
PF02823	PF02823
PF02823	PF04627
PF02823	PF21334
PF02823	PF21335
PF02823	PF22919
PF02824	PF02824
PF02824	PF04607
PF02824	PF07973
PF02824	PF08438
PF02824	PF13328
PF02824	PF16543
PF02824	PF16897
PF02825	PF02825
PF02825	PF13920
PF02826	PF02826
PF02828	PF02828
PF02828	PF09045
PF02828	PF09058
PF02829	PF08279
PF02830	PF06505
PF02831	PF02831
PF02831	PF05136
PF02832	PF02832
PF02832	PF07654
PF02832	PF07686
PF02832	PF21659
PF02833	PF02833
PF02834	PF02834
PF02834	PF13563
PF02836	PF02836
PF02836	PF02837
PF02836	PF02929
PF02836	PF07686
PF02836	PF11721
PF02836	PF16353
PF02836	PF16355
PF02836	PF17753
PF02836	PF17786
PF02836	PF18565
PF02836	PF22666
PF02837	PF02837
PF02837	PF02929
PF02837	PF07532
PF02837	PF11721
PF02837	PF18565
PF02838	PF02838
PF02838	PF03174
PF02838	PF07555
PF02839	PF02839
PF02840	PF02840
PF02840	PF08083
PF02840	PF10596
PF02840	PF11708
PF02840	PF12134
PF02841	PF02841
PF02843	PF02844
PF02844	PF02844
PF02845	PF14634
PF02847	PF02847
PF02847	PF09736
PF02847	PF10596
PF02847	PF10597
PF02852	PF02852
PF02852	PF07992
PF02854	PF02854
PF02854	PF03467
PF02854	PF09088
PF02854	PF09090
PF02861	PF02861
PF02861	PF05389
PF02861	PF08668
PF02861	PF12227
PF02861	PF17871
PF02863	PF02863
PF02864	PF02864
PF02864	PF21354
PF02865	PF02865
PF02866	PF02866
PF02867	PF02867
PF02867	PF03477
PF02867	PF08343
PF02867	PF08471
PF02867	PF18782
PF02868	PF02868
PF02868	PF07504
PF02868	PF16485
PF02870	PF02870
PF02872	PF02872
PF02872	PF13501
PF02873	PF02873
PF02874	PF02874
PF02874	PF05405
PF02874	PF16886
PF02874	PF22246
PF02874	PF22919
PF02875	PF02875
PF02875	PF04997
PF02875	PF08245
PF02875	PF21799
PF02876	PF02876
PF02876	PF07654
PF02876	PF07686
PF02876	PF07703
PF02876	PF09199
PF02876	PF17789
PF02876	PF17790
PF02877	PF02877
PF02877	PF05406
PF02877	PF08063
PF02877	PF10228
PF02878	PF02878
PF02878	PF02879
PF02878	PF02880
PF02878	PF21404
PF02878	PF21405
PF02879	PF02879
PF02879	PF02880
PF02880	PF02880
PF02881	PF02881
PF02881	PF02978
PF02881	PF04086
PF02882	PF02882
PF02883	PF02883
PF02883	PF09066
PF02884	PF09093
PF02885	PF02885
PF02885	PF07831
PF02887	PF02887
PF02888	PF03530
PF02888	PF13499
PF02889	PF02889
PF02889	PF04266
PF02889	PF08084
PF02889	PF09802
PF02889	PF18149
PF02889	PF21188
PF02891	PF11976
PF02891	PF14324
PF02892	PF13909
PF02893	PF06602
PF02894	PF02894
PF02895	PF02895
PF02896	PF02896
PF02896	PF05524
PF02897	PF02897
PF02898	PF02898
PF02899	PF02899
PF02900	PF02900
PF02900	PF07746
PF02901	PF02901
PF02901	PF08201
PF02901	PF18512
PF02901	PF18524
PF02901	PF18671
PF02902	PF02902
PF02902	PF07834
PF02902	PF11976
PF02903	PF02903
PF02903	PF16561
PF02903	PF16657
PF02905	PF02905
PF02906	PF02906
PF02906	PF10588
PF02906	PF12838
PF02906	PF13237
PF02906	PF13510
PF02906	PF14697
PF02906	PF22117
PF02907	PF02907
PF02907	PF07652
PF02907	PF22027
PF02909	PF02909
PF02910	PF03937
PF02910	PF12139
PF02910	PF12838
PF02910	PF13085
PF02911	PF02911
PF02912	PF17759
PF02912	PF22326
PF02913	PF02913
PF02913	PF13442
PF02914	PF02914
PF02914	PF09039
PF02914	PF09299
PF02915	PF02915
PF02915	PF21349
PF02916	PF09116
PF02916	PF16790
PF02916	PF16805
PF02917	PF02917
PF02917	PF02918
PF02917	PF03372
PF02917	PF09275
PF02917	PF09276
PF02917	PF22346
PF02917	PF22509
PF02918	PF02918
PF02918	PF03440
PF02918	PF07686
PF02918	PF09275
PF02918	PF09276
PF02919	PF14370
PF02921	PF02939
PF02921	PF05193
PF02921	PF05365
PF02921	PF08997
PF02921	PF09796
PF02921	PF10890
PF02922	PF02922
PF02922	PF17967
PF02922	PF17999
PF02922	PF22019
PF02923	PF02923
PF02924	PF02924
PF02924	PF03864
PF02925	PF02925
PF02926	PF21888
PF02926	PF22020
PF02926	PF22025
PF02927	PF02927
PF02928	PF21323
PF02929	PF02929
PF02929	PF16353
PF02931	PF02931
PF02931	PF02932
PF02931	PF07365
PF02931	PF07686
PF02931	PF21947
PF02932	PF02932
PF02932	PF07686
PF02933	PF02933
PF02933	PF06936
PF02933	PF11543
PF02933	PF17862
PF02933	PF20986
PF02933	PF21403
PF02934	PF02934
PF02934	PF17763
PF02934	PF18195
PF02934	PF20977
PF02936	PF02937
PF02936	PF05193
PF02936	PF05392
PF02937	PF05392
PF02939	PF05193
PF02940	PF02940
PF02940	PF03919
PF02941	PF02943
PF02942	PF02942
PF02943	PF02943
PF02945	PF02945
PF02945	PF09124
PF02945	PF18275
PF02945	PF18350
PF02947	PF02947
PF02949	PF02949
PF02951	PF02955
PF02952	PF07881
PF02952	PF07882
PF02953	PF02953
PF02953	PF05328
PF02953	PF10171
PF02953	PF11711
PF02954	PF02954
PF02961	PF02961
PF02961	PF03020
PF02962	PF02962
PF02965	PF02965
PF02966	PF02966
PF02966	PF06220
PF02966	PF06424
PF02966	PF08083
PF02966	PF09785
PF02966	PF10596
PF02966	PF12230
PF02969	PF04494
PF02969	PF07571
PF02969	PF12767
PF02970	PF02970
PF02971	PF02971
PF02971	PF04961
PF02971	PF07837
PF02972	PF02972
PF02973	PF02973
PF02973	PF13088
PF02974	PF13583
PF02975	PF06433
PF02976	PF02976
PF02977	PF02977
PF02977	PF13365
PF02978	PF02978
PF02978	PF17136
PF02979	PF02979
PF02979	PF21006
PF02980	PF02981
PF02980	PF09254
PF02980	PF16902
PF02981	PF16902
PF02982	PF02982
PF02984	PF02984
PF02985	PF02985
PF02985	PF03810
PF02985	PF04670
PF02985	PF13499
PF02985	PF13646
PF02985	PF16661
PF02985	PF18829
PF02985	PF22646
PF02985	PF22748
PF02991	PF02991
PF02991	PF03416
PF02991	PF20165
PF02991	PF22225
PF02993	PF03678
PF02993	PF03910
PF02994	PF02994
PF02996	PF02996
PF03003	PF03003
PF03007	PF03007
PF03007	PF06974
PF03009	PF03009
PF03009	PF16387
PF03011	PF05424
PF03011	PF07686
PF03011	PF16497
PF03011	PF18562
PF03011	PF21807
PF03011	PF22672
PF03012	PF03012
PF03012	PF21080
PF03012	PF21081
PF03014	PF20751
PF03015	PF07993
PF03016	PF03016
PF03016	PF09258
PF03018	PF03018
PF03020	PF08198
PF03022	PF03022
PF03023	PF03023
PF03024	PF03024
PF03024	PF15005
PF03024	PF16706
PF03028	PF12774
PF03028	PF12781
PF03028	PF18198
PF03029	PF03029
PF03030	PF03030
PF03031	PF03031
PF03031	PF12738
PF03033	PF03033
PF03033	PF04101
PF03033	PF06722
PF03034	PF03034
PF03037	PF03037
PF03039	PF03039
PF03039	PF06328
PF03039	PF10420
PF03045	PF03045
PF03045	PF07686
PF03051	PF03051
PF03054	PF20258
PF03054	PF20259
PF03055	PF03055
PF03059	PF03059
PF03060	PF03060
PF03060	PF21607
PF03061	PF03061
PF03061	PF13279
PF03062	PF03062
PF03062	PF07686
PF03063	PF03063
PF03063	PF03598
PF03063	PF04432
PF03063	PF18537
PF03063	PF19436
PF03065	PF03065
PF03065	PF09094
PF03065	PF09095
PF03065	PF09210
PF03066	PF03066
PF03067	PF03067
PF03067	PF18416
PF03067	PF21868
PF03068	PF03068
PF03068	PF07686
PF03068	PF08526
PF03068	PF08527
PF03069	PF03069
PF03070	PF03070
PF03070	PF16293
PF03073	PF03073
PF03080	PF14365
PF03081	PF03081
PF03081	PF15469
PF03083	PF03083
PF03084	PF03084
PF03084	PF05993
PF03084	PF21063
PF03084	PF22033
PF03088	PF20067
PF03089	PF12940
PF03091	PF03091
PF03091	PF07736
PF03091	PF13414
PF03091	PF14832
PF03095	PF03095
PF03096	PF03096
PF03097	PF03097
PF03097	PF13949
PF03098	PF03098
PF03098	PF07686
PF03098	PF07731
PF03098	PF07732
PF03098	PF10204
PF03099	PF03099
PF03099	PF08279
PF03100	PF03379
PF03102	PF03102
PF03102	PF08666
PF03104	PF03104
PF03104	PF08408
PF03104	PF08452
PF03104	PF09170
PF03104	PF09696
PF03104	PF09724
PF03104	PF11501
PF03104	PF14260
PF03104	PF15489
PF03104	PF18018
PF03104	PF21474
PF03104	PF22062
PF03104	PF22587
PF03104	PF22634
PF03105	PF03105
PF03105	PF03124
PF03105	PF14379
PF03106	PF03106
PF03106	PF03421
PF03106	PF05678
PF03106	PF10533
PF03109	PF05147
PF03110	PF03110
PF03113	PF03113
PF03114	PF03114
PF03115	PF03115
PF03116	PF04205
PF03116	PF05896
PF03116	PF10531
PF03116	PF11973
PF03116	PF12838
PF03116	PF13237
PF03118	PF03118
PF03118	PF03704
PF03118	PF03960
PF03118	PF04545
PF03118	PF04963
PF03118	PF05269
PF03118	PF06445
PF03118	PF07497
PF03118	PF08529
PF03118	PF12833
PF03118	PF13545
PF03118	PF14520
PF03119	PF03120
PF03119	PF12826
PF03119	PF14520
PF03120	PF22745
PF03122	PF03122
PF03122	PF03327
PF03122	PF04496
PF03122	PF04559
PF03122	PF06070
PF03122	PF06112
PF03122	PF17086
PF03123	PF03123
PF03126	PF03126
PF03127	PF03127
PF03127	PF09311
PF03129	PF03129
PF03129	PF09180
PF03129	PF13393
PF03129	PF18136
PF03130	PF03130
PF03130	PF03953
PF03130	PF08341
PF03130	PF13646
PF03131	PF03131
PF03133	PF03133
PF03133	PF03953
PF03133	PF14398
PF03135	PF03135
PF03135	PF04335
PF03135	PF05101
PF03136	PF03136
PF03136	PF03309
PF03136	PF05639
PF03137	PF03137
PF03137	PF07686
PF03137	PF22850
PF03143	PF03143
PF03143	PF03144
PF03143	PF03431
PF03144	PF03144
PF03144	PF03431
PF03144	PF03463
PF03144	PF03464
PF03144	PF07541
PF03144	PF09173
PF03144	PF11987
PF03144	PF14492
PF03144	PF16004
PF03144	PF21440
PF03144	PF22594
PF03145	PF03145
PF03145	PF21361
PF03147	PF17759
PF03150	PF03150
PF03151	PF03151
PF03153	PF03153
PF03153	PF05236
PF03155	PF07686
PF03159	PF03159
PF03159	PF08652
PF03159	PF17846
PF03159	PF18129
PF03159	PF18332
PF03160	PF03160
PF03160	PF07686
PF03160	PF16494
PF03161	PF03161
PF03162	PF03162
PF03165	PF03165
PF03165	PF10524
PF03166	PF03166
PF03166	PF08782
PF03166	PF11409
PF03167	PF03167
PF03167	PF05941
PF03167	PF06106
PF03167	PF11976
PF03167	PF18880
PF03167	PF20763
PF03169	PF03169
PF03170	PF03170
PF03170	PF20916
PF03171	PF03171
PF03171	PF14226
PF03173	PF03174
PF03175	PF03175
PF03175	PF05435
PF03176	PF03176
PF03177	PF03177
PF03177	PF04097
PF03177	PF04121
PF03177	PF08801
PF03177	PF11894
PF03178	PF03178
PF03178	PF03226
PF03178	PF03660
PF03178	PF04037
PF03178	PF05999
PF03178	PF07189
PF03178	PF07571
PF03178	PF10172
PF03178	PF10235
PF03178	PF10357
PF03178	PF10433
PF03178	PF11931
PF03178	PF14313
PF03178	PF14939
PF03178	PF15349
PF03178	PF15663
PF03178	PF15805
PF03179	PF03223
PF03179	PF03224
PF03180	PF03180
PF03181	PF03181
PF03185	PF03185
PF03188	PF03188
PF03189	PF03189
PF03192	PF03192
PF03193	PF03193
PF03193	PF16745
PF03194	PF03194
PF03194	PF19097
PF03195	PF03195
PF03198	PF03198
PF03198	PF07686
PF03198	PF07983
PF03200	PF03200
PF03200	PF16923
PF03201	PF03201
PF03201	PF22616
PF03205	PF03205
PF03210	PF03210
PF03211	PF03211
PF03214	PF03214
PF03215	PF03215
PF03215	PF04139
PF03217	PF03217
PF03220	PF03220
PF03223	PF07534
PF03223	PF11698
PF03224	PF11698
PF03226	PF03226
PF03226	PF10433
PF03226	PF22594
PF03227	PF03227
PF03230	PF03230
PF03232	PF03232
PF03232	PF08511
PF03234	PF07714
PF03234	PF08565
PF03235	PF03235
PF03237	PF03237
PF03237	PF17289
PF03237	PF22530
PF03241	PF03241
PF03241	PF11794
PF03243	PF03243
PF03243	PF12324
PF03246	PF03246
PF03253	PF03253
PF03254	PF03254
PF03255	PF03255
PF03256	PF08672
PF03256	PF13181
PF03257	PF05220
PF03257	PF12378
PF03259	PF03259
PF03259	PF08923
PF03259	PF16672
PF03260	PF03260
PF03263	PF03263
PF03264	PF03264
PF03265	PF03265
PF03270	PF03270
PF03271	PF03271
PF03271	PF11418
PF03273	PF03273
PF03275	PF03275
PF03275	PF13450
PF03276	PF03276
PF03278	PF03278
PF03279	PF03279
PF03280	PF03280
PF03281	PF03281
PF03281	PF20266
PF03283	PF03283
PF03284	PF03284
PF03286	PF03286
PF03286	PF05941
PF03287	PF03287
PF03288	PF03288
PF03288	PF19263
PF03291	PF03291
PF03291	PF03294
PF03291	PF03341
PF03291	PF03396
PF03291	PF08469
PF03291	PF10640
PF03291	PF15320
PF03291	PF21004
PF03291	PF21005
PF03293	PF03294
PF03293	PF04441
PF03293	PF04560
PF03293	PF05320
PF03293	PF08469
PF03293	PF10640
PF03294	PF03294
PF03294	PF03396
PF03294	PF04441
PF03294	PF04560
PF03294	PF04567
PF03294	PF04997
PF03294	PF05000
PF03294	PF05320
PF03294	PF05864
PF03294	PF06138
PF03294	PF08469
PF03294	PF12415
PF03294	PF21005
PF03296	PF03296
PF03296	PF12629
PF03296	PF12630
PF03298	PF03298
PF03299	PF03299
PF03301	PF03301
PF03306	PF03306
PF03308	PF03308
PF03309	PF03309
PF03310	PF03310
PF03311	PF03311
PF03313	PF03313
PF03313	PF03315
PF03315	PF03315
PF03318	PF03318
PF03319	PF03319
PF03320	PF03320
PF03321	PF03321
PF03321	PF13410
PF03321	PF14497
PF03323	PF03323
PF03325	PF03325
PF03327	PF03327
PF03327	PF04559
PF03327	PF06070
PF03328	PF03328
PF03330	PF03330
PF03331	PF03331
PF03331	PF13176
PF03331	PF18073
PF03332	PF03332
PF03333	PF03333
PF03334	PF04039
PF03334	PF04066
PF03335	PF03335
PF03336	PF03336
PF03340	PF03340
PF03341	PF03341
PF03341	PF10640
PF03343	PF08648
PF03343	PF10596
PF03343	PF12134
PF03344	PF03344
PF03345	PF04597
PF03345	PF05817
PF03345	PF21436
PF03345	PF22627
PF03347	PF03347
PF03348	PF03348
PF03349	PF03349
PF03351	PF03712
PF03352	PF03352
PF03354	PF20441
PF03357	PF03357
PF03357	PF03398
PF03357	PF04652
PF03357	PF21528
PF03358	PF03358
PF03359	PF03359
PF03359	PF17820
PF03360	PF03360
PF03361	PF03361
PF03364	PF03364
PF03366	PF03366
PF03367	PF22794
PF03370	PF03370
PF03371	PF03371
PF03371	PF06991
PF03371	PF08082
PF03371	PF08083
PF03371	PF12171
PF03372	PF03372
PF03372	PF03498
PF03372	PF07686
PF03372	PF11976
PF03372	PF17209
PF03372	PF21171
PF03372	PF22447
PF03377	PF03377
PF03378	PF03810
PF03378	PF08506
PF03378	PF16186
PF03379	PF03379
PF03381	PF03381
PF03381	PF16209
PF03381	PF16212
PF03388	PF03388
PF03388	PF13499
PF03390	PF03390
PF03391	PF03688
PF03391	PF03689
PF03391	PF07686
PF03392	PF03392
PF03393	PF03393
PF03395	PF03395
PF03395	PF06193
PF03396	PF04983
PF03396	PF05864
PF03398	PF03398
PF03399	PF05160
PF03401	PF03401
PF03403	PF03403
PF03404	PF03404
PF03404	PF13442
PF03405	PF03405
PF03408	PF03408
PF03411	PF03411
PF03412	PF03412
PF03413	PF03413
PF03413	PF07504
PF03413	PF14620
PF03413	PF17881
PF03414	PF03414
PF03415	PF03415
PF03416	PF03416
PF03417	PF03417
PF03418	PF03418
PF03420	PF03420
PF03421	PF03421
PF03422	PF03422
PF03422	PF04616
PF03422	PF11790
PF03422	PF14200
PF03422	PF21365
PF03423	PF03423
PF03424	PF03424
PF03431	PF03431
PF03433	PF03433
PF03435	PF03435
PF03435	PF16653
PF03438	PF03438
PF03439	PF03439
PF03439	PF04563
PF03439	PF04997
PF03439	PF05129
PF03439	PF06093
PF03440	PF03440
PF03440	PF09275
PF03441	PF03441
PF03441	PF04821
PF03441	PF12114
PF03442	PF18448
PF03443	PF03443
PF03446	PF03446
PF03446	PF14833
PF03446	PF21761
PF03447	PF21135
PF03448	PF03448
PF03449	PF03449
PF03449	PF04563
PF03449	PF04983
PF03449	PF04997
PF03449	PF04998
PF03449	PF05000
PF03450	PF20256
PF03453	PF03454
PF03454	PF03454
PF03458	PF03458
PF03458	PF07686
PF03459	PF03459
PF03459	PF17912
PF03460	PF03460
PF03460	PF04422
PF03460	PF04432
PF03461	PF04563
PF03461	PF17757
PF03461	PF21132
PF03462	PF03889
PF03462	PF17827
PF03463	PF03463
PF03463	PF03464
PF03463	PF03465
PF03463	PF04758
PF03464	PF03465
PF03464	PF22594
PF03465	PF03465
PF03465	PF04068
PF03465	PF22594
PF03466	PF03466
PF03471	PF03471
PF03472	PF03472
PF03472	PF09228
PF03472	PF18226
PF03473	PF03473
PF03473	PF03475
PF03473	PF03476
PF03475	PF03475
PF03477	PF03477
PF03477	PF13597
PF03477	PF22811
PF03479	PF03479
PF03480	PF03480
PF03480	PF07686
PF03480	PF16811
PF03483	PF03484
PF03483	PF17759
PF03483	PF18262
PF03484	PF03484
PF03484	PF17759
PF03484	PF18262
PF03485	PF03485
PF03485	PF05746
PF03486	PF03486
PF03487	PF07654
PF03487	PF07686
PF03487	PF09238
PF03487	PF09240
PF03487	PF12796
PF03487	PF18001
PF03488	PF07679
PF03488	PF13927
PF03489	PF03489
PF03489	PF05184
PF03489	PF11289
PF03489	PF16499
PF03489	PF21708
PF03492	PF03492
PF03493	PF21014
PF03493	PF22614
PF03494	PF03494
PF03495	PF03495
PF03495	PF03496
PF03495	PF07691
PF03495	PF07737
PF03495	PF17475
PF03495	PF17476
PF03495	PF20835
PF03496	PF03496
PF03496	PF07737
PF03496	PF17475
PF03497	PF03497
PF03497	PF20850
PF03498	PF03498
PF03500	PF03500
PF03500	PF17040
PF03501	PF04774
PF03501	PF07650
PF03501	PF08597
PF03502	PF03502
PF03505	PF03505
PF03505	PF07686
PF03505	PF17993
PF03512	PF03512
PF03513	PF03513
PF03513	PF03515
PF03513	PF09000
PF03514	PF03514
PF03514	PF22992
PF03514	PF22995
PF03515	PF03515
PF03515	PF07676
PF03515	PF11570
PF03515	PF21431
PF03517	PF04938
PF03519	PF03519
PF03519	PF09052
PF03520	PF03520
PF03520	PF13499
PF03522	PF03522
PF03522	PF08403
PF03524	PF03524
PF03524	PF03743
PF03524	PF10671
PF03524	PF20898
PF03530	PF07885
PF03531	PF03531
PF03531	PF08644
PF03531	PF17292
PF03531	PF21103
PF03534	PF03534
PF03534	PF12255
PF03534	PF12256
PF03535	PF03535
PF03535	PF03623
PF03535	PF07686
PF03535	PF12205
PF03536	PF03536
PF03537	PF03537
PF03538	PF03538
PF03538	PF18276
PF03538	PF18518
PF03538	PF20220
PF03538	PF21963
PF03538	PF21968
PF03539	PF03539
PF03539	PF17919
PF03540	PF07524
PF03542	PF03542
PF03543	PF03543
PF03544	PF03544
PF03544	PF07715
PF03545	PF03545
PF03545	PF09020
PF03547	PF03547
PF03547	PF07686
PF03548	PF03548
PF03548	PF03550
PF03548	PF12704
PF03549	PF03549
PF03549	PF07979
PF03550	PF03550
PF03551	PF03551
PF03551	PF10400
PF03552	PF03552
PF03552	PF07238
PF03556	PF03556
PF03556	PF10557
PF03556	PF12678
PF03557	PF03557
PF03557	PF07686
PF03559	PF03559
PF03561	PF03561
PF03562	PF03562
PF03562	PF06725
PF03566	PF03566
PF03567	PF03567
PF03568	PF04856
PF03571	PF03571
PF03572	PF03572
PF03572	PF07676
PF03572	PF11818
PF03572	PF11918
PF03572	PF13180
PF03572	PF13432
PF03572	PF14684
PF03572	PF17804
PF03572	PF17816
PF03572	PF17820
PF03572	PF21558
PF03572	PF22694
PF03573	PF03573
PF03574	PF03574
PF03574	PF18460
PF03575	PF03575
PF03576	PF03576
PF03577	PF03577
PF03583	PF03583
PF03584	PF03584
PF03587	PF03587
PF03588	PF03588
PF03589	PF03589
PF03589	PF04545
PF03589	PF04560
PF03589	PF04997
PF03590	PF03590
PF03592	PF03592
PF03595	PF03595
PF03598	PF03598
PF03598	PF19436
PF03599	PF03599
PF03599	PF04060
PF03599	PF14574
PF03599	PF17651
PF03600	PF03600
PF03600	PF07686
PF03602	PF03602
PF03603	PF04364
PF03603	PF12169
PF03604	PF04563
PF03604	PF04997
PF03607	PF03607
PF03607	PF03953
PF03607	PF07686
PF03609	PF03609
PF03609	PF03613
PF03609	PF04369
PF03609	PF08951
PF03610	PF03610
PF03610	PF03830
PF03611	PF03611
PF03613	PF03613
PF03613	PF04369
PF03613	PF08951
PF03618	PF03618
PF03623	PF03623
PF03623	PF06583
PF03623	PF12104
PF03625	PF03625
PF03627	PF03627
PF03627	PF03628
PF03627	PF13954
PF03629	PF03629
PF03630	PF03630
PF03632	PF03632
PF03632	PF03633
PF03632	PF03636
PF03633	PF03636
PF03633	PF13088
PF03633	PF17167
PF03633	PF22422
PF03634	PF03634
PF03635	PF03635
PF03635	PF03643
PF03635	PF12850
PF03636	PF03636
PF03637	PF03637
PF03637	PF07923
PF03639	PF03639
PF03639	PF17652
PF03641	PF03641
PF03641	PF11892
PF03641	PF14793
PF03642	PF03642
PF03643	PF03643
PF03643	PF09325
PF03644	PF03644
PF03644	PF21910
PF03645	PF03645
PF03645	PF11540
PF03646	PF03646
PF03648	PF07477
PF03648	PF07488
PF03652	PF03652
PF03656	PF03656
PF03657	PF17833
PF03657	PF22171
PF03658	PF03658
PF03658	PF13375
PF03658	PF14697
PF03660	PF03660
PF03660	PF07189
PF03660	PF10235
PF03660	PF10433
PF03660	PF22646
PF03662	PF16862
PF03663	PF03663
PF03664	PF03664
PF03665	PF10270
PF03665	PF22890
PF03666	PF03666
PF03666	PF06218
PF03668	PF03668
PF03668	PF22740
PF03671	PF03671
PF03671	PF05600
PF03671	PF07910
PF03671	PF08694
PF03671	PF09756
PF03671	PF22084
PF03678	PF03678
PF03678	PF03910
PF03678	PF03955
PF03685	PF03685
PF03688	PF03688
PF03688	PF03689
PF03688	PF07686
PF03689	PF03689
PF03693	PF03693
PF03693	PF05016
PF03695	PF03695
PF03702	PF03702
PF03704	PF03704
PF03704	PF04545
PF03705	PF03705
PF03705	PF07238
PF03709	PF03709
PF03710	PF08335
PF03713	PF03713
PF03714	PF03714
PF03715	PF03914
PF03717	PF03717
PF03717	PF03793
PF03717	PF04085
PF03717	PF04999
PF03717	PF05223
PF03718	PF03718
PF03718	PF17433
PF03718	PF18783
PF03719	PF07754
PF03719	PF10245
PF03719	PF21251
PF03720	PF03720
PF03720	PF03721
PF03721	PF03721
PF03722	PF03723
PF03723	PF03723
PF03725	PF03725
PF03725	PF03726
PF03725	PF14382
PF03725	PF17849
PF03725	PF21261
PF03725	PF22625
PF03726	PF03726
PF03727	PF03727
PF03727	PF22198
PF03728	PF03728
PF03730	PF03731
PF03730	PF07522
PF03730	PF08163
PF03730	PF08785
PF03730	PF15384
PF03730	PF20500
PF03730	PF20502
PF03731	PF03731
PF03731	PF04675
PF03731	PF04679
PF03731	PF15384
PF03731	PF19704
PF03732	PF03732
PF03734	PF03734
PF03734	PF12229
PF03734	PF17964
PF03734	PF17969
PF03734	PF20142
PF03735	PF03735
PF03736	PF03736
PF03736	PF07974
PF03736	PF08516
PF03737	PF03737
PF03738	PF03738
PF03738	PF05257
PF03739	PF03739
PF03739	PF06835
PF03740	PF03740
PF03742	PF05115
PF03742	PF08041
PF03742	PF11493
PF03742	PF16639
PF03743	PF03743
PF03743	PF20898
PF03744	PF03744
PF03745	PF03745
PF03747	PF03747
PF03747	PF17862
PF03748	PF03748
PF03749	PF03749
PF03749	PF17746
PF03750	PF03750
PF03750	PF03787
PF03750	PF20824
PF03752	PF03752
PF03755	PF03755
PF03755	PF08340
PF03759	PF03759
PF03762	PF03762
PF03764	PF03764
PF03764	PF04758
PF03764	PF04774
PF03764	PF08312
PF03764	PF09009
PF03764	PF14492
PF03764	PF16571
PF03765	PF03765
PF03767	PF03767
PF03770	PF03770
PF03775	PF03775
PF03775	PF05209
PF03776	PF03776
PF03781	PF03781
PF03781	PF12867
PF03781	PF13489
PF03783	PF03783
PF03783	PF10614
PF03785	PF03785
PF03785	PF18630
PF03786	PF03786
PF03787	PF03787
PF03787	PF09700
PF03787	PF09701
PF03787	PF12770
PF03787	PF17953
PF03787	PF18211
PF03787	PF19021
PF03787	PF20824
PF03787	PF21452
PF03787	PF22335
PF03787	PF22407
PF03793	PF03793
PF03795	PF03795
PF03796	PF03796
PF03796	PF05258
PF03796	PF06068
PF03796	PF07319
PF03796	PF13155
PF03796	PF17856
PF03797	PF03797
PF03797	PF07244
PF03797	PF13525
PF03798	PF03798
PF03798	PF07686
PF03799	PF03799
PF03799	PF04977
PF03799	PF04999
PF03799	PF08478
PF03800	PF03801
PF03800	PF08286
PF03800	PF18077
PF03801	PF03801
PF03801	PF18077
PF03805	PF03805
PF03805	PF22808
PF03806	PF03806
PF03807	PF03807
PF03807	PF10728
PF03807	PF14748
PF03807	PF16896
PF03808	PF03808
PF03810	PF08389
PF03810	PF08767
PF03810	PF18617
PF03810	PF18773
PF03813	PF17403
PF03813	PF17404
PF03814	PF03814
PF03814	PF09604
PF03816	PF03816
PF03819	PF03819
PF03822	PF13202
PF03822	PF13499
PF03822	PF13833
PF03825	PF03825
PF03828	PF19088
PF03828	PF21759
PF03828	PF22600
PF03829	PF03829
PF03830	PF03830
PF03835	PF09280
PF03835	PF10403
PF03837	PF03837
PF03838	PF03838
PF03839	PF03839
PF03840	PF07516
PF03840	PF07517
PF03841	PF03841
PF03841	PF22583
PF03846	PF03846
PF03846	PF12327
PF03847	PF04719
PF03847	PF05236
PF03847	PF12767
PF03848	PF03848
PF03848	PF09313
PF03849	PF03849
PF03849	PF03850
PF03849	PF06331
PF03849	PF13625
PF03849	PF16203
PF03849	PF18307
PF03850	PF03850
PF03850	PF04056
PF03850	PF07975
PF03851	PF03851
PF03853	PF03853
PF03854	PF03854
PF03854	PF06317
PF03860	PF03860
PF03861	PF03861
PF03861	PF08376
PF03863	PF03863
PF03864	PF03864
PF03865	PF03865
PF03865	PF17287
PF03868	PF08079
PF03868	PF14374
PF03869	PF03869
PF03869	PF11423
PF03870	PF04858
PF03870	PF04983
PF03870	PF04998
PF03870	PF05000
PF03870	PF13656
PF03870	PF14559
PF03871	PF04181
PF03871	PF04997
PF03871	PF04998
PF03871	PF06209
PF03871	PF08563
PF03872	PF04542
PF03872	PF08281
PF03873	PF03873
PF03873	PF03888
PF03873	PF17188
PF03874	PF03876
PF03874	PF03919
PF03874	PF04565
PF03874	PF04997
PF03874	PF04998
PF03874	PF05001
PF03874	PF06391
PF03874	PF08292
PF03874	PF10156
PF03874	PF10232
PF03874	PF11705
PF03874	PF22706
PF03876	PF03876
PF03876	PF03919
PF03876	PF04560
PF03876	PF04997
PF03876	PF08203
PF03876	PF08292
PF03876	PF17875
PF03880	PF03880
PF03881	PF03881
PF03882	PF03882
PF03882	PF04288
PF03882	PF04310
PF03882	PF13558
PF03882	PF17192
PF03884	PF03884
PF03886	PF03886
PF03887	PF03887
PF03888	PF03888
PF03888	PF17188
PF03892	PF03892
PF03892	PF04879
PF03893	PF03893
PF03894	PF03894
PF03894	PF09363
PF03894	PF09364
PF03895	PF03895
PF03896	PF05753
PF03898	PF03898
PF03902	PF03902
PF03906	PF03906
PF03906	PF17212
PF03909	PF03909
PF03909	PF04056
PF03909	PF08567
PF03909	PF11521
PF03909	PF13307
PF03911	PF09802
PF03911	PF10559
PF03912	PF03912
PF03914	PF07780
PF03914	PF17833
PF03915	PF03915
PF03916	PF11821
PF03916	PF12838
PF03916	PF13247
PF03916	PF14522
PF03917	PF03917
PF03919	PF03919
PF03920	PF03920
PF03921	PF03921
PF03922	PF03922
PF03924	PF03924
PF03925	PF03925
PF03925	PF17206
PF03927	PF10518
PF03928	PF03928
PF03929	PF03929
PF03930	PF03930
PF03930	PF05202
PF03931	PF03931
PF03931	PF04300
PF03931	PF07401
PF03931	PF07525
PF03931	PF08623
PF03931	PF16846
PF03931	PF17211
PF03932	PF03932
PF03934	PF21687
PF03936	PF03936
PF03937	PF03937
PF03938	PF03938
PF03939	PF06732
PF03939	PF07780
PF03943	PF03943
PF03944	PF03944
PF03944	PF03945
PF03944	PF09131
PF03945	PF03945
PF03945	PF09131
PF03946	PF05833
PF03946	PF06325
PF03946	PF17777
PF03946	PF19275
PF03947	PF03948
PF03947	PF13331
PF03949	PF03949
PF03950	PF03950
PF03950	PF20974
PF03952	PF03952
PF03953	PF03953
PF03953	PF03999
PF03953	PF04130
PF03953	PF05217
PF03953	PF05914
PF03953	PF08683
PF03953	PF12777
PF03953	PF13646
PF03953	PF14398
PF03953	PF14822
PF03953	PF21041
PF03955	PF03955
PF03958	PF03958
PF03958	PF07660
PF03958	PF07686
PF03958	PF21304
PF03958	PF21305
PF03959	PF03959
PF03960	PF03960
PF03960	PF04545
PF03960	PF13743
PF03962	PF07106
PF03963	PF03963
PF03965	PF03965
PF03966	PF03966
PF03966	PF05175
PF03966	PF08241
PF03967	PF05239
PF03968	PF03968
PF03970	PF03970
PF03971	PF03971
PF03972	PF03972
PF03972	PF19305
PF03973	PF03973
PF03974	PF03974
PF03976	PF03976
PF03977	PF03977
PF03977	PF04277
PF03979	PF04542
PF03979	PF04563
PF03979	PF04997
PF03979	PF04998
PF03979	PF16857
PF03980	PF03980
PF03980	PF05859
PF03980	PF08202
PF03980	PF08641
PF03985	PF03985
PF03985	PF04004
PF03985	PF04563
PF03985	PF13174
PF03985	PF13181
PF03985	PF13374
PF03985	PF13432
PF03985	PF14559
PF03985	PF16050
PF03987	PF03987
PF03987	PF16420
PF03989	PF03989
PF03991	PF03991
PF03992	PF03992
PF03995	PF03995
PF03996	PF03996
PF03996	PF08720
PF03997	PF03997
PF03997	PF07200
PF03997	PF09454
PF03997	PF16988
PF03999	PF03999
PF04000	PF08066
PF04002	PF04002
PF04003	PF04003
PF04003	PF04192
PF04003	PF08625
PF04003	PF09384
PF04004	PF04004
PF04004	PF04563
PF04005	PF04139
PF04005	PF13177
PF04006	PF04427
PF04008	PF04008
PF04010	PF04010
PF04012	PF04012
PF04013	PF04013
PF04014	PF04014
PF04014	PF07686
PF04014	PF15714
PF04016	PF04016
PF04016	PF13938
PF04017	PF04017
PF04019	PF04019
PF04023	PF04023
PF04025	PF04025
PF04026	PF04026
PF04029	PF04029
PF04030	PF04030
PF04031	PF04031
PF04031	PF16575
PF04032	PF08228
PF04034	PF04034
PF04037	PF04037
PF04037	PF07189
PF04037	PF10235
PF04037	PF11931
PF04037	PF12874
PF04037	PF22646
PF04038	PF04038
PF04039	PF04066
PF04039	PF13244
PF04039	PF20501
PF04041	PF04041
PF04042	PF04042
PF04042	PF08490
PF04042	PF08996
PF04042	PF09507
PF04042	PF14260
PF04042	PF18018
PF04042	PF22062
PF04042	PF22912
PF04043	PF04043
PF04045	PF05856
PF04045	PF09431
PF04046	PF04046
PF04048	PF09763
PF04048	PF15469
PF04049	PF04049
PF04049	PF05839
PF04049	PF05841
PF04049	PF12859
PF04049	PF13181
PF04049	PF13414
PF04049	PF13424
PF04049	PF21371
PF04050	PF09416
PF04051	PF04051
PF04051	PF04099
PF04051	PF04628
PF04052	PF07676
PF04053	PF04053
PF04053	PF06957
PF04053	PF07718
PF04053	PF08752
PF04053	PF14806
PF04054	PF04054
PF04054	PF04153
PF04055	PF04055
PF04055	PF04762
PF04055	PF06463
PF04055	PF06968
PF04055	PF08608
PF04055	PF12544
PF04055	PF13186
PF04055	PF13353
PF04055	PF16199
PF04055	PF16881
PF04055	PF18693
PF04055	PF19238
PF04055	PF19288
PF04055	PF21016
PF04056	PF13307
PF04056	PF16203
PF04057	PF04057
PF04057	PF18521
PF04059	PF04059
PF04060	PF14574
PF04060	PF17650
PF04061	PF11779
PF04062	PF04062
PF04063	PF04064
PF04064	PF04064
PF04066	PF13244
PF04066	PF20501
PF04069	PF04069
PF04072	PF04072
PF04073	PF04073
PF04074	PF04074
PF04075	PF04075
PF04077	PF04077
PF04078	PF04078
PF04078	PF12842
PF04079	PF04079
PF04081	PF18018
PF04084	PF04084
PF04084	PF07034
PF04084	PF09079
PF04084	PF13191
PF04084	PF13401
PF04084	PF14629
PF04084	PF14630
PF04084	PF18137
PF04084	PF22207
PF04084	PF22606
PF04085	PF04085
PF04086	PF04086
PF04086	PF09439
PF04089	PF04089
PF04090	PF04563
PF04090	PF04997
PF04090	PF10214
PF04090	PF20640
PF04090	PF20644
PF04090	PF20645
PF04092	PF04092
PF04092	PF07686
PF04095	PF04095
PF04095	PF17767
PF04095	PF17956
PF04095	PF18127
PF04096	PF04096
PF04096	PF07686
PF04096	PF10168
PF04097	PF04097
PF04097	PF04121
PF04097	PF07686
PF04097	PF08801
PF04097	PF09531
PF04097	PF11894
PF04097	PF18378
PF04098	PF04098
PF04099	PF04099
PF04101	PF04101
PF04101	PF06925
PF04103	PF04103
PF04103	PF07686
PF04103	PF11628
PF04103	PF13895
PF04104	PF04104
PF04104	PF08996
PF04104	PF15490
PF04104	PF18689
PF04106	PF04106
PF04106	PF04110
PF04106	PF20637
PF04106	PF20638
PF04107	PF04107
PF04108	PF04108
PF04108	PF09795
PF04108	PF10186
PF04108	PF12063
PF04108	PF17675
PF04108	PF21127
PF04109	PF04109
PF04110	PF04110
PF04110	PF20637
PF04111	PF10186
PF04111	PF17675
PF04112	PF04112
PF04113	PF04113
PF04113	PF04114
PF04113	PF06728
PF04113	PF10510
PF04114	PF06728
PF04115	PF04115
PF04121	PF04121
PF04121	PF07686
PF04121	PF10487
PF04121	PF12110
PF04121	PF18378
PF04121	PF21093
PF04122	PF04122
PF04122	PF21465
PF04122	PF22135
PF04126	PF04126
PF04127	PF04127
PF04130	PF04130
PF04130	PF07989
PF04130	PF17681
PF04131	PF04131
PF04135	PF08068
PF04135	PF16198
PF04137	PF04137
PF04142	PF04142
PF04143	PF04143
PF04146	PF04146
PF04151	PF04151
PF04152	PF13476
PF04153	PF04153
PF04157	PF04157
PF04157	PF05871
PF04166	PF04166
PF04167	PF10150
PF04170	PF04170
PF04170	PF17185
PF04177	PF04177
PF04180	PF04950
PF04180	PF05291
PF04181	PF04181
PF04181	PF04998
PF04183	PF04183
PF04183	PF06276
PF04183	PF13523
PF04185	PF04185
PF04185	PF05506
PF04189	PF04189
PF04189	PF08704
PF04190	PF04190
PF04190	PF16843
PF04192	PF08625
PF04193	PF04193
PF04193	PF07686
PF04196	PF04196
PF04196	PF12426
PF04196	PF12603
PF04196	PF15518
PF04196	PF21561
PF04197	PF04197
PF04197	PF20488
PF04197	PF20489
PF04198	PF04198
PF04198	PF04545
PF04198	PF13384
PF04198	PF21715
PF04199	PF04199
PF04200	PF04200
PF04203	PF04203
PF04204	PF04204
PF04205	PF04205
PF04206	PF04207
PF04206	PF04210
PF04206	PF04211
PF04206	PF05440
PF04206	PF09472
PF04207	PF04211
PF04207	PF05440
PF04208	PF04208
PF04208	PF09894
PF04209	PF04209
PF04209	PF20510
PF04210	PF04210
PF04210	PF04211
PF04210	PF05440
PF04210	PF09472
PF04211	PF05440
PF04212	PF04212
PF04213	PF04213
PF04214	PF04214
PF04216	PF04216
PF04221	PF04221
PF04221	PF05016
PF04221	PF15738
PF04223	PF04223
PF04225	PF19425
PF04227	PF04227
PF04230	PF04230
PF04231	PF04231
PF04232	PF04232
PF04234	PF04234
PF04234	PF21706
PF04237	PF04237
PF04239	PF04239
PF04242	PF04242
PF04248	PF04248
PF04252	PF04252
PF04253	PF04253
PF04253	PF04389
PF04255	PF21321
PF04257	PF11043
PF04257	PF12705
PF04260	PF04260
PF04261	PF04261
PF04261	PF20628
PF04262	PF04262
PF04262	PF18419
PF04263	PF04263
PF04263	PF04265
PF04263	PF21275
PF04264	PF04264
PF04265	PF04265
PF04266	PF04266
PF04267	PF04268
PF04267	PF07992
PF04267	PF12831
PF04268	PF07992
PF04268	PF12831
PF04270	PF04270
PF04270	PF16645
PF04272	PF04272
PF04280	PF04280
PF04280	PF07686
PF04280	PF17136
PF04288	PF04288
PF04288	PF04310
PF04288	PF17192
PF04288	PF17193
PF04289	PF04289
PF04289	PF20766
PF04290	PF06808
PF04290	PF07686
PF04295	PF20629
PF04297	PF04297
PF04299	PF04299
PF04300	PF04300
PF04300	PF12937
PF04301	PF04301
PF04303	PF04303
PF04309	PF04309
PF04310	PF04310
PF04310	PF13558
PF04310	PF17193
PF04313	PF04313
PF04313	PF12008
PF04313	PF12161
PF04313	PF18766
PF04313	PF22679
PF04314	PF04314
PF04315	PF04315
PF04316	PF04542
PF04316	PF04545
PF04317	PF04317
PF04321	PF04321
PF04324	PF04324
PF04326	PF04326
PF04326	PF17057
PF04326	PF18685
PF04327	PF04327
PF04335	PF04335
PF04337	PF04337
PF04340	PF04340
PF04345	PF04345
PF04348	PF04348
PF04349	PF04349
PF04350	PF04350
PF04351	PF04351
PF04351	PF07660
PF04352	PF04352
PF04353	PF04545
PF04354	PF04354
PF04355	PF04355
PF04355	PF06804
PF04355	PF07244
PF04355	PF13525
PF04358	PF04358
PF04371	PF04371
PF04376	PF04377
PF04377	PF04377
PF04378	PF04378
PF04379	PF04379
PF04379	PF08755
PF04381	PF04381
PF04383	PF04383
PF04386	PF04386
PF04386	PF07724
PF04388	PF04388
PF04388	PF11864
PF04388	PF21032
PF04389	PF04389
PF04390	PF04390
PF04390	PF04453
PF04392	PF04392
PF04397	PF04397
PF04399	PF04399
PF04399	PF13417
PF04402	PF04402
PF04406	PF20768
PF04406	PF21180
PF04406	PF21736
PF04408	PF07717
PF04408	PF12656
PF04408	PF13401
PF04408	PF21010
PF04410	PF04410
PF04410	PF16198
PF04412	PF04412
PF04413	PF04413
PF04414	PF04414
PF04419	PF12907
PF04420	PF14963
PF04421	PF04421
PF04422	PF04432
PF04422	PF04879
PF04422	PF12800
PF04422	PF12838
PF04422	PF13187
PF04422	PF13534
PF04423	PF04423
PF04424	PF04424
PF04427	PF04427
PF04427	PF04874
PF04427	PF04935
PF04427	PF04939
PF04427	PF05890
PF04427	PF07890
PF04427	PF08145
PF04427	PF17144
PF04430	PF04430
PF04432	PF04432
PF04432	PF04879
PF04432	PF12800
PF04432	PF12838
PF04432	PF13187
PF04432	PF13534
PF04433	PF04433
PF04433	PF04855
PF04433	PF07496
PF04433	PF14051
PF04437	PF04437
PF04438	PF06068
PF04441	PF04851
PF04441	PF10640
PF04443	PF04443
PF04443	PF05893
PF04444	PF04444
PF04445	PF04445
PF04446	PF04446
PF04446	PF14413
PF04447	PF04447
PF04449	PF04449
PF04449	PF07434
PF04451	PF04451
PF04451	PF16903
PF04452	PF04452
PF04452	PF20260
PF04453	PF04453
PF04453	PF07686
PF04454	PF04454
PF04455	PF04455
PF04455	PF19420
PF04455	PF21570
PF04455	PF21571
PF04461	PF04461
PF04463	PF04463
PF04464	PF04464
PF04471	PF04471
PF04471	PF18062
PF04471	PF22357
PF04472	PF04472
PF04476	PF04476
PF04480	PF04480
PF04485	PF04485
PF04487	PF08778
PF04488	PF04488
PF04490	PF04491
PF04490	PF07654
PF04493	PF04493
PF04494	PF04494
PF04494	PF07571
PF04494	PF12090
PF04495	PF04495
PF04495	PF19046
PF04496	PF04496
PF04501	PF04501
PF04501	PF05054
PF04501	PF07267
PF04502	PF04502
PF04502	PF06246
PF04502	PF08083
PF04502	PF10197
PF04502	PF10596
PF04507	PF04507
PF04509	PF04509
PF04511	PF04511
PF04512	PF04512
PF04514	PF04514
PF04515	PF04515
PF04516	PF04516
PF04517	PF04517
PF04519	PF04519
PF04533	PF04533
PF04536	PF04536
PF04539	PF04539
PF04539	PF04542
PF04539	PF04545
PF04539	PF04560
PF04539	PF04563
PF04539	PF04565
PF04539	PF04997
PF04539	PF13397
PF04539	PF13581
PF04539	PF21095
PF04539	PF22802
PF04541	PF04541
PF04542	PF04542
PF04542	PF04545
PF04542	PF04546
PF04542	PF04560
PF04542	PF04563
PF04542	PF04997
PF04542	PF08281
PF04542	PF12680
PF04542	PF12973
PF04542	PF13397
PF04542	PF13490
PF04542	PF17524
PF04542	PF18557
PF04542	PF22618
PF04542	PF22802
PF04545	PF04545
PF04545	PF04997
PF04545	PF04998
PF04545	PF09010
PF04545	PF09114
PF04545	PF12833
PF04545	PF13490
PF04545	PF13581
PF04545	PF14601
PF04545	PF20880
PF04545	PF20881
PF04545	PF22420
PF04545	PF22618
PF04545	PF22802
PF04546	PF04546
PF04546	PF04997
PF04546	PF13411
PF04546	PF13417
PF04547	PF04547
PF04547	PF16178
PF04547	PF20877
PF04548	PF04548
PF04549	PF08204
PF04551	PF04551
PF04552	PF04552
PF04552	PF04963
PF04552	PF04997
PF04557	PF04558
PF04559	PF04559
PF04560	PF04963
PF04560	PF04997
PF04560	PF04998
PF04560	PF05320
PF04560	PF05327
PF04560	PF06870
PF04560	PF08203
PF04560	PF08292
PF04560	PF08684
PF04560	PF16661
PF04560	PF17875
PF04560	PF20800
PF04561	PF04561
PF04563	PF04563
PF04563	PF04565
PF04563	PF04566
PF04563	PF04567
PF04563	PF04801
PF04563	PF04983
PF04563	PF04997
PF04563	PF04998
PF04563	PF05000
PF04563	PF05129
PF04563	PF05158
PF04563	PF05793
PF04563	PF06870
PF04563	PF06881
PF04563	PF06883
PF04563	PF07497
PF04563	PF07750
PF04563	PF08208
PF04563	PF08652
PF04563	PF08684
PF04563	PF09816
PF04563	PF10385
PF04563	PF10390
PF04563	PF10729
PF04563	PF16857
PF04563	PF17683
PF04563	PF17875
PF04563	PF20661
PF04563	PF21886
PF04564	PF04564
PF04564	PF05700
PF04564	PF08606
PF04564	PF18391
PF04565	PF04566
PF04565	PF04567
PF04565	PF04998
PF04565	PF05000
PF04565	PF06883
PF04565	PF08684
PF04565	PF10385
PF04566	PF04567
PF04566	PF04801
PF04566	PF05000
PF04566	PF05132
PF04566	PF06881
PF04566	PF10390
PF04566	PF17683
PF04567	PF04801
PF04567	PF04998
PF04567	PF05000
PF04568	PF04568
PF04568	PF22919
PF04571	PF08235
PF04573	PF06645
PF04574	PF04574
PF04574	PF16991
PF04582	PF04582
PF04582	PF17750
PF04587	PF04587
PF04597	PF05251
PF04597	PF22627
PF04598	PF04598
PF04598	PF07686
PF04598	PF17708
PF04602	PF04602
PF04602	PF14896
PF04602	PF17689
PF04607	PF04607
PF04607	PF13328
PF04607	PF20476
PF04608	PF04608
PF04610	PF04610
PF04610	PF07996
PF04612	PF04612
PF04612	PF12693
PF04614	PF04614
PF04616	PF04616
PF04616	PF05270
PF04616	PF13385
PF04616	PF14200
PF04616	PF16369
PF04616	PF17851
PF04616	PF20578
PF04619	PF04619
PF04619	PF07686
PF04622	PF04622
PF04627	PF21334
PF04627	PF21335
PF04628	PF08626
PF04628	PF11817
PF04634	PF04634
PF04636	PF04636
PF04637	PF04637
PF04652	PF04652
PF04658	PF04658
PF04658	PF12157
PF04663	PF04945
PF04668	PF04668
PF04670	PF04670
PF04670	PF06218
PF04670	PF08771
PF04670	PF11704
PF04670	PF14538
PF04670	PF14636
PF04670	PF15454
PF04670	PF15951
PF04670	PF16818
PF04670	PF19418
PF04670	PF23013
PF04673	PF04673
PF04675	PF04675
PF04675	PF04679
PF04676	PF04677
PF04676	PF10596
PF04676	PF10597
PF04677	PF12134
PF04678	PF04678
PF04678	PF07686
PF04678	PF10161
PF04681	PF04681
PF04683	PF04683
PF04683	PF16550
PF04685	PF12215
PF04686	PF04686
PF04687	PF04687
PF04691	PF04691
PF04695	PF04695
PF04699	PF05856
PF04707	PF04707
PF04707	PF05254
PF04710	PF04710
PF04711	PF04711
PF04712	PF04712
PF04712	PF05186
PF04712	PF06098
PF04715	PF04715
PF04716	PF07347
PF04717	PF04717
PF04717	PF05954
PF04717	PF21930
PF04717	PF22178
PF04718	PF05405
PF04718	PF05680
PF04718	PF10206
PF04719	PF05236
PF04719	PF09247
PF04721	PF04721
PF04722	PF04722
PF04722	PF11935
PF04727	PF11841
PF04727	PF16172
PF04727	PF16457
PF04728	PF04728
PF04729	PF04729
PF04729	PF07686
PF04729	PF08214
PF04729	PF09453
PF04729	PF10516
PF04729	PF12619
PF04729	PF15511
PF04733	PF06957
PF04734	PF04734
PF04734	PF17048
PF04738	PF04738
PF04738	PF14028
PF04739	PF16561
PF04739	PF16579
PF04740	PF16888
PF04741	PF04741
PF04744	PF04744
PF04744	PF04896
PF04748	PF04748
PF04752	PF04752
PF04756	PF04756
PF04757	PF04757
PF04757	PF07686
PF04757	PF13923
PF04758	PF04774
PF04758	PF04950
PF04758	PF08523
PF04758	PF08597
PF04758	PF11501
PF04758	PF22298
PF04762	PF04762
PF04762	PF16199
PF04766	PF04766
PF04768	PF04768
PF04772	PF04772
PF04773	PF16344
PF04775	PF08840
PF04777	PF04777
PF04777	PF18108
PF04777	PF18371
PF04777	PF21491
PF04777	PF22220
PF04787	PF04787
PF04792	PF04792
PF04792	PF07686
PF04793	PF04793
PF04794	PF04794
PF04795	PF06068
PF04797	PF04797
PF04799	PF04799
PF04800	PF05071
PF04800	PF05368
PF04800	PF10588
PF04800	PF12838
PF04800	PF13510
PF04800	PF15880
PF04800	PF22117
PF04800	PF22151
PF04801	PF05132
PF04801	PF05158
PF04801	PF12251
PF04803	PF04803
PF04803	PF10275
PF04806	PF04806
PF04806	PF14604
PF04809	PF04809
PF04810	PF04810
PF04810	PF08033
PF04811	PF04811
PF04811	PF04815
PF04811	PF08033
PF04811	PF11549
PF04811	PF13774
PF04815	PF08033
PF04816	PF04816
PF04818	PF04818
PF04818	PF05001
PF04818	PF08652
PF04819	PF04819
PF04820	PF04820
PF04824	PF04825
PF04825	PF12765
PF04825	PF12830
PF04828	PF04828
PF04832	PF04832
PF04832	PF13499
PF04843	PF04843
PF04845	PF04845
PF04848	PF04848
PF04850	PF08124
PF04851	PF04851
PF04851	PF05181
PF04851	PF05626
PF04851	PF10405
PF04851	PF11648
PF04851	PF13087
PF04851	PF13156
PF04851	PF13625
PF04851	PF16203
PF04851	PF16739
PF04851	PF17757
PF04851	PF18119
PF04851	PF18141
PF04851	PF18273
PF04851	PF18458
PF04851	PF21196
PF04851	PF21241
PF04855	PF04855
PF04855	PF14051
PF04857	PF04857
PF04857	PF07742
PF04857	PF08675
PF04857	PF16415
PF04858	PF04998
PF04858	PF05000
PF04858	PF06209
PF04860	PF04860
PF04863	PF04863
PF04863	PF04864
PF04864	PF04864
PF04865	PF11041
PF04865	PF11863
PF04869	PF04869
PF04869	PF18770
PF04872	PF06129
PF04873	PF04873
PF04879	PF12800
PF04879	PF12838
PF04879	PF13247
PF04879	PF13510
PF04879	PF13534
PF04879	PF14691
PF04879	PF14710
PF04879	PF22117
PF04880	PF04880
PF04881	PF04881
PF04881	PF07654
PF04882	PF04882
PF04887	PF04887
PF04887	PF07686
PF04889	PF04889
PF04889	PF08083
PF04889	PF10598
PF04889	PF16004
PF04896	PF04896
PF04898	PF14691
PF04900	PF04900
PF04901	PF04901
PF04901	PF07686
PF04906	PF04906
PF04908	PF04908
PF04909	PF04909
PF04911	PF05873
PF04911	PF05933
PF04912	PF04912
PF04912	PF07426
PF04913	PF05054
PF04913	PF05314
PF04913	PF07267
PF04914	PF04914
PF04916	PF04916
PF04923	PF04923
PF04923	PF07686
PF04924	PF04924
PF04926	PF04928
PF04926	PF20750
PF04928	PF04928
PF04928	PF20750
PF04929	PF04929
PF04932	PF07686
PF04934	PF04934
PF04934	PF05001
PF04934	PF06179
PF04934	PF08633
PF04934	PF09748
PF04934	PF10156
PF04934	PF10232
PF04938	PF20636
PF04940	PF04940
PF04940	PF21966
PF04945	PF06234
PF04950	PF04950
PF04950	PF08142
PF04950	PF09202
PF04950	PF22298
PF04951	PF04951
PF04952	PF04952
PF04954	PF04954
PF04954	PF08021
PF04956	PF04956
PF04959	PF12066
PF04960	PF04960
PF04960	PF12796
PF04960	PF17959
PF04961	PF04961
PF04962	PF04962
PF04963	PF04963
PF04963	PF04997
PF04964	PF04964
PF04965	PF04965
PF04965	PF05947
PF04965	PF06996
PF04965	PF19266
PF04966	PF04966
PF04968	PF04969
PF04968	PF13589
PF04969	PF04969
PF04969	PF13589
PF04970	PF04970
PF04972	PF04972
PF04972	PF21923
PF04972	PF22598
PF04973	PF04973
PF04977	PF04999
PF04978	PF04978
PF04983	PF04983
PF04983	PF04997
PF04983	PF04998
PF04983	PF05000
PF04983	PF05320
PF04983	PF07288
PF04983	PF12410
PF04983	PF13656
PF04983	PF16992
PF04984	PF04984
PF04984	PF17481
PF04984	PF17482
PF04984	PF22671
PF04985	PF04985
PF04985	PF17482
PF04989	PF04989
PF04993	PF04993
PF04994	PF04994
PF04996	PF04996
PF04997	PF04997
PF04997	PF04998
PF04997	PF05129
PF04997	PF05158
PF04997	PF05645
PF04997	PF06530
PF04997	PF06870
PF04997	PF07497
PF04997	PF07750
PF04997	PF08221
PF04997	PF08271
PF04997	PF08281
PF04997	PF08292
PF04997	PF08469
PF04997	PF08563
PF04997	PF08652
PF04997	PF08684
PF04997	PF09174
PF04997	PF10494
PF04997	PF10789
PF04997	PF11705
PF04997	PF11781
PF04997	PF12136
PF04997	PF12137
PF04997	PF13397
PF04997	PF13417
PF04997	PF13656
PF04997	PF16805
PF04997	PF17757
PF04997	PF18337
PF04997	PF18339
PF04997	PF22238
PF04997	PF22254
PF04997	PF22536
PF04998	PF04998
PF04998	PF05000
PF04998	PF05066
PF04998	PF05273
PF04998	PF05320
PF04998	PF05793
PF04998	PF07500
PF04998	PF08684
PF04998	PF09740
PF04998	PF10385
PF04998	PF10789
PF04998	PF12157
PF04998	PF12410
PF04998	PF12415
PF04998	PF16203
PF04998	PF16857
PF04998	PF20867
PF04998	PF21157
PF05000	PF06883
PF05000	PF07500
PF05000	PF10385
PF05000	PF12410
PF05000	PF21157
PF05001	PF05001
PF05001	PF05669
PF05001	PF05983
PF05001	PF10156
PF05001	PF14750
PF05005	PF05005
PF05008	PF07686
PF05010	PF05010
PF05010	PF08447
PF05013	PF05013
PF05014	PF05014
PF05015	PF05015
PF05016	PF05016
PF05016	PF18506
PF05016	PF18881
PF05016	PF21217
PF05019	PF05019
PF05020	PF05020
PF05020	PF05021
PF05021	PF05021
PF05023	PF05023
PF05025	PF05025
PF05026	PF05026
PF05026	PF06058
PF05026	PF15365
PF05028	PF05028
PF05028	PF20811
PF05029	PF05029
PF05030	PF05030
PF05030	PF08880
PF05031	PF05031
PF05031	PF07686
PF05031	PF20861
PF05031	PF20933
PF05033	PF05033
PF05034	PF07476
PF05035	PF05035
PF05036	PF09992
PF05043	PF05043
PF05043	PF08270
PF05043	PF08280
PF05043	PF18333
PF05046	PF14978
PF05047	PF09326
PF05047	PF10501
PF05047	PF14943
PF05047	PF14978
PF05047	PF22935
PF05048	PF05048
PF05048	PF05573
PF05048	PF18764
PF05049	PF05049
PF05049	PF14531
PF05053	PF05053
PF05053	PF11467
PF05054	PF05054
PF05054	PF05314
PF05054	PF07267
PF05060	PF05060
PF05062	PF05062
PF05063	PF05063
PF05064	PF05064
PF05064	PF07686
PF05064	PF10487
PF05064	PF11894
PF05064	PF13874
PF05064	PF15967
PF05065	PF05065
PF05065	PF16722
PF05065	PF21393
PF05066	PF05066
PF05067	PF05067
PF05068	PF05068
PF05071	PF07347
PF05071	PF12838
PF05071	PF22151
PF05076	PF05076
PF05076	PF12470
PF05082	PF05082
PF05087	PF05087
PF05087	PF12289
PF05088	PF21074
PF05088	PF21078
PF05089	PF12971
PF05089	PF12972
PF05091	PF05091
PF05091	PF05470
PF05096	PF05096
PF05099	PF05099
PF05100	PF05939
PF05100	PF13550
PF05103	PF05103
PF05107	PF05107
PF05107	PF09704
PF05107	PF09709
PF05108	PF05108
PF05109	PF07686
PF05109	PF20676
PF05109	PF20677
PF05110	PF05110
PF05110	PF07303
PF05110	PF21797
PF05114	PF05114
PF05115	PF08041
PF05116	PF08282
PF05118	PF05373
PF05118	PF13432
PF05125	PF05125
PF05127	PF08351
PF05127	PF13718
PF05129	PF20867
PF05130	PF05130
PF05131	PF05131
PF05133	PF05133
PF05133	PF05135
PF05134	PF05134
PF05134	PF22341
PF05135	PF05135
PF05135	PF05521
PF05136	PF05136
PF05138	PF05138
PF05138	PF06243
PF05139	PF05139
PF05141	PF05141
PF05147	PF05147
PF05148	PF05148
PF05151	PF05151
PF05152	PF05314
PF05153	PF05153
PF05157	PF05157
PF05157	PF07238
PF05158	PF05645
PF05158	PF07741
PF05158	PF09174
PF05158	PF11705
PF05158	PF20912
PF05158	PF22536
PF05159	PF05159
PF05159	PF21912
PF05160	PF09103
PF05160	PF09169
PF05160	PF10602
PF05161	PF13660
PF05163	PF05163
PF05164	PF05164
PF05165	PF05165
PF05167	PF05167
PF05168	PF05168
PF05171	PF05171
PF05172	PF05172
PF05172	PF07686
PF05173	PF05173
PF05175	PF05175
PF05175	PF08468
PF05175	PF17827
PF05175	PF22528
PF05179	PF05179
PF05181	PF10405
PF05181	PF13307
PF05182	PF05182
PF05182	PF14608
PF05183	PF05183
PF05184	PF05184
PF05184	PF17387
PF05184	PF21708
PF05185	PF17285
PF05185	PF17286
PF05186	PF05186
PF05186	PF06098
PF05187	PF13450
PF05187	PF21162
PF05188	PF05192
PF05188	PF13589
PF05192	PF05192
PF05192	PF13589
PF05193	PF05193
PF05193	PF07686
PF05193	PF08367
PF05193	PF08997
PF05193	PF09165
PF05193	PF09796
PF05193	PF10890
PF05193	PF16187
PF05194	PF05194
PF05195	PF05195
PF05197	PF05197
PF05199	PF05199
PF05199	PF13450
PF05199	PF16010
PF05199	PF22500
PF05201	PF10615
PF05202	PF05202
PF05203	PF05203
PF05207	PF13540
PF05209	PF05209
PF05211	PF05211
PF05213	PF05213
PF05214	PF05214
PF05219	PF05219
PF05220	PF05220
PF05220	PF12378
PF05221	PF05221
PF05222	PF05222
PF05224	PF05224
PF05228	PF05228
PF05229	PF05229
PF05234	PF10680
PF05235	PF05235
PF05236	PF07524
PF05238	PF05238
PF05238	PF09496
PF05238	PF11111
PF05238	PF13092
PF05238	PF13094
PF05238	PF13097
PF05238	PF15510
PF05238	PF15511
PF05238	PF15622
PF05238	PF20994
PF05239	PF05239
PF05241	PF05241
PF05247	PF05247
PF05247	PF05280
PF05256	PF05256
PF05257	PF05257
PF05257	PF08460
PF05257	PF21480
PF05259	PF07686
PF05259	PF12524
PF05261	PF05261
PF05264	PF05264
PF05269	PF05269
PF05270	PF05270
PF05270	PF09206
PF05272	PF05272
PF05273	PF05320
PF05276	PF05276
PF05280	PF05280
PF05282	PF10596
PF05282	PF12134
PF05282	PF20981
PF05291	PF05291
PF05291	PF07650
PF05292	PF05292
PF05292	PF17408
PF05294	PF05294
PF05297	PF05297
PF05299	PF07720
PF05299	PF17899
PF05301	PF05301
PF05310	PF05310
PF05314	PF05314
PF05314	PF05815
PF05316	PF08293
PF05321	PF22470
PF05323	PF05323
PF05326	PF07654
PF05327	PF05327
PF05327	PF06870
PF05327	PF11781
PF05327	PF17875
PF05328	PF13534
PF05332	PF05332
PF05336	PF05336
PF05337	PF05337
PF05342	PF07580
PF05342	PF07581
PF05343	PF05343
PF05345	PF05345
PF05345	PF16499
PF05345	PF17963
PF05345	PF18424
PF05347	PF06455
PF05347	PF07225
PF05347	PF08122
PF05348	PF10178
PF05348	PF10450
PF05351	PF05351
PF05352	PF05352
PF05354	PF05354
PF05354	PF06141
PF05357	PF05357
PF05357	PF06519
PF05362	PF05362
PF05362	PF13337
PF05362	PF20436
PF05362	PF22667
PF05365	PF08997
PF05365	PF09796
PF05367	PF05367
PF05368	PF05368
PF05375	PF05375
PF05378	PF19278
PF05381	PF05381
PF05382	PF16775
PF05383	PF05383
PF05389	PF05389
PF05389	PF17871
PF05391	PF16842
PF05394	PF05394
PF05394	PF05627
PF05400	PF05400
PF05400	PF07195
PF05401	PF05401
PF05402	PF05402
PF05404	PF05753
PF05404	PF07074
PF05405	PF05511
PF05405	PF05873
PF05405	PF05933
PF05405	PF10206
PF05405	PF10775
PF05405	PF10791
PF05406	PF08063
PF05407	PF12601
PF05408	PF05408
PF05409	PF05409
PF05409	PF07686
PF05410	PF21905
PF05412	PF05412
PF05412	PF14755
PF05416	PF05416
PF05419	PF05419
PF05419	PF16416
PF05422	PF14664
PF05423	PF05423
PF05424	PF05424
PF05424	PF07654
PF05424	PF07686
PF05424	PF15447
PF05424	PF15448
PF05424	PF22672
PF05426	PF05426
PF05426	PF07940
PF05430	PF05430
PF05431	PF05431
PF05431	PF14200
PF05435	PF05435
PF05440	PF09472
PF05448	PF05448
PF05450	PF05450
PF05450	PF18266
PF05454	PF05454
PF05459	PF05459
PF05460	PF09079
PF05460	PF17872
PF05460	PF21913
PF05461	PF07686
PF05464	PF05464
PF05470	PF05470
PF05470	PF09440
PF05470	PF22591
PF05475	PF05475
PF05475	PF20858
PF05480	PF05480
PF05481	PF05481
PF05483	PF05483
PF05491	PF05491
PF05491	PF05496
PF05491	PF17864
PF05494	PF05494
PF05496	PF05496
PF05496	PF06068
PF05496	PF07499
PF05496	PF17856
PF05496	PF17864
PF05497	PF05497
PF05497	PF16743
PF05498	PF08263
PF05498	PF12819
PF05498	PF13855
PF05502	PF05502
PF05502	PF21711
PF05505	PF05505
PF05505	PF06389
PF05505	PF07686
PF05506	PF05506
PF05511	PF05873
PF05513	PF05513
PF05518	PF05518
PF05521	PF05521
PF05521	PF11367
PF05523	PF05523
PF05526	PF05526
PF05527	PF05527
PF05538	PF05538
PF05543	PF05543
PF05543	PF09023
PF05543	PF14731
PF05544	PF05544
PF05547	PF05547
PF05547	PF20773
PF05547	PF20774
PF05551	PF05551
PF05552	PF05552
PF05552	PF21088
PF05557	PF05557
PF05567	PF05567
PF05569	PF05569
PF05572	PF05572
PF05577	PF05577
PF05578	PF07652
PF05578	PF20907
PF05579	PF05579
PF05588	PF05588
PF05588	PF17993
PF05588	PF22596
PF05591	PF05591
PF05591	PF05943
PF05591	PF18945
PF05592	PF08531
PF05592	PF17389
PF05592	PF17390
PF05592	PF21557
PF05593	PF05593
PF05593	PF15636
PF05593	PF20148
PF05600	PF05600
PF05600	PF09743
PF05600	PF09756
PF05603	PF05603
PF05609	PF05609
PF05609	PF06309
PF05609	PF07686
PF05609	PF21376
PF05612	PF05612
PF05615	PF09432
PF05615	PF09766
PF05615	PF11957
PF05615	PF16134
PF05618	PF05618
PF05621	PF05621
PF05621	PF06527
PF05621	PF09299
PF05622	PF05622
PF05622	PF10257
PF05622	PF19311
PF05622	PF19314
PF05625	PF05625
PF05625	PF10483
PF05625	PF16199
PF05626	PF05626
PF05630	PF05630
PF05635	PF05635
PF05636	PF05636
PF05636	PF16581
PF05637	PF05637
PF05638	PF05638
PF05638	PF18945
PF05641	PF05641
PF05641	PF17904
PF05641	PF18336
PF05643	PF05643
PF05645	PF08221
PF05645	PF11705
PF05645	PF20912
PF05645	PF22536
PF05649	PF05649
PF05652	PF05652
PF05652	PF11969
PF05658	PF05658
PF05658	PF05662
PF05658	PF18792
PF05659	PF05659
PF05662	PF05662
PF05667	PF07258
PF05667	PF09762
PF05667	PF21672
PF05667	PF21674
PF05667	PF22838
PF05669	PF05669
PF05669	PF05983
PF05669	PF08638
PF05669	PF10018
PF05669	PF10156
PF05669	PF10232
PF05670	PF05670
PF05670	PF05833
PF05676	PF05821
PF05676	PF06455
PF05676	PF09782
PF05676	PF10249
PF05676	PF14813
PF05681	PF05681
PF05681	PF05683
PF05683	PF05683
PF05685	PF05685
PF05686	PF05686
PF05686	PF07645
PF05687	PF05687
PF05688	PF05689
PF05688	PF09134
PF05690	PF05690
PF05691	PF05691
PF05693	PF05693
PF05695	PF05695
PF05697	PF05697
PF05697	PF05698
PF05698	PF05698
PF05699	PF05699
PF05699	PF10683
PF05700	PF05700
PF05700	PF08606
PF05700	PF11831
PF05700	PF12894
PF05706	PF05706
PF05707	PF05707
PF05708	PF05708
PF05709	PF05709
PF05711	PF05711
PF05712	PF05712
PF05712	PF08295
PF05712	PF16737
PF05712	PF22732
PF05714	PF05714
PF05719	PF05719
PF05721	PF05721
PF05724	PF05724
PF05725	PF05725
PF05729	PF05729
PF05729	PF13516
PF05729	PF14484
PF05729	PF16005
PF05729	PF17776
PF05729	PF17779
PF05729	PF17889
PF05729	PF22524
PF05730	PF05730
PF05731	PF05731
PF05733	PF05733
PF05733	PF07686
PF05735	PF12947
PF05737	PF05737
PF05737	PF17961
PF05738	PF05738
PF05738	PF17802
PF05738	PF21426
PF05739	PF05739
PF05739	PF05835
PF05739	PF12352
PF05739	PF14938
PF05741	PF05741
PF05742	PF05742
PF05743	PF05743
PF05746	PF05746
PF05748	PF05748
PF05750	PF05750
PF05753	PF07074
PF05757	PF05757
PF05758	PF05758
PF05758	PF14237
PF05758	PF16166
PF05761	PF05761
PF05764	PF05764
PF05764	PF06068
PF05768	PF05768
PF05769	PF05769
PF05770	PF05770
PF05770	PF17927
PF05770	PF21512
PF05772	PF05772
PF05773	PF05773
PF05775	PF05775
PF05775	PF09460
PF05781	PF07738
PF05783	PF05783
PF05783	PF08385
PF05783	PF13499
PF05785	PF15962
PF05786	PF05786
PF05786	PF12717
PF05786	PF12719
PF05786	PF13646
PF05786	PF20168
PF05787	PF05787
PF05788	PF05788
PF05790	PF05790
PF05790	PF07679
PF05790	PF07686
PF05790	PF09191
PF05791	PF05791
PF05793	PF05793
PF05793	PF09309
PF05793	PF17683
PF05812	PF05812
PF05815	PF05815
PF05818	PF05818
PF05821	PF06455
PF05821	PF07225
PF05821	PF09782
PF05821	PF10249
PF05821	PF14813
PF05822	PF05822
PF05825	PF05825
PF05826	PF05826
PF05826	PF07686
PF05827	PF07850
PF05833	PF05833
PF05833	PF09239
PF05837	PF07778
PF05837	PF11111
PF05837	PF11802
PF05837	PF15511
PF05838	PF05838
PF05838	PF09374
PF05839	PF13181
PF05841	PF12862
PF05841	PF12896
PF05841	PF13181
PF05841	PF13414
PF05843	PF05843
PF05843	PF06337
PF05843	PF08083
PF05843	PF08156
PF05843	PF08231
PF05843	PF10433
PF05843	PF11831
PF05843	PF14327
PF05845	PF06007
PF05845	PF06754
PF05847	PF05847
PF05848	PF17727
PF05853	PF05853
PF05853	PF20913
PF05853	PF21502
PF05856	PF09431
PF05859	PF08202
PF05859	PF08641
PF05859	PF15622
PF05859	PF15624
PF05860	PF05860
PF05861	PF05861
PF05861	PF06007
PF05861	PF06754
PF05862	PF05862
PF05865	PF05865
PF05866	PF05866
PF05870	PF05870
PF05871	PF05871
PF05872	PF05872
PF05872	PF09378
PF05873	PF05873
PF05873	PF05933
PF05873	PF08039
PF05873	PF10206
PF05873	PF10775
PF05873	PF10791
PF05875	PF07361
PF05881	PF05881
PF05881	PF07686
PF05889	PF05889
PF05889	PF09873
PF05890	PF08145
PF05891	PF05891
PF05893	PF05893
PF05894	PF05894
PF05896	PF05896
PF05896	PF11973
PF05899	PF05899
PF05899	PF07883
PF05902	PF05902
PF05907	PF05907
PF05908	PF05908
PF05913	PF19200
PF05916	PF05916
PF05916	PF12341
PF05916	PF14551
PF05916	PF16922
PF05916	PF22466
PF05920	PF05920
PF05922	PF07686
PF05925	PF05925
PF05932	PF05932
PF05932	PF07201
PF05932	PF09013
PF05932	PF09020
PF05932	PF09119
PF05932	PF18286
PF05932	PF21665
PF05933	PF10791
PF05935	PF05935
PF05935	PF17425
PF05936	PF05936
PF05936	PF05947
PF05936	PF06996
PF05936	PF07686
PF05939	PF05939
PF05939	PF13550
PF05941	PF05941
PF05942	PF05942
PF05943	PF05943
PF05943	PF18945
PF05946	PF05946
PF05947	PF05947
PF05947	PF06996
PF05949	PF05949
PF05954	PF05954
PF05958	PF05958
PF05958	PF13649
PF05960	PF05960
PF05962	PF05962
PF05963	PF07654
PF05964	PF05965
PF05966	PF05966
PF05966	PF07686
PF05970	PF05970
PF05970	PF13538
PF05970	PF14214
PF05970	PF21530
PF05971	PF05971
PF05974	PF05974
PF05978	PF17968
PF05979	PF05979
PF05982	PF05982
PF05983	PF05983
PF05983	PF08633
PF05983	PF08638
PF05983	PF09748
PF05983	PF10018
PF05983	PF10156
PF05983	PF10232
PF05983	PF10278
PF05983	PF11221
PF05983	PF15693
PF05985	PF06751
PF05986	PF19236
PF05991	PF05991
PF05992	PF05992
PF05993	PF05993
PF05993	PF17071
PF05993	PF21062
PF05993	PF21063
PF05993	PF21065
PF05993	PF21066
PF05994	PF07159
PF05994	PF07815
PF05994	PF09735
PF05995	PF05995
PF05996	PF05996
PF05997	PF05997
PF05997	PF08079
PF05997	PF14374
PF05997	PF17135
PF05999	PF10433
PF06001	PF08214
PF06002	PF06002
PF06003	PF06003
PF06003	PF20636
PF06004	PF06004
PF06005	PF06005
PF06007	PF06754
PF06013	PF06013
PF06014	PF06014
PF06016	PF21061
PF06016	PF21065
PF06018	PF06018
PF06018	PF08222
PF06021	PF06021
PF06021	PF08444
PF06022	PF06022
PF06025	PF06025
PF06026	PF06026
PF06028	PF06028
PF06029	PF06029
PF06032	PF06032
PF06032	PF20906
PF06035	PF06035
PF06035	PF16448
PF06039	PF17174
PF06041	PF06041
PF06043	PF06043
PF06044	PF17726
PF06048	PF06048
PF06050	PF06050
PF06052	PF06052
PF06058	PF06058
PF06058	PF15365
PF06058	PF18245
PF06060	PF06060
PF06060	PF07654
PF06060	PF07686
PF06064	PF06064
PF06064	PF13361
PF06064	PF17946
PF06068	PF06068
PF06068	PF08265
PF06068	PF17856
PF06070	PF06070
PF06070	PF17086
PF06071	PF06071
PF06074	PF07030
PF06079	PF06079
PF06083	PF06083
PF06083	PF07686
PF06083	PF15037
PF06083	PF16556
PF06083	PF16578
PF06087	PF06087
PF06089	PF06089
PF06090	PF06090
PF06094	PF13772
PF06098	PF06098
PF06100	PF06100
PF06106	PF06106
PF06109	PF06109
PF06110	PF06110
PF06112	PF06112
PF06113	PF21125
PF06114	PF06114
PF06114	PF09856
PF06124	PF06124
PF06128	PF06128
PF06128	PF13499
PF06130	PF06130
PF06133	PF06133
PF06134	PF06134
PF06135	PF06135
PF06138	PF06138
PF06138	PF08469
PF06141	PF06141
PF06141	PF16461
PF06144	PF12169
PF06144	PF13177
PF06144	PF14840
PF06151	PF06151
PF06153	PF06153
PF06154	PF06154
PF06156	PF06156
PF06165	PF06165
PF06165	PF17167
PF06172	PF06172
PF06175	PF06175
PF06178	PF06178
PF06179	PF06179
PF06179	PF09637
PF06179	PF10156
PF06179	PF10232
PF06179	PF10280
PF06179	PF11315
PF06179	PF11594
PF06184	PF06184
PF06199	PF06199
PF06199	PF09343
PF06199	PF11367
PF06201	PF13519
PF06202	PF14699
PF06202	PF14702
PF06206	PF06206
PF06209	PF06209
PF06212	PF06747
PF06212	PF07347
PF06212	PF10200
PF06212	PF14987
PF06212	PF15879
PF06212	PF17250
PF06215	PF06215
PF06218	PF06218
PF06218	PF12257
PF06220	PF12220
PF06222	PF06222
PF06227	PF06227
PF06228	PF06228
PF06229	PF06229
PF06229	PF08083
PF06229	PF10596
PF06230	PF17930
PF06240	PF06240
PF06241	PF22614
PF06243	PF06243
PF06246	PF08083
PF06246	PF16131
PF06247	PF06247
PF06247	PF07654
PF06247	PF07686
PF06248	PF09817
PF06249	PF06249
PF06251	PF20616
PF06253	PF06253
PF06254	PF06254
PF06257	PF06257
PF06262	PF06262
PF06267	PF06267
PF06268	PF06268
PF06268	PF07686
PF06276	PF06276
PF06276	PF11575
PF06281	PF06281
PF06283	PF06283
PF06287	PF06287
PF06287	PF08988
PF06290	PF06290
PF06292	PF06292
PF06293	PF08617
PF06295	PF06295
PF06296	PF15731
PF06303	PF06303
PF06303	PF17414
PF06304	PF06304
PF06309	PF07686
PF06309	PF21376
PF06314	PF06314
PF06315	PF06315
PF06315	PF20423
PF06317	PF06317
PF06317	PF17296
PF06321	PF21489
PF06321	PF21514
PF06321	PF22358
PF06321	PF22449
PF06321	PF22492
PF06325	PF06325
PF06325	PF22528
PF06326	PF06326
PF06327	PF06327
PF06327	PF16214
PF06328	PF07400
PF06328	PF09240
PF06328	PF18589
PF06330	PF06330
PF06331	PF06331
PF06331	PF16203
PF06331	PF18307
PF06333	PF06333
PF06333	PF11597
PF06333	PF18296
PF06337	PF06337
PF06337	PF14836
PF06339	PF06339
PF06340	PF06340
PF06345	PF06367
PF06345	PF06371
PF06351	PF06351
PF06355	PF06355
PF06367	PF06367
PF06367	PF06371
PF06368	PF06368
PF06369	PF06369
PF06371	PF06371
PF06372	PF06372
PF06372	PF11095
PF06372	PF15348
PF06374	PF06444
PF06374	PF07225
PF06374	PF08040
PF06374	PF09781
PF06374	PF10200
PF06374	PF10249
PF06374	PF15088
PF06375	PF06375
PF06375	PF13774
PF06381	PF06381
PF06381	PF07094
PF06381	PF13262
PF06386	PF06386
PF06389	PF06389
PF06389	PF16186
PF06391	PF06777
PF06391	PF13625
PF06391	PF17121
PF06393	PF06393
PF06393	PF11099
PF06397	PF06397
PF06398	PF06398
PF06399	PF06399
PF06400	PF06401
PF06405	PF06405
PF06406	PF06406
PF06406	PF21523
PF06411	PF06411
PF06414	PF06414
PF06414	PF08998
PF06416	PF06416
PF06417	PF07774
PF06418	PF06418
PF06421	PF06421
PF06422	PF14510
PF06424	PF06424
PF06424	PF08082
PF06424	PF08083
PF06424	PF09785
PF06426	PF06426
PF06426	PF14602
PF06427	PF18400
PF06427	PF18401
PF06427	PF18402
PF06427	PF18403
PF06427	PF18404
PF06428	PF06428
PF06429	PF06429
PF06429	PF22692
PF06431	PF06431
PF06431	PF08418
PF06433	PF06433
PF06434	PF11791
PF06435	PF06435
PF06436	PF06436
PF06437	PF06437
PF06438	PF06438
PF06439	PF06439
PF06441	PF06441
PF06445	PF06445
PF06445	PF12833
PF06445	PF13411
PF06446	PF06963
PF06446	PF07686
PF06453	PF06453
PF06455	PF07225
PF06455	PF08122
PF06455	PF14813
PF06456	PF06456
PF06457	PF06457
PF06458	PF18483
PF06459	PF06459
PF06460	PF06460
PF06460	PF09401
PF06461	PF06461
PF06461	PF08074
PF06463	PF06463
PF06466	PF06466
PF06468	PF06468
PF06470	PF06470
PF06471	PF06471
PF06471	PF06478
PF06471	PF08710
PF06471	PF09401
PF06471	PF20632
PF06472	PF06472
PF06475	PF06475
PF06478	PF06478
PF06478	PF08710
PF06478	PF08717
PF06478	PF20631
PF06479	PF06479
PF06480	PF06480
PF06482	PF06482
PF06486	PF06486
PF06487	PF16294
PF06489	PF06489
PF06490	PF06490
PF06491	PF06491
PF06500	PF06500
PF06505	PF06505
PF06506	PF06506
PF06508	PF06508
PF06511	PF06511
PF06511	PF07686
PF06511	PF09392
PF06514	PF14495
PF06519	PF16710
PF06519	PF22348
PF06527	PF09615
PF06527	PF13401
PF06527	PF15978
PF06530	PF06530
PF06533	PF06533
PF06534	PF06535
PF06544	PF06544
PF06544	PF08572
PF06545	PF06545
PF06550	PF06550
PF06553	PF06553
PF06554	PF06554
PF06557	PF06557
PF06559	PF06559
PF06559	PF22569
PF06560	PF06560
PF06564	PF06564
PF06564	PF07238
PF06564	PF10945
PF06564	PF10995
PF06577	PF06577
PF06578	PF06578
PF06581	PF06581
PF06584	PF12265
PF06584	PF15306
PF06585	PF06585
PF06588	PF06588
PF06595	PF06595
PF06602	PF06602
PF06605	PF18994
PF06613	PF06613
PF06616	PF17728
PF06619	PF06619
PF06628	PF18011
PF06632	PF06632
PF06632	PF09302
PF06632	PF21924
PF06637	PF06637
PF06638	PF06638
PF06645	PF06703
PF06646	PF06646
PF06650	PF06650
PF06652	PF06652
PF06657	PF06657
PF06658	PF09732
PF06658	PF12134
PF06662	PF06662
PF06664	PF21883
PF06682	PF06682
PF06684	PF06684
PF06689	PF06689
PF06690	PF06690
PF06701	PF06701
PF06701	PF18346
PF06702	PF06702
PF06714	PF09096
PF06714	PF09097
PF06715	PF06715
PF06720	PF06720
PF06722	PF06722
PF06722	PF21036
PF06723	PF06723
PF06723	PF13413
PF06725	PF06725
PF06728	PF10510
PF06729	PF09496
PF06729	PF13094
PF06729	PF13096
PF06730	PF06730
PF06732	PF08079
PF06732	PF08145
PF06732	PF16589
PF06733	PF06777
PF06733	PF13307
PF06733	PF22139
PF06736	PF06736
PF06737	PF06737
PF06737	PF07501
PF06739	PF06739
PF06742	PF06863
PF06744	PF06744
PF06744	PF07686
PF06744	PF12790
PF06744	PF21070
PF06745	PF06745
PF06745	PF07689
PF06747	PF13741
PF06747	PF15879
PF06747	PF16860
PF06748	PF06748
PF06751	PF06751
PF06760	PF06760
PF06760	PF07714
PF06761	PF06761
PF06766	PF06766
PF06769	PF06769
PF06775	PF06775
PF06776	PF06776
PF06777	PF13307
PF06778	PF06778
PF06786	PF06786
PF06787	PF06787
PF06792	PF06792
PF06804	PF06804
PF06804	PF07244
PF06804	PF13525
PF06807	PF11526
PF06807	PF16575
PF06808	PF07686
PF06814	PF21901
PF06815	PF06815
PF06815	PF06817
PF06815	PF07686
PF06816	PF07684
PF06816	PF07686
PF06821	PF06821
PF06824	PF06824
PF06825	PF06825
PF06827	PF06831
PF06827	PF08264
PF06831	PF06831
PF06831	PF09292
PF06831	PF21025
PF06831	PF21218
PF06833	PF06857
PF06833	PF16957
PF06835	PF06835
PF06838	PF06838
PF06839	PF06839
PF06839	PF10237
PF06840	PF06840
PF06840	PF20929
PF06841	PF06841
PF06841	PF14065
PF06841	PF17482
PF06841	PF19266
PF06844	PF06844
PF06849	PF06973
PF06855	PF06855
PF06857	PF16957
PF06858	PF17835
PF06859	PF06859
PF06865	PF06865
PF06870	PF06870
PF06870	PF08208
PF06872	PF06872
PF06875	PF09067
PF06875	PF09240
PF06875	PF21177
PF06881	PF06881
PF06883	PF08208
PF06886	PF06886
PF06892	PF06892
PF06903	PF06903
PF06907	PF20630
PF06920	PF06920
PF06920	PF20422
PF06924	PF18406
PF06929	PF06929
PF06931	PF06931
PF06938	PF06938
PF06938	PF21028
PF06941	PF06941
PF06953	PF06953
PF06954	PF06954
PF06955	PF06955
PF06958	PF06958
PF06958	PF11429
PF06962	PF06962
PF06963	PF06963
PF06963	PF07686
PF06964	PF22848
PF06965	PF06965
PF06965	PF07686
PF06968	PF06968
PF06970	PF06970
PF06971	PF06971
PF06973	PF06973
PF06978	PF06978
PF06978	PF08170
PF06978	PF12328
PF06978	PF20945
PF06978	PF22770
PF06983	PF06983
PF06984	PF09809
PF06984	PF22682
PF06991	PF06991
PF06991	PF08082
PF06991	PF08083
PF06991	PF10597
PF07002	PF07002
PF07005	PF07005
PF07005	PF17042
PF07007	PF07007
PF07009	PF07009
PF07012	PF07012
PF07019	PF10270
PF07022	PF16452
PF07024	PF14559
PF07034	PF07034
PF07034	PF13191
PF07034	PF13401
PF07034	PF14629
PF07034	PF14630
PF07034	PF18137
PF07034	PF19675
PF07034	PF21639
PF07035	PF19032
PF07035	PF19033
PF07035	PF19038
PF07039	PF07039
PF07045	PF07045
PF07055	PF12241
PF07055	PF12242
PF07057	PF07057
PF07061	PF07061
PF07061	PF10376
PF07063	PF07063
PF07064	PF08737
PF07065	PF07065
PF07065	PF09173
PF07066	PF07066
PF07068	PF07068
PF07068	PF16855
PF07070	PF07070
PF07071	PF07071
PF07072	PF07072
PF07073	PF07073
PF07073	PF07497
PF07073	PF07498
PF07075	PF20732
PF07080	PF07080
PF07081	PF07081
PF07084	PF07084
PF07085	PF07085
PF07090	PF07090
PF07091	PF07091
PF07092	PF07092
PF07094	PF07094
PF07095	PF07095
PF07095	PF16358
PF07100	PF07100
PF07108	PF07108
PF07109	PF13649
PF07110	PF07110
PF07118	PF07118
PF07124	PF07124
PF07124	PF09231
PF07126	PF21083
PF07130	PF07130
PF07131	PF07131
PF07137	PF07137
PF07140	PF07140
PF07140	PF09294
PF07140	PF22325
PF07143	PF07143
PF07143	PF17186
PF07145	PF07145
PF07147	PF07147
PF07152	PF07152
PF07156	PF13450
PF07159	PF09735
PF07160	PF07160
PF07160	PF16740
PF07161	PF07161
PF07171	PF07171
PF07171	PF07364
PF07189	PF10433
PF07190	PF07190
PF07195	PF07195
PF07195	PF07196
PF07196	PF07196
PF07200	PF09452
PF07200	PF09454
PF07200	PF10240
PF07201	PF07201
PF07201	PF07720
PF07201	PF09059
PF07201	PF21439
PF07201	PF21665
PF07202	PF07202
PF07208	PF07208
PF07212	PF07212
PF07221	PF07221
PF07224	PF07224
PF07225	PF07225
PF07225	PF09782
PF07225	PF10249
PF07227	PF07227
PF07228	PF07228
PF07228	PF13581
PF07228	PF19732
PF07229	PF12189
PF07230	PF07230
PF07233	PF07233
PF07237	PF07237
PF07238	PF07238
PF07238	PF07317
PF07238	PF10945
PF07238	PF10995
PF07238	PF12945
PF07238	PF13641
PF07238	PF22363
PF07243	PF07243
PF07243	PF07245
PF07243	PF07654
PF07243	PF07686
PF07243	PF19019
PF07244	PF07244
PF07244	PF08479
PF07244	PF13360
PF07244	PF13525
PF07244	PF16358
PF07245	PF07245
PF07245	PF07686
PF07245	PF19019
PF07249	PF07249
PF07258	PF07258
PF07258	PF09762
PF07258	PF17221
PF07258	PF20923
PF07258	PF21672
PF07258	PF22838
PF07261	PF07261
PF07262	PF21111
PF07264	PF07264
PF07267	PF07267
PF07275	PF07275
PF07275	PF12161
PF07275	PF18766
PF07281	PF12349
PF07282	PF12323
PF07288	PF07288
PF07289	PF13424
PF07289	PF14727
PF07289	PF14728
PF07299	PF07299
PF07299	PF16571
PF07303	PF07303
PF07304	PF07304
PF07311	PF07311
PF07313	PF07313
PF07314	PF07314
PF07319	PF07319
PF07323	PF07323
PF07335	PF07335
PF07336	PF11706
PF07338	PF07338
PF07340	PF07340
PF07345	PF22919
PF07347	PF10588
PF07347	PF10589
PF07348	PF07348
PF07350	PF07350
PF07351	PF07351
PF07361	PF07361
PF07361	PF07686
PF07361	PF13853
PF07362	PF07362
PF07366	PF07366
PF07367	PF07367
PF07372	PF07372
PF07373	PF07373
PF07385	PF07385
PF07393	PF20652
PF07396	PF07396
PF07398	PF11716
PF07400	PF09240
PF07401	PF07401
PF07404	PF22236
PF07408	PF07408
PF07411	PF07411
PF07412	PF07412
PF07412	PF08839
PF07417	PF07417
PF07419	PF07419
PF07422	PF07422
PF07422	PF07686
PF07434	PF07434
PF07443	PF07443
PF07447	PF07447
PF07449	PF07449
PF07451	PF07451
PF07455	PF07455
PF07460	PF22635
PF07461	PF16718
PF07462	PF07462
PF07463	PF13392
PF07467	PF07467
PF07467	PF13354
PF07468	PF07468
PF07470	PF07470
PF07471	PF07471
PF07472	PF07472
PF07474	PF12947
PF07474	PF13927
PF07475	PF07475
PF07476	PF07476
PF07477	PF07488
PF07478	PF07478
PF07479	PF07479
PF07484	PF07484
PF07484	PF14928
PF07486	PF07486
PF07488	PF07488
PF07491	PF16891
PF07494	PF07494
PF07494	PF07495
PF07494	PF16819
PF07495	PF07495
PF07496	PF07496
PF07496	PF13589
PF07496	PF17942
PF07497	PF07498
PF07497	PF08529
PF07498	PF07498
PF07498	PF13184
PF07499	PF14520
PF07501	PF07501
PF07501	PF17041
PF07502	PF22352
PF07503	PF07503
PF07503	PF17788
PF07510	PF07510
PF07516	PF07516
PF07516	PF07517
PF07516	PF07686
PF07516	PF21090
PF07517	PF07517
PF07517	PF21090
PF07519	PF07519
PF07521	PF07521
PF07521	PF10996
PF07521	PF12706
PF07521	PF16661
PF07521	PF22505
PF07522	PF07522
PF07522	PF08163
PF07522	PF08785
PF07522	PF12706
PF07522	PF20500
PF07523	PF07523
PF07523	PF13306
PF07524	PF12767
PF07525	PF12796
PF07527	PF07527
PF07528	PF20965
PF07529	PF16282
PF07531	PF07531
PF07531	PF21549
PF07532	PF18565
PF07534	PF07534
PF07534	PF22919
PF07536	PF07536
PF07537	PF07537
PF07540	PF07780
PF07544	PF10018
PF07544	PF10744
PF07544	PF11221
PF07545	PF17725
PF07549	PF13721
PF07549	PF14849
PF07549	PF21760
PF07553	PF07553
PF07554	PF07554
PF07555	PF07555
PF07555	PF13414
PF07555	PF13844
PF07555	PF21774
PF07555	PF21809
PF07559	PF07559
PF07559	PF21464
PF07559	PF22367
PF07559	PF22692
PF07562	PF07562
PF07563	PF07563
PF07565	PF07565
PF07565	PF12796
PF07566	PF07566
PF07568	PF07568
PF07568	PF13426
PF07569	PF07569
PF07571	PF07571
PF07571	PF10406
PF07574	PF08746
PF07574	PF15412
PF07575	PF07575
PF07575	PF07686
PF07580	PF07654
PF07581	PF07581
PF07581	PF07654
PF07581	PF07686
PF07593	PF13517
PF07603	PF07603
PF07615	PF07615
PF07632	PF21027
PF07645	PF07645
PF07645	PF07657
PF07645	PF12661
PF07645	PF12947
PF07645	PF14670
PF07645	PF21471
PF07646	PF07646
PF07646	PF07707
PF07646	PF09118
PF07646	PF13418
PF07646	PF21110
PF07647	PF07647
PF07647	PF07686
PF07647	PF10534
PF07647	PF12796
PF07648	PF07648
PF07648	PF09289
PF07648	PF21333
PF07650	PF07650
PF07650	PF08523
PF07650	PF10996
PF07650	PF12796
PF07650	PF17214
PF07651	PF07651
PF07652	PF07652
PF07652	PF20907
PF07652	PF22027
PF07653	PF07653
PF07653	PF09408
PF07653	PF12799
PF07653	PF14604
PF07653	PF16172
PF07653	PF21998
PF07653	PF22697
PF07654	PF07654
PF07654	PF07686
PF07654	PF08435
PF07654	PF09199
PF07654	PF09291
PF07654	PF09294
PF07654	PF09307
PF07654	PF09408
PF07654	PF10420
PF07654	PF10572
PF07654	PF11921
PF07654	PF12796
PF07654	PF13516
PF07654	PF13765
PF07654	PF13855
PF07654	PF13895
PF07654	PF13927
PF07654	PF14843
PF07654	PF15028
PF07654	PF15097
PF07654	PF16451
PF07654	PF16497
PF07654	PF16649
PF07654	PF16680
PF07654	PF16681
PF07654	PF18108
PF07654	PF18515
PF07654	PF18659
PF07654	PF20757
PF07657	PF07657
PF07657	PF12661
PF07657	PF21700
PF07660	PF07660
PF07662	PF07662
PF07662	PF07670
PF07669	PF12950
PF07669	PF18135
PF07669	PF22240
PF07675	PF07675
PF07676	PF07676
PF07676	PF12894
PF07676	PF14685
PF07677	PF07677
PF07677	PF07678
PF07677	PF07686
PF07677	PF07703
PF07677	PF11546
PF07677	PF17791
PF07678	PF07678
PF07678	PF07686
PF07678	PF11621
PF07678	PF11727
PF07678	PF12199
PF07678	PF17789
PF07678	PF17790
PF07678	PF17791
PF07678	PF17973
PF07678	PF21145
PF07678	PF21308
PF07678	PF21309
PF07678	PF21406
PF07678	PF21412
PF07678	PF21765
PF07678	PF22661
PF07679	PF07679
PF07679	PF07686
PF07679	PF07690
PF07679	PF07982
PF07679	PF08205
PF07679	PF09470
PF07679	PF12796
PF07679	PF13306
PF07679	PF13855
PF07679	PF13895
PF07679	PF13927
PF07679	PF15095
PF07679	PF15550
PF07679	PF16920
PF07679	PF17136
PF07679	PF18452
PF07679	PF22971
PF07682	PF07682
PF07684	PF07684
PF07684	PF07686
PF07685	PF07685
PF07685	PF08245
PF07685	PF08353
PF07686	PF07686
PF07686	PF07690
PF07686	PF07703
PF07686	PF07740
PF07686	PF07856
PF07686	PF07885
PF07686	PF07948
PF07686	PF07951
PF07686	PF07952
PF07686	PF07953
PF07686	PF07968
PF07686	PF07982
PF07686	PF07983
PF07686	PF08191
PF07686	PF08204
PF07686	PF08205
PF07686	PF08286
PF07686	PF08435
PF07686	PF08477
PF07686	PF08516
PF07686	PF08527
PF07686	PF08627
PF07686	PF08659
PF07686	PF08710
PF07686	PF08794
PF07686	PF08801
PF07686	PF08931
PF07686	PF08990
PF07686	PF09067
PF07686	PF09085
PF07686	PF09160
PF07686	PF09186
PF07686	PF09238
PF07686	PF09245
PF07686	PF09252
PF07686	PF09256
PF07686	PF09257
PF07686	PF09281
PF07686	PF09291
PF07686	PF09294
PF07686	PF09382
PF07686	PF09408
PF07686	PF09815
PF07686	PF10034
PF07686	PF10165
PF07686	PF10413
PF07686	PF10420
PF07686	PF10425
PF07686	PF10555
PF07686	PF10557
PF07686	PF10572
PF07686	PF10613
PF07686	PF11108
PF07686	PF11465
PF07686	PF11467
PF07686	PF11573
PF07686	PF11612
PF07686	PF11629
PF07686	PF11647
PF07686	PF11668
PF07686	PF11918
PF07686	PF11921
PF07686	PF12036
PF07686	PF12062
PF07686	PF12080
PF07686	PF12081
PF07686	PF12226
PF07686	PF12697
PF07686	PF12796
PF07686	PF12799
PF07686	PF12810
PF07686	PF12849
PF07686	PF12892
PF07686	PF12919
PF07686	PF12920
PF07686	PF12946
PF07686	PF12947
PF07686	PF13180
PF07686	PF13205
PF07686	PF13246
PF07686	PF13306
PF07686	PF13347
PF07686	PF13354
PF07686	PF13365
PF07686	PF13374
PF07686	PF13405
PF07686	PF13407
PF07686	PF13416
PF07686	PF13424
PF07686	PF13499
PF07686	PF13520
PF07686	PF13532
PF07686	PF13641
PF07686	PF13688
PF07686	PF13855
PF07686	PF13859
PF07686	PF13874
PF07686	PF13895
PF07686	PF13927
PF07686	PF14314
PF07686	PF14478
PF07686	PF14670
PF07686	PF14798
PF07686	PF14843
PF07686	PF15028
PF07686	PF15036
PF07686	PF15037
PF07686	PF15065
PF07686	PF15096
PF07686	PF15097
PF07686	PF15216
PF07686	PF15237
PF07686	PF15494
PF07686	PF15910
PF07686	PF15967
PF07686	PF16124
PF07686	PF16187
PF07686	PF16211
PF07686	PF16376
PF07686	PF16451
PF07686	PF16489
PF07686	PF16497
PF07686	PF16556
PF07686	PF16649
PF07686	PF16680
PF07686	PF16681
PF07686	PF16698
PF07686	PF16916
PF07686	PF17205
PF07686	PF17416
PF07686	PF17417
PF07686	PF17488
PF07686	PF17708
PF07686	PF17789
PF07686	PF17790
PF07686	PF17791
PF07686	PF17820
PF07686	PF18108
PF07686	PF18117
PF07686	PF18162
PF07686	PF18304
PF07686	PF18338
PF07686	PF18372
PF07686	PF18447
PF07686	PF18459
PF07686	PF18463
PF07686	PF18464
PF07686	PF18487
PF07686	PF18515
PF07686	PF18573
PF07686	PF18589
PF07686	PF18611
PF07686	PF18635
PF07686	PF18638
PF07686	PF18659
PF07686	PF18707
PF07686	PF19055
PF07686	PF19127
PF07686	PF19209
PF07686	PF19220
PF07686	PF19317
PF07686	PF20010
PF07686	PF20418
PF07686	PF20676
PF07686	PF20752
PF07686	PF20757
PF07686	PF20835
PF07686	PF20937
PF07686	PF20950
PF07686	PF20967
PF07686	PF21114
PF07686	PF21299
PF07686	PF21305
PF07686	PF21395
PF07686	PF21454
PF07686	PF21460
PF07686	PF21602
PF07686	PF21605
PF07686	PF21700
PF07686	PF21947
PF07686	PF22012
PF07686	PF22114
PF07686	PF22191
PF07686	PF22307
PF07686	PF22327
PF07686	PF22422
PF07686	PF22663
PF07686	PF22669
PF07686	PF22705
PF07686	PF22805
PF07688	PF07688
PF07688	PF07689
PF07688	PF21714
PF07689	PF07689
PF07690	PF07690
PF07690	PF15065
PF07691	PF07691
PF07691	PF13802
PF07691	PF17475
PF07693	PF07693
PF07696	PF07696
PF07699	PF07699
PF07700	PF07700
PF07700	PF07701
PF07701	PF07701
PF07702	PF07702
PF07703	PF07703
PF07703	PF11546
PF07703	PF11974
PF07703	PF15430
PF07703	PF17789
PF07703	PF17790
PF07703	PF17791
PF07703	PF17962
PF07703	PF17972
PF07703	PF21142
PF07703	PF21145
PF07707	PF13964
PF07707	PF16454
PF07710	PF07710
PF07710	PF12796
PF07710	PF13637
PF07710	PF13857
PF07713	PF07717
PF07713	PF10596
PF07714	PF07714
PF07714	PF08515
PF07714	PF08565
PF07714	PF08947
PF07714	PF10534
PF07714	PF11592
PF07714	PF13855
PF07714	PF14575
PF07714	PF14604
PF07714	PF16095
PF07714	PF16847
PF07714	PF17887
PF07714	PF18038
PF07715	PF11504
PF07716	PF07716
PF07716	PF16179
PF07717	PF07717
PF07717	PF11898
PF07717	PF12656
PF07717	PF21010
PF07718	PF14806
PF07719	PF07719
PF07719	PF12895
PF07719	PF13181
PF07719	PF13432
PF07720	PF07720
PF07720	PF17899
PF07721	PF14559
PF07722	PF07722
PF07724	PF07724
PF07724	PF07728
PF07724	PF10431
PF07724	PF13401
PF07724	PF17871
PF07726	PF17863
PF07728	PF07728
PF07728	PF08406
PF07728	PF10117
PF07728	PF12775
PF07728	PF17865
PF07728	PF17867
PF07728	PF20436
PF07728	PF21499
PF07729	PF07729
PF07730	PF07730
PF07731	PF07731
PF07731	PF07732
PF07732	PF07732
PF07732	PF13442
PF07733	PF07733
PF07733	PF17657
PF07736	PF07736
PF07737	PF07737
PF07737	PF09156
PF07737	PF17475
PF07737	PF20850
PF07738	PF07738
PF07738	PF10541
PF07738	PF18580
PF07739	PF07739
PF07740	PF07740
PF07741	PF15963
PF07742	PF07742
PF07743	PF07743
PF07744	PF07744
PF07745	PF07745
PF07748	PF07748
PF07748	PF09261
PF07748	PF17677
PF07748	PF18438
PF07748	PF21260
PF07748	PF22907
PF07749	PF07749
PF07749	PF07912
PF07750	PF07750
PF07755	PF07755
PF07755	PF17396
PF07764	PF07764
PF07774	PF09430
PF07774	PF13360
PF07774	PF17081
PF07774	PF21203
PF07774	PF22890
PF07776	PF07776
PF07778	PF07778
PF07778	PF11111
PF07778	PF11802
PF07778	PF13092
PF07778	PF15510
PF07778	PF15511
PF07780	PF08145
PF07780	PF11861
PF07781	PF07781
PF07781	PF07925
PF07781	PF22033
PF07790	PF07790
PF07798	PF07798
PF07803	PF07803
PF07804	PF07804
PF07804	PF13657
PF07808	PF17814
PF07809	PF07809
PF07810	PF16038
PF07813	PF07813
PF07814	PF07814
PF07815	PF09735
PF07817	PF07817
PF07819	PF07819
PF07823	PF07823
PF07824	PF07824
PF07825	PF07825
PF07825	PF09003
PF07826	PF07826
PF07827	PF07827
PF07828	PF07828
PF07832	PF07832
PF07833	PF07833
PF07834	PF07834
PF07834	PF08389
PF07834	PF13516
PF07836	PF09290
PF07837	PF07837
PF07840	PF07840
PF07847	PF07847
PF07849	PF07849
PF07850	PF20520
PF07851	PF07851
PF07855	PF07855
PF07855	PF10033
PF07856	PF07856
PF07858	PF07858
PF07859	PF07859
PF07859	PF12041
PF07873	PF07873
PF07876	PF07876
PF07880	PF07880
PF07880	PF21456
PF07880	PF21939
PF07881	PF07881
PF07881	PF07882
PF07882	PF07882
PF07883	PF07883
PF07883	PF14518
PF07885	PF07885
PF07885	PF17655
PF07894	PF07894
PF07899	PF07899
PF07901	PF07901
PF07910	PF07910
PF07910	PF20908
PF07910	PF22084
PF07912	PF07912
PF07920	PF07920
PF07921	PF07921
PF07923	PF11882
PF07925	PF22033
PF07927	PF15919
PF07929	PF07929
PF07938	PF07938
PF07940	PF07940
PF07940	PF16332
PF07940	PF16889
PF07940	PF18675
PF07940	PF22686
PF07942	PF07942
PF07944	PF07944
PF07944	PF16375
PF07944	PF20620
PF07944	PF20736
PF07944	PF20737
PF07948	PF20726
PF07949	PF07949
PF07951	PF07951
PF07951	PF07952
PF07951	PF07953
PF07951	PF08470
PF07951	PF13599
PF07952	PF07952
PF07952	PF07953
PF07952	PF22133
PF07953	PF07953
PF07953	PF08470
PF07953	PF22133
PF07963	PF07963
PF07963	PF14245
PF07965	PF07974
PF07965	PF20806
PF07965	PF21520
PF07968	PF07968
PF07968	PF12563
PF07968	PF16458
PF07969	PF07969
PF07969	PF12838
PF07970	PF07970
PF07970	PF13850
PF07971	PF07971
PF07971	PF17678
PF07972	PF07972
PF07973	PF07973
PF07974	PF07974
PF07974	PF07995
PF07974	PF20806
PF07974	PF21471
PF07976	PF07976
PF07977	PF07977
PF07978	PF07978
PF07979	PF07979
PF07979	PF21764
PF07980	PF07980
PF07980	PF14322
PF07980	PF16324
PF07982	PF07982
PF07984	PF07984
PF07984	PF13862
PF07984	PF18190
PF07986	PF07986
PF07987	PF07987
PF07989	PF07989
PF07991	PF07991
PF07992	PF07992
PF07992	PF09242
PF07992	PF10418
PF07992	PF12831
PF07992	PF13192
PF07992	PF13247
PF07992	PF13450
PF07992	PF13510
PF07992	PF14691
PF07992	PF14721
PF07992	PF14759
PF07992	PF17806
PF07992	PF18113
PF07992	PF18267
PF07992	PF21706
PF07992	PF21791
PF07992	PF22353
PF07992	PF22365
PF07992	PF22366
PF07993	PF07993
PF07994	PF07994
PF07995	PF07995
PF07996	PF07996
PF07997	PF07997
PF08000	PF08000
PF08000	PF11724
PF08002	PF08002
PF08003	PF08003
PF08005	PF08005
PF08007	PF08007
PF08007	PF20514
PF08007	PF21233
PF08013	PF08013
PF08016	PF08016
PF08016	PF20519
PF08016	PF21381
PF08020	PF08020
PF08021	PF08021
PF08022	PF08022
PF08022	PF08030
PF08022	PF15169
PF08028	PF08028
PF08029	PF08029
PF08030	PF08030
PF08031	PF08031
PF08033	PF11549
PF08033	PF13774
PF08035	PF08035
PF08040	PF09781
PF08040	PF10183
PF08040	PF10249
PF08041	PF11493
PF08041	PF16639
PF08063	PF21728
PF08066	PF08066
PF08068	PF08068
PF08068	PF16198
PF08072	PF08072
PF08074	PF08074
PF08075	PF08075
PF08079	PF08145
PF08079	PF14374
PF08082	PF08083
PF08082	PF11708
PF08082	PF16131
PF08083	PF08083
PF08083	PF08231
PF08083	PF09751
PF08083	PF10596
PF08083	PF10597
PF08083	PF10598
PF08083	PF12230
PF08083	PF16004
PF08083	PF16131
PF08084	PF10597
PF08084	PF12134
PF08084	PF15264
PF08103	PF08103
PF08113	PF09125
PF08122	PF14813
PF08123	PF08123
PF08123	PF15511
PF08124	PF08124
PF08124	PF21461
PF08125	PF08125
PF08125	PF13419
PF08126	PF08126
PF08142	PF22298
PF08144	PF08144
PF08145	PF08145
PF08145	PF09420
PF08145	PF13959
PF08145	PF16589
PF08148	PF12894
PF08148	PF13181
PF08148	PF13234
PF08148	PF14382
PF08148	PF15985
PF08148	PF21262
PF08154	PF08154
PF08155	PF17835
PF08163	PF08163
PF08163	PF08785
PF08163	PF19704
PF08163	PF20500
PF08163	PF20502
PF08166	PF08166
PF08166	PF08167
PF08166	PF14077
PF08167	PF08167
PF08167	PF14077
PF08169	PF08169
PF08170	PF22770
PF08171	PF08171
PF08173	PF08173
PF08174	PF08174
PF08178	PF08178
PF08190	PF08190
PF08191	PF09479
PF08191	PF12354
PF08191	PF12799
PF08191	PF13516
PF08193	PF13892
PF08202	PF08202
PF08202	PF08234
PF08202	PF08286
PF08202	PF08641
PF08203	PF17875
PF08204	PF08204
PF08205	PF08205
PF08205	PF13895
PF08205	PF13927
PF08206	PF17876
PF08207	PF08207
PF08207	PF09285
PF08207	PF10093
PF08208	PF08208
PF08211	PF08211
PF08212	PF08212
PF08214	PF08214
PF08214	PF15511
PF08216	PF08216
PF08221	PF11705
PF08222	PF08222
PF08227	PF08287
PF08227	PF08650
PF08227	PF08651
PF08227	PF08654
PF08227	PF08655
PF08230	PF08230
PF08231	PF11831
PF08232	PF08232
PF08232	PF11882
PF08232	PF13646
PF08234	PF08286
PF08235	PF08235
PF08238	PF08238
PF08238	PF13181
PF08238	PF16822
PF08238	PF17880
PF08240	PF08240
PF08240	PF08659
PF08240	PF13602
PF08240	PF14765
PF08240	PF16912
PF08241	PF08241
PF08241	PF12589
PF08241	PF17987
PF08242	PF08242
PF08243	PF15511
PF08244	PF08244
PF08245	PF08245
PF08245	PF08353
PF08245	PF08443
PF08245	PF13549
PF08245	PF18921
PF08245	PF21377
PF08245	PF21799
PF08246	PF08246
PF08256	PF08256
PF08263	PF08263
PF08263	PF13855
PF08263	PF20141
PF08264	PF08264
PF08264	PF09334
PF08264	PF10458
PF08264	PF19302
PF08267	PF08267
PF08272	PF08272
PF08273	PF21268
PF08275	PF08275
PF08275	PF10410
PF08275	PF13155
PF08275	PF13662
PF08278	PF08278
PF08281	PF08281
PF08281	PF12680
PF08281	PF13490
PF08281	PF16751
PF08281	PF17524
PF08281	PF18557
PF08282	PF08282
PF08282	PF13246
PF08282	PF16212
PF08286	PF18077
PF08287	PF08651
PF08287	PF08653
PF08287	PF08654
PF08287	PF08657
PF08293	PF10213
PF08293	PF14955
PF08293	PF15433
PF08293	PF21251
PF08293	PF22330
PF08295	PF08595
PF08295	PF08598
PF08299	PF08299
PF08300	PF08300
PF08300	PF08301
PF08301	PF08301
PF08302	PF08302
PF08302	PF08303
PF08305	PF08305
PF08305	PF16403
PF08306	PF08307
PF08311	PF08311
PF08311	PF08672
PF08311	PF12894
PF08314	PF11988
PF08314	PF11989
PF08321	PF08321
PF08321	PF13432
PF08323	PF08323
PF08323	PF13692
PF08324	PF08324
PF08324	PF09070
PF08326	PF08326
PF08326	PF21385
PF08327	PF08327
PF08329	PF08329
PF08331	PF13484
PF08331	PF13646
PF08332	PF08332
PF08334	PF08334
PF08335	PF08335
PF08336	PF08336
PF08337	PF08337
PF08340	PF08340
PF08341	PF08341
PF08341	PF13646
PF08341	PF17802
PF08341	PF19407
PF08344	PF12796
PF08345	PF08345
PF08351	PF13718
PF08352	PF08352
PF08354	PF16073
PF08354	PF18325
PF08354	PF22690
PF08355	PF08356
PF08357	PF08357
PF08359	PF08359
PF08360	PF08360
PF08361	PF08361
PF08362	PF08362
PF08363	PF08363
PF08367	PF08367
PF08367	PF22516
PF08375	PF10075
PF08375	PF13012
PF08375	PF13646
PF08375	PF18503
PF08375	PF21154
PF08381	PF08381
PF08385	PF09744
PF08386	PF12146
PF08389	PF08389
PF08389	PF08767
PF08389	PF18617
PF08389	PF19273
PF08391	PF08391
PF08393	PF08393
PF08393	PF12774
PF08393	PF12775
PF08393	PF12780
PF08393	PF12781
PF08393	PF14497
PF08393	PF17852
PF08395	PF08395
PF08397	PF08397
PF08401	PF08401
PF08401	PF18818
PF08402	PF08402
PF08411	PF08411
PF08414	PF13499
PF08421	PF08484
PF08421	PF13489
PF08423	PF08423
PF08423	PF14520
PF08423	PF21794
PF08423	PF22687
PF08428	PF08428
PF08428	PF20164
PF08433	PF08433
PF08435	PF08435
PF08436	PF08436
PF08436	PF13288
PF08438	PF08438
PF08439	PF08439
PF08441	PF08441
PF08441	PF17205
PF08441	PF18372
PF08441	PF20805
PF08441	PF21520
PF08442	PF08442
PF08443	PF08443
PF08443	PF18030
PF08443	PF18086
PF08443	PF21068
PF08443	PF22626
PF08445	PF08445
PF08445	PF18713
PF08446	PF08446
PF08447	PF08447
PF08447	PF14598
PF08447	PF21353
PF08448	PF08448
PF08450	PF08450
PF08454	PF08709
PF08457	PF13405
PF08457	PF13499
PF08459	PF08459
PF08459	PF14520
PF08460	PF08460
PF08477	PF08477
PF08477	PF16095
PF08479	PF17287
PF08484	PF08484
PF08484	PF13489
PF08489	PF08489
PF08489	PF22641
PF08490	PF21933
PF08491	PF08491
PF08491	PF13450
PF08501	PF08501
PF08501	PF18317
PF08502	PF08502
PF08502	PF22615
PF08503	PF08503
PF08506	PF16186
PF08511	PF08511
PF08511	PF21392
PF08512	PF08512
PF08512	PF08644
PF08512	PF15511
PF08512	PF16211
PF08512	PF18469
PF08512	PF21103
PF08513	PF08513
PF08513	PF10607
PF08513	PF12090
PF08514	PF21581
PF08516	PF08516
PF08517	PF08517
PF08518	PF08518
PF08518	PF12796
PF08518	PF16614
PF08519	PF08542
PF08519	PF13177
PF08519	PF21960
PF08519	PF22534
PF08520	PF08520
PF08522	PF08522
PF08522	PF18620
PF08526	PF08526
PF08526	PF08527
PF08527	PF08527
PF08529	PF08529
PF08530	PF08530
PF08530	PF09168
PF08531	PF17389
PF08531	PF21557
PF08532	PF08532
PF08532	PF08533
PF08532	PF22369
PF08534	PF08534
PF08534	PF09138
PF08534	PF11412
PF08535	PF08535
PF08535	PF16509
PF08536	PF08536
PF08538	PF08538
PF08540	PF08540
PF08541	PF08541
PF08541	PF08545
PF08542	PF08542
PF08542	PF13177
PF08542	PF21960
PF08542	PF22534
PF08543	PF08543
PF08544	PF08544
PF08544	PF10509
PF08545	PF08545
PF08546	PF08546
PF08548	PF08548
PF08548	PF13583
PF08558	PF08558
PF08559	PF08559
PF08562	PF08562
PF08563	PF09030
PF08563	PF18521
PF08565	PF13589
PF08567	PF11521
PF08567	PF12149
PF08567	PF16203
PF08567	PF16832
PF08567	PF16833
PF08567	PF18521
PF08568	PF08568
PF08568	PF12678
PF08569	PF08569
PF08572	PF12134
PF08572	PF12230
PF08580	PF08580
PF08581	PF08581
PF08585	PF08585
PF08585	PF21000
PF08586	PF08586
PF08593	PF08593
PF08595	PF08595
PF08595	PF08598
PF08595	PF08642
PF08595	PF12998
PF08595	PF16879
PF08597	PF08597
PF08598	PF08598
PF08598	PF12998
PF08598	PF13867
PF08598	PF16879
PF08603	PF08603
PF08606	PF08606
PF08606	PF11831
PF08612	PF08612
PF08612	PF09637
PF08612	PF10156
PF08612	PF11571
PF08613	PF08613
PF08614	PF08614
PF08614	PF21032
PF08615	PF08615
PF08615	PF09468
PF08615	PF17745
PF08617	PF08617
PF08625	PF08625
PF08626	PF08626
PF08626	PF12735
PF08633	PF08638
PF08633	PF09748
PF08638	PF09748
PF08638	PF10018
PF08638	PF10156
PF08638	PF10278
PF08638	PF11221
PF08639	PF08639
PF08641	PF15622
PF08642	PF08642
PF08644	PF17292
PF08644	PF21103
PF08645	PF08645
PF08645	PF13671
PF08645	PF17913
PF08646	PF08661
PF08646	PF11474
PF08647	PF13851
PF08648	PF10596
PF08649	PF08653
PF08649	PF08655
PF08649	PF08656
PF08649	PF08657
PF08650	PF08651
PF08650	PF08655
PF08650	PF08656
PF08651	PF08653
PF08651	PF08656
PF08651	PF08657
PF08652	PF08652
PF08652	PF17846
PF08653	PF08654
PF08653	PF08657
PF08654	PF08655
PF08654	PF08657
PF08655	PF08656
PF08655	PF08657
PF08657	PF08657
PF08659	PF08659
PF08659	PF13602
PF08659	PF14765
PF08659	PF21149
PF08659	PF21394
PF08659	PF22953
PF08661	PF08661
PF08662	PF08662
PF08665	PF08665
PF08666	PF08666
PF08666	PF20629
PF08668	PF08668
PF08669	PF16350
PF08671	PF08671
PF08672	PF08672
PF08672	PF12861
PF08673	PF08673
PF08674	PF08674
PF08676	PF08676
PF08676	PF16413
PF08677	PF08677
PF08678	PF08678
PF08679	PF08679
PF08681	PF08681
PF08681	PF13508
PF08681	PF13673
PF08684	PF08684
PF08684	PF13304
PF08687	PF08687
PF08689	PF08689
PF08689	PF11635
PF08691	PF08691
PF08691	PF13476
PF08694	PF08694
PF08694	PF09743
PF08694	PF09756
PF08696	PF13086
PF08696	PF21123
PF08699	PF08699
PF08699	PF16486
PF08699	PF16488
PF08700	PF20669
PF08702	PF08702
PF08703	PF08703
PF08704	PF08704
PF08704	PF14801
PF08704	PF21985
PF08704	PF22498
PF08706	PF08706
PF08706	PF08707
PF08706	PF19263
PF08709	PF08709
PF08710	PF08710
PF08711	PF08711
PF08713	PF08713
PF08714	PF08714
PF08715	PF08715
PF08715	PF12124
PF08715	PF19218
PF08715	PF22104
PF08716	PF08716
PF08716	PF08717
PF08716	PF13604
PF08717	PF08717
PF08717	PF20631
PF08717	PF20632
PF08718	PF08718
PF08720	PF08720
PF08721	PF08722
PF08722	PF08722
PF08722	PF11426
PF08723	PF08723
PF08724	PF08724
PF08726	PF08726
PF08726	PF09042
PF08726	PF13499
PF08727	PF08727
PF08727	PF13897
PF08729	PF12894
PF08738	PF08738
PF08738	PF09341
PF08740	PF08740
PF08742	PF08742
PF08742	PF13330
PF08745	PF08745
PF08746	PF13476
PF08751	PF08751
PF08752	PF16381
PF08753	PF08753
PF08755	PF08755
PF08759	PF08759
PF08761	PF08761
PF08762	PF11492
PF08763	PF08763
PF08763	PF13499
PF08763	PF13833
PF08763	PF16905
PF08764	PF08764
PF08766	PF15511
PF08767	PF08767
PF08767	PF13416
PF08767	PF18617
PF08767	PF18784
PF08767	PF18787
PF08768	PF08768
PF08769	PF08769
PF08770	PF08770
PF08770	PF13501
PF08771	PF08771
PF08771	PF14664
PF08771	PF16978
PF08772	PF17146
PF08773	PF08773
PF08774	PF08774
PF08774	PF21169
PF08774	PF21170
PF08774	PF21315
PF08775	PF08775
PF08778	PF13621
PF08780	PF08780
PF08780	PF18765
PF08781	PF08781
PF08781	PF08934
PF08781	PF16421
PF08782	PF08782
PF08784	PF08784
PF08785	PF20502
PF08786	PF08786
PF08787	PF08787
PF08788	PF08788
PF08790	PF17848
PF08794	PF08794
PF08794	PF20937
PF08796	PF08796
PF08797	PF08797
PF08798	PF08798
PF08798	PF09344
PF08798	PF09485
PF08799	PF12230
PF08801	PF08801
PF08803	PF08803
PF08804	PF08804
PF08804	PF18343
PF08805	PF08805
PF08807	PF08807
PF08808	PF08808
PF08808	PF09722
PF08810	PF08810
PF08814	PF08814
PF08815	PF09030
PF08816	PF08816
PF08817	PF08817
PF08817	PF11203
PF08826	PF08826
PF08828	PF08828
PF08829	PF17480
PF08831	PF08831
PF08839	PF14551
PF08840	PF08840
PF08841	PF18427
PF08842	PF08842
PF08843	PF08843
PF08843	PF18993
PF08848	PF08848
PF08849	PF08849
PF08854	PF08854
PF08857	PF08857
PF08858	PF08864
PF08860	PF08860
PF08864	PF08864
PF08868	PF08868
PF08869	PF08869
PF08870	PF08870
PF08881	PF08881
PF08883	PF08883
PF08887	PF08887
PF08887	PF08906
PF08887	PF15604
PF08888	PF08888
PF08896	PF08896
PF08903	PF08903
PF08903	PF20921
PF08904	PF08904
PF08906	PF15604
PF08911	PF16186
PF08912	PF08912
PF08913	PF21692
PF08913	PF21865
PF08915	PF08915
PF08916	PF08916
PF08918	PF08918
PF08920	PF10598
PF08921	PF08921
PF08923	PF15454
PF08923	PF16672
PF08924	PF08924
PF08925	PF08925
PF08929	PF20734
PF08931	PF08931
PF08931	PF12796
PF08931	PF21564
PF08933	PF08933
PF08934	PF16421
PF08935	PF08935
PF08935	PF22663
PF08936	PF08936
PF08936	PF20686
PF08936	PF20687
PF08937	PF08937
PF08939	PF08939
PF08941	PF08941
PF08942	PF08942
PF08942	PF22674
PF08943	PF08943
PF08945	PF08945
PF08945	PF11099
PF08946	PF08946
PF08948	PF08948
PF08948	PF09018
PF08949	PF08949
PF08950	PF08950
PF08951	PF08951
PF08953	PF16300
PF08954	PF08954
PF08955	PF08977
PF08956	PF08956
PF08960	PF08960
PF08963	PF08963
PF08964	PF08964
PF08964	PF14564
PF08965	PF08965
PF08969	PF08969
PF08970	PF08970
PF08974	PF08974
PF08976	PF08976
PF08978	PF08978
PF08982	PF08982
PF08985	PF08985
PF08988	PF08988
PF08988	PF09392
PF08988	PF09477
PF08990	PF08990
PF08992	PF09098
PF08992	PF09100
PF08993	PF08994
PF08996	PF15489
PF08996	PF15490
PF08996	PF22062
PF08998	PF08998
PF09001	PF09001
PF09002	PF09002
PF09003	PF09003
PF09006	PF09006
PF09007	PF09380
PF09008	PF09008
PF09008	PF09251
PF09008	PF11134
PF09008	PF11650
PF09009	PF09009
PF09009	PF09102
PF09009	PF14492
PF09010	PF09010
PF09011	PF09011
PF09011	PF18521
PF09012	PF17910
PF09014	PF09014
PF09015	PF09015
PF09017	PF09017
PF09018	PF09018
PF09018	PF09300
PF09018	PF09301
PF09019	PF09019
PF09019	PF09217
PF09021	PF09021
PF09023	PF09023
PF09026	PF09026
PF09028	PF09028
PF09030	PF10401
PF09030	PF18521
PF09032	PF09032
PF09034	PF21355
PF09036	PF09036
PF09037	PF09037
PF09038	PF09038
PF09038	PF22327
PF09041	PF09041
PF09043	PF09043
PF09043	PF16552
PF09043	PF16554
PF09044	PF09044
PF09045	PF09045
PF09045	PF09060
PF09048	PF09048
PF09049	PF09050
PF09050	PF09051
PF09053	PF09053
PF09055	PF09055
PF09056	PF09056
PF09057	PF09057
PF09058	PF09058
PF09059	PF09059
PF09060	PF09060
PF09063	PF09063
PF09067	PF09067
PF09067	PF09294
PF09067	PF12796
PF09067	PF13637
PF09067	PF21460
PF09068	PF09069
PF09077	PF09077
PF09077	PF13401
PF09079	PF09079
PF09079	PF14629
PF09079	PF17872
PF09079	PF21312
PF09079	PF22606
PF09079	PF22703
PF09084	PF09084
PF09086	PF09086
PF09087	PF09087
PF09088	PF09090
PF09092	PF09093
PF09094	PF09095
PF09096	PF09097
PF09098	PF09100
PF09098	PF14930
PF09099	PF09100
PF09099	PF14930
PF09100	PF14930
PF09101	PF09102
PF09103	PF09169
PF09104	PF09121
PF09104	PF21318
PF09105	PF09106
PF09107	PF21214
PF09107	PF21580
PF09108	PF09109
PF09110	PF09110
PF09111	PF15612
PF09112	PF09112
PF09112	PF09113
PF09112	PF22252
PF09113	PF09113
PF09113	PF22252
PF09114	PF09114
PF09115	PF09115
PF09115	PF12169
PF09115	PF14840
PF09115	PF21500
PF09118	PF13964
PF09123	PF09123
PF09126	PF09126
PF09127	PF17900
PF09128	PF09128
PF09129	PF09129
PF09130	PF09130
PF09134	PF09134
PF09134	PF21764
PF09136	PF09985
PF09138	PF09138
PF09139	PF09139
PF09140	PF09140
PF09141	PF09141
PF09141	PF17985
PF09141	PF21692
PF09141	PF21865
PF09141	PF21896
PF09142	PF16198
PF09144	PF09144
PF09147	PF09147
PF09150	PF09150
PF09156	PF09156
PF09157	PF16198
PF09158	PF09158
PF09159	PF09159
PF09160	PF09160
PF09163	PF13247
PF09164	PF09164
PF09170	PF15489
PF09170	PF16686
PF09171	PF09171
PF09172	PF09172
PF09174	PF09174
PF09176	PF09176
PF09177	PF09177
PF09179	PF11734
PF09180	PF09180
PF09182	PF09182
PF09186	PF09186
PF09187	PF09187
PF09192	PF09192
PF09194	PF09194
PF09195	PF09195
PF09199	PF09199
PF09200	PF09200
PF09201	PF09439
PF09203	PF09203
PF09204	PF11429
PF09208	PF09208
PF09209	PF09209
PF09211	PF09211
PF09212	PF09212
PF09213	PF09213
PF09214	PF09214
PF09215	PF09215
PF09215	PF21427
PF09215	PF21456
PF09217	PF09217
PF09218	PF09218
PF09220	PF09220
PF09221	PF09221
PF09222	PF09222
PF09223	PF09223
PF09224	PF09224
PF09225	PF09225
PF09226	PF09226
PF09228	PF09228
PF09229	PF09229
PF09231	PF09231
PF09232	PF09232
PF09233	PF09233
PF09239	PF09239
PF09240	PF09240
PF09240	PF18001
PF09240	PF18611
PF09240	PF21460
PF09242	PF21706
PF09245	PF09245
PF09247	PF12157
PF09249	PF21133
PF09250	PF13010
PF09251	PF09251
PF09252	PF09252
PF09254	PF09254
PF09254	PF16902
PF09255	PF09255
PF09257	PF09257
PF09258	PF09258
PF09259	PF09259
PF09261	PF09261
PF09261	PF17677
PF09261	PF18230
PF09261	PF18438
PF09261	PF21260
PF09262	PF09263
PF09264	PF09264
PF09264	PF13088
PF09265	PF09265
PF09267	PF17901
PF09267	PF18214
PF09268	PF09268
PF09268	PF13838
PF09270	PF09270
PF09270	PF09271
PF09270	PF12796
PF09271	PF09271
PF09271	PF09596
PF09271	PF11498
PF09271	PF12796
PF09272	PF09272
PF09273	PF09273
PF09274	PF09274
PF09275	PF09276
PF09277	PF09277
PF09278	PF09278
PF09278	PF13411
PF09284	PF09284
PF09284	PF14683
PF09284	PF14686
PF09285	PF09285
PF09289	PF21333
PF09291	PF09291
PF09291	PF16680
PF09294	PF09294
PF09294	PF14565
PF09294	PF15177
PF09294	PF21460
PF09295	PF09295
PF09295	PF16892
PF09295	PF16893
PF09296	PF09296
PF09296	PF09297
PF09297	PF09297
PF09299	PF13401
PF09300	PF09301
PF09301	PF09301
PF09302	PF09302
PF09302	PF21928
PF09304	PF09304
PF09306	PF11651
PF09307	PF09307
PF09308	PF09308
PF09308	PF13407
PF09311	PF09311
PF09313	PF09313
PF09325	PF09325
PF09326	PF22117
PF09326	PF22151
PF09327	PF09327
PF09329	PF22379
PF09334	PF09334
PF09334	PF13603
PF09334	PF19303
PF09336	PF09336
PF09336	PF17862
PF09336	PF18097
PF09339	PF09339
PF09340	PF12998
PF09341	PF09341
PF09341	PF15387
PF09343	PF09343
PF09343	PF09931
PF09343	PF13550
PF09344	PF09344
PF09344	PF09481
PF09344	PF09485
PF09344	PF09704
PF09345	PF19788
PF09346	PF09346
PF09347	PF09347
PF09349	PF09349
PF09351	PF09351
PF09356	PF09931
PF09358	PF09358
PF09359	PF09359
PF09360	PF09360
PF09361	PF09361
PF09363	PF09363
PF09363	PF09364
PF09364	PF09364
PF09369	PF22982
PF09370	PF09370
PF09371	PF12836
PF09371	PF17674
PF09373	PF09373
PF09374	PF09374
PF09375	PF09375
PF09376	PF09376
PF09377	PF14492
PF09377	PF20268
PF09378	PF09378
PF09379	PF09379
PF09379	PF09380
PF09379	PF16511
PF09379	PF20492
PF09380	PF09380
PF09381	PF09381
PF09382	PF09382
PF09382	PF16124
PF09383	PF09383
PF09384	PF09384
PF09385	PF09385
PF09386	PF09386
PF09387	PF09387
PF09388	PF09388
PF09392	PF09392
PF09392	PF09477
PF09392	PF17889
PF09393	PF09393
PF09393	PF17482
PF09394	PF09394
PF09396	PF09396
PF09397	PF09397
PF09398	PF09398
PF09399	PF09399
PF09399	PF13181
PF09401	PF09401
PF09403	PF09403
PF09404	PF09404
PF09405	PF09405
PF09408	PF09408
PF09408	PF11921
PF09408	PF12796
PF09408	PF13855
PF09408	PF13857
PF09408	PF16451
PF09408	PF19209
PF09408	PF20010
PF09408	PF21528
PF09409	PF09409
PF09409	PF18486
PF09411	PF09411
PF09412	PF09412
PF09414	PF09414
PF09414	PF18043
PF09414	PF18330
PF09414	PF21189
PF09415	PF09415
PF09415	PF15510
PF09415	PF15630
PF09415	PF16783
PF09416	PF09416
PF09416	PF13087
PF09420	PF09420
PF09420	PF13959
PF09423	PF09423
PF09423	PF16655
PF09424	PF09424
PF09425	PF14215
PF09425	PF18791
PF09430	PF13360
PF09431	PF09431
PF09432	PF11957
PF09432	PF16134
PF09439	PF09439
PF09442	PF09442
PF09445	PF09445
PF09447	PF20994
PF09448	PF09448
PF09449	PF09449
PF09452	PF09454
PF09453	PF09453
PF09454	PF09454
PF09454	PF10240
PF09455	PF22230
PF09457	PF09457
PF09458	PF09458
PF09459	PF13247
PF09460	PF09460
PF09466	PF09466
PF09467	PF09467
PF09468	PF17745
PF09471	PF09471
PF09471	PF16217
PF09472	PF09472
PF09474	PF09474
PF09475	PF20863
PF09477	PF09477
PF09479	PF09479
PF09480	PF09480
PF09480	PF21304
PF09481	PF09481
PF09481	PF09485
PF09481	PF09704
PF09481	PF18019
PF09485	PF09485
PF09485	PF09704
PF09488	PF09488
PF09491	PF09491
PF09492	PF09492
PF09494	PF09494
PF09494	PF21202
PF09496	PF09496
PF09496	PF13096
PF09496	PF22462
PF09496	PF22463
PF09497	PF18296
PF09500	PF09500
PF09508	PF17385
PF09508	PF17386
PF09510	PF09510
PF09511	PF09511
PF09511	PF20819
PF09515	PF09515
PF09517	PF09517
PF09518	PF09518
PF09522	PF09522
PF09531	PF09531
PF09548	PF09548
PF09549	PF09549
PF09565	PF09565
PF09565	PF20731
PF09566	PF09566
PF09570	PF09570
PF09580	PF09580
PF09581	PF09581
PF09585	PF09585
PF09588	PF09588
PF09596	PF12796
PF09596	PF20144
PF09611	PF09611
PF09611	PF09614
PF09611	PF09615
PF09614	PF09614
PF09614	PF09615
PF09615	PF09615
PF09615	PF09618
PF09615	PF20829
PF09617	PF09617
PF09618	PF09618
PF09619	PF09619
PF09620	PF09620
PF09623	PF09623
PF09625	PF09625
PF09627	PF09627
PF09628	PF09628
PF09631	PF09631
PF09632	PF09632
PF09633	PF09633
PF09635	PF21972
PF09637	PF09637
PF09637	PF10156
PF09637	PF10232
PF09637	PF10280
PF09638	PF09638
PF09642	PF09642
PF09643	PF09643
PF09644	PF09644
PF09646	PF09646
PF09648	PF09648
PF09651	PF09651
PF09651	PF22165
PF09654	PF09654
PF09654	PF13560
PF09659	PF09659
PF09659	PF22206
PF09659	PF22208
PF09663	PF09663
PF09668	PF09668
PF09670	PF09670
PF09670	PF22205
PF09671	PF09671
PF09687	PF09687
PF09691	PF09691
PF09696	PF09724
PF09696	PF22634
PF09699	PF09699
PF09699	PF11854
PF09699	PF22678
PF09700	PF09700
PF09700	PF19021
PF09700	PF20823
PF09700	PF22335
PF09701	PF09701
PF09701	PF20824
PF09704	PF09704
PF09704	PF09709
PF09707	PF09707
PF09709	PF09709
PF09711	PF09711
PF09719	PF09719
PF09722	PF09722
PF09722	PF20432
PF09724	PF09724
PF09730	PF09730
PF09731	PF09731
PF09733	PF12265
PF09733	PF18118
PF09733	PF18264
PF09733	PF18600
PF09733	PF18601
PF09733	PF21358
PF09734	PF17682
PF09736	PF09736
PF09736	PF12134
PF09738	PF09738
PF09740	PF20867
PF09743	PF09756
PF09744	PF09744
PF09748	PF10278
PF09748	PF11221
PF09748	PF12145
PF09749	PF09749
PF09751	PF09751
PF09754	PF09754
PF09754	PF10450
PF09754	PF10584
PF09754	PF16094
PF09757	PF09757
PF09757	PF11496
PF09762	PF21672
PF09763	PF15469
PF09763	PF20654
PF09764	PF09764
PF09765	PF11793
PF09766	PF09766
PF09766	PF11957
PF09770	PF09770
PF09773	PF09773
PF09776	PF09812
PF09776	PF11788
PF09777	PF09777
PF09781	PF09782
PF09781	PF10183
PF09781	PF10200
PF09781	PF10249
PF09782	PF09782
PF09782	PF10183
PF09782	PF10249
PF09783	PF09783
PF09785	PF10596
PF09785	PF10597
PF09785	PF12134
PF09788	PF09788
PF09790	PF12895
PF09790	PF13181
PF09790	PF19440
PF09795	PF18388
PF09797	PF09797
PF09798	PF09798
PF09806	PF09806
PF09808	PF12251
PF09809	PF22682
PF09810	PF09810
PF09812	PF11788
PF09812	PF21492
PF09816	PF10390
PF09817	PF09817
PF09818	PF09818
PF09818	PF20446
PF09818	PF21117
PF09822	PF09822
PF09827	PF09827
PF09830	PF09830
PF09830	PF19327
PF09832	PF09832
PF09848	PF09848
PF09848	PF21026
PF09850	PF09850
PF09856	PF09856
PF09861	PF09861
PF09861	PF21113
PF09864	PF09864
PF09867	PF09867
PF09873	PF09873
PF09891	PF09891
PF09894	PF09894
PF09897	PF09897
PF09904	PF09904
PF09924	PF09924
PF09931	PF13550
PF09936	PF09936
PF09938	PF09938
PF09950	PF09950
PF09957	PF09957
PF09968	PF09968
PF09982	PF09982
PF09983	PF09983
PF09983	PF11795
PF09992	PF09992
PF09992	PF22489
PF09994	PF22137
PF09996	PF09996
PF10000	PF10000
PF10000	PF13840
PF10014	PF10014
PF10015	PF10015
PF10015	PF20754
PF10017	PF10017
PF10018	PF10156
PF10018	PF10744
PF10018	PF11221
PF10021	PF10021
PF10022	PF10022
PF10033	PF10033
PF10035	PF10035
PF10036	PF10036
PF10037	PF16053
PF10040	PF10040
PF10040	PF17952
PF10040	PF19308
PF10044	PF10044
PF10044	PF19438
PF10054	PF10054
PF10061	PF10061
PF10073	PF10073
PF10074	PF20109
PF10075	PF10075
PF10075	PF10255
PF10075	PF13012
PF10075	PF18261
PF10075	PF18323
PF10075	PF18392
PF10075	PF22788
PF10090	PF10090
PF10091	PF10091
PF10091	PF11329
PF10093	PF10093
PF10100	PF10100
PF10103	PF10103
PF10106	PF10106
PF10106	PF13296
PF10117	PF10117
PF10119	PF13847
PF10120	PF10120
PF10124	PF10124
PF10128	PF20171
PF10133	PF10133
PF10137	PF10137
PF10137	PF20300
PF10140	PF10140
PF10147	PF10244
PF10150	PF10150
PF10150	PF20833
PF10150	PF22740
PF10156	PF10156
PF10156	PF10232
PF10156	PF10280
PF10156	PF11315
PF10156	PF22981
PF10163	PF10163
PF10163	PF12209
PF10163	PF13499
PF10163	PF16766
PF10163	PF18519
PF10165	PF10165
PF10165	PF13499
PF10172	PF10433
PF10174	PF10174
PF10175	PF15985
PF10175	PF21261
PF10175	PF21262
PF10178	PF10178
PF10178	PF16093
PF10183	PF10249
PF10185	PF10185
PF10186	PF10186
PF10186	PF17675
PF10189	PF15925
PF10189	PF21473
PF10193	PF10193
PF10197	PF10596
PF10199	PF10199
PF10200	PF17250
PF10208	PF20145
PF10210	PF10210
PF10210	PF22892
PF10213	PF14955
PF10213	PF15433
PF10213	PF22330
PF10214	PF20645
PF10218	PF10218
PF10220	PF10220
PF10220	PF15785
PF10221	PF10221
PF10221	PF13519
PF10221	PF16661
PF10221	PF19435
PF10221	PF20504
PF10224	PF10224
PF10228	PF10228
PF10229	PF10229
PF10232	PF10232
PF10232	PF10280
PF10234	PF10498
PF10234	PF14931
PF10234	PF17749
PF10235	PF13920
PF10235	PF22646
PF10242	PF10242
PF10243	PF10243
PF10245	PF16053
PF10246	PF10484
PF10249	PF17250
PF10250	PF10250
PF10250	PF12661
PF10251	PF18266
PF10255	PF13012
PF10255	PF21357
PF10257	PF19314
PF10258	PF10258
PF10259	PF10259
PF10262	PF10262
PF10263	PF22934
PF10265	PF10265
PF10270	PF22890
PF10274	PF15163
PF10275	PF10275
PF10276	PF10588
PF10276	PF12838
PF10276	PF22117
PF10280	PF10280
PF10280	PF11315
PF10280	PF11594
PF10282	PF10282
PF10283	PF17979
PF10284	PF10285
PF10291	PF10291
PF10294	PF10294
PF10296	PF10296
PF10298	PF14527
PF10343	PF10343
PF10345	PF10345
PF10367	PF10367
PF10369	PF10369
PF10369	PF22629
PF10371	PF12838
PF10371	PF17147
PF10373	PF10373
PF10373	PF10374
PF10373	PF22695
PF10376	PF10376
PF10377	PF10377
PF10384	PF15511
PF10386	PF10386
PF10387	PF10387
PF10388	PF10388
PF10391	PF10391
PF10391	PF14716
PF10391	PF14791
PF10391	PF14792
PF10392	PF20649
PF10393	PF10393
PF10394	PF15511
PF10396	PF10396
PF10396	PF12631
PF10398	PF10398
PF10400	PF10400
PF10401	PF10401
PF10403	PF10404
PF10404	PF10405
PF10409	PF10409
PF10409	PF22785
PF10410	PF10410
PF10410	PF13155
PF10410	PF13662
PF10411	PF10411
PF10411	PF13098
PF10412	PF10412
PF10413	PF10413
PF10414	PF14824
PF10416	PF10416
PF10417	PF10417
PF10419	PF17682
PF10419	PF20222
PF10420	PF10420
PF10420	PF16649
PF10421	PF10421
PF10422	PF18504
PF10423	PF10423
PF10425	PF10425
PF10425	PF17961
PF10426	PF12560
PF10429	PF10429
PF10429	PF22602
PF10431	PF10431
PF10431	PF17871
PF10432	PF10432
PF10432	PF18353
PF10433	PF10433
PF10433	PF14313
PF10433	PF14939
PF10433	PF15349
PF10434	PF12539
PF10435	PF13363
PF10437	PF10437
PF10437	PF21948
PF10444	PF10444
PF10444	PF12178
PF10447	PF10447
PF10447	PF21262
PF10447	PF21266
PF10448	PF10448
PF10450	PF10450
PF10450	PF10584
PF10451	PF12658
PF10456	PF10456
PF10458	PF10458
PF10459	PF10459
PF10462	PF12561
PF10464	PF10464
PF10467	PF10467
PF10469	PF10469
PF10470	PF10470
PF10471	PF13176
PF10471	PF13424
PF10480	PF10480
PF10480	PF16705
PF10482	PF10482
PF10483	PF10483
PF10486	PF10486
PF10487	PF11894
PF10487	PF21093
PF10487	PF21094
PF10491	PF10491
PF10494	PF10494
PF10494	PF20867
PF10498	PF14931
PF10498	PF17749
PF10502	PF10502
PF10503	PF10503
PF10509	PF10509
PF10512	PF10512
PF10513	PF12998
PF10513	PF17772
PF10516	PF13181
PF10516	PF15511
PF10523	PF10523
PF10528	PF10528
PF10531	PF10531
PF10531	PF10589
PF10531	PF13237
PF10531	PF13375
PF10557	PF12678
PF10564	PF10564
PF10566	PF10566
PF10566	PF14508
PF10566	PF14509
PF10568	PF11801
PF10568	PF12519
PF10568	PF17171
PF10568	PF17172
PF10572	PF10572
PF10584	PF10584
PF10584	PF11919
PF10584	PF16094
PF10584	PF16507
PF10584	PF17862
PF10585	PF10585
PF10588	PF10588
PF10588	PF10589
PF10588	PF11497
PF10588	PF12838
PF10588	PF13459
PF10588	PF13510
PF10588	PF22117
PF10589	PF11497
PF10589	PF12838
PF10589	PF13459
PF10589	PF13510
PF10589	PF14691
PF10589	PF22117
PF10589	PF22461
PF10591	PF10591
PF10596	PF10596
PF10596	PF10597
PF10596	PF10598
PF10596	PF11708
PF10596	PF12134
PF10596	PF20981
PF10597	PF15458
PF10598	PF11831
PF10598	PF13921
PF10602	PF10602
PF10602	PF17862
PF10604	PF10604
PF10607	PF10607
PF10609	PF10609
PF10613	PF10613
PF10614	PF10614
PF10615	PF10615
PF10615	PF13883
PF10633	PF10633
PF10633	PF13088
PF10634	PF10634
PF10635	PF10635
PF10635	PF12826
PF10636	PF10636
PF10637	PF10637
PF10637	PF13661
PF10640	PF21004
PF10640	PF21005
PF10643	PF10643
PF10646	PF10646
PF10650	PF13234
PF10651	PF10651
PF10657	PF12838
PF10664	PF11909
PF10664	PF11910
PF10672	PF10672
PF10672	PF17785
PF10674	PF10674
PF10683	PF10683
PF10692	PF10692
PF10694	PF10694
PF10699	PF10699
PF10702	PF10702
PF10703	PF17409
PF10706	PF10706
PF10709	PF10709
PF10716	PF11909
PF10719	PF10719
PF10722	PF10722
PF10728	PF10728
PF10738	PF10738
PF10740	PF10740
PF10747	PF10747
PF10747	PF11638
PF10759	PF10759
PF10763	PF10763
PF10764	PF10764
PF10765	PF10765
PF10771	PF10771
PF10775	PF10791
PF10776	PF10776
PF10778	PF10778
PF10784	PF10784
PF10785	PF12853
PF10790	PF14464
PF10796	PF10796
PF10798	PF10798
PF10804	PF10804
PF10862	PF10862
PF10869	PF10869
PF10938	PF10938
PF10939	PF13631
PF10939	PF17174
PF10980	PF10980
PF10986	PF10986
PF10988	PF10988
PF10991	PF10991
PF10995	PF10995
PF10995	PF11120
PF10996	PF10996
PF10996	PF13646
PF10996	PF16661
PF11015	PF11015
PF11031	PF11031
PF11032	PF11032
PF11033	PF11033
PF11041	PF11863
PF11047	PF11047
PF11053	PF11053
PF11056	PF11056
PF11068	PF11068
PF11071	PF11071
PF11073	PF11073
PF11095	PF15348
PF11099	PF11099
PF11099	PF15196
PF11099	PF15826
PF11102	PF11102
PF11104	PF11104
PF11111	PF11111
PF11111	PF11802
PF11111	PF13092
PF11120	PF11120
PF11127	PF11127
PF11133	PF11133
PF11134	PF11134
PF11134	PF11650
PF11155	PF11155
PF11160	PF11160
PF11175	PF11175
PF11191	PF11191
PF11195	PF11195
PF11199	PF11199
PF11210	PF11623
PF11210	PF11909
PF11210	PF12838
PF11214	PF11593
PF11217	PF11217
PF11221	PF11221
PF11221	PF15693
PF11246	PF21379
PF11246	PF21428
PF11256	PF11256
PF11258	PF17479
PF11260	PF11260
PF11262	PF11262
PF11262	PF11957
PF11264	PF11264
PF11265	PF11573
PF11265	PF11635
PF11265	PF20718
PF11265	PF20719
PF11266	PF11266
PF11271	PF11271
PF11277	PF11277
PF11277	PF11573
PF11277	PF11635
PF11277	PF21539
PF11289	PF11289
PF11305	PF11305
PF11315	PF11315
PF11315	PF11568
PF11315	PF11594
PF11342	PF11342
PF11356	PF21305
PF11380	PF11380
PF11380	PF17101
PF11380	PF17102
PF11380	PF17103
PF11386	PF11386
PF11393	PF11393
PF11396	PF11396
PF11401	PF11401
PF11407	PF11407
PF11411	PF21924
PF11412	PF11412
PF11412	PF13098
PF11413	PF13640
PF11418	PF11418
PF11418	PF11778
PF11419	PF11419
PF11422	PF11422
PF11423	PF11423
PF11424	PF20997
PF11435	PF11435
PF11439	PF11439
PF11440	PF11440
PF11461	PF11461
PF11463	PF11463
PF11464	PF11464
PF11465	PF11465
PF11467	PF11467
PF11468	PF11468
PF11469	PF11469
PF11473	PF11473
PF11474	PF11474
PF11474	PF12009
PF11477	PF11477
PF11477	PF22352
PF11479	PF11479
PF11479	PF11757
PF11480	PF12106
PF11482	PF11482
PF11483	PF11483
PF11486	PF11486
PF11487	PF11487
PF11488	PF11488
PF11495	PF11495
PF11496	PF11496
PF11497	PF12838
PF11497	PF22117
PF11498	PF12796
PF11498	PF20144
PF11503	PF15454
PF11503	PF16818
PF11505	PF11505
PF11506	PF11506
PF11507	PF11507
PF11507	PF11976
PF11508	PF11508
PF11517	PF11517
PF11517	PF17331
PF11519	PF11519
PF11520	PF11520
PF11522	PF13499
PF11522	PF13833
PF11524	PF11524
PF11525	PF11525
PF11526	PF16575
PF11527	PF11527
PF11528	PF11528
PF11530	PF11530
PF11531	PF11531
PF11532	PF13513
PF11533	PF11533
PF11534	PF11534
PF11536	PF11536
PF11537	PF11537
PF11538	PF13513
PF11538	PF21974
PF11539	PF11539
PF11540	PF11540
PF11542	PF14852
PF11542	PF14853
PF11544	PF11544
PF11546	PF11546
PF11547	PF11547
PF11548	PF11548
PF11550	PF11550
PF11553	PF11553
PF11554	PF11554
PF11556	PF11556
PF11558	PF11558
PF11560	PF11560
PF11563	PF11563
PF11564	PF11564
PF11565	PF11565
PF11566	PF11566
PF11567	PF11567
PF11568	PF11568
PF11568	PF11594
PF11568	PF20718
PF11568	PF21538
PF11570	PF11570
PF11572	PF11572
PF11573	PF11635
PF11573	PF21539
PF11574	PF11574
PF11576	PF11576
PF11577	PF11577
PF11577	PF12179
PF11578	PF11578
PF11579	PF11579
PF11580	PF11580
PF11581	PF11581
PF11583	PF11583
PF11584	PF11584
PF11588	PF11588
PF11589	PF11589
PF11594	PF22984
PF11598	PF11598
PF11601	PF11879
PF11601	PF13499
PF11601	PF13833
PF11602	PF11602
PF11602	PF20837
PF11604	PF11604
PF11605	PF11605
PF11606	PF11606
PF11607	PF11607
PF11609	PF11609
PF11611	PF11611
PF11611	PF17118
PF11612	PF11612
PF11612	PF21687
PF11615	PF11615
PF11615	PF14852
PF11615	PF14853
PF11619	PF11619
PF11623	PF11623
PF11623	PF12838
PF11626	PF11626
PF11626	PF16772
PF11627	PF11627
PF11627	PF13513
PF11628	PF11628
PF11629	PF11629
PF11629	PF16517
PF11633	PF11633
PF11633	PF12124
PF11635	PF20718
PF11639	PF11639
PF11642	PF11642
PF11644	PF11644
PF11645	PF11645
PF11646	PF11646
PF11647	PF11647
PF11647	PF12919
PF11647	PF12920
PF11647	PF20900
PF11648	PF11648
PF11648	PF18119
PF11650	PF11650
PF11650	PF16510
PF11651	PF11651
PF11658	PF11658
PF11680	PF11680
PF11681	PF11681
PF11681	PF11863
PF11699	PF11699
PF11704	PF14636
PF11704	PF14637
PF11704	PF15019
PF11705	PF20912
PF11705	PF22536
PF11708	PF11708
PF11708	PF12134
PF11709	PF11709
PF11709	PF13741
PF11711	PF11711
PF11713	PF11713
PF11713	PF12919
PF11713	PF16184
PF11715	PF11715
PF11715	PF21486
PF11715	PF22114
PF11717	PF11717
PF11718	PF13299
PF11718	PF16661
PF11720	PF11720
PF11723	PF11723
PF11724	PF11724
PF11727	PF11727
PF11727	PF21406
PF11728	PF11728
PF11729	PF11729
PF11732	PF11957
PF11732	PF16134
PF11738	PF11738
PF11738	PF13739
PF11741	PF11741
PF11744	PF11744
PF11754	PF11754
PF11757	PF11757
PF11758	PF11758
PF11760	PF11760
PF11760	PF21437
PF11766	PF11766
PF11768	PF19032
PF11768	PF19033
PF11768	PF19038
PF11774	PF11774
PF11783	PF13435
PF11788	PF18471
PF11788	PF21492
PF11789	PF11976
PF11789	PF22326
PF11790	PF11790
PF11793	PF11793
PF11793	PF18890
PF11793	PF18891
PF11794	PF11794
PF11795	PF11795
PF11798	PF11799
PF11799	PF11799
PF11799	PF21999
PF11801	PF12519
PF11802	PF15511
PF11816	PF11816
PF11816	PF14675
PF11816	PF14676
PF11816	PF14680
PF11818	PF11818
PF11818	PF17804
PF11821	PF12838
PF11821	PF13247
PF11821	PF14522
PF11826	PF11826
PF11829	PF11829
PF11831	PF21369
PF11835	PF11835
PF11838	PF11838
PF11838	PF17900
PF11847	PF11847
PF11852	PF18494
PF11854	PF22111
PF11854	PF22113
PF11854	PF22678
PF11855	PF11855
PF11855	PF13555
PF11855	PF13558
PF11855	PF13835
PF11860	PF11860
PF11863	PF11863
PF11863	PF22756
PF11863	PF22764
PF11864	PF11864
PF11876	PF11876
PF11879	PF13499
PF11879	PF13833
PF11882	PF11882
PF11884	PF11884
PF11887	PF11887
PF11890	PF11890
PF11892	PF14793
PF11894	PF11894
PF11894	PF13874
PF11894	PF21093
PF11895	PF11895
PF11896	PF11896
PF11900	PF12796
PF11901	PF11901
PF11909	PF11910
PF11909	PF12838
PF11909	PF13187
PF11918	PF11918
PF11919	PF16507
PF11921	PF11921
PF11921	PF13306
PF11921	PF13855
PF11921	PF14843
PF11921	PF15913
PF11931	PF16958
PF11935	PF11935
PF11938	PF11938
PF11940	PF17432
PF11951	PF11951
PF11952	PF17846
PF11953	PF11953
PF11953	PF12838
PF11957	PF11957
PF11957	PF16134
PF11958	PF11958
PF11958	PF16871
PF11962	PF11962
PF11964	PF11964
PF11965	PF11965
PF11967	PF13662
PF11967	PF21175
PF11968	PF11968
PF11969	PF11969
PF11969	PF16278
PF11971	PF22697
PF11974	PF21142
PF11975	PF11975
PF11976	PF11976
PF11976	PF12185
PF11976	PF13175
PF11976	PF14890
PF11976	PF15009
PF11976	PF15499
PF11976	PF16845
PF11976	PF22326
PF11976	PF22378
PF11977	PF11977
PF11978	PF11978
PF11978	PF17795
PF11987	PF11987
PF11987	PF22042
PF11991	PF11991
PF11999	PF11999
PF12002	PF12002
PF12002	PF16193
PF12004	PF12004
PF12007	PF12007
PF12008	PF12008
PF12008	PF12161
PF12008	PF18766
PF12008	PF22679
PF12009	PF12009
PF12009	PF17984
PF12009	PF21399
PF12010	PF13416
PF12016	PF12763
PF12017	PF12017
PF12019	PF12019
PF12026	PF12026
PF12030	PF12030
PF12031	PF21459
PF12036	PF12036
PF12053	PF12053
PF12058	PF12058
PF12058	PF13545
PF12062	PF12062
PF12063	PF12063
PF12063	PF21127
PF12075	PF21896
PF12080	PF12080
PF12080	PF21602
PF12081	PF12081
PF12081	PF21601
PF12081	PF22827
PF12090	PF12767
PF12093	PF12093
PF12103	PF12103
PF12106	PF12106
PF12107	PF12107
PF12110	PF12110
PF12110	PF21093
PF12122	PF12122
PF12123	PF12123
PF12124	PF12124
PF12125	PF12125
PF12130	PF12130
PF12134	PF12134
PF12137	PF18337
PF12137	PF18339
PF12139	PF12838
PF12142	PF12142
PF12142	PF12143
PF12143	PF12143
PF12145	PF12145
PF12146	PF12146
PF12146	PF12697
PF12148	PF12148
PF12150	PF12150
PF12153	PF12153
PF12157	PF12157
PF12161	PF12161
PF12163	PF12163
PF12164	PF12164
PF12165	PF12165
PF12166	PF12166
PF12166	PF15316
PF12166	PF15917
PF12169	PF12169
PF12169	PF13177
PF12169	PF14840
PF12169	PF21500
PF12169	PF22608
PF12170	PF17657
PF12170	PF20914
PF12171	PF16837
PF12172	PF22691
PF12173	PF12173
PF12175	PF12175
PF12176	PF12176
PF12180	PF12180
PF12181	PF12181
PF12186	PF12186
PF12187	PF12187
PF12192	PF12192
PF12193	PF12193
PF12199	PF12199
PF12202	PF12202
PF12203	PF12203
PF12204	PF12204
PF12204	PF21053
PF12205	PF12205
PF12207	PF12207
PF12209	PF13499
PF12211	PF12211
PF12212	PF12212
PF12212	PF22476
PF12215	PF12215
PF12216	PF12216
PF12217	PF12217
PF12217	PF12218
PF12217	PF12219
PF12218	PF12218
PF12218	PF12219
PF12219	PF12219
PF12226	PF12226
PF12229	PF12229
PF12230	PF16835
PF12236	PF12236
PF12236	PF17212
PF12241	PF12241
PF12241	PF12242
PF12242	PF12242
PF12249	PF12250
PF12250	PF12250
PF12251	PF13921
PF12252	PF12252
PF12252	PF19048
PF12252	PF20980
PF12253	PF12265
PF12253	PF15511
PF12253	PF15539
PF12255	PF12256
PF12256	PF18276
PF12257	PF19418
PF12257	PF23013
PF12265	PF12265
PF12265	PF15306
PF12265	PF16879
PF12265	PF17226
PF12282	PF12282
PF12289	PF12289
PF12294	PF12294
PF12296	PF12296
PF12298	PF16113
PF12306	PF12306
PF12309	PF12309
PF12313	PF12313
PF12313	PF12796
PF12317	PF21178
PF12318	PF12318
PF12318	PF13442
PF12320	PF13476
PF12320	PF13558
PF12324	PF12324
PF12327	PF12327
PF12327	PF13072
PF12331	PF21046
PF12341	PF12341
PF12341	PF20946
PF12348	PF12348
PF12354	PF12799
PF12354	PF13855
PF12367	PF12367
PF12372	PF12372
PF12372	PF20925
PF12372	PF20926
PF12372	PF20927
PF12378	PF19342
PF12379	PF12379
PF12385	PF12385
PF12386	PF12386
PF12389	PF12389
PF12391	PF12391
PF12397	PF12397
PF12404	PF12404
PF12408	PF12408
PF12411	PF12411
PF12418	PF12806
PF12421	PF12421
PF12424	PF13499
PF12426	PF21991
PF12436	PF12436
PF12436	PF14533
PF12437	PF12437
PF12437	PF18318
PF12445	PF12445
PF12456	PF12456
PF12460	PF12460
PF12460	PF14500
PF12464	PF12464
PF12464	PF14602
PF12469	PF19021
PF12469	PF20822
PF12469	PF20823
PF12469	PF22335
PF12470	PF12470
PF12471	PF12471
PF12495	PF12495
PF12509	PF12509
PF12513	PF18147
PF12513	PF22527
PF12515	PF13499
PF12519	PF12519
PF12521	PF22663
PF12534	PF12534
PF12535	PF12535
PF12539	PF12539
PF12539	PF18504
PF12544	PF12544
PF12554	PF14609
PF12554	PF19340
PF12563	PF12563
PF12563	PF16458
PF12569	PF12569
PF12569	PF13432
PF12574	PF12574
PF12580	PF21316
PF12588	PF12588
PF12592	PF17868
PF12592	PF20030
PF12596	PF21788
PF12603	PF15518
PF12604	PF12604
PF12604	PF20744
PF12619	PF12619
PF12619	PF15511
PF12623	PF12623
PF12623	PF16542
PF12624	PF12624
PF12624	PF16908
PF12625	PF12625
PF12626	PF12626
PF12626	PF12627
PF12627	PF12627
PF12627	PF13735
PF12629	PF12630
PF12631	PF12631
PF12638	PF12638
PF12642	PF12642
PF12643	PF12643
PF12656	PF12656
PF12657	PF12660
PF12657	PF19336
PF12659	PF12659
PF12659	PF18233
PF12660	PF19336
PF12667	PF17415
PF12678	PF12678
PF12678	PF13424
PF12678	PF19422
PF12678	PF22241
PF12679	PF12679
PF12680	PF12680
PF12681	PF12681
PF12682	PF12682
PF12689	PF12689
PF12692	PF12692
PF12693	PF12693
PF12695	PF12695
PF12697	PF12697
PF12697	PF18067
PF12697	PF21768
PF12698	PF12698
PF12702	PF12702
PF12704	PF12704
PF12704	PF16576
PF12705	PF12705
PF12705	PF13361
PF12705	PF21445
PF12706	PF12706
PF12706	PF13483
PF12706	PF13691
PF12706	PF17770
PF12706	PF18456
PF12706	PF22505
PF12708	PF12708
PF12708	PF13229
PF12708	PF22815
PF12710	PF12710
PF12712	PF12712
PF12712	PF12713
PF12715	PF12715
PF12719	PF12719
PF12721	PF12721
PF12723	PF12723
PF12726	PF13086
PF12728	PF12728
PF12729	PF12729
PF12733	PF13229
PF12738	PF12738
PF12738	PF21243
PF12738	PF21298
PF12739	PF12739
PF12740	PF12740
PF12741	PF12741
PF12745	PF12745
PF12745	PF13393
PF12747	PF12747
PF12753	PF12753
PF12753	PF22329
PF12755	PF13513
PF12756	PF12756
PF12756	PF22034
PF12766	PF12766
PF12769	PF12769
PF12770	PF12770
PF12770	PF18145
PF12771	PF12771
PF12771	PF16404
PF12774	PF12775
PF12774	PF18198
PF12774	PF18199
PF12774	PF21264
PF12774	PF21499
PF12775	PF12780
PF12775	PF17852
PF12775	PF17857
PF12775	PF18199
PF12775	PF21264
PF12775	PF21499
PF12775	PF22597
PF12777	PF12777
PF12777	PF12780
PF12777	PF12781
PF12777	PF12799
PF12780	PF12781
PF12780	PF17857
PF12780	PF18199
PF12780	PF22597
PF12781	PF12781
PF12783	PF12783
PF12783	PF16213
PF12790	PF12790
PF12794	PF12794
PF12796	PF12796
PF12796	PF12937
PF12796	PF13380
PF12796	PF13426
PF12796	PF13499
PF12796	PF13606
PF12796	PF13637
PF12796	PF13857
PF12796	PF14604
PF12796	PF14843
PF12796	PF15511
PF12796	PF16179
PF12796	PF16516
PF12796	PF17862
PF12796	PF17959
PF12796	PF17974
PF12796	PF19056
PF12796	PF20144
PF12796	PF22170
PF12799	PF12799
PF12799	PF13516
PF12799	PF13855
PF12799	PF14580
PF12799	PF14843
PF12799	PF18212
PF12800	PF13237
PF12800	PF13247
PF12802	PF12802
PF12802	PF13545
PF12804	PF12804
PF12806	PF12806
PF12810	PF12810
PF12810	PF15129
PF12818	PF20920
PF12819	PF12819
PF12822	PF12822
PF12826	PF12826
PF12826	PF14520
PF12831	PF12838
PF12831	PF13510
PF12831	PF17806
PF12831	PF22578
PF12833	PF12833
PF12833	PF13377
PF12833	PF22177
PF12833	PF22404
PF12836	PF17674
PF12837	PF13247
PF12838	PF12838
PF12838	PF13247
PF12838	PF13375
PF12838	PF13510
PF12838	PF13534
PF12838	PF14522
PF12838	PF14691
PF12838	PF22609
PF12840	PF12840
PF12848	PF12848
PF12849	PF12849
PF12850	PF12850
PF12854	PF12854
PF12854	PF13041
PF12854	PF13812
PF12854	PF21864
PF12856	PF12895
PF12859	PF12859
PF12859	PF12862
PF12859	PF20518
PF12861	PF12861
PF12861	PF22191
PF12862	PF12862
PF12862	PF12896
PF12862	PF13181
PF12862	PF13414
PF12862	PF15243
PF12866	PF18003
PF12867	PF12867
PF12867	PF13489
PF12869	PF12869
PF12870	PF12870
PF12872	PF12872
PF12874	PF13921
PF12876	PF12876
PF12883	PF12883
PF12888	PF12888
PF12892	PF12892
PF12892	PF19407
PF12893	PF12893
PF12894	PF12894
PF12894	PF16134
PF12894	PF21720
PF12895	PF12895
PF12895	PF13181
PF12895	PF13414
PF12895	PF13424
PF12895	PF18391
PF12895	PF18801
PF12896	PF12896
PF12896	PF21371
PF12897	PF12897
PF12899	PF12899
PF12900	PF12900
PF12902	PF12902
PF12903	PF12903
PF12904	PF12904
PF12904	PF13204
PF12905	PF17451
PF12905	PF17974
PF12905	PF17995
PF12905	PF18080
PF12905	PF21466
PF12910	PF12910
PF12912	PF12912
PF12912	PF12913
PF12912	PF12914
PF12913	PF12914
PF12917	PF12917
PF12918	PF12919
PF12918	PF12920
PF12919	PF12919
PF12920	PF12920
PF12922	PF12922
PF12922	PF20168
PF12924	PF12924
PF12925	PF12925
PF12930	PF12930
PF12931	PF12931
PF12931	PF12932
PF12933	PF12933
PF12933	PF12934
PF12937	PF12937
PF12939	PF12939
PF12940	PF12940
PF12945	PF12945
PF12946	PF12946
PF12946	PF12947
PF12956	PF12956
PF12961	PF12961
PF12968	PF12968
PF12969	PF12970
PF12971	PF12972
PF12973	PF12973
PF12973	PF13490
PF12974	PF12974
PF12975	PF12975
PF12977	PF12977
PF12979	PF12980
PF12985	PF22452
PF12988	PF12988
PF12998	PF12998
PF12999	PF12999
PF13004	PF13004
PF13008	PF14313
PF13012	PF13646
PF13012	PF18005
PF13012	PF18098
PF13012	PF18261
PF13012	PF18323
PF13012	PF18392
PF13012	PF18420
PF13012	PF18503
PF13012	PF19445
PF13012	PF21151
PF13012	PF21154
PF13012	PF21215
PF13012	PF21357
PF13012	PF22037
PF13012	PF22061
PF13015	PF13015
PF13017	PF13017
PF13022	PF13022
PF13023	PF13023
PF13036	PF13036
PF13041	PF13041
PF13041	PF13812
PF13041	PF21864
PF13072	PF13072
PF13083	PF13083
PF13085	PF13183
PF13085	PF13237
PF13085	PF13534
PF13086	PF13086
PF13086	PF13087
PF13086	PF13604
PF13086	PF18141
PF13086	PF20631
PF13086	PF20632
PF13086	PF21123
PF13086	PF21138
PF13086	PF21143
PF13086	PF21144
PF13087	PF13087
PF13087	PF13604
PF13087	PF16399
PF13087	PF18141
PF13087	PF20631
PF13087	PF20632
PF13087	PF20633
PF13088	PF13088
PF13088	PF14873
PF13088	PF22432
PF13088	PF22585
PF13089	PF13090
PF13090	PF17941
PF13091	PF13091
PF13091	PF18243
PF13094	PF13096
PF13094	PF13097
PF13098	PF13098
PF13098	PF13192
PF13117	PF13117
PF13144	PF13144
PF13144	PF22438
PF13149	PF13149
PF13155	PF13155
PF13155	PF21268
PF13155	PF21650
PF13155	PF22410
PF13156	PF18135
PF13157	PF13157
PF13167	PF16360
PF13174	PF13174
PF13174	PF13181
PF13174	PF13414
PF13174	PF13432
PF13174	PF13525
PF13175	PF13175
PF13175	PF13245
PF13175	PF13304
PF13175	PF13476
PF13175	PF20469
PF13176	PF13176
PF13176	PF13181
PF13176	PF13374
PF13176	PF13424
PF13176	PF16748
PF13176	PF18801
PF13176	PF19427
PF13177	PF13177
PF13177	PF14840
PF13177	PF21396
PF13177	PF21500
PF13177	PF21960
PF13177	PF22608
PF13180	PF13180
PF13180	PF13365
PF13180	PF17815
PF13180	PF17820
PF13181	PF13181
PF13181	PF13414
PF13181	PF13424
PF13181	PF13428
PF13181	PF13432
PF13181	PF13844
PF13181	PF14559
PF13181	PF14727
PF13181	PF14728
PF13181	PF14777
PF13181	PF15243
PF13181	PF15511
PF13181	PF16748
PF13181	PF17256
PF13181	PF17911
PF13181	PF19440
PF13181	PF21371
PF13182	PF13182
PF13185	PF13185
PF13185	PF16963
PF13186	PF13353
PF13188	PF13188
PF13188	PF13426
PF13188	PF21966
PF13189	PF13189
PF13191	PF13191
PF13191	PF14629
PF13191	PF17872
PF13191	PF21639
PF13192	PF13192
PF13192	PF21873
PF13193	PF13193
PF13193	PF16177
PF13199	PF13199
PF13200	PF13200
PF13201	PF13201
PF13202	PF13202
PF13202	PF13405
PF13202	PF13499
PF13202	PF13833
PF13204	PF13204
PF13204	PF16586
PF13204	PF18310
PF13205	PF13205
PF13205	PF22360
PF13206	PF13206
PF13207	PF13207
PF13229	PF13229
PF13229	PF21258
PF13230	PF13230
PF13234	PF13234
PF13234	PF21408
PF13237	PF13237
PF13237	PF13375
PF13238	PF13238
PF13241	PF13241
PF13241	PF14823
PF13241	PF14824
PF13242	PF13242
PF13242	PF13344
PF13242	PF18407
PF13243	PF13243
PF13243	PF13249
PF13244	PF20501
PF13245	PF13245
PF13245	PF13538
PF13245	PF17946
PF13245	PF18343
PF13247	PF13247
PF13247	PF14522
PF13247	PF14589
PF13247	PF14710
PF13247	PF14711
PF13247	PF21423
PF13249	PF13249
PF13252	PF13252
PF13262	PF13262
PF13264	PF13264
PF13277	PF13277
PF13279	PF13279
PF13280	PF13280
PF13280	PF19187
PF13281	PF13281
PF13281	PF19039
PF13281	PF20309
PF13286	PF13286
PF13288	PF13288
PF13289	PF13289
PF13289	PF18185
PF13291	PF13291
PF13292	PF13292
PF13296	PF13296
PF13297	PF16837
PF13298	PF13298
PF13302	PF13302
PF13304	PF13304
PF13304	PF13476
PF13305	PF13305
PF13306	PF13306
PF13306	PF13855
PF13307	PF22139
PF13320	PF13320
PF13320	PF22680
PF13326	PF13326
PF13328	PF13328
PF13331	PF13331
PF13336	PF13336
PF13337	PF13337
PF13337	PF20442
PF13338	PF13338
PF13341	PF13341
PF13343	PF13343
PF13344	PF13344
PF13347	PF13347
PF13350	PF13350
PF13353	PF13353
PF13354	PF13354
PF13354	PF13540
PF13354	PF18042
PF13355	PF13355
PF13356	PF13356
PF13358	PF13358
PF13360	PF13360
PF13360	PF13442
PF13360	PF13570
PF13361	PF13361
PF13361	PF17946
PF13361	PF21445
PF13364	PF13364
PF13365	PF13365
PF13365	PF17815
PF13365	PF17820
PF13368	PF13368
PF13370	PF13370
PF13372	PF13372
PF13374	PF13374
PF13374	PF13414
PF13374	PF13424
PF13374	PF13844
PF13374	PF16748
PF13374	PF19427
PF13377	PF13377
PF13377	PF13407
PF13377	PF22177
PF13378	PF13378
PF13378	PF18374
PF13378	PF21508
PF13380	PF13380
PF13380	PF13607
PF13380	PF19045
PF13382	PF13382
PF13384	PF13384
PF13385	PF20578
PF13391	PF13391
PF13391	PF18145
PF13393	PF13393
PF13393	PF21996
PF13395	PF13395
PF13395	PF16592
PF13395	PF16595
PF13395	PF18541
PF13395	PF22702
PF13401	PF13401
PF13401	PF22606
PF13401	PF22703
PF13402	PF13402
PF13402	PF17291
PF13402	PF18630
PF13402	PF18642
PF13402	PF18650
PF13402	PF22501
PF13404	PF13404
PF13404	PF13412
PF13405	PF13499
PF13405	PF21550
PF13406	PF13406
PF13407	PF13407
PF13407	PF18610
PF13409	PF13409
PF13409	PF13410
PF13409	PF14497
PF13409	PF14834
PF13409	PF16865
PF13409	PF22041
PF13409	PF22420
PF13410	PF13410
PF13410	PF13417
PF13410	PF18569
PF13410	PF22441
PF13411	PF13411
PF13411	PF14526
PF13412	PF13412
PF13412	PF21616
PF13412	PF21872
PF13414	PF13414
PF13414	PF13424
PF13414	PF13431
PF13414	PF13432
PF13414	PF13844
PF13414	PF14559
PF13414	PF15243
PF13416	PF13416
PF13417	PF13417
PF13417	PF14497
PF13417	PF14834
PF13417	PF16865
PF13417	PF22041
PF13417	PF22420
PF13418	PF13418
PF13418	PF13854
PF13418	PF13964
PF13419	PF13419
PF13420	PF13420
PF13423	PF13423
PF13423	PF18101
PF13424	PF13424
PF13424	PF13432
PF13424	PF14727
PF13424	PF14777
PF13424	PF15243
PF13424	PF16471
PF13424	PF16748
PF13424	PF16969
PF13424	PF17004
PF13424	PF17256
PF13424	PF17874
PF13424	PF19274
PF13424	PF19427
PF13426	PF13426
PF13426	PF13637
PF13427	PF13427
PF13428	PF14559
PF13432	PF13432
PF13432	PF13844
PF13432	PF14559
PF13432	PF14777
PF13432	PF17256
PF13432	PF17804
PF13432	PF17911
PF13433	PF13433
PF13433	PF21332
PF13434	PF13434
PF13435	PF13447
PF13437	PF13533
PF13439	PF13439
PF13439	PF13692
PF13442	PF13442
PF13442	PF13447
PF13442	PF13631
PF13442	PF14522
PF13442	PF19297
PF13442	PF20256
PF13442	PF21342
PF13443	PF13443
PF13447	PF13447
PF13447	PF20836
PF13447	PF22142
PF13450	PF13450
PF13450	PF21162
PF13450	PF22620
PF13452	PF13452
PF13452	PF16073
PF13452	PF17951
PF13452	PF22235
PF13456	PF13456
PF13457	PF13457
PF13458	PF13458
PF13459	PF13510
PF13460	PF13460
PF13462	PF13462
PF13462	PF18312
PF13462	PF21575
PF13465	PF13465
PF13467	PF13467
PF13469	PF13469
PF13472	PF13472
PF13472	PF17996
PF13472	PF21181
PF13472	PF21254
PF13472	PF22753
PF13473	PF13473
PF13474	PF13474
PF13476	PF13476
PF13476	PF13558
PF13476	PF22161
PF13476	PF22226
PF13478	PF13478
PF13481	PF13481
PF13483	PF13483
PF13483	PF18456
PF13484	PF13646
PF13487	PF13487
PF13489	PF13489
PF13495	PF13495
PF13499	PF13499
PF13499	PF13640
PF13499	PF13833
PF13499	PF14752
PF13499	PF16521
PF13499	PF16526
PF13499	PF16644
PF13499	PF17958
PF13499	PF18520
PF13499	PF20262
PF13499	PF20850
PF13499	PF21521
PF13499	PF22592
PF13500	PF13500
PF13501	PF13501
PF13505	PF13505
PF13507	PF18076
PF13507	PF22689
PF13508	PF13508
PF13508	PF13527
PF13509	PF21191
PF13510	PF14691
PF13510	PF17806
PF13510	PF22117
PF13510	PF22151
PF13510	PF22609
PF13513	PF13513
PF13513	PF18808
PF13516	PF13516
PF13516	PF13855
PF13516	PF14772
PF13516	PF18779
PF13516	PF22469
PF13517	PF13517
PF13519	PF13519
PF13519	PF19435
PF13519	PF21045
PF13519	PF22037
PF13520	PF13520
PF13520	PF16028
PF13520	PF22865
PF13521	PF13521
PF13522	PF13522
PF13522	PF13537
PF13523	PF13523
PF13525	PF13525
PF13527	PF13527
PF13527	PF13530
PF13527	PF17668
PF13530	PF13530
PF13530	PF17668
PF13531	PF13531
PF13532	PF13532
PF13533	PF16576
PF13535	PF18130
PF13535	PF18603
PF13537	PF13537
PF13538	PF13604
PF13538	PF18335
PF13539	PF13539
PF13540	PF13540
PF13541	PF13541
PF13545	PF13545
PF13549	PF13549
PF13549	PF13607
PF13553	PF13553
PF13553	PF19520
PF13555	PF13558
PF13556	PF13556
PF13557	PF13557
PF13558	PF13558
PF13558	PF16330
PF13560	PF13560
PF13560	PF17765
PF13560	PF18710
PF13561	PF13561
PF13563	PF13563
PF13570	PF13570
PF13574	PF13574
PF13574	PF21299
PF13577	PF13577
PF13578	PF13578
PF13579	PF13579
PF13580	PF13580
PF13581	PF13581
PF13583	PF16376
PF13585	PF22143
PF13589	PF13589
PF13589	PF17942
PF13589	PF22899
PF13591	PF13591
PF13596	PF13596
PF13597	PF13597
PF13599	PF13599
PF13602	PF13602
PF13602	PF22953
PF13603	PF13603
PF13604	PF13604
PF13604	PF14490
PF13604	PF18335
PF13604	PF18343
PF13604	PF20631
PF13604	PF20633
PF13607	PF19045
PF13609	PF13609
PF13614	PF13614
PF13614	PF18607
PF13616	PF13616
PF13619	PF13619
PF13620	PF13620
PF13621	PF13621
PF13622	PF13622
PF13622	PF20789
PF13625	PF16203
PF13631	PF13631
PF13631	PF19297
PF13636	PF17125
PF13636	PF17126
PF13636	PF21150
PF13637	PF13637
PF13637	PF13774
PF13637	PF13857
PF13637	PF14843
PF13638	PF13638
PF13638	PF17216
PF13639	PF13639
PF13640	PF13640
PF13640	PF18331
PF13641	PF17994
PF13641	PF19320
PF13641	PF20916
PF13646	PF13646
PF13646	PF14838
PF13646	PF16661
PF13646	PF18004
PF13646	PF22646
PF13646	PF22927
PF13647	PF13647
PF13649	PF13649
PF13649	PF13847
PF13649	PF21302
PF13649	PF22528
PF13654	PF13654
PF13654	PF20436
PF13656	PF13656
PF13657	PF13657
PF13662	PF13662
PF13662	PF21175
PF13662	PF21176
PF13668	PF13668
PF13669	PF13669
PF13671	PF13671
PF13672	PF13672
PF13673	PF13673
PF13675	PF13675
PF13676	PF13676
PF13676	PF15009
PF13676	PF18145
PF13677	PF13677
PF13678	PF13678
PF13680	PF13680
PF13685	PF13685
PF13686	PF13686
PF13688	PF13688
PF13688	PF16376
PF13689	PF13689
PF13690	PF13690
PF13692	PF13692
PF13692	PF22145
PF13693	PF13693
PF13702	PF13702
PF13714	PF13714
PF13716	PF13716
PF13716	PF21877
PF13718	PF13718
PF13718	PF13725
PF13718	PF17176
PF13720	PF13720
PF13721	PF13721
PF13721	PF21760
PF13721	PF22599
PF13725	PF13725
PF13733	PF13733
PF13734	PF13734
PF13738	PF13738
PF13740	PF13740
PF13741	PF16113
PF13742	PF13742
PF13743	PF13743
PF13744	PF13744
PF13759	PF13759
PF13765	PF13765
PF13768	PF18571
PF13771	PF13771
PF13772	PF13772
PF13773	PF13773
PF13774	PF13774
PF13776	PF13776
PF13784	PF13784
PF13784	PF21248
PF13786	PF18705
PF13793	PF13793
PF13793	PF14572
PF13794	PF13794
PF13801	PF13801
PF13802	PF13802
PF13802	PF21365
PF13802	PF21568
PF13802	PF22681
PF13805	PF13805
PF13806	PF13806
PF13807	PF13807
PF13810	PF13810
PF13812	PF13812
PF13812	PF15433
PF13812	PF17177
PF13812	PF22330
PF13816	PF13816
PF13831	PF13832
PF13832	PF13832
PF13833	PF13833
PF13833	PF21875
PF13835	PF13835
PF13839	PF14416
PF13840	PF13840
PF13840	PF18700
PF13840	PF21389
PF13840	PF21631
PF13843	PF13843
PF13844	PF13844
PF13844	PF14559
PF13847	PF13847
PF13847	PF21320
PF13847	PF21782
PF13847	PF22528
PF13848	PF13848
PF13848	PF19444
PF13851	PF13851
PF13851	PF14775
PF13853	PF13853
PF13855	PF13855
PF13855	PF13927
PF13855	PF14843
PF13855	PF15913
PF13855	PF16077
PF13855	PF16891
PF13855	PF16920
PF13855	PF17181
PF13855	PF18117
PF13855	PF18212
PF13855	PF18573
PF13855	PF18837
PF13855	PF20141
PF13855	PF20733
PF13857	PF13857
PF13859	PF13859
PF13859	PF14873
PF13859	PF22925
PF13860	PF13860
PF13861	PF13861
PF13862	PF13862
PF13869	PF13869
PF13870	PF13870
PF13874	PF15967
PF13874	PF21093
PF13874	PF21121
PF13877	PF17856
PF13878	PF13880
PF13881	PF13881
PF13883	PF13883
PF13884	PF13884
PF13884	PF13887
PF13893	PF13893
PF13893	PF14580
PF13893	PF22976
PF13895	PF13895
PF13895	PF13927
PF13895	PF16845
PF13895	PF18452
PF13895	PF21146
PF13896	PF13896
PF13897	PF13897
PF13899	PF13899
PF13905	PF13905
PF13905	PF17127
PF13909	PF13909
PF13918	PF13918
PF13919	PF18031
PF13920	PF13920
PF13921	PF15803
PF13921	PF20206
PF13923	PF13923
PF13923	PF18574
PF13923	PF19422
PF13925	PF13925
PF13925	PF21126
PF13927	PF13927
PF13927	PF18452
PF13927	PF18515
PF13927	PF22971
PF13930	PF13930
PF13938	PF13938
PF13942	PF13942
PF13949	PF13949
PF13953	PF13953
PF13953	PF13954
PF13954	PF13954
PF13958	PF13958
PF13965	PF13965
PF13969	PF13969
PF13975	PF13975
PF13977	PF13977
PF13979	PF13979
PF13979	PF13981
PF13981	PF13981
PF14008	PF14008
PF14010	PF14010
PF14011	PF14011
PF14021	PF14021
PF14021	PF15598
PF14026	PF14026
PF14028	PF14028
PF14031	PF14031
PF14032	PF14032
PF14048	PF16563
PF14059	PF14059
PF14064	PF14064
PF14065	PF14065
PF14065	PF17482
PF14082	PF14082
PF14113	PF14113
PF14113	PF16695
PF14113	PF18602
PF14130	PF14130
PF14130	PF18145
PF14131	PF14131
PF14144	PF14144
PF14156	PF14156
PF14157	PF14157
PF14171	PF14171
PF14171	PF14185
PF14183	PF14183
PF14200	PF14200
PF14200	PF18021
PF14200	PF22596
PF14204	PF17144
PF14215	PF14215
PF14226	PF14226
PF14231	PF14232
PF14232	PF14232
PF14245	PF14245
PF14246	PF14246
PF14254	PF14254
PF14260	PF18018
PF14263	PF14263
PF14274	PF14274
PF14274	PF16343
PF14278	PF14278
PF14286	PF14286
PF14286	PF16822
PF14295	PF14295
PF14298	PF14298
PF14299	PF14299
PF14300	PF14300
PF14306	PF14306
PF14310	PF14310
PF14314	PF14314
PF14314	PF14318
PF14314	PF21080
PF14314	PF21081
PF14318	PF14318
PF14318	PF21080
PF14322	PF14322
PF14323	PF16216
PF14323	PF20958
PF14324	PF14324
PF14336	PF14336
PF14346	PF14346
PF14349	PF14349
PF14349	PF19572
PF14360	PF14360
PF14370	PF14370
PF14374	PF17135
PF14379	PF14379
PF14413	PF14413
PF14428	PF14428
PF14428	PF14430
PF14429	PF14429
PF14429	PF16172
PF14432	PF14432
PF14432	PF20430
PF14437	PF14437
PF14437	PF22702
PF14444	PF14444
PF14450	PF14450
PF14455	PF14455
PF14464	PF14464
PF14466	PF14466
PF14467	PF14467
PF14478	PF14478
PF14479	PF14479
PF14481	PF14481
PF14484	PF17779
PF14486	PF14486
PF14488	PF14488
PF14489	PF14489
PF14489	PF14819
PF14492	PF16004
PF14492	PF16571
PF14492	PF22042
PF14495	PF14495
PF14496	PF14496
PF14497	PF14497
PF14498	PF14498
PF14498	PF21307
PF14498	PF22124
PF14499	PF14499
PF14500	PF14500
PF14503	PF14503
PF14504	PF14504
PF14505	PF14505
PF14505	PF20999
PF14506	PF14506
PF14506	PF14507
PF14508	PF14508
PF14508	PF14509
PF14511	PF14511
PF14514	PF14514
PF14515	PF14515
PF14515	PF14518
PF14517	PF14517
PF14518	PF14518
PF14520	PF14520
PF14520	PF14716
PF14520	PF21280
PF14520	PF21616
PF14520	PF21872
PF14520	PF22409
PF14521	PF14521
PF14522	PF14522
PF14524	PF14524
PF14526	PF14526
PF14528	PF14528
PF14529	PF14529
PF14530	PF14530
PF14531	PF14531
PF14532	PF14532
PF14533	PF14533
PF14534	PF14534
PF14535	PF14535
PF14537	PF14537
PF14538	PF15951
PF14539	PF14539
PF14540	PF18576
PF14540	PF22339
PF14541	PF14541
PF14541	PF14543
PF14543	PF14543
PF14544	PF22167
PF14545	PF14545
PF14549	PF14549
PF14551	PF14551
PF14551	PF16679
PF14551	PF17207
PF14552	PF14552
PF14555	PF14555
PF14556	PF14556
PF14559	PF14559
PF14559	PF14561
PF14559	PF14728
PF14559	PF16050
PF14559	PF18073
PF14559	PF21178
PF14560	PF14560
PF14561	PF14561
PF14563	PF16917
PF14565	PF14565
PF14566	PF14566
PF14567	PF14567
PF14572	PF14572
PF14574	PF17650
PF14574	PF17651
PF14579	PF17657
PF14579	PF20964
PF14580	PF14580
PF14580	PF16891
PF14580	PF20951
PF14580	PF22602
PF14582	PF14582
PF14583	PF14583
PF14586	PF14586
PF14586	PF22158
PF14587	PF14587
PF14587	PF17189
PF14588	PF14588
PF14589	PF14589
PF14590	PF14590
PF14591	PF14591
PF14592	PF14592
PF14593	PF14593
PF14596	PF14598
PF14597	PF14597
PF14598	PF14598
PF14601	PF14601
PF14602	PF14602
PF14602	PF14805
PF14604	PF14604
PF14604	PF19745
PF14606	PF14607
PF14608	PF14608
PF14608	PF22628
PF14608	PF22683
PF14614	PF14614
PF14622	PF14622
PF14629	PF14630
PF14629	PF17855
PF14629	PF18263
PF14629	PF21312
PF14629	PF21639
PF14630	PF14630
PF14630	PF17855
PF14630	PF18137
PF14630	PF21639
PF14631	PF14631
PF14631	PF14674
PF14631	PF14675
PF14631	PF14676
PF14631	PF14678
PF14631	PF14679
PF14631	PF14680
PF14633	PF14633
PF14633	PF21710
PF14635	PF14639
PF14635	PF14641
PF14635	PF17674
PF14635	PF22706
PF14636	PF14636
PF14636	PF14637
PF14637	PF14637
PF14637	PF14638
PF14638	PF16692
PF14639	PF21710
PF14641	PF17674
PF14641	PF22706
PF14647	PF19430
PF14648	PF14648
PF14651	PF14651
PF14660	PF14660
PF14660	PF18805
PF14661	PF15003
PF14663	PF14664
PF14663	PF14666
PF14663	PF14668
PF14664	PF14666
PF14664	PF14668
PF14670	PF21471
PF14671	PF14671
PF14674	PF14675
PF14675	PF14679
PF14675	PF14680
PF14676	PF14676
PF14676	PF14679
PF14676	PF14680
PF14677	PF14678
PF14677	PF14680
PF14678	PF14678
PF14678	PF14679
PF14679	PF14680
PF14681	PF14681
PF14682	PF14682
PF14682	PF14689
PF14683	PF14686
PF14684	PF14684
PF14689	PF14689
PF14691	PF14691
PF14691	PF14697
PF14696	PF14696
PF14699	PF14701
PF14700	PF14700
PF14701	PF14702
PF14703	PF14703
PF14707	PF14707
PF14709	PF14709
PF14713	PF14713
PF14716	PF14716
PF14716	PF14791
PF14716	PF14792
PF14717	PF14717
PF14720	PF14720
PF14721	PF14721
PF14725	PF14725
PF14727	PF14727
PF14727	PF14728
PF14728	PF14781
PF14728	PF14782
PF14729	PF14729
PF14730	PF14730
PF14733	PF14733
PF14734	PF14734
PF14734	PF14848
PF14735	PF14817
PF14735	PF14932
PF14736	PF14736
PF14743	PF14743
PF14748	PF14748
PF14749	PF14749
PF14749	PF22924
PF14750	PF14750
PF14750	PF14838
PF14750	PF22929
PF14752	PF14752
PF14760	PF14760
PF14765	PF14765
PF14765	PF21089
PF14772	PF14772
PF14776	PF14776
PF14776	PF20262
PF14779	PF14779
PF14781	PF14782
PF14781	PF14783
PF14782	PF14782
PF14782	PF14783
PF14789	PF14789
PF14789	PF14790
PF14790	PF14790
PF14791	PF14791
PF14791	PF14792
PF14792	PF14792
PF14798	PF14798
PF14803	PF14803
PF14809	PF14810
PF14815	PF14815
PF14817	PF14817
PF14817	PF14932
PF14822	PF14822
PF14822	PF15674
PF14823	PF14824
PF14824	PF14824
PF14824	PF22440
PF14826	PF14826
PF14830	PF14830
PF14832	PF14832
PF14833	PF14833
PF14834	PF14834
PF14836	PF14836
PF14837	PF14838
PF14837	PF14964
PF14838	PF14838
PF14838	PF22928
PF14841	PF14841
PF14841	PF14842
PF14842	PF14842
PF14843	PF14843
PF14845	PF14845
PF14848	PF14848
PF14849	PF14849
PF14852	PF14853
PF14852	PF18035
PF14856	PF14856
PF14859	PF14859
PF14860	PF20851
PF14863	PF14863
PF14863	PF14864
PF14869	PF14869
PF14870	PF14870
PF14883	PF14883
PF14885	PF14885
PF14888	PF14888
PF14888	PF14889
PF14890	PF14890
PF14893	PF14893
PF14896	PF14896
PF14896	PF17689
PF14931	PF17749
PF14938	PF14938
PF14943	PF16053
PF14947	PF14947
PF14955	PF15433
PF14955	PF21251
PF14955	PF22330
PF14963	PF14963
PF14964	PF21045
PF14966	PF14966
PF14978	PF18699
PF15005	PF15005
PF15005	PF16706
PF15009	PF15009
PF15020	PF21541
PF15024	PF15024
PF15036	PF15036
PF15064	PF22830
PF15064	PF22840
PF15064	PF22843
PF15064	PF22851
PF15077	PF15077
PF15077	PF15101
PF15096	PF15096
PF15097	PF15097
PF15101	PF15101
PF15122	PF15122
PF15129	PF15129
PF15149	PF22831
PF15177	PF15177
PF15191	PF15191
PF15196	PF15196
PF15208	PF15208
PF15216	PF18447
PF15216	PF21605
PF15216	PF22012
PF15219	PF15219
PF15227	PF15227
PF15237	PF15237
PF15238	PF15238
PF15238	PF17725
PF15243	PF21371
PF15245	PF17725
PF15247	PF15247
PF15253	PF15253
PF15275	PF17772
PF15276	PF16891
PF15277	PF15277
PF15283	PF15283
PF15285	PF15285
PF15285	PF15286
PF15286	PF15286
PF15289	PF18326
PF15313	PF15313
PF15341	PF15341
PF15384	PF15384
PF15401	PF15401
PF15401	PF22414
PF15403	PF15403
PF15403	PF18669
PF15414	PF15414
PF15415	PF15415
PF15430	PF17789
PF15432	PF16929
PF15432	PF16993
PF15433	PF22330
PF15447	PF22672
PF15454	PF16818
PF15469	PF16528
PF15489	PF15489
PF15489	PF16686
PF15490	PF22062
PF15493	PF15493
PF15494	PF15494
PF15498	PF15498
PF15499	PF15499
PF15507	PF15507
PF15508	PF15508
PF15510	PF15511
PF15510	PF15630
PF15511	PF15511
PF15511	PF15620
PF15511	PF15630
PF15511	PF16211
PF15511	PF20920
PF15511	PF21184
PF15514	PF15514
PF15515	PF15515
PF15517	PF21664
PF15518	PF15518
PF15518	PF21561
PF15526	PF18228
PF15538	PF15538
PF15538	PF18660
PF15556	PF18210
PF15579	PF15579
PF15579	PF15648
PF15593	PF15593
PF15604	PF15604
PF15620	PF16211
PF15630	PF15630
PF15630	PF16783
PF15632	PF21360
PF15645	PF15645
PF15711	PF15711
PF15723	PF15723
PF15723	PF15731
PF15731	PF15731
PF15738	PF15738
PF15777	PF15777
PF15778	PF15778
PF15784	PF15991
PF15785	PF15785
PF15800	PF15800
PF15826	PF15826
PF15886	PF15886
PF15889	PF15889
PF15890	PF15890
PF15891	PF15891
PF15892	PF15892
PF15898	PF15898
PF15901	PF15901
PF15901	PF15902
PF15902	PF15902
PF15910	PF15910
PF15913	PF15913
PF15913	PF18212
PF15916	PF15916
PF15917	PF15917
PF15919	PF15919
PF15923	PF15923
PF15933	PF19034
PF15935	PF17587
PF15935	PF19034
PF15935	PF19417
PF15943	PF15943
PF15962	PF20178
PF15967	PF15967
PF15967	PF18437
PF15969	PF15969
PF15979	PF17829
PF15985	PF18311
PF15985	PF21261
PF15985	PF21262
PF15985	PF21266
PF15985	PF22625
PF16005	PF16005
PF16010	PF16010
PF16011	PF16011
PF16016	PF16016
PF16022	PF16022
PF16023	PF16023
PF16023	PF20264
PF16024	PF20942
PF16024	PF20943
PF16035	PF16035
PF16050	PF16050
PF16062	PF16062
PF16073	PF16073
PF16073	PF17828
PF16073	PF18325
PF16077	PF16077
PF16093	PF16093
PF16095	PF16095
PF16095	PF19056
PF16099	PF16100
PF16103	PF16103
PF16109	PF16109
PF16113	PF16113
PF16123	PF16123
PF16129	PF16130
PF16131	PF21369
PF16134	PF16134
PF16139	PF16139
PF16141	PF16141
PF16158	PF16158
PF16167	PF16167
PF16168	PF16168
PF16168	PF18883
PF16172	PF16457
PF16178	PF16178
PF16179	PF16179
PF16182	PF16182
PF16183	PF16183
PF16186	PF20952
PF16187	PF16187
PF16187	PF22456
PF16193	PF16193
PF16197	PF16197
PF16203	PF18307
PF16207	PF16207
PF16207	PF16553
PF16207	PF17218
PF16207	PF17219
PF16209	PF16212
PF16211	PF16211
PF16211	PF17907
PF16211	PF20673
PF16211	PF22855
PF16216	PF20957
PF16216	PF20958
PF16217	PF16217
PF16218	PF16218
PF16220	PF16220
PF16242	PF16242
PF16247	PF16247
PF16251	PF16251
PF16255	PF16255
PF16257	PF16257
PF16262	PF16262
PF16268	PF16268
PF16274	PF16274
PF16275	PF16275
PF16278	PF16278
PF16285	PF20956
PF16295	PF16295
PF16317	PF16317
PF16319	PF16319
PF16320	PF16320
PF16321	PF16321
PF16329	PF16329
PF16330	PF16330
PF16331	PF16331
PF16332	PF18675
PF16343	PF16343
PF16347	PF16347
PF16348	PF16348
PF16355	PF16355
PF16355	PF18565
PF16360	PF16360
PF16363	PF16363
PF16364	PF16364
PF16364	PF17998
PF16365	PF16365
PF16369	PF16369
PF16369	PF20578
PF16374	PF16374
PF16375	PF20620
PF16375	PF20736
PF16376	PF16376
PF16380	PF16380
PF16380	PF22842
PF16403	PF16403
PF16403	PF16404
PF16411	PF16411
PF16411	PF17142
PF16413	PF16413
PF16414	PF16414
PF16414	PF22314
PF16415	PF16415
PF16417	PF16418
PF16417	PF16419
PF16418	PF16418
PF16418	PF16419
PF16420	PF16420
PF16422	PF16422
PF16423	PF16423
PF16440	PF16440
PF16446	PF16446
PF16448	PF16448
PF16449	PF16449
PF16450	PF16450
PF16450	PF17758
PF16450	PF21236
PF16451	PF16451
PF16451	PF19209
PF16452	PF16452
PF16454	PF16454
PF16456	PF16456
PF16458	PF16458
PF16461	PF16461
PF16471	PF16471
PF16473	PF16473
PF16474	PF16474
PF16483	PF16483
PF16483	PF22184
PF16486	PF16488
PF16487	PF16487
PF16487	PF16488
PF16491	PF16491
PF16495	PF16495
PF16495	PF16498
PF16497	PF16497
PF16498	PF16498
PF16499	PF16499
PF16499	PF17450
PF16499	PF17801
PF16499	PF22704
PF16507	PF16547
PF16509	PF16509
PF16510	PF16510
PF16511	PF21989
PF16516	PF16516
PF16517	PF16517
PF16519	PF16519
PF16520	PF16520
PF16521	PF16521
PF16523	PF16523
PF16523	PF17820
PF16524	PF16524
PF16525	PF16525
PF16526	PF16526
PF16527	PF16527
PF16531	PF16531
PF16531	PF18594
PF16531	PF21503
PF16531	PF22216
PF16531	PF22218
PF16532	PF16532
PF16533	PF16533
PF16534	PF16534
PF16534	PF16557
PF16535	PF16535
PF16538	PF16539
PF16538	PF16548
PF16539	PF16548
PF16540	PF16540
PF16541	PF16541
PF16542	PF16542
PF16542	PF22032
PF16543	PF16897
PF16544	PF16544
PF16545	PF16545
PF16546	PF16546
PF16550	PF18031
PF16554	PF16554
PF16555	PF16555
PF16555	PF16569
PF16555	PF17802
PF16556	PF16556
PF16556	PF16578
PF16559	PF16559
PF16560	PF16560
PF16561	PF16561
PF16561	PF16579
PF16565	PF16565
PF16566	PF16566
PF16567	PF16567
PF16569	PF16569
PF16569	PF16570
PF16569	PF17802
PF16569	PF18002
PF16570	PF16570
PF16570	PF17802
PF16573	PF16575
PF16575	PF16575
PF16576	PF16576
PF16577	PF16577
PF16580	PF16580
PF16582	PF16582
PF16584	PF16584
PF16585	PF16585
PF16589	PF16589
PF16589	PF16759
PF16589	PF16770
PF16589	PF18428
PF16591	PF16591
PF16592	PF16592
PF16592	PF16593
PF16592	PF16595
PF16592	PF22702
PF16595	PF22702
PF16639	PF16639
PF16647	PF16647
PF16649	PF16649
PF16653	PF16653
PF16654	PF16654
PF16656	PF16656
PF16656	PF17808
PF16657	PF16657
PF16658	PF22042
PF16661	PF16661
PF16661	PF17214
PF16661	PF20168
PF16668	PF16668
PF16670	PF16670
PF16672	PF16672
PF16673	PF16673
PF16674	PF16674
PF16677	PF16677
PF16678	PF16678
PF16679	PF17207
PF16679	PF17855
PF16679	PF18263
PF16680	PF16681
PF16682	PF16682
PF16683	PF16683
PF16684	PF16684
PF16684	PF20818
PF16684	PF22853
PF16685	PF16801
PF16688	PF16688
PF16689	PF16689
PF16690	PF16690
PF16692	PF16692
PF16693	PF21937
PF16694	PF16694
PF16695	PF16695
PF16697	PF16697
PF16701	PF16701
PF16702	PF16702
PF16704	PF16704
PF16705	PF16705
PF16706	PF16706
PF16707	PF16707
PF16709	PF17684
PF16710	PF16710
PF16712	PF16712
PF16713	PF16713
PF16715	PF16715
PF16716	PF16716
PF16718	PF16718
PF16719	PF16719
PF16721	PF16721
PF16722	PF16722
PF16723	PF16723
PF16724	PF16724
PF16724	PF17482
PF16727	PF16727
PF16728	PF16728
PF16729	PF16729
PF16730	PF16730
PF16731	PF16731
PF16732	PF16732
PF16735	PF16735
PF16736	PF16736
PF16738	PF16738
PF16739	PF16739
PF16739	PF18119
PF16740	PF16740
PF16741	PF16741
PF16743	PF16743
PF16746	PF16746
PF16747	PF16747
PF16753	PF16753
PF16754	PF16754
PF16754	PF21613
PF16757	PF16757
PF16758	PF16758
PF16762	PF16762
PF16763	PF16763
PF16764	PF16764
PF16767	PF16767
PF16770	PF16771
PF16772	PF16772
PF16773	PF16773
PF16774	PF16774
PF16774	PF16792
PF16774	PF20747
PF16774	PF20955
PF16774	PF21766
PF16777	PF16777
PF16779	PF16779
PF16781	PF16781
PF16783	PF16783
PF16785	PF16785
PF16787	PF16787
PF16787	PF21400
PF16790	PF21328
PF16790	PF21429
PF16792	PF20747
PF16792	PF20954
PF16792	PF20955
PF16792	PF21766
PF16795	PF16795
PF16798	PF16798
PF16799	PF16799
PF16800	PF16800
PF16801	PF16801
PF16804	PF16804
PF16806	PF16806
PF16806	PF20905
PF16807	PF16807
PF16808	PF16808
PF16809	PF16809
PF16811	PF16811
PF16812	PF16812
PF16813	PF16813
PF16815	PF16815
PF16818	PF16818
PF16819	PF16819
PF16821	PF16821
PF16822	PF16822
PF16822	PF16824
PF16823	PF16823
PF16826	PF16826
PF16827	PF16827
PF16831	PF16831
PF16834	PF16836
PF16837	PF16958
PF16838	PF16838
PF16838	PF20934
PF16845	PF16845
PF16846	PF16846
PF16848	PF16848
PF16849	PF16849
PF16849	PF22375
PF16853	PF16853
PF16855	PF16855
PF16856	PF16856
PF16859	PF16859
PF16864	PF16864
PF16865	PF16865
PF16867	PF16867
PF16870	PF16870
PF16874	PF16874
PF16874	PF16875
PF16875	PF16875
PF16876	PF16876
PF16877	PF16877
PF16879	PF16879
PF16880	PF18150
PF16884	PF16884
PF16886	PF16886
PF16886	PF22919
PF16891	PF16891
PF16891	PF17817
PF16892	PF16892
PF16896	PF16896
PF16901	PF16901
PF16903	PF16903
PF16908	PF16908
PF16912	PF16912
PF16914	PF16914
PF16915	PF16915
PF16916	PF16916
PF16918	PF16918
PF16923	PF16923
PF16925	PF16925
PF16929	PF16993
PF16941	PF16941
PF16953	PF16953
PF16953	PF17177
PF16957	PF16957
PF16959	PF16959
PF16968	PF16968
PF16969	PF16969
PF16969	PF17004
PF16979	PF16979
PF16984	PF16984
PF16985	PF16985
PF16986	PF16986
PF16989	PF16989
PF16990	PF16990
PF16990	PF21365
PF16993	PF16993
PF16997	PF16997
PF16999	PF16999
PF16999	PF18274
PF16999	PF18670
PF17004	PF17004
PF17005	PF17005
PF17033	PF17130
PF17034	PF17120
PF17035	PF17035
PF17041	PF17041
PF17042	PF17042
PF17047	PF17047
PF17048	PF17048
PF17057	PF17057
PF17057	PF21026
PF17063	PF17063
PF17078	PF17078
PF17081	PF21203
PF17092	PF17092
PF17098	PF17098
PF17101	PF17102
PF17101	PF17103
PF17125	PF17126
PF17128	PF17128
PF17128	PF22256
PF17129	PF17130
PF17131	PF17131
PF17132	PF17132
PF17132	PF22666
PF17137	PF21365
PF17144	PF17144
PF17147	PF17147
PF17167	PF21250
PF17167	PF21270
PF17167	PF21958
PF17171	PF17172
PF17171	PF18569
PF17177	PF17177
PF17183	PF17183
PF17186	PF17186
PF17188	PF17188
PF17190	PF17191
PF17192	PF17192
PF17192	PF17193
PF17200	PF17200
PF17203	PF17203
PF17205	PF18372
PF17205	PF20805
PF17206	PF17206
PF17207	PF17207
PF17209	PF17209
PF17210	PF17961
PF17211	PF17211
PF17212	PF17212
PF17215	PF17216
PF17215	PF17849
PF17216	PF17216
PF17216	PF17849
PF17219	PF17219
PF17222	PF17222
PF17236	PF17236
PF17262	PF17262
PF17262	PF17955
PF17284	PF17284
PF17284	PF17950
PF17285	PF17286
PF17286	PF17286
PF17289	PF17289
PF17290	PF17290
PF17291	PF17291
PF17291	PF22501
PF17292	PF17292
PF17294	PF17294
PF17295	PF17295
PF17296	PF17296
PF17297	PF17297
PF17323	PF17323
PF17378	PF21736
PF17385	PF17385
PF17385	PF17386
PF17389	PF17389
PF17389	PF17390
PF17389	PF21104
PF17389	PF21209
PF17389	PF21557
PF17391	PF17391
PF17391	PF17392
PF17392	PF17392
PF17403	PF17404
PF17403	PF17406
PF17404	PF17405
PF17404	PF17406
PF17405	PF17406
PF17405	PF17407
PF17405	PF17799
PF17406	PF17407
PF17407	PF17799
PF17408	PF17408
PF17409	PF17409
PF17414	PF17414
PF17415	PF17415
PF17416	PF17416
PF17416	PF17417
PF17432	PF17432
PF17432	PF17900
PF17433	PF18783
PF17433	PF18841
PF17435	PF17435
PF17440	PF17440
PF17451	PF17995
PF17451	PF18080
PF17451	PF21466
PF17475	PF17475
PF17475	PF17476
PF17475	PF20835
PF17476	PF20835
PF17477	PF17477
PF17477	PF17478
PF17478	PF17478
PF17481	PF17481
PF17481	PF22639
PF17481	PF22671
PF17482	PF17482
PF17483	PF17484
PF17484	PF17484
PF17489	PF17489
PF17489	PF17490
PF17490	PF17490
PF17515	PF17515
PF17536	PF17536
PF17537	PF17537
PF17537	PF19199
PF17538	PF17538
PF17573	PF17573
PF17587	PF17587
PF17587	PF19034
PF17627	PF17627
PF17639	PF17639
PF17642	PF17642
PF17645	PF17645
PF17650	PF17651
PF17652	PF17652
PF17655	PF17655
PF17657	PF17657
PF17660	PF17660
PF17668	PF17668
PF17675	PF17675
PF17676	PF17676
PF17677	PF18438
PF17678	PF17678
PF17679	PF17679
PF17681	PF17681
PF17681	PF19340
PF17682	PF20222
PF17683	PF17683
PF17684	PF17684
PF17689	PF17689
PF17708	PF17708
PF17720	PF17720
PF17725	PF17725
PF17727	PF17727
PF17735	PF17735
PF17750	PF17750
PF17751	PF17751
PF17753	PF17786
PF17754	PF17754
PF17756	PF17813
PF17757	PF17757
PF17757	PF17760
PF17758	PF17758
PF17759	PF17759
PF17759	PF18552
PF17760	PF17760
PF17762	PF17762
PF17763	PF17763
PF17763	PF18195
PF17764	PF17764
PF17764	PF18074
PF17765	PF17765
PF17767	PF17767
PF17767	PF17956
PF17768	PF20748
PF17768	PF22047
PF17769	PF22660
PF17770	PF17770
PF17771	PF17771
PF17774	PF21278
PF17775	PF21612
PF17776	PF17779
PF17781	PF17862
PF17781	PF18004
PF17781	PF18037
PF17781	PF18051
PF17782	PF21102
PF17784	PF17784
PF17785	PF17785
PF17787	PF17787
PF17787	PF22631
PF17788	PF17788
PF17788	PF22521
PF17789	PF17789
PF17789	PF17791
PF17789	PF21145
PF17791	PF17791
PF17793	PF18875
PF17794	PF17794
PF17795	PF17795
PF17795	PF17796
PF17796	PF17796
PF17797	PF17797
PF17797	PF22600
PF17798	PF17798
PF17800	PF17800
PF17802	PF17802
PF17802	PF20623
PF17802	PF21426
PF17805	PF17805
PF17805	PF22451
PF17810	PF17810
PF17812	PF17813
PF17813	PF22540
PF17814	PF17814
PF17814	PF21359
PF17814	PF21889
PF17815	PF17815
PF17820	PF17820
PF17828	PF17828
PF17828	PF18325
PF17831	PF17831
PF17831	PF22613
PF17834	PF21467
PF17836	PF17836
PF17837	PF17837
PF17838	PF17838
PF17840	PF20960
PF17841	PF17841
PF17842	PF17842
PF17842	PF18441
PF17843	PF17843
PF17844	PF17844
PF17845	PF22443
PF17846	PF17846
PF17846	PF18332
PF17846	PF18334
PF17849	PF17877
PF17851	PF17851
PF17851	PF20434
PF17854	PF17854
PF17855	PF18263
PF17855	PF21128
PF17855	PF21312
PF17855	PF21933
PF17855	PF22912
PF17861	PF17861
PF17862	PF17862
PF17862	PF18051
PF17862	PF18097
PF17862	PF18265
PF17862	PF18794
PF17862	PF18795
PF17862	PF22241
PF17868	PF20030
PF17871	PF17871
PF17874	PF17874
PF17878	PF17878
PF17880	PF17880
PF17882	PF17882
PF17883	PF17883
PF17884	PF22176
PF17885	PF17885
PF17887	PF18379
PF17887	PF21990
PF17889	PF22524
PF17890	PF18342
PF17893	PF17894
PF17894	PF18525
PF17894	PF18541
PF17896	PF17896
PF17898	PF17898
PF17900	PF17900
PF17901	PF18214
PF17902	PF21019
PF17903	PF17903
PF17903	PF21800
PF17903	PF22891
PF17904	PF18336
PF17905	PF22467
PF17905	PF22801
PF17906	PF17906
PF17908	PF21296
PF17908	PF22164
PF17909	PF17909
PF17910	PF17910
PF17911	PF17911
PF17913	PF17913
PF17914	PF17914
PF17920	PF17920
PF17921	PF18103
PF17921	PF22938
PF17922	PF17922
PF17923	PF17923
PF17925	PF17925
PF17926	PF17926
PF17928	PF17928
PF17931	PF17931
PF17932	PF17932
PF17934	PF17934
PF17935	PF17935
PF17936	PF17936
PF17936	PF19077
PF17937	PF17937
PF17938	PF17938
PF17939	PF17939
PF17940	PF17940
PF17941	PF17941
PF17948	PF17948
PF17950	PF17950
PF17952	PF17952
PF17953	PF17953
PF17953	PF18211
PF17955	PF17955
PF17956	PF17956
PF17957	PF17957
PF17958	PF17958
PF17958	PF21161
PF17959	PF17959
PF17960	PF17960
PF17962	PF17972
PF17964	PF17964
PF17965	PF17965
PF17965	PF17966
PF17965	PF18483
PF17967	PF17967
PF17968	PF17968
PF17970	PF21142
PF17971	PF18207
PF17971	PF21177
PF17972	PF17973
PF17973	PF21765
PF17974	PF18080
PF17974	PF20909
PF17974	PF21466
PF17976	PF17976
PF17976	PF17978
PF17976	PF22605
PF17978	PF17978
PF17978	PF22605
PF17980	PF17980
PF17980	PF21255
PF17981	PF17981
PF17982	PF17982
PF17982	PF23011
PF17984	PF17984
PF17987	PF17987
PF17988	PF17988
PF17989	PF17989
PF17989	PF21522
PF17990	PF17990
PF17990	PF18417
PF17991	PF17991
PF17992	PF17992
PF17995	PF18080
PF17997	PF17997
PF17997	PF18449
PF17998	PF17998
PF18003	PF18003
PF18004	PF18004
PF18004	PF21505
PF18005	PF19445
PF18007	PF18621
PF18009	PF18069
PF18011	PF18011
PF18013	PF18013
PF18019	PF21384
PF18019	PF21401
PF18021	PF18021
PF18023	PF18023
PF18023	PF21603
PF18025	PF18025
PF18027	PF18027
PF18029	PF18029
PF18030	PF18030
PF18032	PF18032
PF18034	PF18034
PF18035	PF18035
PF18038	PF21477
PF18040	PF18206
PF18044	PF22628
PF18046	PF18046
PF18047	PF18065
PF18052	PF18052
PF18053	PF21249
PF18058	PF22360
PF18059	PF19425
PF18061	PF18070
PF18061	PF18541
PF18061	PF22702
PF18062	PF18062
PF18063	PF18063
PF18064	PF18064
PF18066	PF18066
PF18067	PF21768
PF18069	PF18069
PF18070	PF18541
PF18070	PF21574
PF18070	PF22702
PF18071	PF18071
PF18071	PF18254
PF18074	PF18319
PF18075	PF18075
PF18077	PF18077
PF18078	PF18078
PF18078	PF21109
PF18079	PF22627
PF18080	PF21466
PF18081	PF21315
PF18082	PF18164
PF18087	PF18087
PF18087	PF18578
PF18088	PF18088
PF18089	PF18089
PF18091	PF18091
PF18091	PF22191
PF18096	PF22013
PF18097	PF18097
PF18100	PF18100
PF18101	PF18101
PF18101	PF20770
PF18102	PF18102
PF18104	PF18104
PF18105	PF18604
PF18106	PF18106
PF18108	PF18371
PF18109	PF18109
PF18110	PF18110
PF18110	PF21125
PF18110	PF22299
PF18112	PF18112
PF18115	PF18115
PF18115	PF22520
PF18116	PF18116
PF18116	PF21271
PF18116	PF21273
PF18117	PF18117
PF18118	PF18118
PF18118	PF21358
PF18119	PF18119
PF18120	PF18120
PF18121	PF22254
PF18122	PF20518
PF18122	PF21282
PF18125	PF18125
PF18125	PF21239
PF18126	PF22682
PF18128	PF18128
PF18128	PF18133
PF18129	PF18332
PF18129	PF18334
PF18134	PF18134
PF18135	PF18135
PF18136	PF18136
PF18137	PF18137
PF18137	PF19675
PF18138	PF18138
PF18139	PF18139
PF18144	PF18144
PF18145	PF18145
PF18149	PF21188
PF18152	PF18152
PF18153	PF18153
PF18158	PF18158
PF18158	PF22217
PF18161	PF18161
PF18162	PF21395
PF18172	PF18172
PF18172	PF18227
PF18172	PF18640
PF18173	PF18173
PF18185	PF18185
PF18190	PF18409
PF18191	PF18191
PF18192	PF18192
PF18198	PF18199
PF18202	PF18202
PF18202	PF19407
PF18210	PF18210
PF18211	PF22335
PF18212	PF18212
PF18215	PF18215
PF18216	PF18216
PF18217	PF21816
PF18219	PF18219
PF18219	PF20892
PF18220	PF18220
PF18221	PF18221
PF18222	PF18222
PF18223	PF22473
PF18224	PF18224
PF18225	PF18225
PF18226	PF18226
PF18227	PF18227
PF18232	PF18232
PF18233	PF18233
PF18234	PF18234
PF18235	PF18235
PF18235	PF18246
PF18235	PF21618
PF18239	PF18239
PF18241	PF18241
PF18241	PF18247
PF18242	PF18242
PF18243	PF18243
PF18252	PF18252
PF18253	PF18253
PF18255	PF18255
PF18257	PF18257
PF18260	PF21457
PF18261	PF22037
PF18263	PF21639
PF18263	PF21933
PF18264	PF18264
PF18264	PF21509
PF18269	PF18269
PF18271	PF18271
PF18275	PF18275
PF18275	PF18350
PF18276	PF18276
PF18277	PF18277
PF18279	PF18279
PF18280	PF18280
PF18281	PF18281
PF18285	PF18285
PF18287	PF18287
PF18288	PF18288
PF18290	PF18290
PF18292	PF21116
PF18293	PF18293
PF18295	PF18295
PF18296	PF18296
PF18298	PF18298
PF18300	PF18358
PF18300	PF18359
PF18304	PF18304
PF18306	PF18306
PF18309	PF22472
PF18311	PF21262
PF18312	PF18312
PF18314	PF18314
PF18314	PF18325
PF18315	PF18315
PF18316	PF18316
PF18317	PF18317
PF18318	PF18318
PF18320	PF18320
PF18323	PF18392
PF18323	PF18420
PF18324	PF18324
PF18326	PF18326
PF18330	PF18330
PF18331	PF18331
PF18332	PF18334
PF18334	PF18334
PF18337	PF18339
PF18338	PF18338
PF18341	PF18341
PF18343	PF18343
PF18344	PF21809
PF18346	PF18346
PF18347	PF21186
PF18349	PF22430
PF18355	PF18356
PF18358	PF18359
PF18361	PF18361
PF18367	PF21531
PF18369	PF18369
PF18370	PF21348
PF18372	PF20805
PF18373	PF18373
PF18373	PF21019
PF18376	PF18376
PF18376	PF22700
PF18377	PF18377
PF18377	PF18379
PF18378	PF18378
PF18379	PF18379
PF18379	PF21990
PF18381	PF18381
PF18385	PF18385
PF18386	PF18386
PF18386	PF21206
PF18391	PF18391
PF18392	PF18420
PF18394	PF18394
PF18394	PF18396
PF18395	PF22590
PF18396	PF18396
PF18397	PF18397
PF18400	PF18400
PF18400	PF18401
PF18400	PF18402
PF18400	PF18403
PF18401	PF18401
PF18401	PF18403
PF18402	PF18402
PF18402	PF18403
PF18403	PF18403
PF18403	PF18404
PF18404	PF18404
PF18409	PF18409
PF18411	PF18577
PF18411	PF19743
PF18412	PF18412
PF18413	PF18413
PF18413	PF18518
PF18413	PF20220
PF18413	PF21963
PF18416	PF21868
PF18417	PF18417
PF18419	PF18419
PF18420	PF22061
PF18422	PF18422
PF18426	PF18426
PF18426	PF18443
PF18430	PF18430
PF18431	PF18431
PF18431	PF18593
PF18433	PF18433
PF18434	PF21284
PF18434	PF21330
PF18435	PF18435
PF18437	PF18437
PF18441	PF21224
PF18444	PF18444
PF18448	PF18448
PF18451	PF18451
PF18452	PF18452
PF18453	PF18453
PF18454	PF18454
PF18456	PF18456
PF18457	PF18457
PF18458	PF18458
PF18459	PF18463
PF18459	PF18464
PF18460	PF18460
PF18462	PF18462
PF18462	PF22629
PF18463	PF18464
PF18465	PF18465
PF18470	PF18470
PF18470	PF18541
PF18483	PF18483
PF18484	PF18484
PF18485	PF21972
PF18486	PF18486
PF18488	PF18488
PF18491	PF21598
PF18493	PF18493
PF18497	PF18497
PF18498	PF18498
PF18501	PF18516
PF18501	PF21918
PF18501	PF22222
PF18503	PF21154
PF18504	PF18504
PF18506	PF18506
PF18508	PF18519
PF18509	PF18509
PF18511	PF18791
PF18514	PF18514
PF18515	PF18515
PF18515	PF18638
PF18516	PF18516
PF18516	PF21918
PF18516	PF22222
PF18517	PF18517
PF18518	PF21963
PF18519	PF18519
PF18522	PF18522
PF18523	PF18636
PF18525	PF18541
PF18527	PF21436
PF18528	PF22600
PF18529	PF18529
PF18530	PF18530
PF18531	PF18544
PF18532	PF20834
PF18534	PF22035
PF18536	PF18536
PF18537	PF18537
PF18537	PF19436
PF18539	PF18539
PF18540	PF18540
PF18541	PF18541
PF18542	PF22108
PF18553	PF18554
PF18556	PF18556
PF18557	PF18557
PF18557	PF22029
PF18557	PF22233
PF18562	PF22672
PF18563	PF18563
PF18564	PF18564
PF18565	PF18565
PF18566	PF18566
PF18569	PF18569
PF18569	PF21972
PF18570	PF18570
PF18570	PF21121
PF18572	PF21141
PF18573	PF18573
PF18574	PF18574
PF18576	PF22339
PF18577	PF19743
PF18578	PF18579
PF18585	PF18586
PF18587	PF18619
PF18589	PF18589
PF18590	PF18591
PF18593	PF18593
PF18594	PF18594
PF18596	PF18596
PF18599	PF18599
PF18600	PF18601
PF18600	PF21509
PF18602	PF18602
PF18604	PF18604
PF18609	PF22123
PF18613	PF18613
PF18621	PF21043
PF18622	PF18622
PF18623	PF18623
PF18625	PF21856
PF18627	PF18627
PF18628	PF18628
PF18628	PF20812
PF18628	PF22464
PF18630	PF18630
PF18631	PF18631
PF18632	PF18632
PF18634	PF22748
PF18635	PF18635
PF18635	PF21283
PF18638	PF18638
PF18639	PF18639
PF18641	PF18641
PF18642	PF18650
PF18643	PF18643
PF18644	PF18644
PF18645	PF18646
PF18648	PF21643
PF18651	PF18651
PF18653	PF18653
PF18654	PF18654
PF18655	PF18655
PF18659	PF18659
PF18660	PF18660
PF18661	PF18661
PF18662	PF18662
PF18663	PF18663
PF18664	PF18664
PF18665	PF18665
PF18666	PF18666
PF18667	PF18667
PF18668	PF18668
PF18669	PF18669
PF18673	PF18673
PF18674	PF18674
PF18674	PF22377
PF18675	PF18675
PF18678	PF18678
PF18679	PF22767
PF18680	PF18680
PF18681	PF18681
PF18682	PF18682
PF18684	PF22693
PF18685	PF22168
PF18686	PF18686
PF18691	PF18691
PF18693	PF18693
PF18694	PF18694
PF18696	PF18696
PF18698	PF18698
PF18700	PF18700
PF18700	PF21389
PF18707	PF18707
PF18710	PF18710
PF18712	PF22196
PF18715	PF18715
PF18732	PF18732
PF18755	PF18755
PF18761	PF18761
PF18766	PF22679
PF18768	PF18768
PF18771	PF18771
PF18772	PF18772
PF18777	PF18784
PF18778	PF18778
PF18779	PF18779
PF18782	PF18782
PF18784	PF18787
PF18786	PF18786
PF18792	PF18792
PF18793	PF18793
PF18794	PF18795
PF18795	PF18795
PF18797	PF18797
PF18808	PF18829
PF18818	PF18818
PF18826	PF18826
PF18835	PF18835
PF18836	PF18836
PF18873	PF18873
PF18873	PF20623
PF18876	PF18876
PF18880	PF18880
PF18882	PF18882
PF18883	PF18883
PF18890	PF18890
PF18890	PF18891
PF18911	PF18911
PF18911	PF21783
PF18913	PF18913
PF18938	PF18938
PF18938	PF20164
PF18945	PF18945
PF18952	PF18952
PF18957	PF18957
PF18962	PF18962
PF18971	PF18971
PF18995	PF22960
PF19020	PF19020
PF19021	PF19021
PF19021	PF22335
PF19025	PF19025
PF19027	PF19027
PF19030	PF19030
PF19031	PF19032
PF19031	PF19033
PF19031	PF19036
PF19031	PF19038
PF19032	PF19032
PF19032	PF19033
PF19033	PF19036
PF19033	PF19038
PF19034	PF19034
PF19035	PF19035
PF19036	PF19037
PF19036	PF19038
PF19037	PF19038
PF19039	PF19039
PF19041	PF19042
PF19042	PF19042
PF19044	PF19044
PF19047	PF19047
PF19048	PF19048
PF19049	PF19049
PF19055	PF19055
PF19056	PF19056
PF19077	PF19077
PF19081	PF19081
PF19085	PF19085
PF19086	PF19086
PF19088	PF19088
PF19092	PF19092
PF19112	PF19112
PF19127	PF19127
PF19156	PF19156
PF19193	PF19193
PF19199	PF19199
PF19211	PF19211
PF19215	PF19215
PF19215	PF19216
PF19215	PF19219
PF19215	PF22049
PF19216	PF19216
PF19216	PF19219
PF19217	PF19217
PF19217	PF19218
PF19218	PF19218
PF19219	PF19219
PF19220	PF19220
PF19222	PF19222
PF19225	PF19225
PF19225	PF21698
PF19234	PF19234
PF19244	PF21649
PF19259	PF19259
PF19263	PF19263
PF19263	PF22761
PF19266	PF19266
PF19269	PF19269
PF19271	PF19271
PF19272	PF19272
PF19273	PF19273
PF19274	PF19274
PF19276	PF19276
PF19278	PF19278
PF19279	PF19279
PF19283	PF19283
PF19284	PF19284
PF19289	PF19289
PF19289	PF19290
PF19290	PF19290
PF19292	PF19292
PF19297	PF19297
PF19301	PF19301
PF19303	PF19303
PF19311	PF19314
PF19317	PF19317
PF19326	PF19326
PF19327	PF19327
PF19328	PF19328
PF19345	PF19345
PF19375	PF19375
PF19407	PF19407
PF19408	PF19408
PF19418	PF19418
PF19420	PF19420
PF19420	PF21570
PF19422	PF22191
PF19424	PF19424
PF19424	PF20262
PF19425	PF19425
PF19427	PF19427
PF19429	PF19429
PF19430	PF19430
PF19434	PF19434
PF19436	PF19436
PF19440	PF19440
PF19501	PF21345
PF19501	PF21346
PF19525	PF19525
PF19550	PF19550
PF19566	PF19566
PF19571	PF19571
PF19577	PF19577
PF19583	PF19583
PF19585	PF19585
PF19675	PF19675
PF19687	PF19687
PF19704	PF19704
PF19704	PF20500
PF19704	PF20502
PF19712	PF19712
PF19725	PF19725
PF19732	PF19732
PF19745	PF19745
PF19774	PF19774
PF19788	PF19788
PF19841	PF19841
PF19858	PF19858
PF19906	PF19906
PF20010	PF20010
PF20016	PF20016
PF20030	PF20030
PF20036	PF20036
PF20085	PF20085
PF20143	PF20143
PF20145	PF20145
PF20156	PF20157
PF20160	PF21421
PF20160	PF22223
PF20161	PF20161
PF20164	PF20164
PF20168	PF20168
PF20170	PF20170
PF20175	PF20175
PF20175	PF20206
PF20198	PF20198
PF20206	PF20206
PF20238	PF20238
PF20243	PF20243
PF20247	PF20247
PF20252	PF20252
PF20254	PF20254
PF20256	PF20256
PF20258	PF20258
PF20258	PF20259
PF20260	PF20260
PF20266	PF20266
PF20266	PF21297
PF20300	PF20300
PF20399	PF20399
PF20406	PF20406
PF20409	PF20409
PF20421	PF20421
PF20421	PF20422
PF20423	PF20423
PF20432	PF20432
PF20434	PF20434
PF20442	PF20442
PF20446	PF21117
PF20450	PF20450
PF20463	PF20463
PF20463	PF22629
PF20465	PF20465
PF20465	PF20473
PF20466	PF20467
PF20466	PF20473
PF20469	PF20469
PF20470	PF21099
PF20478	PF20478
PF20483	PF20483
PF20500	PF20500
PF20500	PF20502
PF20510	PF20510
PF20511	PF20512
PF20511	PF21621
PF20518	PF20518
PF20518	PF21282
PF20519	PF20519
PF20560	PF20560
PF20616	PF20616
PF20628	PF20628
PF20628	PF21105
PF20629	PF20629
PF20631	PF20631
PF20631	PF20632
PF20631	PF20633
PF20632	PF20632
PF20632	PF20633
PF20633	PF20633
PF20637	PF20637
PF20637	PF20638
PF20638	PF20638
PF20640	PF20644
PF20640	PF20645
PF20644	PF20645
PF20652	PF20654
PF20658	PF20659
PF20662	PF20662
PF20665	PF20666
PF20666	PF22766
PF20669	PF20669
PF20672	PF20672
PF20676	PF20677
PF20677	PF20677
PF20679	PF20679
PF20682	PF20682
PF20686	PF20686
PF20686	PF20687
PF20687	PF20687
PF20695	PF20695
PF20695	PF20696
PF20696	PF20696
PF20718	PF20719
PF20719	PF21538
PF20731	PF20731
PF20733	PF20733
PF20734	PF20734
PF20736	PF20737
PF20737	PF20737
PF20738	PF20738
PF20739	PF20739
PF20740	PF20740
PF20741	PF22198
PF20741	PF22645
PF20744	PF20744
PF20745	PF20745
PF20745	PF22442
PF20746	PF20746
PF20746	PF22382
PF20747	PF20747
PF20747	PF20954
PF20747	PF21564
PF20747	PF21766
PF20749	PF20749
PF20750	PF20750
PF20752	PF20752
PF20754	PF20754
PF20755	PF20897
PF20757	PF22805
PF20758	PF20758
PF20759	PF20759
PF20760	PF20760
PF20762	PF20762
PF20763	PF20763
PF20764	PF20764
PF20766	PF20766
PF20767	PF20767
PF20768	PF20768
PF20768	PF21180
PF20770	PF20770
PF20773	PF20774
PF20779	PF20785
PF20786	PF20786
PF20787	PF20787
PF20789	PF20789
PF20790	PF20790
PF20790	PF20807
PF20790	PF20830
PF20791	PF20791
PF20792	PF20792
PF20793	PF20793
PF20798	PF20798
PF20799	PF20799
PF20805	PF20805
PF20805	PF20806
PF20805	PF21520
PF20806	PF20806
PF20807	PF20855
PF20807	PF21416
PF20812	PF20812
PF20813	PF20813
PF20816	PF20816
PF20817	PF20817
PF20821	PF20821
PF20821	PF21480
PF20822	PF20823
PF20822	PF22335
PF20824	PF22335
PF20825	PF20825
PF20828	PF20828
PF20830	PF20830
PF20830	PF20831
PF20830	PF20832
PF20831	PF20832
PF20833	PF20833
PF20834	PF20834
PF20835	PF20835
PF20837	PF20837
PF20848	PF20983
PF20849	PF22853
PF20850	PF20850
PF20851	PF20851
PF20851	PF20879
PF20852	PF20852
PF20856	PF20856
PF20857	PF20857
PF20857	PF20858
PF20858	PF20858
PF20859	PF20859
PF20860	PF20860
PF20862	PF20862
PF20863	PF20863
PF20871	PF20871
PF20875	PF20892
PF20876	PF20876
PF20879	PF20879
PF20880	PF20881
PF20881	PF20881
PF20889	PF20889
PF20889	PF21277
PF20892	PF20892
PF20893	PF20893
PF20893	PF22219
PF20894	PF20894
PF20895	PF20895
PF20896	PF20896
PF20899	PF20899
PF20899	PF20900
PF20901	PF20901
PF20904	PF20904
PF20906	PF20906
PF20907	PF20907
PF20908	PF20908
PF20910	PF20910
PF20911	PF20911
PF20911	PF21190
PF20911	PF21628
PF20912	PF22536
PF20917	PF20917
PF20920	PF20920
PF20921	PF20921
PF20922	PF20922
PF20923	PF20923
PF20925	PF20927
PF20927	PF20927
PF20929	PF20929
PF20930	PF20930
PF20933	PF20933
PF20934	PF20934
PF20935	PF20935
PF20940	PF20940
PF20941	PF20941
PF20942	PF20942
PF20942	PF20943
PF20944	PF20944
PF20947	PF20947
PF20947	PF20948
PF20949	PF20949
PF20949	PF20950
PF20949	PF20951
PF20949	PF20952
PF20950	PF20950
PF20950	PF20951
PF20950	PF20952
PF20951	PF20952
PF20952	PF20952
PF20954	PF20955
PF20955	PF21766
PF20957	PF20958
PF20959	PF20959
PF20960	PF20960
PF20961	PF20961
PF20962	PF20962
PF20963	PF20963
PF20965	PF20965
PF20967	PF20967
PF20979	PF20979
PF20980	PF20980
PF20981	PF20981
PF20984	PF22265
PF20985	PF20985
PF20986	PF20986
PF20999	PF20999
PF21003	PF21003
PF21004	PF21005
PF21006	PF21006
PF21008	PF21008
PF21014	PF21014
PF21014	PF22614
PF21017	PF21017
PF21018	PF21018
PF21019	PF21019
PF21022	PF21022
PF21032	PF21032
PF21036	PF21036
PF21039	PF21039
PF21041	PF21041
PF21043	PF21043
PF21044	PF21044
PF21045	PF21045
PF21045	PF21386
PF21053	PF21053
PF21057	PF21057
PF21060	PF21061
PF21060	PF21065
PF21060	PF21066
PF21061	PF21065
PF21061	PF21066
PF21062	PF21063
PF21062	PF21064
PF21062	PF21065
PF21062	PF21066
PF21063	PF21064
PF21063	PF22033
PF21064	PF22033
PF21065	PF21066
PF21067	PF21067
PF21068	PF21068
PF21070	PF21070
PF21071	PF21071
PF21073	PF21076
PF21074	PF21074
PF21076	PF21076
PF21077	PF21077
PF21077	PF21078
PF21077	PF21079
PF21079	PF21079
PF21080	PF21081
PF21082	PF21082
PF21083	PF21083
PF21085	PF21085
PF21087	PF21087
PF21088	PF21088
PF21089	PF21089
PF21090	PF21090
PF21093	PF21094
PF21096	PF21096
PF21099	PF21099
PF21103	PF21103
PF21104	PF21104
PF21105	PF21105
PF21115	PF21122
PF21116	PF21116
PF21118	PF21118
PF21119	PF21119
PF21122	PF21122
PF21128	PF21312
PF21131	PF21131
PF21131	PF21208
PF21133	PF21133
PF21134	PF21134
PF21135	PF21135
PF21137	PF21336
PF21151	PF21215
PF21151	PF22788
PF21152	PF22422
PF21155	PF21155
PF21156	PF21156
PF21157	PF21157
PF21158	PF22638
PF21159	PF22638
PF21165	PF21165
PF21167	PF21167
PF21167	PF22778
PF21169	PF21170
PF21169	PF21315
PF21170	PF21315
PF21172	PF21172
PF21175	PF21175
PF21175	PF21176
PF21176	PF21176
PF21179	PF21179
PF21183	PF21183
PF21184	PF21184
PF21189	PF21189
PF21190	PF21190
PF21191	PF21543
PF21196	PF21196
PF21198	PF21257
PF21199	PF21199
PF21200	PF21200
PF21202	PF21202
PF21205	PF21205
PF21206	PF21206
PF21208	PF21208
PF21212	PF21212
PF21216	PF21216
PF21222	PF21222
PF21223	PF21316
PF21225	PF21549
PF21231	PF21231
PF21234	PF21234
PF21237	PF21238
PF21244	PF22660
PF21250	PF21958
PF21251	PF22330
PF21252	PF21252
PF21255	PF21255
PF21256	PF21256
PF21259	PF21259
PF21265	PF21265
PF21267	PF22567
PF21271	PF21271
PF21271	PF21273
PF21274	PF21274
PF21275	PF21275
PF21280	PF21280
PF21283	PF21283
PF21284	PF21330
PF21286	PF21287
PF21289	PF21289
PF21291	PF21291
PF21292	PF21292
PF21294	PF21294
PF21295	PF21295
PF21297	PF21297
PF21300	PF21300
PF21304	PF21304
PF21305	PF21305
PF21306	PF21306
PF21307	PF22124
PF21308	PF21406
PF21310	PF21310
PF21311	PF21311
PF21313	PF21313
PF21314	PF21314
PF21315	PF21315
PF21317	PF21317
PF21317	PF21467
PF21322	PF21326
PF21328	PF21328
PF21328	PF21429
PF21332	PF21332
PF21339	PF21339
PF21339	PF22854
PF21340	PF21340
PF21342	PF21342
PF21343	PF21343
PF21344	PF22626
PF21344	PF22698
PF21345	PF21345
PF21345	PF21346
PF21347	PF21347
PF21350	PF21350
PF21351	PF21351
PF21353	PF21353
PF21354	PF21354
PF21355	PF21355
PF21359	PF21359
PF21361	PF21361
PF21365	PF21365
PF21370	PF21370
PF21374	PF21374
PF21374	PF22772
PF21375	PF21375
PF21378	PF21378
PF21379	PF21428
PF21381	PF21381
PF21382	PF21386
PF21384	PF21384
PF21386	PF21386
PF21387	PF21387
PF21387	PF21871
PF21389	PF21389
PF21390	PF21390
PF21395	PF21395
PF21396	PF22227
PF21401	PF21401
PF21401	PF21802
PF21404	PF21405
PF21405	PF21405
PF21408	PF21409
PF21411	PF22332
PF21413	PF21413
PF21414	PF21415
PF21415	PF21415
PF21417	PF21417
PF21418	PF21418
PF21421	PF21421
PF21421	PF22223
PF21422	PF21453
PF21424	PF21424
PF21424	PF21425
PF21424	PF21430
PF21425	PF21425
PF21425	PF21430
PF21426	PF21426
PF21429	PF21429
PF21430	PF21430
PF21431	PF21431
PF21432	PF21432
PF21433	PF22700
PF21434	PF21434
PF21434	PF22412
PF21440	PF21440
PF21444	PF21444
PF21444	PF22228
PF21446	PF21446
PF21447	PF21447
PF21448	PF21448
PF21450	PF21450
PF21454	PF21454
PF21454	PF22637
PF21455	PF21455
PF21460	PF21460
PF21462	PF21462
PF21464	PF21464
PF21467	PF21467
PF21468	PF23006
PF21471	PF21471
PF21472	PF21871
PF21474	PF22587
PF21477	PF21477
PF21479	PF21481
PF21482	PF21482
PF21482	PF22467
PF21482	PF22801
PF21484	PF22378
PF21485	PF21485
PF21494	PF21494
PF21497	PF21497
PF21498	PF21502
PF21499	PF22597
PF21501	PF21501
PF21503	PF21503
PF21507	PF21915
PF21507	PF22031
PF21510	PF21510
PF21511	PF21511
PF21511	PF21513
PF21513	PF21513
PF21518	PF21518
PF21519	PF21519
PF21522	PF21522
PF21523	PF21523
PF21524	PF21524
PF21530	PF21530
PF21533	PF21533
PF21541	PF21548
PF21541	PF22831
PF21545	PF21545
PF21548	PF22830
PF21548	PF22831
PF21548	PF22840
PF21549	PF21549
PF21550	PF21550
PF21552	PF21552
PF21554	PF21555
PF21556	PF21556
PF21558	PF21558
PF21560	PF21560
PF21563	PF21563
PF21564	PF21564
PF21565	PF21565
PF21567	PF21567
PF21570	PF21570
PF21570	PF21571
PF21574	PF22702
PF21577	PF22544
PF21579	PF21579
PF21580	PF22154
PF21581	PF21581
PF21582	PF21582
PF21583	PF21583
PF21591	PF21591
PF21592	PF21592
PF21593	PF21593
PF21595	PF21595
PF21596	PF21596
PF21597	PF21597
PF21598	PF21598
PF21601	PF21601
PF21601	PF21602
PF21602	PF21602
PF21603	PF21603
PF21605	PF21605
PF21605	PF22012
PF21606	PF21606
PF21610	PF22438
PF21613	PF21613
PF21614	PF21614
PF21615	PF21615
PF21615	PF22239
PF21616	PF21872
PF21620	PF21620
PF21624	PF21769
PF21624	PF21867
PF21626	PF21626
PF21628	PF21628
PF21643	PF21643
PF21645	PF21645
PF21648	PF21648
PF21654	PF21713
PF21655	PF21657
PF21660	PF21660
PF21662	PF21663
PF21663	PF21663
PF21670	PF21670
PF21672	PF21673
PF21681	PF21681
PF21683	PF21929
PF21683	PF22174
PF21683	PF22255
PF21685	PF22144
PF21686	PF21686
PF21689	PF21689
PF21691	PF21691
PF21692	PF21865
PF21692	PF21896
PF21695	PF21695
PF21697	PF21697
PF21699	PF21699
PF21700	PF21700
PF21703	PF21703
PF21706	PF21706
PF21717	PF21717
PF21719	PF21719
PF21720	PF21720
PF21728	PF21728
PF21730	PF21730
PF21748	PF21748
PF21758	PF21758
PF21760	PF22599
PF21761	PF21761
PF21762	PF21762
PF21763	PF21763
PF21767	PF21767
PF21769	PF21867
PF21769	PF21894
PF21775	PF21775
PF21776	PF21776
PF21783	PF21783
PF21787	PF21789
PF21788	PF21789
PF21789	PF21789
PF21791	PF21791
PF21797	PF21797
PF21802	PF22590
PF21807	PF22672
PF21808	PF21808
PF21809	PF21809
PF21856	PF21856
PF21862	PF21862
PF21864	PF21864
PF21865	PF21896
PF21867	PF21894
PF21870	PF21870
PF21871	PF21871
PF21872	PF21872
PF21874	PF21874
PF21876	PF21876
PF21876	PF21878
PF21876	PF21879
PF21878	PF21878
PF21878	PF21881
PF21879	PF21879
PF21881	PF21881
PF21882	PF21882
PF21882	PF22337
PF21887	PF21887
PF21889	PF21889
PF21895	PF21895
PF21907	PF21907
PF21912	PF21912
PF21913	PF21913
PF21915	PF21915
PF21915	PF22031
PF21917	PF21917
PF21918	PF21918
PF21919	PF21919
PF21920	PF21921
PF21924	PF21924
PF21926	PF21926
PF21928	PF21928
PF21929	PF21929
PF21929	PF22255
PF21930	PF21930
PF21931	PF21931
PF21931	PF22087
PF21932	PF21932
PF21933	PF22912
PF21935	PF21935
PF21938	PF21938
PF21939	PF21939
PF21943	PF21943
PF21947	PF21947
PF21948	PF21948
PF21955	PF21955
PF21958	PF21958
PF21961	PF21961
PF21961	PF21966
PF21967	PF21967
PF21967	PF21969
PF21969	PF21969
PF21972	PF21972
PF21979	PF21979
PF21981	PF21982
PF21983	PF21983
PF21984	PF21984
PF21986	PF21986
PF21988	PF22245
PF21989	PF21989
PF21989	PF21998
PF21989	PF22406
PF21991	PF21991
PF21993	PF21993
PF22003	PF22003
PF22009	PF22009
PF22017	PF22018
PF22021	PF22021
PF22024	PF22024
PF22024	PF22210
PF22027	PF22027
PF22029	PF22029
PF22029	PF22233
PF22031	PF22031
PF22033	PF22033
PF22035	PF22035
PF22038	PF22038
PF22041	PF22041
PF22046	PF22046
PF22049	PF22049
PF22054	PF22054
PF22057	PF22057
PF22062	PF22062
PF22073	PF22074
PF22077	PF22077
PF22077	PF22126
PF22077	PF22202
PF22081	PF22081
PF22085	PF22085
PF22087	PF22087
PF22088	PF22088
PF22090	PF22317
PF22092	PF22265
PF22096	PF22096
PF22096	PF22269
PF22099	PF22099
PF22100	PF22100
PF22100	PF22280
PF22102	PF22102
PF22102	PF22103
PF22111	PF22113
PF22112	PF22113
PF22113	PF22113
PF22113	PF22118
PF22115	PF22115
PF22115	PF22120
PF22115	PF22211
PF22117	PF22151
PF22119	PF22119
PF22121	PF22121
PF22121	PF22433
PF22123	PF22123
PF22124	PF22124
PF22126	PF22172
PF22126	PF22202
PF22126	PF22204
PF22127	PF22127
PF22132	PF22132
PF22148	PF22349
PF22149	PF22149
PF22152	PF22260
PF22153	PF22154
PF22156	PF22156
PF22159	PF22159
PF22159	PF22160
PF22166	PF22166
PF22169	PF22169
PF22172	PF22202
PF22173	PF22173
PF22174	PF22630
PF22175	PF22175
PF22177	PF22177
PF22178	PF22178
PF22179	PF22179
PF22180	PF22180
PF22181	PF22181
PF22182	PF22182
PF22183	PF22183
PF22184	PF22184
PF22186	PF22186
PF22188	PF22188
PF22188	PF22465
PF22191	PF22191
PF22193	PF22193
PF22198	PF22198
PF22198	PF22645
PF22200	PF22200
PF22201	PF22201
PF22202	PF22202
PF22202	PF22204
PF22205	PF22205
PF22206	PF22206
PF22206	PF22208
PF22207	PF22606
PF22208	PF22208
PF22209	PF22212
PF22209	PF22213
PF22212	PF22212
PF22212	PF22213
PF22215	PF22215
PF22216	PF22216
PF22217	PF22217
PF22218	PF22218
PF22221	PF22221
PF22228	PF22228
PF22228	PF22229
PF22229	PF22229
PF22230	PF22230
PF22231	PF22231
PF22234	PF22234
PF22238	PF22238
PF22239	PF22239
PF22240	PF22240
PF22242	PF22242
PF22243	PF22243
PF22244	PF22244
PF22255	PF22630
PF22265	PF22265
PF22276	PF22276
PF22277	PF22277
PF22280	PF22280
PF22296	PF22296
PF22300	PF22300
PF22303	PF22303
PF22305	PF22305
PF22306	PF22306
PF22307	PF22307
PF22312	PF22312
PF22314	PF22314
PF22318	PF22318
PF22320	PF22321
PF22327	PF22327
PF22331	PF22331
PF22336	PF22336
PF22339	PF22339
PF22345	PF22369
PF22346	PF22346
PF22346	PF22509
PF22352	PF22352
PF22361	PF22361
PF22363	PF22363
PF22366	PF22366
PF22367	PF22367
PF22368	PF22368
PF22373	PF22373
PF22374	PF22374
PF22377	PF22377
PF22378	PF22380
PF22379	PF22379
PF22381	PF22381
PF22383	PF22383
PF22387	PF22387
PF22388	PF22388
PF22390	PF22390
PF22392	PF22392
PF22393	PF22393
PF22401	PF22401
PF22405	PF22405
PF22412	PF22412
PF22414	PF22414
PF22420	PF22420
PF22422	PF22422
PF22426	PF22427
PF22433	PF22433
PF22436	PF22436
PF22437	PF22437
PF22441	PF22441
PF22442	PF22442
PF22444	PF22444
PF22446	PF22446
PF22450	PF22450
PF22451	PF22451
PF22454	PF22454
PF22454	PF22455
PF22455	PF22456
PF22459	PF22459
PF22461	PF22461
PF22462	PF22462
PF22462	PF22463
PF22467	PF22801
PF22468	PF22468
PF22469	PF22469
PF22470	PF22470
PF22471	PF22517
PF22472	PF22472
PF22473	PF22473
PF22482	PF22482
PF22486	PF22486
PF22487	PF22487
PF22492	PF22492
PF22493	PF22493
PF22496	PF22496
PF22502	PF22502
PF22505	PF22505
PF22506	PF22506
PF22509	PF22509
PF22513	PF22513
PF22521	PF22521
PF22522	PF22522
PF22524	PF22524
PF22528	PF22528
PF22548	PF22548
PF22568	PF22568
PF22569	PF22569
PF22591	PF22591
PF22594	PF22594
PF22596	PF22596
PF22599	PF22599
PF22600	PF22600
PF22602	PF22602
PF22604	PF22604
PF22610	PF22610
PF22612	PF22612
PF22613	PF22613
PF22614	PF22614
PF22617	PF22617
PF22620	PF22620
PF22622	PF22622
PF22627	PF22627
PF22628	PF22628
PF22629	PF22629
PF22633	PF22633
PF22634	PF22634
PF22636	PF22636
PF22640	PF22640
PF22645	PF22645
PF22648	PF22648
PF22649	PF22649
PF22650	PF22656
PF22651	PF22651
PF22657	PF22657
PF22658	PF22659
PF22660	PF22660
PF22662	PF22662
PF22663	PF22663
PF22667	PF22667
PF22669	PF22669
PF22673	PF22673
PF22677	PF22677
PF22680	PF22680
PF22684	PF22684
PF22685	PF22685
PF22691	PF22691
PF22694	PF22694
PF22696	PF22696
PF22697	PF22697
PF22698	PF22698
PF22699	PF22699
PF22700	PF22700
PF22702	PF22702
PF22705	PF22705
PF22725	PF22725
PF22732	PF22732
PF22740	PF22740
PF22745	PF22745
PF22750	PF22750
PF22753	PF22753
PF22755	PF22755
PF22755	PF22756
PF22756	PF22756
PF22756	PF22764
PF22758	PF22758
PF22761	PF22761
PF22762	PF22762
PF22764	PF22764
PF22767	PF22767
PF22769	PF22769
PF22784	PF22784
PF22785	PF22785
PF22796	PF22796
PF22797	PF22797
PF22800	PF22800
PF22802	PF22802
PF22803	PF22803
PF22807	PF22807
PF22810	PF22810
PF22811	PF22811
PF22814	PF22814
PF22815	PF22815
PF22815	PF22816
PF22816	PF22816
PF22817	PF22818
PF22818	PF22818
PF22821	PF22821
PF22822	PF22823
PF22823	PF22823
PF22825	PF22825
PF22826	PF22826
PF22827	PF22827
PF22828	PF22829
PF22829	PF22829
PF22831	PF22840
PF22831	PF22851
PF22832	PF22832
PF22840	PF22851
PF22841	PF22843
PF22841	PF22844
PF22841	PF22851
PF22842	PF22842
PF22843	PF22849
PF22843	PF22851
PF22844	PF22849
PF22846	PF22851
PF22849	PF22850
PF22849	PF22851
PF22850	PF22850
PF22871	PF22871
PF22892	PF22935
PF22899	PF22899
PF22903	PF22903
PF22917	PF22917
PF22919	PF22919
PF22921	PF22921
PF22924	PF22924
PF22927	PF22928
PF22958	PF22958
PF22964	PF22964
PF22971	PF22971
PF23006	PF23006
PF23011	PF23011
PF23014	PF23014
