requested_accession	current_accession	entry_name	pfam_count	pfams	sequence_length	resolution_mode
A0A024A2C9	A0A024A2C9	A0A024A2C9_HAEIF	0		0	direct
A0A0F6B063	A0A0F6B063	A0A0F6B063_SALT1	1	PF06767	336	direct
A0A0F6B1Q8	A0A0F6B1Q8	A0A0F6B1Q8_SALT1	2	PF00657;PF06767	408	direct
A0A0F7R416	A0A0F7R416	A0A0F7R416_BACAN	2	PF02687;PF12704	402	direct
A0A0F7R9M2	A0A0F7R9M2	A0A0F7R9M2_BACAN	1	PF01207	339	direct
A0A0F7R9R7	A0A0F7R9R7	A0A0F7R9R7_BACAN	1	PF03272	249	direct
A0A0F7RBN8	A0A0F7RBN8	A0A0F7RBN8_BACAN	1	PF24708	400	direct
A0A0F7RDC0	A0A0F7RDC0	A0A0F7RDC0_BACAN	0		0	direct
A0A0F7REZ1	A0A0F7REZ1	A0A0F7REZ1_BACAN	1	PF13529	666	direct
A0A0F7RG28	A0A0F7RG28	A0A0F7RG28_BACAN	0		0	direct
A0A0F7RG58	A0A0F7RG58	A0A0F7RG58_BACAN	0		0	direct
A0A0F7RI40	A0A0F7RI40	A0A0F7RI40_BACAN	0		0	direct
A0A0F7RKT3	A0A0F7RKT3	A0A0F7RKT3_BACAN	1	PF11962	205	direct
A0A0H2X3D0	A0A0H2X3D0	A0A0H2X3D0_CHLTA	3	PF13180;PF17820;PF13365	497	direct
A0A0H3A2T3	A0A0H3A2T3	A0A0H3A2T3_MYCA1	0		0	direct
A0A0H3JFN8	A0A0H3JFN8	A0A0H3JFN8_ECO57	0		91	direct
A0A0H3JGR6	A0A0H3JGR6	A0A0H3JGR6_ECO57	1	PF14891	232	direct
A0A0H3JP21	A0A0H3JP21	A0A0H3JP21_ECO57	1	PF07906	549	direct
A0A0H3LYM0	A0A0H3LYM0	A0A0H3LYM0_BORBR	1	PF00856	166	direct
A0A0H3NA16	A0A0H3NA16	A0A0H3NA16_SALTS	1	PF05925	561	direct
A0A0H3NB75	A0A0H3NB75	A0A0H3NB75_SALTS	1	PF28311	229	direct
A0A0H3NDL6	A0A0H3NDL6	A0A0H3NDL6_SALTS	2	PF22102;PF22103	317	direct
A0A0H3NF38	A0A0H3NF38	A0A0H3NF38_SALTS	1	PF14496	788	direct
A0A0H3NG92	A0A0H3NG92	A0A0H3NG92_SALTS	1	PF28311	260	direct
A0A0H3NGI8	A0A0H3NGI8	A0A0H3NGI8_SALTS	2	PF05364;PF07487	240	direct
A0A0H3NGY5	A0A0H3NGY5	A0A0H3NGY5_SALTS	2	PF00657;PF06767	408	direct
A0A1A9IFF4	A0A1A9IFF4	A0A1A9IFF4_BACAN	0		0	direct
A0A1A9IJH2	A0A1A9IJH2	A0A1A9IJH2_BACAN	0		0	direct
A1A766	A1A766	DNAK_ECOK1	1	PF00012	638	direct
A4GWM6	A4GWM6	A4GWM6_LISMN	5	PF09479;PF00746;PF12354;PF12799;PF08191	800	direct
A4NBN9	A4NBN9	HPE_HAEI3	1	PF16747	160	direct
A7GBG3	A7GBG3	BXF_CLOBL	4	PF01742;PF07951;PF07953;PF07952	1278	direct
B1INP5	B1INP5	BXB_CLOBK	4	PF01742;PF07951;PF07953;PF07952	1291	direct
B1PS28	B1PS28	B1PS28_VIBCL	1	PF01375	258	direct
B5Z6S0	B5Z6S0	B5Z6S0_HELPG	2	PF03507;PF18971	1230	direct
B7SSK1	B7SSK1	B7SSK1_YERPE	0		0	direct
B7UM88	B7UM88	B7UM88_ECO27	1	PF04806	206	direct
B7UM99	B7UM99	TIR_ECO27	3	PF07489;PF03549;PF07490	550	direct
B7UNX4	B7UNX4	B7UNX4_ECO27	1	PF13678	330	direct
C9E3B4	C9E3B4	C9E3B4_STRMG	6	PF18652;PF17998;PF16364;PF08363;PF00746;PF06696	1566	direct
D0ZRB2	D0ZRB2	SLRP_SALT1	2	PF12468;PF14496	765	direct
D0ZVG2	D0ZVG2	SSPH1_SALT1	2	PF00560;PF14496	700	direct
D2KHQ9	D2KHQ9	D2KHQ9_CLOBO	4	PF01742;PF07951;PF07953;PF07952	1277	direct
D2TI15	D2TI15	D2TI15_CITRI	1	PF03278	189	direct
D3JIB2	D3JIB2	D3JIB2_STAAU	2	PF09199;PF02876	231	direct
D3QNI8	D3QNI8	D3QNI8_ECOCB	0		0	direct
D5VB34	D5VB34	D5VB34_MORCB	0		0	direct
E0D8C2	E0D8C2	E0D8C2_SALTM	0		0	direct
E1WAC8	E1WAC8	SCTB1_SALTS	1	PF09599	409	direct
E1X6C6	E1X6C6	E1X6C6_HAEI1	0		0	direct
E7E526	E7E526	E7E526_YERPE	0		0	direct
E7E564	E7E564	E7E564_YERPE	0		0	direct
E7E568	E7E568	E7E568_YERPE	0		0	direct
E7E569	E7E569	E7E569_YERPE	0		0	direct
E7E570	E7E570	E7E570_YERPE	0		0	direct
E7E582	E7E582	E7E582_YERPE	0		0	direct
E7E583	E7E583	E7E583_YERPE	0		0	direct
E7E585	E7E585	E7E585_YERPE	0		0	direct
E7E586	E7E586	E7E586_YERPE	0		0	direct
E7E587	E7E587	E7E587_YERPE	0		0	direct
E7E596	E7E596	E7E596_YERPE	0		0	direct
E7E597	E7E597	E7E597_YERPE	0		0	direct
G2K3G6	G2K3G6	INLA_LISM4	5	PF09479;PF00746;PF12354;PF12799;PF08191	800	direct
O30878	O30878	O30878_YERPE	1	PF07321	154	direct
O30916	O30916	SOPB_SALTY	1	PF05925	561	direct
O52162	O52162	O52162_YEREN	1	PF03421	288	direct
O52302	O52302	O52302_ECOLX	1	PF06066	100	direct
O52623	O52623	SOPE_SALTM	2	PF05364;PF07487	240	direct
O68699	O68699	O68699_YERPE	1	PF05844	306	direct
O68709	O68709	O68709_YERPE	1	PF01527	88	direct
O68723	O68723	O68723_YERPE	1	PF14301	210	direct
O68740	O68740	O68740_YERPE	0		0	direct
O68742	O68742	O68742_YERPE	0		0	direct
O68743	O68743	O68743_YERPE	0		88	direct
O68749	O68749	O68749_YERPE	0		92	direct
O68752	O68752	O68752_YERPE	0		0	direct
O68759	O68759	O68759_YERPE	1	PF01051	354	direct
O68768	O68768	O68768_YERPE	0		187	direct
O68769	O68769	O68769_YERPE	1	PF24886	147	direct
O68776	O68776	O68776_YERPE	0		0	direct
O68779	O68779	O68779_YERPE	1	PF00872	402	direct
O68791	O68791	O68791_YERPE	0		259	direct
O84616	O84616	CADD_CHLTR	1	PF03070	231	direct
O84760	O84760	O84760_CHLTR	1	PF00118	512	direct
P00634	P00634	PPB_ECOLI	1	PF00245	471	direct
P00779	P00779	STRP_STREQ	1	PF02821	440	direct
P01555	P01555	CHTA_VIBCH	1	PF01375	258	direct
P01556	P01556	CHTB_VIBCH	1	PF01376	124	direct
P02931	P02931	OMPF_ECOLI	1	PF00267	362	direct
P02976	P02976	SPA_STAA8	5	PF02216;PF00746;PF01476;PF03373;PF04650	516	direct
P04949	P04949	FLIC_ECOLI	4	PF00700;PF08884;PF00669;PF21504	498	direct
P04958	P04958	TETX_CLOTE	4	PF01742;PF07951;PF07953;PF07952	1315	direct
P06886	P06886	TSST_STAAU	1	PF02876	234	direct
P06996	P06996	OMPC_ECOLI	1	PF00267	367	direct
P08191	P08191	FIMH_ECOLI	2	PF00419;PF09160	300	direct
P09167	P09167	AERA_AERHY	2	PF01117;PF03440	493	direct
P0A0I7	P0A0I7	AGRA_STAAU	2	PF04397;PF00072	238	direct
P0A2M9	P0A2M9	SPVC_SALTY	1	PF03536	241	direct
P0A6B7	P0A6B7	ISCS_ECOLI	1	PF00266	404	direct
P0A6B8	P0A6B8	ISCS_ECOL6	1	PF00266	404	direct
P0A6F5	P0A6F5	CH60_ECOLI	1	PF00118	548	direct
P0A6F9	P0A6F9	CH10_ECOLI	1	PF00166	97	direct
P0A6Y8	P0A6Y8	DNAK_ECOLI	1	PF00012	638	direct
P0AA25	P0AA25	THIO_ECOLI	1	PF00085	109	direct
P0AD57	P0AD57	ISPB_ECOLI	1	PF00348	323	direct
P0AEY0	P0AEY0	MALE_ECO57	1	PF01547	396	direct
P0C1U8	P0C1U8	SSPA_STAAU	1	PF13365	336	direct
P0C7U7	P0C7U7	LCRV_YERPE	1	PF04792	326	direct
P0CE12	P0CE12	SSPH2_SALTY	1	PF14496	788	direct
P0DJ88	P0DJ88	ESFU2_ECO57	1	PF04806	337	direct
P0DJM0	P0DJM0	INLA_LISMO	5	PF09479;PF00746;PF12354;PF12799;PF08191	800	direct
P0DKX7	P0DKX7	CYAA_BORPE	4	PF03497;PF06594;PF00353;PF02382	1706	direct
P10844	P10844	BXB_CLOBO	4	PF01742;PF07951;PF07953;PF07952	1291	direct
P10845	P10845	BXA1_CLOBO	0		0	direct
P13050	P13050	ARP4_STRPY	3	PF00746;PF02370;PF04650	386	direct
P13423	P13423	PAG_BACAN	5	PF03495;PF17475;PF17476;PF07691;PF20835	764	direct
P14738	P14738	FNBA_STAA8	5	PF17961;PF02986;PF00746;PF10425;PF04650	1018	direct
P15363	P15363	P37_MESHY	1	PF06646	403	direct
P15917	P15917	LEF_BACAN	2	PF09156;PF07737	809	direct
P16946	P16946	MX_STRP9	3	PF00746;PF02370;PF04650	369	direct
P17452	P17452	TOXA_PASMD	5	PF11647;PF20899;PF20900;PF22771;PF20178	1285	direct
P17778	P17778	YOPM_YERPE	2	PF00560;PF12468	409	direct
P18010	P18010	IPAA_SHIFL	2	PF09052;PF17985	633	direct
P18011	P18011	SCTE_SHIFL	2	PF04888;PF16535	580	direct
P18012	P18012	SCTB_SHIFL	1	PF09599	363	direct
P18177	P18177	TCDB_CLODI	6	PF01473;PF19127;PF11713;PF12919;PF12920;PF12918	2366	direct
P18640	P18640	BXC_CBCP	4	PF01742;PF07951;PF07953;PF07952	1291	direct
P19321	P19321	BXD_CBDP	4	PF01742;PF07951;PF07953;PF07952	1276	direct
P19909	P19909	SPG2_STRSG	3	PF17573;PF00746;PF01378	593	direct
P21163	P21163	PNGF_ELIMR	1	PF09113	354	direct
P23827	P23827	ECOT_ECOLI	1	PF03974	162	direct
P24017	P24017	OMPA_KLEPN	2	PF00691;PF01389	344	direct
P24664	P24664	TRYP_SACER	1	PF00089	227	direct
P25147	P25147	INLB_LISMO	0		0	direct
P26926	P26926	CAF1M_YERPE	2	PF02753;PF00345	258	direct
P28808	P28808	LCRF_YERPE	2	PF22200;PF12833	271	direct
P30690	P30690	OMPB1_NEIMB	1	PF00267	331	direct
P30996	P30996	BXF_CLOBO	4	PF01742;PF07951;PF07953;PF07952	1274	direct
P31491	P31491	YERA_YERPE	1	PF05932	130	direct
P31527	P31527	PSAC_YERPE	3	PF13953;PF13954;PF00577	837	direct
P37858	P37858	RECA_YERPE	2	PF21096;PF00154	356	direct
P37867	P37867	RECX_YERPE	2	PF02631;PF21981	187	direct
P38507	P38507	SPA_STAAU	5	PF02216;PF00746;PF01476;PF03373;PF04650	508	direct
P40127	P40127	CYAA_YERPE	5	PF12633;PF01295;PF26690;PF26691;PF26693	850	direct
P40136	P40136	CYAA_BACAN	3	PF03497;PF07737;PF20850	800	direct
P42713	P42713	YSCQ_YERPE	1	PF01052	307	direct
P43261	P43261	EAE_ECO57	5	PF02369;PF11924;PF26918;PF07979;PF01476	934	direct
P44321	P44321	3MGA_HAEIN	1	PF03352	185	direct
P46355	P46355	HEM3_YERPE	2	PF01379;PF03900	313	direct
P46357	P46357	DAPF_YERPE	1	PF01678	274	direct
P46359	P46359	FYUA_YERPE	2	PF07715;PF00593	673	direct
P47515	P47515	ODPB_MYCGE	2	PF02779;PF02780	326	direct
P55980	P55980	CAGA_HELPY	2	PF03507;PF18971	1186	direct
P58411	P58411	MACA_YERPE	4	PF25944;PF25917;PF25876;PF25967	371	direct
P58475	P58475	PEPB_YERPE	2	PF12404;PF00883	432	direct
P58492	P58492	ZIPA_YERPE	1	PF04354	328	direct
P58497	P58497	MODE_YERPE	1	PF03459	263	direct
P58526	P58526	MTOX_YERPE	1	PF01266	371	direct
P58543	P58543	ARAB_YERPE	1	PF02782	563	direct
P58582	P58582	GSHB_YERPE	2	PF02955;PF02951	319	direct
P58644	P58644	PYRF_YERPE	1	PF00215	245	direct
P58680	P58680	ISPH_YERPE	1	PF02401	317	direct
P58700	P58700	TRPR_YERPE	1	PF01371	125	direct
P58722	P58722	IGAA_YERPE	1	PF07095	715	direct
P59324	P59324	ARGD_YERPE	1	PF00202	405	direct
P59807	P59807	CABC1_PROVU	3	PF02278;PF09093;PF09092	1021	direct
P62616	P62616	ISPE_ECO57	2	PF08544;PF00288	283	direct
P68587	P68587	YSCP_YERPE	1	PF02120	455	direct
P68590	P68590	YOPR_YERPE	1	PF09025	165	direct
P69955	P69955	LCRD_YERPE	1	PF00771	704	direct
P69959	P69959	LCRR_YERPE	1	PF09621	146	direct
P69961	P69961	LCRS_YERPE	1	PF01527	88	direct
P69970	P69970	YSCI_YERPE	1	PF09392	115	direct
P69972	P69972	YSCJ_YERPE	1	PF01514	244	direct
P69974	P69974	YSCK_YERPE	1	PF06578	209	direct
P69976	P69976	SCTL_YERPE	1	PF02108	221	direct
P69980	P69980	YSCR_YERPE	1	PF00813	217	direct
P69984	P69984	YSCT_YERPE	1	PF01311	261	direct
P69986	P69986	YSCU_YERPE	1	PF01312	354	direct
P69992	P69992	UREG_YERPE	1	PF02492	220	direct
P71213	P71213	P71213_ECOLX	1	PF05802	314	direct
P74873	P74873	SPTP_SALTY	3	PF09119;PF00102;PF03545	543	direct
P74989	P74989	P74989_YERPE	1	PF13994	155	direct
P75358	P75358	G3P_MYCPN	2	PF02800;PF00044	337	direct
P77067	P77067	P77067_ECOLX	5	PF02369;PF11924;PF26918;PF07979;PF01476	939	direct
P77819	P77819	RPOC_BACAN	5	PF04997;PF00623;PF04983;PF05000;PF04998	1203	direct
P80200	P80200	CGA1_HELPX	2	PF03507;PF18971	1147	direct
P94217	P94217	SLAP2_BACAN	1	PF00395	862	direct
P95493	P95493	CPG2_PORGI	4	PF01364;PF03785;PF18630;PF08126	736	direct
P9WGV3	P9WGV3	SAHH_MYCTU	2	PF05221;PF00670	495	direct
P9WHW9	P9WHW9	PPE68_MYCTU	1	PF00823	368	direct
P9WIG7	P9WIG7	PE35_MYCTU	1	PF00934	99	direct
P9WMN3	P9WMN3	GLMU_MYCTU	2	PF00132;PF12804	495	direct
P9WNX3	P9WNX3	SERA_MYCTU	4	PF00389;PF02826;PF01842;PF19304	528	direct
Q00496	Q00496	BXE_CLOBO	4	PF01742;PF07951;PF07953;PF07952	1251	direct
Q05608	Q05608	YPKA_YERPS	2	PF00069;PF09632	732	direct
Q09057	Q09057	TBPB1_NEIMI	3	PF17484;PF01298;PF17483	711	direct
Q0WAP0	Q0WAP0	UBID_YERPE	3	PF01977;PF20696;PF20695	498	direct
Q0WAP4	Q0WAP4	PEPQ_YERPE	2	PF21216;PF00557	443	direct
Q0WBF9	Q0WBF9	PNP_YERPE	5	PF00013;PF03726;PF01138;PF03725;PF00575	705	direct
Q0WCK7	Q0WCK7	BAMC_YERPE	1	PF06804	352	direct
Q0WDE1	Q0WDE1	PRMB_YERPE	1	PF05175	310	direct
Q0WDR2	Q0WDR2	MIAB_YERPE	3	PF04055;PF01938;PF00919	474	direct
Q0WEG0	Q0WEG0	DTPA_YERPE	1	PF00854	501	direct
Q0WF87	Q0WF87	MDTI_YERPE	1	PF00893	109	direct
Q0WJ78	Q0WJ78	RLMG_YERPE	2	PF05175;PF26049	395	direct
Q0WJP9	Q0WJP9	LSRA_YERPE	1	PF00005	527	direct
Q0WJY2	Q0WJY2	RHAM_YERPE	1	PF05336	104	direct
Q2FZB8	Q2FZB8	Q2FZB8_STAA8	1	PF12199	165	direct
Q2GJL5	Q2GJL5	Q2GJL5_ANAPZ	0		376	direct
Q2STB6	Q2STB6	Q2STB6_BURTA	1	PF00856	303	direct
Q2TV77	Q2TV77	Q2TV77_FINMA	2	PF00746;PF17210	616	direct
Q306T3	Q306T3	Q306T3_9ACTN	0		0	direct
Q3V8F5	Q3V8F5	Q3V8F5_YERPE	0		0	direct
Q3V8F6	Q3V8F6	Q3V8F6_YERPE	0		0	direct
Q3V8F7	Q3V8F7	Q3V8F7_YERPE	0		0	direct
Q44643	Q44643	ACPA_BACAN	3	PF08280;PF05043;PF00874	483	direct
Q46342	Q46342	TCSL1_PARSO	6	PF01473;PF19127;PF11713;PF12919;PF12920;PF12918	2364	direct
Q47013	Q47013	ELAD_ECOLI	2	PF22103;PF02902	403	direct
Q48898	Q48898	Q48898_METAT	1	PF09245	238	direct
Q4AAD6	Q4AAD6	Q4AAD6_MESHJ	0		0	direct
Q4G4D4	Q4G4D4	Q4G4D4_EDWTA	1	PF28311	339	direct
Q4VP87	Q4VP87	Q4VP87_FRATL	1	PF12848	155	direct
Q51451	Q51451	Q51451_PSEAI	2	PF03496;PF03545	453	direct
Q53284	Q53284	Q53284_STREQ	1	PF02821	414	direct
Q53682	Q53682	Q53682_STAAU	5	PF17961;PF02986;PF00746;PF10425;PF04650	940	direct
Q53971	Q53971	Q53971_STRDY	4	PF05738;PF02986;PF00746;PF17802	1117	direct
Q56061	Q56061	SIFA_SALTY	1	PF06767	336	direct
Q56921	Q56921	Q56921_YEREN	0		0	direct
Q56935	Q56935	Q56935_YERPU	0		0	direct
Q56950	Q56950	Q56950_YERPE	2	PF00501;PF13193	525	direct
Q56954	Q56954	YFEC_YERPE	1	PF00950	294	direct
Q56956	Q56956	YFEE_YERPE	1	PF14002	184	direct
Q56974	Q56974	SCTC_YERPE	3	PF00263;PF03958;PF21304	607	direct
Q56989	Q56989	HMUR_YERPE	2	PF07715;PF00593	676	direct
Q56990	Q56990	HMUS_YERPE	1	PF05171	345	direct
Q56991	Q56991	HMUT_YERPE	1	PF01497	279	direct
Q56993	Q56993	HMUV_YERPE	1	PF00005	266	direct
Q57159	Q57159	Q57159_YERPE	2	PF16754;PF21613	357	direct
Q57236	Q57236	Q57236_CLOBO	4	PF01742;PF07951;PF07953;PF07952	1278	direct
Q57254	Q57254	AFAE3_ECOLX	2	PF04619;PF12393	160	direct
Q5NE72	Q5NE72	Q5NE72_FRATT	2	PF00005;PF12848	559	direct
Q5NE79	Q5NE79	TRPB_FRATT	1	PF00291	396	direct
Q5NE81	Q5NE81	Q5NE81_FRATT	0		117	direct
Q5NE82	Q5NE82	Q5NE82_FRATT	5	PF00004;PF07724;PF17871;PF02861;PF10431	859	direct
Q5NE83	Q5NE83	Q5NE83_FRATT	1	PF00704	606	direct
Q5NE85	Q5NE85	Q5NE85_FRATT	1	PF01596	218	direct
Q5NE94	Q5NE94	Q5NE94_FRATT	2	PF07085;PF01515	698	direct
Q5NE96	Q5NE96	Q5NE96_FRATT	1	PF00436	158	direct
Q5NE99	Q5NE99	SECB2_FRATT	1	PF02556	149	direct
Q5NEA2	Q5NEA2	Q5NEA2_FRATT	1	PF01343	307	direct
Q5NEA3	Q5NEA3	Q5NEA3_FRATT	3	PF02775;PF00205;PF02776	565	direct
Q5NEB0	Q5NEB0	OBG_FRATT	2	PF01018;PF01926	334	direct
Q5NEB2	Q5NEB2	Q5NEB2_FRATT	1	PF03600	475	direct
Q5NEB3	Q5NEB3	Q5NEB3_FRATT	1	PF07690	396	direct
Q5NEB4	Q5NEB4	Q5NEB4_FRATT	2	PF01136;PF16325	443	direct
Q5NEB5	Q5NEB5	Q5NEB5_FRATT	1	PF01135	206	direct
Q5NEB6	Q5NEB6	Q5NEB6_FRATT	1	PF02321	509	direct
Q5NEB8	Q5NEB8	Q5NEB8_FRATT	1	PF00282	448	direct
Q5NEB9	Q5NEB9	Q5NEB9_FRATT	2	PF13522;PF00156	496	direct
Q5NEC0	Q5NEC0	Q5NEC0_FRATT	5	PF02769;PF18072;PF18076;PF22689;PF13507	1290	direct
Q5NEC2	Q5NEC2	Q5NEC2_FRATT	0		1195	direct
Q5NEC8	Q5NEC8	Q5NEC8_FRATT	0		1328	direct
Q5NEE1	Q5NEE1	CH60_FRATT	1	PF00118	544	direct
Q5NEE2	Q5NEE2	CH10_FRATT	1	PF00166	95	direct
Q5NEG0	Q5NEG0	Q5NEG0_FRATT	0		330	direct
Q5NEH0	Q5NEH0	Q5NEH0_FRATT	2	PF00185;PF02729	306	direct
Q5NEH1	Q5NEH1	Q5NEH1_FRATT	4	PF25596;PF02786;PF02787;PF02142	1094	direct
Q5NEH4	Q5NEH4	Q5NEH4_FRATT	1	PF01979	448	direct
Q5NEH8	Q5NEH8	Q5NEH8_FRATT	1	PF07209	183	direct
Q5NEI9	Q5NEI9	Q5NEI9_FRATT	2	PF08244;PF00251	474	direct
Q5NEJ4	Q5NEJ4	Q5NEJ4_FRATT	4	PF13491;PF17854;PF09397;PF01580	833	direct
Q5NEL1	Q5NEL1	SYC_FRATT	3	PF23493;PF09190;PF01406	464	direct
Q5NEL7	Q5NEL7	Q5NEL7_FRATT	1	PF02405	254	direct
Q5NEM6	Q5NEM6	Q5NEM6_FRATT	2	PF05681;PF05683	504	direct
Q5NEM8	Q5NEM8	Q5NEM8_FRATT	0		944	direct
Q5NEM9	Q5NEM9	Q5NEM9_FRATT	0		485	direct
Q5NEN2	Q5NEN2	Q5NEN2_FRATT	2	PF00126;PF03466	330	direct
Q5NEN3	Q5NEN3	Q5NEN3_FRATT	1	PF04333	379	direct
Q5NEP4	Q5NEP4	Q5NEP4_FRATT	0		181	direct
Q5NEP5	Q5NEP5	Q5NEP5_FRATT	2	PF03989;PF00521	868	direct
Q5NEQ5	Q5NEQ5	Q5NEQ5_FRATT	1	PF03976	269	direct
Q5NER2	Q5NER2	Q5NER2_FRATT	1	PF10502	287	direct
Q5NER4	Q5NER4	TRUB_FRATT	2	PF16198;PF01509	302	direct
Q5NER5	Q5NER5	Q5NER5_FRATT	2	PF00773;PF00575	765	direct
Q5NER8	Q5NER8	Q5NER8_FRATT	1	PF12915	180	direct
Q5NES5	Q5NES5	Q5NES5_FRATT	1	PF20891	476	direct
Q5NES6	Q5NES6	Q5NES6_FRATT	1	PF13036	327	direct
Q5NES9	Q5NES9	Q5NES9_FRATT	2	PF18127;PF04095	471	direct
Q5NET1	Q5NET1	Q5NET1_FRATT	2	PF02803;PF00108	395	direct
Q5NET2	Q5NET2	Q5NET2_FRATT	4	PF00725;PF02737;PF00887;PF00378	898	direct
Q5NET3	Q5NET3	Q5NET3_FRATT	3	PF09317;PF00441;PF02771	753	direct
Q5NET6	Q5NET6	Q5NET6_FRATT	1	PF03971	747	direct
Q5NET8	Q5NET8	Q5NET8_FRATT	5	PF00270;PF11898;PF21010;PF00271;PF07717	1422	direct
Q5NEU6	Q5NEU6	Q5NEU6_FRATT	2	PF00226;PF01556	308	direct
Q5NEV2	Q5NEV2	Q5NEV2_FRATT	0		192	direct
Q5NEV5	Q5NEV5	Q5NEV5_FRATT	2	PF02899;PF00589	292	direct
Q5NEV6	Q5NEV6	Q5NEV6_FRATT	1	PF03222	405	direct
Q5NEV8	Q5NEV8	MUTS_FRATT	5	PF01624;PF05188;PF05192;PF05190;PF00488	857	direct
Q5NEW4	Q5NEW4	Q5NEW4_FRATT	0		131	direct
Q5NEW7	Q5NEW7	Q5NEW7_FRATT	1	PF00999	432	direct
Q5NEX2	Q5NEX2	Q5NEX2_FRATT	4	PF17831;PF28598;PF22613;PF00456	893	direct
Q5NEX3	Q5NEX3	Q5NEX3_FRATT	3	PF00198;PF00364;PF02817	631	direct
Q5NEX4	Q5NEX4	Q5NEX4_FRATT	2	PF07992;PF02852	470	direct
Q5NEY0	Q5NEY0	Q5NEY0_FRATT	3	PF10509;PF08544;PF00288	382	direct
Q5NEY1	Q5NEY1	Q5NEY1_FRATT	2	PF02744;PF01087	341	direct
Q5NEY3	Q5NEY3	Q5NEY3_FRATT	1	PF00083	464	direct
Q5NEY7	Q5NEY7	Q5NEY7_FRATT	1	PF02445	341	direct
Q5NF08	Q5NF08	Q5NF08_FRATT	3	PF00006;PF07498;PF07497	420	direct
Q5NF14	Q5NF14	Q5NF14_FRATT	1	PF01026	255	direct
Q5NF16	Q5NF16	Q5NF16_FRATT	1	PF00005	307	direct
Q5NF27	Q5NF27	Q5NF27_FRATT	1	PF13640	206	direct
Q5NF29	Q5NF29	Q5NF29_FRATT	0		155	direct
Q5NF31	Q5NF31	Q5NF31_FRATT	1	PF01029	141	direct
Q5NF36	Q5NF36	Q5NF36_FRATT	1	PF00155	376	direct
Q5NF37	Q5NF37	SYP_FRATT	3	PF03129;PF00587;PF04073	565	direct
Q5NF40	Q5NF40	Q5NF40_FRATT	1	PF02602	249	direct
Q5NF50	Q5NF50	Q5NF50_FRATT	3	PF04257;PF27451;PF17946	1079	direct
Q5NF52	Q5NF52	Q5NF52_FRATT	3	PF13749;PF13412;PF04326	476	direct
Q5NF53	Q5NF53	Q5NF53_FRATT	2	PF00580;PF13361	1217	direct
Q5NF60	Q5NF60	DNLJ_FRATT	6	PF00533;PF01653;PF03119;PF12826;PF22745;PF03120	678	direct
Q5NF66	Q5NF66	Q5NF66_FRATT	2	PF00109;PF02801	419	direct
Q5NF67	Q5NF67	Q5NF67_FRATT	1	PF00550	94	direct
Q5NF68	Q5NF68	Q5NF68_FRATT	1	PF13561	247	direct
Q5NF74	Q5NF74	Q5NF74_FRATT	3	PF02779;PF22613;PF00456	663	direct
Q5NF75	Q5NF75	Q5NF75_FRATT	2	PF02800;PF00044	348	direct
Q5NF78	Q5NF78	Q5NF78_FRATT	1	PF01116	354	direct
Q5NFA1	Q5NFA1	Q5NFA1_FRATT	2	PF01740;PF00916	514	direct
Q5NFA4	Q5NFA4	Q5NFA4_FRATT	2	PF00664;PF00005	549	direct
Q5NFA9	Q5NFA9	Q5NFA9_FRATT	1	PF00480	299	direct
Q5NFB0	Q5NFB0	SYS_FRATT	2	PF02403;PF00587	426	direct
Q5NFB1	Q5NFB1	GPMI_FRATT	2	PF06415;PF01676	512	direct
Q5NFB8	Q5NFB8	Q5NFB8_FRATT	2	PF00675;PF05193	417	direct
Q5NFC1	Q5NFC1	Q5NFC1_FRATT	2	PF00883;PF02789	479	direct
Q5NFC4	Q5NFC4	G6PI_FRATT	1	PF00342	540	direct
Q5NFC7	Q5NFC7	Q5NFC7_FRATT	3	PF00005;PF17755;PF17760	940	direct
Q5NFD2	Q5NFD2	DER_FRATT	2	PF14714;PF01926	465	direct
Q5NFD3	Q5NFD3	Q5NFD3_FRATT	1	PF00275	444	direct
Q5NFD5	Q5NFD5	Q5NFD5_FRATT	0		291	direct
Q5NFE2	Q5NFE2	Q5NFE2_FRATT	1	PF02685	338	direct
Q5NFG5	Q5NFG5	Q5NFG5_FRATT	2	PF06725;PF03562	388	direct
Q5NFJ2	Q5NFJ2	Q5NFJ2_FRATT	0		420	direct
Q5NFJ3	Q5NFJ3	GLYA_FRATT	1	PF00464	417	direct
Q5NFK4	Q5NFK4	Q5NFK4_FRATT	3	PF00389;PF02826;PF22629	414	direct
Q5NFK5	Q5NFK5	TYSY_FRATT	1	PF00303	274	direct
Q5NFK7	Q5NFK7	Q5NFK7_FRATT	3	PF10150;PF20833;PF00575	885	direct
Q5NFL4	Q5NFL4	Q5NFL4_FRATT	1	PF01812	182	direct
Q5NFM0	Q5NFM0	Q5NFM0_FRATT	1	PF08282	263	direct
Q5NFM9	Q5NFM9	Q5NFM9_FRATT	0		360	direct
Q5NFN2	Q5NFN2	Q5NFN2_FRATT	1	PF00106	240	direct
Q5NFN3	Q5NFN3	Q5NFN3_FRATT	1	PF00929	482	direct
Q5NFN4	Q5NFN4	UVRB_FRATT	6	PF00271;PF04851;PF02151;PF12344;PF27431;PF17757	668	direct
Q5NFN7	Q5NFN7	Q5NFN7_FRATT	1	PF07690	427	direct
Q5NFP0	Q5NFP0	Q5NFP0_FRATT	2	PF07687;PF01546	386	direct
Q5NFP5	Q5NFP5	Q5NFP5_FRATT	1	PF03364	143	direct
Q5NFP9	Q5NFP9	Q5NFP9_FRATT	4	PF21018;PF00679;PF00009;PF03144	605	direct
Q5NFQ5	Q5NFQ5	Q5NFQ5_FRATT	2	PF12161;PF02384	488	direct
Q5NFQ6	Q5NFQ6	Q5NFQ6_FRATT	1	PF08238	582	direct
Q5NFR1	Q5NFR1	Q5NFR1_FRATT	1	PF00155	397	direct
Q5NFR6	Q5NFR6	Q5NFR6_FRATT	1	PF05137	187	direct
Q5NFR9	Q5NFR9	Q5NFR9_FRATT	2	PF00263;PF03958	594	direct
Q5NFS5	Q5NFS5	Q5NFS5_FRATT	4	PF00171;PF01619;PF14850;PF18327	1357	direct
Q5NFT6	Q5NFT6	Q5NFT6_FRATT	2	PF00482;PF28597	409	direct
Q5NFT7	Q5NFT7	Q5NFT7_FRATT	2	PF05157;PF00437	592	direct
Q5NFT9	Q5NFT9	Q5NFT9_FRATT	4	PF02786;PF18921;PF02875;PF08245	940	direct
Q5NFU8	Q5NFU8	TGT_FRATT	1	PF01702	367	direct
Q5NFV6	Q5NFV6	Q5NFV6_FRATT	2	PF04542;PF04545	292	direct
Q5NFW7	Q5NFW7	SYA_FRATT	3	PF02272;PF01411;PF07973	865	direct
Q5NFX6	Q5NFX6	Q5NFX6_FRATT	2	PF00580;PF13361	671	direct
Q5NFX8	Q5NFX8	TRHO_FRATT	2	PF00581;PF17773	332	direct
Q5NFY4	Q5NFY4	Q5NFY4_FRATT	0		86	direct
Q5NFY5	Q5NFY5	Q5NFY5_FRATT	1	PF26745	270	direct
Q5NFY6	Q5NFY6	Q5NFY6_FRATT	0		128	direct
Q5NFY7	Q5NFY7	Q5NFY7_FRATT	2	PF13657;PF07804	424	direct
Q5NFZ2	Q5NFZ2	Q5NFZ2_FRATT	1	PF07275	168	direct
Q5NFZ8	Q5NFZ8	HEM6_FRATT	1	PF01218	308	direct
Q5NG02	Q5NG02	Q5NG02_FRATT	2	PF00772;PF03796	465	direct
Q5NG10	Q5NG10	CYSN_FRATT	3	PF22594;PF00009;PF03144	470	direct
Q5NG24	Q5NG24	Q5NG24_FRATT	6	PF04546;PF03979;PF00140;PF04542;PF04539;PF04545	577	direct
Q5NG28	Q5NG28	Q5NG28_FRATT	2	PF07943;PF00768	444	direct
Q5NG37	Q5NG37	Q5NG37_FRATT	1	PF13520	515	direct
Q5NG39	Q5NG39	DXS_FRATT	3	PF13292;PF02779;PF02780	615	direct
Q5NG44	Q5NG44	RUVB_FRATT	3	PF17864;PF05496;PF05491	348	direct
Q5NG53	Q5NG53	SYFA_FRATT	2	PF02912;PF01409	337	direct
Q5NG68	Q5NG68	YQGF_FRATT	1	PF03652	136	direct
Q5NG84	Q5NG84	Q5NG84_FRATT	1	PF02254	457	direct
Q5NG89	Q5NG89	Q5NG89_FRATT	1	PF00793	370	direct
Q5NG92	Q5NG92	Q5NG92_FRATT	1	PF24827	327	direct
Q5NG93	Q5NG93	Q5NG93_FRATT	1	PF03372	262	direct
Q5NG97	Q5NG97	Q5NG97_FRATT	2	PF07992;PF02852	453	direct
Q5NGA0	Q5NGA0	Q5NGA0_FRATT	2	PF00270;PF00271	441	direct
Q5NGB2	Q5NGB2	BIOB_FRATT	2	PF06968;PF04055	313	direct
Q5NGB9	Q5NGB9	GSA_FRATT	1	PF00202	431	direct
Q5NGC3	Q5NGC3	RLMKL_FRATT	4	PF10672;PF22020;PF02926;PF01170	717	direct
Q5NGC7	Q5NGC7	Q5NGC7_FRATT	1	PF12097	557	direct
Q5NGC9	Q5NGC9	Q5NGC9_FRATT	2	PF06574;PF01687	306	direct
Q5NGD0	Q5NGD0	SYI_FRATT	3	PF08264;PF00133;PF06827	935	direct
Q5NGE6	Q5NGE6	Q5NGE6_FRATT	2	PF01432;PF19310	673	direct
Q5NGF1	Q5NGF1	Q5NGF1_FRATT	4	PF01071;PF02843;PF02844;PF01259	770	direct
Q5NGF2	Q5NGF2	Q5NGF2_FRATT	2	PF00586;PF02769	347	direct
Q5NGF3	Q5NGF3	FOLD_FRATT	2	PF00763;PF02882	282	direct
Q5NGF6	Q5NGF6	Q5NGF6_FRATT	2	PF07963;PF22436	146	direct
Q5NGF8	Q5NGF8	Q5NGF8_FRATT	0		124	direct
Q5NGF9	Q5NGF9	Q5NGF9_FRATT	1	PF02463	549	direct
Q5NGG6	Q5NGG6	AROC_FRATT	1	PF01264	352	direct
Q5NGI2	Q5NGI2	RNPH_FRATT	2	PF01138;PF03725	235	direct
Q5NGK2	Q5NGK2	Q5NGK2_FRATT	1	PF01066	273	direct
Q5NGL8	Q5NGL8	SYT_FRATT	4	PF03129;PF02824;PF00587;PF07973	634	direct
Q5NGL9	Q5NGL9	Q5NGL9_FRATT	1	PF03067	297	direct
Q5NGM1	Q5NGM1	Q5NGM1_FRATT	0		199	direct
Q5NGM5	Q5NGM5	Y810_FRATT	1	PF02575	112	direct
Q5NGM6	Q5NGM6	RECR_FRATT	4	PF21175;PF21176;PF02132;PF13662	200	direct
Q5NGM7	Q5NGM7	Q5NGM7_FRATT	5	PF13291;PF13328;PF28438;PF04607;PF02824	707	direct
Q5NGM8	Q5NGM8	Q5NGM8_FRATT	0		403	direct
Q5NGN2	Q5NGN2	Q5NGN2_FRATT	1	PF01112	287	direct
Q5NGN4	Q5NGN4	Q5NGN4_FRATT	1	PF00294	368	direct
Q5NGN5	Q5NGN5	Q5NGN5_FRATT	1	PF00702	220	direct
Q5NGP3	Q5NGP3	Q5NGP3_FRATT	2	PF13439;PF00534	409	direct
Q5NGP5	Q5NGP5	Q5NGP5_FRATT	1	PF02397	464	direct
Q5NGQ8	Q5NGQ8	UVRC_FRATT	6	PF01541;PF14520;PF02151;PF27096;PF22920;PF08459	612	direct
Q5NGR3	Q5NGR3	SECA_FRATT	5	PF21090;PF02810;PF07517;PF01043;PF07516	906	direct
Q5NGR8	Q5NGR8	Q5NGR8_FRATT	2	PF05746;PF02092	694	direct
Q5NGT6	Q5NGT6	Q5NGT6_FRATT	1	PF04632	118	direct
Q5NGT9	Q5NGT9	Q5NGT9_FRATT	1	PF19408	662	direct
Q5NGU1	Q5NGU1	Q5NGU1_FRATT	1	PF04453	721	direct
Q5NGV3	Q5NGV3	Q5NGV3_FRATT	1	PF03009	344	direct
Q5NGV7	Q5NGV7	KATG_FRATT	1	PF00141	741	direct
Q5NGV8	Q5NGV8	Q5NGV8_FRATT	2	PF01966;PF13286	441	direct
Q5NGW2	Q5NGW2	Q5NGW2_FRATT	3	PF02839;PF00041;PF00704	760	direct
Q5NGW4	Q5NGW4	TDH_FRATT	2	PF08240;PF00107	351	direct
Q5NGW8	Q5NGW8	ENO_FRATT	2	PF00113;PF03952	456	direct
Q5NGX6	Q5NGX6	ERPA_FRATT	1	PF01521	116	direct
Q5NGX7	Q5NGX7	PNP_FRATT	5	PF00013;PF03726;PF01138;PF03725;PF00575	693	direct
Q5NGY1	Q5NGY1	RSMH_FRATT	1	PF01795	305	direct
Q5NGY2	Q5NGY2	Q5NGY2_FRATT	1	PF00501	699	direct
Q5NGY9	Q5NGY9	HSLU_FRATT	2	PF00004;PF07724	455	direct
Q5NGZ2	Q5NGZ2	Q5NGZ2_FRATT	2	PF07992;PF02852	471	direct
Q5NGZ3	Q5NGZ3	Q5NGZ3_FRATT	2	PF06750;PF01478	272	direct
Q5NGZ7	Q5NGZ7	Q5NGZ7_FRATT	2	PF01926;PF06071	363	direct
Q5NH02	Q5NH02	Q5NH02_FRATT	2	PF14572;PF13793	322	direct
Q5NH03	Q5NH03	Q5NH03_FRATT	1	PF24827	335	direct
Q5NH18	Q5NH18	RUVC_FRATT	1	PF02075	171	direct
Q5NH21	Q5NH21	LIPA_FRATT	2	PF16881;PF04055	327	direct
Q5NH25	Q5NH25	Q5NH25_FRATT	2	PF14697;PF04060	209	direct
Q5NH29	Q5NH29	Q5NH29_FRATT	1	PF01027	228	direct
Q5NH32	Q5NH32	ILVD_FRATT	2	PF24877;PF00920	551	direct
Q5NH37	Q5NH37	Q5NH37_FRATT	1	PF01145	308	direct
Q5NH38	Q5NH38	Q5NH38_FRATT	1	PF01145	355	direct
Q5NH40	Q5NH40	Q5NH40_FRATT	3	PF16360;PF13167;PF01926	435	direct
Q5NH42	Q5NH42	MIAA_FRATT	1	PF01715	308	direct
Q5NH45	Q5NH45	Q5NH45_FRATT	4	PF00004;PF05362;PF22667;PF02190	774	direct
Q5NH47	Q5NH47	CLPP_FRATT	1	PF00574	201	direct
Q5NH48	Q5NH48	TIG_FRATT	3	PF00254;PF05698;PF05697	438	direct
Q5NH50	Q5NH50	KITH_FRATT	1	PF00265	197	direct
Q5NH53	Q5NH53	MIAB_FRATT	3	PF04055;PF01938;PF00919	442	direct
Q5NH61	Q5NH61	Q5NH61_FRATT	1	PF01223	354	direct
Q5NH62	Q5NH62	Q5NH62_FRATT	4	PF01321;PF16189;PF00557;PF16188	597	direct
Q5NH68	Q5NH68	Q5NH68_FRATT	1	PF12097	492	direct
Q5NH70	Q5NH70	Q5NH70_FRATT	1	PF01380	342	direct
Q5NH71	Q5NH71	Q5NH71_FRATT	1	PF00375	426	direct
Q5NH75	Q5NH75	Q5NH75_FRATT	0		290	direct
Q5NH85	Q5NH85	Q5NH85_FRATT	1	PF00691	393	direct
Q5NH91	Q5NH91	Q5NH91_FRATT	2	PF03313;PF03315	457	direct
Q5NH94	Q5NH94	ALR_FRATT	2	PF00842;PF01168	365	direct
Q5NH95	Q5NH95	Q5NH95_FRATT	1	PF00854	484	direct
Q5NH99	Q5NH99	Q5NH99_FRATT	1	PF12710	216	direct
Q5NHB4	Q5NHB4	Q5NHB4_FRATT	1	PF00171	498	direct
Q5NHB5	Q5NHB5	Q5NHB5_FRATT	0		478	direct
Q5NHC6	Q5NHC6	COQ7_FRATT	1	PF03232	211	direct
Q5NHC9	Q5NHC9	Q5NHC9_FRATT	2	PF02867;PF00317	590	direct
Q5NHD1	Q5NHD1	Q5NHD1_FRATT	2	PF00462;PF00268	410	direct
Q5NHD8	Q5NHD8	Q5NHD8_FRATT	1	PF01420	408	direct
Q5NHD9	Q5NHD9	Q5NHD9_FRATT	1	PF02384	325	direct
Q5NHE7	Q5NHE7	Q5NHE7_FRATT	6	PF00204;PF00986;PF21249;PF18053;PF02518;PF01751	805	direct
Q5NHE8	Q5NHE8	Q5NHE8_FRATT	0		266	direct
Q5NHF0	Q5NHF0	Q5NHF0_FRATT	1	PF13462	255	direct
Q5NHF1	Q5NHF1	Q5NHF1_FRATT	0		104	direct
Q5NHF2	Q5NHF2	Q5NHF2_FRATT	0		637	direct
Q5NHG8	Q5NHG8	Q5NHG8_FRATT	3	PF01119;PF13589;PF08676	600	direct
Q5NHH0	Q5NHH0	Q5NHH0_FRATT	0		239	direct
Q5NHH1	Q5NHH1	Q5NHH1_FRATT	1	PF03193	295	direct
Q5NHH2	Q5NHH2	Q5NHH2_FRATT	1	PF11685	271	direct
Q5NHH6	Q5NHH6	Q5NHH6_FRATT	3	PF01368;PF02272;PF17768	580	direct
Q5NHI6	Q5NHI6	Q5NHI6_FRATT	2	PF00639;PF09312	473	direct
Q5NHI7	Q5NHI7	LPTD_FRATT	2	PF04453;PF03968	868	direct
Q5NHI8	Q5NHI8	SYR_FRATT	3	PF03485;PF05746;PF00750	581	direct
Q5NHK6	Q5NHK6	Q5NHK6_FRATT	3	PF00749;PF03950;PF20974	548	direct
Q5NHL4	Q5NHL4	Q5NHL4_FRATT	3	PF01225;PF02875;PF08245	456	direct
Q5NHL7	Q5NHL7	CTU_FRATT	1	PF00795	286	direct
Q5NHL8	Q5NHL8	Q5NHL8_FRATT	1	PF04371	328	direct
Q5NHM0	Q5NHM0	Q5NHM0_FRATT	1	PF02784	469	direct
Q5NHM9	Q5NHM9	Q5NHM9_FRATT	1	PF02091	302	direct
Q5NHN0	Q5NHN0	Q5NHN0_FRATT	1	PF02446	487	direct
Q5NHN4	Q5NHN4	GLGB_FRATT	3	PF00128;PF02806;PF02922	640	direct
Q5NHN5	Q5NHN5	Q5NHN5_FRATT	2	PF00128;PF21653	1070	direct
Q5NHN6	Q5NHN6	Q5NHN6_FRATT	1	PF08501	281	direct
Q5NHN7	Q5NHN7	Q5NHN7_FRATT	2	PF21478;PF02347	481	direct
Q5NHN8	Q5NHN8	GCSPA_FRATT	1	PF02347	455	direct
Q5NHP0	Q5NHP0	GCST_FRATT	2	PF01571;PF08669	358	direct
Q5NHP5	Q5NHP5	Q5NHP5_FRATT	4	PF07733;PF17657;PF14579;PF02811	1159	direct
Q5NHP7	Q5NHP7	Q5NHP7_FRATT	2	PF01464;PF27553	658	direct
Q5NHQ1	Q5NHQ1	Q5NHQ1_FRATT	2	PF03989;PF00521	741	direct
Q5NHQ9	Q5NHQ9	GLMS_FRATT	2	PF13522;PF01380	612	direct
Q5NHR0	Q5NHR0	GLMU_FRATT	3	PF25087;PF00132;PF12804	455	direct
Q5NHR1	Q5NHR1	Q5NHR1_FRATT	2	PF01467;PF00293	347	direct
Q5NHR7	Q5NHR7	Q5NHR7_FRATT	2	PF00208;PF02812	449	direct
Q5NHS1	Q5NHS1	PYRG_FRATT	2	PF06418;PF00117	546	direct
Q5NHS3	Q5NHS3	Q5NHS3_FRATT	2	PF01039;PF17848	302	direct
Q5NHS4	Q5NHS4	Q5NHS4_FRATT	2	PF02875;PF08245	393	direct
Q5NHS6	Q5NHS6	Q5NHS6_FRATT	1	PF08238	353	direct
Q5NHT8	Q5NHT8	HTPG_FRATT	2	PF13589;PF00183	628	direct
Q5NHX0	Q5NHX0	EFG_FRATT	5	PF00679;PF14492;PF03764;PF00009;PF03144	704	direct
Q5NHX3	Q5NHX3	Q5NHX3_FRATT	1	PF01066	198	direct
Q5NHX5	Q5NHX5	Q5NHX5_FRATT	1	PF01148	264	direct
Q5NHX8	Q5NHX8	PYRH_FRATT	1	PF00696	249	direct
Q5NHX9	Q5NHX9	EFTS_FRATT	1	PF00889	289	direct
Q5NHY6	Q5NHY6	SYE_FRATT	2	PF19269;PF00749	468	direct
Q5NHY7	Q5NHY7	Q5NHY7_FRATT	2	PF10415;PF00206	463	direct
Q5NHY8	Q5NHY8	Q5NHY8_FRATT	1	PF00293	125	direct
Q5NHZ0	Q5NHZ0	Q5NHZ0_FRATT	1	PF01070	385	direct
Q5NHZ4	Q5NHZ4	SYV_FRATT	3	PF08264;PF00133;PF10458	919	direct
Q5NHZ8	Q5NHZ8	Q5NHZ8_FRATT	2	PF13584;PF25607	541	direct
Q5NI02	Q5NI02	Q5NI02_FRATT	2	PF07726;PF17863	318	direct
Q5NI22	Q5NI22	Q5NI22_FRATT	1	PF00999	628	direct
Q5NI24	Q5NI24	Q5NI24_FRATT	2	PF09821;PF00005	438	direct
Q5NI31	Q5NI31	HEM3_FRATT	2	PF01379;PF03900	300	direct
Q5NI33	Q5NI33	Q5NI33_FRATT	2	PF23161;PF00773	618	direct
Q5NI35	Q5NI35	Q5NI35_FRATT	0		313	direct
Q5NI40	Q5NI40	Q5NI40_FRATT	3	PF00391;PF02896;PF01326	882	direct
Q5NI56	Q5NI56	YIDC_FRATT	2	PF02096;PF14849	551	direct
Q5NI65	Q5NI65	Q5NI65_FRATT	1	PF02626	258	direct
Q5NI66	Q5NI66	Q5NI66_FRATT	1	PF04185	514	direct
Q5NI67	Q5NI67	Q5NI67_FRATT	0		218	direct
Q5NI74	Q5NI74	Q5NI74_FRATT	1	PF01297	305	direct
Q5NI79	Q5NI79	Q5NI79_FRATT	2	PF01808;PF02142	515	direct
Q5NI82	Q5NI82	Q5NI82_FRATT	0		277	direct
Q5NI85	Q5NI85	Q5NI85_FRATT	2	PF00120;PF03951	345	direct
Q5NI86	Q5NI86	Q5NI86_FRATT	3	PF12796;PF17959;PF04960	513	direct
Q5NI89	Q5NI89	Q5NI89_FRATT	2	PF00152;PF01336	576	direct
Q5NI90	Q5NI90	Q5NI90_FRATT	2	PF03462;PF00472	325	direct
Q5NI92	Q5NI92	LPXC_FRATT	1	PF03331	286	direct
Q5NI93	Q5NI93	Q5NI93_FRATT	2	PF12327;PF00091	381	direct
Q5NI96	Q5NI96	DDL_FRATT	1	PF07478	296	direct
Q5NIA8	Q5NIA8	RF1_FRATT	2	PF03462;PF00472	361	direct
Q5NIA9	Q5NIA9	HEM1_FRATT	3	PF00745;PF05201;PF01488	416	direct
Q5NIB1	Q5NIB1	BAMB_FRATT	1	PF13360	456	direct
Q5NIB3	Q5NIB3	Q5NIB3_FRATT	4	PF00204;PF00986;PF02518;PF01751	627	direct
Q5NIC1	Q5NIC1	Q5NIC1_FRATT	1	PF03171	283	direct
Q5NID1	Q5NID1	RPOC_FRATT	5	PF04997;PF00623;PF04983;PF05000;PF04998	1417	direct
Q5NID2	Q5NID2	RPOB_FRATT	6	PF04563;PF04561;PF04565;PF10385;PF00562;PF04560	1358	direct
Q5NID7	Q5NID7	Q5NID7_FRATT	2	PF00467;PF02357	177	direct
Q5NID9	Q5NID9	EFTU_FRATT	3	PF00009;PF03144;PF03143	394	direct
Q5NIE2	Q5NIE2	Q5NIE2_FRATT	1	PF00230	254	direct
Q5NIE3	Q5NIE3	Q5NIE3_FRATT	2	PF01266;PF16901	510	direct
Q5NIE8	Q5NIE8	Q5NIE8_FRATT	1	PF07690	400	direct
Q5NIE9	Q5NIE9	Q5NIE9_FRATT	2	PF00005;PF08352	324	direct
Q5NIF1	Q5NIF1	Q5NIF1_FRATT	2	PF00580;PF13361	740	direct
Q5NIF3	Q5NIF3	Q5NIF3_FRATT	1	PF01476	438	direct
Q5NIF4	Q5NIF4	RF3_FRATT	3	PF22042;PF00009;PF16658	525	direct
Q5NIF9	Q5NIF9	Q5NIF9_FRATT	1	PF01676	414	direct
Q5NIG1	Q5NIG1	Q5NIG1_FRATT	4	PF01367;PF02739;PF00476;PF01612	897	direct
Q5NIG3	Q5NIG3	MSBA_FRATT	2	PF00664;PF00005	609	direct
Q5NIG6	Q5NIG6	Q5NIG6_FRATT	3	PF25954;PF25917;PF25876	457	direct
Q5NIH2	Q5NIH2	Q5NIH2_FRATT	1	PF13358	261	direct
Q5NIH4	Q5NIH4	Q5NIH4_FRATT	1	PF02655	346	direct
Q5NII1	Q5NII1	Q5NII1_FRATT	2	PF00330;PF00694	937	direct
Q5NII2	Q5NII2	Q5NII2_FRATT	1	PF20628	292	direct
Q5NIJ0	Q5NIJ0	Q5NIJ0_FRATT	3	PF00198;PF00364;PF02817	489	direct
Q5NIJ1	Q5NIJ1	Q5NIJ1_FRATT	3	PF00676;PF16870;PF02779	941	direct
Q5NIJ2	Q5NIJ2	Q5NIJ2_FRATT	2	PF13085;PF13534	233	direct
Q5NIJ3	Q5NIJ3	Q5NIJ3_FRATT	2	PF00890;PF02910	597	direct
Q5NIJ6	Q5NIJ6	Q5NIJ6_FRATT	1	PF00285	424	direct
Q5NIL2	Q5NIL2	Q5NIL2_FRATT	2	PF00849;PF01479	309	direct
Q5NIL8	Q5NIL8	Q5NIL8_FRATT	5	PF14520;PF13184;PF26594;PF08529;PF00575	489	direct
Q5NIM0	Q5NIM0	DCUP_FRATT	1	PF01208	344	direct
Q5NIN7	Q5NIN7	Q5NIN7_FRATT	2	PF06276;PF04183	639	direct
Q5NIN9	Q5NIN9	Q5NIN9_FRATT	2	PF02784;PF00278	417	direct
Q5NIP5	Q5NIP5	GATB_FRATT	2	PF02934;PF02637	473	direct
Q5NIP6	Q5NIP6	GATA_FRATT	1	PF01425	481	direct
Q5NIP8	Q5NIP8	Q5NIP8_FRATT	0		357	direct
Q5NIQ1	Q5NIQ1	Q5NIQ1_FRATT	1	PF00206	432	direct
Q5NIQ2	Q5NIQ2	Q5NIQ2_FRATT	0		132	direct
Q5NIQ5	Q5NIQ5	Q5NIQ5_FRATT	1	PF07690	402	direct
Q5WMC9	Q5WMC9	Q5WMC9_ECOLX	3	PF07489;PF03549;PF07490	550	direct
Q5X159	Q5X159	LUBX_LEGPA	1	PF04564	240	direct
Q5YB85	Q5YB85	Q5YB85_STRSG	2	PF00746;PF02370	598	direct
Q5ZSM7	Q5ZSM7	Q5ZSM7_LEGPH	3	PF18227;PF18172;PF18640	1294	direct
Q5ZSQ3	Q5ZSQ3	DRRA_LEGPH	3	PF14860;PF20879;PF20851	647	direct
Q5ZUS4	Q5ZUS4	Q5ZUS4_LEGPH	2	PF00023;PF00856	545	direct
Q601D1	Q601D1	Q601D1_MESH2	0		0	direct
Q60393	Q60393	BXG_CLOBO	4	PF01742;PF07951;PF07953;PF07952	1297	direct
Q6EZZ9	Q6EZZ9	Q6EZZ9_BACAN	1	PF19482	137	direct
Q6F011	Q6F011	Q6F011_BACAN	0		194	direct
Q6F051	Q6F051	Q6F051_BACAN	0		0	direct
Q6HQX5	Q6HQX5	Y5405_BACAN	1	PF03601	340	direct
Q6KM77	Q6KM77	Q6KM77_BACAN	0		0	direct
Q6KMJ2	Q6KMJ2	Q6KMJ2_BACAN	0		0	direct
Q6KMS8	Q6KMS8	EFP_BACAN	3	PF01132;PF08207;PF09285	185	direct
Q6KNA9	Q6KNA9	METE_BACAN	2	PF08267;PF01717	762	direct
Q6KRG0	Q6KRG0	Q6KRG0_BACAN	0		0	direct
Q6MX51	Q6MX51	Q6MX51_MYCTU	1	PF00884	465	direct
Q6NK15	Q6NK15	Q6NK15_CORDI	3	PF02763;PF01324;PF02764	560	direct
Q6RCR0	Q6RCR0	Q6RCR0_LEGPN	3	PF19049;PF19048;PF12252	1504	direct
Q6V4K9	Q6V4K9	Q6V4K9_STRPY	1	PF12107	310	direct
Q6V4L1	Q6V4L1	Q6V4L1_STRPY	2	PF02370;PF12107	398	direct
Q6V4L4	Q6V4L4	Q6V4L4_STRPY	1	PF12107	397	direct
Q6V4L5	Q6V4L5	Q6V4L5_STRPY	1	PF12107	388	direct
Q6V4L9	Q6V4L9	Q6V4L9_STRPY	2	PF02370;PF12107	391	direct
Q6VAM8	Q6VAM8	Q6VAM8_STAAU	0		0	direct
Q6XVY7	Q6XVY7	Q6XVY7_SHIFL	1	PF03278	208	direct
Q6XVZ2	Q6XVZ2	Q6XVZ2_SHIFL	0		0	direct
Q6XW05	Q6XW05	Q6XW05_SHIFL	1	PF03278	188	direct
Q6XZE6	Q6XZE6	Q6XZE6_STAAU	2	PF02876;PF01123	222	direct
Q6XZE9	Q6XZE9	Q6XZE9_STAAU	2	PF02876;PF01123	219	direct
Q74PW2	Q74PW2	LSRB_YERPE	1	PF13407	339	direct
Q74Q56	Q74Q56	SGRR_YERPE	2	PF00496;PF12793	553	direct
Q74R28	Q74R28	UGPC_YERPE	2	PF00005;PF17912	357	direct
Q74RZ6	Q74RZ6	AAS_YERPE	3	PF01553;PF00501;PF13193	718	direct
Q74SQ6	Q74SQ6	MLTF_YERPE	2	PF00497;PF01464	486	direct
Q74SR9	Q74SR9	TRMN6_YERPE	1	PF05175	252	direct
Q74XD3	Q74XD3	CUTA_YERPE	1	PF03091	119	direct
Q74YC7	Q74YC7	Q74YC7_YERPE	0		0	direct
Q74YF9	Q74YF9	Q74YF9_YERPE	0		0	direct
Q74YG7	Q74YG7	Q74YG7_YERPE	0		0	direct
Q74YG8	Q74YG8	Q74YG8_YERPE	0		0	direct
Q74YH2	Q74YH2	Q74YH2_YERPE	0		0	direct
Q74YJ4	Q74YJ4	Q74YJ4_YERPE	0		0	direct
Q74YL6	Q74YL6	Q74YL6_YERPE	0		0	direct
Q76MJ3	Q76MJ3	Q76MJ3_STRPY	0		0	direct
Q79RC1	Q79RC1	Q79RC1_FRATL	4	PF02878;PF02879;PF02880;PF00408	494	direct
Q79RC4	Q79RC4	Q79RC4_FRATL	1	PF16363	348	direct
Q7ARA1	Q7ARA1	Q7ARA1_YERPE	1	PF27407	73	direct
Q7ARA5	Q7ARA5	Q7ARA5_YERPE	0		0	direct
Q7ARA8	Q7ARA8	Q7ARA8_YERPE	0		0	direct
Q7ARB3	Q7ARB3	Q7ARB3_YERPE	0		0	direct
Q7ARB9	Q7ARB9	Q7ARB9_YERPE	0		0	direct
Q7ARD1	Q7ARD1	Q7ARD1_YERPE	0		0	direct
Q7ARD2	Q7ARD2	Q7ARD2_YERPE	0		0	direct
Q7ARD3	Q7ARD3	Q7ARD3_YERPE	0		71	direct
Q7ARD6	Q7ARD6	Q7ARD6_YERPE	0		0	direct
Q7ARE3	Q7ARE3	Q7ARE3_YERPE	0		0	direct
Q7ARE4	Q7ARE4	Q7ARE4_YERPE	0		0	direct
Q7ARE6	Q7ARE6	Q7ARE6_YERPE	0		0	direct
Q7ARF1	Q7ARF1	Q7ARF1_YERPE	0		0	direct
Q7ARF6	Q7ARF6	Q7ARF6_YERPE	0		0	direct
Q7ARG4	Q7ARG4	Q7ARG4_YERPE	0		0	direct
Q7ARH3	Q7ARH3	Q7ARH3_YERPE	2	PF01526;PF13700	771	direct
Q7ARH5	Q7ARH5	Q7ARH5_YERPE	1	PF10723	84	direct
Q7ARJ2	Q7ARJ2	Q7ARJ2_YERPE	0		139	direct
Q7ARK4	Q7ARK4	Q7ARK4_YERPE	1	PF01695	260	direct
Q7ARN5	Q7ARN5	Q7ARN5_YERPE	2	PF02796;PF00665	340	direct
Q7ARN6	Q7ARN6	Q7ARN6_YERPE	1	PF01695	259	direct
Q7BCK4	Q7BCK4	ICSA_SHIFL	4	PF18883;PF03797;PF12951;PF22364	1102	direct
Q7BMV7	Q7BMV7	Q7BMV7_NEIME	1	PF01298	497	direct
Q7BQ98	Q7BQ98	STXB_SHIDY	1	PF02258	89	direct
Q7BU69	Q7BU69	VIRA_SHIFL	1	PF06872	400	direct
Q7CFN0	Q7CFN0	Q7CFN0_YERPE	0		0	direct
Q7CFN1	Q7CFN1	Q7CFN1_YERPE	0		0	direct
Q7CFN3	Q7CFN3	Q7CFN3_YERPE	0		0	direct
Q7CFP2	Q7CFP2	Q7CFP2_YERPE	0		0	direct
Q7CFP7	Q7CFP7	Q7CFP7_YERPE	0		0	direct
Q7CFP8	Q7CFP8	Q7CFP8_YERPE	0		0	direct
Q7CFQ1	Q7CFQ1	Q7CFQ1_YERPE	0		0	direct
Q7CFQ3	Q7CFQ3	Q7CFQ3_YERPE	0		0	direct
Q7CFR2	Q7CFR2	XYLG_YERPE	1	PF00005	510	direct
Q7CFR3	Q7CFR3	Q7CFR3_YERPE	0		0	direct
Q7CFR7	Q7CFR7	Q7CFR7_YERPE	0		0	direct
Q7CFS0	Q7CFS0	Q7CFS0_YERPE	0		0	direct
Q7CFS1	Q7CFS1	Q7CFS1_YERPE	0		0	direct
Q7CFT0	Q7CFT0	Q7CFT0_YERPE	0		0	direct
Q7CFV4	Q7CFV4	Q7CFV4_YERPE	0		0	direct
Q7CFV5	Q7CFV5	Q7CFV5_YERPE	0		0	direct
Q7CFV6	Q7CFV6	Q7CFV6_YERPE	0		0	direct
Q7CFV7	Q7CFV7	Q7CFV7_YERPE	0		0	direct
Q7CFV8	Q7CFV8	Q7CFV8_YERPE	0		0	direct
Q7CFV9	Q7CFV9	Q7CFV9_YERPE	0		0	direct
Q7CFW0	Q7CFW0	Q7CFW0_YERPE	0		0	direct
Q7CFW2	Q7CFW2	Q7CFW2_YERPE	0		0	direct
Q7CFW4	Q7CFW4	Q7CFW4_YERPE	0		0	direct
Q7CFW5	Q7CFW5	Q7CFW5_YERPE	0		0	direct
Q7CFW7	Q7CFW7	Q7CFW7_YERPE	0		0	direct
Q7CFX1	Q7CFX1	Q7CFX1_YERPE	0		0	direct
Q7CFX2	Q7CFX2	Q7CFX2_YERPE	0		0	direct
Q7CFX4	Q7CFX4	Q7CFX4_YERPE	0		0	direct
Q7CFY4	Q7CFY4	Q7CFY4_YERPE	4	PF02369;PF11924;PF21764;PF01476	3013	direct
Q7CFY9	Q7CFY9	Q7CFY9_YERPE	0		0	direct
Q7CFZ2	Q7CFZ2	Q7CFZ2_YERPE	0		0	direct
Q7CFZ6	Q7CFZ6	Q7CFZ6_YERPE	0		0	direct
Q7CFZ9	Q7CFZ9	Q7CFZ9_YERPE	0		0	direct
Q7CG01	Q7CG01	Q7CG01_YERPE	0		0	direct
Q7CG03	Q7CG03	Q7CG03_YERPE	0		0	direct
Q7CG05	Q7CG05	Q7CG05_YERPE	0		0	direct
Q7CG07	Q7CG07	Q7CG07_YERPE	0		0	direct
Q7CG08	Q7CG08	Q7CG08_YERPE	0		0	direct
Q7CG09	Q7CG09	Q7CG09_YERPE	0		0	direct
Q7CG16	Q7CG16	Q7CG16_YERPE	0		0	direct
Q7CG19	Q7CG19	Q7CG19_YERPE	0		0	direct
Q7CG20	Q7CG20	Q7CG20_YERPE	0		0	direct
Q7CG21	Q7CG21	Q7CG21_YERPE	0		0	direct
Q7CG26	Q7CG26	Q7CG26_YERPE	0		0	direct
Q7CG32	Q7CG32	Q7CG32_YERPE	0		0	direct
Q7CG38	Q7CG38	Q7CG38_YERPE	0		0	direct
Q7CG39	Q7CG39	Q7CG39_YERPE	0		0	direct
Q7CG44	Q7CG44	Q7CG44_YERPE	0		0	direct
Q7CG45	Q7CG45	Q7CG45_YERPE	0		0	direct
Q7CG52	Q7CG52	Q7CG52_YERPE	0		0	direct
Q7CG54	Q7CG54	Q7CG54_YERPE	0		0	direct
Q7CG57	Q7CG57	Q7CG57_YERPE	0		0	direct
Q7CG60	Q7CG60	Q7CG60_YERPE	0		0	direct
Q7CG61	Q7CG61	Q7CG61_YERPE	0		0	direct
Q7CG67	Q7CG67	Q7CG67_YERPE	0		0	direct
Q7CG77	Q7CG77	NHAA_YERPE	1	PF06965	394	direct
Q7CG79	Q7CG79	Q7CG79_YERPE	0		0	direct
Q7CG87	Q7CG87	SURA_YERPE	2	PF00639;PF09312	434	direct
Q7CG90	Q7CG90	Q7CG90_YERPE	0		0	direct
Q7CG91	Q7CG91	Q7CG91_YERPE	0		0	direct
Q7CG92	Q7CG92	Q7CG92_YERPE	0		0	direct
Q7CG93	Q7CG93	Q7CG93_YERPE	0		0	direct
Q7CG96	Q7CG96	Q7CG96_YERPE	0		0	direct
Q7CG97	Q7CG97	Q7CG97_YERPE	0		0	direct
Q7CG98	Q7CG98	Q7CG98_YERPE	0		0	direct
Q7CGA4	Q7CGA4	Q7CGA4_YERPE	0		0	direct
Q7CGA8	Q7CGA8	Q7CGA8_YERPE	0		0	direct
Q7CGA9	Q7CGA9	Q7CGA9_YERPE	0		0	direct
Q7CGB3	Q7CGB3	Q7CGB3_YERPE	0		0	direct
Q7CGB6	Q7CGB6	SECA_YERPE	5	PF21090;PF02810;PF07517;PF01043;PF07516	904	direct
Q7CGC5	Q7CGC5	Q7CGC5_YERPE	0		0	direct
Q7CGC7	Q7CGC7	Q7CGC7_YERPE	0		0	direct
Q7CGD0	Q7CGD0	Q7CGD0_YERPE	0		0	direct
Q7CGD3	Q7CGD3	Q7CGD3_YERPE	0		0	direct
Q7CGD4	Q7CGD4	Q7CGD4_YERPE	0		0	direct
Q7CGD9	Q7CGD9	CDIA_YERPE	5	PF13018;PF05594;PF13332;PF04829;PF05860	3295	direct
Q7CGE5	Q7CGE5	Q7CGE5_YERPE	0		0	direct
Q7CGF0	Q7CGF0	Q7CGF0_YERPE	0		0	direct
Q7CGF2	Q7CGF2	Q7CGF2_YERPE	0		0	direct
Q7CGF4	Q7CGF4	Q7CGF4_YERPE	0		0	direct
Q7CGG1	Q7CGG1	Q7CGG1_YERPE	0		0	direct
Q7CGG3	Q7CGG3	Q7CGG3_YERPE	0		0	direct
Q7CGG5	Q7CGG5	Q7CGG5_YERPE	0		0	direct
Q7CGG9	Q7CGG9	Q7CGG9_YERPE	0		0	direct
Q7CGH1	Q7CGH1	Y661_YERPE	1	PF06693	227	direct
Q7CGH3	Q7CGH3	Q7CGH3_YERPE	0		0	direct
Q7CGH6	Q7CGH6	Q7CGH6_YERPE	0		0	direct
Q7CGH7	Q7CGH7	Q7CGH7_YERPE	0		0	direct
Q7CGH9	Q7CGH9	Q7CGH9_YERPE	0		0	direct
Q7CGI0	Q7CGI0	FTSP_YERPE	2	PF07731;PF07732	474	direct
Q7CGI3	Q7CGI3	Q7CGI3_YERPE	0		0	direct
Q7CGI4	Q7CGI4	Q7CGI4_YERPE	0		0	direct
Q7CGI7	Q7CGI7	Q7CGI7_YERPE	0		0	direct
Q7CGJ4	Q7CGJ4	Q7CGJ4_YERPE	0		0	direct
Q7CGJ6	Q7CGJ6	Q7CGJ6_YERPE	0		0	direct
Q7CGJ8	Q7CGJ8	Q7CGJ8_YERPE	0		0	direct
Q7CGK0	Q7CGK0	Q7CGK0_YERPE	0		0	direct
Q7CGK2	Q7CGK2	Q7CGK2_YERPE	0		0	direct
Q7CGK6	Q7CGK6	Q7CGK6_YERPE	0		0	direct
Q7CGK8	Q7CGK8	Q7CGK8_YERPE	0		0	direct
Q7CGL3	Q7CGL3	Q7CGL3_YERPE	0		0	direct
Q7CGL8	Q7CGL8	Q7CGL8_YERPE	0		0	direct
Q7CGL9	Q7CGL9	Q7CGL9_YERPE	0		0	direct
Q7CGM2	Q7CGM2	Q7CGM2_YERPE	0		0	direct
Q7CGN1	Q7CGN1	Q7CGN1_YERPE	0		0	direct
Q7CGN3	Q7CGN3	Q7CGN3_YERPE	0		0	direct
Q7CGN6	Q7CGN6	Q7CGN6_YERPE	0		0	direct
Q7CGN7	Q7CGN7	Q7CGN7_YERPE	0		0	direct
Q7CGN8	Q7CGN8	Q7CGN8_YERPE	0		0	direct
Q7CGP1	Q7CGP1	Q7CGP1_YERPE	0		0	direct
Q7CGQ2	Q7CGQ2	Q7CGQ2_YERPE	0		0	direct
Q7CGQ3	Q7CGQ3	Q7CGQ3_YERPE	0		0	direct
Q7CGQ9	Q7CGQ9	Q7CGQ9_YERPE	0		0	direct
Q7CGR6	Q7CGR6	Q7CGR6_YERPE	0		0	direct
Q7CGR8	Q7CGR8	Q7CGR8_YERPE	0		0	direct
Q7CGR9	Q7CGR9	Q7CGR9_YERPE	0		0	direct
Q7CGS4	Q7CGS4	E4PD_YERPE	2	PF02800;PF00044	338	direct
Q7CGS6	Q7CGS6	Q7CGS6_YERPE	0		0	direct
Q7CGS8	Q7CGS8	Q7CGS8_YERPE	0		0	direct
Q7CGS9	Q7CGS9	Q7CGS9_YERPE	0		0	direct
Q7CGT0	Q7CGT0	Q7CGT0_YERPE	0		0	direct
Q7CGT3	Q7CGT3	YGFZ_YERPE	1	PF21130	330	direct
Q7CGT6	Q7CGT6	Q7CGT6_YERPE	2	PF00072;PF00486	233	direct
Q7CGT9	Q7CGT9	Q7CGT9_YERPE	0		0	direct
Q7CGU0	Q7CGU0	Q7CGU0_YERPE	0		0	direct
Q7CGU5	Q7CGU5	Q7CGU5_YERPE	0		0	direct
Q7CGU7	Q7CGU7	Q7CGU7_YERPE	0		0	direct
Q7CGV2	Q7CGV2	Q7CGV2_YERPE	0		0	direct
Q7CGV8	Q7CGV8	Q7CGV8_YERPE	0		0	direct
Q7CGV9	Q7CGV9	Q7CGV9_YERPE	0		0	direct
Q7CGW1	Q7CGW1	Q7CGW1_YERPE	0		0	direct
Q7CGW5	Q7CGW5	Q7CGW5_YERPE	0		0	direct
Q7CGW6	Q7CGW6	Q7CGW6_YERPE	0		0	direct
Q7CGW7	Q7CGW7	Q7CGW7_YERPE	0		0	direct
Q7CGW9	Q7CGW9	Q7CGW9_YERPE	0		0	direct
Q7CGX1	Q7CGX1	Q7CGX1_YERPE	0		0	direct
Q7CGX2	Q7CGX2	Q7CGX2_YERPE	0		0	direct
Q7CGX5	Q7CGX5	Q7CGX5_YERPE	0		0	direct
Q7CGX7	Q7CGX7	Q7CGX7_YERPE	0		0	direct
Q7CGY5	Q7CGY5	Q7CGY5_YERPE	0		0	direct
Q7CGZ1	Q7CGZ1	Q7CGZ1_YERPE	0		0	direct
Q7CGZ2	Q7CGZ2	LPLT_YERPE	1	PF07690	406	direct
Q7CGZ5	Q7CGZ5	Q7CGZ5_YERPE	0		0	direct
Q7CH00	Q7CH00	Q7CH00_YERPE	0		0	direct
Q7CH18	Q7CH18	Q7CH18_YERPE	0		0	direct
Q7CH24	Q7CH24	Q7CH24_YERPE	0		0	direct
Q7CH25	Q7CH25	SYP_YERPE	3	PF03129;PF00587;PF04073	572	direct
Q7CH26	Q7CH26	Q7CH26_YERPE	0		0	direct
Q7CH40	Q7CH40	GRPE_YERPE	1	PF01025	192	direct
Q7CH41	Q7CH41	Q7CH41_YERPE	0		0	direct
Q7CH44	Q7CH44	Q7CH44_YERPE	0		0	direct
Q7CH46	Q7CH46	Q7CH46_YERPE	0		0	direct
Q7CH54	Q7CH54	Q7CH54_YERPE	0		0	direct
Q7CH58	Q7CH58	Q7CH58_YERPE	0		0	direct
Q7CH71	Q7CH71	Q7CH71_YERPE	0		0	direct
Q7CH74	Q7CH74	Q7CH74_YERPE	0		0	direct
Q7CH75	Q7CH75	Q7CH75_YERPE	2	PF01565;PF09330	571	direct
Q7CH84	Q7CH84	Q7CH84_YERPE	0		0	direct
Q7CH88	Q7CH88	Q7CH88_YERPE	0		0	direct
Q7CH90	Q7CH90	Q7CH90_YERPE	0		0	direct
Q7CH91	Q7CH91	Q7CH91_YERPE	0		0	direct
Q7CH92	Q7CH92	Q7CH92_YERPE	0		0	direct
Q7CH95	Q7CH95	Q7CH95_YERPE	0		0	direct
Q7CH96	Q7CH96	Q7CH96_YERPE	0		0	direct
Q7CH97	Q7CH97	Q7CH97_YERPE	0		0	direct
Q7CHA0	Q7CHA0	Q7CHA0_YERPE	1	PF00267	374	direct
Q7CHA3	Q7CHA3	Q7CHA3_YERPE	0		0	direct
Q7CHB4	Q7CHB4	Q7CHB4_YERPE	0		0	direct
Q7CHB5	Q7CHB5	Q7CHB5_YERPE	0		0	direct
Q7CHB7	Q7CHB7	Q7CHB7_YERPE	0		0	direct
Q7CHC3	Q7CHC3	Q7CHC3_YERPE	0		0	direct
Q7CHC4	Q7CHC4	Q7CHC4_YERPE	0		0	direct
Q7CHC7	Q7CHC7	Q7CHC7_YERPE	0		0	direct
Q7CHC8	Q7CHC8	Q7CHC8_YERPE	0		0	direct
Q7CHD2	Q7CHD2	Q7CHD2_YERPE	0		0	direct
Q7CHD3	Q7CHD3	Q7CHD3_YERPE	0		0	direct
Q7CHD7	Q7CHD7	Q7CHD7_YERPE	0		0	direct
Q7CHD8	Q7CHD8	Q7CHD8_YERPE	0		0	direct
Q7CHD9	Q7CHD9	Q7CHD9_YERPE	0		0	direct
Q7CHE1	Q7CHE1	Q7CHE1_YERPE	0		0	direct
Q7CHE2	Q7CHE2	Q7CHE2_YERPE	0		0	direct
Q7CHE5	Q7CHE5	Q7CHE5_YERPE	0		0	direct
Q7CHE6	Q7CHE6	Q7CHE6_YERPE	0		0	direct
Q7CHE8	Q7CHE8	Q7CHE8_YERPE	0		0	direct
Q7CHF5	Q7CHF5	Q7CHF5_YERPE	0		0	direct
Q7CHF6	Q7CHF6	Q7CHF6_YERPE	0		0	direct
Q7CHF8	Q7CHF8	METN2_YERPE	2	PF00005;PF09383	328	direct
Q7CHG1	Q7CHG1	Q7CHG1_YERPE	0		0	direct
Q7CHG5	Q7CHG5	Q7CHG5_YERPE	0		0	direct
Q7CHH1	Q7CHH1	Q7CHH1_YERPE	0		0	direct
Q7CHH7	Q7CHH7	Q7CHH7_YERPE	0		0	direct
Q7CHH9	Q7CHH9	Q7CHH9_YERPE	0		0	direct
Q7CHI5	Q7CHI5	Q7CHI5_YERPE	2	PF00664;PF00005	594	direct
Q7CHI6	Q7CHI6	Q7CHI6_YERPE	0		0	direct
Q7CHI7	Q7CHI7	Q7CHI7_YERPE	0		0	direct
Q7CHI8	Q7CHI8	Q7CHI8_YERPE	0		0	direct
Q7CHJ5	Q7CHJ5	Q7CHJ5_YERPE	0		0	direct
Q7CHK1	Q7CHK1	Q7CHK1_YERPE	0		0	direct
Q7CHK4	Q7CHK4	Q7CHK4_YERPE	0		0	direct
Q7CHK6	Q7CHK6	Q7CHK6_YERPE	0		0	direct
Q7CHK7	Q7CHK7	RLMKL_YERPE	4	PF10672;PF22020;PF02926;PF01170	706	direct
Q7CHL3	Q7CHL3	Q7CHL3_YERPE	0		0	direct
Q7CHL6	Q7CHL6	Q7CHL6_YERPE	0		0	direct
Q7CHM0	Q7CHM0	HSPQ_YERPE	1	PF08755	105	direct
Q7CHM6	Q7CHM6	Q7CHM6_YERPE	0		0	direct
Q7CHM9	Q7CHM9	Q7CHM9_YERPE	0		0	direct
Q7CHN0	Q7CHN0	Q7CHN0_YERPE	0		0	direct
Q7CHN2	Q7CHN2	Q7CHN2_YERPE	0		0	direct
Q7CHN7	Q7CHN7	Q7CHN7_YERPE	0		0	direct
Q7CHP0	Q7CHP0	Q7CHP0_YERPE	0		0	direct
Q7CHP1	Q7CHP1	Q7CHP1_YERPE	0		0	direct
Q7CHQ0	Q7CHQ0	Q7CHQ0_YERPE	0		0	direct
Q7CHR0	Q7CHR0	Q7CHR0_YERPE	0		0	direct
Q7CHR2	Q7CHR2	Q7CHR2_YERPE	0		0	direct
Q7CHR3	Q7CHR3	Q7CHR3_YERPE	0		0	direct
Q7CHR5	Q7CHR5	Q7CHR5_YERPE	0		0	direct
Q7CHR8	Q7CHR8	Q7CHR8_YERPE	0		0	direct
Q7CHR9	Q7CHR9	Q7CHR9_YERPE	0		0	direct
Q7CHS1	Q7CHS1	Q7CHS1_YERPE	0		0	direct
Q7CHS3	Q7CHS3	Q7CHS3_YERPE	0		0	direct
Q7CHS5	Q7CHS5	Q7CHS5_YERPE	0		0	direct
Q7CHS9	Q7CHS9	Q7CHS9_YERPE	0		0	direct
Q7CHU1	Q7CHU1	MTFA_YERPE	1	PF06167	270	direct
Q7CHU3	Q7CHU3	Q7CHU3_YERPE	0		0	direct
Q7CHV2	Q7CHV2	Q7CHV2_YERPE	0		0	direct
Q7CHV3	Q7CHV3	Q7CHV3_YERPE	0		0	direct
Q7CHV4	Q7CHV4	Q7CHV4_YERPE	0		0	direct
Q7CHV7	Q7CHV7	Q7CHV7_YERPE	0		0	direct
Q7CHV8	Q7CHV8	Q7CHV8_YERPE	0		0	direct
Q7CHW1	Q7CHW1	Q7CHW1_YERPE	0		0	direct
Q7CHW3	Q7CHW3	Q7CHW3_YERPE	0		0	direct
Q7CHW4	Q7CHW4	PURT_YERPE	3	PF02222;PF21244;PF22660	393	direct
Q7CHW5	Q7CHW5	Q7CHW5_YERPE	0		0	direct
Q7CHX2	Q7CHX2	Q7CHX2_YERPE	0		0	direct
Q7CHX7	Q7CHX7	Q7CHX7_YERPE	0		0	direct
Q7CHX9	Q7CHX9	Q7CHX9_YERPE	0		0	direct
Q7CHY1	Q7CHY1	Q7CHY1_YERPE	0		0	direct
Q7CHY3	Q7CHY3	Q7CHY3_YERPE	0		0	direct
Q7CHY4	Q7CHY4	Q7CHY4_YERPE	0		0	direct
Q7CHZ0	Q7CHZ0	Q7CHZ0_YERPE	0		0	direct
Q7CHZ4	Q7CHZ4	Q7CHZ4_YERPE	0		0	direct
Q7CHZ9	Q7CHZ9	Q7CHZ9_YERPE	0		0	direct
Q7CI00	Q7CI00	Q7CI00_YERPE	0		0	direct
Q7CI04	Q7CI04	Q7CI04_YERPE	0		0	direct
Q7CI05	Q7CI05	Q7CI05_YERPE	0		0	direct
Q7CI17	Q7CI17	Q7CI17_YERPE	0		0	direct
Q7CI41	Q7CI41	Q7CI41_YERPE	0		0	direct
Q7CI82	Q7CI82	Q7CI82_YERPE	0		0	direct
Q7CI85	Q7CI85	Q7CI85_YERPE	0		0	direct
Q7CI92	Q7CI92	Q7CI92_YERPE	0		0	direct
Q7CIA0	Q7CIA0	Q7CIA0_YERPE	0		0	direct
Q7CIA2	Q7CIA2	PRMC_YERPE	2	PF13847;PF17827	276	direct
Q7CIA4	Q7CIA4	Q7CIA4_YERPE	0		0	direct
Q7CIB4	Q7CIB4	Q7CIB4_YERPE	0		0	direct
Q7CIB9	Q7CIB9	Q7CIB9_YERPE	0		0	direct
Q7CIC0	Q7CIC0	Q7CIC0_YERPE	0		0	direct
Q7CIC2	Q7CIC2	ZNUC_YERPE	1	PF00005	253	direct
Q7CIC4	Q7CIC4	Q7CIC4_YERPE	0		0	direct
Q7CIC5	Q7CIC5	Q7CIC5_YERPE	0		0	direct
Q7CIC8	Q7CIC8	Q7CIC8_YERPE	0		0	direct
Q7CID4	Q7CID4	Q7CID4_YERPE	0		0	direct
Q7CIE3	Q7CIE3	Q7CIE3_YERPE	0		0	direct
Q7CIE5	Q7CIE5	Q7CIE5_YERPE	0		0	direct
Q7CIF0	Q7CIF0	Q7CIF0_YERPE	0		0	direct
Q7CIF5	Q7CIF5	Q7CIF5_YERPE	0		0	direct
Q7CIG0	Q7CIG0	Q7CIG0_YERPE	0		0	direct
Q7CIG7	Q7CIG7	Q7CIG7_YERPE	0		0	direct
Q7CIG9	Q7CIG9	Q7CIG9_YERPE	1	PF00892	373	direct
Q7CIH0	Q7CIH0	Q7CIH0_YERPE	0		0	direct
Q7CIH3	Q7CIH3	Q7CIH3_YERPE	0		0	direct
Q7CIH9	Q7CIH9	Q7CIH9_YERPE	0		0	direct
Q7CII5	Q7CII5	Q7CII5_YERPE	0		0	direct
Q7CII8	Q7CII8	Q7CII8_YERPE	0		0	direct
Q7CII9	Q7CII9	Q7CII9_YERPE	0		0	direct
Q7CIK1	Q7CIK1	Q7CIK1_YERPE	0		0	direct
Q7CIK3	Q7CIK3	Q7CIK3_YERPE	0		0	direct
Q7CIL3	Q7CIL3	Q7CIL3_YERPE	0		0	direct
Q7CIL5	Q7CIL5	Q7CIL5_YERPE	0		0	direct
Q7CIL8	Q7CIL8	Q7CIL8_YERPE	0		0	direct
Q7CIM3	Q7CIM3	Q7CIM3_YERPE	0		0	direct
Q7CIN4	Q7CIN4	Q7CIN4_YERPE	0		0	direct
Q7CIP6	Q7CIP6	Q7CIP6_YERPE	1	PF00893	112	direct
Q7CIP7	Q7CIP7	Q7CIP7_YERPE	0		0	direct
Q7CIP9	Q7CIP9	Q7CIP9_YERPE	0		0	direct
Q7CIQ1	Q7CIQ1	Q7CIQ1_YERPE	0		0	direct
Q7CIQ5	Q7CIQ5	Q7CIQ5_YERPE	0		0	direct
Q7CIR2	Q7CIR2	Q7CIR2_YERPE	0		0	direct
Q7CIS2	Q7CIS2	PURR_YERPE	2	PF00356;PF13377	341	direct
Q7CIS3	Q7CIS3	Q7CIS3_YERPE	0		0	direct
Q7CIS4	Q7CIS4	Q7CIS4_YERPE	0		0	direct
Q7CIS8	Q7CIS8	Q7CIS8_YERPE	0		0	direct
Q7CIT1	Q7CIT1	Q7CIT1_YERPE	0		0	direct
Q7CIT3	Q7CIT3	Q7CIT3_YERPE	0		0	direct
Q7CIT4	Q7CIT4	Q7CIT4_YERPE	0		0	direct
Q7CIT9	Q7CIT9	ARND_YERPE	1	PF01522	301	direct
Q7CIU3	Q7CIU3	Q7CIU3_YERPE	0		0	direct
Q7CIU4	Q7CIU4	Q7CIU4_YERPE	0		0	direct
Q7CIU9	Q7CIU9	Q7CIU9_YERPE	0		0	direct
Q7CIW0	Q7CIW0	Q7CIW0_YERPE	0		0	direct
Q7CIW1	Q7CIW1	Q7CIW1_YERPE	0		0	direct
Q7CIW3	Q7CIW3	Q7CIW3_YERPE	0		0	direct
Q7CIW9	Q7CIW9	Q7CIW9_YERPE	0		0	direct
Q7CIX7	Q7CIX7	Q7CIX7_YERPE	0		0	direct
Q7CIX9	Q7CIX9	CHEZ_YERPE	1	PF04344	214	direct
Q7CIY0	Q7CIY0	Q7CIY0_YERPE	0		0	direct
Q7CIY2	Q7CIY2	Q7CIY2_YERPE	0		0	direct
Q7CIY4	Q7CIY4	Q7CIY4_YERPE	0		0	direct
Q7CIY7	Q7CIY7	Q7CIY7_YERPE	0		0	direct
Q7CIZ0	Q7CIZ0	Q7CIZ0_YERPE	0		0	direct
Q7CIZ2	Q7CIZ2	Q7CIZ2_YERPE	0		0	direct
Q7CIZ3	Q7CIZ3	BGAL_YERPE	5	PF02929;PF00703;PF02836;PF02837;PF16353	1060	direct
Q7CIZ7	Q7CIZ7	Q7CIZ7_YERPE	1	PF00328	441	direct
Q7CJ05	Q7CJ05	Q7CJ05_YERPE	2	PF02687;PF12704	416	direct
Q7CJ25	Q7CJ25	Q7CJ25_YERPE	0		0	direct
Q7CJ27	Q7CJ27	Q7CJ27_YERPE	0		0	direct
Q7CJ39	Q7CJ39	Q7CJ39_YERPE	0		0	direct
Q7CJ40	Q7CJ40	Q7CJ40_YERPE	0		0	direct
Q7CJ43	Q7CJ43	Q7CJ43_YERPE	0		0	direct
Q7CJ44	Q7CJ44	Q7CJ44_YERPE	0		0	direct
Q7CJ45	Q7CJ45	Q7CJ45_YERPE	0		0	direct
Q7CJ53	Q7CJ53	Q7CJ53_YERPE	0		0	direct
Q7CJ58	Q7CJ58	Q7CJ58_YERPE	0		0	direct
Q7CJ60	Q7CJ60	Q7CJ60_YERPE	0		0	direct
Q7CJ67	Q7CJ67	Q7CJ67_YERPE	0		0	direct
Q7CJ72	Q7CJ72	RLMF_YERPE	1	PF05971	336	direct
Q7CJ74	Q7CJ74	Q7CJ74_YERPE	0		0	direct
Q7CJ76	Q7CJ76	MEND_YERPE	3	PF02775;PF16582;PF02776	567	direct
Q7CJ81	Q7CJ81	Q7CJ81_YERPE	0		0	direct
Q7CJ95	Q7CJ95	Q7CJ95_YERPE	0		0	direct
Q7CJ96	Q7CJ96	PTA_YERPE	3	PF13500;PF07085;PF01515	717	direct
Q7CJ97	Q7CJ97	Q7CJ97_YERPE	0		0	direct
Q7CJ99	Q7CJ99	Q7CJ99_YERPE	0		0	direct
Q7CJA6	Q7CJA6	Q7CJA6_YERPE	0		0	direct
Q7CJB1	Q7CJB1	Q7CJB1_YERPE	0		0	direct
Q7CJB2	Q7CJB2	Q7CJB2_YERPE	0		0	direct
Q7CJC6	Q7CJC6	Q7CJC6_YERPE	0		0	direct
Q7CJC9	Q7CJC9	Q7CJC9_YERPE	0		0	direct
Q7CJD2	Q7CJD2	Q7CJD2_YERPE	0		0	direct
Q7CJD3	Q7CJD3	Q7CJD3_YERPE	1	PF00419	343	direct
Q7CJE3	Q7CJE3	Q7CJE3_YERPE	0		0	direct
Q7CJE4	Q7CJE4	Q7CJE4_YERPE	0		0	direct
Q7CJE7	Q7CJE7	Q7CJE7_YERPE	0		0	direct
Q7CJE8	Q7CJE8	Q7CJE8_YERPE	0		0	direct
Q7CJE9	Q7CJE9	Q7CJE9_YERPE	0		0	direct
Q7CJF3	Q7CJF3	DNLJ_YERPE	7	PF00533;PF01653;PF03119;PF12826;PF14520;PF22745;PF03120	670	direct
Q7CJF5	Q7CJF5	Q7CJF5_YERPE	0		0	direct
Q7CJF6	Q7CJF6	Q7CJF6_YERPE	0		0	direct
Q7CJF7	Q7CJF7	Q7CJF7_YERPE	0		0	direct
Q7CJG1	Q7CJG1	Q7CJG1_YERPE	0		0	direct
Q7CJG2	Q7CJG2	Q7CJG2_YERPE	0		0	direct
Q7CJG3	Q7CJG3	MACB2_YERPE	3	PF00005;PF02687;PF12704	678	direct
Q7CJH0	Q7CJH0	Q7CJH0_YERPE	0		0	direct
Q7CJH1	Q7CJH1	Q7CJH1_YERPE	0		0	direct
Q7CJH4	Q7CJH4	Q7CJH4_YERPE	0		0	direct
Q7CJH7	Q7CJH7	Q7CJH7_YERPE	0		0	direct
Q7CJI0	Q7CJI0	Q7CJI0_YERPE	0		0	direct
Q7CJI3	Q7CJI3	Q7CJI3_YERPE	0		0	direct
Q7CJI6	Q7CJI6	Q7CJI6_YERPE	0		0	direct
Q7CJJ2	Q7CJJ2	Q7CJJ2_YERPE	0		0	direct
Q7CJK1	Q7CJK1	Q7CJK1_YERPE	0		0	direct
Q7CJK2	Q7CJK2	Q7CJK2_YERPE	0		0	direct
Q7CJK4	Q7CJK4	Q7CJK4_YERPE	0		0	direct
Q7CJK5	Q7CJK5	Q7CJK5_YERPE	0		0	direct
Q7CJK6	Q7CJK6	Q7CJK6_YERPE	0		0	direct
Q7CJM5	Q7CJM5	BAMB_YERPE	1	PF13360	393	direct
Q7CJM9	Q7CJM9	RLMN_YERPE	2	PF04055;PF21016	398	direct
Q7CJP7	Q7CJP7	Q7CJP7_YERPE	0		0	direct
Q7CJQ0	Q7CJQ0	Q7CJQ0_YERPE	0		0	direct
Q7CJQ7	Q7CJQ7	Q7CJQ7_YERPE	0		0	direct
Q7CJQ8	Q7CJQ8	Q7CJQ8_YERPE	0		0	direct
Q7CJR5	Q7CJR5	Q7CJR5_YERPE	0		0	direct
Q7CJR6	Q7CJR6	Q7CJR6_YERPE	0		0	direct
Q7CJS6	Q7CJS6	Q7CJS6_YERPE	0		0	direct
Q7CJS7	Q7CJS7	Q7CJS7_YERPE	0		0	direct
Q7CJT3	Q7CJT3	Q7CJT3_YERPE	0		0	direct
Q7CJU0	Q7CJU0	Q7CJU0_YERPE	0		0	direct
Q7CJU1	Q7CJU1	Q7CJU1_YERPE	0		0	direct
Q7CJU2	Q7CJU2	Q7CJU2_YERPE	0		0	direct
Q7CJU3	Q7CJU3	Q7CJU3_YERPE	0		0	direct
Q7CJU5	Q7CJU5	Q7CJU5_YERPE	0		0	direct
Q7CJU6	Q7CJU6	Q7CJU6_YERPE	0		0	direct
Q7CJU8	Q7CJU8	Q7CJU8_YERPE	0		0	direct
Q7CJU9	Q7CJU9	Q7CJU9_YERPE	0		0	direct
Q7CJV2	Q7CJV2	LPTE_YERPE	1	PF04390	207	direct
Q7CJV3	Q7CJV3	Q7CJV3_YERPE	0		0	direct
Q7CJV9	Q7CJV9	Q7CJV9_YERPE	0		0	direct
Q7CJW2	Q7CJW2	Q7CJW2_YERPE	0		0	direct
Q7CJX4	Q7CJX4	Q7CJX4_YERPE	0		0	direct
Q7CJX6	Q7CJX6	Q7CJX6_YERPE	0		0	direct
Q7CJX7	Q7CJX7	Q7CJX7_YERPE	0		0	direct
Q7CK09	Q7CK09	Q7CK09_YERPE	1	PF00483	261	direct
Q7CK42	Q7CK42	Q7CK42_YERPE	0		0	direct
Q7CK43	Q7CK43	Q7CK43_YERPE	0		0	direct
Q7CK47	Q7CK47	Q7CK47_YERPE	0		0	direct
Q7CK49	Q7CK49	Q7CK49_YERPE	0		0	direct
Q7CK51	Q7CK51	Q7CK51_YERPE	0		0	direct
Q7CK53	Q7CK53	Q7CK53_YERPE	0		0	direct
Q7CK63	Q7CK63	Q7CK63_YERPE	0		0	direct
Q7CK66	Q7CK66	Q7CK66_YERPE	0		0	direct
Q7CK70	Q7CK70	Q7CK70_YERPE	0		0	direct
Q7CK71	Q7CK71	Q7CK71_YERPE	0		0	direct
Q7CK73	Q7CK73	Q7CK73_YERPE	0		0	direct
Q7CK75	Q7CK75	Q7CK75_YERPE	0		0	direct
Q7CK82	Q7CK82	Q7CK82_YERPE	0		0	direct
Q7CK92	Q7CK92	Q7CK92_YERPE	1	PF01578	297	direct
Q7CK96	Q7CK96	Q7CK96_YERPE	0		0	direct
Q7CKA0	Q7CKA0	Q7CKA0_YERPE	0		0	direct
Q7CKA1	Q7CKA1	Q7CKA1_YERPE	0		0	direct
Q7CKA2	Q7CKA2	Q7CKA2_YERPE	0		0	direct
Q7CKA9	Q7CKA9	Q7CKA9_YERPE	0		0	direct
Q7CKB2	Q7CKB2	Q7CKB2_YERPE	0		0	direct
Q7CKB3	Q7CKB3	Q7CKB3_YERPE	0		0	direct
Q7CKB5	Q7CKB5	Q7CKB5_YERPE	0		0	direct
Q7CKB7	Q7CKB7	Q7CKB7_YERPE	0		0	direct
Q7CKB8	Q7CKB8	Q7CKB8_YERPE	0		0	direct
Q7CKC3	Q7CKC3	Q7CKC3_YERPE	0		0	direct
Q7CKC7	Q7CKC7	Q7CKC7_YERPE	4	PF00140;PF04542;PF04539;PF04545	332	direct
Q7CKC8	Q7CKC8	Q7CKC8_YERPE	2	PF01476;PF01551	333	direct
Q7CKD1	Q7CKD1	Q7CKD1_YERPE	0		0	direct
Q7CKD2	Q7CKD2	Q7CKD2_YERPE	0		0	direct
Q7CKD3	Q7CKD3	Q7CKD3_YERPE	0		0	direct
Q7CKD4	Q7CKD4	MTNN_YERPE	1	PF01048	233	direct
Q7CKD5	Q7CKD5	Q7CKD5_YERPE	0		0	direct
Q7CKE4	Q7CKE4	Q7CKE4_YERPE	0		0	direct
Q7CKE6	Q7CKE6	Q7CKE6_YERPE	0		0	direct
Q7CKF7	Q7CKF7	Q7CKF7_YERPE	0		0	direct
Q7CKF8	Q7CKF8	Q7CKF8_YERPE	0		0	direct
Q7CKG1	Q7CKG1	Q7CKG1_YERPE	0		0	direct
Q7CKG6	Q7CKG6	Q7CKG6_YERPE	0		0	direct
Q7CKG9	Q7CKG9	Q7CKG9_YERPE	0		0	direct
Q7CKH1	Q7CKH1	Q7CKH1_YERPE	0		0	direct
Q7CKH4	Q7CKH4	Q7CKH4_YERPE	0		0	direct
Q7CKH5	Q7CKH5	Q7CKH5_YERPE	0		0	direct
Q7CKH8	Q7CKH8	Q7CKH8_YERPE	0		0	direct
Q7CKH9	Q7CKH9	Q7CKH9_YERPE	0		0	direct
Q7CKJ7	Q7CKJ7	Q7CKJ7_YERPE	0		0	direct
Q7CKJ8	Q7CKJ8	Q7CKJ8_YERPE	0		0	direct
Q7CKK2	Q7CKK2	Q7CKK2_YERPE	0		0	direct
Q7CKK4	Q7CKK4	Q7CKK4_YERPE	0		0	direct
Q7CKK6	Q7CKK6	Q7CKK6_YERPE	0		0	direct
Q7CKK9	Q7CKK9	Q7CKK9_YERPE	0		0	direct
Q7CKL1	Q7CKL1	Q7CKL1_YERPE	0		0	direct
Q7CKL8	Q7CKL8	Q7CKL8_YERPE	0		0	direct
Q7CKM5	Q7CKM5	Q7CKM5_YERPE	0		0	direct
Q7CKM6	Q7CKM6	Q7CKM6_YERPE	0		0	direct
Q7CKN1	Q7CKN1	Q7CKN1_YERPE	0		0	direct
Q7CKP0	Q7CKP0	Q7CKP0_YERPE	0		0	direct
Q7CKP1	Q7CKP1	Q7CKP1_YERPE	0		0	direct
Q7CKP5	Q7CKP5	UBIA_YERPE	1	PF01040	288	direct
Q7CKP6	Q7CKP6	Q7CKP6_YERPE	0		0	direct
Q7CKP7	Q7CKP7	Q7CKP7_YERPE	0		0	direct
Q7CKQ0	Q7CKQ0	Q7CKQ0_YERPE	0		0	direct
Q7CKQ1	Q7CKQ1	Q7CKQ1_YERPE	0		0	direct
Q7CKQ3	Q7CKQ3	Q7CKQ3_YERPE	0		0	direct
Q7CKQ6	Q7CKQ6	Q7CKQ6_YERPE	0		0	direct
Q7CKR0	Q7CKR0	Q7CKR0_YERPE	0		0	direct
Q7CKR1	Q7CKR1	Q7CKR1_YERPE	0		0	direct
Q7CKS5	Q7CKS5	Q7CKS5_YERPE	0		0	direct
Q7CKU7	Q7CKU7	Q7CKU7_YERPE	0		0	direct
Q7CKV2	Q7CKV2	Q7CKV2_YERPE	0		0	direct
Q7CKV4	Q7CKV4	Q7CKV4_YERPE	0		0	direct
Q7CKV6	Q7CKV6	UGPA_YERPE	1	PF00528	295	direct
Q7CKW7	Q7CKW7	Q7CKW7_YERPE	0		0	direct
Q7CKY1	Q7CKY1	Q7CKY1_YERPE	0		0	direct
Q7CKY2	Q7CKY2	Q7CKY2_YERPE	1	PF09370	280	direct
Q7CKY7	Q7CKY7	Q7CKY7_YERPE	0		0	direct
Q7CKY8	Q7CKY8	Q7CKY8_YERPE	0		0	direct
Q7CKZ0	Q7CKZ0	Q7CKZ0_YERPE	0		0	direct
Q7CKZ1	Q7CKZ1	Q7CKZ1_YERPE	0		0	direct
Q7CKZ2	Q7CKZ2	Q7CKZ2_YERPE	0		0	direct
Q7CKZ4	Q7CKZ4	Q7CKZ4_YERPE	0		0	direct
Q7CKZ7	Q7CKZ7	Q7CKZ7_YERPE	0		0	direct
Q7CL03	Q7CL03	Q7CL03_YERPE	0		0	direct
Q7CL05	Q7CL05	Q7CL05_YERPE	0		0	direct
Q7CL06	Q7CL06	Q7CL06_YERPE	0		0	direct
Q7CL07	Q7CL07	Q7CL07_YERPE	0		0	direct
Q7CL14	Q7CL14	Q7CL14_YERPE	0		0	direct
Q7CL16	Q7CL16	Q7CL16_YERPE	0		0	direct
Q7CL18	Q7CL18	Q7CL18_YERPE	0		0	direct
Q7CL26	Q7CL26	Q7CL26_YERPE	0		0	direct
Q7CL29	Q7CL29	Q7CL29_YERPE	0		0	direct
Q7CL30	Q7CL30	Q7CL30_YERPE	0		0	direct
Q7CL31	Q7CL31	Q7CL31_YERPE	0		0	direct
Q7CL32	Q7CL32	Q7CL32_YERPE	0		0	direct
Q7CL39	Q7CL39	Q7CL39_YERPE	0		0	direct
Q7CL40	Q7CL40	Q7CL40_YERPE	0		0	direct
Q7CL42	Q7CL42	Q7CL42_YERPE	0		0	direct
Q7CL48	Q7CL48	Q7CL48_YERPE	0		0	direct
Q7CL49	Q7CL49	Q7CL49_YERPE	0		0	direct
Q7CL54	Q7CL54	Q7CL54_YERPE	0		0	direct
Q7CL55	Q7CL55	Q7CL55_YERPE	0		0	direct
Q7CL58	Q7CL58	Q7CL58_YERPE	0		0	direct
Q7CL61	Q7CL61	Q7CL61_YERPE	0		0	direct
Q7CL64	Q7CL64	Q7CL64_YERPE	0		0	direct
Q7CL65	Q7CL65	Q7CL65_YERPE	0		0	direct
Q7CL70	Q7CL70	Q7CL70_YERPE	0		0	direct
Q7CL71	Q7CL71	Q7CL71_YERPE	0		0	direct
Q7CL78	Q7CL78	Q7CL78_YERPE	0		0	direct
Q7CL79	Q7CL79	Q7CL79_YERPE	0		0	direct
Q7CL80	Q7CL80	Q7CL80_YERPE	0		0	direct
Q7CL81	Q7CL81	Q7CL81_YERPE	2	PF00367;PF02378	483	direct
Q7CL82	Q7CL82	Q7CL82_YERPE	0		0	direct
Q7CL84	Q7CL84	Q7CL84_YERPE	0		0	direct
Q7CL85	Q7CL85	Q7CL85_YERPE	0		0	direct
Q7CL87	Q7CL87	Q7CL87_YERPE	0		0	direct
Q7CL89	Q7CL89	Q7CL89_YERPE	0		0	direct
Q7CL91	Q7CL91	Q7CL91_YERPE	0		0	direct
Q7CL96	Q7CL96	Q7CL96_YERPE	0		0	direct
Q7CL98	Q7CL98	Q7CL98_YERPE	0		0	direct
Q7CLA7	Q7CLA7	Q7CLA7_YERPE	0		0	direct
Q7CLA9	Q7CLA9	Q7CLA9_YERPE	0		0	direct
Q7CLB1	Q7CLB1	Q7CLB1_YERPE	0		0	direct
Q7CLB2	Q7CLB2	LIGB_YERPE	2	PF01653;PF03120	567	direct
Q7CLB3	Q7CLB3	Q7CLB3_YERPE	0		0	direct
Q7CLC1	Q7CLC1	Q7CLC1_YERPE	0		0	direct
Q7CQD4	Q7CQD4	SOPE2_SALTY	2	PF05364;PF07487	240	direct
Q7D8M9	Q7D8M9	Q7D8M9_MYCTO	2	PF00823;PF12484	391	direct
Q7DB50	Q7DB50	Q7DB50_ECO57	1	PF06872	381	direct
Q7DB68	Q7DB68	Q7DB68_ECO57	1	PF06066	99	direct
Q7DB74	Q7DB74	Q7DB74_ECO57	0		168	direct
Q7DB76	Q7DB76	Q7DB76_ECO57	1	PF03278	203	direct
Q7DB77	Q7DB77	TIR_ECO57	3	PF07489;PF03549;PF07490	558	direct
Q7DB85	Q7DB85	Q7DB85_ECO57	1	PF04806	248	direct
Q7NVC1	Q7NVC1	Q7NVC1_CHRVO	1	PF09392	84	direct
Q81JD6	Q81JD6	Q81JD6_BACAN	1	PF01063	298	direct
Q81JD7	Q81JD7	Q81JD7_BACAN	2	PF18573;PF01391	382	direct
Q81JE0	Q81JE0	FABZ_BACAN	1	PF07977	144	direct
Q81JE2	Q81JE2	Q81JE2_BACAN	3	PF17854;PF09397;PF01580	1311	direct
Q81JE5	Q81JE5	MNMA_BACAN	3	PF03054;PF20258;PF20259	371	direct
Q81JF3	Q81JF3	Q81JF3_BACAN	0		0	direct
Q81JF5	Q81JF5	Q81JF5_BACAN	0		0	direct
Q81JF8	Q81JF8	Q81JF8_BACAN	0		0	direct
Q81JG1	Q81JG1	HPR_BACAN	1	PF01047	185	direct
Q81JG2	Q81JG2	Q81JG2_BACAN	1	PF01098	392	direct
Q81JH6	Q81JH6	Q81JH6_BACAN	0		0	direct
Q81JI5	Q81JI5	Q81JI5_BACAN	0		0	direct
Q81JI6	Q81JI6	Q81JI6_BACAN	0		0	direct
Q81JI8	Q81JI8	Q81JI8_BACAN	0		0	direct
Q81JI9	Q81JI9	PURA_BACAN	1	PF00709	429	direct
Q81JJ0	Q81JJ0	Q81JJ0_BACAN	0		0	direct
Q81JJ1	Q81JJ1	Q81JJ1_BACAN	0		0	direct
Q81JJ8	Q81JJ8	Q81JJ8_BACAN	0		0	direct
Q81JK1	Q81JK1	Q81JK1_BACAN	0		0	direct
Q81JK9	Q81JK9	Q81JK9_BACAN	0		0	direct
Q81JL0	Q81JL0	Q81JL0_BACAN	0		0	direct
Q81JL8	Q81JL8	Q81JL8_BACAN	0		0	direct
Q81JM0	Q81JM0	Q81JM0_BACAN	0		0	direct
Q81JM5	Q81JM5	Q81JM5_BACAN	0		0	direct
Q81JM6	Q81JM6	Q81JM6_BACAN	0		0	direct
Q81JN0	Q81JN0	Q81JN0_BACAN	0		0	direct
Q81JN7	Q81JN7	Q81JN7_BACAN	0		0	direct
Q81JP0	Q81JP0	Q81JP0_BACAN	0		0	direct
Q81JP3	Q81JP3	Q81JP3_BACAN	0		0	direct
Q81JP7	Q81JP7	Q81JP7_BACAN	0		0	direct
Q81JR3	Q81JR3	CHDC_BACAN	1	PF06778	247	direct
Q81JS4	Q81JS4	Q81JS4_BACAN	0		0	direct
Q81JS6	Q81JS6	Q81JS6_BACAN	0		0	direct
Q81JS9	Q81JS9	Q81JS9_BACAN	0		0	direct
Q81JT7	Q81JT7	SYR1_BACAN	3	PF03485;PF05746;PF00750	556	direct
Q81JU1	Q81JU1	Q81JU1_BACAN	0		0	direct
Q81JU4	Q81JU4	Q81JU4_BACAN	0		0	direct
Q81JV4	Q81JV4	Q81JV4_BACAN	0		0	direct
Q81JV5	Q81JV5	Q81JV5_BACAN	0		0	direct
Q81JV6	Q81JV6	Q81JV6_BACAN	0		0	direct
Q81JV7	Q81JV7	Q81JV7_BACAN	0		0	direct
Q81JW1	Q81JW1	PYRG_BACAN	2	PF06418;PF00117	535	direct
Q81JW4	Q81JW4	Q81JW4_BACAN	0		0	direct
Q81JX0	Q81JX0	KITH_BACAN	1	PF00265	194	direct
Q81JY3	Q81JY3	Y5559_BACAN	1	PF04260	190	direct
Q81JY5	Q81JY5	UPP_BACAN	1	PF14681	209	direct
Q81JY7	Q81JY7	Q81JY7_BACAN	0		0	direct
Q81K14	Q81K14	Q81K14_BACAN	0		0	direct
Q81K27	Q81K27	Q81K27_BACAN	0		0	direct
Q81K28	Q81K28	Q81K28_BACAN	0		0	direct
Q81K29	Q81K29	Q81K29_BACAN	0		0	direct
Q81K32	Q81K32	Q81K32_BACAN	0		0	direct
Q81K36	Q81K36	Q81K36_BACAN	0		0	direct
Q81K38	Q81K38	Q81K38_BACAN	0		0	direct
Q81K42	Q81K42	Q81K42_BACAN	0		0	direct
Q81K50	Q81K50	Q81K50_BACAN	0		0	direct
Q81K51	Q81K51	Q81K51_BACAN	0		0	direct
Q81K60	Q81K60	Q81K60_BACAN	0		0	direct
Q81K61	Q81K61	Q81K61_BACAN	0		0	direct
Q81K67	Q81K67	Q81K67_BACAN	0		0	direct
Q81K75	Q81K75	G6PI_BACAN	1	PF00342	450	direct
Q81K82	Q81K82	GLGB_BACAN	3	PF00128;PF02806;PF02922	645	direct
Q81K83	Q81K83	GLGC_BACAN	2	PF24894;PF00483	376	direct
Q81K85	Q81K85	GLGA_BACAN	2	PF08323;PF00534	476	direct
Q81K86	Q81K86	Q81K86_BACAN	0		0	direct
Q81K94	Q81K94	MEND_BACAN	3	PF02775;PF16582;PF02776	584	direct
Q81K96	Q81K96	Q81K96_BACAN	0		0	direct
Q81K97	Q81K97	MENE_BACAN	2	PF00501;PF13193	481	direct
Q81KA0	Q81KA0	Q81KA0_BACAN	0		0	direct
Q81KA5	Q81KA5	Q81KA5_BACAN	0		0	direct
Q81KB2	Q81KB2	Q81KB2_BACAN	0		0	direct
Q81KB5	Q81KB5	Q81KB5_BACAN	0		0	direct
Q81KB7	Q81KB7	Q81KB7_BACAN	0		0	direct
Q81KC6	Q81KC6	Q81KC6_BACAN	0		0	direct
Q81KD6	Q81KD6	Q81KD6_BACAN	0		0	direct
Q81KF7	Q81KF7	Q81KF7_BACAN	0		0	direct
Q81KF8	Q81KF8	Q81KF8_BACAN	0		0	direct
Q81KG0	Q81KG0	Q81KG0_BACAN	0		0	direct
Q81KG1	Q81KG1	Q81KG1_BACAN	0		0	direct
Q81KI9	Q81KI9	Q81KI9_BACAN	0		0	direct
Q81KJ6	Q81KJ6	Q81KJ6_BACAN	0		0	direct
Q81KK2	Q81KK2	Q81KK2_BACAN	0		0	direct
Q81KK6	Q81KK6	SYL_BACAN	4	PF08264;PF00133;PF13603;PF09334	802	direct
Q81KK8	Q81KK8	Q81KK8_BACAN	0		247	direct
Q81KL2	Q81KL2	Q81KL2_BACAN	0		0	direct
Q81KL3	Q81KL3	Q81KL3_BACAN	0		0	direct
Q81KL4	Q81KL4	Q81KL4_BACAN	0		0	direct
Q81KM0	Q81KM0	Q81KM0_BACAN	0		0	direct
Q81KN5	Q81KN5	Q81KN5_BACAN	0		0	direct
Q81KN9	Q81KN9	Q81KN9_BACAN	0		0	direct
Q81KP1	Q81KP1	Q81KP1_BACAN	0		0	direct
Q81KP6	Q81KP6	Q81KP6_BACAN	0		0	direct
Q81KP7	Q81KP7	Q81KP7_BACAN	0		0	direct
Q81KP9	Q81KP9	Y4944_BACAN	1	PF07285	270	direct
Q81KQ7	Q81KQ7	Q81KQ7_BACAN	0		0	direct
Q81KQ8	Q81KQ8	Q81KQ8_BACAN	0		0	direct
Q81KR5	Q81KR5	Q81KR5_BACAN	0		0	direct
Q81KR8	Q81KR8	Q81KR8_BACAN	1	PF12796	196	direct
Q81KR9	Q81KR9	Q81KR9_BACAN	0		0	direct
Q81KS2	Q81KS2	Q81KS2_BACAN	0		0	direct
Q81KS3	Q81KS3	Q81KS3_BACAN	0		0	direct
Q81KS5	Q81KS5	Q81KS5_BACAN	0		0	direct
Q81KS6	Q81KS6	Q81KS6_BACAN	0		0	direct
Q81KT8	Q81KT8	EZRA_BACAN	1	PF06160	570	direct
Q81KU2	Q81KU2	Q81KU2_BACAN	2	PF00501;PF13193	522	direct
Q81KV0	Q81KV0	ACKA_BACAN	1	PF00871	397	direct
Q81KV7	Q81KV7	ASSY_BACAN	2	PF20979;PF00764	401	direct
Q81KW2	Q81KW2	Q81KW2_BACAN	0		0	direct
Q81KY5	Q81KY5	Q81KY5_BACAN	0		0	direct
Q81KY6	Q81KY6	Q81KY6_BACAN	0		0	direct
Q81KY8	Q81KY8	ACCD_BACAN	2	PF01039;PF17848	289	direct
Q81KZ8	Q81KZ8	Q81KZ8_BACAN	0		0	direct
Q81L02	Q81L02	Q81L02_BACAN	0		0	direct
Q81L03	Q81L03	Q81L03_BACAN	0		0	direct
Q81L10	Q81L10	NRDR_BACAN	2	PF03477;PF22811	153	direct
Q81L13	Q81L13	Q81L13_BACAN	0		0	direct
Q81L14	Q81L14	Q81L14_BACAN	0		0	direct
Q81L15	Q81L15	IF3_BACAN	2	PF00707;PF05198	167	direct
Q81L21	Q81L21	Q81L21_BACAN	0		0	direct
Q81L30	Q81L30	SYFA_BACAN	2	PF02912;PF01409	344	direct
Q81L31	Q81L31	SYFB_BACAN	5	PF03483;PF03484;PF03147;PF01588;PF17759	806	direct
Q81L32	Q81L32	SYN_BACAN	2	PF00152;PF01336	463	direct
Q81L39	Q81L39	Q81L39_BACAN	0		0	direct
Q81L40	Q81L40	MUTS2_BACAN	3	PF20297;PF00488;PF01713	786	direct
Q81L42	Q81L42	Q81L42_BACAN	0		0	direct
Q81L45	Q81L45	Q81L45_BACAN	0		0	direct
Q81L49	Q81L49	Q81L49_BACAN	0		0	direct
Q81L57	Q81L57	Q81L57_BACAN	0		0	direct
Q81L62	Q81L62	Q81L62_BACAN	0		0	direct
Q81L67	Q81L67	Q81L67_BACAN	0		0	direct
Q81L77	Q81L77	Q81L77_BACAN	0		0	direct
Q81L81	Q81L81	Q81L81_BACAN	0		0	direct
Q81L89	Q81L89	Q81L89_BACAN	0		0	direct
Q81L97	Q81L97	Q81L97_BACAN	0		0	direct
Q81L99	Q81L99	Q81L99_BACAN	0		0	direct
Q81LA5	Q81LA5	Q81LA5_BACAN	0		0	direct
Q81LA6	Q81LA6	Q81LA6_BACAN	0		0	direct
Q81LA9	Q81LA9	RNPH_BACAN	2	PF01138;PF03725	245	direct
Q81LB0	Q81LB0	IXTPA_BACAN	1	PF01725	202	direct
Q81LB8	Q81LB8	TIG_BACAN	3	PF00254;PF05698;PF05697	425	direct
Q81LC0	Q81LC0	Q81LC0_BACAN	0		0	direct
Q81LC3	Q81LC3	Q81LC3_BACAN	0		0	direct
Q81LC5	Q81LC5	HEM1_BACAN	3	PF00745;PF05201;PF01488	444	direct
Q81LC7	Q81LC7	HEM3_BACAN	2	PF01379;PF03900	309	direct
Q81LD0	Q81LD0	GSA2_BACAN	1	PF00202	429	direct
Q81LD1	Q81LD1	Q81LD1_BACAN	0		0	direct
Q81LD4	Q81LD4	Q81LD4_BACAN	0		0	direct
Q81LE2	Q81LE2	Q81LE2_BACAN	0		0	direct
Q81LE3	Q81LE3	Q81LE3_BACAN	0		0	direct
Q81LF4	Q81LF4	Q81LF4_BACAN	0		0	direct
Q81LF9	Q81LF9	Q81LF9_BACAN	0		0	direct
Q81LH8	Q81LH8	Q81LH8_BACAN	0		0	direct
Q81LI7	Q81LI7	SYDND_BACAN	3	PF02938;PF00152;PF01336	591	direct
Q81LI8	Q81LI8	Q81LI8_BACAN	0		0	direct
Q81LI9	Q81LI9	Q81LI9_BACAN	0		0	direct
Q81LJ3	Q81LJ3	Q81LJ3_BACAN	0		0	direct
Q81LJ4	Q81LJ4	Q81LJ4_BACAN	5	PF13245;PF14490;PF23139;PF18335;PF13538	770	direct
Q81LJ8	Q81LJ8	Q81LJ8_BACAN	0		0	direct
Q81LK0	Q81LK0	SYA_BACAN	3	PF02272;PF01411;PF07973	880	direct
Q81LK4	Q81LK4	Q81LK4_BACAN	1	PF02618	351	direct
Q81LK7	Q81LK7	Q81LK7_BACAN	0		0	direct
Q81LL0	Q81LL0	Q81LL0_BACAN	0		0	direct
Q81LL7	Q81LL7	Q81LL7_BACAN	0		0	direct
Q81LM0	Q81LM0	Q81LM0_BACAN	0		0	direct
Q81LM9	Q81LM9	Q81LM9_BACAN	0		0	direct
Q81LN0	Q81LN0	Q81LN0_BACAN	0		0	direct
Q81LN9	Q81LN9	Q81LN9_BACAN	0		0	direct
Q81LP0	Q81LP0	Q81LP0_BACAN	0		0	direct
Q81LQ0	Q81LQ0	Q81LQ0_BACAN	0		0	direct
Q81LQ7	Q81LQ7	Q81LQ7_BACAN	0		0	direct
Q81LQ9	Q81LQ9	Q81LQ9_BACAN	2	PF12836;PF10531	198	direct
Q81LR1	Q81LR1	Q81LR1_BACAN	0		0	direct
Q81LR7	Q81LR7	LEPA_BACAN	4	PF00679;PF00009;PF03144;PF06421	607	direct
Q81LS0	Q81LS0	HRCA_BACAN	1	PF01628	338	direct
Q81LT2	Q81LT2	Q81LT2_BACAN	0		0	direct
Q81LT3	Q81LT3	Q81LT3_BACAN	0		0	direct
Q81LT6	Q81LT6	Q81LT6_BACAN	0		0	direct
Q81LU4	Q81LU4	Q81LU4_BACAN	0		0	direct
Q81LU5	Q81LU5	Q81LU5_BACAN	0		0	direct
Q81LU9	Q81LU9	ISPH_BACAN	1	PF02401	316	direct
Q81LW1	Q81LW1	Q81LW1_BACAN	0		0	direct
Q81LW2	Q81LW2	Q81LW2_BACAN	0		0	direct
Q81LW5	Q81LW5	Q81LW5_BACAN	0		0	direct
Q81LX9	Q81LX9	Q81LX9_BACAN	0		0	direct
Q81LY0	Q81LY0	Q81LY0_BACAN	0		0	direct
Q81LY1	Q81LY1	Q81LY1_BACAN	0		0	direct
Q81LY5	Q81LY5	Q81LY5_BACAN	0		0	direct
Q81LY8	Q81LY8	TCYP_BACAN	1	PF00375	464	direct
Q81M04	Q81M04	Q81M04_BACAN	0		0	direct
Q81M05	Q81M05	Q81M05_BACAN	0		0	direct
Q81M06	Q81M06	GCST_BACAN	2	PF01571;PF08669	366	direct
Q81M10	Q81M10	Q81M10_BACAN	0		0	direct
Q81M11	Q81M11	Q81M11_BACAN	0		0	direct
Q81M19	Q81M19	Q81M19_BACAN	0		0	direct
Q81M22	Q81M22	Q81M22_BACAN	0		0	direct
Q81M31	Q81M31	Q81M31_BACAN	0		0	direct
Q81M33	Q81M33	Q81M33_BACAN	0		0	direct
Q81M38	Q81M38	Q81M38_BACAN	0		0	direct
Q81M42	Q81M42	Q81M42_BACAN	0		0	direct
Q81M47	Q81M47	Q81M47_BACAN	0		0	direct
Q81M51	Q81M51	EX7L_BACAN	2	PF02601;PF13742	452	direct
Q81M57	Q81M57	Q81M57_BACAN	0		0	direct
Q81M66	Q81M66	Q81M66_BACAN	0		0	direct
Q81M67	Q81M67	BUK_BACAN	1	PF00871	367	direct
Q81M70	Q81M70	Q81M70_BACAN	0		0	direct
Q81M78	Q81M78	Q81M78_BACAN	0		0	direct
Q81M79	Q81M79	Q81M79_BACAN	0		0	direct
Q81M84	Q81M84	Q81M84_BACAN	0		0	direct
Q81M89	Q81M89	Q81M89_BACAN	0		0	direct
Q81M96	Q81M96	ARGJ_BACAN	1	PF01960	407	direct
Q81M98	Q81M98	ARGD_BACAN	1	PF00202	386	direct
Q81M99	Q81M99	OTC_BACAN	2	PF00185;PF02729	316	direct
Q81MA4	Q81MA4	Q81MA4_BACAN	3	PF02872;PF00746;PF00149	774	direct
Q81MA8	Q81MA8	Q81MA8_BACAN	0		0	direct
Q81MB3	Q81MB3	BIOB_BACAN	2	PF06968;PF04055	332	direct
Q81MB6	Q81MB6	RIBBA_BACAN	2	PF00926;PF00925	397	direct
Q81MB8	Q81MB8	Q81MB8_BACAN	0		0	direct
Q81MC5	Q81MC5	Q81MC5_BACAN	0		0	direct
Q81MD8	Q81MD8	Q81MD8_BACAN	0		0	direct
Q81ME0	Q81ME0	DEOB_BACAN	1	PF01676	394	direct
Q81ME1	Q81ME1	Q81ME1_BACAN	0		0	direct
Q81ME2	Q81ME2	Q81ME2_BACAN	0		0	direct
Q81ME4	Q81ME4	Q81ME4_BACAN	0		0	direct
Q81MF0	Q81MF0	Q81MF0_BACAN	0		0	direct
Q81MH4	Q81MH4	Q81MH4_BACAN	0		0	direct
Q81MH5	Q81MH5	NAGB_BACAN	1	PF01182	262	direct
Q81MH8	Q81MH8	Q81MH8_BACAN	0		0	direct
Q81MH9	Q81MH9	Q81MH9_BACAN	0		0	direct
Q81MI1	Q81MI1	Q81MI1_BACAN	0		0	direct
Q81MI3	Q81MI3	Q81MI3_BACAN	0		0	direct
Q81MI5	Q81MI5	Q81MI5_BACAN	0		0	direct
Q81MI9	Q81MI9	MTND_BACAN	1	PF03079	170	direct
Q81MJ8	Q81MJ8	Q81MJ8_BACAN	0		0	direct
Q81MK7	Q81MK7	Q81MK7_BACAN	0		0	direct
Q81ML4	Q81ML4	Q81ML4_BACAN	0		0	direct
Q81ML5	Q81ML5	Q81ML5_BACAN	0		0	direct
Q81ML9	Q81ML9	Q81ML9_BACAN	0		0	direct
Q81MM5	Q81MM5	Q81MM5_BACAN	0		0	direct
Q81MN8	Q81MN8	Q81MN8_BACAN	0		0	direct
Q81MN9	Q81MN9	PPK1_BACAN	4	PF02503;PF13090;PF17941;PF13089	702	direct
Q81MQ6	Q81MQ6	Q81MQ6_BACAN	0		0	direct
Q81MR0	Q81MR0	Q81MR0_BACAN	0		0	direct
Q81MS2	Q81MS2	SPEA_BACAN	2	PF01276;PF03711	493	direct
Q81MT6	Q81MT6	Q81MT6_BACAN	0		0	direct
Q81MX3	Q81MX3	Q81MX3_BACAN	0		0	direct
Q81MX7	Q81MX7	Q81MX7_BACAN	0		0	direct
Q81MY1	Q81MY1	Q81MY1_BACAN	0		0	direct
Q81MY7	Q81MY7	Q81MY7_BACAN	0		0	direct
Q81MY8	Q81MY8	Q81MY8_BACAN	0		0	direct
Q81MZ1	Q81MZ1	Q81MZ1_BACAN	0		0	direct
Q81MZ5	Q81MZ5	Q81MZ5_BACAN	0		0	direct
Q81N05	Q81N05	Q81N05_BACAN	0		0	direct
Q81N06	Q81N06	Q81N06_BACAN	0		0	direct
Q81N09	Q81N09	Q81N09_BACAN	0		0	direct
Q81N18	Q81N18	Q81N18_BACAN	1	PF00480	350	direct
Q81N22	Q81N22	Q81N22_BACAN	1	PF00583	202	direct
Q81N23	Q81N23	Q81N23_BACAN	0		0	direct
Q81N31	Q81N31	Q81N31_BACAN	0		0	direct
Q81N36	Q81N36	Q81N36_BACAN	0		0	direct
Q81N42	Q81N42	Q81N42_BACAN	0		0	direct
Q81N50	Q81N50	Q81N50_BACAN	0		0	direct
Q81N61	Q81N61	Q81N61_BACAN	0		0	direct
Q81N62	Q81N62	Q81N62_BACAN	0		0	direct
Q81N71	Q81N71	Q81N71_BACAN	0		0	direct
Q81N73	Q81N73	Q81N73_BACAN	0		0	direct
Q81N85	Q81N85	Q81N85_BACAN	0		0	direct
Q81N92	Q81N92	Q81N92_BACAN	0		0	direct
Q81N96	Q81N96	Q81N96_BACAN	0		0	direct
Q81NA2	Q81NA2	Q81NA2_BACAN	0		0	direct
Q81NA3	Q81NA3	Q81NA3_BACAN	0		0	direct
Q81NA7	Q81NA7	Q81NA7_BACAN	0		0	direct
Q81NB9	Q81NB9	Q81NB9_BACAN	3	PF02743;PF00672;PF00015	650	direct
Q81NC2	Q81NC2	Q81NC2_BACAN	0		0	direct
Q81ND5	Q81ND5	LUTA2_BACAN	1	PF02754	242	direct
Q81NE4	Q81NE4	Q81NE4_BACAN	0		0	direct
Q81NG1	Q81NG1	Q81NG1_BACAN	0		0	direct
Q81NG4	Q81NG4	Q81NG4_BACAN	0		0	direct
Q81NH4	Q81NH4	Q81NH4_BACAN	0		0	direct
Q81NH9	Q81NH9	Q81NH9_BACAN	0		0	direct
Q81NI0	Q81NI0	Q81NI0_BACAN	0		0	direct
Q81NI4	Q81NI4	Q81NI4_BACAN	0		0	direct
Q81NI5	Q81NI5	Q81NI5_BACAN	2	PF13086;PF13087	759	direct
Q81NI6	Q81NI6	Q81NI6_BACAN	0		0	direct
Q81NI7	Q81NI7	Q81NI7_BACAN	0		0	direct
Q81NJ0	Q81NJ0	Q81NJ0_BACAN	0		0	direct
Q81NJ6	Q81NJ6	ARSC_BACAN	1	PF01451	134	direct
Q81NK5	Q81NK5	Q81NK5_BACAN	0		0	direct
Q81NK6	Q81NK6	Q81NK6_BACAN	0		0	direct
Q81NL8	Q81NL8	Q81NL8_BACAN	0		0	direct
Q81NM4	Q81NM4	Q81NM4_BACAN	0		0	direct
Q81NM5	Q81NM5	Q81NM5_BACAN	0		0	direct
Q81NM6	Q81NM6	Q81NM6_BACAN	0		0	direct
Q81NN0	Q81NN0	GLSA2_BACAN	1	PF04960	326	direct
Q81NP6	Q81NP6	Q81NP6_BACAN	0		0	direct
Q81NP8	Q81NP8	Q81NP8_BACAN	0		0	direct
Q81NR1	Q81NR1	Q81NR1_BACAN	0		0	direct
Q81NR3	Q81NR3	Q81NR3_BACAN	0		0	direct
Q81NR7	Q81NR7	Q81NR7_BACAN	0		0	direct
Q81NS2	Q81NS2	Q81NS2_BACAN	0		0	direct
Q81NS5	Q81NS5	Q81NS5_BACAN	0		0	direct
Q81NS9	Q81NS9	Q81NS9_BACAN	0		0	direct
Q81NT0	Q81NT0	PXPA_BACAN	1	PF03746	253	direct
Q81NT6	Q81NT6	NPD_BACAN	1	PF02146	242	direct
Q81NT8	Q81NT8	Q81NT8_BACAN	0		0	direct
Q81NV8	Q81NV8	Q81NV8_BACAN	0		0	direct
Q81NW2	Q81NW2	Q81NW2_BACAN	0		0	direct
Q81NX1	Q81NX1	Q81NX1_BACAN	0		0	direct
Q81NZ1	Q81NZ1	Q81NZ1_BACAN	0		0	direct
Q81NZ2	Q81NZ2	Q81NZ2_BACAN	0		0	direct
Q81P16	Q81P16	Q81P16_BACAN	0		0	direct
Q81P26	Q81P26	PROB_BACAN	2	PF00696;PF01472	367	direct
Q81P27	Q81P27	PROA_BACAN	1	PF00171	414	direct
Q81P31	Q81P31	Q81P31_BACAN	0		0	direct
Q81P37	Q81P37	Q81P37_BACAN	0		0	direct
Q81P43	Q81P43	Q81P43_BACAN	0		0	direct
Q81P45	Q81P45	Q81P45_BACAN	0		0	direct
Q81P54	Q81P54	Q81P54_BACAN	0		0	direct
Q81P70	Q81P70	Q81P70_BACAN	0		0	direct
Q81P96	Q81P96	Q81P96_BACAN	0		0	direct
Q81PB7	Q81PB7	Q81PB7_BACAN	0		189	direct
Q81PC9	Q81PC9	Q81PC9_BACAN	0		0	direct
Q81PD4	Q81PD4	Q81PD4_BACAN	0		0	direct
Q81PE9	Q81PE9	PEPX_BACAN	2	PF02129;PF08530	597	direct
Q81PF8	Q81PF8	Q81PF8_BACAN	0		0	direct
Q81PH4	Q81PH4	Q81PH4_BACAN	0		0	direct
Q81PH5	Q81PH5	Q81PH5_BACAN	0		0	direct
Q81PH9	Q81PH9	PPAC_BACAN	2	PF01368;PF02833	309	direct
Q81PJ0	Q81PJ0	Q81PJ0_BACAN	0		0	direct
Q81PJ7	Q81PJ7	Q81PJ7_BACAN	0		0	direct
Q81PK9	Q81PK9	Q81PK9_BACAN	0		0	direct
Q81PL6	Q81PL6	Q81PL6_BACAN	0		0	direct
Q81PM5	Q81PM5	Q81PM5_BACAN	0		0	direct
Q81PM6	Q81PM6	Q81PM6_BACAN	0		0	direct
Q81PM7	Q81PM7	Q81PM7_BACAN	0		0	direct
Q81PQ4	Q81PQ4	Q81PQ4_BACAN	0		0	direct
Q81PR7	Q81PR7	Q81PR7_BACAN	0		0	direct
Q81PR9	Q81PR9	Q81PR9_BACAN	0		0	direct
Q81PS6	Q81PS6	Q81PS6_BACAN	1	PF12867	181	direct
Q81PT2	Q81PT2	Q81PT2_BACAN	0		0	direct
Q81PW2	Q81PW2	Q81PW2_BACAN	0		0	direct
Q81PX9	Q81PX9	Q81PX9_BACAN	0		0	direct
Q81PZ1	Q81PZ1	Q81PZ1_BACAN	0		0	direct
Q81PZ2	Q81PZ2	Q81PZ2_BACAN	0		0	direct
Q81Q02	Q81Q02	Q81Q02_BACAN	0		0	direct
Q81Q07	Q81Q07	Q81Q07_BACAN	0		0	direct
Q81Q12	Q81Q12	Q81Q12_BACAN	0		0	direct
Q81Q14	Q81Q14	Q81Q14_BACAN	0		0	direct
Q81Q28	Q81Q28	Q81Q28_BACAN	0		0	direct
Q81Q57	Q81Q57	Q81Q57_BACAN	0		0	direct
Q81Q80	Q81Q80	Q81Q80_BACAN	0		0	direct
Q81Q81	Q81Q81	Q81Q81_BACAN	0		0	direct
Q81Q85	Q81Q85	Q81Q85_BACAN	0		0	direct
Q81Q87	Q81Q87	Q81Q87_BACAN	0		0	direct
Q81QA2	Q81QA2	Q81QA2_BACAN	0		0	direct
Q81QB0	Q81QB0	Q81QB0_BACAN	0		0	direct
Q81QB5	Q81QB5	IOLD_BACAN	3	PF02775;PF00205;PF02776	644	direct
Q81QB6	Q81QB6	IOLA2_BACAN	1	PF00171	487	direct
Q81QB9	Q81QB9	Q81QB9_BACAN	0		0	direct
Q81QC9	Q81QC9	Q81QC9_BACAN	0		0	direct
Q81QE5	Q81QE5	Q81QE5_BACAN	0		0	direct
Q81QG0	Q81QG0	ANMK_BACAN	1	PF03702	382	direct
Q81QG7	Q81QG7	Q81QG7_BACAN	0		0	direct
Q81QI2	Q81QI2	Q81QI2_BACAN	0		0	direct
Q81QJ9	Q81QJ9	Q81QJ9_BACAN	0		0	direct
Q81QL4	Q81QL4	Q81QL4_BACAN	1	PF00583	237	direct
Q81QL7	Q81QL7	APEX_BACAN	1	PF03176	743	direct
Q81QN4	Q81QN4	Q81QN4_BACAN	0		0	direct
Q81QN8	Q81QN8	Q81QN8_BACAN	0		0	direct
Q81QN9	Q81QN9	Q81QN9_BACAN	0		0	direct
Q81QP7	Q81QP7	Q81QP7_BACAN	0		0	direct
Q81QQ0	Q81QQ0	Q81QQ0_BACAN	0		0	direct
Q81QQ9	Q81QQ9	Q81QQ9_BACAN	0		0	direct
Q81QR0	Q81QR0	Q81QR0_BACAN	0		0	direct
Q81QS2	Q81QS2	Q81QS2_BACAN	0		0	direct
Q81QS8	Q81QS8	Q81QS8_BACAN	0		0	direct
Q81QV1	Q81QV1	Q81QV1_BACAN	0		0	direct
Q81QY8	Q81QY8	Q81QY8_BACAN	0		0	direct
Q81R09	Q81R09	Q81R09_BACAN	0		0	direct
Q81R13	Q81R13	Q81R13_BACAN	0		0	direct
Q81R24	Q81R24	Q81R24_BACAN	0		0	direct
Q81R29	Q81R29	Q81R29_BACAN	0		0	direct
Q81R37	Q81R37	Q81R37_BACAN	0		0	direct
Q81R75	Q81R75	SYI2_BACAN	3	PF08264;PF19302;PF00133	1033	direct
Q81R76	Q81R76	Q81R76_BACAN	3	PF09295;PF13432;PF13181	708	direct
Q81R82	Q81R82	Q81R82_BACAN	0		0	direct
Q81R83	Q81R83	Y2173_BACAN	1	PF06491	144	direct
Q81R90	Q81R90	Q81R90_BACAN	0		0	direct
Q81R97	Q81R97	Q81R97_BACAN	0		0	direct
Q81R98	Q81R98	Q81R98_BACAN	0		0	direct
Q81RB5	Q81RB5	Q81RB5_BACAN	0		0	direct
Q81RB6	Q81RB6	Q81RB6_BACAN	0		0	direct
Q81RC4	Q81RC4	Q81RC4_BACAN	0		0	direct
Q81RC8	Q81RC8	Q81RC8_BACAN	0		0	direct
Q81RC9	Q81RC9	Q81RC9_BACAN	0		0	direct
Q81RD5	Q81RD5	Q81RD5_BACAN	0		0	direct
Q81RG1	Q81RG1	Q81RG1_BACAN	0		0	direct
Q81RG2	Q81RG2	Q81RG2_BACAN	0		0	direct
Q81RG3	Q81RG3	Q81RG3_BACAN	0		0	direct
Q81RG5	Q81RG5	Q81RG5_BACAN	0		0	direct
Q81RG7	Q81RG7	Q81RG7_BACAN	0		0	direct
Q81RG9	Q81RG9	Q81RG9_BACAN	0		0	direct
Q81RH2	Q81RH2	Q81RH2_BACAN	0		0	direct
Q81RJ2	Q81RJ2	Q81RJ2_BACAN	0		0	direct
Q81RJ7	Q81RJ7	Q81RJ7_BACAN	0		0	direct
Q81RK3	Q81RK3	Q81RK3_BACAN	0		0	direct
Q81RL5	Q81RL5	Q81RL5_BACAN	0		0	direct
Q81RM1	Q81RM1	Q81RM1_BACAN	0		0	direct
Q81RM6	Q81RM6	Q81RM6_BACAN	0		0	direct
Q81RN0	Q81RN0	Q81RN0_BACAN	0		0	direct
Q81RN3	Q81RN3	Q81RN3_BACAN	0		0	direct
Q81RN4	Q81RN4	Q81RN4_BACAN	0		0	direct
Q81RN5	Q81RN5	Q81RN5_BACAN	0		0	direct
Q81RN9	Q81RN9	Q81RN9_BACAN	0		0	direct
Q81RQ2	Q81RQ2	Q81RQ2_BACAN	0		0	direct
Q81RR3	Q81RR3	Q81RR3_BACAN	0		0	direct
Q81RR8	Q81RR8	Q81RR8_BACAN	0		0	direct
Q81RS1	Q81RS1	Q81RS1_BACAN	0		0	direct
Q81RS8	Q81RS8	Q81RS8_BACAN	0		0	direct
Q81RT0	Q81RT0	Q81RT0_BACAN	0		0	direct
Q81RT7	Q81RT7	Q81RT7_BACAN	0		0	direct
Q81RU2	Q81RU2	Q81RU2_BACAN	0		0	direct
Q81RU5	Q81RU5	Q81RU5_BACAN	0		0	direct
Q81RV4	Q81RV4	Q81RV4_BACAN	0		0	direct
Q81RV9	Q81RV9	Q81RV9_BACAN	0		0	direct
Q81RW1	Q81RW1	Q81RW1_BACAN	0		0	direct
Q81RW6	Q81RW6	Q81RW6_BACAN	0		0	direct
Q81RY3	Q81RY3	Q81RY3_BACAN	0		0	direct
Q81RY4	Q81RY4	Q81RY4_BACAN	0		0	direct
Q81S01	Q81S01	Q81S01_BACAN	0		0	direct
Q81S06	Q81S06	Q81S06_BACAN	0		0	direct
Q81S07	Q81S07	Q81S07_BACAN	0		0	direct
Q81S14	Q81S14	MTAD_BACAN	1	PF01979	435	direct
Q81S17	Q81S17	Q81S17_BACAN	0		0	direct
Q81S25	Q81S25	Q81S25_BACAN	0		0	direct
Q81S26	Q81S26	ILVD_BACAN	2	PF24877;PF00920	557	direct
Q81S27	Q81S27	ILVC2_BACAN	2	PF01450;PF07991	335	direct
Q81S29	Q81S29	Q81S29_BACAN	0		0	direct
Q81S35	Q81S35	Q81S35_BACAN	0		0	direct
Q81S41	Q81S41	Q81S41_BACAN	0		0	direct
Q81S44	Q81S44	Q81S44_BACAN	1	PF13228	265	direct
Q81S46	Q81S46	Q81S46_BACAN	0		0	direct
Q81S47	Q81S47	Q81S47_BACAN	0		0	direct
Q81S48	Q81S48	Q81S48_BACAN	0		0	direct
Q81S56	Q81S56	Q81S56_BACAN	0		0	direct
Q81S59	Q81S59	Q81S59_BACAN	0		0	direct
Q81S64	Q81S64	ASNA_BACAN	1	PF03590	327	direct
Q81S67	Q81S67	Q81S67_BACAN	0		0	direct
Q81S69	Q81S69	Q81S69_BACAN	0		0	direct
Q81S70	Q81S70	Q81S70_BACAN	2	PF00390;PF03949	577	direct
Q81S71	Q81S71	Q81S71_BACAN	2	PF10415;PF00206	479	direct
Q81S73	Q81S73	Q81S73_BACAN	0		0	direct
Q81S78	Q81S78	Q81S78_BACAN	0		0	direct
Q81S89	Q81S89	Q81S89_BACAN	0		0	direct
Q81SA4	Q81SA4	Q81SA4_BACAN	0		0	direct
Q81SA6	Q81SA6	Q81SA6_BACAN	0		0	direct
Q81SB0	Q81SB0	Q81SB0_BACAN	0		350	direct
Q81SB3	Q81SB3	Q81SB3_BACAN	0		0	direct
Q81SC3	Q81SC3	Q81SC3_BACAN	2	PF00753;PF07521	419	direct
Q81SC4	Q81SC4	Q81SC4_BACAN	0		0	direct
Q81SC5	Q81SC5	Q81SC5_BACAN	0		0	direct
Q81SE4	Q81SE4	Q81SE4_BACAN	0		0	direct
Q81SE5	Q81SE5	Q81SE5_BACAN	0		0	direct
Q81SE9	Q81SE9	Q81SE9_BACAN	0		0	direct
Q81SF2	Q81SF2	Q81SF2_BACAN	0		0	direct
Q81SH2	Q81SH2	Q81SH2_BACAN	0		0	direct
Q81SI0	Q81SI0	Q81SI0_BACAN	0		0	direct
Q81SI6	Q81SI6	Q81SI6_BACAN	0		0	direct
Q81SJ8	Q81SJ8	Q81SJ8_BACAN	0		0	direct
Q81SL2	Q81SL2	Q81SL2_BACAN	1	PF00202	450	direct
Q81SL8	Q81SL8	Q81SL8_BACAN	0		0	direct
Q81SM8	Q81SM8	Q81SM8_BACAN	0		0	direct
Q81SN0	Q81SN0	Q81SN0_BACAN	0		0	direct
Q81SP4	Q81SP4	Q81SP4_BACAN	0		0	direct
Q81SP6	Q81SP6	Q81SP6_BACAN	0		0	direct
Q81SQ9	Q81SQ9	Q81SQ9_BACAN	0		0	direct
Q81SR0	Q81SR0	Q81SR0_BACAN	0		0	direct
Q81SR4	Q81SR4	Y1582_BACAN	1	PF06908	184	direct
Q81SR6	Q81SR6	Q81SR6_BACAN	0		0	direct
Q81ST0	Q81ST0	Q81ST0_BACAN	0		0	direct
Q81ST3	Q81ST3	PANB_BACAN	1	PF02548	279	direct
Q81SU2	Q81SU2	Q81SU2_BACAN	0		0	direct
Q81SW0	Q81SW0	MENG_BACAN	1	PF01209	237	direct
Q81SW4	Q81SW4	SP4A_BACAN	3	PF09547;PF20439;PF20438	492	direct
Q81SW8	Q81SW8	GPDA_BACAN	2	PF07479;PF01210	340	direct
Q81SW9	Q81SW9	DER_BACAN	2	PF14714;PF01926	436	direct
Q81SX2	Q81SX2	Q81SX2_BACAN	0		0	direct
Q81SX6	Q81SX6	KCY_BACAN	1	PF02224	225	direct
Q81SX9	Q81SX9	Q81SX9_BACAN	0		0	direct
Q81SZ0	Q81SZ0	Q81SZ0_BACAN	0		0	direct
Q81SZ5	Q81SZ5	Q81SZ5_BACAN	0		0	direct
Q81T01	Q81T01	Q81T01_BACAN	0		0	direct
Q81T03	Q81T03	Q81T03_BACAN	0		0	direct
Q81T09	Q81T09	DEOD_BACAN	1	PF01048	235	direct
Q81T13	Q81T13	Q81T13_BACAN	0		0	direct
Q81T17	Q81T17	Q81T17_BACAN	0		0	direct
Q81T30	Q81T30	Q81T30_BACAN	0		0	direct
Q81T33	Q81T33	Q81T33_BACAN	0		0	direct
Q81T34	Q81T34	Q81T34_BACAN	0		0	direct
Q81T35	Q81T35	Q81T35_BACAN	0		0	direct
Q81T37	Q81T37	Q81T37_BACAN	0		0	direct
Q81T38	Q81T38	Q81T38_BACAN	0		0	direct
Q81T40	Q81T40	Q81T40_BACAN	0		0	direct
Q81T55	Q81T55	Q81T55_BACAN	0		0	direct
Q81T57	Q81T57	Q81T57_BACAN	0		0	direct
Q81TA1	Q81TA1	Q81TA1_BACAN	0		0	direct
Q81TB0	Q81TB0	Q81TB0_BACAN	0		0	direct
Q81TB1	Q81TB1	Q81TB1_BACAN	0		0	direct
Q81TB4	Q81TB4	Q81TB4_BACAN	1	PF00268	322	direct
Q81TC5	Q81TC5	Q81TC5_BACAN	0		0	direct
Q81TD1	Q81TD1	Q81TD1_BACAN	0		0	direct
Q81TD3	Q81TD3	Q81TD3_BACAN	0		0	direct
Q81TE2	Q81TE2	Q81TE2_BACAN	1	PF00528	552	direct
Q81TG1	Q81TG1	LUTB_BACAN	3	PF13183;PF02589;PF11870	473	direct
Q81TH0	Q81TH0	Q81TH0_BACAN	0		0	direct
Q81TH2	Q81TH2	Q81TH2_BACAN	0		0	direct
Q81TH3	Q81TH3	Q81TH3_BACAN	0		0	direct
Q81TH5	Q81TH5	Q81TH5_BACAN	0		0	direct
Q81TH8	Q81TH8	POTA_BACAN	2	PF00005;PF08402	327	direct
Q81TH9	Q81TH9	Q81TH9_BACAN	0		0	direct
Q81TI7	Q81TI7	Q81TI7_BACAN	0		0	direct
Q81TK1	Q81TK1	ODO1_BACAN	3	PF00676;PF16870;PF02779	955	direct
Q81TK4	Q81TK4	Q81TK4_BACAN	0		0	direct
Q81TK5	Q81TK5	Q81TK5_BACAN	0		0	direct
Q81TK7	Q81TK7	Q81TK7_BACAN	0		0	direct
Q81TL7	Q81TL7	TRPA_BACAN	1	PF00290	258	direct
Q81TL8	Q81TL8	TRPB_BACAN	1	PF00291	397	direct
Q81TM1	Q81TM1	TRPD_BACAN	2	PF02885;PF00591	341	direct
Q81TM2	Q81TM2	Q81TM2_BACAN	0		0	direct
Q81TM3	Q81TM3	Q81TM3_BACAN	2	PF04715;PF00425	471	direct
Q81TM9	Q81TM9	Q81TM9_BACAN	0		0	direct
Q81TN1	Q81TN1	Q81TN1_BACAN	0		0	direct
Q81TN2	Q81TN2	Q81TN2_BACAN	2	PF00580;PF13361	657	direct
Q81TN3	Q81TN3	Q81TN3_BACAN	0		0	direct
Q81TN9	Q81TN9	Q81TN9_BACAN	0		0	direct
Q81TQ0	Q81TQ0	PRPE_BACAN	1	PF00149	246	direct
Q81TR0	Q81TR0	Q81TR0_BACAN	0		0	direct
Q81TR1	Q81TR1	Q81TR1_BACAN	0		0	direct
Q81TR2	Q81TR2	CLS2_BACAN	2	PF13091;PF13396	514	direct
Q81TR9	Q81TR9	Q81TR9_BACAN	0		0	direct
Q81TS1	Q81TS1	Q81TS1_BACAN	0		0	direct
Q81TS2	Q81TS2	Q81TS2_BACAN	0		0	direct
Q81TS3	Q81TS3	Q81TS3_BACAN	0		0	direct
Q81TT3	Q81TT3	Q81TT3_BACAN	0		0	direct
Q81TT4	Q81TT4	CLPB_BACAN	5	PF00004;PF07724;PF17871;PF02861;PF10431	866	direct
Q81TT5	Q81TT5	Q81TT5_BACAN	0		0	direct
Q81TT6	Q81TT6	Q81TT6_BACAN	0		0	direct
Q81TU4	Q81TU4	Y1166_BACAN	1	PF04461	163	direct
Q81TU8	Q81TU8	Q81TU8_BACAN	0		0	direct
Q81TU9	Q81TU9	CPFC2_BACAN	1	PF00762	319	direct
Q81TW1	Q81TW1	ADDA_BACAN	3	PF12705;PF00580;PF13361	1241	direct
Q81TW2	Q81TW2	ADDB_BACAN	4	PF27467;PF21445;PF12705;PF13361	1171	direct
Q81TX2	Q81TX2	Q81TX2_BACAN	0		0	direct
Q81TX4	Q81TX4	Q81TX4_BACAN	0		0	direct
Q81TY3	Q81TY3	Q81TY3_BACAN	0		0	direct
Q81TY6	Q81TY6	Q81TY6_BACAN	0		0	direct
Q81TY9	Q81TY9	Q81TY9_BACAN	0		0	direct
Q81TZ1	Q81TZ1	Q81TZ1_BACAN	0		31	direct
Q81U00	Q81U00	Q81U00_BACAN	0		0	direct
Q81U05	Q81U05	Q81U05_BACAN	0		0	direct
Q81U06	Q81U06	Q81U06_BACAN	0		0	direct
Q81U08	Q81U08	Q81U08_BACAN	0		0	direct
Q81U13	Q81U13	Q81U13_BACAN	0		0	direct
Q81U20	Q81U20	Q81U20_BACAN	0		0	direct
Q81U22	Q81U22	CPFC1_BACAN	1	PF00762	311	direct
Q81U26	Q81U26	Q81U26_BACAN	0		0	direct
Q81U40	Q81U40	Q81U40_BACAN	0		0	direct
Q81U46	Q81U46	Q81U46_BACAN	0		0	direct
Q81U48	Q81U48	Q81U48_BACAN	0		0	direct
Q81U49	Q81U49	Q81U49_BACAN	0		0	direct
Q81U51	Q81U51	Q81U51_BACAN	0		0	direct
Q81U58	Q81U58	GLPK_BACAN	2	PF02782;PF00370	496	direct
Q81U69	Q81U69	Q81U69_BACAN	0		0	direct
Q81U73	Q81U73	Q81U73_BACAN	0		0	direct
Q81U78	Q81U78	Q81U78_BACAN	0		0	direct
Q81U80	Q81U80	Q81U80_BACAN	0		0	direct
Q81UB3	Q81UB3	Q81UB3_BACAN	0		0	direct
Q81UC7	Q81UC7	Q81UC7_BACAN	0		0	direct
Q81UC9	Q81UC9	Q81UC9_BACAN	0		0	direct
Q81UD8	Q81UD8	Q81UD8_BACAN	0		0	direct
Q81UE4	Q81UE4	Q81UE4_BACAN	0		0	direct
Q81UE9	Q81UE9	Q81UE9_BACAN	0		0	direct
Q81UF0	Q81UF0	Q81UF0_BACAN	0		0	direct
Q81UG6	Q81UG6	Q81UG6_BACAN	0		0	direct
Q81UH0	Q81UH0	Q81UH0_BACAN	0		0	direct
Q81UH1	Q81UH1	Y901_BACAN	1	PF05544	331	direct
Q81UH3	Q81UH3	Q81UH3_BACAN	1	PF01170	284	direct
Q81UH9	Q81UH9	Q81UH9_BACAN	0		0	direct
Q81UI1	Q81UI1	Q81UI1_BACAN	0		0	direct
Q81UI7	Q81UI7	SECA2_BACAN	4	PF21090;PF07517;PF01043;PF07516	788	direct
Q81UJ3	Q81UJ3	Q81UJ3_BACAN	0		0	direct
Q81UJ6	Q81UJ6	Q81UJ6_BACAN	0		0	direct
Q81UJ7	Q81UJ7	Q81UJ7_BACAN	0		0	direct
Q81UJ9	Q81UJ9	3MGH_BACAN	1	PF02245	205	direct
Q81UK1	Q81UK1	Q81UK1_BACAN	0		0	direct
Q81UK2	Q81UK2	Q81UK2_BACAN	0		0	direct
Q81UK8	Q81UK8	Q81UK8_BACAN	0		0	direct
Q81UL0	Q81UL0	Q81UL0_BACAN	0		0	direct
Q81UL3	Q81UL3	Q81UL3_BACAN	0		0	direct
Q81UL4	Q81UL4	Q81UL4_BACAN	0		0	direct
Q81UL6	Q81UL6	Q81UL6_BACAN	0		0	direct
Q81UL9	Q81UL9	Q81UL9_BACAN	0		0	direct
Q81UM1	Q81UM1	Q81UM1_BACAN	3	PF00199;PF06628;PF18011	661	direct
Q81UM4	Q81UM4	Q81UM4_BACAN	0		0	direct
Q81UM5	Q81UM5	Q81UM5_BACAN	0		0	direct
Q81UN5	Q81UN5	Q81UN5_BACAN	0		0	direct
Q81UP1	Q81UP1	MURQ_BACAN	1	PF22645	294	direct
Q81UP8	Q81UP8	Q81UP8_BACAN	0		0	direct
Q81UR5	Q81UR5	Q81UR5_BACAN	0		0	direct
Q81US6	Q81US6	Q81US6_BACAN	0		0	direct
Q81US9	Q81US9	Q81US9_BACAN	0		0	direct
Q81UU1	Q81UU1	Q81UU1_BACAN	0		0	direct
Q81UV4	Q81UV4	Q81UV4_BACAN	0		0	direct
Q81UW3	Q81UW3	Q81UW3_BACAN	0		0	direct
Q81UX8	Q81UX8	Q81UX8_BACAN	0		0	direct
Q81UY5	Q81UY5	Q81UY5_BACAN	0		0	direct
Q81UY7	Q81UY7	Q81UY7_BACAN	0		0	direct
Q81UZ0	Q81UZ0	Q81UZ0_BACAN	0		0	direct
Q81UZ6	Q81UZ6	Q81UZ6_BACAN	1	PF03323	478	direct
Q81V02	Q81V02	Q81V02_BACAN	0		0	direct
Q81V12	Q81V12	Q81V12_BACAN	0		0	direct
Q81V23	Q81V23	Q81V23_BACAN	0		0	direct
Q81V26	Q81V26	Q81V26_BACAN	1	PF03372	338	direct
Q81V32	Q81V32	Q81V32_BACAN	0		0	direct
Q81V33	Q81V33	TAL1_BACAN	1	PF00923	215	direct
Q81V35	Q81V35	Q81V35_BACAN	0		0	direct
Q81V37	Q81V37	RBSD_BACAN	1	PF05025	131	direct
Q81V38	Q81V38	Q81V38_BACAN	0		0	direct
Q81V40	Q81V40	Q81V40_BACAN	0		0	direct
Q81V44	Q81V44	Q81V44_BACAN	0		0	direct
Q81V48	Q81V48	Q81V48_BACAN	0		0	direct
Q81V61	Q81V61	Q81V61_BACAN	0		0	direct
Q81V65	Q81V65	Q81V65_BACAN	0		0	direct
Q81V68	Q81V68	Q81V68_BACAN	0		0	direct
Q81V70	Q81V70	Q81V70_BACAN	0		0	direct
Q81V72	Q81V72	Q81V72_BACAN	0		0	direct
Q81V76	Q81V76	Q81V76_BACAN	0		0	direct
Q81V83	Q81V83	Q81V83_BACAN	0		0	direct
Q81V90	Q81V90	Q81V90_BACAN	0		0	direct
Q81V91	Q81V91	Q81V91_BACAN	0		0	direct
Q81V99	Q81V99	Q81V99_BACAN	0		0	direct
Q81VA2	Q81VA2	Q81VA2_BACAN	0		0	direct
Q81VA3	Q81VA3	Q81VA3_BACAN	0		0	direct
Q81VA6	Q81VA6	Q81VA6_BACAN	0		0	direct
Q81VA8	Q81VA8	Q81VA8_BACAN	0		0	direct
Q81VB3	Q81VB3	Q81VB3_BACAN	0		0	direct
Q81VB5	Q81VB5	Q81VB5_BACAN	0		0	direct
Q81VC2	Q81VC2	Q81VC2_BACAN	0		0	direct
Q81VD3	Q81VD3	Q81VD3_BACAN	0		0	direct
Q81VE0	Q81VE0	GUAA_BACAN	3	PF00117;PF00958;PF02540	512	direct
Q81VE1	Q81VE1	CH60_BACAN	1	PF00118	544	direct
Q81VF6	Q81VF6	Q81VF6_BACAN	0		0	direct
Q81VG2	Q81VG2	Q81VG2_BACAN	0		0	direct
Q81VG5	Q81VG5	Q81VG5_BACAN	0		0	direct
Q81VG6	Q81VG6	Q81VG6_BACAN	0		0	direct
Q81VJ7	Q81VJ7	Y200_BACAN	1	PF06800	283	direct
Q81VK2	Q81VK2	Q81VK2_BACAN	0		0	direct
Q81VK9	Q81VK9	Q81VK9_BACAN	0		0	direct
Q81VL0	Q81VL0	Q81VL0_BACAN	0		0	direct
Q81VL1	Q81VL1	Q81VL1_BACAN	0		0	direct
Q81VL2	Q81VL2	Q81VL2_BACAN	0		0	direct
Q81VL5	Q81VL5	Q81VL5_BACAN	0		0	direct
Q81VL6	Q81VL6	Q81VL6_BACAN	0		0	direct
Q81VL8	Q81VL8	Q81VL8_BACAN	2	PF04030;PF01565	471	direct
Q81VM1	Q81VM1	Q81VM1_BACAN	0		0	direct
Q81VM2	Q81VM2	METN1_BACAN	2	PF00005;PF09383	346	direct
Q81VN1	Q81VN1	Q81VN1_BACAN	0		0	direct
Q81VN9	Q81VN9	Q81VN9_BACAN	0		0	direct
Q81VP2	Q81VP2	Q81VP2_BACAN	0		0	direct
Q81VQ0	Q81VQ0	Q81VQ0_BACAN	0		0	direct
Q81VQ2	Q81VQ2	ECFA1_BACAN	2	PF00005;PF27471	280	direct
Q81VQ8	Q81VQ8	Q81VQ8_BACAN	0		0	direct
Q81VR0	Q81VR0	Q81VR0_BACAN	0		0	direct
Q81VT3	Q81VT3	EFG_BACAN	5	PF00679;PF14492;PF03764;PF00009;PF03144	692	direct
Q81VT8	Q81VT8	RPOB_BACAN	6	PF04563;PF04561;PF04565;PF10385;PF00562;PF04560	1177	direct
Q81VT9	Q81VT9	Q81VT9_BACAN	0		0	direct
Q81VU9	Q81VU9	Q81VU9_BACAN	0		0	direct
Q81VV3	Q81VV3	SYE_BACAN	2	PF19269;PF00749	485	direct
Q81VV7	Q81VV7	DISA_BACAN	2	PF02457;PF10635	357	direct
Q81VV9	Q81VV9	Q81VV9_BACAN	0		0	direct
Q81VW1	Q81VW1	Q81VW1_BACAN	0		0	direct
Q81VW3	Q81VW3	SYK_BACAN	2	PF00152;PF01336	499	direct
Q81VX2	Q81VX2	Q81VX2_BACAN	0		0	direct
Q81VX3	Q81VX3	HSLO_BACAN	1	PF01430	291	direct
Q81VX4	Q81VX4	COAX_BACAN	1	PF03309	262	direct
Q81VX5	Q81VX5	Q81VX5_BACAN	0		0	direct
Q81VX8	Q81VX8	Q81VX8_BACAN	2	PF07228;PF19732	792	direct
Q81VX9	Q81VX9	Q81VX9_BACAN	0		0	direct
Q81VY6	Q81VY6	Q81VY6_BACAN	0		0	direct
Q81VY7	Q81VY7	Q81VY7_BACAN	0		0	direct
Q81W03	Q81W03	SYM1_BACAN	3	PF19303;PF09334;PF01588	660	direct
Q81W05	Q81W05	Q81W05_BACAN	0		0	direct
Q81W12	Q81W12	Q81W12_BACAN	0		0	direct
Q81W18	Q81W18	Q81W18_BACAN	0		0	direct
Q81W25	Q81W25	SYS_BACAN	2	PF02403;PF00587	424	direct
Q81W27	Q81W27	PDXS_BACAN	1	PF01680	295	direct
Q81W39	Q81W39	Q81W39_BACAN	0		0	direct
Q81W61	Q81W61	Q81W61_BACAN	0		0	direct
Q81W65	Q81W65	Q81W65_BACAN	0		0	direct
Q81W74	Q81W74	Q81W74_BACAN	0		0	direct
Q81W86	Q81W86	Q81W86_BACAN	0		0	direct
Q81WA0	Q81WA0	Q81WA0_BACAN	1	PF10145	959	direct
Q81WB2	Q81WB2	Q81WB2_BACAN	0		0	direct
Q81WC3	Q81WC3	RSMH_BACAN	1	PF01795	310	direct
Q81WC4	Q81WC4	FTSL_BACAN	1	PF04977	120	direct
Q81WC9	Q81WC9	MURD_BACAN	3	PF02875;PF08245;PF21799	450	direct
Q81WD3	Q81WD3	Q81WD3_BACAN	0		0	direct
Q81WE3	Q81WE3	Q81WE3_BACAN	0		0	direct
Q81WE4	Q81WE4	SYI1_BACAN	3	PF08264;PF00133;PF06827	921	direct
Q81WE9	Q81WE9	PYRB_BACAN	2	PF00185;PF02729	304	direct
Q81WF0	Q81WF0	PYRC_BACAN	2	PF07969;PF12890	428	direct
Q81WF2	Q81WF2	CARB_BACAN	4	PF25596;PF02786;PF02787;PF02142	1072	direct
Q81WF3	Q81WF3	PYRK_BACAN	2	PF10418;PF00175	259	direct
Q81WF4	Q81WF4	PYRDB_BACAN	1	PF01180	309	direct
Q81WH6	Q81WH6	PRKC_BACAN	2	PF03793;PF00069	657	direct
Q81WH8	Q81WH8	Q81WH8_BACAN	0		0	direct
Q81WI9	Q81WI9	Q81WI9_BACAN	0		0	direct
Q81WK2	Q81WK2	Q81WK2_BACAN	0		0	direct
Q81WK3	Q81WK3	TRMFO_BACAN	1	PF01134	434	direct
Q81WK6	Q81WK6	HSLU_BACAN	3	PF00004;PF07724;PF10431	463	direct
Q81WL8	Q81WL8	Q81WL8_BACAN	0		0	direct
Q81WM3	Q81WM3	IF2_BACAN	4	PF22042;PF00009;PF11987;PF04760	686	direct
Q81WM4	Q81WM4	Q81WM4_BACAN	0		0	direct
Q81WM8	Q81WM8	PNP_BACAN	5	PF00013;PF03726;PF01138;PF03725;PF00575	712	direct
Q81WN6	Q81WN6	Q81WN6_BACAN	0		0	direct
Q81WP7	Q81WP7	Q81WP7_BACAN	0		0	direct
Q81WQ0	Q81WQ0	Q81WQ0_BACAN	0		0	direct
Q81WQ8	Q81WQ8	Q81WQ8_BACAN	0		0	direct
Q81WR2	Q81WR2	Q81WR2_BACAN	0		0	direct
Q81WR4	Q81WR4	MUTL_BACAN	3	PF01119;PF13589;PF08676	626	direct
Q81WS0	Q81WS0	Q81WS0_BACAN	0		0	direct
Q81WS3	Q81WS3	Q81WS3_BACAN	0		0	direct
Q81WT3	Q81WT3	CIDA2_BACAN	1	PF03788	118	direct
Q81WU4	Q81WU4	PEPT_BACAN	2	PF07687;PF01546	410	direct
Q81WV1	Q81WV1	Q81WV1_BACAN	0		0	direct
Q81WV8	Q81WV8	Q81WV8_BACAN	0		0	direct
Q81WV9	Q81WV9	Q81WV9_BACAN	0		0	direct
Q81WW1	Q81WW1	Q81WW1_BACAN	0		0	direct
Q81WW2	Q81WW2	Q81WW2_BACAN	0		0	direct
Q81WW5	Q81WW5	Q81WW5_BACAN	1	PF04238	179	direct
Q81WX2	Q81WX2	Q81WX2_BACAN	0		0	direct
Q81WX8	Q81WX8	Q81WX8_BACAN	0		0	direct
Q81WY2	Q81WY2	Q81WY2_BACAN	0		0	direct
Q81WY3	Q81WY3	Q81WY3_BACAN	0		0	direct
Q81WY6	Q81WY6	Q81WY6_BACAN	0		0	direct
Q81WY7	Q81WY7	THIC_BACAN	2	PF13667;PF01964	586	direct
Q81WZ5	Q81WZ5	Q81WZ5_BACAN	0		0	direct
Q81X00	Q81X00	Q81X00_BACAN	0		0	direct
Q81X12	Q81X12	Q81X12_BACAN	0		0	direct
Q81X13	Q81X13	Q81X13_BACAN	0		0	direct
Q81X15	Q81X15	Q81X15_BACAN	3	PF00984;PF03720;PF03721	441	direct
Q81X16	Q81X16	Q81X16_BACAN	0		0	direct
Q81X21	Q81X21	Q81X21_BACAN	0		0	direct
Q81X31	Q81X31	Q81X31_BACAN	4	PF22694;PF13180;PF03572;PF01471	469	direct
Q81X37	Q81X37	Q81X37_BACAN	0		0	direct
Q81X48	Q81X48	Q81X48_BACAN	0		0	direct
Q81X55	Q81X55	Q81X55_BACAN	0		0	direct
Q81X58	Q81X58	Q81X58_BACAN	0		0	direct
Q81X61	Q81X61	WHIA_BACAN	3	PF02650;PF14527;PF10298	316	direct
Q81X62	Q81X62	Q81X62_BACAN	0		0	direct
Q81X63	Q81X63	CLPP2_BACAN	1	PF00574	193	direct
Q81X70	Q81X70	Q81X70_BACAN	0		0	direct
Q81X71	Q81X71	Q81X71_BACAN	0		0	direct
Q81X74	Q81X74	Q81X74_BACAN	0		0	direct
Q81X75	Q81X75	PGK_BACAN	1	PF00162	394	direct
Q81X77	Q81X77	GPMI_BACAN	2	PF06415;PF01676	509	direct
Q81X78	Q81X78	ENO_BACAN	2	PF00113;PF03952	431	direct
Q81X81	Q81X81	Q81X81_BACAN	0		0	direct
Q81X84	Q81X84	Q81X84_BACAN	0		0	direct
Q81X85	Q81X85	Q81X85_BACAN	1	PF01844	109	direct
Q81XA3	Q81XA3	Q81XA3_BACAN	0		0	direct
Q81XA4	Q81XA4	Q81XA4_BACAN	0		0	direct
Q81XA6	Q81XA6	Q81XA6_BACAN	0		0	direct
Q81XB4	Q81XB4	Q81XB4_BACAN	0		0	direct
Q81XC2	Q81XC2	Q81XC2_BACAN	0		0	direct
Q81XC3	Q81XC3	Q81XC3_BACAN	0		0	direct
Q81XD7	Q81XD7	Q81XD7_BACAN	0		0	direct
Q81XE1	Q81XE1	Q81XE1_BACAN	0		0	direct
Q81XE3	Q81XE3	Q81XE3_BACAN	0		0	direct
Q81XF5	Q81XF5	Q81XF5_BACAN	0		0	direct
Q81XF7	Q81XF7	Q81XF7_BACAN	0		0	direct
Q81XG9	Q81XG9	Q81XG9_BACAN	0		0	direct
Q81XH0	Q81XH0	Q81XH0_BACAN	0		0	direct
Q81XH4	Q81XH4	YIDC1_BACAN	1	PF02096	260	direct
Q81XH6	Q81XH6	Q81XH6_BACAN	0		0	direct
Q81XI0	Q81XI0	Q81XI0_BACAN	0		0	direct
Q81XI1	Q81XI1	Q81XI1_BACAN	0		0	direct
Q81XI5	Q81XI5	Q81XI5_BACAN	0		0	direct
Q81XI8	Q81XI8	Q81XI8_BACAN	0		0	direct
Q81XJ3	Q81XJ3	Q81XJ3_BACAN	0		0	direct
Q81XM1	Q81XM1	Q81XM1_BACAN	0		0	direct
Q81XN0	Q81XN0	Q81XN0_BACAN	0		0	direct
Q81XP0	Q81XP0	Q81XP0_BACAN	0		0	direct
Q81XP1	Q81XP1	Q81XP1_BACAN	0		0	direct
Q81XQ3	Q81XQ3	Q81XQ3_BACAN	0		0	direct
Q81XR1	Q81XR1	Y5172_BACAN	1	PF07293	79	direct
Q81XR2	Q81XR2	DAPF_BACAN	1	PF01678	288	direct
Q81XR3	Q81XR3	Q81XR3_BACAN	0		0	direct
Q81XR7	Q81XR7	Q81XR7_BACAN	0		0	direct
Q81XR8	Q81XR8	Q81XR8_BACAN	0		0	direct
Q81XS0	Q81XS0	FENR2_BACAN	1	PF07992	331	direct
Q81XS4	Q81XS4	Q81XS4_BACAN	0		0	direct
Q81XS6	Q81XS6	Q81XS6_BACAN	0		0	direct
Q81XS7	Q81XS7	Q81XS7_BACAN	0		0	direct
Q81XT1	Q81XT1	Q81XT1_BACAN	0		0	direct
Q81XT3	Q81XT3	SYG_BACAN	3	PF28494;PF03129;PF00587	458	direct
Q81XU9	Q81XU9	Q81XU9_BACAN	0		0	direct
Q81XV4	Q81XV4	Q81XV4_BACAN	0		0	direct
Q81XX6	Q81XX6	Q81XX6_BACAN	0		0	direct
Q81XX7	Q81XX7	Q81XX7_BACAN	0		0	direct
Q81XX8	Q81XX8	Q81XX8_BACAN	0		0	direct
Q81XX9	Q81XX9	Q81XX9_BACAN	0		0	direct
Q81XY2	Q81XY2	Q81XY2_BACAN	0		0	direct
Q81XY5	Q81XY5	Q81XY5_BACAN	0		0	direct
Q81XZ0	Q81XZ0	Q81XZ0_BACAN	0		0	direct
Q81XZ4	Q81XZ4	Q81XZ4_BACAN	0		0	direct
Q81Y03	Q81Y03	Q81Y03_BACAN	0		0	direct
Q81Y09	Q81Y09	Q81Y09_BACAN	0		0	direct
Q81Y15	Q81Y15	Q81Y15_BACAN	0		0	direct
Q81Y21	Q81Y21	Q81Y21_BACAN	0		0	direct
Q81Y22	Q81Y22	Q81Y22_BACAN	0		0	direct
Q81Y46	Q81Y46	HUTU_BACAN	3	PF01175;PF17392;PF17391	552	direct
Q81Y51	Q81Y51	Q81Y51_BACAN	0		0	direct
Q81Y52	Q81Y52	Q81Y52_BACAN	0		0	direct
Q81Y62	Q81Y62	Q81Y62_BACAN	0		0	direct
Q81Y80	Q81Y80	Q81Y80_BACAN	0		0	direct
Q81Y98	Q81Y98	Q81Y98_BACAN	0		0	direct
Q81YA7	Q81YA7	Q81YA7_BACAN	0		0	direct
Q81YB5	Q81YB5	Q81YB5_BACAN	1	PF13809	1156	direct
Q81YB7	Q81YB7	Q81YB7_BACAN	0		0	direct
Q81YC1	Q81YC1	Q81YC1_BACAN	0		0	direct
Q81YC4	Q81YC4	Q81YC4_BACAN	0		0	direct
Q81YC9	Q81YC9	Q81YC9_BACAN	0		0	direct
Q81YD6	Q81YD6	Q81YD6_BACAN	0		0	direct
Q81YE0	Q81YE0	Q81YE0_BACAN	0		0	direct
Q81YE5	Q81YE5	Q81YE5_BACAN	2	PF14698;PF00206	502	direct
Q81YE8	Q81YE8	Q81YE8_BACAN	0		0	direct
Q81YF4	Q81YF4	Q81YF4_BACAN	0		296	direct
Q81YF9	Q81YF9	Q81YF9_BACAN	0		0	direct
Q81YG6	Q81YG6	Q81YG6_BACAN	0		0	direct
Q81YG7	Q81YG7	Q81YG7_BACAN	0		0	direct
Q81YG8	Q81YG8	Q81YG8_BACAN	0		0	direct
Q81YH4	Q81YH4	Q81YH4_BACAN	0		0	direct
Q81YI3	Q81YI3	Q81YI3_BACAN	0		0	direct
Q81YJ4	Q81YJ4	Q81YJ4_BACAN	0		0	direct
Q81YL5	Q81YL5	Q81YL5_BACAN	0		0	direct
Q81YN3	Q81YN3	Q81YN3_BACAN	0		0	direct
Q81YP2	Q81YP2	Q81YP2_BACAN	0		0	direct
Q81YP4	Q81YP4	Q81YP4_BACAN	0		0	direct
Q81YS3	Q81YS3	Q81YS3_BACAN	0		0	direct
Q81YS4	Q81YS4	Q81YS4_BACAN	0		0	direct
Q81YS7	Q81YS7	Q81YS7_BACAN	0		0	direct
Q81YS9	Q81YS9	Q81YS9_BACAN	0		0	direct
Q81YT1	Q81YT1	Y551_BACAN	1	PF04285	391	direct
Q81YV0	Q81YV0	GSA1_BACAN	1	PF00202	434	direct
Q81YV1	Q81YV1	Q81YV1_BACAN	0		0	direct
Q81YW6	Q81YW6	Q81YW6_BACAN	0		0	direct
Q81YX2	Q81YX2	Q81YX2_BACAN	0		0	direct
Q81YX4	Q81YX4	Q81YX4_BACAN	1	PF00535	528	direct
Q81YZ4	Q81YZ4	Q81YZ4_BACAN	0		0	direct
Q81Z00	Q81Z00	Q81Z00_BACAN	0		0	direct
Q81Z04	Q81Z04	Q81Z04_BACAN	0		0	direct
Q81Z36	Q81Z36	Q81Z36_BACAN	1	PF07261	247	direct
Q81Z39	Q81Z39	Q81Z39_BACAN	0		0	direct
Q81Z49	Q81Z49	Q81Z49_BACAN	0		0	direct
Q81Z52	Q81Z52	Q81Z52_BACAN	0		0	direct
Q81Z55	Q81Z55	Q81Z55_BACAN	0		0	direct
Q81Z69	Q81Z69	Q81Z69_BACAN	0		0	direct
Q81Z75	Q81Z75	Q81Z75_BACAN	0		257	direct
Q81Z76	Q81Z76	SYP2_BACAN	3	PF03129;PF09180;PF00587	508	direct
Q81Z87	Q81Z87	Q81Z87_BACAN	0		0	direct
Q81Z88	Q81Z88	Q81Z88_BACAN	0		0	direct
Q81Z89	Q81Z89	Q81Z89_BACAN	0		0	direct
Q81Z90	Q81Z90	Q81Z90_BACAN	0		0	direct
Q81Z95	Q81Z95	THIE_BACAN	1	PF02581	219	direct
Q81Z97	Q81Z97	TOP3_BACAN	2	PF01131;PF01751	729	direct
Q81Z98	Q81Z98	Q81Z98_BACAN	0		0	direct
Q81ZA1	Q81ZA1	Q81ZA1_BACAN	0		0	direct
Q81ZA2	Q81ZA2	Q81ZA2_BACAN	0		0	direct
Q81ZB1	Q81ZB1	Q81ZB1_BACAN	0		0	direct
Q81ZC1	Q81ZC1	Q81ZC1_BACAN	0		0	direct
Q81ZC9	Q81ZC9	Q81ZC9_BACAN	0		0	direct
Q81ZD5	Q81ZD5	Q81ZD5_BACAN	0		0	direct
Q81ZD6	Q81ZD6	Y333_BACAN	3	PF01938;PF02475;PF05958	458	direct
Q81ZE0	Q81ZE0	Q81ZE0_BACAN	0		0	direct
Q81ZE1	Q81ZE1	Q81ZE1_BACAN	0		0	direct
Q81ZE2	Q81ZE2	Q81ZE2_BACAN	0		0	direct
Q81ZE3	Q81ZE3	Q81ZE3_BACAN	0		0	direct
Q81ZE5	Q81ZE5	Q81ZE5_BACAN	0		0	direct
Q81ZE6	Q81ZE6	Q81ZE6_BACAN	0		0	direct
Q81ZE7	Q81ZE7	GATB_BACAN	2	PF02934;PF02637	475	direct
Q81ZF0	Q81ZF0	Q81ZF0_BACAN	0		0	direct
Q81ZF3	Q81ZF3	Q81ZF3_BACAN	0		0	direct
Q81ZF8	Q81ZF8	ROCA_BACAN	1	PF00171	515	direct
Q81ZF9	Q81ZF9	Q81ZF9_BACAN	0		0	direct
Q81ZG1	Q81ZG1	DNLJ_BACAN	7	PF00533;PF01653;PF03119;PF12826;PF14520;PF22745;PF03120	669	direct
Q81ZG7	Q81ZG7	Q81ZG7_BACAN	0		0	direct
Q81ZH5	Q81ZH5	PUR7_BACAN	1	PF01259	239	direct
Q81ZH8	Q81ZH8	Q81ZH8_BACAN	0		0	direct
Q846V4	Q846V4	Q846V4_STAAU	2	PF08764;PF04022	660	direct
Q84CF6	Q84CF6	Q84CF6_LISMN	4	PF09479;PF00746;PF12799;PF08191	739	direct
Q8CK76	Q8CK76	Q8CK76_YERPE	0		0	direct
Q8CK80	Q8CK80	Q8CK80_YERPE	0		490	direct
Q8CK83	Q8CK83	Q8CK83_YERPE	1	PF13535	424	direct
Q8CKA6	Q8CKA6	Q8CKA6_YERPE	0		51	direct
Q8CKB2	Q8CKB2	Q8CKB2_YERPE	0		0	direct
Q8CKB6	Q8CKB6	Q8CKB6_YERPE	0		0	direct
Q8CKC4	Q8CKC4	Q8CKC4_YERPE	0		0	direct
Q8CKC6	Q8CKC6	LPT_YERPE	1	PF08254	22	direct
Q8CKD1	Q8CKD1	Q8CKD1_YERPE	1	PF01810	225	direct
Q8CKD5	Q8CKD5	Q8CKD5_YERPE	0		0	direct
Q8CKD8	Q8CKD8	Q8CKD8_YERPE	2	PF09850;PF00691	545	direct
Q8CKF4	Q8CKF4	Q8CKF4_YERPE	0		0	direct
Q8CKF8	Q8CKF8	Q8CKF8_YERPE	0		0	direct
Q8CKH6	Q8CKH6	Q8CKH6_YERPE	0		0	direct
Q8CKH7	Q8CKH7	Q8CKH7_YERPE	0		0	direct
Q8CKI1	Q8CKI1	Q8CKI1_YERPE	0		0	direct
Q8CKI2	Q8CKI2	Q8CKI2_YERPE	0		0	direct
Q8CKI5	Q8CKI5	Q8CKI5_YERPE	0		0	direct
Q8CKI8	Q8CKI8	Q8CKI8_YERPE	0		0	direct
Q8CKI9	Q8CKI9	Q8CKI9_YERPE	1	PF07690	448	direct
Q8CKJ5	Q8CKJ5	Q8CKJ5_YERPE	0		0	direct
Q8CKL9	Q8CKL9	Q8CKL9_YERPE	0		54	direct
Q8CKM0	Q8CKM0	Q8CKM0_YERPE	0		0	direct
Q8CKM1	Q8CKM1	Q8CKM1_YERPE	0		0	direct
Q8CKM2	Q8CKM2	Q8CKM2_YERPE	0		0	direct
Q8CKM5	Q8CKM5	Q8CKM5_YERPE	0		0	direct
Q8CKN0	Q8CKN0	Q8CKN0_YERPE	0		0	direct
Q8CKN3	Q8CKN3	Q8CKN3_YERPE	0		0	direct
Q8CKN5	Q8CKN5	Q8CKN5_YERPE	0		0	direct
Q8CKN6	Q8CKN6	Q8CKN6_YERPE	1	PF03797	733	direct
Q8CKQ9	Q8CKQ9	Q8CKQ9_YERPE	0		0	direct
Q8CKV8	Q8CKV8	Q8CKV8_YERPE	0		0	direct
Q8CKW7	Q8CKW7	Q8CKW7_YERPE	0		0	direct
Q8CKW8	Q8CKW8	Q8CKW8_YERPE	0		0	direct
Q8CKX1	Q8CKX1	Q8CKX1_YERPE	0		0	direct
Q8CKX2	Q8CKX2	Q8CKX2_YERPE	0		0	direct
Q8CKY6	Q8CKY6	Q8CKY6_YERPE	0		0	direct
Q8CKY9	Q8CKY9	Q8CKY9_YERPE	0		0	direct
Q8CL08	Q8CL08	Q8CL08_YERPE	0		0	direct
Q8CL24	Q8CL24	Q8CL24_YERPE	0		0	direct
Q8CL29	Q8CL29	Q8CL29_YERPE	0		0	direct
Q8CL30	Q8CL30	Q8CL30_YERPE	0		0	direct
Q8CL35	Q8CL35	Q8CL35_YERPE	0		0	direct
Q8CL50	Q8CL50	Q8CL50_YERPE	0		0	direct
Q8CL55	Q8CL55	Q8CL55_YERPE	0		0	direct
Q8CL86	Q8CL86	Q8CL86_YERPE	0		0	direct
Q8CL88	Q8CL88	Q8CL88_YERPE	0		0	direct
Q8CL89	Q8CL89	Q8CL89_YERPE	0		0	direct
Q8CLA8	Q8CLA8	Q8CLA8_YERPE	0		0	direct
Q8CLC4	Q8CLC4	Q8CLC4_YERPE	0		0	direct
Q8CLD0	Q8CLD0	Q8CLD0_YERPE	0		0	direct
Q8CLD1	Q8CLD1	Q8CLD1_YERPE	0		0	direct
Q8CLD5	Q8CLD5	Q8CLD5_YERPE	0		0	direct
Q8CLD7	Q8CLD7	Q8CLD7_YERPE	0		0	direct
Q8CLD8	Q8CLD8	Q8CLD8_YERPE	3	PF06761;PF14331;PF06744	1192	direct
Q8CLE0	Q8CLE0	Q8CLE0_YERPE	1	PF05638	189	direct
Q8CLE4	Q8CLE4	Q8CLE4_YERPE	0		0	direct
Q8CLE5	Q8CLE5	Q8CLE5_YERPE	0		0	direct
Q8CLE6	Q8CLE6	Q8CLE6_YERPE	0		250	direct
Q8CLF6	Q8CLF6	Q8CLF6_YERPE	0		0	direct
Q8CLK2	Q8CLK2	Q8CLK2_YERPE	0		0	direct
Q8CLM4	Q8CLM4	Q8CLM4_YERPE	0		0	direct
Q8CLN2	Q8CLN2	Q8CLN2_YERPE	1	PF15919	170	direct
Q8CLN8	Q8CLN8	Q8CLN8_YERPE	0		0	direct
Q8CLN9	Q8CLN9	Q8CLN9_YERPE	2	PF07510;PF03235	670	direct
Q8CLP4	Q8CLP4	Q8CLP4_YERPE	0		0	direct
Q8CLP9	Q8CLP9	Q8CLP9_YERPE	1	PF07338	53	direct
Q8CLQ7	Q8CLQ7	Q8CLQ7_YERPE	0		0	direct
Q8CLQ8	Q8CLQ8	Q8CLQ8_YERPE	0		0	direct
Q8CLQ9	Q8CLQ9	Q8CLQ9_YERPE	0		0	direct
Q8CLR4	Q8CLR4	Q8CLR4_YERPE	0		0	direct
Q8CLR7	Q8CLR7	Q8CLR7_YERPE	1	PF16967	782	direct
Q8CLS0	Q8CLS0	Q8CLS0_YERPE	1	PF03272	403	direct
Q8CLS7	Q8CLS7	Q8CLS7_YERPE	0		0	direct
Q8CLT0	Q8CLT0	Q8CLT0_YERPE	1	PF06996	365	direct
Q8CLT1	Q8CLT1	Q8CLT1_YERPE	0		0	direct
Q8CLT3	Q8CLT3	Q8CLT3_YERPE	0		0	direct
Q8CLU2	Q8CLU2	Q8CLU2_YERPE	0		0	direct
Q8CLU9	Q8CLU9	Q8CLU9_YERPE	1	PF13539	136	direct
Q8CLV1	Q8CLV1	Q8CLV1_YERPE	0		0	direct
Q8CLV2	Q8CLV2	Q8CLV2_YERPE	0		0	direct
Q8CLY1	Q8CLY1	Q8CLY1_YERPE	0		0	direct
Q8CWG4	Q8CWG4	Q8CWG4_YERPE	2	PF01266;PF16901	532	direct
Q8CWG5	Q8CWG5	Q8CWG5_YERPE	4	PF25601;PF02954;PF00072;PF00158	493	direct
Q8CWH0	Q8CWH0	Q8CWH0_YERPE	2	PF01476;PF01464	483	direct
Q8CWH4	Q8CWH4	Q8CWH4_YERPE	0		0	direct
Q8CWH5	Q8CWH5	Q8CWH5_YERPE	1	PF07690	425	direct
Q8CWH7	Q8CWH7	Q8CWH7_YERPE	1	PF01047	178	direct
Q8CWH9	Q8CWH9	Q8CWH9_YERPE	0		0	direct
Q8CWI1	Q8CWI1	Q8CWI1_YERPE	0		0	direct
Q8CWI4	Q8CWI4	Q8CWI4_YERPE	0		0	direct
Q8CZF9	Q8CZF9	Q8CZF9_YERPE	0		0	direct
Q8CZG2	Q8CZG2	Q8CZG2_YERPE	1	PF08282	296	direct
Q8CZH3	Q8CZH3	Q8CZH3_YERPE	1	PF00419	214	direct
Q8CZH4	Q8CZH4	Q8CZH4_YERPE	2	PF13954;PF00577	609	direct
Q8CZH6	Q8CZH6	Q8CZH6_YERPE	2	PF02753;PF00345	275	direct
Q8CZH7	Q8CZH7	Q8CZH7_YERPE	0		0	direct
Q8CZJ0	Q8CZJ0	Q8CZJ0_YERPE	0		0	direct
Q8CZJ2	Q8CZJ2	Q8CZJ2_YERPE	1	PF00485	301	direct
Q8CZJ4	Q8CZJ4	Q8CZJ4_YERPE	1	PF00160	199	direct
Q8CZJ8	Q8CZJ8	Q8CZJ8_YERPE	0		0	direct
Q8CZJ9	Q8CZJ9	Q8CZJ9_YERPE	0		0	direct
Q8CZK5	Q8CZK5	Q8CZK5_YERPE	1	PF01116	313	direct
Q8CZK9	Q8CZK9	Q8CZK9_YERPE	0		0	direct
Q8CZL0	Q8CZL0	Q8CZL0_YERPE	2	PF07992;PF02852	460	direct
Q8CZL1	Q8CZL1	Q8CZL1_YERPE	2	PF18883;PF03797	1084	direct
Q8CZL4	Q8CZL4	Q8CZL4_YERPE	0		0	direct
Q8CZL7	Q8CZL7	Q8CZL7_YERPE	0		0	direct
Q8CZL8	Q8CZL8	Q8CZL8_YERPE	0		0	direct
Q8CZL9	Q8CZL9	Q8CZL9_YERPE	1	PF07690	453	direct
Q8CZM3	Q8CZM3	Q8CZM3_YERPE	2	PF06969;PF04055	459	direct
Q8CZM4	Q8CZM4	Q8CZM4_YERPE	3	PF02518;PF00512;PF00989	359	direct
Q8CZM5	Q8CZM5	Q8CZM5_YERPE	0		0	direct
Q8CZM8	Q8CZM8	Q8CZM8_YERPE	0		0	direct
Q8CZN4	Q8CZN4	Q8CZN4_YERPE	0		0	direct
Q8CZP1	Q8CZP1	Q8CZP1_YERPE	3	PF01464;PF14718;PF27553	649	direct
Q8CZQ2	Q8CZQ2	Q8CZQ2_YERPE	2	PF00126;PF03466	322	direct
Q8CZQ3	Q8CZQ3	Q8CZQ3_YERPE	3	PF02775;PF00205;PF02776	593	direct
Q8CZQ7	Q8CZQ7	Q8CZQ7_YERPE	1	PF07681	136	direct
Q8CZQ9	Q8CZQ9	Q8CZQ9_YERPE	2	PF07729;PF00392	292	direct
Q8CZR2	Q8CZR2	Q8CZR2_YERPE	0		0	direct
Q8CZR4	Q8CZR4	Q8CZR4_YERPE	2	PF00724;PF07992	682	direct
Q8CZR5	Q8CZR5	Q8CZR5_YERPE	0		0	direct
Q8CZR8	Q8CZR8	Q8CZR8_YERPE	0		0	direct
Q8CZS2	Q8CZS2	Q8CZS2_YERPE	0		0	direct
Q8CZT1	Q8CZT1	Q8CZT1_YERPE	0		0	direct
Q8CZT2	Q8CZT2	Q8CZT2_YERPE	0		0	direct
Q8CZT3	Q8CZT3	Q8CZT3_YERPE	0		0	direct
Q8CZT4	Q8CZT4	Q8CZT4_YERPE	0		0	direct
Q8CZT6	Q8CZT6	Q8CZT6_YERPE	0		0	direct
Q8CZT7	Q8CZT7	Q8CZT7_YERPE	2	PF00664;PF00005	591	direct
Q8CZT9	Q8CZT9	Q8CZT9_YERPE	0		0	direct
Q8CZU0	Q8CZU0	Q8CZU0_YERPE	0		0	direct
Q8CZU2	Q8CZU2	Q8CZU2_YERPE	0		0	direct
Q8CZU8	Q8CZU8	Q8CZU8_YERPE	0		0	direct
Q8CZU9	Q8CZU9	Q8CZU9_YERPE	0		0	direct
Q8CZV0	Q8CZV0	Q8CZV0_YERPE	3	PF00633;PF00730;PF14815	415	direct
Q8CZV1	Q8CZV1	Q8CZV1_YERPE	0		0	direct
Q8CZW0	Q8CZW0	Q8CZW0_YERPE	0		0	direct
Q8CZW3	Q8CZW3	Q8CZW3_YERPE	0		0	direct
Q8CZW4	Q8CZW4	Q8CZW4_YERPE	1	PF00258	193	direct
Q8CZW5	Q8CZW5	Q8CZW5_YERPE	0		0	direct
Q8CZW8	Q8CZW8	Q8CZW8_YERPE	0		0	direct
Q8CZW9	Q8CZW9	Q8CZW9_YERPE	2	PF00356;PF13377	382	direct
Q8CZX0	Q8CZX0	Q8CZX0_YERPE	0		0	direct
Q8CZX4	Q8CZX4	Q8CZX4_YERPE	0		0	direct
Q8CZX8	Q8CZX8	Q8CZX8_YERPE	2	PF00126;PF03466	328	direct
Q8CZY0	Q8CZY0	Q8CZY0_YERPE	0		0	direct
Q8CZY2	Q8CZY2	Q8CZY2_YERPE	0		0	direct
Q8CZY5	Q8CZY5	Q8CZY5_YERPE	0		0	direct
Q8CZY7	Q8CZY7	SYDP_YERPE	1	PF07348	183	direct
Q8CZZ4	Q8CZZ4	Q8CZZ4_YERPE	0		0	direct
Q8CZZ5	Q8CZZ5	Q8CZZ5_YERPE	0		0	direct
Q8CZZ7	Q8CZZ7	Q8CZZ7_YERPE	1	PF02463	589	direct
Q8D007	Q8D007	Q8D007_YERPE	1	PF13433	432	direct
Q8D008	Q8D008	Q8D008_YERPE	2	PF02653;PF13646	538	direct
Q8D014	Q8D014	Q8D014_YERPE	1	PF00268	391	direct
Q8D015	Q8D015	Q8D015_YERPE	0		0	direct
Q8D016	Q8D016	Q8D016_YERPE	1	PF13347	512	direct
Q8D017	Q8D017	Q8D017_YERPE	3	PF02743;PF00672;PF00015	604	direct
Q8D020	Q8D020	Q8D020_YERPE	0		0	direct
Q8D030	Q8D030	Q8D030_YERPE	0		440	direct
Q8D033	Q8D033	Q8D033_YERPE	1	PF00497	252	direct
Q8D034	Q8D034	Q8D034_YERPE	1	PF01032	280	direct
Q8D035	Q8D035	NASLL_YERPE	1	PF03059	265	direct
Q8D041	Q8D041	Q8D041_YERPE	5	PF00004;PF07724;PF17871;PF02861;PF10431	760	direct
Q8D044	Q8D044	Q8D044_YERPE	2	PF01228;PF02901	784	direct
Q8D045	Q8D045	Q8D045_YERPE	0		0	direct
Q8D048	Q8D048	Q8D048_YERPE	0		0	direct
Q8D050	Q8D050	Q8D050_YERPE	1	PF00155	401	direct
Q8D051	Q8D051	Q8D051_YERPE	0		0	direct
Q8D052	Q8D052	Q8D052_YERPE	0		0	direct
Q8D053	Q8D053	Q8D053_YERPE	1	PF02470	559	direct
Q8D054	Q8D054	Q8D054_YERPE	0		0	direct
Q8D062	Q8D062	Q8D062_YERPE	2	PF13480;PF01565	809	direct
Q8D064	Q8D064	Q8D064_YERPE	1	PF13561	263	direct
Q8D065	Q8D065	Q8D065_YERPE	0		0	direct
Q8D068	Q8D068	Q8D068_YERPE	2	PF00005;PF12848	587	direct
Q8D069	Q8D069	Q8D069_YERPE	1	PF00899	266	direct
Q8D070	Q8D070	Q8D070_YERPE	0		0	direct
Q8D072	Q8D072	Q8D072_YERPE	1	PF13407	367	direct
Q8D078	Q8D078	Q8D078_YERPE	0		0	direct
Q8D080	Q8D080	Q8D080_YERPE	0		0	direct
Q8D087	Q8D087	Q8D087_YERPE	0		0	direct
Q8D090	Q8D090	Q8D090_YERPE	1	PF00324	503	direct
Q8D092	Q8D092	Q8D092_YERPE	0		0	direct
Q8D093	Q8D093	Q8D093_YERPE	1	PF03609	279	direct
Q8D097	Q8D097	Q8D097_YERPE	0		0	direct
Q8D0A3	Q8D0A3	Q8D0A3_YERPE	0		0	direct
Q8D0A6	Q8D0A6	Q8D0A6_YERPE	1	PF00005	547	direct
Q8D0B2	Q8D0B2	Q8D0B2_YERPE	1	PF02108	245	direct
Q8D0B6	Q8D0B6	Q8D0B6_YERPE	0		0	direct
Q8D0C5	Q8D0C5	Q8D0C5_YERPE	0		0	direct
Q8D0C8	Q8D0C8	Q8D0C8_YERPE	1	PF00155	395	direct
Q8D0D3	Q8D0D3	Q8D0D3_YERPE	1	PF00578	176	direct
Q8D0D4	Q8D0D4	Q8D0D4_YERPE	0		0	direct
Q8D0D5	Q8D0D5	Q8D0D5_YERPE	4	PF00672;PF02518;PF07730;PF13675	601	direct
Q8D0E1	Q8D0E1	Q8D0E1_YERPE	0		0	direct
Q8D0E2	Q8D0E2	Q8D0E2_YERPE	0		0	direct
Q8D0E4	Q8D0E4	Q8D0E4_YERPE	0		0	direct
Q8D0F3	Q8D0F3	Q8D0F3_YERPE	2	PF02781;PF00479	529	direct
Q8D0F7	Q8D0F7	Q8D0F7_YERPE	3	PF01612;PF00570;PF21293	386	direct
Q8D0G2	Q8D0G2	Q8D0G2_YERPE	2	PF00126;PF03466	310	direct
Q8D0G3	Q8D0G3	Q8D0G3_YERPE	1	PF07023	125	direct
Q8D0G8	Q8D0G8	Q8D0G8_YERPE	0		0	direct
Q8D0H0	Q8D0H0	Q8D0H0_YERPE	0		0	direct
Q8D0H2	Q8D0H2	Q8D0H2_YERPE	1	PF00245	491	direct
Q8D0H5	Q8D0H5	Q8D0H5_YERPE	0		0	direct
Q8D0H6	Q8D0H6	Q8D0H6_YERPE	1	PF07520	1029	direct
Q8D0H8	Q8D0H8	Q8D0H8_YERPE	2	PF10423;PF01048	502	direct
Q8D0I3	Q8D0I3	Q8D0I3_YERPE	0		0	direct
Q8D0I9	Q8D0I9	Q8D0I9_YERPE	0		0	direct
Q8D0K4	Q8D0K4	Q8D0K4_YERPE	0		0	direct
Q8D0K7	Q8D0K7	Q8D0K7_YERPE	0		0	direct
Q8D0K9	Q8D0K9	Q8D0K9_YERPE	0		0	direct
Q8D0L3	Q8D0L3	Q8D0L3_YERPE	2	PF00043;PF13409	202	direct
Q8D0L8	Q8D0L8	Q8D0L8_YERPE	0		0	direct
Q8D0M7	Q8D0M7	Q8D0M7_YERPE	0		0	direct
Q8D0M8	Q8D0M8	Q8D0M8_YERPE	1	PF00005	257	direct
Q8D0N2	Q8D0N2	Q8D0N2_YERPE	0		0	direct
Q8D0N7	Q8D0N7	Q8D0N7_YERPE	4	PF11818;PF00595;PF03572;PF17804	706	direct
Q8D0N9	Q8D0N9	Q8D0N9_YERPE	1	PF02470	885	direct
Q8D0P1	Q8D0P1	CHEY_YERPE	1	PF00072	129	direct
Q8D0P4	Q8D0P4	Q8D0P4_YERPE	0		0	direct
Q8D0P9	Q8D0P9	Q8D0P9_YERPE	3	PF00672;PF00015;PF08447	545	direct
Q8D0Q9	Q8D0Q9	Q8D0Q9_YERPE	0		0	direct
Q8D0R4	Q8D0R4	Q8D0R4_YERPE	1	PF13416	478	direct
Q8D0R5	Q8D0R5	Q8D0R5_YERPE	0		0	direct
Q8D0R7	Q8D0R7	Q8D0R7_YERPE	0		0	direct
Q8D0R8	Q8D0R8	Q8D0R8_YERPE	0		0	direct
Q8D0R9	Q8D0R9	Q8D0R9_YERPE	1	PF02028	559	direct
Q8D0S1	Q8D0S1	Q8D0S1_YERPE	1	PF13505	176	direct
Q8D0S2	Q8D0S2	Q8D0S2_YERPE	0		0	direct
Q8D0T1	Q8D0T1	Q8D0T1_YERPE	1	PF00155	430	direct
Q8D0T7	Q8D0T7	Q8D0T7_YERPE	1	PF00497	351	direct
Q8D0U3	Q8D0U3	PDXB_YERPE	3	PF00389;PF02826;PF11890	375	direct
Q8D0V0	Q8D0V0	Q8D0V0_YERPE	0		0	direct
Q8D0V3	Q8D0V3	Q8D0V3_YERPE	2	PF05943;PF18945	507	direct
Q8D0V6	Q8D0V6	Q8D0V6_YERPE	5	PF00004;PF07724;PF17871;PF02861;PF10431	916	direct
Q8D0V8	Q8D0V8	Q8D0V8_YERPE	0		0	direct
Q8D0V9	Q8D0V9	Q8D0V9_YERPE	1	PF04976	277	direct
Q8D0W1	Q8D0W1	Q8D0W1_YERPE	1	PF03783	244	direct
Q8D0X0	Q8D0X0	Q8D0X0_YERPE	0		0	direct
Q8D0X2	Q8D0X2	Q8D0X2_YERPE	0		0	direct
Q8D0X3	Q8D0X3	Q8D0X3_YERPE	0		0	direct
Q8D0Z3	Q8D0Z3	Q8D0Z3_YERPE	0		0	direct
Q8D0Z4	Q8D0Z4	Q8D0Z4_YERPE	0		0	direct
Q8D100	Q8D100	Q8D100_YERPE	0		0	direct
Q8D101	Q8D101	Q8D101_YERPE	0		0	direct
Q8D111	Q8D111	Q8D111_YERPE	4	PF02878;PF02879;PF02880;PF00408	561	direct
Q8D116	Q8D116	Q8D116_YERPE	0		0	direct
Q8D126	Q8D126	Q8D126_YERPE	1	PF07295	166	direct
Q8D130	Q8D130	Q8D130_YERPE	1	PF01261	352	direct
Q8D131	Q8D131	Q8D131_YERPE	2	PF01408;PF22725	378	direct
Q8D133	Q8D133	Q8D133_YERPE	0		0	direct
Q8D134	Q8D134	Q8D134_YERPE	0		0	direct
Q8D162	Q8D162	Q8D162_YERPE	2	PF07549;PF02355	344	direct
Q8D166	Q8D166	Q8D166_YERPE	0		0	direct
Q8D169	Q8D169	Q8D169_YERPE	0		0	direct
Q8D171	Q8D171	Q8D171_YERPE	1	PF02424	360	direct
Q8D174	Q8D174	Q8D174_YERPE	0		0	direct
Q8D176	Q8D176	Q8D176_YERPE	0		0	direct
Q8D177	Q8D177	Q8D177_YERPE	2	PF25963;PF25885	394	direct
Q8D179	Q8D179	Q8D179_YERPE	0		0	direct
Q8D184	Q8D184	Q8D184_YERPE	0		0	direct
Q8D191	Q8D191	Q8D191_YERPE	0		0	direct
Q8D192	Q8D192	Q8D192_YERPE	2	PF07715;PF00593	731	direct
Q8D194	Q8D194	Q8D194_YERPE	1	PF02733	362	direct
Q8D195	Q8D195	Q8D195_YERPE	2	PF08240;PF00107	382	direct
Q8D1A1	Q8D1A1	Q8D1A1_YERPE	0		0	direct
Q8D1A4	Q8D1A4	Q8D1A4_YERPE	0		0	direct
Q8D1B3	Q8D1B3	Q8D1B3_YERPE	1	PF00156	181	direct
Q8D1B7	Q8D1B7	Q8D1B7_YERPE	2	PF01729;PF02749	315	direct
Q8D1C5	Q8D1C5	Q8D1C5_YERPE	0		0	direct
Q8D1C6	Q8D1C6	Q8D1C6_YERPE	1	PF00005	285	direct
Q8D1C8	Q8D1C8	Q8D1C8_YERPE	1	PF02036	200	direct
Q8D1D2	Q8D1D2	Q8D1D2_YERPE	0		0	direct
Q8D1D4	Q8D1D4	Q8D1D4_YERPE	0		0	direct
Q8D1E0	Q8D1E0	Q8D1E0_YERPE	0		0	direct
Q8D1E3	Q8D1E3	Q8D1E3_YERPE	0		0	direct
Q8D1E6	Q8D1E6	Q8D1E6_YERPE	0		0	direct
Q8D1E7	Q8D1E7	Q8D1E7_YERPE	0		0	direct
Q8D1F5	Q8D1F5	Q8D1F5_YERPE	1	PF02342	194	direct
Q8D1F7	Q8D1F7	Q8D1F7_YERPE	0		0	direct
Q8D1F9	Q8D1F9	Q8D1F9_YERPE	0		0	direct
Q8D1G2	Q8D1G2	Q8D1G2_YERPE	0		0	direct
Q8D1G3	Q8D1G3	Q8D1G3_YERPE	1	PF00771	684	direct
Q8D1G4	Q8D1G4	Q8D1G4_YERPE	0		186	direct
Q8D1G8	Q8D1G8	ACSA_YERPE	3	PF16177;PF00501;PF13193	652	direct
Q8D1H3	Q8D1H3	RPOC_YERPE	5	PF04997;PF00623;PF04983;PF05000;PF04998	1406	direct
Q8D1H5	Q8D1H5	Q8D1H5_YERPE	0		0	direct
Q8D1I6	Q8D1I6	Q8D1I6_YERPE	1	PF00892	310	direct
Q8D1I7	Q8D1I7	Q8D1I7_YERPE	0		0	direct
Q8D1J2	Q8D1J2	Q8D1J2_YERPE	0		0	direct
Q8D1J3	Q8D1J3	Q8D1J3_YERPE	0		0	direct
Q8D1J4	Q8D1J4	Q8D1J4_YERPE	1	PF02592	247	direct
Q8D1J6	Q8D1J6	Q8D1J6_YERPE	1	PF08282	312	direct
Q8D1J7	Q8D1J7	Q8D1J7_YERPE	1	PF00892	319	direct
Q8D1J9	Q8D1J9	Q8D1J9_YERPE	3	PF21196;PF00580;PF13361	722	direct
Q8D1K0	Q8D1K0	XERC_YERPE	2	PF02899;PF00589	303	direct
Q8D1K1	Q8D1K1	Q8D1K1_YERPE	1	PF04375	377	direct
Q8D1K2	Q8D1K2	Q8D1K2_YERPE	1	PF01041	401	direct
Q8D1K3	Q8D1K3	Q8D1K3_YERPE	1	PF00583	264	direct
Q8D1K6	Q8D1K6	Q8D1K6_YERPE	0		0	direct
Q8D1L3	Q8D1L3	Q8D1L3_YERPE	0		0	direct
Q8D1L5	Q8D1L5	Q8D1L5_YERPE	0		0	direct
Q8D1L8	Q8D1L8	Q8D1L8_YERPE	0		0	direct
Q8D1M2	Q8D1M2	Q8D1M2_YERPE	1	PF25917	438	direct
Q8D1M6	Q8D1M6	Q8D1M6_YERPE	5	PF20148;PF05488;PF25799;PF05593;PF25023	963	direct
Q8D1M8	Q8D1M8	Q8D1M8_YERPE	0		0	direct
Q8D1M9	Q8D1M9	Q8D1M9_YERPE	0		0	direct
Q8D1N0	Q8D1N0	Q8D1N0_YERPE	0		0	direct
Q8D1N2	Q8D1N2	Q8D1N2_YERPE	1	PF00999	556	direct
Q8D1N3	Q8D1N3	Q8D1N3_YERPE	1	PF03279	333	direct
Q8D1N7	Q8D1N7	Q8D1N7_YERPE	1	PF05433	157	direct
Q8D1N9	Q8D1N9	Q8D1N9_YERPE	2	PF07729;PF00392	241	direct
Q8D1P4	Q8D1P4	Q8D1P4_YERPE	0		0	direct
Q8D1P5	Q8D1P5	Q8D1P5_YERPE	0		0	direct
Q8D1P6	Q8D1P6	Q8D1P6_YERPE	0		0	direct
Q8D1P7	Q8D1P7	Q8D1P7_YERPE	0		0	direct
Q8D1P8	Q8D1P8	Q8D1P8_YERPE	0		0	direct
Q8D1Q0	Q8D1Q0	Q8D1Q0_YERPE	0		0	direct
Q8D1Q5	Q8D1Q5	Q8D1Q5_YERPE	0		0	direct
Q8D1Q7	Q8D1Q7	Q8D1Q7_YERPE	1	PF03968	188	direct
Q8D1R0	Q8D1R0	Q8D1R0_YERPE	0		0	direct
Q8D1R1	Q8D1R1	Q8D1R1_YERPE	1	PF03969	379	direct
Q8D1R3	Q8D1R3	Q8D1R3_YERPE	0		0	direct
Q8D1R4	Q8D1R4	Q8D1R4_YERPE	4	PF00310;PF04898;PF01645;PF01493	1535	direct
Q8D1R8	Q8D1R8	Q8D1R8_YERPE	0		0	direct
Q8D1R9	Q8D1R9	Q8D1R9_YERPE	0		0	direct
Q8D1S0	Q8D1S0	Q8D1S0_YERPE	0		0	direct
Q8D1U4	Q8D1U4	Q8D1U4_YERPE	0		0	direct
Q8E473	Q8E473	Q8E473_STRA3	4	PF17961;PF00746;PF19258;PF10425	1310	direct
Q8G8T7	Q8G8T7	Q8G8T7_FRATL	2	PF01118;PF02774	364	direct
Q8GH87	Q8GH87	Q8GH87_MORCA	0		0	direct
Q8KTF2	Q8KTF2	Q8KTF2_LISMN	4	PF09479;PF00746;PF12799;PF08191	743	direct
Q8RNU1	Q8RNU1	Q8RNU1_HELPX	1	PF02691	472	direct
Q8VSC3	Q8VSC3	IPA9_SHIFL	2	PF12468;PF14496	545	direct
Q8X834	Q8X834	Q8X834_ECO57	1	PF13678	339	direct
Q8XA11	Q8XA11	Q8XA11_ECO57	1	PF00805	250	direct
Q8XAJ5	Q8XAJ5	Q8XAJ5_ECO57	0		441	direct
Q8XAL6	Q8XAL6	Q8XAL6_ECO57	1	PF22303	303	direct
Q8XAL7	Q8XAL7	NLEF_ECO57	1	PF16809	189	direct
Q8XB62	Q8XB62	Q8XB62_ECO57	1	PF09143	217	direct
Q8XBX8	Q8XBX8	NLEB1_ECO57	1	PF24688	329	direct
Q8XC86	Q8XC86	Q8XC86_ECO57	1	PF05802	312	direct
Q8YF53	Q8YF53	TCPB_BRUME	1	PF13676	250	direct
Q8Z6A7	Q8Z6A7	CDTB_SALTI	1	PF03372	269	direct
Q8Z9R8	Q8Z9R8	MNMG_YERPE	3	PF01134;PF21680;PF13932	629	direct
Q8Z9S7	Q8Z9S7	GLMU_YERPE	3	PF25087;PF00132;PF12804	456	direct
Q8Z9S8	Q8Z9S8	GLMS_YERPE	2	PF13522;PF01380	609	direct
Q8Z9U1	Q8Z9U1	FABV_YERPE	3	PF07055;PF12242;PF12241	399	direct
Q8Z9U2	Q8Z9U2	MNME_YERPE	3	PF01926;PF12631;PF10396	454	direct
Q8Z9U3	Q8Z9U3	YIDC_YERPE	2	PF02096;PF14849	546	direct
Q8Z9U7	Q8Z9U7	DNAA_YERPE	3	PF00308;PF08299;PF11638	462	direct
Q8Z9U9	Q8Z9U9	RECF_YERPE	1	PF02463	361	direct
Q8Z9V7	Q8Z9V7	Y4083_YERPE	2	PF06826;PF02080	552	direct
Q8Z9Z1	Q8Z9Z1	XYLA_YERPE	1	PF27526	439	direct
Q8ZA10	Q8ZA10	HUTH_YERPE	1	PF00221	510	direct
Q8ZA28	Q8ZA28	DCTA_YERPE	1	PF00375	429	direct
Q8ZA34	Q8ZA34	CDH_YERPE	1	PF02611	258	direct
Q8ZA76	Q8ZA76	GLGX_YERPE	2	PF02922;PF18390	662	direct
Q8ZA77	Q8ZA77	GLGC_YERPE	2	PF24894;PF00483	476	direct
Q8ZA84	Q8ZA84	CAPP_YERPE	1	PF00311	878	direct
Q8ZA85	Q8ZA85	ARGE_YERPE	2	PF07687;PF01546	389	direct
Q8ZA88	Q8ZA88	ARLY_YERPE	2	PF14698;PF00206	457	direct
Q8ZA97	Q8ZA97	STHA_YERPE	2	PF07992;PF02852	466	direct
Q8ZAA1	Q8ZAA1	BTUB_YERPE	2	PF07715;PF00593	625	direct
Q8ZAA2	Q8ZAA2	MURI_YERPE	1	PF01177	287	direct
Q8ZAB3	Q8ZAB3	ILVD_YERPE	2	PF24877;PF00920	616	direct
Q8ZAC2	Q8ZAC2	ILVC_YERPE	2	PF01450;PF07991	492	direct
Q8ZAE1	Q8ZAE1	WECA_YERPE	1	PF00953	365	direct
Q8ZAF0	Q8ZAF0	WECF_YERPE	1	PF07429	361	direct
Q8ZAF1	Q8ZAF1	WZYE_YERPE	1	PF06899	454	direct
Q8ZAG5	Q8ZAG5	CORA_YERPE	1	PF01544	316	direct
Q8ZAL3	Q8ZAL3	METE_YERPE	2	PF08267;PF01717	758	direct
Q8ZAN0	Q8ZAN0	FADB_YERPE	3	PF00725;PF02737;PF00378	729	direct
Q8ZAP5	Q8ZAP5	RPOB_YERPE	6	PF04563;PF04561;PF04565;PF10385;PF00562;PF04560	1342	direct
Q8ZAQ1	Q8ZAQ1	THIE_YERPE	1	PF02581	215	direct
Q8ZAQ2	Q8ZAQ2	THIC_YERPE	2	PF13667;PF01964	681	direct
Q8ZAR2	Q8ZAR2	PUR2_YERPE	3	PF01071;PF02843;PF02844	428	direct
Q8ZAR3	Q8ZAR3	PUR9_YERPE	2	PF01808;PF02142	529	direct
Q8ZAS8	Q8ZAS8	MALK_YERPE	2	PF00005;PF17912	369	direct
Q8ZAW9	Q8ZAW9	MSRP_YERPE	1	PF00174	366	direct
Q8ZB39	Q8ZB39	PYRB_YERPE	2	PF00185;PF02729	311	direct
Q8ZB41	Q8ZB41	RAPZ_YERPE	2	PF22740;PF03668	284	direct
Q8ZB88	Q8ZB88	YTFE_YERPE	2	PF01814;PF04405	221	direct
Q8ZBC2	Q8ZBC2	IF2_YERPE	6	PF22042;PF00009;PF03144;PF11987;PF08364;PF04760	892	direct
Q8ZBG8	Q8ZBG8	OTC_YERPE	2	PF00185;PF02729	335	direct
Q8ZBH1	Q8ZBH1	SYV_YERPE	3	PF08264;PF00133;PF10458	965	direct
Q8ZBK0	Q8ZBK0	CUEO_YERPE	4	PF00394;PF07731;PF07732;PF10518	533	direct
Q8ZBK6	Q8ZBK6	PAND_YERPE	1	PF02261	126	direct
Q8ZBL9	Q8ZBL9	GSA_YERPE	1	PF00202	426	direct
Q8ZBM0	Q8ZBM0	CLCA_YERPE	1	PF00654	478	direct
Q8ZBM5	Q8ZBM5	DGTP_YERPE	2	PF01966;PF13286	506	direct
Q8ZBN2	Q8ZBN2	ENO_YERPE	2	PF00113;PF03952	431	direct
Q8ZBN6	Q8ZBN6	CYSJ_YERPE	3	PF00667;PF00258;PF00175	606	direct
Q8ZBP5	Q8ZBP5	FTSB_YERPE	1	PF04977	106	direct
Q8ZBP8	Q8ZBP8	TRUD_YERPE	1	PF01142	349	direct
Q8ZBQ3	Q8ZBQ3	MUTS_YERPE	6	PF27441;PF01624;PF05188;PF05192;PF05190;PF00488	851	direct
Q8ZBT8	Q8ZBT8	SYA_YERPE	3	PF02272;PF01411;PF07973	875	direct
Q8ZBU3	Q8ZBU3	LUXS_YERPE	1	PF02664	171	direct
Q8ZBU9	Q8ZBU9	TRMD_YERPE	1	PF01746	246	direct
Q8ZBV2	Q8ZBV2	Y3287_YERPE	2	PF04397;PF00072	238	direct
Q8ZBY6	Q8ZBY6	FADE_YERPE	3	PF09317;PF00441;PF02771	815	direct
Q8ZBZ9	Q8ZBZ9	DPO4_YERPE	3	PF00817;PF11799;PF21999	352	direct
Q8ZC08	Q8ZC08	PROB_YERPE	2	PF00696;PF01472	367	direct
Q8ZC18	Q8ZC18	RDGC_YERPE	1	PF04381	303	direct
Q8ZC32	Q8ZC32	QUEA_YERPE	1	PF02547	356	direct
Q8ZC49	Q8ZC49	THII_YERPE	4	PF00581;PF02568;PF22025;PF02926	483	direct
Q8ZC51	Q8ZC51	PANE_YERPE	2	PF02558;PF08546	303	direct
Q8ZCC3	Q8ZCC3	BEPA_YERPE	2	PF01435;PF14559	486	direct
Q8ZCH3	Q8ZCH3	NANT_YERPE	1	PF07690	510	direct
Q8ZCK0	Q8ZCK0	SYE_YERPE	2	PF19269;PF00749	471	direct
Q8ZCK2	Q8ZCK2	MNTH_YERPE	1	PF01566	409	direct
Q8ZCP4	Q8ZCP4	PDXJ_YERPE	1	PF03740	243	direct
Q8ZCQ2	Q8ZCQ2	PUR4_YERPE	5	PF02769;PF18072;PF18076;PF22689;PF13507	1296	direct
Q8ZCR0	Q8ZCR0	HMP_YERPE	3	PF00970;PF00042;PF00175	396	direct
Q8ZCR1	Q8ZCR1	GLYA_YERPE	1	PF00464	417	direct
Q8ZCS5	Q8ZCS5	HSCA_YERPE	1	PF00012	650	direct
Q8ZCT2	Q8ZCT2	NDK_YERPE	1	PF00334	142	direct
Q8ZCT6	Q8ZCT6	SYH_YERPE	2	PF03129;PF13393	424	direct
Q8ZCT9	Q8ZCT9	DER_YERPE	2	PF14714;PF01926	495	direct
Q8ZCU2	Q8ZCU2	EX7L_YERPE	2	PF02601;PF13742	459	direct
Q8ZCV9	Q8ZCV9	MDTC_YERPE	1	PF00873	1024	direct
Q8ZCW0	Q8ZCW0	MDTB_YERPE	1	PF00873	1052	direct
Q8ZCW1	Q8ZCW1	MDTA_YERPE	4	PF25944;PF25917;PF25876;PF25967	444	direct
Q8ZD12	Q8ZD12	Y2781_YERPE	1	PF00293	182	direct
Q8ZD27	Q8ZD27	TRUA_YERPE	1	PF01416	264	direct
Q8ZD36	Q8ZD36	MNMC_YERPE	2	PF01266;PF05430	689	direct
Q8ZD41	Q8ZD41	AROC_YERPE	1	PF01264	361	direct
Q8ZD71	Q8ZD71	ERA_YERPE	2	PF07650;PF01926	303	direct
Q8ZD84	Q8ZD84	GRCA_YERPE	1	PF01228	127	direct
Q8ZD91	Q8ZD91	YBGIH_YERPE	1	PF01784	247	direct
Q8ZDA6	Q8ZDA6	CHBG_YERPE	1	PF04794	253	direct
Q8ZDF8	Q8ZDF8	SYL_YERPE	4	PF08264;PF00133;PF13603;PF09334	860	direct
Q8ZDG9	Q8ZDG9	LIPB_YERPE	1	PF21948	233	direct
Q8ZDJ2	Q8ZDJ2	A2MGH_YERPE	7	PF00207;PF07703;PF17973;PF11974;PF17972;PF17962;PF01835	2004	direct
Q8ZDJ6	Q8ZDJ6	ACKA_YERPE	1	PF00871	400	direct
Q8ZDW5	Q8ZDW5	SYT_YERPE	4	PF03129;PF02824;PF00587;PF07973	642	direct
Q8ZDX4	Q8ZDX4	BTUC_YERPE	1	PF01032	335	direct
Q8ZDX8	Q8ZDX8	ARNA_YERPE	3	PF01370;PF02911;PF00551	667	direct
Q8ZDX9	Q8ZDX9	ARNT_YERPE	1	PF02366	554	direct
Q8ZE20	Q8ZE20	SYY_YERPE	2	PF22421;PF00579	424	direct
Q8ZE38	Q8ZE38	Y2347_YERPE	1	PF05128	353	direct
Q8ZEC8	Q8ZEC8	RNFA_YERPE	1	PF02508	193	direct
Q8ZEC9	Q8ZEC9	RNFB_YERPE	2	PF14697;PF04060	188	direct
Q8ZED8	Q8ZED8	RNB_YERPE	3	PF08206;PF00773;PF00575	644	direct
Q8ZEG8	Q8ZEG8	TRPC_YERPE	2	PF00218;PF00697	475	direct
Q8ZEG9	Q8ZEG9	TRPB_YERPE	1	PF00291	396	direct
Q8ZEH0	Q8ZEH0	TRPA_YERPE	1	PF00290	268	direct
Q8ZEJ5	Q8ZEJ5	Y2172_YERPE	2	PF02810;PF17775	154	direct
Q8ZEK1	Q8ZEK1	SELD_YERPE	2	PF00586;PF02769	348	direct
Q8ZEL2	Q8ZEL2	Y2152_YERPE	1	PF04285	424	direct
Q8ZEL7	Q8ZEL7	DADA_YERPE	1	PF01266	434	direct
Q8ZEL9	Q8ZEL9	FADR_YERPE	2	PF07840;PF00392	239	direct
Q8ZES0	Q8ZES0	Y2083_YERPE	1	PF03692	148	direct
Q8ZEU8	Q8ZEU8	Y2055_YERPE	2	PF20772;PF01709	247	direct
Q8ZEV7	Q8ZEV7	SYR_YERPE	3	PF03485;PF05746;PF00750	576	direct
Q8ZEW6	Q8ZEW6	Y2037_YERPE	1	PF02811	245	direct
Q8ZEX9	Q8ZEX9	HEM1_YERPE	3	PF00745;PF05201;PF01488	420	direct
Q8ZF52	Q8ZF52	UVRC_YERPE	6	PF01541;PF14520;PF02151;PF27096;PF22920;PF08459	610	direct
Q8ZFB2	Q8ZFB2	FLGH2_YERPE	1	PF02107	229	direct
Q8ZFJ7	Q8ZFJ7	HTPX_YERPE	1	PF01435	293	direct
Q8ZFM0	Q8ZFM0	CHEB_YERPE	2	PF01339;PF00072	349	direct
Q8ZFR0	Q8ZFR0	PEPT_YERPE	2	PF07687;PF01546	411	direct
Q8ZFR1	Q8ZFR1	NPD_YERPE	1	PF02146	278	direct
Q8ZFU4	Q8ZFU4	PYRC_YERPE	1	PF01979	348	direct
Q8ZFV7	Q8ZFV7	ASSY_YERPE	2	PF20979;PF00764	455	direct
Q8ZFW5	Q8ZFW5	TMAR_YERPE	1	PF04363	105	direct
Q8ZFX5	Q8ZFX5	HISX_YERPE	1	PF00815	443	direct
Q8ZFX6	Q8ZFX6	HIS8_YERPE	1	PF00155	382	direct
Q8ZFX8	Q8ZFX8	HIS5_YERPE	1	PF00117	196	direct
Q8ZG01	Q8ZG01	SYM_YERPE	3	PF19303;PF09334;PF01588	675	direct
Q8ZG09	Q8ZG09	MAO1_YERPE	2	PF00390;PF03949	565	direct
Q8ZG99	Q8ZG99	MUKB_YERPE	3	PF04310;PF16330;PF13558	1485	direct
Q8ZGA1	Q8ZGA1	MUKF_YERPE	3	PF17193;PF17192;PF03882	440	direct
Q8ZGA9	Q8ZGA9	MSBA_YERPE	2	PF00664;PF00005	582	direct
Q8ZGB4	Q8ZGB4	SERC_YERPE	1	PF00266	361	direct
Q8ZGC4	Q8ZGC4	SYS_YERPE	2	PF02403;PF00587	430	direct
Q8ZGE1	Q8ZGE1	HCP_YERPE	1	PF03063	550	direct
Q8ZGH1	Q8ZGH1	Y1326_YERPE	2	PF06826;PF02080	562	direct
Q8ZGH4	Q8ZGH4	DEOC1_YERPE	1	PF01791	223	direct
Q8ZGJ1	Q8ZGJ1	END4_YERPE	1	PF01261	285	direct
Q8ZGJ9	Q8ZGJ9	RPIA2_YERPE	1	PF06026	236	direct
Q8ZGK7	Q8ZGK7	EFPL_YERPE	3	PF01132;PF08207;PF09285	190	direct
Q8ZGK8	Q8ZGK8	UXUA_YERPE	1	PF03786	397	direct
Q8ZGR6	Q8ZGR6	UBIG_YERPE	1	PF13489	242	direct
Q8ZGV2	Q8ZGV2	DUSC_YERPE	1	PF01207	312	direct
Q8ZGW7	Q8ZGW7	UVRB_YERPE	6	PF00271;PF04851;PF02151;PF12344;PF27431;PF17757	671	direct
Q8ZGW9	Q8ZGW9	BIOD1_YERPE	1	PF13500	240	direct
Q8ZGX4	Q8ZGX4	6PGL_YERPE	1	PF10282	334	direct
Q8ZGY3	Q8ZGY3	GAL1_YERPE	3	PF10509;PF08544;PF00288	383	direct
Q8ZGY5	Q8ZGY5	GPMA_YERPE	1	PF00300	250	direct
Q8ZGZ1	Q8ZGZ1	TOLB_YERPE	2	PF07676;PF04052	430	direct
Q8ZH00	Q8ZH00	SUCC_YERPE	2	PF08442;PF00549	388	direct
Q8ZH09	Q8ZH09	NADK_YERPE	2	PF01513;PF20143	293	direct
Q8ZH30	Q8ZH30	RNH_YERPE	1	PF00075	154	direct
Q8ZH37	Q8ZH37	GMHBB_YERPE	1	PF13242	188	direct
Q8ZH40	Q8ZH40	METQ_YERPE	1	PF03180	271	direct
Q8ZH50	Q8ZH50	TILS_YERPE	3	PF01171;PF09179;PF11734	460	direct
Q8ZH52	Q8ZH52	ACCA_YERPE	1	PF03255	319	direct
Q8ZH58	Q8ZH58	BAMA_YERPE	2	PF01103;PF07244	795	direct
Q8ZH69	Q8ZH69	DAPD_YERPE	2	PF14602;PF14805	274	direct
Q8ZH96	Q8ZH96	Y1009_YERPE	2	PF07687;PF01546	410	direct
Q8ZHE6	Q8ZHE6	MLTC_YERPE	2	PF11873;PF01464	358	direct
Q8ZHF1	Q8ZHF1	GLSA1_YERPE	1	PF04960	308	direct
Q8ZHF4	Q8ZHF4	IXTPA_YERPE	1	PF01725	197	direct
Q8ZHG0	Q8ZHG0	AGUA_YERPE	1	PF04371	365	direct
Q8ZHG3	Q8ZHG3	Y936_YERPE	1	PF02622	187	direct
Q8ZHG7	Q8ZHG7	METK_YERPE	3	PF02773;PF02772;PF00438	384	direct
Q8ZHG8	Q8ZHG8	SPEA_YERPE	3	PF17810;PF17944;PF02784	659	direct
Q8ZHH3	Q8ZHH3	PGK_YERPE	1	PF00162	387	direct
Q8ZHI2	Q8ZHI2	Y911_YERPE	1	PF03695	192	direct
Q8ZHI6	Q8ZHI6	GCST_YERPE	2	PF01571;PF08669	365	direct
Q8ZHI8	Q8ZHI8	GCSP_YERPE	2	PF21478;PF02347	959	direct
Q8ZHK4	Q8ZHK4	RF2_YERPE	2	PF03462;PF00472	366	direct
Q8ZHK5	Q8ZHK5	SYK_YERPE	2	PF00152;PF01336	505	direct
Q8ZHZ4	Q8ZHZ4	FLGI1_YERPE	1	PF02119	370	direct
Q8ZHZ5	Q8ZHZ5	FLGH1_YERPE	1	PF02107	221	direct
Q8ZI60	Q8ZI60	HLDE_YERPE	2	PF01467;PF00294	476	direct
Q8ZI61	Q8ZI61	GLNE_YERPE	2	PF08335;PF03710	951	direct
Q8ZI64	Q8ZI64	CCA_YERPE	3	PF01966;PF01743;PF12627	412	direct
Q8ZI65	Q8ZI65	UPPP_YERPE	1	PF02673	272	direct
Q8ZIC5	Q8ZIC5	UXAB_YERPE	2	PF01232;PF08125	483	direct
Q8ZIC6	Q8ZIC6	UXAC_YERPE	1	PF02614	469	direct
Q8ZIE7	Q8ZIE7	DDL_YERPE	2	PF07478;PF01820	306	direct
Q8ZIE8	Q8ZIE8	MURC_YERPE	3	PF01225;PF02875;PF08245	491	direct
Q8ZIF7	Q8ZIF7	RSMH_YERPE	1	PF01795	320	direct
Q8ZIG9	Q8ZIG9	LEU3_YERPE	1	PF00180	363	direct
Q8ZIH1	Q8ZIH1	LEUD_YERPE	2	PF00694;PF27512	200	direct
Q8ZII0	Q8ZII0	RAPA_YERPE	5	PF00271;PF12137;PF00176;PF18339;PF18337	968	direct
Q8ZIK3	Q8ZIK3	LPTD_YERPE	2	PF04453;PF03968	780	direct
Q8ZIL4	Q8ZIL4	CARB_YERPE	4	PF25596;PF02786;PF02787;PF02142	1077	direct
Q8ZIL5	Q8ZIL5	CARA_YERPE	2	PF00988;PF00117	391	direct
Q8ZIL6	Q8ZIL6	DAPB_YERPE	2	PF05173;PF01113	273	direct
Q8ZIM0	Q8ZIM0	SYI_YERPE	3	PF08264;PF00133;PF06827	938	direct
Q8ZIN2	Q8ZIN2	TAL_YERPE	1	PF00923	317	direct
Q8ZIN5	Q8ZIN5	KHSE_YERPE	2	PF08544;PF00288	309	direct
Q8ZIQ3	Q8ZIQ3	DEOB_YERPE	1	PF01676	407	direct
Q8ZIQ4	Q8ZIQ4	DEOC2_YERPE	1	PF01791	265	direct
Q8ZIV7	Q8ZIV7	PURA_YERPE	1	PF00709	432	direct
Q8ZIX0	Q8ZIX0	RSGA_YERPE	1	PF03193	350	direct
Q8ZIX3	Q8ZIX3	EPMA_YERPE	1	PF00152	325	direct
Q8ZIY3	Q8ZIY3	CH60_YERPE	1	PF00118	548	direct
Q8ZIY9	Q8ZIY9	DSBD_YERPE	3	PF11412;PF02683;PF13098	595	direct
Q8ZJ02	Q8ZJ02	RHAB_YERPE	2	PF02782;PF00370	485	direct
Q8ZJ07	Q8ZJ07	UVRA_YERPE	2	PF17755;PF17760	947	direct
Q8ZJ10	Q8ZJ10	ALR_YERPE	2	PF00842;PF01168	359	direct
Q8ZJ16	Q8ZJ16	LEXA_YERPE	2	PF01726;PF00717	202	direct
Q8ZJ18	Q8ZJ18	PLSB_YERPE	3	PF01553;PF19277;PF27464	825	direct
Q8ZJ73	Q8ZJ73	ACTP_YERPE	1	PF00474	551	direct
Q8ZJ74	Q8ZJ74	AROE_YERPE	3	PF18317;PF01488;PF08501	273	direct
Q8ZJ79	Q8ZJ79	DEF_YERPE	1	PF01327	170	direct
Q8ZJB3	Q8ZJB3	EFG_YERPE	5	PF00679;PF14492;PF03764;PF00009;PF03144	702	direct
Q8ZJC4	Q8ZJC4	KEFB_YERPE	3	PF27452;PF00999;PF02254	602	direct
Q8ZJC5	Q8ZJC5	KEFG_YERPE	1	PF02525	183	direct
Q8ZJF3	Q8ZJF3	GPH_YERPE	1	PF00702	232	direct
Q8ZJF6	Q8ZJF6	AROB_YERPE	2	PF01761;PF24621	362	direct
Q8ZJG9	Q8ZJG9	PCKA_YERPE	1	PF01293	539	direct
Q8ZJI2	Q8ZJI2	MALT_YERPE	3	PF00196;PF17874;PF25873	903	direct
Q8ZJJ5	Q8ZJJ5	HSLU_YERPE	2	PF00004;PF07724	443	direct
Q8ZJJ7	Q8ZJJ7	RRAA_YERPE	1	PF03737	161	direct
Q8ZJL7	Q8ZJL7	FIEF_YERPE	2	PF01545;PF16916	300	direct
Q8ZJM6	Q8ZJM6	GPDA_YERPE	2	PF07479;PF01210	339	direct
Q8ZJN2	Q8ZJN2	TDH_YERPE	2	PF08240;PF00107	341	direct
Q8ZJN4	Q8ZJN4	HLDD_YERPE	1	PF01370	310	direct
Q8ZJP7	Q8ZJP7	PYRE_YERPE	1	PF00156	215	direct
Q8ZJP8	Q8ZJP8	RNPH_YERPE	2	PF01138;PF03725	238	direct
Q8ZNG2	Q8ZNG2	SSEL_SALTY	2	PF22102;PF22103	340	direct
Q8ZNR3	Q8ZNR3	SOPA_SALTY	2	PF13981;PF13979	782	direct
Q8ZQQ2	Q8ZQQ2	SLRP_SALTY	2	PF12468;PF14496	765	direct
Q931M7	Q931M7	SCIN_STAAM	1	PF11546	116	direct
Q933J5	Q933J5	Q933J5_PSEAI	2	PF03496;PF03545	453	direct
Q93ED6	Q93ED6	Q93ED6_9STRE	1	PF08341	298	direct
Q93FK0	Q93FK0	Q93FK0_CITRO	5	PF02369;PF11924;PF26918;PF07979;PF01476	936	direct
Q93KU8	Q93KU8	Q93KU8_YEREN	1	PF12468	367	direct
Q93PE0	Q93PE0	ARNB_YERPE	1	PF01041	384	direct
Q93RN4	Q93RN4	YOPT_YERPS	1	PF03543	322	direct
Q93SQ2	Q93SQ2	Q93SQ2_PSEAI	2	PF03496;PF03545	453	direct
Q98PK8	Q98PK8	Q98PK8_MYCPU	2	PF06470;PF02463	979	direct
Q99PZ6	Q99PZ6	OSPG_SHIFL	1	PF22303	196	direct
Q99SU7	Q99SU7	SAK_STAAN	1	PF02821	163	direct
Q99XU0	Q99XU0	Q99XU0_STRP1	1	PF14131	98	direct
Q9APZ2	Q9APZ2	RECA_BACAN	2	PF21096;PF00154	343	direct
Q9CKF6	Q9CKF6	Q9CKF6_PASMU	1	PF12836	115	direct
Q9EXF9	Q9EXF9	Q9EXF9_LISMN	0		0	direct
Q9F286	Q9F286	Q9F286_YERPE	2	PF18883;PF03797	994	direct
Q9F287	Q9F287	Q9F287_YERPE	1	PF03797	761	direct
Q9F290	Q9F290	Q9F290_YERPE	2	PF03797;PF03212	638	direct
Q9F6B4	Q9F6B4	Q9F6B4_CAMJU	1	PF16668	372	direct
Q9FD10	Q9FD10	SSEJ_SALTY	2	PF00657;PF06767	408	direct
Q9K105	Q9K105	NADA_NEIMB	1	PF02445	370	direct
Q9K5J5	Q9K5J5	Q9K5J5_BACAN	1	PF00210	146	direct
Q9K5J7	Q9K5J7	RSBW_BACAN	1	PF13581	160	direct
Q9LCB8	Q9LCB8	Q9LCB8_STRIT	2	PF17440;PF01289	532	direct
Q9R3G9	Q9R3G9	Q9R3G9_YERPE	1	PF02387	288	direct
Q9R3N6	Q9R3N6	Q9R3N6_MYCFE	1	PF02608	428	direct
Q9R7V4	Q9R7V4	Q9R7V4_YERPE	2	PF14883;PF01522	673	direct
Q9R8C5	Q9R8C5	Q9R8C5_YERPE	0		0	direct
Q9R8E4	Q9R8E4	Q9R8E4_ECOLX	1	PF03278	203	direct
Q9RI12	Q9RI12	YPKA_YERPE	2	PF00069;PF09632	732	direct
Q9RID8	Q9RID8	Q9RID8_YERPE	1	PF03614	175	direct
Q9RMW6	Q9RMW6	Y6593_BACAN	2	PF13152;PF13411	197	direct
Q9RMZ3	Q9RMZ3	Q9RMZ3_BACAN	1	PF13614	288	direct
Q9RMZ4	Q9RMZ4	REPS_BACAN	1	PF08708	512	direct
Q9RN24	Q9RN24	Q9RN24_BACAN	2	PF13702;PF00877	380	direct
Q9X2Y1	Q9X2Y1	Q9X2Y1_BACAN	1	PF19587	363	direct
Q9X2Y7	Q9X2Y7	Q9X2Y7_BACAN	0		569	direct
Q9X334	Q9X334	Q9X334_BACAN	0		68	direct
Q9X344	Q9X344	Q9X344_BACAN	1	PF18895	111	direct
Q9X365	Q9X365	Q9X365_BACAN	3	PF00984;PF03720;PF03721	443	direct
Q9X367	Q9X367	Q9X367_BACAN	2	PF12639;PF06013	410	direct
Q9X5X6	Q9X5X6	Q9X5X6_YERPE	1	PF00990	390	direct
Q9X6B0	Q9X6B0	KATG_YERPE	1	PF00141	737	direct
Q9X6B6	Q9X6B6	Q9X6B6_YERPE	3	PF04879;PF00384;PF01568	823	direct
Q9X6B7	Q9X6B7	Q9X6B7_YERPE	1	PF00596	256	direct
Q9Z373	Q9Z373	Q9Z373_YERPE	10	PF00698;PF00668;PF16197;PF00109;PF02801;PF08659;PF08242;PF00550;PF22953;PF00975	3163	direct
Q9Z375	Q9Z375	Q9Z375_YERPE	2	PF00664;PF00005	600	direct
Q9Z381	Q9Z381	Q9Z381_YERPE	1	PF11198	193	direct
Q9Z3B4	Q9Z3B4	Q9Z3B4_YERPE	3	PF13356;PF22022;PF00589	420	direct
Q9ZC29	Q9ZC29	Q9ZC29_YERPE	1	PF00419	449	direct
Q9ZC30	Q9ZC30	Q9ZC30_YERPE	3	PF13953;PF13954;PF00577	863	direct
Q9ZC41	Q9ZC41	Q9ZC41_YERPE	0		186	direct
Q9ZC49	Q9ZC49	GLSA2_YERPE	1	PF04960	340	direct
Q9ZC50	Q9ZC50	Q9ZC50_YERPE	1	PF07690	546	direct
Q9ZC51	Q9ZC51	Q9ZC51_YERPE	1	PF03239	639	direct
Q9ZC54	Q9ZC54	Q9ZC54_YERPE	1	PF02687	430	direct
Q9ZC61	Q9ZC61	Q9ZC61_YERPE	1	PF13302	299	direct
Q9ZC63	Q9ZC63	Q9ZC63_YERPE	1	PF01699	366	direct
Q9ZC68	Q9ZC68	ASTD_YERPE	1	PF00171	505	direct
Q9ZC81	Q9ZC81	Q9ZC81_YERPE	1	PF01370	338	direct
Q9ZFR9	Q9ZFR9	URE1_YERPE	2	PF01979;PF00449	572	direct
Q9ZGX5	Q9ZGX5	Q9ZGX5_YERPE	0		0	direct
Q9ZLT1	Q9ZLT1	CAGA_HELPJ	2	PF03507;PF18971	1167	direct
