requested_accession	current_accession	entry_name	pfam_count	pfams	sequence_length	resolution_mode
A0A024R4Q5	A0A024R4Q5	A0A024R4Q5_HUMAN	0		0	direct
A0A024RAE4	A0A024RAE4	A0A024RAE4_HUMAN	0		0	direct
A0A0S2Z491	A0A0S2Z491	A0A0S2Z491_HUMAN	2	PF16276;PF03066	294	direct
A0A0S2Z4S4	A0A0S2Z4S4	A0A0S2Z4S4_HUMAN	4	PF00560;PF13855;PF01463;PF01582	784	direct
A0A0U2ZQU7	A0A0U2ZQU7	A0A0U2ZQU7_HUMAN	3	PF01049;PF00028;PF08758	882	direct
A0A1L1M261	A0A1L1M261	A0A1L1M261_HUMAN	0		0	direct
A0AV96	A0AV96	RBM47_HUMAN	1	PF00076	593	direct
A0JLQ5	A0JLQ5	A0JLQ5_HUMAN	1	PF04427	335	direct
A0JNV7	A0JNV7	A0JNV7_HUMAN	3	PF00002;PF07645;PF01825	823	direct
A0JNW5	A0JNW5	BLT3B_HUMAN	1	PF24917	1464	direct
A0M8X1	A0M8X1	A0M8X1_HUMAN	0		0	direct
A0MNP2	A0MNP2	A0MNP2_HUMAN	2	PF23098;PF00400	357	direct
A0N0R2	A0N0R2	A0N0R2_HUMAN	0		0	direct
A0PJ79	A0PJ79	A0PJ79_HUMAN	1	PF00687	302	direct
A0PJD3	A0PJD3	A0PJD3_HUMAN	1	PF01448	1025	direct
A0PJF5	A0PJF5	A0PJF5_HUMAN	1	PF00001	229	direct
A1A4Z1	A1A4Z1	A1A4Z1_HUMAN	1	PF00240	421	direct
A1L3Z9	A1L3Z9	A1L3Z9_HUMAN	2	PF12012;PF25561	776	direct
A2A2Y4	A2A2Y4	FRMD3_HUMAN	4	PF08736;PF09380;PF00373;PF09379	597	direct
A2A3L6	A2A3L6	TTC24_HUMAN	2	PF13424;PF13176	582	direct
A2I2N5	A2I2N5	A2I2N5_HUMAN	0		0	direct
A2IDD5	A2IDD5	CCD78_HUMAN	1	PF14739	438	direct
A2RRP1	A2RRP1	NBAS_HUMAN	3	PF22913;PF15492;PF08314	2371	direct
A2RU30	A2RU30	TESP1_HUMAN	1	PF14722	521	direct
A2RU94	A2RU94	A2RU94_HUMAN	1	PF00071	221	direct
A2RUS2	A2RUS2	DEND3_HUMAN	3	PF02141;PF25570;PF00400	1198	direct
A2VCK8	A2VCK8	A2VCK8_HUMAN	1	PF01290	44	direct
A3KME0	A3KME0	A3KME0_HUMAN	1	PF11107	374	direct
A3KN83	A3KN83	SBNO1_HUMAN	3	PF13872;PF13871;PF25373	1393	direct
A3QNQ0	A3QNQ0	A3QNQ0_HUMAN	2	PF08917;PF07714	567	direct
A4D0R1	A4D0R1	A4D0R1_HUMAN	0		0	direct
A4D0T8	A4D0T8	A4D0T8_HUMAN	1	PF00001	370	direct
A4D0U5	A4D0U5	A4D0U5_HUMAN	0		0	direct
A4D0V4	A4D0V4	A4D0V4_HUMAN	1	PF01267	286	direct
A4D0V7	A4D0V7	CPED1_HUMAN	2	PF12733;PF24536	1026	direct
A4D0W0	A4D0W0	A4D0W0_HUMAN	1	PF01423	96	direct
A4D0Z4	A4D0Z4	A4D0Z4_HUMAN	0		0	direct
A4D177	A4D177	A4D177_HUMAN	0		0	direct
A4D1B1	A4D1B1	A4D1B1_HUMAN	1	PF01130	472	direct
A4D1F7	A4D1F7	A4D1F7_HUMAN	4	PF24521;PF00373;PF24522;PF16705	736	direct
A4D1H4	A4D1H4	A4D1H4_HUMAN	2	PF10436;PF02518	411	direct
A4D1N4	A4D1N4	A4D1N4_HUMAN	0		0	direct
A4D1V7	A4D1V7	A4D1V7_HUMAN	0		0	direct
A4D1X5	A4D1X5	A4D1X5_HUMAN	4	PF11841;PF04727;PF26964;PF16457	727	direct
A4D275	A4D275	A4D275_HUMAN	1	PF00400	372	direct
A4D2D6	A4D2D6	A4D2D6_HUMAN	1	PF01412	481	direct
A4D2P1	A4D2P1	A4D2P1_HUMAN	1	PF00071	192	direct
A4QPA9	A4QPA9	A4QPA9_HUMAN	1	PF00069	393	direct
A4QPH0	A4QPH0	A4QPH0_HUMAN	1	PF00474	669	direct
A5D8V6	A5D8V6	VP37C_HUMAN	1	PF07200	355	direct
A5D8Y4	A5D8Y4	A5D8Y4_HUMAN	1	PF07810	726	direct
A5PL27	A5PL27	A5PL27_HUMAN	3	PF00394;PF07731;PF07732	1065	direct
A5PLN9	A5PLN9	TPC13_HUMAN	3	PF23643;PF23647;PF06159	417	direct
A5YKK6	A5YKK6	CNOT1_HUMAN	7	PF22940;PF16415;PF16418;PF16417;PF12842;PF04054;PF23590	2376	direct
A6H8Y1	A6H8Y1	BDP1_HUMAN	1	PF15963	2624	direct
A6NC98	A6NC98	CC88B_HUMAN	1	PF19047	1476	direct
A6NH11	A6NH11	GLTD2_HUMAN	1	PF08718	291	direct
A6NHN6	A6NHN6	NPB15_HUMAN	1	PF06409	443	direct
A6NHR9	A6NHR9	SMHD1_HUMAN	10	PF13589;PF26194;PF26195;PF26196;PF26197;PF26198;PF26201;PF26199;PF06470;PF22899	2005	direct
A6NM11	A6NM11	L37A2_HUMAN	3	PF13855;PF15779;PF14914	1700	direct
A6NMS7	A6NMS7	L37A1_HUMAN	3	PF13855;PF15779;PF14914	1700	direct
A7E1X5	A7E1X5	A7E1X5_HUMAN	1	PF05296	300	direct
A7E2V4	A7E2V4	ZSWM8_HUMAN	2	PF25572;PF21055	1837	direct
A7E2V7	A7E2V7	A7E2V7_HUMAN	2	PF19340;PF17681	1493	direct
A7KAX9	A7KAX9	RHG32_HUMAN	2	PF00620;PF14604	2087	direct
A8IK34	A8IK34	A8IK34_HUMAN	2	PF13637;PF27687	368	direct
A8K0D8	A8K0D8	A8K0D8_HUMAN	5	PF00002;PF25387;PF01825;PF13927;PF01390	1346	direct
A8K2F4	A8K2F4	A8K2F4_HUMAN	2	PF02820;PF00536	755	direct
A8K2M0	A8K2M0	A8K2M0_HUMAN	3	PF00004;PF17862;PF16450	418	direct
A8K3E0	A8K3E0	A8K3E0_HUMAN	1	PF03131	373	direct
A8K3J5	A8K3J5	A8K3J5_HUMAN	2	PF10644;PF14881	569	direct
A8K3M3	A8K3M3	A8K3M3_HUMAN	1	PF00102	435	direct
A8K451	A8K451	A8K451_HUMAN	1	PF01630	435	direct
A8K4F0	A8K4F0	A8K4F0_HUMAN	1	PF00001	363	direct
A8K5I0	A8K5I0	A8K5I0_HUMAN	1	PF00012	641	direct
A8K6K3	A8K6K3	A8K6K3_HUMAN	1	PF00481	504	direct
A8K6U0	A8K6U0	A8K6U0_HUMAN	1	PF01734	782	direct
A8K7A4	A8K7A4	A8K7A4_HUMAN	1	PF04321	323	direct
A8K7B7	A8K7B7	A8K7B7_HUMAN	4	PF22956;PF02985;PF13646;PF22646	589	direct
A8K7T4	A8K7T4	A8K7T4_HUMAN	1	PF03388	356	direct
A8K7X3	A8K7X3	A8K7X3_HUMAN	1	PF00001	339	direct
A8K8P3	A8K8P3	SFI1_HUMAN	0		1242	direct
A8K9Y5	A8K9Y5	A8K9Y5_HUMAN	3	PF00385;PF00271;PF00176	1049	direct
A8KAD5	A8KAD5	A8KAD5_HUMAN	1	PF01237	811	direct
A8MW92	A8MW92	P20L1_HUMAN	3	PF16660;PF20826;PF18104	1017	direct
A8YXX4	A8YXX4	A8YXX4_HUMAN	2	PF00120;PF03951	373	direct
B0I1T2	B0I1T2	MYO1G_HUMAN	2	PF00063;PF06017	1018	direct
B0I1T6	B0I1T6	B0I1T6_HUMAN	4	PF00612;PF00063;PF00788;PF00620	2157	direct
B0LPF3	B0LPF3	B0LPF3_HUMAN	2	PF00017;PF00018	217	direct
B0UXD8	B0UXD8	B0UXD8_HUMAN	2	PF07654;PF00993	254	direct
B0YJ76	B0YJ76	B0YJ76_HUMAN	1	PF00186	187	direct
B1A4G6	B1A4G6	B1A4G6_HUMAN	1	PF00103	217	direct
B1AK66	B1AK66	B1AK66_HUMAN	1	PF00498	396	direct
B1ALW7	B1ALW7	B1ALW7_HUMAN	2	PF12022;PF06148	738	direct
B1AQP2	B1AQP2	B1AQP2_HUMAN	1	PF01920	154	direct
B2R4C5	B2R4C5	B2R4C5_HUMAN	1	PF00062	148	direct
B2R4P9	B2R4P9	B2R4P9_HUMAN	1	PF00125	136	direct
B2R6F3	B2R6F3	B2R6F3_HUMAN	1	PF00076	164	direct
B2R9N9	B2R9N9	B2R9N9_HUMAN	2	PF13855;PF01582	1049	direct
B2RB70	B2RB70	B2RB70_HUMAN	2	PF00036;PF13499	193	direct
B2RB89	B2RB89	B2RB89_HUMAN	1	PF00069	351	direct
B2RNB2	B2RNB2	B2RNB2_HUMAN	3	PF16698;PF00200;PF13574	824	direct
B2ZZ89	B2ZZ89	B2ZZ89_HUMAN	3	PF00307;PF15410;PF00435	2364	direct
B3KM21	B3KM21	B3KM21_HUMAN	1	PF12597	118	direct
B3KNF6	B3KNF6	B3KNF6_HUMAN	2	PF10559;PF00344	476	direct
B3KNK9	B3KNK9	B3KNK9_HUMAN	0		401	direct
B3KUN1	B3KUN1	B3KUN1_HUMAN	1	PF00149	309	direct
B4DJ51	B4DJ51	B4DJ51_HUMAN	1	PF13499	149	direct
B4E273	B4E273	B4E273_HUMAN	1	PF06456	373	direct
B5B0C2	B5B0C2	B5B0C2_HUMAN	1	PF00001	337	direct
B5BUJ7	B5BUJ7	B5BUJ7_HUMAN	1	PF00069	424	direct
B9A6K1	B9A6K1	B9A6K1_HUMAN	1	PF00566	795	direct
C4N9M8	C4N9M8	C4N9M8_HUMAN	1	PF02535	307	direct
C5H3H2	C5H3H2	C5H3H2_HUMAN	1	PF17256	110	direct
C6KYL4	C6KYL4	C6KYL4_HUMAN	1	PF00001	330	direct
C9JL25	C9JL25	C9JL25_HUMAN	1	PF00118	175	direct
D0EI67	D0EI67	D0EI67_HUMAN	0		0	direct
D0PNI1	D0PNI1	D0PNI1_HUMAN	1	PF00244	245	direct
D0VY79	D0VY79	D0VY79_HUMAN	5	PF23171;PF11413;PF08778;PF00989;PF08447	826	direct
D1MGQ2	D1MGQ2	D1MGQ2_HUMAN	1	PF00042	142	direct
D2IYK3	D2IYK3	D2IYK3_HUMAN	2	PF00046;PF00157	360	direct
D2JYH4	D2JYH4	D2JYH4_HUMAN	0		0	direct
D6W5D9	D6W5D9	D6W5D9_HUMAN	0		0	direct
D7RIH8	D7RIH8	D7RIH8_HUMAN	2	PF07654;PF00969	266	direct
D9YZU5	D9YZU5	D9YZU5_HUMAN	1	PF00042	147	direct
D9YZV0	D9YZV0	D9YZV0_HUMAN	0		0	direct
D9ZGF1	D9ZGF1	D9ZGF1_HUMAN	0		0	direct
D9ZGF2	D9ZGF2	D9ZGF2_HUMAN	3	PF01391;PF00014;PF00092	3177	direct
D9ZGF6	D9ZGF6	D9ZGF6_HUMAN	0		0	direct
E5KN15	E5KN15	E5KN15_HUMAN	2	PF01693;PF00075	286	direct
E5KND5	E5KND5	E5KND5_HUMAN	5	PF00679;PF14492;PF03764;PF00009;PF03144	751	direct
E5KNY5	E5KNY5	E5KNY5_HUMAN	3	PF01535;PF13812;PF17177	1394	direct
E5KR06	E5KR06	E5KR06_HUMAN	2	PF08826;PF00069	629	direct
E5KRP5	E5KRP5	E5KRP5_HUMAN	3	PF00004;PF17862;PF09336	616	direct
E9KL23	E9KL23	E9KL23_HUMAN	1	PF00079	418	direct
E9KL26	E9KL26	E9KL26_HUMAN	1	PF00079	500	direct
E9KL30	E9KL30	E9KL30_HUMAN	2	PF12465;PF00227	277	direct
E9KL35	E9KL35	E9KL35_HUMAN	1	PF00400	317	direct
E9KL44	E9KL44	E9KL44_HUMAN	3	PF00725;PF02737;PF00378	763	direct
E9KL48	E9KL48	E9KL48_HUMAN	2	PF00208;PF02812	558	direct
E9L5Q4	E9L5Q4	E9L5Q4_HUMAN	2	PF07654;PF00969	266	direct
F1D8N1	F1D8N1	F1D8N1_HUMAN	2	PF00104;PF00105	447	direct
F1D8N4	F1D8N4	F1D8N4_HUMAN	3	PF02155;PF00104;PF00105	777	direct
F1D8R0	F1D8R0	F1D8R0_HUMAN	2	PF00104;PF00105	414	direct
F1D8R5	F1D8R5	F1D8R5_HUMAN	2	PF00104;PF00105	458	direct
F1D8R8	F1D8R8	F1D8R8_HUMAN	2	PF00104;PF00105	461	direct
F1D8S3	F1D8S3	F1D8S3_HUMAN	2	PF00104;PF00105	614	direct
F1LJ00	F1LJ00	F1LJ00_HUMAN	3	PF12473;PF00640;PF00566	815	direct
F6KD01	F6KD01	F6KD01_HUMAN	2	PF10409;PF22785	403	direct
H0Y4B0	H0Y4B0	H0Y4B0_HUMAN	1	PF00929	202	direct
L7RT22	L7RT22	L7RT22_HUMAN	6	PF23105;PF18372;PF08725;PF07965;PF00362;PF17205	799	direct
O00116	O00116	ADAS_HUMAN	2	PF02913;PF01565	658	direct
O00148	O00148	DX39A_HUMAN	2	PF00270;PF00271	427	direct
O00151	O00151	PDLI1_HUMAN	3	PF15936;PF00412;PF00595	329	direct
O00154	O00154	BACH_HUMAN	1	PF03061	380	direct
O00165	O00165	HAX1_HUMAN	0		279	direct
O00170	O00170	AIP_HUMAN	1	PF23322	330	direct
O00182	O00182	LEG9_HUMAN	1	PF00337	355	direct
O00186	O00186	STXB3_HUMAN	1	PF00995	592	direct
O00193	O00193	SMAP_HUMAN	1	PF15477	183	direct
O00203	O00203	AP3B1_HUMAN	4	PF01602;PF14796;PF24080;PF14797	1094	direct
O00206	O00206	TLR4_HUMAN	4	PF12799;PF13516;PF13855;PF01582	839	direct
O00220	O00220	TR10A_HUMAN	2	PF00531;PF00020	468	direct
O00232	O00232	PSD12_HUMAN	3	PF01399;PF22241;PF18098	456	direct
O00233	O00233	PSMD9_HUMAN	2	PF18265;PF17820	223	direct
O00237	O00237	RN103_HUMAN	1	PF13639	685	direct
O00267	O00267	SPT5H_HUMAN	10	PF00467;PF23042;PF23284;PF23291;PF23290;PF23288;PF23287;PF23037;PF03439;PF11942	1087	direct
O00273	O00273	DFFA_HUMAN	2	PF02017;PF09033	331	direct
O00299	O00299	CLIC1_HUMAN	2	PF22441;PF13410	241	direct
O00322	O00322	UPK1A_HUMAN	1	PF00335	258	direct
O00365	O00365	O00365_HUMAN	3	PF17490;PF17489;PF02994	338	direct
O00376	O00376	O00376_HUMAN	3	PF17490;PF17489;PF02994	338	direct
O00401	O00401	WASL_HUMAN	3	PF00786;PF00568;PF02205	505	direct
O00408	O00408	PDE2A_HUMAN	2	PF01590;PF00233	941	direct
O00410	O00410	IPO5_HUMAN	7	PF02985;PF13513;PF18808;PF18816;PF18829;PF25574;PF25780	1097	direct
O00422	O00422	SAP18_HUMAN	1	PF06487	153	direct
O00443	O00443	P3C2A_HUMAN	6	PF00168;PF00454;PF00792;PF00794;PF00613;PF00787	1686	direct
O00459	O00459	P85B_HUMAN	3	PF16454;PF00620;PF00017	728	direct
O00461	O00461	GOLI4_HUMAN	0		696	direct
O00463	O00463	TRAF5_HUMAN	3	PF21355;PF21363;PF02176	557	direct
O00470	O00470	MEIS1_HUMAN	2	PF05920;PF16493	390	direct
O00478	O00478	BT3A3_HUMAN	4	PF22705;PF13765;PF00622;PF07686	584	direct
O00479	O00479	HMGN4_HUMAN	1	PF01101	90	direct
O00481	O00481	BT3A1_HUMAN	4	PF22705;PF13765;PF00622;PF07686	513	direct
O00507	O00507	USP9Y_HUMAN	4	PF25010;PF12030;PF00443;PF22900	2555	direct
O00519	O00519	FAAH1_HUMAN	1	PF01425	579	direct
O00522	O00522	KRIT1_HUMAN	4	PF24521;PF00373;PF24522;PF16705	736	direct
O00555	O00555	CAC1A_HUMAN	3	PF08763;PF16905;PF00520	2506	direct
O00560	O00560	SDCB1_HUMAN	1	PF00595	298	direct
O00562	O00562	PITM1_HUMAN	4	PF02862;PF02121;PF24694;PF24695	1244	direct
O00571	O00571	DDX3X_HUMAN	2	PF00270;PF00271	662	direct
O00584	O00584	RNT2_HUMAN	1	PF00445	256	direct
O00585	O00585	CCL21_HUMAN	1	PF00048	134	direct
O00592	O00592	PODXL_HUMAN	1	PF06365	558	direct
O00622	O00622	CCN1_HUMAN	4	PF00007;PF00219;PF19035;PF00093	381	direct
O00629	O00629	IMA3_HUMAN	3	PF00514;PF16186;PF01749	521	direct
O00748	O00748	EST2_HUMAN	1	PF00135	559	direct
O14494	O14494	PLPP1_HUMAN	1	PF01569	284	direct
O14524	O14524	NEMP1_HUMAN	1	PF10225	444	direct
O14526	O14526	FCHO1_HUMAN	2	PF22699;PF10291	889	direct
O14558	O14558	HSPB6_HUMAN	2	PF00525;PF00011	160	direct
O14579	O14579	COPE_HUMAN	1	PF04733	308	direct
O14595	O14595	CTDS2_HUMAN	1	PF03031	271	direct
O14617	O14617	AP3D1_HUMAN	3	PF01602;PF06375;PF26171	1153	direct
O14625	O14625	CXL11_HUMAN	1	PF00048	94	direct
O14641	O14641	DVL2_HUMAN	5	PF00610;PF02377;PF00778;PF12316;PF00595	736	direct
O14662	O14662	STX16_HUMAN	1	PF05739	325	direct
O14672	O14672	ADA10_HUMAN	3	PF21299;PF00200;PF13574	748	direct
O14686	O14686	KMT2D_HUMAN	6	PF05965;PF05964;PF00628;PF00856;PF13771;PF13832	5537	direct
O14732	O14732	IMPA2_HUMAN	1	PF00459	288	direct
O14737	O14737	PDCD5_HUMAN	1	PF01984	125	direct
O14763	O14763	TR10B_HUMAN	2	PF00531;PF00020	440	direct
O14770	O14770	MEIS2_HUMAN	2	PF05920;PF16493	477	direct
O14773	O14773	TPP1_HUMAN	2	PF00082;PF09286	563	direct
O14776	O14776	TCRG1_HUMAN	3	PF01846;PF00397;PF23517	1098	direct
O14786	O14786	NRP1_HUMAN	4	PF00431;PF11980;PF00754;PF00629	923	direct
O14795	O14795	UN13B_HUMAN	3	PF00130;PF00168;PF06292	1591	direct
O14802	O14802	RPC1_HUMAN	5	PF04997;PF00623;PF04983;PF05000;PF04998	1390	direct
O14818	O14818	PSA7_HUMAN	2	PF00227;PF10584	248	direct
O14827	O14827	RGRF2_HUMAN	4	PF00169;PF00617;PF00618;PF00621	1237	direct
O14836	O14836	TR13B_HUMAN	1	PF09305	293	direct
O14879	O14879	IFIT3_HUMAN	3	PF13424;PF13176;PF13181	490	direct
O14901	O14901	KLF11_HUMAN	1	PF00096	512	direct
O14907	O14907	TX1B3_HUMAN	1	PF00595	124	direct
O14908	O14908	GIPC1_HUMAN	3	PF25083;PF25082;PF00595	333	direct
O14917	O14917	PCD17_HUMAN	2	PF00028;PF08266	1159	direct
O14929	O14929	HAT1_HUMAN	2	PF21183;PF10394	419	direct
O14933	O14933	UB2L6_HUMAN	1	PF00179	153	direct
O14936	O14936	CSKP_HUMAN	5	PF00625;PF02828;PF00595;PF00069;PF07653	926	direct
O14950	O14950	ML12B_HUMAN	2	PF08976;PF13499	172	direct
O14964	O14964	HGS_HUMAN	3	PF01363;PF12210;PF00790	777	direct
O14966	O14966	RAB7L_HUMAN	1	PF00071	203	direct
O14974	O14974	MYPT1_HUMAN	2	PF12796;PF15898	1030	direct
O14975	O14975	S27A2_HUMAN	2	PF00501;PF13193	620	direct
O14979	O14979	HNRDL_HUMAN	1	PF00076	420	direct
O14980	O14980	XPO1_HUMAN	6	PF08767;PF18777;PF18784;PF18787;PF03810;PF08389	1071	direct
O14981	O14981	BTAF1_HUMAN	3	PF12054;PF00271;PF00176	1849	direct
O15015	O15015	ZN646_HUMAN	2	PF00096;PF13912	1832	direct
O15031	O15031	PLXB2_HUMAN	8	PF08337;PF20170;PF01437;PF24317;PF24479;PF01403;PF01833;PF17960	1838	direct
O15033	O15033	AREL1_HUMAN	4	PF25915;PF25916;PF00630;PF00632	823	direct
O15050	O15050	TRNK1_HUMAN	0		2925	direct
O15054	O15054	KDM6B_HUMAN	3	PF02373;PF21322;PF21326	1643	direct
O15062	O15062	ZBTB5_HUMAN	1	PF00651	677	direct
O15067	O15067	PUR4_HUMAN	5	PF02769;PF18072;PF18076;PF22689;PF13507	1338	direct
O15085	O15085	ARHGB_HUMAN	4	PF00595;PF17838;PF09128;PF00621	1522	direct
O15111	O15111	IKKA_HUMAN	3	PF18397;PF12179;PF00069	745	direct
O15116	O15116	LSM1_HUMAN	1	PF01423	133	direct
O15117	O15117	FYB1_HUMAN	2	PF14603;PF07653	783	direct
O15126	O15126	SCAM1_HUMAN	1	PF04144	338	direct
O15127	O15127	SCAM2_HUMAN	1	PF04144	329	direct
O15131	O15131	IMA6_HUMAN	3	PF00514;PF16186;PF01749	539	direct
O15143	O15143	ARC1B_HUMAN	1	PF00400	372	direct
O15144	O15144	ARPC2_HUMAN	1	PF04045	300	direct
O15145	O15145	ARPC3_HUMAN	1	PF04062	178	direct
O15151	O15151	MDM4_HUMAN	2	PF13920;PF00641	490	direct
O15162	O15162	PLS1_HUMAN	1	PF03803	318	direct
O15169	O15169	AXIN1_HUMAN	4	PF16646;PF08833;PF00778;PF00615	862	direct
O15197	O15197	EPHB6_HUMAN	7	PF14575;PF25599;PF01404;PF07699;PF00041;PF07714;PF07647	1021	direct
O15201	O15201	O15201_HUMAN	1	PF00028	135	direct
O15204	O15204	ADEC1_HUMAN	2	PF01562;PF01421	470	direct
O15230	O15230	LAMA5_HUMAN	8	PF00053;PF24973;PF00052;PF00054;PF02210;PF06008;PF06009;PF00055	3695	direct
O15258	O15258	RER1_HUMAN	1	PF03248	196	direct
O15269	O15269	SPTC1_HUMAN	1	PF00155	473	direct
O15270	O15270	SPTC2_HUMAN	1	PF00155	562	direct
O15294	O15294	OGT1_HUMAN	5	PF13844;PF00515;PF13414;PF13424;PF13181	1046	direct
O15304	O15304	SIVA_HUMAN	1	PF05458	175	direct
O15315	O15315	RA51B_HUMAN	2	PF26169;PF08423	384	direct
O15320	O15320	CTGE5_HUMAN	0		0	direct
O15355	O15355	PPM1G_HUMAN	1	PF00481	546	direct
O15357	O15357	SHIP2_HUMAN	5	PF24147;PF24150;PF22669;PF00536;PF00017	1258	direct
O15371	O15371	EIF3D_HUMAN	1	PF05091	548	direct
O15379	O15379	HDAC3_HUMAN	1	PF00850	428	direct
O15389	O15389	SIGL5_HUMAN	2	PF13927;PF07686	551	direct
O15397	O15397	IPO8_HUMAN	3	PF08506;PF03810;PF25758	1037	direct
O15417	O15417	TNC18_HUMAN	3	PF01426;PF21744;PF24912	2968	direct
O15438	O15438	MRP3_HUMAN	3	PF00664;PF00005;PF24357	1527	direct
O15504	O15504	NUP42_HUMAN	2	PF27634;PF27899	423	direct
O15516	O15516	CLOCK_HUMAN	3	PF00010;PF00989;PF14598	846	direct
O15519	O15519	CFLAR_HUMAN	2	PF01335;PF00656	480	direct
O15523	O15523	DDX3Y_HUMAN	2	PF00270;PF00271	660	direct
O15533	O15533	TPSN_HUMAN	1	PF07654	448	direct
O15552	O15552	FFAR2_HUMAN	1	PF00001	330	direct
O43143	O43143	DHX15_HUMAN	5	PF00270;PF21010;PF00271;PF07717;PF04408	795	direct
O43151	O43151	TET3_HUMAN	2	PF12851;PF02008	1795	direct
O43157	O43157	PLXB1_HUMAN	9	PF08337;PF20170;PF01437;PF24317;PF24479;PF01403;PF01833;PF18020;PF17960	2135	direct
O43164	O43164	PJA2_HUMAN	1	PF13639	708	direct
O43166	O43166	SI1L1_HUMAN	4	PF00595;PF21022;PF02145;PF11881	1804	direct
O43187	O43187	IRAK2_HUMAN	2	PF00531;PF00069	625	direct
O43189	O43189	PHF1_HUMAN	3	PF14061;PF00628;PF18104	567	direct
O43203	O43203	O43203_HUMAN	1	PF00108	132	direct
O43237	O43237	DC1L2_HUMAN	1	PF05783	492	direct
O43242	O43242	PSMD3_HUMAN	3	PF01399;PF08375;PF25573	534	direct
O43251	O43251	RFOX2_HUMAN	2	PF12414;PF00076	390	direct
O43252	O43252	PAPS1_HUMAN	3	PF01583;PF01747;PF14306	624	direct
O43257	O43257	ZNHI1_HUMAN	1	PF04438	154	direct
O43264	O43264	ZW10_HUMAN	4	PF20666;PF22766;PF20665;PF06248	779	direct
O43290	O43290	SNUT1_HUMAN	2	PF19252;PF03343	800	direct
O43294	O43294	TGFI1_HUMAN	2	PF00412;PF03535	461	direct
O43303	O43303	CP110_HUMAN	1	PF16025	1012	direct
O43309	O43309	ZSC12_HUMAN	2	PF02023;PF00096	611	direct
O43310	O43310	CTIF_HUMAN	1	PF02854	598	direct
O43312	O43312	MTSS1_HUMAN	2	PF08397;PF02205	755	direct
O43318	O43318	M3K7_HUMAN	2	PF27575;PF07714	606	direct
O43390	O43390	HNRPR_HUMAN	2	PF18360;PF00076	633	direct
O43396	O43396	TXNL1_HUMAN	2	PF06201;PF00085	289	direct
O43399	O43399	TPD54_HUMAN	1	PF04201	206	direct
O43414	O43414	ERI3_HUMAN	1	PF00929	337	direct
O43422	O43422	P52K_HUMAN	3	PF05699;PF14291;PF05485	761	direct
O43426	O43426	SYNJ1_HUMAN	3	PF08952;PF22669;PF02383	1573	direct
O43432	O43432	IF4G3_HUMAN	3	PF02847;PF02854;PF02020	1585	direct
O43439	O43439	MTG8R_HUMAN	3	PF08788;PF07531;PF01753	604	direct
O43451	O43451	MGA_HUMAN	4	PF13802;PF01055;PF21365;PF00088	2753	direct
O43464	O43464	HTRA2_HUMAN	2	PF17820;PF13365	458	direct
O43491	O43491	E41L2_HUMAN	6	PF05902;PF08736;PF09380;PF00373;PF09379;PF04382	1005	direct
O43516	O43516	WIPF1_HUMAN	1	PF02205	503	direct
O43542	O43542	XRCC3_HUMAN	2	PF26169;PF08423	346	direct
O43615	O43615	TIM44_HUMAN	1	PF04280	452	direct
O43660	O43660	PLRG1_HUMAN	1	PF00400	514	direct
O43670	O43670	ZN207_HUMAN	0		478	direct
O43679	O43679	LDB2_HUMAN	2	PF17916;PF01803	373	direct
O43680	O43680	TCF21_HUMAN	1	PF00010	179	direct
O43681	O43681	GET3_HUMAN	1	PF02374	348	direct
O43684	O43684	BUB3_HUMAN	1	PF00400	328	direct
O43699	O43699	SIGL6_HUMAN	4	PF07679;PF00047;PF27822;PF07686	453	direct
O43709	O43709	BUD23_HUMAN	2	PF08241;PF12589	281	direct
O43715	O43715	TRIA1_HUMAN	1	PF05254	76	direct
O43719	O43719	HTSF1_HUMAN	1	PF00076	755	direct
O43747	O43747	AP1G1_HUMAN	2	PF01602;PF02883	822	direct
O43760	O43760	SNG2_HUMAN	1	PF01284	224	direct
O43765	O43765	SGTA_HUMAN	3	PF16546;PF00515;PF13181	313	direct
O43776	O43776	SYNC_HUMAN	3	PF20917;PF00152;PF01336	548	direct
O43809	O43809	CPSF5_HUMAN	1	PF13869	227	direct
O43815	O43815	STRN_HUMAN	2	PF08232;PF00400	780	direct
O43822	O43822	CF410_HUMAN	0		256	direct
O43847	O43847	NRDC_HUMAN	3	PF00675;PF05193;PF16187	1151	direct
O43865	O43865	SAHH2_HUMAN	2	PF05221;PF00670	530	direct
O43866	O43866	CD5L_HUMAN	1	PF00530	347	direct
O43896	O43896	KIF1C_HUMAN	3	PF00498;PF00225;PF16183	1103	direct
O43914	O43914	TYOBP_HUMAN	0		113	direct
O43924	O43924	PDE6D_HUMAN	1	PF05351	150	direct
O43927	O43927	CXL13_HUMAN	1	PF00048	109	direct
O43929	O43929	ORC4_HUMAN	2	PF13191;PF14629	436	direct
O60216	O60216	RAD21_HUMAN	2	PF04824;PF04825	631	direct
O60234	O60234	GMFG_HUMAN	1	PF00241	142	direct
O60237	O60237	MYPT2_HUMAN	2	PF12796;PF15898	982	direct
O60238	O60238	BNI3L_HUMAN	1	PF06553	219	direct
O60244	O60244	MED14_HUMAN	7	PF08638;PF25069;PF22981;PF25065;PF25067;PF22984;PF22983	1454	direct
O60264	O60264	SMCA5_HUMAN	4	PF09110;PF00271;PF09111;PF00176	1052	direct
O60271	O60271	JIP4_HUMAN	3	PF16471;PF09744;PF19056	1321	direct
O60281	O60281	ZN292_HUMAN	4	PF25580;PF00096;PF25420;PF26218	2723	direct
O60290	O60290	ZN862_HUMAN	3	PF05699;PF27073;PF01352	1169	direct
O60293	O60293	ZC3H1_HUMAN	1	PF10650	1989	direct
O60296	O60296	TRAK2_HUMAN	2	PF04849;PF12448	914	direct
O60303	O60303	KATIP_HUMAN	1	PF14652	1618	direct
O60315	O60315	ZEB2_HUMAN	2	PF00096;PF05605	1214	direct
O60318	O60318	GANP_HUMAN	4	PF16766;PF16769;PF16768;PF03399	1980	direct
O60333	O60333	KIF1B_HUMAN	6	PF12473;PF00498;PF12423;PF00225;PF16183;PF00169	1816	direct
O60447	O60447	EVI5_HUMAN	2	PF27580;PF00566	810	direct
O60449	O60449	LY75_HUMAN	3	PF24562;PF00040;PF00059	1722	direct
O60500	O60500	NPHN_HUMAN	5	PF08205;PF00041;PF07679;PF13927;PF07686	1241	direct
O60502	O60502	OGA_HUMAN	1	PF07555	916	direct
O60506	O60506	HNRPQ_HUMAN	2	PF18360;PF00076	623	direct
O60512	O60512	B4GT3_HUMAN	2	PF02709;PF13733	393	direct
O60519	O60519	CRBL2_HUMAN	1	PF07716	120	direct
O60573	O60573	IF4E2_HUMAN	1	PF01652	245	direct
O60583	O60583	CCNT2_HUMAN	2	PF00134;PF21797	730	direct
O60602	O60602	TLR5_HUMAN	3	PF00560;PF13855;PF01582	858	direct
O60603	O60603	TLR2_HUMAN	4	PF00560;PF13855;PF01463;PF01582	784	direct
O60613	O60613	SEP15_HUMAN	1	PF08806	165	direct
O60637	O60637	TSN3_HUMAN	1	PF00335	253	direct
O60645	O60645	EXOC3_HUMAN	1	PF06046	745	direct
O60658	O60658	PDE8A_HUMAN	5	PF00989;PF08629;PF28324;PF23198;PF00233	829	direct
O60664	O60664	PLIN3_HUMAN	1	PF03036	434	direct
O60667	O60667	FCMR_HUMAN	1	PF07686	390	direct
O60673	O60673	REV3L_HUMAN	6	PF00136;PF03104;PF15735;PF24055;PF24065;PF14260	3130	direct
O60678	O60678	ANM3_HUMAN	4	PF21137;PF21336;PF06325;PF22528	531	direct
O60711	O60711	LPXN_HUMAN	1	PF00412	386	direct
O60716	O60716	CTND1_HUMAN	1	PF00514	968	direct
O60749	O60749	SNX2_HUMAN	3	PF00787;PF03700;PF09325	519	direct
O60759	O60759	CYTIP_HUMAN	1	PF00595	359	direct
O60762	O60762	DPM1_HUMAN	1	PF00535	260	direct
O60763	O60763	USO1_HUMAN	3	PF18770;PF04871;PF04869	962	direct
O60825	O60825	F262_HUMAN	2	PF01591;PF00300	505	direct
O60830	O60830	TI17B_HUMAN	1	PF02466	172	direct
O60831	O60831	PRAF2_HUMAN	1	PF03208	178	direct
O60840	O60840	CAC1F_HUMAN	4	PF08763;PF16885;PF16905;PF00520	1977	direct
O60861	O60861	GAS7_HUMAN	4	PF00611;PF14604;PF00397;PF16623	476	direct
O60869	O60869	EDF1_HUMAN	2	PF01381;PF08523	148	direct
O60879	O60879	DIAP2_HUMAN	3	PF06367;PF06371;PF02181	1101	direct
O60888	O60888	CUTA_HUMAN	1	PF03091	179	direct
O60930	O60930	RNH1_HUMAN	2	PF01693;PF00075	286	direct
O60941	O60941	DTNB_HUMAN	3	PF09068;PF09069;PF00569	627	direct
O75015	O75015	FCG3B_HUMAN	1	PF13895	233	direct
O75022	O75022	LIRB3_HUMAN	2	PF00047;PF13895	631	direct
O75044	O75044	SRGP2_HUMAN	3	PF00611;PF00620;PF00018	1071	direct
O75064	O75064	DEN4B_HUMAN	4	PF03455;PF02141;PF10240;PF03456	1496	direct
O75071	O75071	EFC14_HUMAN	0		495	direct
O75081	O75081	MTG16_HUMAN	3	PF08788;PF07531;PF01753	653	direct
O75083	O75083	WDR1_HUMAN	1	PF00400	606	direct
O75096	O75096	LRP4_HUMAN	4	PF12662;PF14670;PF00057;PF00058	1905	direct
O75122	O75122	CLAP2_HUMAN	2	PF12348;PF23271	1294	direct
O75132	O75132	ZBED4_HUMAN	4	PF05699;PF27041;PF27039;PF02892	1171	direct
O75143	O75143	ATG13_HUMAN	1	PF10033	517	direct
O75153	O75153	CLU_HUMAN	4	PF13236;PF15044;PF12807;PF13424	1309	direct
O75157	O75157	T22D2_HUMAN	1	PF01166	780	direct
O75175	O75175	CNOT3_HUMAN	2	PF04153;PF04065	753	direct
O75179	O75179	ANR17_HUMAN	4	PF00023;PF12796;PF13637;PF00013	2603	direct
O75197	O75197	LRP5_HUMAN	3	PF14670;PF00057;PF00058	1615	direct
O75298	O75298	RTN2_HUMAN	1	PF02453	545	direct
O75309	O75309	CAD16_HUMAN	1	PF00028	829	direct
O75322	O75322	O75322_HUMAN	1	PF00183	539	direct
O75323	O75323	NIPS2_HUMAN	1	PF07978	286	direct
O75326	O75326	SEM7A_HUMAN	3	PF28354;PF01437;PF01403	666	direct
O75340	O75340	PDCD6_HUMAN	1	PF13499	191	direct
O75346	O75346	ZN253_HUMAN	3	PF01352;PF00096;PF13465	499	direct
O75365	O75365	TP4A3_HUMAN	1	PF22785	173	direct
O75367	O75367	H2AY_HUMAN	3	PF00125;PF16211;PF01661	369	direct
O75368	O75368	SH3L1_HUMAN	1	PF04908	114	direct
O75376	O75376	NCOR1_HUMAN	3	PF15784;PF00249;PF27579	2440	direct
O75381	O75381	PEX14_HUMAN	1	PF04695	377	direct
O75382	O75382	TRIM3_HUMAN	4	PF00630;PF01436;PF00643;PF00097	744	direct
O75385	O75385	ULK1_HUMAN	3	PF12063;PF21127;PF00069	1050	direct
O75396	O75396	SC22B_HUMAN	2	PF13774;PF00957	215	direct
O75400	O75400	PR40A_HUMAN	3	PF01846;PF25432;PF00397	957	direct
O75410	O75410	TACC1_HUMAN	1	PF05010	805	direct
O75420	O75420	GGYF1_HUMAN	1	PF02213	1035	direct
O75427	O75427	LRCH4_HUMAN	2	PF00307;PF13855	683	direct
O75444	O75444	MAF_HUMAN	2	PF03131;PF08383	373	direct
O75448	O75448	MED24_HUMAN	1	PF11277	989	direct
O75503	O75503	CLN5_HUMAN	1	PF15014	358	direct
O75521	O75521	ECI2_HUMAN	2	PF00887;PF00378	394	direct
O75528	O75528	TADA3_HUMAN	1	PF10198	432	direct
O75530	O75530	EED_HUMAN	1	PF00400	441	direct
O75533	O75533	SF3B1_HUMAN	2	PF22646;PF08920	1304	direct
O75534	O75534	CSDE1_HUMAN	3	PF00313;PF23456;PF12901	798	direct
O75569	O75569	PRKRA_HUMAN	1	PF00035	313	direct
O75575	O75575	RPC9_HUMAN	1	PF03874	148	direct
O75592	O75592	MYCB2_HUMAN	4	PF03256;PF08005;PF00415;PF13540	4678	direct
O75626	O75626	PRDM1_HUMAN	3	PF21549;PF00096;PF13912	825	direct
O75629	O75629	CREG1_HUMAN	1	PF13883	220	direct
O75643	O75643	U520_HUMAN	6	PF21188;PF00270;PF00271;PF18149;PF02889;PF23445	2136	direct
O75648	O75648	MTU1_HUMAN	3	PF03054;PF20258;PF20259	421	direct
O75663	O75663	TIPRL_HUMAN	1	PF04176	272	direct
O75691	O75691	UTP20_HUMAN	3	PF20416;PF23099;PF07539	2785	direct
O75694	O75694	NU155_HUMAN	2	PF03177;PF08801	1391	direct
O75703	O75703	O75703_HUMAN	0		0	direct
O75716	O75716	STK16_HUMAN	1	PF00069	305	direct
O75746	O75746	S2512_HUMAN	1	PF00153	678	direct
O75787	O75787	RENR_HUMAN	2	PF07850;PF25294	350	direct
O75794	O75794	CD123_HUMAN	1	PF07065	336	direct
O75807	O75807	PR15A_HUMAN	1	PF10488	674	direct
O75821	O75821	EIF3G_HUMAN	2	PF12353;PF00076	320	direct
O75843	O75843	AP1G2_HUMAN	2	PF01602;PF02883	785	direct
O75874	O75874	IDHC_HUMAN	1	PF00180	414	direct
O75882	O75882	ATRN_HUMAN	6	PF24981;PF00431;PF24973;PF23106;PF24972;PF01437	1429	direct
O75886	O75886	STAM2_HUMAN	3	PF00018;PF02809;PF00790	525	direct
O75889	O75889	O75889_HUMAN	1	PF08391	215	direct
O75911	O75911	DHRS3_HUMAN	1	PF00106	302	direct
O75915	O75915	PRAF3_HUMAN	1	PF03208	188	direct
O75923	O75923	DYSF_HUMAN	6	PF00168;PF22901;PF08165;PF08150;PF08151;PF16165	2080	direct
O75935	O75935	DCTN3_HUMAN	1	PF07426	186	direct
O75956	O75956	CDKA2_HUMAN	1	PF09806	126	direct
O75970	O75970	MPDZ_HUMAN	3	PF09045;PF16667;PF00595	2070	direct
O75995	O75995	SASH3_HUMAN	3	PF00536;PF07653;PF12485	380	direct
O76031	O76031	CLPX_HUMAN	3	PF07724;PF10431;PF26040	633	direct
O76064	O76064	RNF8_HUMAN	2	PF00498;PF13920	485	direct
O76071	O76071	CIAO1_HUMAN	1	PF00400	339	direct
O76076	O76076	CCN5_HUMAN	3	PF00219;PF19035;PF00093	250	direct
O76095	O76095	JTB_HUMAN	1	PF05439	146	direct
O76096	O76096	CYTF_HUMAN	1	PF00031	145	direct
O77932	O77932	DXO_HUMAN	1	PF08652	396	direct
O94760	O94760	DDAH1_HUMAN	1	PF19420	285	direct
O94763	O94763	RMP_HUMAN	1	PF02996	535	direct
O94768	O94768	ST17B_HUMAN	1	PF00069	372	direct
O94806	O94806	KPCD3_HUMAN	4	PF00130;PF00169;PF00069;PF25525	890	direct
O94813	O94813	SLIT2_HUMAN	7	PF00008;PF12661;PF00054;PF00560;PF13855;PF01463;PF01462	1529	direct
O94826	O94826	TOM70_HUMAN	2	PF00515;PF13181	608	direct
O94827	O94827	PKHG5_HUMAN	1	PF00621	1006	direct
O94829	O94829	IPO13_HUMAN	8	PF03810;PF18773;PF18786;PF18806;PF24138;PF24140;PF24139;PF08389	963	direct
O94832	O94832	MYO1D_HUMAN	3	PF00612;PF00063;PF06017	1006	direct
O94842	O94842	TOX4_HUMAN	1	PF00505	621	direct
O94851	O94851	MICA2_HUMAN	5	PF12130;PF00307;PF01494;PF00412;PF25413	1957	direct
O94864	O94864	ST65G_HUMAN	1	PF07524	414	direct
O94868	O94868	FCSD2_HUMAN	3	PF00611;PF00018;PF14604	740	direct
O94874	O94874	UFL1_HUMAN	4	PF09743;PF23659;PF25041;PF25870	794	direct
O94875	O94875	SRBS2_HUMAN	3	PF00018;PF14604;PF02208	1100	direct
O94876	O94876	TMCC1_HUMAN	1	PF10267	653	direct
O94880	O94880	PHF14_HUMAN	3	PF00628;PF13831;PF13832	948	direct
O94887	O94887	FARP2_HUMAN	6	PF08736;PF09380;PF00373;PF09379;PF00169;PF00621	1054	direct
O94898	O94898	LRIG2_HUMAN	4	PF07679;PF13927;PF13855;PF01463	1065	direct
O94901	O94901	SUN1_HUMAN	3	PF18580;PF09387;PF07738	785	direct
O94903	O94903	PLPHP_HUMAN	1	PF01168	275	direct
O94913	O94913	PCF11_HUMAN	6	PF04818;PF21936;PF20827;PF20845;PF20844;PF11526	1555	direct
O94915	O94915	FRYL_HUMAN	4	PF19421;PF14225;PF14228;PF14222	3013	direct
O94916	O94916	NFAT5_HUMAN	2	PF16179;PF00554	1531	direct
O94921	O94921	CDK14_HUMAN	1	PF00069	469	direct
O94925	O94925	GLSK_HUMAN	3	PF12796;PF17959;PF04960	669	direct
O94929	O94929	ABLM3_HUMAN	3	PF16182;PF00412;PF02209	683	direct
O94964	O94964	MTCL2_HUMAN	2	PF11365;PF14818	1661	direct
O94972	O94972	TRI37_HUMAN	2	PF22486;PF00643	964	direct
O94973	O94973	AP2A2_HUMAN	3	PF01602;PF02296;PF02883	939	direct
O94979	O94979	SC31A_HUMAN	1	PF12931	1220	direct
O94983	O94983	CMTA2_HUMAN	2	PF03859;PF01833	1202	direct
O94986	O94986	CE152_HUMAN	2	PF25770;PF25769	1710	direct
O94992	O94992	HEXI1_HUMAN	1	PF15313	359	direct
O95070	O95070	YIF1A_HUMAN	1	PF03878	293	direct
O95081	O95081	AGFG2_HUMAN	1	PF01412	481	direct
O95104	O95104	SCAF4_HUMAN	2	PF04818;PF00076	1147	direct
O95154	O95154	ARK73_HUMAN	1	PF00248	331	direct
O95166	O95166	GBRAP_HUMAN	1	PF02991	117	direct
O95197	O95197	RTN3_HUMAN	1	PF02453	1032	direct
O95198	O95198	KLHL2_HUMAN	3	PF07707;PF00651;PF01344	593	direct
O95236	O95236	APOL3_HUMAN	1	PF05461	402	direct
O95248	O95248	MTMR5_HUMAN	6	PF02141;PF02893;PF06602;PF00169;PF12335;PF03456	1868	direct
O95271	O95271	TNKS1_HUMAN	4	PF00023;PF12796;PF00644;PF07647	1327	direct
O95273	O95273	CCDB1_HUMAN	2	PF20936;PF13324	360	direct
O95292	O95292	VAPB_HUMAN	1	PF00635	243	direct
O95295	O95295	SNAPN_HUMAN	1	PF14712	136	direct
O95319	O95319	CELF2_HUMAN	1	PF00076	508	direct
O95376	O95376	ARI2_HUMAN	5	PF19422;PF01485;PF22191;PF26000;PF00097	493	direct
O95382	O95382	M3K6_HUMAN	5	PF19039;PF20309;PF20302;PF13281;PF00069	1288	direct
O95391	O95391	SLU7_HUMAN	1	PF11708	586	direct
O95415	O95415	BRI3_HUMAN	1	PF10164	125	direct
O95478	O95478	NSA2_HUMAN	1	PF01201	260	direct
O95479	O95479	G6PE_HUMAN	3	PF02781;PF00479;PF01182	791	direct
O95487	O95487	SC24B_HUMAN	5	PF00626;PF08033;PF04815;PF04811;PF04810	1268	direct
O95490	O95490	AGRL2_HUMAN	7	PF00002;PF16489;PF01825;PF02793;PF02354;PF02191;PF02140	1459	direct
O95544	O95544	NADK_HUMAN	2	PF01513;PF20143	446	direct
O95551	O95551	TYDP2_HUMAN	2	PF03372;PF14555	362	direct
O95571	O95571	ETHE1_HUMAN	1	PF00753	254	direct
O95707	O95707	RPP29_HUMAN	1	PF01868	220	direct
O95715	O95715	CXL14_HUMAN	1	PF00048	111	direct
O95721	O95721	SNP29_HUMAN	0		258	direct
O95751	O95751	LDOC1_HUMAN	1	PF16297	146	direct
O95766	O95766	CG028_HUMAN	0		0	direct
O95777	O95777	LSM8_HUMAN	1	PF01423	96	direct
O95780	O95780	ZN682_HUMAN	2	PF01352;PF00096	498	direct
O95785	O95785	WIZ_HUMAN	1	PF23015	1651	direct
O95793	O95793	STAU1_HUMAN	2	PF00035;PF16482	577	direct
O95810	O95810	CAVN2_HUMAN	1	PF15237	425	direct
O95816	O95816	BAG2_HUMAN	0		211	direct
O95819	O95819	M4K4_HUMAN	2	PF00780;PF00069	1239	direct
O95857	O95857	TSN13_HUMAN	1	PF00335	204	direct
O95859	O95859	TSN12_HUMAN	1	PF00335	305	direct
O95876	O95876	FRITZ_HUMAN	1	PF11768	746	direct
O95905	O95905	ECD_HUMAN	1	PF07093	644	direct
O95925	O95925	EPPI_HUMAN	2	PF00014;PF00095	133	direct
O95936	O95936	EOMES_HUMAN	2	PF00907;PF16176	686	direct
O95947	O95947	TBX6_HUMAN	1	PF00907	436	direct
O95967	O95967	FBLN4_HUMAN	4	PF12662;PF07645;PF22914;PF12661	443	direct
O95976	O95976	IGSF6_HUMAN	1	PF07686	241	direct
O95980	O95980	RECK_HUMAN	7	PF23332;PF25027;PF22955;PF25028;PF23298;PF07648;PF22961	971	direct
O95989	O95989	NUDT3_HUMAN	1	PF00293	172	direct
O95998	O95998	I18BP_HUMAN	1	PF22009	194	direct
O96005	O96005	CLPT1_HUMAN	1	PF05602	669	direct
O96006	O96006	ZBED1_HUMAN	4	PF05699;PF27041;PF27039;PF02892	694	direct
O96007	O96007	MOC2B_HUMAN	1	PF02391	188	direct
O96019	O96019	ACL6A_HUMAN	1	PF00022	429	direct
P00325	P00325	ADH1B_HUMAN	2	PF08240;PF00107	375	direct
P00338	P00338	LDHA_HUMAN	2	PF02866;PF00056	332	direct
P00352	P00352	AL1A1_HUMAN	1	PF00171	501	direct
P00367	P00367	DHE3_HUMAN	2	PF00208;PF02812	558	direct
P00374	P00374	DYR_HUMAN	1	PF00186	187	direct
P00390	P00390	GSHR_HUMAN	2	PF07992;PF02852	522	direct
P00439	P00439	PH4H_HUMAN	2	PF01842;PF00351	452	direct
P00450	P00450	CERU_HUMAN	3	PF00394;PF07731;PF07732	1065	direct
P00533	P00533	EGFR_HUMAN	5	PF00757;PF14843;PF07714;PF01030;PF21314	1210	direct
P00558	P00558	PGK1_HUMAN	1	PF00162	417	direct
P00568	P00568	KAD1_HUMAN	1	PF00406	194	direct
P00734	P00734	THRB_HUMAN	4	PF00594;PF00051;PF09396;PF00089	622	direct
P00742	P00742	FA10_HUMAN	4	PF00008;PF14670;PF00594;PF00089	488	direct
P00746	P00746	CFAD_HUMAN	1	PF00089	253	direct
P00747	P00747	PLMN_HUMAN	3	PF00051;PF00024;PF00089	810	direct
P00751	P00751	CFAB_HUMAN	3	PF00084;PF00089;PF00092	764	direct
P00966	P00966	ASSY_HUMAN	2	PF20979;PF00764	412	direct
P01009	P01009	A1AT_HUMAN	1	PF00079	418	direct
P01023	P01023	A2MG_HUMAN	7	PF00207;PF07703;PF07677;PF01835;PF17791;PF17789;PF07678	1474	direct
P01024	P01024	CO3_HUMAN	12	PF00207;PF07703;PF07677;PF01821;PF21406;PF21308;PF17790;PF01835;PF17791;PF17789;PF01759;PF07678	1663	direct
P01031	P01031	CO5_HUMAN	11	PF00207;PF07703;PF07677;PF01821;PF21309;PF17790;PF01835;PF17791;PF17789;PF01759;PF07678	1676	direct
P01034	P01034	CYTC_HUMAN	1	PF00031	146	direct
P01100	P01100	FOS_HUMAN	1	PF00170	380	direct
P01111	P01111	RASN_HUMAN	1	PF00071	189	direct
P01112	P01112	RASH_HUMAN	1	PF00071	189	direct
P01116	P01116	RASK_HUMAN	1	PF00071	189	direct
P01127	P01127	PDGFB_HUMAN	2	PF00341;PF04692	241	direct
P01137	P01137	TGFB1_HUMAN	2	PF00019;PF00688	390	direct
P01210	P01210	PENK_HUMAN	1	PF01160	267	direct
P01241	P01241	SOMA_HUMAN	1	PF00103	217	direct
P01266	P01266	THYG_HUMAN	3	PF00135;PF07699;PF00086	2768	direct
P01591	P01591	IGJ_HUMAN	1	PF15097	159	direct
P01730	P01730	CD4_HUMAN	4	PF05790;PF09191;PF00047;PF12104	458	direct
P01732	P01732	CD8A_HUMAN	1	PF07686	235	direct
P01733	P01733	TVBL3_HUMAN	1	PF07686	115	direct
P01834	P01834	IGKC_HUMAN	1	PF07654	107	direct
P01848	P01848	TRAC_HUMAN	1	PF09291	140	direct
P01850	P01850	TRBC1_HUMAN	1	PF07654	176	direct
P01857	P01857	IGHG1_HUMAN	1	PF07654	399	direct
P01871	P01871	IGHM_HUMAN	1	PF07654	474	direct
P01877	P01877	IGHA2_HUMAN	2	PF07654;PF00047	391	direct
P01892	P01892	1A02_HUMAN	0		0	direct
P01903	P01903	DRA_HUMAN	2	PF07654;PF00993	254	direct
P01909	P01909	DQA1_HUMAN	2	PF07654;PF00993	254	direct
P01912	P01912	2B13_HUMAN	0		0	direct
P02452	P02452	CO1A1_HUMAN	3	PF01410;PF01391;PF00093	1464	direct
P02461	P02461	CO3A1_HUMAN	3	PF01410;PF01391;PF00093	1466	direct
P02462	P02462	CO4A1_HUMAN	2	PF01413;PF01391	1669	direct
P02511	P02511	CRYAB_HUMAN	2	PF00525;PF00011	175	direct
P02545	P02545	LMNA_HUMAN	2	PF00038;PF00932	664	direct
P02647	P02647	APOA1_HUMAN	1	PF01442	267	direct
P02649	P02649	APOE_HUMAN	1	PF01442	317	direct
P02679	P02679	FIBG_HUMAN	2	PF08702;PF00147	453	direct
P02741	P02741	CRP_HUMAN	1	PF00354	224	direct
P02745	P02745	C1QA_HUMAN	2	PF00386;PF01391	245	direct
P02746	P02746	C1QB_HUMAN	2	PF00386;PF01391	253	direct
P02751	P02751	FINC_HUMAN	3	PF00039;PF00040;PF00041	2477	direct
P02760	P02760	AMBP_HUMAN	2	PF00014;PF00061	352	direct
P02768	P02768	ALBU_HUMAN	1	PF00273	609	direct
P02775	P02775	CXCL7_HUMAN	1	PF00048	128	direct
P02787	P02787	TRFE_HUMAN	1	PF00405	698	direct
P02788	P02788	TRFL_HUMAN	1	PF00405	710	direct
P02792	P02792	FRIL_HUMAN	1	PF00210	175	direct
P03372	P03372	ESR1_HUMAN	4	PF12743;PF00104;PF02159;PF00105	595	direct
P03951	P03951	FA11_HUMAN	2	PF00024;PF00089	625	direct
P04003	P04003	C4BPA_HUMAN	2	PF18453;PF00084	597	direct
P04004	P04004	VTNC_HUMAN	2	PF00045;PF01033	478	direct
P04040	P04040	CATA_HUMAN	2	PF00199;PF06628	527	direct
P04049	P04049	RAF1_HUMAN	3	PF00130;PF07714;PF02196	648	direct
P04075	P04075	ALDOA_HUMAN	1	PF00274	364	direct
P04080	P04080	CYTB_HUMAN	1	PF00031	98	direct
P04083	P04083	ANXA1_HUMAN	1	PF00191	346	direct
P04150	P04150	GCR_HUMAN	3	PF02155;PF00104;PF00105	777	direct
P04196	P04196	HRG_HUMAN	1	PF00031	525	direct
P04229	P04229	2B11_HUMAN	0		0	direct
P04233	P04233	HG2A_HUMAN	3	PF09307;PF08831;PF00086	296	direct
P04275	P04275	VWF_HUMAN	8	PF08742;PF01826;PF25962;PF00092;PF16164;PF00093;PF00094;PF23244	2813	direct
P04350	P04350	TBB4A_HUMAN	2	PF00091;PF03953	444	direct
P04440	P04440	DPB1_HUMAN	2	PF07654;PF00969	258	direct
P04632	P04632	CPNS1_HUMAN	0		268	direct
P04637	P04637	P53_HUMAN	4	PF00870;PF08563;PF07710;PF18521	393	direct
P04792	P04792	HSPB1_HUMAN	1	PF00011	205	direct
P04843	P04843	RPN1_HUMAN	1	PF04597	607	direct
P04920	P04920	B3A2_HUMAN	2	PF07565;PF00955	1241	direct
P05062	P05062	ALDOB_HUMAN	1	PF00274	364	direct
P05067	P05067	A4_HUMAN	6	PF10515;PF12924;PF12925;PF02177;PF03494;PF00014	770	direct
P05091	P05091	ALDH2_HUMAN	1	PF00171	517	direct
P05106	P05106	ITB3_HUMAN	7	PF07974;PF23105;PF18372;PF08725;PF07965;PF00362;PF17205	788	direct
P05107	P05107	ITB2_HUMAN	5	PF23105;PF08725;PF07965;PF00362;PF17205	769	direct
P05109	P05109	S10A8_HUMAN	1	PF01023	93	direct
P05154	P05154	IPSP_HUMAN	1	PF00079	406	direct
P05155	P05155	IC1_HUMAN	1	PF00079	500	direct
P05165	P05165	PCCA_HUMAN	5	PF02785;PF00289;PF00364;PF02786;PF18140	728	direct
P05186	P05186	PPBT_HUMAN	1	PF00245	524	direct
P05204	P05204	HMGN2_HUMAN	1	PF01101	90	direct
P05230	P05230	FGF1_HUMAN	1	PF00167	155	direct
P05412	P05412	JUN_HUMAN	2	PF00170;PF03957	331	direct
P05556	P05556	ITB1_HUMAN	7	PF07974;PF23105;PF18372;PF08725;PF07965;PF00362;PF17205	798	direct
P05771	P05771	KPCB_HUMAN	4	PF00130;PF00168;PF00069;PF00433	671	direct
P05814	P05814	CASB_HUMAN	1	PF00363	226	direct
P06132	P06132	DCUP_HUMAN	1	PF01208	367	direct
P06213	P06213	INSR_HUMAN	4	PF00757;PF17870;PF07714;PF01030	1382	direct
P06239	P06239	LCK_HUMAN	3	PF07714;PF00017;PF00018	509	direct
P06241	P06241	FYN_HUMAN	3	PF07714;PF00017;PF00018	537	direct
P06396	P06396	GELS_HUMAN	1	PF00626	782	direct
P06400	P06400	RB_HUMAN	4	PF11934;PF01858;PF01857;PF08934	928	direct
P06681	P06681	CO2_HUMAN	3	PF00084;PF00089;PF00092	752	direct
P06702	P06702	S10A9_HUMAN	1	PF01023	114	direct
P06731	P06731	CEAM5_HUMAN	3	PF13895;PF13927;PF07686	702	direct
P06733	P06733	ENOA_HUMAN	2	PF00113;PF03952	434	direct
P06748	P06748	NPM_HUMAN	2	PF16276;PF03066	294	direct
P07195	P07195	LDHB_HUMAN	2	PF02866;PF00056	334	direct
P07204	P07204	TRBM_HUMAN	6	PF12662;PF07645;PF09064;PF14670;PF00059;PF25444	575	direct
P07225	P07225	PROS_HUMAN	6	PF07645;PF14670;PF00594;PF12661;PF00054;PF02210	676	direct
P07237	P07237	PDIA1_HUMAN	2	PF00085;PF13848	508	direct
P07332	P07332	FES_HUMAN	3	PF00611;PF07714;PF00017	822	direct
P07333	P07333	CSF1R_HUMAN	3	PF00047;PF25305;PF07714	972	direct
P07339	P07339	CATD_HUMAN	2	PF07966;PF00026	412	direct
P07355	P07355	ANXA2_HUMAN	1	PF00191	339	direct
P07437	P07437	TBB5_HUMAN	2	PF00091;PF03953	444	direct
P07602	P07602	SAP_HUMAN	3	PF02199;PF05184;PF03489	524	direct
P07711	P07711	CATL1_HUMAN	2	PF08246;PF00112	333	direct
P07737	P07737	PROF1_HUMAN	1	PF00235	140	direct
P07858	P07858	CATB_HUMAN	2	PF00112;PF08127	339	direct
P07900	P07900	HS90A_HUMAN	2	PF13589;PF00183	732	direct
P07910	P07910	HNRPC_HUMAN	1	PF00076	306	direct
P07911	P07911	UROM_HUMAN	5	PF23283;PF12947;PF07645;PF00100;PF23344	640	direct
P07948	P07948	LYN_HUMAN	3	PF07714;PF00017;PF00018	512	direct
P07954	P07954	FUMH_HUMAN	2	PF10415;PF00206	510	direct
P07996	P07996	TSP1_HUMAN	4	PF00090;PF02412;PF05735;PF00093	1170	direct
P07998	P07998	RNAS1_HUMAN	1	PF00074	156	direct
P08047	P08047	SP1_HUMAN	1	PF00096	785	direct
P08069	P08069	IGF1R_HUMAN	3	PF00757;PF07714;PF01030	1367	direct
P08107	P08107	HSP71_HUMAN	0		0	direct
P08123	P08123	CO1A2_HUMAN	2	PF01410;PF01391	1366	direct
P08133	P08133	ANXA6_HUMAN	1	PF00191	673	direct
P08134	P08134	RHOC_HUMAN	1	PF00071	193	direct
P08174	P08174	DAF_HUMAN	1	PF00084	381	direct
P08195	P08195	4F2_HUMAN	2	PF00128;PF16028	529	direct
P08238	P08238	HS90B_HUMAN	2	PF13589;PF00183	724	direct
P08253	P08253	MMP2_HUMAN	3	PF00040;PF00045;PF00413	660	direct
P08263	P08263	GSTA1_HUMAN	2	PF00043;PF02798	222	direct
P08514	P08514	ITA2B_HUMAN	5	PF01839;PF08441;PF20805;PF20806;PF00357	1039	direct
P08571	P08571	CD14_HUMAN	1	PF13516	375	direct
P08572	P08572	CO4A2_HUMAN	2	PF01413;PF01391	1712	direct
P08575	P08575	PTPRC_HUMAN	4	PF12567;PF00041;PF12453;PF00102	1306	direct
P08579	P08579	RU2B_HUMAN	1	PF00076	225	direct
P08581	P08581	MET_HUMAN	4	PF07714;PF01437;PF01403;PF01833	1390	direct
P08603	P08603	CFAH_HUMAN	1	PF00084	1231	direct
P08621	P08621	RU17_HUMAN	2	PF00076;PF12220	437	direct
P08637	P08637	FCG3A_HUMAN	1	PF13895	254	direct
P08670	P08670	VIME_HUMAN	2	PF00038;PF04732	466	direct
P08754	P08754	GNAI3_HUMAN	1	PF00503	354	direct
P08758	P08758	ANXA5_HUMAN	1	PF00191	320	direct
P08962	P08962	CD63_HUMAN	1	PF00335	238	direct
P09132	P09132	SRP19_HUMAN	1	PF01922	144	direct
P09211	P09211	GSTP1_HUMAN	2	PF14497;PF02798	210	direct
P09326	P09326	CD48_HUMAN	2	PF13895;PF07686	243	direct
P09341	P09341	GROA_HUMAN	1	PF00048	107	direct
P09429	P09429	HMGB1_HUMAN	2	PF00505;PF09011	215	direct
P09467	P09467	F16P1_HUMAN	2	PF00316;PF18913	338	direct
P09486	P09486	SPRC_HUMAN	3	PF09289;PF00050;PF10591	303	direct
P09488	P09488	GSTM1_HUMAN	2	PF00043;PF02798	218	direct
P09496	P09496	CLCA_HUMAN	1	PF01086	248	direct
P09564	P09564	CD7_HUMAN	1	PF07686	240	direct
P09601	P09601	HMOX1_HUMAN	1	PF01126	288	direct
P09603	P09603	CSF1_HUMAN	1	PF05337	554	direct
P09651	P09651	ROA1_HUMAN	2	PF11627;PF00076	372	direct
P09769	P09769	FGR_HUMAN	3	PF07714;PF00017;PF00018	529	direct
P09871	P09871	C1S_HUMAN	4	PF00431;PF14670;PF00084;PF00089	688	direct
P09874	P09874	PARP1_HUMAN	7	PF00533;PF21728;PF00644;PF02877;PF05406;PF00645;PF08063	1014	direct
P09917	P09917	LOX5_HUMAN	2	PF00305;PF01477	674	direct
P09960	P09960	LKHA4_HUMAN	3	PF09127;PF01433;PF17900	611	direct
P0C0L4	P0C0L4	CO4A_HUMAN	11	PF00207;PF07703;PF07677;PF01821;PF21145;PF22661;PF01835;PF17791;PF17789;PF01759;PF07678	1744	direct
P0C0L5	P0C0L5	CO4B_HUMAN	11	PF00207;PF07703;PF07677;PF01821;PF21145;PF22661;PF01835;PF17791;PF17789;PF01759;PF07678	1744	direct
P0C1Z6	P0C1Z6	TFPT_HUMAN	1	PF24245	253	direct
P0C2Y1	P0C2Y1	NBPF7_HUMAN	1	PF06758	421	direct
P0C869	P0C869	PA24B_HUMAN	3	PF00168;PF18695;PF01735	781	direct
P0CG47	P0CG47	UBB_HUMAN	1	PF00240	229	direct
P0CG48	P0CG48	UBC_HUMAN	1	PF00240	685	direct
P0CL84	P0CL84	ST3L2_HUMAN	1	PF21581	134	direct
P0DJD1	P0DJD1	RGPD2_HUMAN	4	PF01465;PF16704;PF00638;PF07719	1756	direct
P0DMV8	P0DMV8	HS71A_HUMAN	1	PF00012	641	direct
P0DOX3	P0DOX3	IGD_HUMAN	4	PF07654;PF00047;PF20838;PF07686	512	direct
P10071	P10071	GLI3_HUMAN	2	PF00096;PF23561	1580	direct
P10124	P10124	SRGN_HUMAN	1	PF04360	158	direct
P10145	P10145	IL8_HUMAN	1	PF00048	99	direct
P10253	P10253	LYAG_HUMAN	4	PF13802;PF01055;PF21365;PF00088	952	direct
P10301	P10301	RRAS_HUMAN	1	PF00071	218	direct
P10415	P10415	BCL2_HUMAN	2	PF00452;PF02180	239	direct
P10599	P10599	THIO_HUMAN	1	PF00085	105	direct
P10619	P10619	PPGB_HUMAN	1	PF00450	480	direct
P10643	P10643	CO7_HUMAN	7	PF21284;PF18434;PF21330;PF00057;PF01823;PF00084;PF00090	843	direct
P10809	P10809	CH60_HUMAN	1	PF00118	573	direct
P10826	P10826	RARB_HUMAN	2	PF00104;PF00105	455	direct
P10909	P10909	CLUS_HUMAN	1	PF01093	449	direct
P11169	P11169	GTR3_HUMAN	1	PF00083	496	direct
P11171	P11171	EPB41_HUMAN	6	PF05902;PF08736;PF09380;PF00373;PF09379;PF04382	864	direct
P11277	P11277	SPTB1_HUMAN	2	PF00307;PF00435	2137	direct
P11279	P11279	LAMP1_HUMAN	2	PF01299;PF21222	417	direct
P11310	P11310	ACADM_HUMAN	3	PF00441;PF02770;PF02771	421	direct
P11474	P11474	ERR1_HUMAN	2	PF00104;PF00105	423	direct
P11586	P11586	C1TC_HUMAN	3	PF01268;PF00763;PF02882	935	direct
P11717	P11717	MPRI_HUMAN	2	PF00878;PF00040	2491	direct
P11831	P11831	SRF_HUMAN	1	PF00319	508	direct
P11836	P11836	CD20_HUMAN	1	PF04103	297	direct
P11940	P11940	PABP1_HUMAN	2	PF00658;PF00076	636	direct
P12109	P12109	CO6A1_HUMAN	2	PF01391;PF00092	1028	direct
P12111	P12111	CO6A3_HUMAN	3	PF01391;PF00014;PF00092	3177	direct
P12235	P12235	ADT1_HUMAN	1	PF00153	298	direct
P12314	P12314	FCGR1_HUMAN	3	PF00047;PF13895;PF13927	374	direct
P12544	P12544	GRAA_HUMAN	1	PF00089	262	direct
P12755	P12755	SKI_HUMAN	2	PF08782;PF02437	728	direct
P12830	P12830	CADH1_HUMAN	3	PF01049;PF00028;PF08758	882	direct
P12955	P12955	PEPD_HUMAN	2	PF05195;PF00557	493	direct
P12956	P12956	XRCC6_HUMAN	4	PF02735;PF03730;PF03731;PF02037	609	direct
P13010	P13010	XRCC5_HUMAN	4	PF02735;PF03730;PF03731;PF08785	732	direct
P13164	P13164	IFM1_HUMAN	1	PF04505	125	direct
P13224	P13224	GP1BB_HUMAN	1	PF28456	206	direct
P13236	P13236	CCL4_HUMAN	1	PF00048	92	direct
P13284	P13284	GILT_HUMAN	1	PF03227	250	direct
P13501	P13501	CCL5_HUMAN	1	PF00048	91	direct
P13591	P13591	NCAM1_HUMAN	3	PF00041;PF07679;PF13927	858	direct
P13598	P13598	ICAM2_HUMAN	1	PF03921	275	direct
P13611	P13611	CSPG2_HUMAN	5	PF00008;PF00059;PF00084;PF07686;PF00193	3396	direct
P13639	P13639	EF2_HUMAN	5	PF00679;PF14492;PF03764;PF00009;PF03144	858	direct
P13640	P13640	MT1G_HUMAN	1	PF00131	62	direct
P13688	P13688	CEAM1_HUMAN	4	PF00047;PF13895;PF13927;PF07686	526	direct
P13693	P13693	TCTP_HUMAN	1	PF00838	172	direct
P13747	P13747	HLAE_HUMAN	3	PF07654;PF00129;PF06623	358	direct
P13760	P13760	2B14_HUMAN	0		0	direct
P13796	P13796	PLSL_HUMAN	2	PF00307;PF13499	627	direct
P13804	P13804	ETFA_HUMAN	2	PF01012;PF00766	333	direct
P13861	P13861	KAP2_HUMAN	2	PF00027;PF02197	404	direct
P13984	P13984	T2FB_HUMAN	2	PF02270;PF17683	249	direct
P13987	P13987	CD59_HUMAN	1	PF25152	128	direct
P14209	P14209	CD99_HUMAN	1	PF12301	185	direct
P14222	P14222	PERF_HUMAN	2	PF00168;PF01823	555	direct
P14314	P14314	GLU2B_HUMAN	3	PF13202;PF12999;PF13015	528	direct
P14316	P14316	IRF2_HUMAN	1	PF00605	349	direct
P14317	P14317	HCLS1_HUMAN	2	PF02218;PF00018	486	direct
P14324	P14324	FPPS_HUMAN	1	PF00348	419	direct
P14373	P14373	TRI27_HUMAN	4	PF13765;PF00622;PF00643;PF15227	513	direct
P14384	P14384	CBPM_HUMAN	2	PF13620;PF00246	443	direct
P14543	P14543	NID1_HUMAN	8	PF12662;PF12947;PF07645;PF14670;PF07474;PF00058;PF06119;PF00086	1247	direct
P14550	P14550	AK1A1_HUMAN	1	PF00248	325	direct
P14618	P14618	KPYM_HUMAN	2	PF00224;PF02887	531	direct
P14625	P14625	ENPL_HUMAN	2	PF13589;PF00183	803	direct
P14678	P14678	RSMB_HUMAN	1	PF01423	240	direct
P14780	P14780	MMP9_HUMAN	3	PF00040;PF00045;PF00413	707	direct
P14784	P14784	IL2RB_HUMAN	1	PF18707	551	direct
P14859	P14859	PO2F1_HUMAN	3	PF00046;PF00157;PF19536	743	direct
P14866	P14866	HNRPL_HUMAN	4	PF00076;PF22976;PF13893;PF11835	589	direct
P14868	P14868	SYDC_HUMAN	2	PF00152;PF01336	501	direct
P14902	P14902	I23O1_HUMAN	1	PF01231	403	direct
P14921	P14921	ETS1_HUMAN	3	PF00178;PF19525;PF02198	441	direct
P14923	P14923	PLAK_HUMAN	1	PF00514	745	direct
P15036	P15036	ETS2_HUMAN	3	PF00178;PF19525;PF02198	469	direct
P15104	P15104	GLNA_HUMAN	2	PF00120;PF03951	373	direct
P15144	P15144	AMPN_HUMAN	3	PF11838;PF01433;PF17900	967	direct
P15153	P15153	RAC2_HUMAN	1	PF00071	192	direct
P15260	P15260	INGR1_HUMAN	3	PF07140;PF20634;PF01108	489	direct
P15289	P15289	ARSA_HUMAN	2	PF00884;PF14707	507	direct
P15311	P15311	EZRI_HUMAN	5	PF00769;PF20492;PF09380;PF00373;PF09379	586	direct
P15336	P15336	ATF2_HUMAN	1	PF00170	505	direct
P15514	P15514	AREG_HUMAN	0		252	direct
P15516	P15516	HIS3_HUMAN	0		51	direct
P15529	P15529	MCP_HUMAN	1	PF00084	392	direct
P15586	P15586	GNS_HUMAN	1	PF00884	552	direct
P15692	P15692	VEGFA_HUMAN	3	PF00341;PF14554;PF27240	395	direct
P15735	P15735	PHKG2_HUMAN	1	PF00069	406	direct
P15822	P15822	ZEP1_HUMAN	1	PF00096	2718	direct
P15907	P15907	SIAT1_HUMAN	1	PF00777	406	direct
P15924	P15924	DESP_HUMAN	5	PF00681;PF17902;PF18373;PF21019;PF27015	2871	direct
P15941	P15941	MUC1_HUMAN	1	PF01390	1255	direct
P16070	P16070	CD44_HUMAN	1	PF00193	742	direct
P16083	P16083	NQO2_HUMAN	1	PF02525	231	direct
P16109	P16109	LYAM3_HUMAN	2	PF00059;PF00084	830	direct
P16144	P16144	ITB4_HUMAN	7	PF03160;PF23106;PF00041;PF18372;PF07965;PF00362;PF17205	1822	direct
P16220	P16220	CREB1_HUMAN	2	PF00170;PF02173	327	direct
P16234	P16234	PGFRA_HUMAN	4	PF07679;PF25305;PF07714;PF22854	1089	direct
P16284	P16284	PECA1_HUMAN	3	PF13895;PF13927;PF17736	738	direct
P16333	P16333	NCK1_HUMAN	2	PF00017;PF00018	377	direct
P16455	P16455	MGMT_HUMAN	2	PF01035;PF02870	207	direct
P16671	P16671	CD36_HUMAN	1	PF01130	472	direct
P16871	P16871	IL7RA_HUMAN	2	PF00041;PF18447	459	direct
P16885	P16885	PLCG2_HUMAN	8	PF00168;PF23329;PF23583;PF16457;PF00388;PF00387;PF00017;PF00018	1265	direct
P16949	P16949	STMN1_HUMAN	1	PF00836	149	direct
P16989	P16989	YBOX3_HUMAN	1	PF00313	372	direct
P17010	P17010	ZFX_HUMAN	3	PF00096;PF13909;PF04704	805	direct
P17028	P17028	ZNF24_HUMAN	2	PF02023;PF00096	368	direct
P17031	P17031	ZNF26_HUMAN	2	PF01352;PF00096	533	direct
P17036	P17036	ZNF3_HUMAN	2	PF01352;PF00096	446	direct
P17066	P17066	HSP76_HUMAN	1	PF00012	643	direct
P17181	P17181	INAR1_HUMAN	2	PF09294;PF01108	557	direct
P17275	P17275	JUNB_HUMAN	2	PF00170;PF03957	347	direct
P17612	P17612	KAPCA_HUMAN	1	PF00069	351	direct
P17706	P17706	PTN2_HUMAN	1	PF00102	415	direct
P17813	P17813	EGLN_HUMAN	1	PF26060	658	direct
P17844	P17844	DDX5_HUMAN	3	PF00270;PF00271;PF08061	614	direct
P17927	P17927	CR1_HUMAN	1	PF00084	2039	direct
P17931	P17931	LEG3_HUMAN	1	PF00337	250	direct
P17936	P17936	IBP3_HUMAN	2	PF00219;PF00086	291	direct
P17947	P17947	SPI1_HUMAN	1	PF00178	270	direct
P17980	P17980	PRS6A_HUMAN	3	PF00004;PF17862;PF16450	439	direct
P17987	P17987	TCPA_HUMAN	1	PF00118	556	direct
P18031	P18031	PTN1_HUMAN	1	PF00102	435	direct
P18065	P18065	IBP2_HUMAN	2	PF00219;PF00086	325	direct
P18084	P18084	ITB5_HUMAN	6	PF23105;PF18372;PF08725;PF07965;PF00362;PF17205	799	direct
P18146	P18146	EGR1_HUMAN	3	PF11914;PF11928;PF00096	543	direct
P18206	P18206	VINC_HUMAN	1	PF01044	1134	direct
P18428	P18428	LBP_HUMAN	2	PF01273;PF02886	481	direct
P18433	P18433	PTPRA_HUMAN	1	PF00102	802	direct
P18583	P18583	SON_HUMAN	3	PF14709;PF01585;PF17069	2426	direct
P18615	P18615	NELFE_HUMAN	1	PF00076	380	direct
P18627	P18627	LAG3_HUMAN	0		525	direct
P18669	P18669	PGAM1_HUMAN	1	PF00300	254	direct
P18827	P18827	SDC1_HUMAN	1	PF01034	310	direct
P18850	P18850	ATF6A_HUMAN	1	PF00170	670	direct
P19013	P19013	K2C4_HUMAN	2	PF00038;PF16208	520	direct
P19105	P19105	ML12A_HUMAN	2	PF08976;PF13499	171	direct
P19338	P19338	NUCL_HUMAN	1	PF00076	710	direct
P19387	P19387	RPB3_HUMAN	2	PF01000;PF01193	275	direct
P19388	P19388	RPAB1_HUMAN	2	PF01191;PF03871	210	direct
P19438	P19438	TNR1A_HUMAN	2	PF00531;PF00020	455	direct
P19440	P19440	GGT1_HUMAN	1	PF01019	569	direct
P19447	P19447	ERCC3_HUMAN	3	PF16203;PF13625;PF04851	782	direct
P19484	P19484	TFEB_HUMAN	3	PF11851;PF00010;PF15951	476	direct
P19532	P19532	TFE3_HUMAN	3	PF11851;PF00010;PF15951	575	direct
P19838	P19838	NFKB1_HUMAN	4	PF12796;PF00531;PF16179;PF00554	968	direct
P19878	P19878	NCF2_HUMAN	3	PF00564;PF00018;PF13181	526	direct
P19961	P19961	AMY2B_HUMAN	2	PF00128;PF02806	511	direct
P20023	P20023	CR2_HUMAN	1	PF00084	1033	direct
P20036	P20036	DPA1_HUMAN	2	PF07654;PF00993	260	direct
P20042	P20042	IF2B_HUMAN	1	PF01873	333	direct
P20062	P20062	TCO2_HUMAN	1	PF01122	427	direct
P20073	P20073	ANXA7_HUMAN	1	PF00191	488	direct
P20273	P20273	CD22_HUMAN	4	PF08205;PF13895;PF13927;PF24518	847	direct
P20290	P20290	BTF3_HUMAN	1	PF01849	206	direct
P20333	P20333	TNR1B_HUMAN	1	PF00020	461	direct
P20339	P20339	RAB5A_HUMAN	1	PF00071	215	direct
P20393	P20393	NR1D1_HUMAN	2	PF00104;PF00105	614	direct
P20591	P20591	MX1_HUMAN	3	PF01031;PF00350;PF02212	662	direct
P20700	P20700	LMNB1_HUMAN	2	PF00038;PF00932	586	direct
P20702	P20702	ITAX_HUMAN	6	PF01839;PF08441;PF20805;PF00357;PF21520;PF00092	1163	direct
P20807	P20807	CAN3_HUMAN	5	PF01067;PF16648;PF21875;PF13833;PF00648	821	direct
P20839	P20839	IMDH1_HUMAN	2	PF00571;PF00478	514	direct
P20933	P20933	ASPG_HUMAN	1	PF01112	346	direct
P20936	P20936	RASA1_HUMAN	5	PF00168;PF00169;PF00616;PF00017;PF00018	1047	direct
P21246	P21246	PTN_HUMAN	2	PF01091;PF05196	168	direct
P21333	P21333	FLNA_HUMAN	2	PF00307;PF00630	2647	direct
P21399	P21399	ACOHC_HUMAN	2	PF00330;PF00694	889	direct
P21439	P21439	MDR3_HUMAN	2	PF00664;PF00005	1286	direct
P21462	P21462	FPR1_HUMAN	1	PF00001	350	direct
P21579	P21579	SYT1_HUMAN	1	PF00168	422	direct
P21580	P21580	TNAP3_HUMAN	2	PF02338;PF01754	790	direct
P21675	P21675	TAF1_HUMAN	4	PF00439;PF12157;PF09247;PF15288	1893	direct
P21731	P21731	TA2R_HUMAN	1	PF00001	343	direct
P21810	P21810	PGS1_HUMAN	2	PF13855;PF01462	368	direct
P22059	P22059	OSBP1_HUMAN	2	PF01237;PF00169	807	direct
P22061	P22061	PIMT_HUMAN	1	PF01135	227	direct
P22102	P22102	PUR2_HUMAN	6	PF00586;PF02769;PF00551;PF01071;PF02843;PF02844	1010	direct
P22105	P22105	TENX_HUMAN	5	PF25024;PF18720;PF23106;PF00147;PF00041	4244	direct
P22223	P22223	CADH3_HUMAN	2	PF01049;PF00028	829	direct
P22307	P22307	SCP2_HUMAN	3	PF02036;PF22691;PF00108	547	direct
P22352	P22352	GPX3_HUMAN	1	PF00255	226	direct
P22392	P22392	NDKB_HUMAN	1	PF00334	152	direct
P22415	P22415	USF1_HUMAN	1	PF00010	310	direct
P22626	P22626	ROA2_HUMAN	2	PF11627;PF00076	353	direct
P22692	P22692	IBP4_HUMAN	2	PF00219;PF00086	258	direct
P22694	P22694	KAPCB_HUMAN	1	PF00069	351	direct
P22732	P22732	GTR5_HUMAN	1	PF00083	501	direct
P22794	P22794	EVI2A_HUMAN	1	PF05399	236	direct
P22897	P22897	MRC1_HUMAN	3	PF24562;PF00040;PF00059	1456	direct
P23142	P23142	FBLN1_HUMAN	4	PF01821;PF12662;PF07645;PF22914	703	direct
P23193	P23193	TCEA1_HUMAN	3	PF08711;PF07500;PF01096	301	direct
P23246	P23246	SFPQ_HUMAN	2	PF08075;PF00076	707	direct
P23284	P23284	PPIB_HUMAN	1	PF00160	216	direct
P23378	P23378	GCSP_HUMAN	3	PF01212;PF21478;PF02347	1020	direct
P23458	P23458	JAK1_HUMAN	5	PF18379;PF18377;PF17887;PF07714;PF21990	1154	direct
P23467	P23467	PTPRB_HUMAN	3	PF00041;PF18861;PF00102	1997	direct
P23528	P23528	COF1_HUMAN	1	PF00241	166	direct
P23588	P23588	IF4B_HUMAN	1	PF00076	611	direct
P23743	P23743	DGKA_HUMAN	4	PF00130;PF14513;PF00609;PF00781	735	direct
P23763	P23763	VAMP1_HUMAN	1	PF00957	118	direct
P23769	P23769	GATA2_HUMAN	1	PF00320	480	direct
P24001	P24001	IL32_HUMAN	1	PF15225	234	direct
P24390	P24390	ERD21_HUMAN	1	PF00810	212	direct
P24394	P24394	IL4RA_HUMAN	1	PF09238	825	direct
P24468	P24468	COT2_HUMAN	2	PF00104;PF00105	414	direct
P24534	P24534	EF1B_HUMAN	2	PF10587;PF00736	225	direct
P24723	P24723	KPCL_HUMAN	4	PF00130;PF00168;PF00069;PF00433	683	direct
P24844	P24844	MYL9_HUMAN	1	PF13499	172	direct
P24863	P24863	CCNC_HUMAN	2	PF16899;PF00134	283	direct
P24928	P24928	RPB1_HUMAN	8	PF04997;PF00623;PF04983;PF05000;PF04998;PF04992;PF04990;PF05001	1970	direct
P24941	P24941	CDK2_HUMAN	1	PF00069	298	direct
P25025	P25025	CXCR2_HUMAN	1	PF00001	360	direct
P25089	P25089	FPR3_HUMAN	1	PF00001	353	direct
P25092	P25092	GUC2C_HUMAN	2	PF00211;PF07714	1073	direct
P25106	P25106	ACKR3_HUMAN	1	PF00001	362	direct
P25116	P25116	PAR1_HUMAN	1	PF00001	425	direct
P25440	P25440	BRD2_HUMAN	2	PF17035;PF00439	801	direct
P25445	P25445	TNR6_HUMAN	2	PF00531;PF00020	335	direct
P25774	P25774	CATS_HUMAN	2	PF08246;PF00112	331	direct
P25786	P25786	PSA1_HUMAN	2	PF00227;PF10584	263	direct
P25788	P25788	PSA3_HUMAN	2	PF00227;PF10584	255	direct
P25789	P25789	PSA4_HUMAN	2	PF00227;PF10584	261	direct
P25791	P25791	RBTN2_HUMAN	1	PF00412	158	direct
P25963	P25963	IKBA_HUMAN	1	PF12796	317	direct
P26010	P26010	ITB7_HUMAN	4	PF07974;PF08725;PF00362;PF17205	798	direct
P26022	P26022	PTX3_HUMAN	2	PF00354;PF26206	381	direct
P26038	P26038	MOES_HUMAN	5	PF00769;PF20492;PF09380;PF00373;PF09379	577	direct
P26196	P26196	DDX6_HUMAN	2	PF00270;PF00271	483	direct
P26358	P26358	DNMT1_HUMAN	5	PF01426;PF06464;PF00145;PF12047;PF02008	1616	direct
P26374	P26374	RAE2_HUMAN	2	PF00996;PF22603	656	direct
P26440	P26440	IVD_HUMAN	3	PF00441;PF02770;PF02771	426	direct
P26583	P26583	HMGB2_HUMAN	2	PF00505;PF09011	209	direct
P26599	P26599	PTBP1_HUMAN	3	PF22976;PF13893;PF11835	557	direct
P26640	P26640	SYVC_HUMAN	3	PF08264;PF00043;PF00133	1264	direct
P26641	P26641	EF1G_HUMAN	3	PF00647;PF00043;PF02798	437	direct
P26651	P26651	TTP_HUMAN	1	PF00642	326	direct
P26678	P26678	PPLA_HUMAN	1	PF04272	52	direct
P26885	P26885	FKBP2_HUMAN	1	PF00254	142	direct
P27348	P27348	1433T_HUMAN	1	PF00244	245	direct
P27448	P27448	MARK3_HUMAN	3	PF02149;PF00069;PF00627	753	direct
P27487	P27487	DPP4_HUMAN	2	PF00930;PF00326	766	direct
P27694	P27694	RFA1_HUMAN	4	PF04057;PF08646;PF16900;PF01336	616	direct
P27797	P27797	CALR_HUMAN	1	PF00262	417	direct
P27816	P27816	MAP4_HUMAN	1	PF00418	1152	direct
P27824	P27824	CALX_HUMAN	1	PF00262	592	direct
P27930	P27930	IL1R2_HUMAN	1	PF00047	398	direct
P27986	P27986	P85A_HUMAN	3	PF16454;PF00620;PF00017	724	direct
P28062	P28062	PSB8_HUMAN	1	PF00227	276	direct
P28066	P28066	PSA5_HUMAN	2	PF00227;PF10584	241	direct
P28068	P28068	DMB_HUMAN	2	PF07654;PF00969	263	direct
P28070	P28070	PSB4_HUMAN	1	PF00227	264	direct
P28290	P28290	ITPI2_HUMAN	2	PF14722;PF14723	1259	direct
P28328	P28328	PEX2_HUMAN	1	PF04757	305	direct
P28370	P28370	SMCA1_HUMAN	4	PF09110;PF00271;PF09111;PF00176	1042	direct
P28482	P28482	MK01_HUMAN	1	PF00069	360	direct
P28562	P28562	DUS1_HUMAN	2	PF00782;PF00581	367	direct
P28799	P28799	GRN_HUMAN	1	PF00396	593	direct
P28827	P28827	PTPRM_HUMAN	5	PF00041;PF23144;PF00047;PF00629;PF00102	1452	direct
P28838	P28838	AMPL_HUMAN	2	PF00883;PF02789	519	direct
P28906	P28906	CD34_HUMAN	1	PF06365	385	direct
P29017	P29017	CD1C_HUMAN	2	PF07654;PF16497	333	direct
P29084	P29084	T2EB_HUMAN	2	PF18121;PF02186	291	direct
P29122	P29122	PCSK6_HUMAN	5	PF14843;PF01483;PF00082;PF08686;PF16470	969	direct
P29279	P29279	CCN2_HUMAN	4	PF00007;PF00219;PF19035;PF00093	349	direct
P29350	P29350	PTN6_HUMAN	2	PF00017;PF00102	595	direct
P29374	P29374	ARI4A_HUMAN	3	PF01388;PF08169;PF11717	1257	direct
P29401	P29401	TKT_HUMAN	3	PF02779;PF02780;PF00456	623	direct
P29466	P29466	CASP1_HUMAN	2	PF00619;PF00656	404	direct
P29474	P29474	NOS3_HUMAN	4	PF00667;PF00258;PF00175;PF02898	1203	direct
P29692	P29692	EF1D_HUMAN	2	PF10587;PF00736	281	direct
P29992	P29992	GNA11_HUMAN	1	PF00503	359	direct
P30040	P30040	ERP29_HUMAN	2	PF07749;PF07912	261	direct
P30041	P30041	PRDX6_HUMAN	2	PF10417;PF00578	224	direct
P30042	P30042	ES1_HUMAN	0		0	direct
P30043	P30043	BLVRB_HUMAN	1	PF13460	206	direct
P30046	P30046	DOPD_HUMAN	1	PF01187	118	direct
P30048	P30048	PRDX3_HUMAN	2	PF10417;PF00578	256	direct
P30084	P30084	ECHM_HUMAN	1	PF00378	290	direct
P30101	P30101	PDIA3_HUMAN	2	PF00085;PF13848	505	direct
P30153	P30153	2AAA_HUMAN	4	PF22956;PF02985;PF13646;PF22646	589	direct
P30203	P30203	CD6_HUMAN	1	PF00530	668	direct
P30260	P30260	CDC27_HUMAN	3	PF12895;PF00515;PF13181	824	direct
P30273	P30273	FCERG_HUMAN	2	PF02189;PF11628	86	direct
P30408	P30408	T4S1_HUMAN	1	PF05805	202	direct
P30414	P30414	NKTR_HUMAN	1	PF00160	1462	direct
P30480	P30480	1B42_HUMAN	0		0	direct
P30504	P30504	1C04_HUMAN	0		0	direct
P30511	P30511	HLAF_HUMAN	2	PF07654;PF00129	346	direct
P30512	P30512	1A29_HUMAN	0		0	direct
P30519	P30519	HMOX2_HUMAN	1	PF01126	316	direct
P30520	P30520	PURA2_HUMAN	1	PF00709	456	direct
P30530	P30530	UFO_HUMAN	3	PF00041;PF13927;PF07714	894	direct
P30622	P30622	CLIP1_HUMAN	3	PF01302;PF27241;PF16641	1438	direct
P30626	P30626	SORCN_HUMAN	2	PF13499;PF13833	198	direct
P30740	P30740	ILEU_HUMAN	1	PF00079	379	direct
P31040	P31040	SDHA_HUMAN	2	PF00890;PF02910	664	direct
P31146	P31146	COR1A_HUMAN	4	PF08953;PF08954;PF00400;PF16300	461	direct
P31150	P31150	GDIA_HUMAN	1	PF00996	447	direct
P31153	P31153	METK2_HUMAN	3	PF02773;PF02772;PF00438	395	direct
P31314	P31314	TLX1_HUMAN	1	PF00046	330	direct
P31321	P31321	KAP1_HUMAN	2	PF00027;PF02197	381	direct
P31350	P31350	RIR2_HUMAN	1	PF00268	389	direct
P31483	P31483	TIA1_HUMAN	1	PF00076	386	direct
P31629	P31629	ZEP2_HUMAN	1	PF00096	2446	direct
P31785	P31785	IL2RG_HUMAN	2	PF21605;PF22012	369	direct
P31939	P31939	PUR9_HUMAN	2	PF01808;PF02142	592	direct
P31942	P31942	HNRH3_HUMAN	1	PF28441	346	direct
P31943	P31943	HNRH1_HUMAN	2	PF28441;PF08080	449	direct
P31946	P31946	1433B_HUMAN	1	PF00244	246	direct
P31947	P31947	1433S_HUMAN	1	PF00244	248	direct
P31948	P31948	STIP1_HUMAN	5	PF17830;PF13414;PF13424;PF07719;PF13181	543	direct
P31949	P31949	S10AB_HUMAN	2	PF00036;PF01023	105	direct
P31994	P31994	FCG2B_HUMAN	1	PF13895	310	direct
P32004	P32004	L1CAM_HUMAN	4	PF13882;PF00041;PF07679;PF13927	1257	direct
P32121	P32121	ARRB2_HUMAN	2	PF02752;PF00339	409	direct
P32246	P32246	CCR1_HUMAN	1	PF00001	355	direct
P32249	P32249	GP183_HUMAN	1	PF00001	361	direct
P32302	P32302	CXCR5_HUMAN	1	PF00001	372	direct
P32455	P32455	GBP1_HUMAN	2	PF02263;PF02841	592	direct
P32456	P32456	GBP2_HUMAN	2	PF02263;PF02841	591	direct
P32519	P32519	ELF1_HUMAN	2	PF12310;PF00178	619	direct
P32927	P32927	IL3RB_HUMAN	1	PF21460	897	direct
P32942	P32942	ICAM3_HUMAN	2	PF21146;PF03921	547	direct
P33121	P33121	ACSL1_HUMAN	1	PF00501	698	direct
P33176	P33176	KINH_HUMAN	1	PF00225	963	direct
P33316	P33316	DUT_HUMAN	1	PF00692	252	direct
P34741	P34741	SDC2_HUMAN	1	PF01034	201	direct
P34810	P34810	CD68_HUMAN	1	PF01299	354	direct
P34897	P34897	GLYM_HUMAN	1	PF00464	504	direct
P34913	P34913	HYES_HUMAN	2	PF00561;PF00702	555	direct
P34932	P34932	HSP74_HUMAN	2	PF00012;PF27508	840	direct
P34972	P34972	CNR2_HUMAN	1	PF00001	360	direct
P35030	P35030	TRY3_HUMAN	1	PF00089	304	direct
P35222	P35222	CTNB1_HUMAN	1	PF00514	781	direct
P35414	P35414	APJ_HUMAN	1	PF00001	380	direct
P35555	P35555	FBN1_HUMAN	8	PF12662;PF12947;PF07645;PF21364;PF18193;PF14670;PF12661;PF00683	2871	direct
P35579	P35579	MYH9_HUMAN	3	PF00063;PF02736;PF01576	1960	direct
P35580	P35580	MYH10_HUMAN	4	PF00612;PF00063;PF02736;PF01576	1976	direct
P35606	P35606	COPB2_HUMAN	3	PF04053;PF23953;PF00400	906	direct
P35611	P35611	ADDA_HUMAN	1	PF00596	737	direct
P35613	P35613	BASI_HUMAN	1	PF13927	385	direct
P35626	P35626	GRK3_HUMAN	3	PF00169;PF00069;PF00615	688	direct
P35637	P35637	FUS_HUMAN	2	PF00076;PF00641	526	direct
P35658	P35658	NU214_HUMAN	2	PF16755;PF18617	2090	direct
P35659	P35659	DEK_HUMAN	2	PF08766;PF02037	375	direct
P35680	P35680	HNF1B_HUMAN	2	PF04814;PF04812	557	direct
P35813	P35813	PPM1A_HUMAN	2	PF00481;PF07830	382	direct
P35869	P35869	AHR_HUMAN	3	PF00010;PF00989;PF08447	848	direct
P35914	P35914	HMGCL_HUMAN	1	PF00682	325	direct
P35998	P35998	PRS7_HUMAN	3	PF00004;PF17862;PF21236	433	direct
P36406	P36406	TRI23_HUMAN	3	PF00025;PF00643;PF13445	574	direct
P36507	P36507	MP2K2_HUMAN	1	PF00069	400	direct
P36543	P36543	VATE1_HUMAN	1	PF01991	226	direct
P36776	P36776	LONM_HUMAN	4	PF00004;PF05362;PF22667;PF02190	959	direct
P36871	P36871	PGM1_HUMAN	4	PF24947;PF02878;PF02879;PF02880	562	direct
P36873	P36873	PP1G_HUMAN	2	PF00149;PF16891	323	direct
P36894	P36894	BMR1A_HUMAN	3	PF01064;PF07714;PF08515	532	direct
P36956	P36956	SRBP1_HUMAN	1	PF00010	1147	direct
P36957	P36957	ODO2_HUMAN	2	PF00198;PF00364	453	direct
P37108	P37108	SRP14_HUMAN	1	PF02290	136	direct
P37173	P37173	TGFR2_HUMAN	2	PF08917;PF07714	567	direct
P37198	P37198	NUP62_HUMAN	1	PF05064	522	direct
P37235	P37235	HPCL1_HUMAN	1	PF13499	193	direct
P37275	P37275	ZEB1_HUMAN	2	PF00096;PF05605	1124	direct
P37288	P37288	V1AR_HUMAN	2	PF00001;PF08983	418	direct
P37802	P37802	TAGL2_HUMAN	2	PF00402;PF00307	199	direct
P38117	P38117	ETFB_HUMAN	1	PF01012	255	direct
P38919	P38919	IF4A3_HUMAN	2	PF00270;PF00271	411	direct
P39059	P39059	COFA1_HUMAN	3	PF01391;PF20010;PF06482	1388	direct
P39656	P39656	OST48_HUMAN	2	PF23358;PF03345	456	direct
P39687	P39687	AN32A_HUMAN	1	PF14580	249	direct
P39880	P39880	CUX1_HUMAN	3	PF02376;PF25398;PF00046	1505	direct
P40189	P40189	IL6RB_HUMAN	3	PF00041;PF06328;PF25552	918	direct
P40200	P40200	TACT_HUMAN	0		585	direct
P40222	P40222	TXLNA_HUMAN	1	PF09728	546	direct
P40259	P40259	CD79B_HUMAN	1	PF07686	229	direct
P40305	P40305	IFI27_HUMAN	1	PF06140	122	direct
P40337	P40337	VHL_HUMAN	2	PF01847;PF17211	213	direct
P40425	P40425	PBX2_HUMAN	2	PF05920;PF03792	430	direct
P40616	P40616	ARL1_HUMAN	1	PF00025	181	direct
P40617	P40617	ARL4A_HUMAN	1	PF00025	200	direct
P40692	P40692	MLH1_HUMAN	3	PF01119;PF13589;PF16413	756	direct
P40763	P40763	STAT3_HUMAN	5	PF00017;PF01017;PF02864;PF02865;PF21354	770	direct
P40939	P40939	ECHA_HUMAN	3	PF00725;PF02737;PF00378	763	direct
P40967	P40967	PMEL_HUMAN	3	PF20433;PF00801;PF26141	661	direct
P41002	P41002	CCNF_HUMAN	3	PF02984;PF00134;PF12937	786	direct
P41091	P41091	IF2G_HUMAN	3	PF09173;PF00009;PF03144	472	direct
P41182	P41182	BCL6_HUMAN	2	PF00651;PF00096	706	direct
P41212	P41212	ETV6_HUMAN	2	PF00178;PF02198	452	direct
P41218	P41218	MNDA_HUMAN	2	PF02760;PF02758	407	direct
P41222	P41222	PTGDS_HUMAN	1	PF00061	190	direct
P41227	P41227	NAA10_HUMAN	1	PF00583	235	direct
P41229	P41229	KDM5C_HUMAN	7	PF01388;PF02373;PF02375;PF21323;PF00628;PF08429;PF02928	1560	direct
P41279	P41279	M3K8_HUMAN	1	PF00069	467	direct
P41567	P41567	EIF1_HUMAN	1	PF01253	113	direct
P42081	P42081	CD86_HUMAN	1	PF07686	329	direct
P42166	P42166	LAP2A_HUMAN	3	PF11560;PF03020;PF08198	694	direct
P42224	P42224	STAT1_HUMAN	6	PF00017;PF12162;PF01017;PF02864;PF02865;PF21354	750	direct
P42226	P42226	STAT6_HUMAN	6	PF00017;PF14596;PF01017;PF02864;PF02865;PF21354	847	direct
P42345	P42345	MTOR_HUMAN	6	PF02259;PF02260;PF08771;PF23593;PF11865;PF00454	2549	direct
P42356	P42356	PI4KA_HUMAN	3	PF00454;PF00613;PF19274	2102	direct
P42566	P42566	EPS15_HUMAN	1	PF12763	896	direct
P42694	P42694	HELZ_HUMAN	4	PF13086;PF13087;PF00580;PF00642	1942	direct
P42704	P42704	LPPRC_HUMAN	3	PF01535;PF13812;PF17177	1394	direct
P42765	P42765	THIM_HUMAN	2	PF02803;PF00108	397	direct
P42785	P42785	PCP_HUMAN	1	PF05577	496	direct
P42892	P42892	ECE1_HUMAN	2	PF01431;PF05649	770	direct
P43034	P43034	LIS1_HUMAN	2	PF24951;PF00400	410	direct
P43116	P43116	PE2R2_HUMAN	1	PF00001	358	direct
P43155	P43155	CACP_HUMAN	1	PF00755	626	direct
P43234	P43234	CATO_HUMAN	1	PF00112	321	direct
P43235	P43235	CATK_HUMAN	2	PF08246;PF00112	329	direct
P43243	P43243	MATR3_HUMAN	0		847	direct
P43308	P43308	SSRB_HUMAN	1	PF05753	183	direct
P43403	P43403	ZAP70_HUMAN	2	PF07714;PF00017	619	direct
P43487	P43487	RANG_HUMAN	1	PF00638	201	direct
P43490	P43490	NAMPT_HUMAN	2	PF18127;PF04095	491	direct
P43657	P43657	LPAR6_HUMAN	1	PF00001	344	direct
P43686	P43686	PRS6B_HUMAN	3	PF00004;PF17862;PF16450	418	direct
P45880	P45880	VDAC2_HUMAN	1	PF01459	294	direct
P45973	P45973	CBX5_HUMAN	2	PF00385;PF01393	191	direct
P45985	P45985	MP2K4_HUMAN	1	PF00069	399	direct
P46013	P46013	KI67_HUMAN	3	PF00498;PF08065;PF15276	3256	direct
P46063	P46063	RECQ1_HUMAN	3	PF00270;PF00271;PF16124	649	direct
P46199	P46199	IF2M_HUMAN	3	PF22042;PF00009;PF11987	727	direct
P46379	P46379	BAG6_HUMAN	3	PF12057;PF20960;PF00240	1132	direct
P46531	P46531	NOTC1_HUMAN	8	PF00023;PF12796;PF00008;PF07645;PF12661;PF06816;PF07684;PF00066	2555	direct
P46721	P46721	SO1A2_HUMAN	2	PF07648;PF03137	670	direct
P46734	P46734	MP2K3_HUMAN	1	PF00069	347	direct
P46736	P46736	BRCC3_HUMAN	2	PF18110;PF01398	316	direct
P46939	P46939	UTRN_HUMAN	5	PF00307;PF09068;PF09069;PF00435;PF00569	3433	direct
P46940	P46940	IQGA1_HUMAN	4	PF00307;PF00612;PF00616;PF03836	1657	direct
P46977	P46977	STT3A_HUMAN	2	PF22627;PF02516	705	direct
P47224	P47224	MSS4_HUMAN	1	PF04421	123	direct
P47755	P47755	CAZA2_HUMAN	1	PF01267	286	direct
P47756	P47756	CAPZB_HUMAN	1	PF01115	272	direct
P47897	P47897	SYQ_HUMAN	5	PF00749;PF03950;PF20974;PF04558;PF04557	775	direct
P47974	P47974	TISD_HUMAN	2	PF04553;PF00642	494	direct
P48060	P48060	GLIP1_HUMAN	1	PF00188	266	direct
P48200	P48200	IREB2_HUMAN	2	PF00330;PF00694	963	direct
P48382	P48382	RFX5_HUMAN	3	PF14621;PF18326;PF02257	616	direct
P48454	P48454	PP2BC_HUMAN	1	PF00149	512	direct
P48506	P48506	GSH1_HUMAN	1	PF03074	637	direct
P48551	P48551	INAR2_HUMAN	2	PF09294;PF01108	515	direct
P48552	P48552	NRIP1_HUMAN	4	PF15687;PF15688;PF15689;PF15690	1158	direct
P48634	P48634	PRC2A_HUMAN	1	PF07001	2157	direct
P48730	P48730	KC1D_HUMAN	1	PF00069	415	direct
P48736	P48736	PK3CG_HUMAN	5	PF00454;PF00792;PF00794;PF00613;PF19710	1102	direct
P48960	P48960	AGRE5_HUMAN	3	PF00002;PF07645;PF01825	835	direct
P48995	P48995	TRPC1_HUMAN	2	PF08344;PF23317	793	direct
P49005	P49005	DPOD2_HUMAN	2	PF18018;PF04042	469	direct
P49019	P49019	HCAR3_HUMAN	1	PF00001	387	direct
P49023	P49023	PAXI_HUMAN	2	PF00412;PF03535	591	direct
P49069	P49069	CAMLG_HUMAN	1	PF14963	296	direct
P49189	P49189	AL9A1_HUMAN	1	PF00171	494	direct
P49257	P49257	LMAN1_HUMAN	1	PF03388	510	direct
P49321	P49321	NASP_HUMAN	2	PF10516;PF13181	788	direct
P49354	P49354	FNTA_HUMAN	1	PF01239	379	direct
P49368	P49368	TCPG_HUMAN	1	PF00118	545	direct
P49407	P49407	ARRB1_HUMAN	2	PF02752;PF00339	418	direct
P49458	P49458	SRP09_HUMAN	1	PF05486	86	direct
P49585	P49585	PCY1A_HUMAN	1	PF01467	367	direct
P49589	P49589	SYCC_HUMAN	1	PF01406	748	direct
P49662	P49662	CASP4_HUMAN	2	PF00619;PF00656	377	direct
P49711	P49711	CTCF_HUMAN	2	PF00096;PF23611	727	direct
P49720	P49720	PSB3_HUMAN	1	PF00227	205	direct
P49756	P49756	RBM25_HUMAN	2	PF01480;PF00076	843	direct
P49759	P49759	CLK1_HUMAN	1	PF00069	484	direct
P49765	P49765	VEGFB_HUMAN	1	PF00341	207	direct
P49773	P49773	HINT1_HUMAN	1	PF01230	126	direct
P49790	P49790	NU153_HUMAN	3	PF08604;PF10599;PF00641	1475	direct
P49792	P49792	RBP2_HUMAN	4	PF12185;PF00160;PF00638;PF00641	3224	direct
P49795	P49795	RGS19_HUMAN	1	PF00615	217	direct
P49796	P49796	RGS3_HUMAN	3	PF00168;PF00595;PF00615	1198	direct
P49815	P49815	TSC2_HUMAN	3	PF11864;PF02145;PF03542	1807	direct
P49848	P49848	TAF6_HUMAN	2	PF02969;PF07571	677	direct
P49902	P49902	5NTC_HUMAN	1	PF05761	561	direct
P49908	P49908	SEPP1_HUMAN	2	PF04593;PF04592	381	direct
P49915	P49915	GUAA_HUMAN	3	PF00117;PF00958;PF02540	693	direct
P50213	P50213	IDH3A_HUMAN	1	PF00180	366	direct
P50221	P50221	MEOX1_HUMAN	1	PF00046	254	direct
P50225	P50225	ST1A1_HUMAN	1	PF00685	295	direct
P50395	P50395	GDIB_HUMAN	1	PF00996	445	direct
P50416	P50416	CPT1A_HUMAN	2	PF00755;PF16484	773	direct
P50440	P50440	GATM_HUMAN	0		423	direct
P50453	P50453	SPB9_HUMAN	1	PF00079	376	direct
P50454	P50454	SERPH_HUMAN	1	PF00079	418	direct
P50502	P50502	F10A1_HUMAN	3	PF18253;PF17830;PF13181	369	direct
P50542	P50542	PEX5_HUMAN	2	PF13432;PF13181	639	direct
P50552	P50552	VASP_HUMAN	2	PF08776;PF00568	380	direct
P50570	P50570	DYN2_HUMAN	4	PF01031;PF00350;PF02212;PF00169	870	direct
P50591	P50591	TNF10_HUMAN	1	PF00229	281	direct
P50613	P50613	CDK7_HUMAN	1	PF00069	346	direct
P50750	P50750	CDK9_HUMAN	1	PF00069	372	direct
P50851	P50851	LRBA_HUMAN	7	PF02138;PF06469;PF15787;PF13385;PF20426;PF20425;PF14844	2863	direct
P50897	P50897	PPT1_HUMAN	1	PF02089	306	direct
P50990	P50990	TCPQ_HUMAN	1	PF00118	548	direct
P50995	P50995	ANX11_HUMAN	1	PF00191	505	direct
P51003	P51003	PAPOA_HUMAN	3	PF04928;PF20750;PF04926	745	direct
P51114	P51114	FXR1_HUMAN	7	PF05641;PF12235;PF16096;PF16097;PF00013;PF17904;PF18336	621	direct
P51148	P51148	RAB5C_HUMAN	1	PF00071	216	direct
P51149	P51149	RAB7A_HUMAN	1	PF00071	207	direct
P51151	P51151	RAB9A_HUMAN	1	PF00071	201	direct
P51159	P51159	RB27A_HUMAN	1	PF00071	221	direct
P51451	P51451	BLK_HUMAN	3	PF07714;PF00017;PF00018	505	direct
P51523	P51523	ZNF84_HUMAN	2	PF01352;PF00096	738	direct
P51572	P51572	BAP31_HUMAN	2	PF05529;PF18035	246	direct
P51606	P51606	RENBP_HUMAN	1	PF07221	427	direct
P51610	P51610	HCFC1_HUMAN	1	PF13854	2035	direct
P51617	P51617	IRAK1_HUMAN	2	PF00531;PF00069	712	direct
P51659	P51659	DHB4_HUMAN	4	PF00106;PF01575;PF22622;PF02036	736	direct
P51665	P51665	PSMD7_HUMAN	2	PF01398;PF13012	324	direct
P51668	P51668	UB2D1_HUMAN	1	PF00179	147	direct
P51790	P51790	CLCN3_HUMAN	2	PF00571;PF00654	818	direct
P51808	P51808	DYLT3_HUMAN	1	PF03645	116	direct
P51815	P51815	ZN75D_HUMAN	3	PF01352;PF02023;PF00096	510	direct
P51825	P51825	AFF1_HUMAN	3	PF05110;PF18875;PF18876	1210	direct
P51861	P51861	CDR1_HUMAN	2	PF20854;PF20853	262	direct
P51888	P51888	PRELP_HUMAN	1	PF13855	382	direct
P51911	P51911	CNN1_HUMAN	2	PF00402;PF00307	297	direct
P51946	P51946	CCNH_HUMAN	2	PF16899;PF00134	323	direct
P51965	P51965	UB2E1_HUMAN	1	PF00179	193	direct
P51991	P51991	ROA3_HUMAN	1	PF00076	378	direct
P52272	P52272	HNRPM_HUMAN	2	PF11532;PF00076	730	direct
P52298	P52298	NCBP2_HUMAN	1	PF00076	156	direct
P52434	P52434	RPAB3_HUMAN	1	PF03870	150	direct
P52435	P52435	RPB11_HUMAN	1	PF13656	117	direct
P52565	P52565	GDIR1_HUMAN	1	PF02115	204	direct
P52566	P52566	GDIR2_HUMAN	1	PF02115	201	direct
P52569	P52569	CTR2_HUMAN	2	PF13520;PF13906	658	direct
P52597	P52597	HNRPF_HUMAN	2	PF28441;PF08080	415	direct
P52630	P52630	STAT2_HUMAN	6	PF00017;PF12188;PF01017;PF02864;PF02865;PF21354	851	direct
P52701	P52701	MSH6_HUMAN	6	PF01624;PF05188;PF05192;PF05190;PF00488;PF00855	1360	direct
P52739	P52739	ZN131_HUMAN	2	PF00651;PF12874	623	direct
P52747	P52747	ZN143_HUMAN	1	PF00096	638	direct
P52758	P52758	RIDA_HUMAN	1	PF01042	137	direct
P52907	P52907	CAZA1_HUMAN	1	PF01267	286	direct
P52948	P52948	NUP98_HUMAN	3	PF04096;PF12110;PF21240	1817	direct
P53007	P53007	TXTP_HUMAN	1	PF00153	311	direct
P53041	P53041	PPP5_HUMAN	3	PF00149;PF08321;PF00515	499	direct
P53365	P53365	ARFP2_HUMAN	1	PF06456	341	direct
P53367	P53367	ARFP1_HUMAN	1	PF06456	373	direct
P53396	P53396	ACLY_HUMAN	5	PF16114;PF00285;PF24948;PF02629;PF00549	1101	direct
P53539	P53539	FOSB_HUMAN	1	PF00170	338	direct
P53567	P53567	CEBPG_HUMAN	1	PF07716	150	direct
P53618	P53618	COPB_HUMAN	3	PF01602;PF07718;PF14806	953	direct
P53621	P53621	COPA_HUMAN	4	PF04053;PF06957;PF23953;PF00400	1224	direct
P53634	P53634	CATC_HUMAN	2	PF08773;PF00112	463	direct
P53671	P53671	LIMK2_HUMAN	3	PF00412;PF00595;PF07714	638	direct
P53804	P53804	TTC3_HUMAN	5	PF24525;PF24905;PF19179;PF24812;PF13639	2025	direct
P53814	P53814	SMTN_HUMAN	2	PF00307;PF12510	917	direct
P53985	P53985	MOT1_HUMAN	1	PF07690	500	direct
P53990	P53990	IST1_HUMAN	1	PF03398	364	direct
P53992	P53992	SC24C_HUMAN	5	PF00626;PF08033;PF04815;PF04811;PF04810	1094	direct
P54105	P54105	ICLN_HUMAN	1	PF03517	237	direct
P54252	P54252	ATX3_HUMAN	3	PF02099;PF16619;PF02809	361	direct
P54253	P54253	ATX1_HUMAN	2	PF12547;PF08517	815	direct
P54259	P54259	ATN1_HUMAN	1	PF03154	1190	direct
P54725	P54725	RD23A_HUMAN	3	PF00627;PF00240;PF09280	363	direct
P54819	P54819	KAD2_HUMAN	2	PF00406;PF05191	239	direct
P55010	P55010	IF5_HUMAN	2	PF01873;PF02020	431	direct
P55011	P55011	S12A2_HUMAN	3	PF00324;PF08403;PF03522	1212	direct
P55036	P55036	PSMD4_HUMAN	2	PF02809;PF13519	377	direct
P55039	P55039	DRG2_HUMAN	3	PF01926;PF16897;PF02824	364	direct
P55055	P55055	NR1H2_HUMAN	2	PF00104;PF00105	460	direct
P55060	P55060	XPO2_HUMAN	3	PF03378;PF08506;PF03810	971	direct
P55061	P55061	BI1_HUMAN	1	PF01027	237	direct
P55072	P55072	TERA_HUMAN	4	PF00004;PF17862;PF02933;PF02359	806	direct
P55083	P55083	MFAP4_HUMAN	1	PF00147	255	direct
P55084	P55084	ECHB_HUMAN	2	PF02803;PF00108	474	direct
P55196	P55196	AFAD_HUMAN	5	PF26705;PF01843;PF00498;PF00595;PF00788	1824	direct
P55198	P55198	AF17_HUMAN	2	PF13831;PF13832	1093	direct
P55199	P55199	ELL_HUMAN	2	PF10390;PF07303	621	direct
P55201	P55201	BRPF1_HUMAN	5	PF00439;PF10513;PF13831;PF00855;PF13832	1214	direct
P55209	P55209	NP1L1_HUMAN	1	PF00956	391	direct
P55211	P55211	CASP9_HUMAN	2	PF00619;PF00656	416	direct
P55263	P55263	ADK_HUMAN	1	PF00294	362	direct
P55265	P55265	DSRAD_HUMAN	3	PF02137;PF00035;PF02295	1226	direct
P55287	P55287	CAD11_HUMAN	2	PF01049;PF00028	796	direct
P55735	P55735	SEC13_HUMAN	1	PF00400	322	direct
P55786	P55786	PSA_HUMAN	3	PF11838;PF01433;PF17900	919	direct
P55795	P55795	HNRH2_HUMAN	2	PF28441;PF08080	449	direct
P55822	P55822	SH3BG_HUMAN	1	PF04908	239	direct
P55851	P55851	UCP2_HUMAN	1	PF00153	309	direct
P55884	P55884	EIF3B_HUMAN	2	PF08662;PF00076	814	direct
P55899	P55899	FCGRN_HUMAN	2	PF07654;PF00129	365	direct
P56192	P56192	SYMC_HUMAN	5	PF19303;PF00043;PF18485;PF09334;PF00458	900	direct
P56199	P56199	ITA1_HUMAN	5	PF01839;PF08441;PF20805;PF20806;PF00092	1179	direct
P56279	P56279	TCL1A_HUMAN	1	PF01840	114	direct
P56524	P56524	HDAC4_HUMAN	2	PF12203;PF00850	1084	direct
P56555	P56555	DSCR4_HUMAN	0		118	direct
P56645	P56645	PER3_HUMAN	4	PF23170;PF08447;PF21353;PF12114	1201	direct
P56962	P56962	STX17_HUMAN	1	PF26585	302	direct
P57088	P57088	TMM33_HUMAN	1	PF03661	247	direct
P57721	P57721	PCBP3_HUMAN	1	PF00013	371	direct
P57764	P57764	GSDMD_HUMAN	2	PF04598;PF17708	484	direct
P58107	P58107	EPIPL_HUMAN	1	PF00681	5088	direct
P58335	P58335	ANTR2_HUMAN	3	PF05586;PF05587;PF00092	489	direct
P58340	P58340	MLF1_HUMAN	1	PF10248	268	direct
P58658	P58658	EVA1C_HUMAN	2	PF14851;PF02140	441	direct
P58753	P58753	TIRAP_HUMAN	1	PF13676	221	direct
P59666	P59666	DEF3_HUMAN	2	PF00323;PF00879	94	direct
P59901	P59901	LIRA4_HUMAN	3	PF00047;PF13895;PF13927	499	direct
P59923	P59923	ZN445_HUMAN	3	PF01352;PF02023;PF00096	1031	direct
P59998	P59998	ARPC4_HUMAN	1	PF05856	168	direct
P60033	P60033	CD81_HUMAN	1	PF00335	236	direct
P60468	P60468	SC61B_HUMAN	1	PF03911	96	direct
P60484	P60484	PTEN_HUMAN	2	PF10409;PF22785	403	direct
P60660	P60660	MYL6_HUMAN	0		151	direct
P60709	P60709	ACTB_HUMAN	1	PF00022	375	direct
P60842	P60842	IF4A1_HUMAN	2	PF00270;PF00271	406	direct
P60880	P60880	SNP25_HUMAN	1	PF00835	206	direct
P60900	P60900	PSA6_HUMAN	2	PF00227;PF10584	246	direct
P60953	P60953	CDC42_HUMAN	1	PF00071	191	direct
P61006	P61006	RAB8A_HUMAN	1	PF00071	207	direct
P61011	P61011	SRP54_HUMAN	3	PF00448;PF02881;PF02978	504	direct
P61026	P61026	RAB10_HUMAN	1	PF00071	200	direct
P61073	P61073	CXCR4_HUMAN	2	PF00001;PF12109	352	direct
P61077	P61077	UB2D3_HUMAN	1	PF00179	147	direct
P61086	P61086	UBE2K_HUMAN	2	PF00627;PF00179	200	direct
P61088	P61088	UBE2N_HUMAN	1	PF00179	152	direct
P61158	P61158	ARP3_HUMAN	1	PF00022	418	direct
P61224	P61224	RAP1B_HUMAN	1	PF00071	184	direct
P61586	P61586	RHOA_HUMAN	1	PF00071	193	direct
P61587	P61587	RND3_HUMAN	1	PF00071	244	direct
P61601	P61601	NCALD_HUMAN	2	PF00036;PF13499	193	direct
P61604	P61604	CH10_HUMAN	1	PF00166	102	direct
P61619	P61619	S61A1_HUMAN	2	PF10559;PF00344	476	direct
P61626	P61626	LYSC_HUMAN	1	PF00062	148	direct
P61769	P61769	B2MG_HUMAN	1	PF07654	119	direct
P61803	P61803	DAD1_HUMAN	1	PF02109	113	direct
P61916	P61916	NPC2_HUMAN	1	PF02221	151	direct
P61923	P61923	COPZ1_HUMAN	1	PF01217	177	direct
P61956	P61956	SUMO2_HUMAN	1	PF11976	95	direct
P61968	P61968	LMO4_HUMAN	1	PF00412	165	direct
P61981	P61981	1433G_HUMAN	1	PF00244	247	direct
P62140	P62140	PP1B_HUMAN	2	PF00149;PF16891	327	direct
P62158	P62158	CALM_HUMAN	0		0	direct
P62191	P62191	PRS4_HUMAN	3	PF00004;PF17862;PF16450	440	direct
P62195	P62195	PRS8_HUMAN	3	PF00004;PF17862;PF16450	406	direct
P62258	P62258	1433E_HUMAN	1	PF00244	255	direct
P62306	P62306	RUXF_HUMAN	1	PF01423	86	direct
P62314	P62314	SMD1_HUMAN	1	PF01423	119	direct
P62318	P62318	SMD3_HUMAN	1	PF01423	126	direct
P62328	P62328	TYB4_HUMAN	1	PF01290	44	direct
P62330	P62330	ARF6_HUMAN	1	PF00025	175	direct
P62491	P62491	RB11A_HUMAN	1	PF00071	216	direct
P62508	P62508	ERR3_HUMAN	2	PF00104;PF00105	458	direct
P62736	P62736	ACTA_HUMAN	1	PF00022	377	direct
P62820	P62820	RAB1A_HUMAN	1	PF00071	205	direct
P62837	P62837	UB2D2_HUMAN	1	PF00179	147	direct
P62873	P62873	GBB1_HUMAN	1	PF25391	340	direct
P62979	P62979	RS27A_HUMAN	2	PF01599;PF00240	156	direct
P62987	P62987	RL40_HUMAN	2	PF01020;PF00240	128	direct
P62993	P62993	GRB2_HUMAN	2	PF00017;PF00018	217	direct
P63000	P63000	RAC1_HUMAN	1	PF00071	192	direct
P63010	P63010	AP2B1_HUMAN	3	PF01602;PF02883;PF09066	937	direct
P63027	P63027	VAMP2_HUMAN	1	PF00957	116	direct
P63104	P63104	1433Z_HUMAN	1	PF00244	245	direct
P63165	P63165	SUMO1_HUMAN	1	PF11976	101	direct
P63172	P63172	DYLT1_HUMAN	1	PF03645	113	direct
P63208	P63208	SKP1_HUMAN	2	PF01466;PF03931	163	direct
P63241	P63241	IF5A1_HUMAN	2	PF01287;PF21485	154	direct
P63244	P63244	RACK1_HUMAN	1	PF00400	317	direct
P63261	P63261	ACTG_HUMAN	1	PF00022	375	direct
P63279	P63279	UBC9_HUMAN	1	PF00179	158	direct
P63313	P63313	TYB10_HUMAN	1	PF01290	44	direct
P67775	P67775	PP2AA_HUMAN	1	PF00149	309	direct
P67809	P67809	YBOX1_HUMAN	1	PF00313	324	direct
P67812	P67812	SC11A_HUMAN	1	PF00717	179	direct
P67870	P67870	CSK2B_HUMAN	1	PF01214	215	direct
P68036	P68036	UB2L3_HUMAN	1	PF00179	154	direct
P68104	P68104	EF1A1_HUMAN	3	PF22594;PF00009;PF03144	462	direct
P68366	P68366	TBA4A_HUMAN	2	PF00091;PF03953	448	direct
P68871	P68871	HBB_HUMAN	1	PF00042	147	direct
P69905	P69905	HBA_HUMAN	1	PF00042	142	direct
P78312	P78312	F193A_HUMAN	2	PF15914;PF27002	1515	direct
P78317	P78317	RNF4_HUMAN	1	PF13639	190	direct
P78318	P78318	IGBP1_HUMAN	1	PF04177	339	direct
P78332	P78332	RBM6_HUMAN	2	PF01585;PF17780	1123	direct
P78347	P78347	GTF2I_HUMAN	1	PF02946	998	direct
P78364	P78364	PHC1_HUMAN	3	PF16616;PF00536;PF21319	1004	direct
P78368	P78368	KC1G2_HUMAN	2	PF12605;PF00069	415	direct
P78371	P78371	TCPB_HUMAN	1	PF00118	535	direct
P78504	P78504	JAG1_HUMAN	7	PF01414;PF00008;PF21700;PF25024;PF12661;PF23575;PF07657	1218	direct
P78524	P78524	DEN2B_HUMAN	3	PF03455;PF02141;PF03456	1137	direct
P78536	P78536	ADA17_HUMAN	3	PF16698;PF00200;PF13574	824	direct
P78552	P78552	I13R1_HUMAN	2	PF18001;PF09240	427	direct
P78562	P78562	PHEX_HUMAN	2	PF01431;PF05649	749	direct
P79522	P79522	PRR3_HUMAN	1	PF00642	188	direct
P80511	P80511	S10AC_HUMAN	1	PF01023	92	direct
P81877	P81877	SSBP2_HUMAN	1	PF04503	361	direct
P82094	P82094	TMF1_HUMAN	2	PF12329;PF12325	1093	direct
P82979	P82979	SARNP_HUMAN	1	PF02037	210	direct
P83110	P83110	HTRA3_HUMAN	4	PF00219;PF07648;PF13180;PF13365	453	direct
P84077	P84077	ARF1_HUMAN	1	PF00025	181	direct
P84101	P84101	SERF2_HUMAN	1	PF04419	59	direct
P84103	P84103	SRSF3_HUMAN	1	PF00076	164	direct
P84243	P84243	H33_HUMAN	1	PF00125	136	direct
P85037	P85037	FOXK1_HUMAN	2	PF00498;PF00250	733	direct
P86790	P86790	CCZ1B_HUMAN	3	PF19031;PF19032;PF19033	482	direct
P98082	P98082	DAB2_HUMAN	2	PF21792;PF00640	770	direct
P98095	P98095	FBLN2_HUMAN	6	PF01821;PF12662;PF07645;PF24532;PF22914;PF14670	1184	direct
P98160	P98160	PGBM_HUMAN	9	PF00008;PF00053;PF24973;PF07679;PF13895;PF13927;PF00052;PF00054;PF00057	4391	direct
P98170	P98170	XIAP_HUMAN	3	PF00653;PF21290;PF13920	497	direct
P98171	P98171	RHG04_HUMAN	3	PF00611;PF00620;PF14604	946	direct
Q00325	Q00325	S25A3_HUMAN	1	PF00153	362	direct
Q00341	Q00341	VIGLN_HUMAN	2	PF00013;PF24668	1268	direct
Q00403	Q00403	TF2B_HUMAN	2	PF00382;PF08271	316	direct
Q00532	Q00532	CDKL1_HUMAN	1	PF00069	357	direct
Q00610	Q00610	CLH1_HUMAN	4	PF00637;PF09268;PF13838;PF01394	1675	direct
Q00613	Q00613	HSF1_HUMAN	2	PF00447;PF06546	529	direct
Q00839	Q00839	HNRPU_HUMAN	3	PF13671;PF02037;PF00622	825	direct
Q00978	Q00978	IRF9_HUMAN	2	PF00605;PF10401	393	direct
Q00987	Q00987	MDM2_HUMAN	3	PF02201;PF13920;PF00641	491	direct
Q00994	Q00994	BEX3_HUMAN	1	PF04538	111	direct
Q01081	Q01081	U2AF1_HUMAN	2	PF00076;PF00642	240	direct
Q01082	Q01082	SPTB2_HUMAN	3	PF00307;PF15410;PF00435	2364	direct
Q01085	Q01085	TIAR_HUMAN	1	PF00076	375	direct
Q01130	Q01130	SRSF2_HUMAN	1	PF00076	221	direct
Q01151	Q01151	CD83_HUMAN	1	PF07686	205	direct
Q01167	Q01167	FOXK2_HUMAN	2	PF00498;PF00250	660	direct
Q01432	Q01432	AMPD3_HUMAN	1	PF19326	767	direct
Q01453	Q01453	PMP22_HUMAN	1	PF00822	160	direct
Q01459	Q01459	DIAC_HUMAN	1	PF00704	385	direct
Q01484	Q01484	ANK2_HUMAN	6	PF00023;PF12796;PF13637;PF00531;PF17809;PF00791	3957	direct
Q01518	Q01518	CAP1_HUMAN	3	PF08603;PF21938;PF01213	475	direct
Q01543	Q01543	FLI1_HUMAN	2	PF00178;PF02198	452	direct
Q01581	Q01581	HMCS1_HUMAN	2	PF08540;PF01154	520	direct
Q01629	Q01629	IFM2_HUMAN	1	PF04505	132	direct
Q01658	Q01658	NC2B_HUMAN	1	PF00808	176	direct
Q01780	Q01780	EXOSX_HUMAN	3	PF01612;PF00570;PF08066	885	direct
Q01804	Q01804	OTUD4_HUMAN	1	PF02338	1114	direct
Q01826	Q01826	SATB1_HUMAN	4	PF02376;PF16557;PF00046;PF16534	763	direct
Q01831	Q01831	XPC_HUMAN	4	PF10403;PF10404;PF10405;PF03835	940	direct
Q01844	Q01844	EWS_HUMAN	2	PF00076;PF00641	656	direct
Q01860	Q01860	PO5F1_HUMAN	2	PF00046;PF00157	360	direct
Q01892	Q01892	SPIB_HUMAN	1	PF00178	262	direct
Q02218	Q02218	ODO1_HUMAN	4	PF16078;PF00676;PF16870;PF02779	1023	direct
Q02297	Q02297	NRG1_HUMAN	3	PF00008;PF07679;PF02158	640	direct
Q02410	Q02410	APBA1_HUMAN	2	PF00595;PF00640	837	direct
Q02447	Q02447	SP3_HUMAN	1	PF00096	781	direct
Q02535	Q02535	ID3_HUMAN	1	PF00010	119	direct
Q02548	Q02548	PAX5_HUMAN	2	PF00292;PF12403	391	direct
Q02556	Q02556	IRF8_HUMAN	2	PF00605;PF10401	426	direct
Q02750	Q02750	MP2K1_HUMAN	1	PF00069	393	direct
Q02763	Q02763	TIE2_HUMAN	3	PF00041;PF10430;PF07714	1124	direct
Q02790	Q02790	FKBP4_HUMAN	3	PF00254;PF00515;PF07719	459	direct
Q02833	Q02833	RASF7_HUMAN	1	PF00788	373	direct
Q02952	Q02952	AKA12_HUMAN	2	PF10522;PF03832	1782	direct
Q02978	Q02978	M2OM_HUMAN	1	PF00153	314	direct
Q03014	Q03014	HHEX_HUMAN	1	PF00046	270	direct
Q03113	Q03113	GNA12_HUMAN	1	PF00503	381	direct
Q03135	Q03135	CAV1_HUMAN	1	PF01146	178	direct
Q03167	Q03167	TGBR3_HUMAN	3	PF26060;PF00100;PF23344	851	direct
Q03252	Q03252	LMNB2_HUMAN	2	PF00038;PF00932	620	direct
Q03431	Q03431	PTH1R_HUMAN	2	PF00002;PF02793	593	direct
Q03518	Q03518	TAP1_HUMAN	2	PF00664;PF00005	748	direct
Q03933	Q03933	HSF2_HUMAN	2	PF00447;PF06546	536	direct
Q04206	Q04206	TF65_HUMAN	2	PF16179;PF00554	551	direct
Q04721	Q04721	NOTC2_HUMAN	8	PF00023;PF12796;PF00008;PF07645;PF12661;PF06816;PF07684;PF00066	2471	direct
Q04724	Q04724	TLE1_HUMAN	2	PF03920;PF00400	770	direct
Q04726	Q04726	TLE3_HUMAN	2	PF03920;PF00400	772	direct
Q04727	Q04727	TLE4_HUMAN	2	PF03920;PF00400	773	direct
Q04900	Q04900	MUC24_HUMAN	1	PF05283	197	direct
Q04917	Q04917	1433F_HUMAN	1	PF00244	246	direct
Q04941	Q04941	PLP2_HUMAN	1	PF01284	152	direct
Q05084	Q05084	ICA69_HUMAN	2	PF06456;PF04629	483	direct
Q05209	Q05209	PTN12_HUMAN	1	PF00102	780	direct
Q05397	Q05397	FAK1_HUMAN	5	PF21477;PF00373;PF18038;PF03623;PF07714	1052	direct
Q05481	Q05481	ZNF91_HUMAN	2	PF01352;PF00096	1191	direct
Q05516	Q05516	ZBT16_HUMAN	3	PF00651;PF00096;PF13912	673	direct
Q05682	Q05682	CALD1_HUMAN	1	PF02029	793	direct
Q05707	Q05707	COEA1_HUMAN	3	PF01391;PF00041;PF00092	1796	direct
Q05C95	Q05C95	Q05C95_HUMAN	1	PF00400	621	direct
Q05CW4	Q05CW4	Q05CW4_HUMAN	2	PF00505;PF00855	568	direct
Q05D32	Q05D32	CTSL2_HUMAN	1	PF03031	466	direct
Q06124	Q06124	PTN11_HUMAN	2	PF00017;PF00102	593	direct
Q06187	Q06187	BTK_HUMAN	5	PF00779;PF00169;PF07714;PF00017;PF00018	659	direct
Q06323	Q06323	PSME1_HUMAN	2	PF02252;PF02251	249	direct
Q06330	Q06330	SUH_HUMAN	3	PF09270;PF09271;PF20144	500	direct
Q06481	Q06481	APLP2_HUMAN	5	PF10515;PF12924;PF12925;PF02177;PF00014	763	direct
Q06587	Q06587	RING1_HUMAN	2	PF16207;PF13923	406	direct
Q06643	Q06643	TNFC_HUMAN	1	PF00229	244	direct
Q06787	Q06787	FMR1_HUMAN	6	PF05641;PF16098;PF12235;PF00013;PF17904;PF18336	632	direct
Q06828	Q06828	FMOD_HUMAN	4	PF00560;PF13516;PF13855;PF01462	376	direct
Q06830	Q06830	PRDX1_HUMAN	2	PF10417;PF00578	199	direct
Q07075	Q07075	AMPE_HUMAN	3	PF11838;PF01433;PF17900	957	direct
Q07092	Q07092	COGA1_HUMAN	1	PF01391	1604	direct
Q07108	Q07108	CD69_HUMAN	1	PF00059	199	direct
Q07157	Q07157	ZO1_HUMAN	4	PF00625;PF00595;PF07653;PF00791	1748	direct
Q07352	Q07352	TISB_HUMAN	2	PF04553;PF00642	338	direct
Q07444	Q07444	NKG2E_HUMAN	1	PF00059	240	direct
Q07666	Q07666	KHDR1_HUMAN	3	PF22675;PF16274;PF16568	443	direct
Q07817	Q07817	B2CL1_HUMAN	2	PF00452;PF02180	233	direct
Q07889	Q07889	SOS1_HUMAN	4	PF00617;PF00618;PF00621;PF22697	1333	direct
Q07890	Q07890	SOS2_HUMAN	4	PF00617;PF00618;PF00621;PF22697	1332	direct
Q07954	Q07954	LRP1_HUMAN	5	PF12662;PF07645;PF14670;PF00057;PF00058	4544	direct
Q07955	Q07955	SRSF1_HUMAN	1	PF00076	248	direct
Q07960	Q07960	RHG01_HUMAN	2	PF13716;PF00620	439	direct
Q08117	Q08117	TLE5_HUMAN	1	PF03920	197	direct
Q08209	Q08209	PP2BA_HUMAN	1	PF00149	521	direct
Q08289	Q08289	CACB2_HUMAN	2	PF00625;PF12052	660	direct
Q08380	Q08380	LG3BP_HUMAN	2	PF07707;PF00530	585	direct
Q08477	Q08477	CP4F3_HUMAN	1	PF00067	520	direct
Q08499	Q08499	PDE4D_HUMAN	2	PF18100;PF00233	809	direct
Q08999	Q08999	RBL2_HUMAN	3	PF11934;PF01858;PF01857	1139	direct
Q08AF3	Q08AF3	SLFN5_HUMAN	3	PF17057;PF04326;PF21026	891	direct
Q08AH1	Q08AH1	ACSM1_HUMAN	2	PF00501;PF13193	577	direct
Q08AM6	Q08AM6	VAC14_HUMAN	2	PF12755;PF11916	782	direct
Q08J23	Q08J23	NSUN2_HUMAN	3	PF01189;PF25376;PF25378	767	direct
Q09013	Q09013	DMPK_HUMAN	2	PF08826;PF00069	629	direct
Q09328	Q09328	MGT5A_HUMAN	2	PF15024;PF15027	741	direct
Q09472	Q09472	EP300_HUMAN	8	PF00439;PF09030;PF08214;PF02172;PF23570;PF06001;PF02135;PF00569	2414	direct
Q09666	Q09666	AHNK_HUMAN	0		5890	direct
Q0EAF5	Q0EAF5	Q0EAF5_HUMAN	4	PF08205;PF13895;PF13927;PF24518	847	direct
Q0JRZ9	Q0JRZ9	FCHO2_HUMAN	2	PF22699;PF10291	810	direct
Q0PKG6	Q0PKG6	Q0PKG6_HUMAN	4	PF00075;PF27608;PF00078;PF06817	573	direct
Q0VD83	Q0VD83	APOBR_HUMAN	1	PF27830	1097	direct
Q0VGM3	Q0VGM3	Q0VGM3_HUMAN	0		111	direct
Q0ZGT2	Q0ZGT2	NEXN_HUMAN	1	PF07679	675	direct
Q10567	Q10567	AP1B1_HUMAN	3	PF01602;PF02883;PF09066	949	direct
Q10587	Q10587	TEF_HUMAN	1	PF07716	303	direct
Q10589	Q10589	BST2_HUMAN	1	PF16716	180	direct
Q12768	Q12768	WASC5_HUMAN	1	PF10266	1159	direct
Q12772	Q12772	SRBP2_HUMAN	1	PF00010	1141	direct
Q12789	Q12789	TF3C1_HUMAN	3	PF04182;PF24101;PF23704	2109	direct
Q12796	Q12796	PNRC1_HUMAN	1	PF15365	327	direct
Q12802	Q12802	AKP13_HUMAN	3	PF17838;PF00621;PF10522	2813	direct
Q12805	Q12805	FBLN3_HUMAN	3	PF12662;PF07645;PF22914	493	direct
Q12824	Q12824	SNF5_HUMAN	2	PF21459;PF04855	385	direct
Q12841	Q12841	FSTL1_HUMAN	4	PF23564;PF09289;PF07648;PF23244	308	direct
Q12852	Q12852	M3K12_HUMAN	1	PF07714	859	direct
Q12866	Q12866	MERTK_HUMAN	4	PF00041;PF00047;PF13927;PF07714	999	direct
Q12872	Q12872	SFSWA_HUMAN	2	PF09750;PF01805	951	direct
Q12882	Q12882	DPYD_HUMAN	4	PF01180;PF14691;PF14697;PF07992	1025	direct
Q12891	Q12891	HYAL2_HUMAN	1	PF01630	473	direct
Q12899	Q12899	TRI26_HUMAN	4	PF13765;PF00622;PF00643;PF15227	539	direct
Q12906	Q12906	ILF3_HUMAN	3	PF00035;PF20965;PF07528	894	direct
Q12912	Q12912	IRAG2_HUMAN	1	PF05781	555	direct
Q12918	Q12918	KLRB1_HUMAN	1	PF00059	225	direct
Q12923	Q12923	PTN13_HUMAN	6	PF09380;PF00373;PF09379;PF00595;PF16599;PF00102	2485	direct
Q12929	Q12929	EPS8_HUMAN	4	PF22975;PF08416;PF18016;PF00018	822	direct
Q12931	Q12931	TRAP1_HUMAN	2	PF13589;PF00183	704	direct
Q12959	Q12959	DLG1_HUMAN	6	PF00625;PF09058;PF10608;PF00595;PF10600;PF00018	904	direct
Q12982	Q12982	BNIP2_HUMAN	2	PF12496;PF13716	314	direct
Q12996	Q12996	CSTF3_HUMAN	1	PF05843	717	direct
Q13009	Q13009	TIAM1_HUMAN	6	PF00595;PF00169;PF23014;PF02196;PF00621;PF18385	1591	direct
Q13011	Q13011	ECH1_HUMAN	1	PF00378	328	direct
Q13023	Q13023	AKAP6_HUMAN	1	PF00435	2319	direct
Q13029	Q13029	PRDM2_HUMAN	3	PF21549;PF00096;PF13912	1718	direct
Q13042	Q13042	CDC16_HUMAN	2	PF12895;PF13424	620	direct
Q13045	Q13045	FLII_HUMAN	4	PF00626;PF00560;PF23598;PF13855	1269	direct
Q13075	Q13075	BIRC1_HUMAN	4	PF00653;PF05729;PF17889;PF22524	1403	direct
Q13093	Q13093	PAFA_HUMAN	1	PF03403	441	direct
Q13094	Q13094	LCP2_HUMAN	2	PF07647;PF00017	533	direct
Q13098	Q13098	CSN1_HUMAN	3	PF21151;PF01399;PF10602	491	direct
Q13106	Q13106	ZN154_HUMAN	2	PF01352;PF00096	437	direct
Q13114	Q13114	TRAF3_HUMAN	3	PF21355;PF21363;PF02176	568	direct
Q13118	Q13118	KLF10_HUMAN	1	PF00096	480	direct
Q13123	Q13123	RED_HUMAN	2	PF07807;PF07808	557	direct
Q13133	Q13133	NR1H3_HUMAN	2	PF00104;PF00105	447	direct
Q13136	Q13136	LIPA1_HUMAN	3	PF25526;PF00536;PF07647	1202	direct
Q13137	Q13137	CACO2_HUMAN	1	PF17751	446	direct
Q13148	Q13148	TADBP_HUMAN	3	PF00076;PF20910;PF18694	414	direct
Q13153	Q13153	PAK1_HUMAN	2	PF00786;PF00069	545	direct
Q13156	Q13156	RFA4_HUMAN	1	PF08784	261	direct
Q13158	Q13158	FADD_HUMAN	2	PF00531;PF01335	208	direct
Q13162	Q13162	PRDX4_HUMAN	2	PF10417;PF00578	271	direct
Q13164	Q13164	MK07_HUMAN	1	PF00069	816	direct
Q13185	Q13185	CBX3_HUMAN	2	PF00385;PF01393	183	direct
Q13200	Q13200	PSMD2_HUMAN	3	PF01851;PF18051;PF17781	908	direct
Q13201	Q13201	MMRN1_HUMAN	3	PF00386;PF00008;PF07546	1228	direct
Q13207	Q13207	TBX2_HUMAN	3	PF00907;PF20627;PF12598	712	direct
Q13227	Q13227	GPS2_HUMAN	1	PF15991	327	direct
Q13233	Q13233	M3K1_HUMAN	3	PF00069;PF04434;PF28295	1512	direct
Q13243	Q13243	SRSF5_HUMAN	1	PF00076	272	direct
Q13247	Q13247	SRSF6_HUMAN	1	PF00076	344	direct
Q13277	Q13277	STX3_HUMAN	2	PF05739;PF00804	289	direct
Q13285	Q13285	STF1_HUMAN	2	PF00104;PF00105	461	direct
Q13287	Q13287	NMI_HUMAN	2	PF07334;PF07292	307	direct
Q13308	Q13308	PTK7_HUMAN	3	PF07679;PF13927;PF07714	1070	direct
Q13315	Q13315	ATM_HUMAN	4	PF02259;PF02260;PF00454;PF11640	3056	direct
Q13342	Q13342	SP140_HUMAN	4	PF00439;PF03172;PF00628;PF01342	867	direct
Q13352	Q13352	CENPR_HUMAN	1	PF06729	177	direct
Q13393	Q13393	PLD1_HUMAN	4	PF00169;PF00614;PF13091;PF00787	1074	direct
Q13418	Q13418	ILK_HUMAN	2	PF12796;PF07714	452	direct
Q13422	Q13422	IKZF1_HUMAN	1	PF00096	519	direct
Q13427	Q13427	PPIG_HUMAN	1	PF00160	754	direct
Q13435	Q13435	SF3B2_HUMAN	3	PF04037;PF04046;PF02037	895	direct
Q13438	Q13438	OS9_HUMAN	1	PF07915	667	direct
Q13442	Q13442	HAP28_HUMAN	1	PF10252	181	direct
Q13444	Q13444	ADA15_HUMAN	4	PF08516;PF00200;PF01562;PF01421	863	direct
Q13451	Q13451	FKBP5_HUMAN	3	PF00254;PF00515;PF13181	457	direct
Q13459	Q13459	MYO9B_HUMAN	4	PF00612;PF00063;PF00788;PF00620	2157	direct
Q13469	Q13469	NFAC2_HUMAN	2	PF16179;PF00554	925	direct
Q13485	Q13485	SMAD4_HUMAN	2	PF03165;PF03166	552	direct
Q13490	Q13490	BIRC2_HUMAN	4	PF00653;PF00619;PF21290;PF13920	618	direct
Q13492	Q13492	PICAL_HUMAN	1	PF07651	652	direct
Q13496	Q13496	MTM1_HUMAN	2	PF02893;PF06602	603	direct
Q13501	Q13501	SQSTM_HUMAN	3	PF00564;PF16577;PF00569	440	direct
Q13503	Q13503	MED21_HUMAN	1	PF11221	144	direct
Q13506	Q13506	NAB1_HUMAN	3	PF04902;PF04905;PF04904	487	direct
Q13523	Q13523	PRP4K_HUMAN	1	PF00069	1007	direct
Q13535	Q13535	ATR_HUMAN	7	PF02259;PF02260;PF23593;PF25030;PF25032;PF00454;PF08064	2644	direct
Q13542	Q13542	4EBP2_HUMAN	1	PF05456	120	direct
Q13547	Q13547	HDAC1_HUMAN	1	PF00850	482	direct
Q13561	Q13561	DCTN2_HUMAN	1	PF04912	401	direct
Q13571	Q13571	LAPM5_HUMAN	1	PF03821	262	direct
Q13574	Q13574	DGKZ_HUMAN	5	PF12796;PF00130;PF00609;PF00781;PF23578	928	direct
Q13576	Q13576	IQGA2_HUMAN	4	PF00307;PF00612;PF00616;PF03836	1575	direct
Q13588	Q13588	GRAP_HUMAN	2	PF00017;PF00018	217	direct
Q13591	Q13591	SEM5A_HUMAN	4	PF01437;PF01403;PF23260;PF00090	1074	direct
Q13595	Q13595	TRA2A_HUMAN	1	PF00076	282	direct
Q13596	Q13596	SNX1_HUMAN	3	PF00787;PF03700;PF09325	522	direct
Q13610	Q13610	PWP1_HUMAN	1	PF00400	501	direct
Q13614	Q13614	MTMR2_HUMAN	2	PF02893;PF06602	643	direct
Q13615	Q13615	MTMR3_HUMAN	2	PF01363;PF06602	1198	direct
Q13616	Q13616	CUL1_HUMAN	3	PF00888;PF26557;PF10557	776	direct
Q13617	Q13617	CUL2_HUMAN	3	PF00888;PF26557;PF10557	745	direct
Q13620	Q13620	CUL4B_HUMAN	3	PF00888;PF26557;PF10557	913	direct
Q13621	Q13621	S12A1_HUMAN	3	PF00324;PF08403;PF03522	1099	direct
Q13625	Q13625	ASPP2_HUMAN	3	PF12796;PF21801;PF00018	1128	direct
Q13651	Q13651	I10R1_HUMAN	1	PF01108	578	direct
Q13671	Q13671	RIN1_HUMAN	3	PF00788;PF23268;PF02204	783	direct
Q13685	Q13685	AAMP_HUMAN	2	PF23098;PF00400	434	direct
Q13761	Q13761	RUNX3_HUMAN	2	PF00853;PF08504	415	direct
Q13765	Q13765	NACA_HUMAN	2	PF01849;PF19026	215	direct
Q13772	Q13772	NCOA4_HUMAN	1	PF12489	614	direct
Q13838	Q13838	DX39B_HUMAN	2	PF00270;PF00271	428	direct
Q13888	Q13888	TF2H2_HUMAN	2	PF07975;PF04056	395	direct
Q13946	Q13946	PDE7A_HUMAN	1	PF00233	482	direct
Q13952	Q13952	NFYC_HUMAN	1	PF00125	458	direct
Q14005	Q14005	IL16_HUMAN	1	PF00595	1332	direct
Q14008	Q14008	CKAP5_HUMAN	2	PF12348;PF21041	2032	direct
Q14011	Q14011	CIRBP_HUMAN	1	PF00076	172	direct
Q14094	Q14094	CCNI_HUMAN	1	PF00134	377	direct
Q14108	Q14108	SCRB2_HUMAN	1	PF01130	478	direct
Q14118	Q14118	DAG1_HUMAN	3	PF18424;PF05454;PF05345	895	direct
Q14140	Q14140	SRTD2_HUMAN	1	PF06031	314	direct
Q14142	Q14142	TRI14_HUMAN	4	PF13765;PF00622;PF25600;PF00643	442	direct
Q14145	Q14145	KEAP1_HUMAN	4	PF07707;PF00651;PF01344;PF24681	624	direct
Q14152	Q14152	EIF3A_HUMAN	2	PF22591;PF01399	1382	direct
Q14154	Q14154	DELE1_HUMAN	1	PF08238	515	direct
Q14160	Q14160	SCRIB_HUMAN	3	PF23598;PF13855;PF00595	1655	direct
Q14161	Q14161	GIT2_HUMAN	5	PF12796;PF01412;PF12205;PF16559;PF08518	759	direct
Q14191	Q14191	WRN_HUMAN	7	PF00270;PF01612;PF00271;PF00570;PF14493;PF16124;PF09382	1432	direct
Q14192	Q14192	FHL2_HUMAN	2	PF00412;PF25076	279	direct
Q14204	Q14204	DYHC1_HUMAN	12	PF12774;PF12775;PF12780;PF12781;PF18198;PF08385;PF08393;PF22597;PF17852;PF18199;PF03028;PF12777	4646	direct
Q14207	Q14207	NPAT_HUMAN	1	PF15712	1427	direct
Q14209	Q14209	E2F2_HUMAN	2	PF16421;PF02319	437	direct
Q14232	Q14232	EI2BA_HUMAN	1	PF01008	305	direct
Q14240	Q14240	IF4A2_HUMAN	2	PF00270;PF00271	407	direct
Q14241	Q14241	ELOA1_HUMAN	2	PF06881;PF08711	772	direct
Q14242	Q14242	SELPL_HUMAN	0		412	direct
Q14244	Q14244	MAP7_HUMAN	1	PF05672	749	direct
Q14246	Q14246	AGRE1_HUMAN	3	PF00002;PF07645;PF01825	886	direct
Q14247	Q14247	SRC8_HUMAN	2	PF02218;PF14604	550	direct
Q14254	Q14254	FLOT2_HUMAN	1	PF01145	428	direct
Q14258	Q14258	TRI25_HUMAN	4	PF13765;PF00622;PF25600;PF13445	630	direct
Q14289	Q14289	FAK2_HUMAN	5	PF21477;PF00373;PF18038;PF03623;PF07714	1009	direct
Q14318	Q14318	FKBP8_HUMAN	2	PF00254;PF13432	412	direct
Q14376	Q14376	GALE_HUMAN	1	PF16363	348	direct
Q14393	Q14393	GAS6_HUMAN	6	PF12662;PF07645;PF00594;PF12661;PF00054;PF02210	678	direct
Q14442	Q14442	PIGH_HUMAN	1	PF10181	188	direct
Q14444	Q14444	CAPR1_HUMAN	2	PF12287;PF18293	709	direct
Q14457	Q14457	BECN1_HUMAN	3	PF04111;PF17675;PF15285	450	direct
Q14469	Q14469	HES1_HUMAN	2	PF07527;PF00010	280	direct
Q14494	Q14494	NF2L1_HUMAN	1	PF03131	772	direct
Q14498	Q14498	RBM39_HUMAN	2	PF15519;PF00076	530	direct
Q14511	Q14511	CASL_HUMAN	3	PF12026;PF08824;PF14604	834	direct
Q14554	Q14554	PDIA5_HUMAN	1	PF00085	519	direct
Q14568	Q14568	HS902_HUMAN	2	PF13589;PF00183	343	direct
Q14571	Q14571	ITPR2_HUMAN	5	PF08709;PF00520;PF02815;PF08454;PF01365	2701	direct
Q14573	Q14573	ITPR3_HUMAN	5	PF08709;PF00520;PF02815;PF08454;PF01365	2671	direct
Q14585	Q14585	ZN345_HUMAN	2	PF00096;PF13465	488	direct
Q14586	Q14586	ZN267_HUMAN	2	PF01352;PF00096	743	direct
Q14590	Q14590	ZN235_HUMAN	2	PF01352;PF00096	738	direct
Q14596	Q14596	NBR1_HUMAN	4	PF16158;PF00564;PF24932;PF00569	966	direct
Q14643	Q14643	ITPR1_HUMAN	5	PF08709;PF00520;PF02815;PF08454;PF01365	2758	direct
Q14654	Q14654	KCJ11_HUMAN	2	PF01007;PF17655	390	direct
Q14671	Q14671	PUM1_HUMAN	1	PF00806	1186	direct
Q14677	Q14677	EPN4_HUMAN	1	PF01417	625	direct
Q14686	Q14686	NCOA6_HUMAN	1	PF13820	2063	direct
Q14692	Q14692	BMS1_HUMAN	2	PF08142;PF04950	1282	direct
Q14699	Q14699	RFTN1_HUMAN	1	PF15250	578	direct
Q14703	Q14703	MBTP1_HUMAN	4	PF23001;PF23094;PF23090;PF00082	1052	direct
Q14746	Q14746	COG2_HUMAN	2	PF12022;PF06148	738	direct
Q14761	Q14761	PTCA_HUMAN	1	PF15713	206	direct
Q14764	Q14764	MVP_HUMAN	5	PF11978;PF01505;PF17794;PF17795;PF17796	893	direct
Q14765	Q14765	STAT4_HUMAN	5	PF00017;PF01017;PF02864;PF02865;PF21354	748	direct
Q14790	Q14790	CASP8_HUMAN	2	PF01335;PF00656	479	direct
Q14814	Q14814	MEF2D_HUMAN	2	PF12347;PF00319	521	direct
Q14839	Q14839	CHD4_HUMAN	8	PF08074;PF06461;PF08073;PF00385;PF06465;PF00271;PF00628;PF00176	1912	direct
Q14865	Q14865	ARI5B_HUMAN	1	PF01388	1188	direct
Q14914	Q14914	PTGR1_HUMAN	2	PF16884;PF00107	329	direct
Q14919	Q14919	NC2A_HUMAN	1	PF00808	205	direct
Q14940	Q14940	SL9A5_HUMAN	1	PF00999	896	direct
Q14954	Q14954	KI2S1_HUMAN	1	PF00047	304	direct
Q14974	Q14974	IMB1_HUMAN	3	PF13513;PF03810;PF25574	876	direct
Q14994	Q14994	NR1I3_HUMAN	2	PF00104;PF00105	352	direct
Q14BN4	Q14BN4	SLMAP_HUMAN	3	PF27557;PF28341;PF00498	828	direct
Q14C61	Q14C61	Q14C61_HUMAN	2	PF01352;PF00096	627	direct
Q14CX7	Q14CX7	NAA25_HUMAN	1	PF09797	972	direct
Q15006	Q15006	EMC2_HUMAN	1	PF22890	297	direct
Q15012	Q15012	LAP4A_HUMAN	1	PF03821	233	direct
Q15014	Q15014	MO4L2_HUMAN	1	PF05712	288	direct
Q15018	Q15018	ABRX2_HUMAN	1	PF21125	415	direct
Q15019	Q15019	SEPT2_HUMAN	1	PF00735	361	direct
Q15020	Q15020	SART3_HUMAN	5	PF23241;PF23240;PF16605;PF05391;PF00076	963	direct
Q15021	Q15021	CND1_HUMAN	2	PF12717;PF12922	1401	direct
Q15024	Q15024	EXOS7_HUMAN	2	PF01138;PF03725	291	direct
Q15025	Q15025	TNIP1_HUMAN	1	PF27887	636	direct
Q15027	Q15027	ACAP1_HUMAN	4	PF12796;PF01412;PF16746;PF00169	740	direct
Q15029	Q15029	U5S1_HUMAN	6	PF00679;PF14492;PF03764;PF16004;PF00009;PF03144	972	direct
Q15038	Q15038	DAZP2_HUMAN	1	PF11029	168	direct
Q15047	Q15047	SETB1_HUMAN	6	PF18300;PF01429;PF05033;PF00856;PF18358;PF18359	1291	direct
Q15050	Q15050	RRS1_HUMAN	1	PF04939	365	direct
Q15051	Q15051	IQCB1_HUMAN	1	PF00612	598	direct
Q15053	Q15053	K0040_HUMAN	0		99	direct
Q15056	Q15056	IF4H_HUMAN	1	PF00076	248	direct
Q15061	Q15061	WDR43_HUMAN	2	PF04003;PF00400	677	direct
Q15075	Q15075	EEA1_HUMAN	1	PF01363	1411	direct
Q15080	Q15080	NCF4_HUMAN	3	PF00564;PF00787;PF00018	339	direct
Q15084	Q15084	PDIA6_HUMAN	2	PF24541;PF00085	440	direct
Q15149	Q15149	PLEC_HUMAN	8	PF00307;PF00681;PF03501;PF17902;PF18373;PF21019;PF21020;PF21097	4684	direct
Q15154	Q15154	PCM1_HUMAN	1	PF15717	2024	direct
Q15170	Q15170	TCAL1_HUMAN	1	PF04538	159	direct
Q15173	Q15173	2A5B_HUMAN	1	PF01603	497	direct
Q15233	Q15233	NONO_HUMAN	2	PF08075;PF00076	471	direct
Q15276	Q15276	RABE1_HUMAN	2	PF09311;PF03528	862	direct
Q15306	Q15306	IRF4_HUMAN	2	PF00605;PF10401	451	direct
Q15326	Q15326	ZMY11_HUMAN	5	PF00439;PF24324;PF00855;PF21524;PF23461	602	direct
Q15329	Q15329	E2F5_HUMAN	2	PF16421;PF02319	346	direct
Q15363	Q15363	TMED2_HUMAN	1	PF01105	201	direct
Q15365	Q15365	PCBP1_HUMAN	1	PF00013	356	direct
Q15366	Q15366	PCBP2_HUMAN	1	PF00013	365	direct
Q15370	Q15370	ELOB_HUMAN	1	PF00240	118	direct
Q15388	Q15388	TOM20_HUMAN	1	PF02064	145	direct
Q15413	Q15413	RYR3_HUMAN	9	PF08709;PF00520;PF02815;PF08454;PF06459;PF01365;PF21119;PF02026;PF00622	4870	direct
Q15417	Q15417	CNN3_HUMAN	2	PF00402;PF00307	329	direct
Q15418	Q15418	KS6A1_HUMAN	2	PF00069;PF00433	735	direct
Q15435	Q15435	PP1R7_HUMAN	2	PF12799;PF14580	360	direct
Q15436	Q15436	SC23A_HUMAN	5	PF00626;PF08033;PF04815;PF04811;PF04810	765	direct
Q15459	Q15459	SF3A1_HUMAN	3	PF12230;PF01805;PF00240	793	direct
Q15477	Q15477	SKI2_HUMAN	6	PF00270;PF08148;PF00271;PF21408;PF13234;PF17911	1246	direct
Q15486	Q15486	GUSP1_HUMAN	0		140	direct
Q15513	Q15513	SPHAR_HUMAN	0		0	direct
Q15544	Q15544	TAF11_HUMAN	1	PF04719	211	direct
Q15545	Q15545	TAF7_HUMAN	1	PF04658	349	direct
Q15555	Q15555	MARE2_HUMAN	2	PF00307;PF03271	327	direct
Q15596	Q15596	NCOA2_HUMAN	8	PF23172;PF07469;PF16279;PF16665;PF08815;PF00989;PF14598;PF08832	1464	direct
Q15599	Q15599	NHRF2_HUMAN	2	PF09007;PF00595	337	direct
Q15629	Q15629	TRAM1_HUMAN	1	PF03798	374	direct
Q15637	Q15637	SF01_HUMAN	3	PF22675;PF16275;PF00098	639	direct
Q15642	Q15642	CIP4_HUMAN	3	PF00611;PF25610;PF00018	601	direct
Q15643	Q15643	TRIPB_HUMAN	0		1979	direct
Q15650	Q15650	TRIP4_HUMAN	4	PF04266;PF23135;PF23134;PF06221	581	direct
Q15651	Q15651	HMGN3_HUMAN	1	PF01101	99	direct
Q15654	Q15654	TRIP6_HUMAN	1	PF00412	476	direct
Q15691	Q15691	MARE1_HUMAN	2	PF00307;PF03271	268	direct
Q15700	Q15700	DLG2_HUMAN	5	PF00625;PF10608;PF00595;PF10600;PF00018	870	direct
Q15717	Q15717	ELAV1_HUMAN	1	PF00076	326	direct
Q15723	Q15723	ELF2_HUMAN	2	PF12310;PF00178	593	direct
Q15746	Q15746	MYLK_HUMAN	4	PF16620;PF00041;PF07679;PF00069	1914	direct
Q15750	Q15750	TAB1_HUMAN	1	PF00481	504	direct
Q15751	Q15751	HERC1_HUMAN	5	PF00632;PF00415;PF00622;PF00400;PF25390	4861	direct
Q15773	Q15773	MLF2_HUMAN	1	PF10248	248	direct
Q15782	Q15782	CH3L2_HUMAN	1	PF00704	390	direct
Q15788	Q15788	NCOA1_HUMAN	7	PF23172;PF07469;PF16665;PF08815;PF00989;PF14598;PF08832	1441	direct
Q15810	Q15810	Q15810_HUMAN	0		77	direct
Q15811	Q15811	ITSN1_HUMAN	8	PF00168;PF12763;PF16617;PF16652;PF00621;PF00018;PF07653;PF14604	1721	direct
Q15831	Q15831	STK11_HUMAN	1	PF00069	433	direct
Q15843	Q15843	NEDD8_HUMAN	1	PF00240	81	direct
Q15849	Q15849	UT2_HUMAN	1	PF03253	920	direct
Q15853	Q15853	USF2_HUMAN	1	PF00010	346	direct
Q15911	Q15911	ZFHX3_HUMAN	3	PF00046;PF00096;PF24056	3703	direct
Q15942	Q15942	ZYX_HUMAN	1	PF00412	572	direct
Q15989	Q15989	Q15989_HUMAN	0		20	direct
Q16134	Q16134	ETFD_HUMAN	3	PF21162;PF05187;PF01946	617	direct
Q16181	Q16181	SEPT7_HUMAN	1	PF00735	437	direct
Q16236	Q16236	NF2L2_HUMAN	1	PF03131	605	direct
Q16254	Q16254	E2F4_HUMAN	2	PF16421;PF02319	413	direct
Q16270	Q16270	IBP7_HUMAN	3	PF07679;PF00219;PF07648	282	direct
Q16378	Q16378	PROL4_HUMAN	1	PF15240	134	direct
Q16394	Q16394	EXT1_HUMAN	2	PF03016;PF09258	746	direct
Q16512	Q16512	PKN1_HUMAN	3	PF02185;PF00069;PF00433	942	direct
Q16513	Q16513	PKN2_HUMAN	3	PF02185;PF00069;PF00433	984	direct
Q16517	Q16517	NNAT_HUMAN	1	PF27808	81	direct
Q16534	Q16534	HLF_HUMAN	1	PF07716	295	direct
Q16539	Q16539	MK14_HUMAN	1	PF00069	360	direct
Q16543	Q16543	CDC37_HUMAN	3	PF08564;PF08565;PF03234	378	direct
Q16555	Q16555	DPYL2_HUMAN	1	PF01979	572	direct
Q16563	Q16563	SYPL1_HUMAN	1	PF01284	259	direct
Q16584	Q16584	M3K11_HUMAN	2	PF07714;PF14604	847	direct
Q16594	Q16594	TAF9_HUMAN	1	PF02291	264	direct
Q16610	Q16610	ECM1_HUMAN	1	PF05782	540	direct
Q16621	Q16621	NFE2_HUMAN	1	PF03131	373	direct
Q16623	Q16623	STX1A_HUMAN	2	PF05739;PF00804	288	direct
Q16627	Q16627	CCL14_HUMAN	1	PF00048	93	direct
Q16630	Q16630	CPSF6_HUMAN	2	PF00076;PF25524	551	direct
Q16646	Q16646	Q16646_HUMAN	1	PF01352	42	direct
Q16654	Q16654	PDK4_HUMAN	2	PF10436;PF02518	411	direct
Q16656	Q16656	NRF1_HUMAN	1	PF10491	503	direct
Q16665	Q16665	HIF1A_HUMAN	5	PF23171;PF11413;PF08778;PF00989;PF08447	826	direct
Q16666	Q16666	IF16_HUMAN	2	PF02760;PF02758	785	direct
Q16678	Q16678	CP1B1_HUMAN	1	PF00067	543	direct
Q16698	Q16698	DECR_HUMAN	1	PF13561	335	direct
Q16719	Q16719	KYNU_HUMAN	1	PF22580	465	direct
Q16760	Q16760	DGKD_HUMAN	6	PF00130;PF00609;PF00781;PF22944;PF00169;PF07647	1214	direct
Q16762	Q16762	THTR_HUMAN	1	PF00581	297	direct
Q16769	Q16769	QPCT_HUMAN	1	PF04389	361	direct
Q16799	Q16799	RTN1_HUMAN	1	PF02453	776	direct
Q16822	Q16822	PCKGM_HUMAN	2	PF00821;PF17297	640	direct
Q16825	Q16825	PTN21_HUMAN	4	PF09380;PF00373;PF09379;PF00102	1174	direct
Q16831	Q16831	UPP1_HUMAN	1	PF01048	310	direct
Q16851	Q16851	UGPA_HUMAN	1	PF01704	508	direct
Q16875	Q16875	F263_HUMAN	2	PF01591;PF00300	520	direct
Q16881	Q16881	TRXR1_HUMAN	3	PF00462;PF07992;PF02852	649	direct
Q17RY0	Q17RY0	CPEB4_HUMAN	2	PF16366;PF16367	729	direct
Q27J81	Q27J81	INF2_HUMAN	4	PF06367;PF06371;PF02181;PF02205	1249	direct
Q2KHM9	Q2KHM9	MOONR_HUMAN	1	PF15718	967	direct
Q2KHT3	Q2KHT3	CL16A_HUMAN	2	PF19439;PF09758	1053	direct
Q2L6I0	Q2L6I0	Q2L6I0_HUMAN	2	PF08711;PF00642	940	direct
Q2L6J2	Q2L6J2	Q2L6J2_HUMAN	0		0	direct
Q2M1Z3	Q2M1Z3	RHG31_HUMAN	1	PF00620	1444	direct
Q2M2A3	Q2M2A3	Q2M2A3_HUMAN	3	PF13802;PF01055;PF21365	914	direct
Q2M385	Q2M385	MPEG1_HUMAN	1	PF01823	716	direct
Q2M389	Q2M389	WASC4_HUMAN	3	PF14745;PF14746;PF14744	1173	direct
Q2M3G4	Q2M3G4	SHRM1_HUMAN	2	PF08688;PF08687	852	direct
Q2M3W8	Q2M3W8	ZN181_HUMAN	3	PF01352;PF00096;PF13912	571	direct
Q2NL98	Q2NL98	VMAC_HUMAN	0		169	direct
Q2TAC2	Q2TAC2	CCD57_HUMAN	0		915	direct
Q2TAL5	Q2TAL5	SMTL2_HUMAN	1	PF00307	461	direct
Q2TAL8	Q2TAL8	QRIC1_HUMAN	2	PF12012;PF25561	776	direct
Q2TAZ0	Q2TAZ0	ATG2A_HUMAN	1	PF13329	1938	direct
Q2TB18	Q2TB18	ASTE1_HUMAN	2	PF27698;PF00752	679	direct
Q2V8N0	Q2V8N0	Q2V8N0_HUMAN	1	PF05255	126	direct
Q30134	Q30134	2B18_HUMAN	0		0	direct
Q30154	Q30154	DRB5_HUMAN	2	PF07654;PF00969	266	direct
Q30167	Q30167	2B1A_HUMAN	0		0	direct
Q30201	Q30201	HFE_HUMAN	2	PF07654;PF00129	348	direct
Q32MH5	Q32MH5	ATOSA_HUMAN	2	PF13889;PF13915	1076	direct
Q32P44	Q32P44	EMAL3_HUMAN	3	PF23409;PF23414;PF03451	896	direct
Q32P51	Q32P51	RA1L2_HUMAN	2	PF11627;PF00076	320	direct
Q3B7T1	Q3B7T1	EDRF1_HUMAN	2	PF23788;PF23723	1238	direct
Q3BBV0	Q3BBV0	NBPF1_HUMAN	1	PF06758	1214	direct
Q3BBV2	Q3BBV2	NBPF8_HUMAN	1	PF06758	942	direct
Q3KNS1	Q3KNS1	PTHD3_HUMAN	1	PF02460	954	direct
Q3KNW1	Q3KNW1	SNAI3_HUMAN	1	PF00096	292	direct
Q3KP31	Q3KP31	ZN791_HUMAN	2	PF01352;PF00096	576	direct
Q3L8U1	Q3L8U1	CHD9_HUMAN	5	PF07533;PF00385;PF00271;PF23078;PF00176	2897	direct
Q3MIB5	Q3MIB5	Q3MIB5_HUMAN	1	PF01234	262	direct
Q3MIN7	Q3MIN7	RGL3_HUMAN	3	PF00788;PF00617;PF00618	710	direct
Q3MJ13	Q3MJ13	WDR72_HUMAN	2	PF00400;PF23123	1102	direct
Q3MJ40	Q3MJ40	C144B_HUMAN	0		725	direct
Q3SXM5	Q3SXM5	HSDL1_HUMAN	1	PF00106	330	direct
Q3SYG4	Q3SYG4	PTHB1_HUMAN	5	PF14727;PF23339;PF14728;PF23338;PF23337	887	direct
Q3YBM2	Q3YBM2	T176B_HUMAN	1	PF04103	270	direct
Q3YBR2	Q3YBR2	TBRG1_HUMAN	2	PF05965;PF05964	411	direct
Q3ZTS7	Q3ZTS7	Q3ZTS7_HUMAN	2	PF12796;PF11904	590	direct
Q495C1	Q495C1	RN212_HUMAN	1	PF14634	297	direct
Q495M3	Q495M3	S36A2_HUMAN	1	PF01490	483	direct
Q495Z4	Q495Z4	ASAS1_HUMAN	0		193	direct
Q496J9	Q496J9	SV2C_HUMAN	3	PF23894;PF07690;PF00083	727	direct
Q49A13	Q49A13	Q49A13_HUMAN	1	PF13894	258	direct
Q49A26	Q49A26	GLYR1_HUMAN	3	PF14833;PF03446;PF00855	553	direct
Q49A88	Q49A88	CCD14_HUMAN	1	PF15254	953	direct
Q49AG3	Q49AG3	ZBED5_HUMAN	3	PF27046;PF27073;PF02892	693	direct
Q4ADV7	Q4ADV7	RIC1_HUMAN	2	PF25440;PF07064	1423	direct
Q4FZB7	Q4FZB7	KMT5B_HUMAN	1	PF00856	885	direct
Q4G0J3	Q4G0J3	LARP7_HUMAN	3	PF05383;PF00076;PF08777	582	direct
Q4G1C2	Q4G1C2	Q4G1C2_HUMAN	1	PF01352	78	direct
Q4G1C4	Q4G1C4	Q4G1C4_HUMAN	2	PF08240;PF00107	366	direct
Q4J6C6	Q4J6C6	PPCEL_HUMAN	2	PF00326;PF02897	727	direct
Q4KMQ2	Q4KMQ2	ANO6_HUMAN	2	PF16178;PF04547	910	direct
Q4L180	Q4L180	FIL1L_HUMAN	1	PF09727	1135	direct
Q4LDE5	Q4LDE5	SVEP1_HUMAN	8	PF00008;PF07645;PF07699;PF12661;PF02494;PF00354;PF00084;PF00092	3571	direct
Q4LE39	Q4LE39	ARI4B_HUMAN	3	PF01388;PF08169;PF11717	1312	direct
Q4V328	Q4V328	GRAP1_HUMAN	0		841	direct
Q4VAK3	Q4VAK3	Q4VAK3_HUMAN	0		339	direct
Q4VBZ9	Q4VBZ9	Q4VBZ9_HUMAN	3	PF13589;PF17942;PF07496	939	direct
Q4VC00	Q4VC00	Q4VC00_HUMAN	3	PF09261;PF07748;PF01074	1009	direct
Q4VX76	Q4VX76	SYTL3_HUMAN	2	PF00168;PF02318	610	direct
Q4W5K1	Q4W5K1	Q4W5K1_HUMAN	0		0	direct
Q504Q3	Q504Q3	PAN2_HUMAN	3	PF20770;PF00929;PF13423	1202	direct
Q52LW3	Q52LW3	RHG29_HUMAN	4	PF00130;PF22699;PF24235;PF00620	1261	direct
Q52M93	Q52M93	Z585B_HUMAN	2	PF01352;PF00096	769	direct
Q53EL6	Q53EL6	PDCD4_HUMAN	1	PF02847	469	direct
Q53EM3	Q53EM3	Q53EM3_HUMAN	3	PF01352;PF00096;PF21225	730	direct
Q53EP0	Q53EP0	FND3B_HUMAN	1	PF00041	1204	direct
Q53G34	Q53G34	Q53G34_HUMAN	1	PF00153	303	direct
Q53G59	Q53G59	KLH12_HUMAN	4	PF07707;PF00651;PF01344;PF24681	568	direct
Q53GC0	Q53GC0	Q53GC0_HUMAN	1	PF06031	236	direct
Q53GD2	Q53GD2	Q53GD2_HUMAN	1	PF00147	439	direct
Q53GL0	Q53GL0	PKHO1_HUMAN	1	PF00169	409	direct
Q53GL7	Q53GL7	PAR10_HUMAN	3	PF27824;PF00644;PF23085	1025	direct
Q53HC0	Q53HC0	CCD92_HUMAN	1	PF14916	331	direct
Q53R16	Q53R16	Q53R16_HUMAN	0		0	direct
Q53RD8	Q53RD8	Q53RD8_HUMAN	0		0	direct
Q53RZ9	Q53RZ9	Q53RZ9_HUMAN	1	PF03029	374	direct
Q53SF7	Q53SF7	COBL1_HUMAN	1	PF09469	1128	direct
Q53SQ1	Q53SQ1	Q53SQ1_HUMAN	0		0	direct
Q53TK7	Q53TK7	Q53TK7_HUMAN	0		0	direct
Q53TP4	Q53TP4	Q53TP4_HUMAN	0		0	direct
Q541A5	Q541A5	Q541A5_HUMAN	2	PF03152;PF24842	307	direct
Q546E0	Q546E0	Q546E0_HUMAN	2	PF19745;PF14604	575	direct
Q548T7	Q548T7	Q548T7_HUMAN	2	PF00250;PF16159	677	direct
Q549M8	Q549M8	Q549M8_HUMAN	1	PF10036	244	direct
Q562E5	Q562E5	Q562E5_HUMAN	2	PF18717;PF09011	1441	direct
Q56P03	Q56P03	EAPP_HUMAN	1	PF10238	285	direct
Q584P1	Q584P1	Q584P1_HUMAN	0		0	direct
Q58EX2	Q58EX2	SDK2_HUMAN	3	PF00041;PF07679;PF13927	2172	direct
Q58F05	Q58F05	Q58F05_HUMAN	2	PF12569;PF13181	614	direct
Q58F08	Q58F08	Q58F08_HUMAN	3	PF19422;PF01485;PF22191	724	direct
Q58WW2	Q58WW2	DCAF6_HUMAN	1	PF00400	860	direct
Q59E90	Q59E90	Q59E90_HUMAN	5	PF09261;PF17677;PF07748;PF01074;PF21260	1007	direct
Q59E92	Q59E92	Q59E92_HUMAN	2	PF00270;PF00271	457	direct
Q59E94	Q59E94	Q59E94_HUMAN	2	PF00887;PF00378	232	direct
Q59EC8	Q59EC8	Q59EC8_HUMAN	2	PF12269;PF02008	523	direct
Q59EG5	Q59EG5	Q59EG5_HUMAN	2	PF17753;PF17786	457	direct
Q59F13	Q59F13	Q59F13_HUMAN	0		0	direct
Q59F48	Q59F48	Q59F48_HUMAN	1	PF03372	152	direct
Q59FQ0	Q59FQ0	Q59FQ0_HUMAN	1	PF00071	144	direct
Q59G54	Q59G54	Q59G54_HUMAN	5	PF00439;PF02791;PF00628;PF15612;PF15613	1188	direct
Q59G98	Q59G98	Q59G98_HUMAN	0		0	direct
Q59GM9	Q59GM9	Q59GM9_HUMAN	1	PF00343	865	direct
Q59H57	Q59H57	Q59H57_HUMAN	2	PF00076;PF00641	300	direct
Q59H65	Q59H65	Q59H65_HUMAN	1	PF00171	461	direct
Q5BKZ1	Q5BKZ1	ZN326_HUMAN	1	PF04988	582	direct
Q5D0E6	Q5D0E6	DALD3_HUMAN	2	PF05746;PF26758	543	direct
Q5EBL4	Q5EBL4	RIPL1_HUMAN	2	PF09744;PF11461	403	direct
Q5FWG5	Q5FWG5	Q5FWG5_HUMAN	3	PF13855;PF01463;PF01582	786	direct
Q5H9A3	Q5H9A3	Q5H9A3_HUMAN	0		0	direct
Q5H9K5	Q5H9K5	ZMAT1_HUMAN	1	PF12874	638	direct
Q5H9R7	Q5H9R7	PP6R3_HUMAN	1	PF04499	873	direct
Q5HYC2	Q5HYC2	BRD10_HUMAN	2	PF00439;PF23450	2103	direct
Q5HYD9	Q5HYD9	Q5HYD9_HUMAN	1	PF00173	107	direct
Q5HYI8	Q5HYI8	RABL3_HUMAN	1	PF08477	236	direct
Q5HYK7	Q5HYK7	SH319_HUMAN	3	PF00018;PF07653;PF14604	790	direct
Q5HYL6	Q5HYL6	Q5HYL6_HUMAN	2	PF27087;PF03250	352	direct
Q5HYW2	Q5HYW2	NHSL2_HUMAN	1	PF15273	1225	direct
Q5J8M3	Q5J8M3	EMC4_HUMAN	1	PF06417	183	direct
Q5JPF3	Q5JPF3	AN36C_HUMAN	4	PF00023;PF12796;PF13637;PF14915	1778	direct
Q5JPT6	Q5JPT6	Q5JPT6_HUMAN	1	PF14604	665	direct
Q5JQI0	Q5JQI0	Q5JQI0_HUMAN	1	PF13088	415	direct
Q5JRA6	Q5JRA6	TGO1_HUMAN	1	PF07653	1907	direct
Q5JSL3	Q5JSL3	DOC11_HUMAN	7	PF06920;PF20422;PF20421;PF14429;PF11878;PF00169;PF28208	2073	direct
Q5JTD0	Q5JTD0	TJAP1_HUMAN	2	PF27583;PF15453	557	direct
Q5JTJ3	Q5JTJ3	COA6_HUMAN	1	PF02297	125	direct
Q5JVF3	Q5JVF3	PCID2_HUMAN	1	PF01399	399	direct
Q5JVG2	Q5JVG2	ZN484_HUMAN	2	PF01352;PF00096	852	direct
Q5JXC2	Q5JXC2	MIIP_HUMAN	1	PF15734	388	direct
Q5JYA6	Q5JYA6	Q5JYA6_HUMAN	2	PF00621;PF22697	1385	direct
Q5K651	Q5K651	SAMD9_HUMAN	1	PF00536	1589	direct
Q5M775	Q5M775	CYTSB_HUMAN	1	PF00307	1068	direct
Q5MIZ7	Q5MIZ7	P4R3B_HUMAN	2	PF22972;PF04802	849	direct
Q5MNZ6	Q5MNZ6	WIPI3_HUMAN	1	PF21032	344	direct
Q5R352	Q5R352	Q5R352_HUMAN	1	PF04272	52	direct
Q5R372	Q5R372	RBG1L_HUMAN	3	PF12473;PF00640;PF00566	815	direct
Q5RI15	Q5RI15	COX20_HUMAN	1	PF12597	118	direct
Q5RIA9	Q5RIA9	ZNG1E_HUMAN	2	PF02492;PF07683	395	direct
Q5RKV6	Q5RKV6	EXOS6_HUMAN	1	PF01138	272	direct
Q5S007	Q5S007	LRRK2_HUMAN	8	PF23745;PF23744;PF23748;PF16095;PF25497;PF13855;PF00069;PF08477	2527	direct
Q5SWA1	Q5SWA1	PR15B_HUMAN	2	PF10472;PF10488	713	direct
Q5SWX8	Q5SWX8	ODR4_HUMAN	1	PF14778	454	direct
Q5SXM1	Q5SXM1	ZN678_HUMAN	3	PF00096;PF13912;PF13465	525	direct
Q5SXM2	Q5SXM2	SNPC4_HUMAN	1	PF13921	1469	direct
Q5SY80	Q5SY80	CTSRE_HUMAN	5	PF22844;PF22850;PF22849;PF22841;PF22843	951	direct
Q5SZL2	Q5SZL2	CE85L_HUMAN	1	PF24555	805	direct
Q5T0J3	Q5T0J3	CA220_HUMAN	1	PF17739	134	direct
Q5T0U0	Q5T0U0	CC122_HUMAN	1	PF28420	273	direct
Q5T124	Q5T124	UBX11_HUMAN	2	PF08059;PF00789	520	direct
Q5T160	Q5T160	SYRM_HUMAN	2	PF05746;PF00750	578	direct
Q5T1V5	Q5T1V5	Q5T1V5_HUMAN	1	PF04438	160	direct
Q5T200	Q5T200	ZC3HD_HUMAN	1	PF00642	1668	direct
Q5T2W1	Q5T2W1	NHRF3_HUMAN	1	PF00595	519	direct
Q5T3J3	Q5T3J3	LRIF1_HUMAN	1	PF15741	769	direct
Q5T4T6	Q5T4T6	SYC2L_HUMAN	2	PF18581;PF18584	812	direct
Q5T5D7	Q5T5D7	ZN684_HUMAN	2	PF01352;PF00096	378	direct
Q5T5Y3	Q5T5Y3	CAMP1_HUMAN	4	PF17095;PF11971;PF08683;PF25532	1602	direct
Q5T6F0	Q5T6F0	DCA12_HUMAN	1	PF23760	453	direct
Q5T704	Q5T704	Q5T704_HUMAN	1	PF12280	285	direct
Q5T8A7	Q5T8A7	PPR26_HUMAN	1	PF15740	1209	direct
Q5T9L3	Q5T9L3	WLS_HUMAN	2	PF06664;PF21883	541	direct
Q5T9S5	Q5T9S5	CCD18_HUMAN	0		1454	direct
Q5TAX3	Q5TAX3	TUT4_HUMAN	4	PF22600;PF03828;PF19088;PF00098	1644	direct
Q5TB80	Q5TB80	CE162_HUMAN	4	PF27882;PF27944;PF27825;PF27821	1403	direct
Q5TBA9	Q5TBA9	FRY_HUMAN	4	PF19421;PF14225;PF14228;PF14222	3013	direct
Q5TCS8	Q5TCS8	KAD9_HUMAN	2	PF13238;PF00406	1911	direct
Q5TD97	Q5TD97	FHL5_HUMAN	2	PF00412;PF25076	284	direct
Q5TEJ8	Q5TEJ8	THMS2_HUMAN	1	PF12736	643	direct
Q5TFE4	Q5TFE4	NT5D1_HUMAN	1	PF05761	455	direct
Q5TGL8	Q5TGL8	PXDC1_HUMAN	0		231	direct
Q5TGY3	Q5TGY3	AHDC1_HUMAN	1	PF15735	1603	direct
Q5THJ4	Q5THJ4	VP13D_HUMAN	3	PF25033;PF12624;PF25036	4388	direct
Q5TYM6	Q5TYM6	Q5TYM6_HUMAN	1	PF14976	149	direct
Q5U5Q3	Q5U5Q3	MEX3C_HUMAN	2	PF00013;PF13920	659	direct
Q5U651	Q5U651	RAIN_HUMAN	2	PF01843;PF00788	963	direct
Q5UIP0	Q5UIP0	RIF1_HUMAN	1	PF12231	2472	direct
Q5VIR6	Q5VIR6	VPS53_HUMAN	2	PF16854;PF04100	832	direct
Q5VST9	Q5VST9	OBSCN_HUMAN	6	PF00041;PF07679;PF00612;PF00069;PF00621;PF22697	7968	direct
Q5VT14	Q5VT14	Q5VT14_HUMAN	1	PF00001	381	direct
Q5VTB9	Q5VTB9	RN220_HUMAN	2	PF15926;PF13923	566	direct
Q5VTL8	Q5VTL8	PR38B_HUMAN	1	PF03371	546	direct
Q5VTR2	Q5VTR2	BRE1A_HUMAN	3	PF26052;PF26095;PF00097	975	direct
Q5VU08	Q5VU08	Q5VU08_HUMAN	1	PF00596	706	direct
Q5VU43	Q5VU43	MYOME_HUMAN	4	PF23246;PF07989;PF06758;PF26710	2346	direct
Q5VUA4	Q5VUA4	ZN318_HUMAN	1	PF27978	2279	direct
Q5VV17	Q5VV17	OTUD1_HUMAN	1	PF02338	481	direct
Q5VV67	Q5VV67	PPRC1_HUMAN	1	PF00076	1664	direct
Q5VWQ8	Q5VWQ8	DAB2P_HUMAN	4	PF00168;PF12004;PF25321;PF00616	1189	direct
Q5VXM9	Q5VXM9	Q5VXM9_HUMAN	0		76	direct
Q5VXU9	Q5VXU9	SHOC1_HUMAN	1	PF17825	1444	direct
Q5VY43	Q5VY43	PEAR1_HUMAN	2	PF00053;PF23301	1037	direct
Q5VYK3	Q5VYK3	ECM29_HUMAN	5	PF23702;PF23731;PF13001;PF24492;PF12755	1845	direct
Q5VYM1	Q5VYM1	S31G1_HUMAN	0		1079	direct
Q5VYS8	Q5VYS8	TUT7_HUMAN	5	PF22600;PF03828;PF19088;PF16631;PF00098	1495	direct
Q5VZ03	Q5VZ03	NXNL2_HUMAN	1	PF13905	156	direct
Q5VZ89	Q5VZ89	DEN4C_HUMAN	4	PF03455;PF02141;PF10240;PF03456	1909	direct
Q5VZF2	Q5VZF2	MBNL2_HUMAN	2	PF00642;PF22628	373	direct
Q5VZL5	Q5VZL5	ZMYM4_HUMAN	4	PF12012;PF25561;PF24900;PF06467	1548	direct
Q5VZM2	Q5VZM2	RRAGB_HUMAN	1	PF04670	374	direct
Q5VZR4	Q5VZR4	S71A3_HUMAN	1	PF07690	150	direct
Q5W009	Q5W009	Q5W009_HUMAN	2	PF01585;PF00076	401	direct
Q5W0Q7	Q5W0Q7	USPL1_HUMAN	2	PF15509;PF15499	1092	direct
Q63HM2	Q63HM2	PCX4_HUMAN	1	PF05041	1172	direct
Q641Q2	Q641Q2	WAC2A_HUMAN	1	PF15255	1341	direct
Q64F87	Q64F87	Q64F87_HUMAN	1	PF01496	218	direct
Q658J6	Q658J6	Q658J6_HUMAN	1	PF02991	125	direct
Q658P4	Q658P4	Q658P4_HUMAN	0		76	direct
Q659B4	Q659B4	Q659B4_HUMAN	1	PF07645	124	direct
Q659D1	Q659D1	Q659D1_HUMAN	2	PF19046;PF15070	494	direct
Q66GS9	Q66GS9	CP135_HUMAN	0		1140	direct
Q66K14	Q66K14	TBC9B_HUMAN	2	PF02893;PF00566	1250	direct
Q66PJ3	Q66PJ3	AR6P4_HUMAN	1	PF10500	237	direct
Q676U5	Q676U5	A16L1_HUMAN	2	PF08614;PF00400	607	direct
Q68CP4	Q68CP4	HGNAT_HUMAN	1	PF07786	663	direct
Q68CP9	Q68CP9	ARID2_HUMAN	2	PF01388;PF02257	1835	direct
Q68CZ2	Q68CZ2	TENS3_HUMAN	3	PF08416;PF10409;PF00017	1445	direct
Q68CZ6	Q68CZ6	HAUS3_HUMAN	3	PF14932;PF27045;PF27044	603	direct
Q68DE3	Q68DE3	USF3_HUMAN	1	PF00010	2245	direct
Q68DK7	Q68DK7	MSL1_HUMAN	2	PF16801;PF15275	614	direct
Q68DN6	Q68DN6	RGPD1_HUMAN	0		0	direct
Q68DY1	Q68DY1	ZN626_HUMAN	2	PF01352;PF00096	528	direct
Q68EM7	Q68EM7	RHG17_HUMAN	2	PF03114;PF00620	881	direct
Q69YN4	Q69YN4	VIR_HUMAN	1	PF15912	1812	direct
Q6AHZ1	Q6AHZ1	Z518A_HUMAN	0		1483	direct
Q6AI12	Q6AI12	ANR40_HUMAN	2	PF13637;PF27687	368	direct
Q6AI39	Q6AI39	BICRL_HUMAN	1	PF15249	1079	direct
Q6AWC2	Q6AWC2	WWC2_HUMAN	2	PF00397;PF25802	1192	direct
Q6DJT9	Q6DJT9	PLAG1_HUMAN	2	PF00096;PF13912	500	direct
Q6DKK2	Q6DKK2	TTC19_HUMAN	2	PF13374;PF13424	380	direct
Q6EES4	Q6EES4	Q6EES4_HUMAN	0		39	direct
Q6EI07	Q6EI07	Q6EI07_HUMAN	0		11	direct
Q6FGK0	Q6FGK0	Q6FGK0_HUMAN	1	PF00335	204	direct
Q6FGM0	Q6FGM0	Q6FGM0_HUMAN	2	PF03114;PF00018	368	direct
Q6FHJ7	Q6FHJ7	SFRP4_HUMAN	2	PF01392;PF01759	346	direct
Q6FHZ7	Q6FHZ7	Q6FHZ7_HUMAN	1	PF03036	437	direct
Q6FI13	Q6FI13	H2A2A_HUMAN	2	PF00125;PF16211	130	direct
Q6FI81	Q6FI81	CPIN1_HUMAN	2	PF20922;PF05093	312	direct
Q6GPH4	Q6GPH4	XAF1_HUMAN	3	PF21366;PF18608;PF23580	301	direct
Q6H8Q1	Q6H8Q1	ABLM2_HUMAN	3	PF16182;PF00412;PF02209	611	direct
Q6IA17	Q6IA17	SIGIR_HUMAN	1	PF01582	410	direct
Q6IA98	Q6IA98	Q6IA98_HUMAN	2	PF15519;PF00076	423	direct
Q6IBS0	Q6IBS0	TWF2_HUMAN	1	PF00241	349	direct
Q6ICB0	Q6ICB0	DESI1_HUMAN	1	PF05903	168	direct
Q6ICC9	Q6ICC9	RTL6_HUMAN	1	PF16297	239	direct
Q6IE81	Q6IE81	JADE1_HUMAN	3	PF10513;PF13831;PF13832	842	direct
Q6IEG0	Q6IEG0	SNR48_HUMAN	1	PF05253	339	direct
Q6IPW1	Q6IPW1	CK071_HUMAN	1	PF15747	123	direct
Q6IPW8	Q6IPW8	Q6IPW8_HUMAN	2	PF13704;PF01755	222	direct
Q6IPX1	Q6IPX1	TBC3C_HUMAN	1	PF00566	549	direct
Q6IQ16	Q6IQ16	SPOPL_HUMAN	2	PF00651;PF22486	392	direct
Q6IQ19	Q6IQ19	CCSAP_HUMAN	1	PF15748	270	direct
Q6IQ21	Q6IQ21	ZN770_HUMAN	1	PF00096	691	direct
Q6IQ26	Q6IQ26	DEN5A_HUMAN	5	PF03455;PF02141;PF01477;PF02759;PF03456	1287	direct
Q6IQ32	Q6IQ32	ADNP2_HUMAN	2	PF19627;PF26748	1131	direct
Q6JBY9	Q6JBY9	CPZIP_HUMAN	2	PF15255;PF05177	416	direct
Q6JQN1	Q6JQN1	ACD10_HUMAN	5	PF00441;PF02770;PF02771;PF01636;PF00702	1059	direct
Q6KC79	Q6KC79	NIPBL_HUMAN	2	PF12765;PF12830	2804	direct
Q6L5J4	Q6L5J4	Q6L5J4_HUMAN	1	PF00001	353	direct
Q6N021	Q6N021	TET2_HUMAN	1	PF12851	2002	direct
Q6N0B2	Q6N0B2	Q6N0B2_HUMAN	1	PF01536	334	direct
Q6NTE8	Q6NTE8	MRNIP_HUMAN	1	PF15749	343	direct
Q6NUQ1	Q6NUQ1	RINT1_HUMAN	1	PF04437	792	direct
Q6NVV7	Q6NVV7	CDPF1_HUMAN	1	PF10170	123	direct
Q6NW34	Q6NW34	RMP64_HUMAN	1	PF14780	567	direct
Q6NX49	Q6NX49	ZN544_HUMAN	3	PF01352;PF00096;PF23561	715	direct
Q6NXR2	Q6NXR2	STG31_HUMAN	0		0	direct
Q6NXT2	Q6NXT2	H3C_HUMAN	1	PF00125	135	direct
Q6NXT4	Q6NXT4	ZNT6_HUMAN	1	PF01545	461	direct
Q6NY19	Q6NY19	KANK3_HUMAN	2	PF12796;PF12075	821	direct
Q6NYC8	Q6NYC8	PPR18_HUMAN	2	PF13914;PF13916	613	direct
Q6NZ36	Q6NZ36	FAP20_HUMAN	2	PF15751;PF15750	180	direct
Q6P0P0	Q6P0P0	Q6P0P0_HUMAN	0		1003	direct
Q6P179	Q6P179	ERAP2_HUMAN	3	PF11838;PF01433;PF17900	960	direct
Q6P1J9	Q6P1J9	CDC73_HUMAN	2	PF05179;PF16050	531	direct
Q6P1R3	Q6P1R3	MSD2_HUMAN	1	PF13837	559	direct
Q6P2E9	Q6P2E9	EDC4_HUMAN	2	PF21289;PF16529	1401	direct
Q6P2H3	Q6P2H3	CEP85_HUMAN	1	PF24555	762	direct
Q6P2I0	Q6P2I0	Q6P2I0_HUMAN	1	PF00443	194	direct
Q6P2Q9	Q6P2Q9	PRP8_HUMAN	8	PF01398;PF08082;PF08083;PF08084;PF12134;PF10598;PF10597;PF10596	2335	direct
Q6P3W7	Q6P3W7	SCYL2_HUMAN	1	PF00069	929	direct
Q6P4A8	Q6P4A8	LYLAP_HUMAN	1	PF04916	553	direct
Q6P4H7	Q6P4H7	Q6P4H7_HUMAN	1	PF10187	81	direct
Q6P531	Q6P531	GGT6_HUMAN	1	PF01019	493	direct
Q6P5Q0	Q6P5Q0	Q6P5Q0_HUMAN	0		60	direct
Q6P996	Q6P996	PDXD1_HUMAN	3	PF22930;PF22937;PF00282	788	direct
Q6PCD5	Q6PCD5	RFWD3_HUMAN	2	PF23419;PF13639	774	direct
Q6PHZ7	Q6PHZ7	Q6PHZ7_HUMAN	2	PF00104;PF00105	530	direct
Q6PIY7	Q6PIY7	GLD2_HUMAN	2	PF22600;PF03828	484	direct
Q6PJ69	Q6PJ69	TRI65_HUMAN	4	PF00622;PF25600;PF00643;PF00097	517	direct
Q6PJI9	Q6PJI9	WDR59_HUMAN	2	PF00400;PF17120	974	direct
Q6PJT7	Q6PJT7	ZC3HE_HUMAN	1	PF14608	736	direct
Q6PJW8	Q6PJW8	CNST_HUMAN	2	PF15281;PF22883	725	direct
Q6PKC3	Q6PKC3	TXD11_HUMAN	2	PF00085;PF26234	985	direct
Q6PKG0	Q6PKG0	LARP1_HUMAN	2	PF05383;PF21071	1096	direct
Q6PML9	Q6PML9	ZNT9_HUMAN	1	PF01545	568	direct
Q6Q0C0	Q6Q0C0	TRAF7_HUMAN	2	PF00400;PF13445	670	direct
Q6QIN9	Q6QIN9	Q6QIN9_HUMAN	0		24	direct
Q6RI45	Q6RI45	BRWD3_HUMAN	4	PF00439;PF25437;PF25313;PF00400	1802	direct
Q6UB98	Q6UB98	ANR12_HUMAN	2	PF00023;PF12796	2062	direct
Q6UB99	Q6UB99	ANR11_HUMAN	1	PF12796	2663	direct
Q6ULP2	Q6ULP2	AFTIN_HUMAN	1	PF15045	936	direct
Q6UN15	Q6UN15	FIP1_HUMAN	1	PF05182	594	direct
Q6UW56	Q6UW56	ARAID_HUMAN	2	PF28451;PF27506	229	direct
Q6UWF3	Q6UWF3	SCIMP_HUMAN	1	PF15050	145	direct
Q6UWL2	Q6UWL2	SUSD1_HUMAN	3	PF07645;PF23144;PF00084	747	direct
Q6UWW8	Q6UWW8	EST3_HUMAN	1	PF00135	571	direct
Q6UX06	Q6UX06	OLFM4_HUMAN	1	PF02191	510	direct
Q6UX65	Q6UX65	DRAM2_HUMAN	1	PF10277	266	direct
Q6UXC1	Q6UXC1	AEGP_HUMAN	2	PF00057;PF00629	1216	direct
Q6UXT9	Q6UXT9	ABH15_HUMAN	0		468	direct
Q6VEQ5	Q6VEQ5	WASH2_HUMAN	1	PF11945	465	direct
Q6W2J9	Q6W2J9	BCOR_HUMAN	3	PF12796;PF15808;PF16553	1755	direct
Q6XXX2	Q6XXX2	CU024_HUMAN	0		140	direct
Q6Y2X3	Q6Y2X3	DJC14_HUMAN	2	PF00226;PF14901	702	direct
Q6Y7W6	Q6Y7W6	GGYF2_HUMAN	1	PF02213	1299	direct
Q6YHU6	Q6YHU6	THADA_HUMAN	3	PF10350;PF25150;PF25151	1953	direct
Q6ZMP0	Q6ZMP0	THSD4_HUMAN	5	PF19236;PF05986;PF08686;PF19030;PF00090	1018	direct
Q6ZMT4	Q6ZMT4	KDM7A_HUMAN	3	PF17811;PF02373;PF00628	941	direct
Q6ZMY6	Q6ZMY6	WDR88_HUMAN	1	PF00400	472	direct
Q6ZN01	Q6ZN01	MASTR_HUMAN	1	PF02037	415	direct
Q6ZN12	Q6ZN12	Q6ZN12_HUMAN	3	PF00642;PF22623;PF18345	892	direct
Q6ZN16	Q6ZN16	M3K15_HUMAN	5	PF19039;PF20309;PF20302;PF13281;PF00069	1313	direct
Q6ZN54	Q6ZN54	DEFI8_HUMAN	2	PF00130;PF13901	512	direct
Q6ZN55	Q6ZN55	ZN574_HUMAN	3	PF00096;PF13912;PF12874	896	direct
Q6ZNA4	Q6ZNA4	RN111_HUMAN	2	PF15303;PF13639	994	direct
Q6ZNE5	Q6ZNE5	BAKOR_HUMAN	1	PF10186	492	direct
Q6ZNJ1	Q6ZNJ1	NBEL2_HUMAN	6	PF02138;PF15787;PF16057;PF20426;PF20425;PF14844	2754	direct
Q6ZPD9	Q6ZPD9	D19L3_HUMAN	1	PF10034	716	direct
Q6ZQS4	Q6ZQS4	Q6ZQS4_HUMAN	0		259	direct
Q6ZRC0	Q6ZRC0	Q6ZRC0_HUMAN	0		176	direct
Q6ZRD0	Q6ZRD0	Q6ZRD0_HUMAN	0		421	direct
Q6ZRG2	Q6ZRG2	Q6ZRG2_HUMAN	0		182	direct
Q6ZRK6	Q6ZRK6	CCD73_HUMAN	1	PF15818	1079	direct
Q6ZRS2	Q6ZRS2	SRCAP_HUMAN	3	PF00271;PF07529;PF00176	3230	direct
Q6ZRX4	Q6ZRX4	Q6ZRX4_HUMAN	0		123	direct
Q6ZS17	Q6ZS17	RIPR1_HUMAN	1	PF15903	1223	direct
Q6ZS30	Q6ZS30	NBEL1_HUMAN	5	PF02138;PF15787;PF16057;PF20426;PF14844	2694	direct
Q6ZS81	Q6ZS81	WDFY4_HUMAN	2	PF02138;PF00400	3184	direct
Q6ZSB9	Q6ZSB9	ZBT49_HUMAN	3	PF00651;PF00096;PF13912	765	direct
Q6ZSC8	Q6ZSC8	Q6ZSC8_HUMAN	0		351	direct
Q6ZSS4	Q6ZSS4	Q6ZSS4_HUMAN	0		160	direct
Q6ZSS7	Q6ZSS7	MFSD6_HUMAN	1	PF12832	791	direct
Q6ZSZ5	Q6ZSZ5	ARHGI_HUMAN	2	PF17838;PF00621	1361	direct
Q6ZTN6	Q6ZTN6	AN13D_HUMAN	2	PF12796;PF11904	605	direct
Q6ZTQ9	Q6ZTQ9	Q6ZTQ9_HUMAN	0		122	direct
Q6ZU52	Q6ZU52	K0408_HUMAN	1	PF14818	694	direct
Q6ZU80	Q6ZU80	CE128_HUMAN	1	PF28367	1094	direct
Q6ZUJ4	Q6ZUJ4	CC062_HUMAN	1	PF15830	267	direct
Q6ZUJ8	Q6ZUJ8	BCAP_HUMAN	3	PF14545;PF28470;PF18567	805	direct
Q6ZUM4	Q6ZUM4	RHG27_HUMAN	3	PF00169;PF00620;PF00397	889	direct
Q6ZUS5	Q6ZUS5	CC121_HUMAN	1	PF14988	278	direct
Q6ZUT9	Q6ZUT9	DEN5B_HUMAN	5	PF03455;PF02141;PF01477;PF02759;PF03456	1274	direct
Q6ZV49	Q6ZV49	Q6ZV49_HUMAN	0		322	direct
Q6ZW49	Q6ZW49	PAXI1_HUMAN	4	PF00533;PF16589;PF12738;PF16770	1069	direct
Q6ZWJ1	Q6ZWJ1	STXB4_HUMAN	2	PF00595;PF00397	553	direct
Q709C8	Q709C8	VP13C_HUMAN	4	PF25037;PF25033;PF12624;PF25036	3753	direct
Q70EK8	Q70EK8	UBP53_HUMAN	1	PF00443	1073	direct
Q70EL1	Q70EL1	UBP54_HUMAN	1	PF00443	1684	direct
Q70J99	Q70J99	UN13D_HUMAN	2	PF00168;PF06292	1090	direct
Q70SY1	Q70SY1	CR3L2_HUMAN	1	PF00170	520	direct
Q71JB2	Q71JB2	Q71JB2_HUMAN	0		113	direct
Q71RG4	Q71RG4	TMUB2_HUMAN	1	PF00240	321	direct
Q71V99	Q71V99	Q71V99_HUMAN	1	PF00160	164	direct
Q75L30	Q75L30	YG027_HUMAN	0		0	direct
Q75MG2	Q75MG2	Q75MG2_HUMAN	0		0	direct
Q75MY8	Q75MY8	Q75MY8_HUMAN	0		0	direct
Q75N03	Q75N03	HAKAI_HUMAN	1	PF18408	491	direct
Q765P7	Q765P7	MTSS2_HUMAN	2	PF08397;PF02205	747	direct
Q76FK4	Q76FK4	NOL8_HUMAN	1	PF00076	1167	direct
Q76G19	Q76G19	PDZD4_HUMAN	1	PF00595	769	direct
Q76L83	Q76L83	ASXL2_HUMAN	3	PF13919;PF05066;PF13922	1435	direct
Q7KYR7	Q7KYR7	BT2A1_HUMAN	4	PF22705;PF13765;PF00622;PF07686	527	direct
Q7KZ85	Q7KZ85	SPT6H_HUMAN	8	PF14635;PF17674;PF14641;PF00575;PF14633;PF14632;PF22706;PF14639	1726	direct
Q7KZF4	Q7KZF4	SND1_HUMAN	2	PF00565;PF00567	910	direct
Q7KZI7	Q7KZI7	MARK2_HUMAN	3	PF02149;PF00069;PF00627	788	direct
Q7L014	Q7L014	DDX46_HUMAN	3	PF00270;PF00271;PF23469	1031	direct
Q7L099	Q7L099	RUFY3_HUMAN	1	PF02759	469	direct
Q7L0R7	Q7L0R7	RNF44_HUMAN	1	PF13639	432	direct
Q7L1Q6	Q7L1Q6	5MP2_HUMAN	2	PF25504;PF02020	419	direct
Q7L211	Q7L211	ABHDD_HUMAN	1	PF00561	337	direct
Q7L2H7	Q7L2H7	EIF3M_HUMAN	2	PF18005;PF01399	374	direct
Q7L3B6	Q7L3B6	CD37L_HUMAN	1	PF08565	337	direct
Q7L513	Q7L513	FCRLA_HUMAN	1	PF13895	359	direct
Q7L576	Q7L576	CYFP1_HUMAN	2	PF07159;PF05994	1253	direct
Q7L591	Q7L591	DOK3_HUMAN	1	PF02174	496	direct
Q7L592	Q7L592	NDUF7_HUMAN	1	PF02636	441	direct
Q7L5D6	Q7L5D6	GET4_HUMAN	1	PF04190	327	direct
Q7L5N1	Q7L5N1	CSN6_HUMAN	2	PF01398;PF13012	327	direct
Q7L5Y1	Q7L5Y1	ENOF1_HUMAN	2	PF13378;PF02746	443	direct
Q7L622	Q7L622	G2E3_HUMAN	3	PF00632;PF26054;PF13771	706	direct
Q7L7V1	Q7L7V1	DHX32_HUMAN	3	PF21010;PF07717;PF04408	743	direct
Q7L945	Q7L945	ZN627_HUMAN	2	PF01352;PF00096	461	direct
Q7L9L4	Q7L9L4	MOB1B_HUMAN	1	PF03637	216	direct
Q7LBR1	Q7LBR1	CHM1B_HUMAN	1	PF03357	199	direct
Q7LDG7	Q7LDG7	GRP2_HUMAN	4	PF00130;PF13499;PF00617;PF00618	609	direct
Q7RTS9	Q7RTS9	DYM_HUMAN	1	PF09742	669	direct
Q7Z2F6	Q7Z2F6	KRBD5_HUMAN	1	PF01352	126	direct
Q7Z2Z2	Q7Z2Z2	EFL1_HUMAN	4	PF00679;PF14492;PF25118;PF00009	1120	direct
Q7Z309	Q7Z309	PBIR2_HUMAN	1	PF27638	247	direct
Q7Z388	Q7Z388	D19L4_HUMAN	1	PF10034	723	direct
Q7Z3D6	Q7Z3D6	GLUCM_HUMAN	2	PF07286;PF14336	616	direct
Q7Z3E2	Q7Z3E2	CC186_HUMAN	1	PF27942	898	direct
Q7Z3E9	Q7Z3E9	Q7Z3E9_HUMAN	1	PF10506	829	direct
Q7Z3K3	Q7Z3K3	POGZ_HUMAN	4	PF03184;PF03221;PF25414;PF25429	1410	direct
Q7Z3S9	Q7Z3S9	NT2NA_HUMAN	2	PF00008;PF07645	236	direct
Q7Z3T8	Q7Z3T8	ZFY16_HUMAN	2	PF01363;PF11979	1539	direct
Q7Z3U7	Q7Z3U7	MON2_HUMAN	4	PF16213;PF16206;PF09324;PF12783	1717	direct
Q7Z401	Q7Z401	MYCPP_HUMAN	4	PF03455;PF02141;PF10240;PF03456	1863	direct
Q7Z406	Q7Z406	MYH14_HUMAN	3	PF00063;PF02736;PF01576	1995	direct
Q7Z412	Q7Z412	PEX26_HUMAN	1	PF07163	305	direct
Q7Z422	Q7Z422	SZRD1_HUMAN	2	PF12752;PF12901	152	direct
Q7Z429	Q7Z429	LFG1_HUMAN	1	PF01027	371	direct
Q7Z460	Q7Z460	CLAP1_HUMAN	3	PF12348;PF23271;PF21041	1538	direct
Q7Z494	Q7Z494	NPHP3_HUMAN	6	PF25022;PF24884;PF24883;PF13424;PF13176;PF24885	1330	direct
Q7Z4F1	Q7Z4F1	LRP10_HUMAN	2	PF00431;PF00057	713	direct
Q7Z4G1	Q7Z4G1	COMD6_HUMAN	1	PF07258	85	direct
Q7Z4H7	Q7Z4H7	HAUS6_HUMAN	1	PF14661	955	direct
Q7Z4H8	Q7Z4H8	PLGT3_HUMAN	2	PF00630;PF05686	507	direct
Q7Z4L5	Q7Z4L5	TT21B_HUMAN	7	PF25058;PF25060;PF25068;PF25064;PF25063;PF25062;PF13181	1316	direct
Q7Z570	Q7Z570	Z804A_HUMAN	1	PF27597	1209	direct
Q7Z586	Q7Z586	Q7Z586_HUMAN	2	PF00023;PF12796	968	direct
Q7Z591	Q7Z591	AKNA_HUMAN	1	PF12443	1439	direct
Q7Z5J4	Q7Z5J4	RAI1_HUMAN	1	PF13771	1906	direct
Q7Z5K2	Q7Z5K2	WAPL_HUMAN	1	PF07814	1190	direct
Q7Z5L9	Q7Z5L9	I2BP2_HUMAN	3	PF11261;PF25457;PF25454	587	direct
Q7Z5R6	Q7Z5R6	AB1IP_HUMAN	2	PF00169;PF21989	666	direct
Q7Z692	Q7Z692	CEA19_HUMAN	1	PF07686	300	direct
Q7Z6B0	Q7Z6B0	CCD91_HUMAN	0		441	direct
Q7Z6E9	Q7Z6E9	RBBP6_HUMAN	3	PF08783;PF04564;PF13696	1792	direct
Q7Z6I6	Q7Z6I6	RHG30_HUMAN	1	PF00620	1101	direct
Q7Z6J2	Q7Z6J2	GRASP_HUMAN	1	PF00595	395	direct
Q7Z6K1	Q7Z6K1	THAP5_HUMAN	1	PF05485	395	direct
Q7Z6K3	Q7Z6K3	PTAR1_HUMAN	1	PF01239	402	direct
Q7Z6V5	Q7Z6V5	ADAT2_HUMAN	1	PF00383	191	direct
Q7Z739	Q7Z739	YTHD3_HUMAN	1	PF04146	585	direct
Q7Z7A1	Q7Z7A1	CNTRL_HUMAN	1	PF14580	2325	direct
Q7Z7F0	Q7Z7F0	KHDC4_HUMAN	2	PF22675;PF23469	614	direct
Q7Z7G0	Q7Z7G0	TARSH_HUMAN	2	PF00041;PF21731	1068	direct
Q7Z7M0	Q7Z7M0	MEGF8_HUMAN	7	PF24981;PF00431;PF12947;PF07645;PF00053;PF24973;PF01437	2845	direct
Q86SE9	Q86SE9	PCGF5_HUMAN	2	PF16207;PF13923	256	direct
Q86SG4	Q86SG4	DPCA2_HUMAN	0		172	direct
Q86SQ0	Q86SQ0	PHLB2_HUMAN	1	PF00169	1253	direct
Q86SQ7	Q86SQ7	SDCG8_HUMAN	1	PF15964	713	direct
Q86SX1	Q86SX1	Q86SX1_HUMAN	1	PF13589	262	direct
Q86SZ7	Q86SZ7	Q86SZ7_HUMAN	2	PF02252;PF02251	239	direct
Q86T23	Q86T23	CROL1_HUMAN	0		111	direct
Q86T24	Q86T24	KAISO_HUMAN	1	PF00651	672	direct
Q86TA4	Q86TA4	YB049_HUMAN	0		180	direct
Q86TA5	Q86TA5	Q86TA5_HUMAN	1	PF13414	462	direct
Q86TB9	Q86TB9	PATL1_HUMAN	1	PF09770	770	direct
Q86TG1	Q86TG1	T150A_HUMAN	1	PF10277	271	direct
Q86TG7	Q86TG7	PEG10_HUMAN	1	PF16297	708	direct
Q86TM6	Q86TM6	SYVN1_HUMAN	2	PF25563;PF13639	617	direct
Q86U42	Q86U42	PABP2_HUMAN	1	PF00076	306	direct
Q86U70	Q86U70	LDB1_HUMAN	2	PF17916;PF01803	411	direct
Q86U86	Q86U86	PB1_HUMAN	3	PF01426;PF00439;PF00505	1689	direct
Q86UA1	Q86UA1	PRP39_HUMAN	2	PF23241;PF23240	669	direct
Q86UL8	Q86UL8	MAGI2_HUMAN	4	PF00625;PF16663;PF00595;PF00397	1455	direct
Q86UR1	Q86UR1	NOXA1_HUMAN	2	PF00564;PF00018	476	direct
Q86UW4	Q86UW4	Q86UW4_HUMAN	0		76	direct
Q86UW6	Q86UW6	N4BP2_HUMAN	7	PF13671;PF08590;PF25124;PF25125;PF25126;PF01713;PF28512	1770	direct
Q86UW7	Q86UW7	CAPS2_HUMAN	3	PF25341;PF06292;PF00169	1296	direct
Q86UX7	Q86UX7	URP2_HUMAN	3	PF00373;PF18124;PF00169	667	direct
Q86UY0	Q86UY0	Q86UY0_HUMAN	1	PF00085	360	direct
Q86V20	Q86V20	SHLD2_HUMAN	3	PF22779;PF15793;PF21669	835	direct
Q86V48	Q86V48	LUZP1_HUMAN	0		1076	direct
Q86V81	Q86V81	THOC4_HUMAN	2	PF13865;PF00076	257	direct
Q86V87	Q86V87	FHI2B_HUMAN	3	PF19314;PF19311;PF10257	743	direct
Q86VB7	Q86VB7	C163A_HUMAN	1	PF00530	1156	direct
Q86VE0	Q86VE0	MYPOP_HUMAN	1	PF13873	399	direct
Q86VI1	Q86VI1	EX3L1_HUMAN	1	PF06046	746	direct
Q86VP1	Q86VP1	TAXB1_HUMAN	3	PF07888;PF17751;PF18112	789	direct
Q86VU5	Q86VU5	CMTD1_HUMAN	1	PF01596	262	direct
Q86VV8	Q86VV8	RTTN_HUMAN	1	PF14726	2226	direct
Q86VX2	Q86VX2	COMD7_HUMAN	2	PF07258;PF21672	200	direct
Q86WH2	Q86WH2	RASF3_HUMAN	2	PF16517;PF00788	238	direct
Q86WJ1	Q86WJ1	CHD1L_HUMAN	2	PF00271;PF00176	897	direct
Q86WN1	Q86WN1	FCSD1_HUMAN	2	PF00611;PF14604	690	direct
Q86WV6	Q86WV6	STING_HUMAN	2	PF15009;PF23417	379	direct
Q86WZ6	Q86WZ6	ZN227_HUMAN	2	PF01352;PF00096	799	direct
Q86X52	Q86X52	CHSS1_HUMAN	1	PF05679	802	direct
Q86X95	Q86X95	CIR1_HUMAN	1	PF10197	450	direct
Q86XF0	Q86XF0	DYR2_HUMAN	1	PF00186	187	direct
Q86XI8	Q86XI8	ZSWM9_HUMAN	3	PF17738;PF20784;PF20783	627	direct
Q86XK2	Q86XK2	FBX11_HUMAN	3	PF13229;PF12937;PF02207	927	direct
Q86XP3	Q86XP3	DDX42_HUMAN	2	PF00270;PF00271	938	direct
Q86XR2	Q86XR2	NIBA3_HUMAN	2	PF26086;PF26089	697	direct
Q86XR8	Q86XR8	CEP57_HUMAN	2	PF14073;PF06657	500	direct
Q86XS8	Q86XS8	GOLI_HUMAN	2	PF02225;PF13639	419	direct
Q86Y46	Q86Y46	K2C73_HUMAN	2	PF00038;PF16208	540	direct
Q86Y74	Q86Y74	Q86Y74_HUMAN	1	PF03194	251	direct
Q86YB8	Q86YB8	ERO1B_HUMAN	1	PF04137	467	direct
Q86YH6	Q86YH6	DLP1_HUMAN	1	PF00348	399	direct
Q86YQ8	Q86YQ8	CPNE8_HUMAN	2	PF00168;PF07002	564	direct
Q86YT9	Q86YT9	JAML_HUMAN	1	PF07686	394	direct
Q86YW7	Q86YW7	GPHB5_HUMAN	1	PF00007	130	direct
Q8IUH3	Q8IUH3	RBM45_HUMAN	1	PF00076	476	direct
Q8IUH5	Q8IUH5	ZDH17_HUMAN	2	PF12796;PF01529	632	direct
Q8IUI8	Q8IUI8	CRLF3_HUMAN	2	PF27985;PF27984	442	direct
Q8IUN7	Q8IUN7	Q8IUN7_HUMAN	2	PF08240;PF00107	295	direct
Q8IUN9	Q8IUN9	CLC10_HUMAN	2	PF00059;PF03954	316	direct
Q8IUP8	Q8IUP8	Q8IUP8_HUMAN	2	PF00028;PF08266	1187	direct
Q8IUX1	Q8IUX1	T126B_HUMAN	1	PF07114	230	direct
Q8IUX7	Q8IUX7	AEBP1_HUMAN	3	PF13620;PF00754;PF00246	1158	direct
Q8IUZ5	Q8IUZ5	AT2L2_HUMAN	1	PF00202	450	direct
Q8IV08	Q8IV08	PLD3_HUMAN	1	PF13918	490	direct
Q8IV36	Q8IV36	HID1_HUMAN	1	PF12722	788	direct
Q8IV53	Q8IV53	DEN1C_HUMAN	3	PF03455;PF02141;PF03456	801	direct
Q8IV61	Q8IV61	GRP3_HUMAN	3	PF00130;PF13499;PF00617	690	direct
Q8IVB5	Q8IVB5	LIX1L_HUMAN	1	PF14954	337	direct
Q8IVE3	Q8IVE3	PKHH2_HUMAN	4	PF00373;PF00784;PF00169;PF21989	1493	direct
Q8IVF1	Q8IVF1	NTM2A_HUMAN	1	PF12881	878	direct
Q8IVG5	Q8IVG5	SAM9L_HUMAN	0		1584	direct
Q8IVH2	Q8IVH2	FOXP4_HUMAN	2	PF00250;PF16159	680	direct
Q8IVI9	Q8IVI9	NOSTN_HUMAN	3	PF00611;PF25610;PF14604	506	direct
Q8IVL5	Q8IVL5	P3H2_HUMAN	2	PF13640;PF23557	708	direct
Q8IVM0	Q8IVM0	CCD50_HUMAN	1	PF15295	306	direct
Q8IVQ6	Q8IVQ6	ZDH21_HUMAN	1	PF01529	265	direct
Q8IVT5	Q8IVT5	KSR1_HUMAN	2	PF07714;PF20406	923	direct
Q8IWA4	Q8IWA4	MFN1_HUMAN	2	PF00350;PF04799	741	direct
Q8IWB9	Q8IWB9	TEX2_HUMAN	0		1127	direct
Q8IWE5	Q8IWE5	PKHM2_HUMAN	3	PF00169;PF23142;PF02759	1019	direct
Q8IWF6	Q8IWF6	DEN6A_HUMAN	1	PF09794	608	direct
Q8IWI9	Q8IWI9	MGAP_HUMAN	3	PF00010;PF16059;PF00907	3065	direct
Q8IWJ2	Q8IWJ2	GCC2_HUMAN	2	PF01465;PF16704	1684	direct
Q8IWJ6	Q8IWJ6	Q8IWJ6_HUMAN	0		398	direct
Q8IWT0	Q8IWT0	ARCH_HUMAN	1	PF01951	167	direct
Q8IWT3	Q8IWT3	CUL9_HUMAN	10	PF03256;PF24742;PF11515;PF23168;PF00888;PF26557;PF01485;PF22191;PF26718;PF26000	2517	direct
Q8IWU5	Q8IWU5	SULF2_HUMAN	2	PF12548;PF00884	870	direct
Q8IX01	Q8IX01	SUGP2_HUMAN	3	PF27652;PF01585;PF01805	1082	direct
Q8IX12	Q8IX12	CCAR1_HUMAN	4	PF14443;PF19256;PF14444;PF02037	1150	direct
Q8IX19	Q8IX19	MCEM1_HUMAN	0		187	direct
Q8IX21	Q8IX21	SLF2_HUMAN	1	PF14816	1173	direct
Q8IX62	Q8IX62	Q8IX62_HUMAN	1	PF06758	932	direct
Q8IXI1	Q8IXI1	MIRO2_HUMAN	3	PF08355;PF08356;PF00071	618	direct
Q8IXJ9	Q8IXJ9	ASXL1_HUMAN	3	PF13919;PF05066;PF13922	1541	direct
Q8IXX5	Q8IXX5	T183A_HUMAN	1	PF27923	376	direct
Q8IXZ2	Q8IXZ2	ZC3H3_HUMAN	1	PF00642	948	direct
Q8IY21	Q8IY21	DDX60_HUMAN	5	PF00270;PF00271;PF23002;PF26167;PF26076	1712	direct
Q8IY31	Q8IY31	IFT20_HUMAN	1	PF14931	132	direct
Q8IY57	Q8IY57	YAF2_HUMAN	2	PF17219;PF00641	180	direct
Q8IYB8	Q8IYB8	SUV3_HUMAN	5	PF22527;PF00271;PF12513;PF18147;PF18114	786	direct
Q8IYH5	Q8IYH5	ZZZ3_HUMAN	2	PF00249;PF00569	903	direct
Q8IYJ2	Q8IYJ2	CJ067_HUMAN	2	PF15821;PF15852	551	direct
Q8IYJ3	Q8IYJ3	SYTL1_HUMAN	1	PF00168	562	direct
Q8IYL3	Q8IYL3	CA174_HUMAN	1	PF15772	243	direct
Q8IYL9	Q8IYL9	GPR65_HUMAN	1	PF00001	337	direct
Q8IYM2	Q8IYM2	SLN12_HUMAN	3	PF17057;PF04326;PF21026	578	direct
Q8IYM9	Q8IYM9	TRI22_HUMAN	3	PF00622;PF00643;PF13445	498	direct
Q8IYN0	Q8IYN0	ZN100_HUMAN	2	PF01352;PF00096	542	direct
Q8IYS2	Q8IYS2	K2013_HUMAN	1	PF10222	634	direct
Q8IYS5	Q8IYS5	OSCAR_HUMAN	1	PF13895	282	direct
Q8IYT3	Q8IYT3	CC170_HUMAN	0		715	direct
Q8IYZ2	Q8IYZ2	Q8IYZ2_HUMAN	2	PF00096;PF13912	1346	direct
Q8IZ03	Q8IZ03	Q8IZ03_HUMAN	1	PF13181	484	direct
Q8IZ07	Q8IZ07	AN13A_HUMAN	2	PF12796;PF11904	590	direct
Q8IZ63	Q8IZ63	PRR22_HUMAN	1	PF15776	422	direct
Q8IZ81	Q8IZ81	ELMD2_HUMAN	1	PF04727	293	direct
Q8IZ83	Q8IZ83	A16A1_HUMAN	1	PF00171	802	direct
Q8IZD2	Q8IZD2	KMT2E_HUMAN	2	PF20826;PF00856	1858	direct
Q8IZH2	Q8IZH2	XRN1_HUMAN	5	PF18129;PF18332;PF18334;PF17846;PF03159	1706	direct
Q8IZL2	Q8IZL2	MAML2_HUMAN	2	PF09596;PF20804	1156	direct
Q8IZM6	Q8IZM6	Q8IZM6_HUMAN	2	PF13716;PF00620	433	direct
Q8IZP0	Q8IZP0	ABI1_HUMAN	3	PF27594;PF07815;PF00018	508	direct
Q8IZP1	Q8IZP1	TBC3A_HUMAN	1	PF00566	549	direct
Q8IZQ5	Q8IZQ5	SELH_HUMAN	1	PF10262	122	direct
Q8IZT9	Q8IZT9	FAM9C_HUMAN	1	PF04803	166	direct
Q8IZY2	Q8IZY2	ABCA7_HUMAN	3	PF12698;PF00005;PF23321	2146	direct
Q8N0W4	Q8N0W4	NLGNX_HUMAN	1	PF00135	816	direct
Q8N0X2	Q8N0X2	SPG16_HUMAN	1	PF00400	631	direct
Q8N0X7	Q8N0X7	SPART_HUMAN	1	PF06911	666	direct
Q8N0Z3	Q8N0Z3	SPICE_HUMAN	1	PF15678	855	direct
Q8N131	Q8N131	PORIM_HUMAN	1	PF05283	208	direct
Q8N137	Q8N137	CNTRB_HUMAN	0		903	direct
Q8N163	Q8N163	CCAR2_HUMAN	3	PF14443;PF19256;PF14444	923	direct
Q8N187	Q8N187	CARTF_HUMAN	1	PF15299	725	direct
Q8N196	Q8N196	SIX5_HUMAN	2	PF00046;PF16878	739	direct
Q8N1B4	Q8N1B4	VPS52_HUMAN	2	PF20655;PF04129	723	direct
Q8N1F1	Q8N1F1	C1AS1_HUMAN	0		0	direct
Q8N1F8	Q8N1F8	S11IP_HUMAN	4	PF15904;PF23142;PF25357;PF25624	1088	direct
Q8N1G0	Q8N1G0	ZN687_HUMAN	3	PF00096;PF16622;PF25412	1237	direct
Q8N1K5	Q8N1K5	THMS1_HUMAN	1	PF12736	641	direct
Q8N1N0	Q8N1N0	CLC4F_HUMAN	1	PF00059	589	direct
Q8N1N5	Q8N1N5	CRPAK_HUMAN	0		0	direct
Q8N283	Q8N283	ANR35_HUMAN	1	PF12796	1001	direct
Q8N287	Q8N287	Q8N287_HUMAN	0		151	direct
Q8N2J9	Q8N2J9	Q8N2J9_HUMAN	1	PF00147	236	direct
Q8N2N9	Q8N2N9	AN36B_HUMAN	2	PF12796;PF14915	1353	direct
Q8N2Q6	Q8N2Q6	Q8N2Q6_HUMAN	0		174	direct
Q8N2S1	Q8N2S1	LTBP4_HUMAN	3	PF07645;PF12661;PF00683	1624	direct
Q8N394	Q8N394	TMTC2_HUMAN	5	PF08409;PF00515;PF13424;PF13432;PF13181	836	direct
Q8N3C0	Q8N3C0	ASCC3_HUMAN	5	PF26582;PF00270;PF00271;PF02889;PF23445	2202	direct
Q8N3D4	Q8N3D4	EH1L1_HUMAN	3	PF12130;PF00307;PF10358	1523	direct
Q8N3F8	Q8N3F8	MILK1_HUMAN	3	PF12130;PF00307;PF00412	863	direct
Q8N3J9	Q8N3J9	ZN664_HUMAN	1	PF00096	261	direct
Q8N3R3	Q8N3R3	TCAIM_HUMAN	2	PF14687;PF14688	496	direct
Q8N3S3	Q8N3S3	PHTF2_HUMAN	1	PF12129	785	direct
Q8N3U4	Q8N3U4	STAG2_HUMAN	3	PF24571;PF21581;PF08514	1231	direct
Q8N3V7	Q8N3V7	SYNPO_HUMAN	0		929	direct
Q8N3Y3	Q8N3Y3	LARG2_HUMAN	2	PF13896;PF01501	721	direct
Q8N423	Q8N423	LIRB2_HUMAN	2	PF00047;PF13895	597	direct
Q8N456	Q8N456	LRC18_HUMAN	1	PF23598	261	direct
Q8N4L2	Q8N4L2	PP4P2_HUMAN	1	PF09788	257	direct
Q8N512	Q8N512	Q8N512_HUMAN	0		100	direct
Q8N5C8	Q8N5C8	TAB3_HUMAN	1	PF02845	712	direct
Q8N5D6	Q8N5D6	GBGT1_HUMAN	1	PF03414	347	direct
Q8N5G2	Q8N5G2	MACOI_HUMAN	1	PF09726	664	direct
Q8N5H5	Q8N5H5	Q8N5H5_HUMAN	1	PF02233	236	direct
Q8N5I3	Q8N5I3	KCNRG_HUMAN	1	PF02214	272	direct
Q8N5J2	Q8N5J2	MINY1_HUMAN	1	PF04424	469	direct
Q8N5M4	Q8N5M4	TTC9C_HUMAN	1	PF14559	171	direct
Q8N5X7	Q8N5X7	IF4E3_HUMAN	1	PF01652	224	direct
Q8N5Y2	Q8N5Y2	MS3L1_HUMAN	2	PF05712;PF22732	521	direct
Q8N660	Q8N660	NBPFF_HUMAN	1	PF06758	670	direct
Q8N699	Q8N699	MYCT1_HUMAN	1	PF15179	235	direct
Q8N6B3	Q8N6B3	Q8N6B3_HUMAN	0		0	direct
Q8N6L0	Q8N6L0	KASH5_HUMAN	2	PF14658;PF14662	562	direct
Q8N6S5	Q8N6S5	AR6P6_HUMAN	1	PF15062	226	direct
Q8N6Y0	Q8N6Y0	USBP1_HUMAN	1	PF10506	703	direct
Q8N712	Q8N712	Q8N712_HUMAN	1	PF10294	270	direct
Q8N720	Q8N720	ZN655_HUMAN	1	PF00096	491	direct
Q8N726	Q8N726	ARF_HUMAN	1	PF07392	132	direct
Q8N7H5	Q8N7H5	PAF1_HUMAN	1	PF03985	531	direct
Q8N836	Q8N836	Q8N836_HUMAN	1	PF15788	416	direct
Q8N895	Q8N895	ZN366_HUMAN	2	PF00096;PF13912	744	direct
Q8N8C0	Q8N8C0	ZN781_HUMAN	1	PF00096	355	direct
Q8N8E3	Q8N8E3	CE112_HUMAN	1	PF14846	955	direct
Q8N8R7	Q8N8R7	AL14E_HUMAN	1	PF14949	260	direct
Q8N8S7	Q8N8S7	ENAH_HUMAN	2	PF08776;PF00568	591	direct
Q8N954	Q8N954	GPT11_HUMAN	2	PF13821;PF01585	285	direct
Q8N9I0	Q8N9I0	SYT2_HUMAN	1	PF00168	419	direct
Q8N9M1	Q8N9M1	CS047_HUMAN	2	PF17740;PF18017	422	direct
Q8N9T8	Q8N9T8	KRI1_HUMAN	2	PF05178;PF12936	703	direct
Q8NA59	Q8NA59	Q8NA59_HUMAN	0		138	direct
Q8NA92	Q8NA92	THAP8_HUMAN	1	PF05485	274	direct
Q8NAU3	Q8NAU3	Q8NAU3_HUMAN	0		130	direct
Q8NAV2	Q8NAV2	CH058_HUMAN	1	PF15552	365	direct
Q8NBI5	Q8NBI5	S43A3_HUMAN	0		491	direct
Q8NBJ4	Q8NBJ4	GOLM1_HUMAN	0		401	direct
Q8NBK3	Q8NBK3	SUMF1_HUMAN	1	PF03781	374	direct
Q8NBM8	Q8NBM8	PCYXL_HUMAN	2	PF13450;PF07156	494	direct
Q8NBZ7	Q8NBZ7	UXS1_HUMAN	2	PF16363;PF11803	420	direct
Q8NC42	Q8NC42	RN149_HUMAN	2	PF02225;PF13639	400	direct
Q8NC51	Q8NC51	SERB1_HUMAN	2	PF04774;PF16174	408	direct
Q8NC60	Q8NC60	NOA1_HUMAN	2	PF01926;PF21516	698	direct
Q8NC67	Q8NC67	NETO2_HUMAN	2	PF00431;PF00057	525	direct
Q8NCM8	Q8NCM8	DYHC2_HUMAN	12	PF12774;PF12775;PF12780;PF12781;PF18198;PF08385;PF08393;PF22597;PF21264;PF18199;PF03028;PF12777	4307	direct
Q8ND24	Q8ND24	RN214_HUMAN	2	PF24525;PF24905	703	direct
Q8ND30	Q8ND30	LIPB2_HUMAN	3	PF26022;PF00536;PF07647	876	direct
Q8ND56	Q8ND56	LS14A_HUMAN	2	PF09532;PF12701	463	direct
Q8ND71	Q8ND71	GIMA8_HUMAN	1	PF04548	665	direct
Q8ND90	Q8ND90	PNMA1_HUMAN	2	PF14893;PF20846	353	direct
Q8NDB2	Q8NDB2	BANK1_HUMAN	2	PF14545;PF18567	785	direct
Q8NDC0	Q8NDC0	MISSL_HUMAN	1	PF15822	245	direct
Q8NDD1	Q8NDD1	FSAF1_HUMAN	1	PF15375	293	direct
Q8NDF8	Q8NDF8	PAPD5_HUMAN	2	PF22600;PF03828	572	direct
Q8NDI1	Q8NDI1	EHBP1_HUMAN	3	PF12130;PF00307;PF10358	1231	direct
Q8NDN9	Q8NDN9	RCBT1_HUMAN	2	PF00651;PF25390	531	direct
Q8NDV7	Q8NDV7	TNR6A_HUMAN	2	PF10427;PF16608	1962	direct
Q8NDX5	Q8NDX5	PHC3_HUMAN	2	PF00536;PF21319	983	direct
Q8NEB5	Q8NEB5	PLPP5_HUMAN	1	PF01569	264	direct
Q8NEF9	Q8NEF9	SRFB1_HUMAN	1	PF09073	429	direct
Q8NEM1	Q8NEM1	ZN680_HUMAN	4	PF01352;PF00096;PF13912;PF13465	530	direct
Q8NEM7	Q8NEM7	SP20H_HUMAN	1	PF12090	779	direct
Q8NEU8	Q8NEU8	DP13B_HUMAN	3	PF16746;PF00169;PF00640	664	direct
Q8NEY4	Q8NEY4	VATC2_HUMAN	1	PF03223	427	direct
Q8NEY8	Q8NEY8	PPHLN_HUMAN	1	PF25234	458	direct
Q8NEZ2	Q8NEZ2	VP37A_HUMAN	1	PF07200	397	direct
Q8NEZ4	Q8NEZ4	KMT2C_HUMAN	6	PF05965;PF05964;PF00628;PF00856;PF13771;PF13832	4911	direct
Q8NF50	Q8NF50	DOCK8_HUMAN	6	PF06920;PF20422;PF20421;PF14429;PF11878;PF28208	2099	direct
Q8NF67	Q8NF67	A2012_HUMAN	1	PF14915	263	direct
Q8NF91	Q8NF91	SYNE1_HUMAN	6	PF00307;PF10541;PF00435;PF25034;PF25803;PF25035	8797	direct
Q8NFI3	Q8NFI3	ENASE_HUMAN	2	PF03644;PF25529	743	direct
Q8NFM4	Q8NFM4	ADCY4_HUMAN	3	PF16214;PF06327;PF00211	1077	direct
Q8NFP7	Q8NFP7	NUD10_HUMAN	1	PF00293	164	direct
Q8NFP9	Q8NFP9	NBEA_HUMAN	7	PF02138;PF06469;PF15787;PF13385;PF20426;PF20425;PF14844	2946	direct
Q8NFW8	Q8NFW8	NEUA_HUMAN	1	PF02348	434	direct
Q8NG08	Q8NG08	HELB_HUMAN	2	PF13604;PF25894	1087	direct
Q8NHG8	Q8NHG8	ZNRF2_HUMAN	1	PF13639	242	direct
Q8NHJ6	Q8NHJ6	LIRB4_HUMAN	2	PF00047;PF13895	448	direct
Q8NHL6	Q8NHL6	LIRB1_HUMAN	2	PF00047;PF13895	650	direct
Q8NHP6	Q8NHP6	MSPD2_HUMAN	2	PF00650;PF00635	518	direct
Q8NHY2	Q8NHY2	COP1_HUMAN	2	PF23098;PF13923	731	direct
Q8NI08	Q8NI08	NCOA7_HUMAN	2	PF01476;PF07534	942	direct
Q8NI22	Q8NI22	MCFD2_HUMAN	1	PF13499	146	direct
Q8NI27	Q8NI27	THOC2_HUMAN	3	PF11262;PF11732;PF16134	1593	direct
Q8NI35	Q8NI35	INADL_HUMAN	2	PF09045;PF00595	1801	direct
Q8NI60	Q8NI60	COQ8A_HUMAN	1	PF03109	647	direct
Q8TAB5	Q8TAB5	CA216_HUMAN	1	PF15546	229	direct
Q8TAD8	Q8TAD8	SNIP1_HUMAN	1	PF00498	396	direct
Q8TAF8	Q8TAF8	LHPL5_HUMAN	1	PF10242	219	direct
Q8TAQ2	Q8TAQ2	SMRC2_HUMAN	5	PF00249;PF04433;PF16495;PF16496;PF16498	1214	direct
Q8TB24	Q8TB24	RIN3_HUMAN	2	PF23268;PF02204	985	direct
Q8TB72	Q8TB72	PUM2_HUMAN	1	PF00806	1066	direct
Q8TBE9	Q8TBE9	NANP_HUMAN	1	PF00702	248	direct
Q8TBV9	Q8TBV9	Q8TBV9_HUMAN	0		46	direct
Q8TBY8	Q8TBY8	PMFBP_HUMAN	0		1007	direct
Q8TBZ0	Q8TBZ0	CC110_HUMAN	0		833	direct
Q8TC12	Q8TC12	RDH11_HUMAN	1	PF00106	318	direct
Q8TC76	Q8TC76	F110B_HUMAN	2	PF14160;PF14161	370	direct
Q8TCB0	Q8TCB0	IFI44_HUMAN	1	PF07534	444	direct
Q8TCC7	Q8TCC7	S22A8_HUMAN	1	PF00083	542	direct
Q8TCD6	Q8TCD6	PHOP2_HUMAN	1	PF06888	241	direct
Q8TCF1	Q8TCF1	ZFAN1_HUMAN	2	PF25327;PF01428	268	direct
Q8TCJ2	Q8TCJ2	STT3B_HUMAN	2	PF02516;PF21436	826	direct
Q8TCP9	Q8TCP9	F200A_HUMAN	2	PF27046;PF27073	573	direct
Q8TCT7	Q8TCT7	SPP2B_HUMAN	2	PF02225;PF04258	592	direct
Q8TCU6	Q8TCU6	PREX1_HUMAN	3	PF00610;PF00621;PF22697	1659	direct
Q8TCX5	Q8TCX5	RHPN1_HUMAN	3	PF03097;PF02185;PF00595	670	direct
Q8TCZ2	Q8TCZ2	C99L2_HUMAN	1	PF12301	262	direct
Q8TD16	Q8TD16	BICD2_HUMAN	1	PF09730	824	direct
Q8TD26	Q8TD26	CHD6_HUMAN	4	PF00385;PF00271;PF23078;PF00176	2715	direct
Q8TDG4	Q8TDG4	HELQ_HUMAN	4	PF00270;PF00271;PF20470;PF21099	1101	direct
Q8TDM2	Q8TDM2	Q8TDM2_HUMAN	1	PF24827	280	direct
Q8TDM6	Q8TDM6	DLG5_HUMAN	4	PF16610;PF00625;PF00595;PF04822	1919	direct
Q8TDR0	Q8TDR0	MIPT3_HUMAN	2	PF10243;PF17749	691	direct
Q8TDU6	Q8TDU6	GPBAR_HUMAN	1	PF00001	330	direct
Q8TDX7	Q8TDX7	NEK7_HUMAN	1	PF00069	302	direct
Q8TDY2	Q8TDY2	RBCC1_HUMAN	1	PF10377	1594	direct
Q8TE29	Q8TE29	Q8TE29_HUMAN	3	PF17490;PF17489;PF02994	338	direct
Q8TEB1	Q8TEB1	DCA11_HUMAN	1	PF00400	546	direct
Q8TED9	Q8TED9	AF1L1_HUMAN	1	PF00169	768	direct
Q8TEE7	Q8TEE7	Q8TEE7_HUMAN	0		332	direct
Q8TEG0	Q8TEG0	Q8TEG0_HUMAN	1	PF02191	351	direct
Q8TEL6	Q8TEL6	TP4AP_HUMAN	1	PF12463	797	direct
Q8TEM1	Q8TEM1	PO210_HUMAN	15	PF02368;PF26181;PF26183;PF22959;PF25354;PF22967;PF22969;PF22963;PF24991;PF26182;PF24935;PF22962;PF26184;PF24902;PF22957	1887	direct
Q8TEQ0	Q8TEQ0	SNX29_HUMAN	2	PF00787;PF02759	813	direct
Q8TEQ6	Q8TEQ6	GEMI5_HUMAN	5	PF23770;PF23775;PF23777;PF23774;PF00400	1508	direct
Q8TEU7	Q8TEU7	RPGF6_HUMAN	5	PF00027;PF00595;PF00788;PF00617;PF00618	1601	direct
Q8TEW8	Q8TEW8	PAR3L_HUMAN	2	PF12053;PF00595	1205	direct
Q8TEX9	Q8TEX9	IPO4_HUMAN	4	PF13513;PF03810;PF25574;PF25780	1081	direct
Q8TF05	Q8TF05	PP4R1_HUMAN	2	PF02985;PF15017	950	direct
Q8TF32	Q8TF32	ZN431_HUMAN	3	PF01352;PF00096;PF13465	576	direct
Q8TF39	Q8TF39	ZN483_HUMAN	3	PF01352;PF02023;PF00096	744	direct
Q8TF65	Q8TF65	GIPC2_HUMAN	3	PF25083;PF25082;PF00595	315	direct
Q8TF74	Q8TF74	WIPF2_HUMAN	1	PF02205	440	direct
Q8WLQ7	Q8WLQ7	Q8WLQ7_HUMAN	0		0	direct
Q8WTR4	Q8WTR4	GDE2_HUMAN	2	PF03009;PF13653	605	direct
Q8WTS1	Q8WTS1	ABHD5_HUMAN	1	PF00561	349	direct
Q8WTX9	Q8WTX9	ZDHC1_HUMAN	1	PF01529	485	direct
Q8WU58	Q8WU58	F222B_HUMAN	1	PF15258	562	direct
Q8WU67	Q8WU67	ABHD3_HUMAN	1	PF00561	409	direct
Q8WU79	Q8WU79	SMAP2_HUMAN	1	PF01412	429	direct
Q8WUA4	Q8WUA4	TF3C2_HUMAN	1	PF00400	911	direct
Q8WUA7	Q8WUA7	TB22A_HUMAN	1	PF00566	517	direct
Q8WUM4	Q8WUM4	PDC6I_HUMAN	2	PF13949;PF03097	868	direct
Q8WUQ7	Q8WUQ7	CATIN_HUMAN	2	PF10312;PF09732	758	direct
Q8WUW1	Q8WUW1	BRK1_HUMAN	0		75	direct
Q8WUX1	Q8WUX1	S38A5_HUMAN	1	PF01490	472	direct
Q8WV15	Q8WV15	T255B_HUMAN	1	PF14967	326	direct
Q8WV19	Q8WV19	SFT2A_HUMAN	1	PF04178	159	direct
Q8WV24	Q8WV24	PHLA1_HUMAN	0		401	direct
Q8WV41	Q8WV41	SNX33_HUMAN	3	PF10456;PF00787;PF14604	574	direct
Q8WV44	Q8WV44	TRI41_HUMAN	4	PF13765;PF00622;PF00643;PF15227	630	direct
Q8WV93	Q8WV93	AFG1L_HUMAN	1	PF03969	481	direct
Q8WVM7	Q8WVM7	STAG1_HUMAN	3	PF24571;PF21581;PF08514	1258	direct
Q8WVN6	Q8WVN6	SCTM1_HUMAN	0		248	direct
Q8WVT3	Q8WVT3	TPC12_HUMAN	2	PF14559;PF13174	735	direct
Q8WVX3	Q8WVX3	SRALN_HUMAN	1	PF17696	66	direct
Q8WW39	Q8WW39	Q8WW39_HUMAN	0		112	direct
Q8WWB7	Q8WWB7	GLMP_HUMAN	1	PF15065	406	direct
Q8WWM7	Q8WWM7	ATX2L_HUMAN	3	PF06741;PF07145;PF14438	1075	direct
Q8WWQ0	Q8WWQ0	PHIP_HUMAN	4	PF00439;PF25437;PF25313;PF00400	1821	direct
Q8WWW0	Q8WWW0	RASF5_HUMAN	3	PF00130;PF16517;PF00788	418	direct
Q8WX93	Q8WX93	PALLD_HUMAN	1	PF07679	1383	direct
Q8WXA3	Q8WXA3	RUFY2_HUMAN	2	PF01363;PF02759	606	direct
Q8WXA9	Q8WXA9	SREK1_HUMAN	1	PF00076	508	direct
Q8WXG6	Q8WXG6	MADD_HUMAN	5	PF23629;PF02141;PF25328;PF26658;PF03456	1647	direct
Q8WXI9	Q8WXI9	P66B_HUMAN	2	PF00320;PF16563	593	direct
Q8WXW3	Q8WXW3	PIBF1_HUMAN	0		757	direct
Q8WXX7	Q8WXX7	AUTS2_HUMAN	1	PF15336	1259	direct
Q8WY97	Q8WY97	Q8WY97_HUMAN	0		97	direct
Q8WYB5	Q8WYB5	KAT6B_HUMAN	4	PF01853;PF00628;PF21524;PF17772	2073	direct
Q8WYH8	Q8WYH8	ING5_HUMAN	1	PF12998	240	direct
Q8WYP5	Q8WYP5	ELYS_HUMAN	2	PF13934;PF16687	2266	direct
Q8WYR1	Q8WYR1	PI3R5_HUMAN	1	PF10486	880	direct
Q8WZ64	Q8WZ64	ARAP2_HUMAN	5	PF01412;PF00169;PF00788;PF00620;PF00536	1704	direct
Q92482	Q92482	AQP3_HUMAN	1	PF00230	292	direct
Q92503	Q92503	S14L1_HUMAN	3	PF00650;PF03765;PF04707	715	direct
Q92520	Q92520	FAM3C_HUMAN	1	PF15711	227	direct
Q92522	Q92522	H1X_HUMAN	1	PF00538	213	direct
Q92537	Q92537	SUSD6_HUMAN	1	PF00084	303	direct
Q92538	Q92538	GBF1_HUMAN	3	PF01369;PF12783;PF23325	1860	direct
Q92539	Q92539	LPIN2_HUMAN	3	PF16876;PF04571;PF08235	896	direct
Q92540	Q92540	SMG7_HUMAN	2	PF10374;PF10373	1137	direct
Q92541	Q92541	RTF1_HUMAN	1	PF03126	710	direct
Q92546	Q92546	RGP1_HUMAN	1	PF08737	391	direct
Q92547	Q92547	TOPB1_HUMAN	3	PF00533;PF23294;PF21298	1522	direct
Q92556	Q92556	ELMO1_HUMAN	4	PF11841;PF04727;PF26964;PF16457	727	direct
Q92560	Q92560	BAP1_HUMAN	2	PF01088;PF18031	729	direct
Q92563	Q92563	TICN2_HUMAN	3	PF07648;PF10591;PF00086	424	direct
Q92574	Q92574	TSC1_HUMAN	1	PF04388	1164	direct
Q92575	Q92575	UBXN4_HUMAN	2	PF00789;PF23187	508	direct
Q92597	Q92597	NDRG1_HUMAN	1	PF03096	394	direct
Q92598	Q92598	HS105_HUMAN	2	PF00012;PF27508	858	direct
Q92609	Q92609	TBCD5_HUMAN	1	PF00566	795	direct
Q92610	Q92610	ZN592_HUMAN	2	PF16622;PF25412	1267	direct
Q92611	Q92611	EDEM1_HUMAN	1	PF01532	657	direct
Q92614	Q92614	MY18A_HUMAN	4	PF00063;PF01576;PF00595;PF24556	2054	direct
Q92616	Q92616	GCN1_HUMAN	6	PF24993;PF24984;PF24987;PF23271;PF26715;PF25801	2671	direct
Q92617	Q92617	NPIB3_HUMAN	2	PF20885;PF06409	1050	direct
Q92618	Q92618	ZN516_HUMAN	1	PF00096	1163	direct
Q92619	Q92619	HMHA1_HUMAN	3	PF22699;PF24235;PF00620	1136	direct
Q92620	Q92620	PRP16_HUMAN	5	PF00270;PF21010;PF00271;PF07717;PF04408	1227	direct
Q92624	Q92624	APBP2_HUMAN	1	PF13374	585	direct
Q92664	Q92664	TF3A_HUMAN	2	PF22110;PF00096	365	direct
Q92673	Q92673	SORL_HUMAN	6	PF00041;PF25814;PF00057;PF00058;PF15902;PF15901	2214	direct
Q92685	Q92685	ALG3_HUMAN	1	PF05208	438	direct
Q92688	Q92688	AN32B_HUMAN	1	PF14580	251	direct
Q92734	Q92734	TFG_HUMAN	1	PF00564	400	direct
Q92736	Q92736	RYR2_HUMAN	10	PF13499;PF08709;PF00520;PF02815;PF08454;PF06459;PF01365;PF21119;PF02026;PF00622	4967	direct
Q92743	Q92743	HTRA1_HUMAN	4	PF00219;PF07648;PF17820;PF13365	480	direct
Q92750	Q92750	TAF4B_HUMAN	2	PF05236;PF07531	862	direct
Q92765	Q92765	SFRP3_HUMAN	2	PF01392;PF01759	325	direct
Q92766	Q92766	RREB1_HUMAN	2	PF00096;PF13912	1687	direct
Q92769	Q92769	HDAC2_HUMAN	1	PF00850	488	direct
Q92783	Q92783	STAM1_HUMAN	3	PF00018;PF02809;PF00790	540	direct
Q92785	Q92785	REQU_HUMAN	2	PF14051;PF00628	391	direct
Q92793	Q92793	CBP_HUMAN	8	PF00439;PF09030;PF08214;PF02172;PF23570;PF06001;PF02135;PF00569	2442	direct
Q92802	Q92802	N42L2_HUMAN	1	PF13671	583	direct
Q92804	Q92804	RBP56_HUMAN	1	PF00076	592	direct
Q92823	Q92823	NRCAM_HUMAN	4	PF13882;PF00041;PF07679;PF13927	1304	direct
Q92827	Q92827	Q92827_HUMAN	1	PF00063	401	direct
Q92828	Q92828	COR2A_HUMAN	3	PF08953;PF00400;PF16300	525	direct
Q92835	Q92835	SHIP1_HUMAN	4	PF24147;PF24150;PF22669;PF00017	1189	direct
Q92841	Q92841	DDX17_HUMAN	2	PF00270;PF00271	729	direct
Q92844	Q92844	TANK_HUMAN	1	PF12845	425	direct
Q92845	Q92845	KIFA3_HUMAN	1	PF05804	792	direct
Q92851	Q92851	CASPA_HUMAN	2	PF01335;PF00656	521	direct
Q92854	Q92854	SEM4D_HUMAN	3	PF00047;PF01437;PF01403	862	direct
Q92859	Q92859	NEO1_HUMAN	5	PF00041;PF07679;PF13895;PF13927;PF06583	1461	direct
Q92878	Q92878	RAD50_HUMAN	3	PF13476;PF04423;PF13558	1312	direct
Q92882	Q92882	OSTF1_HUMAN	2	PF12796;PF00018	214	direct
Q92888	Q92888	ARHG1_HUMAN	3	PF17838;PF09128;PF00621	912	direct
Q92890	Q92890	UFD1_HUMAN	2	PF03152;PF24842	307	direct
Q92896	Q92896	GSLG1_HUMAN	1	PF00839	1179	direct
Q92900	Q92900	RENT1_HUMAN	5	PF13086;PF13087;PF04851;PF18141;PF09416	1129	direct
Q92902	Q92902	HPS1_HUMAN	3	PF19036;PF19037;PF19038	700	direct
Q92908	Q92908	GATA6_HUMAN	2	PF00320;PF05349	595	direct
Q92918	Q92918	M4K1_HUMAN	2	PF00780;PF00069	833	direct
Q92922	Q92922	SMRC1_HUMAN	5	PF00249;PF04433;PF16495;PF16496;PF16498	1105	direct
Q92942	Q92942	Q92942_HUMAN	2	PF00788;PF00617	518	direct
Q92945	Q92945	FUBP2_HUMAN	2	PF09005;PF00013	711	direct
Q92956	Q92956	TNR14_HUMAN	1	PF00020	283	direct
Q92966	Q92966	SNPC3_HUMAN	1	PF12251	411	direct
Q92973	Q92973	TNPO1_HUMAN	4	PF13513;PF03810;PF25574;PF25780	898	direct
Q92974	Q92974	ARHG2_HUMAN	2	PF17838;PF00621	986	direct
Q92982	Q92982	NINJ1_HUMAN	1	PF04923	152	direct
Q92997	Q92997	DVL3_HUMAN	5	PF00610;PF02377;PF00778;PF12316;PF00595	716	direct
Q93008	Q93008	USP9X_HUMAN	4	PF25010;PF12030;PF00443;PF22900	2554	direct
Q93034	Q93034	CUL5_HUMAN	3	PF00888;PF26557;PF10557	780	direct
Q93062	Q93062	RBPMS_HUMAN	1	PF00076	196	direct
Q93063	Q93063	EXT2_HUMAN	2	PF03016;PF09258	718	direct
Q93073	Q93073	SBP2L_HUMAN	1	PF01248	1101	direct
Q93074	Q93074	MED12_HUMAN	3	PF09497;PF12145;PF12144	2177	direct
Q93075	Q93075	TATD2_HUMAN	1	PF01026	761	direct
Q93086	Q93086	P2RX5_HUMAN	1	PF00864	444	direct
Q93096	Q93096	TP4A1_HUMAN	1	PF22785	173	direct
Q93100	Q93100	KPBB_HUMAN	2	PF00723;PF19292	1093	direct
Q95HL4	Q95HL4	Q95HL4_HUMAN	1	PF00969	89	direct
Q969F2	Q969F2	NKD2_HUMAN	0		451	direct
Q969G2	Q969G2	LHX4_HUMAN	2	PF00046;PF00412	390	direct
Q969G3	Q969G3	SMCE1_HUMAN	1	PF00505	411	direct
Q969G6	Q969G6	RIFK_HUMAN	1	PF01687	155	direct
Q969J2	Q969J2	ZKSC4_HUMAN	3	PF01352;PF02023;PF00096	545	direct
Q969R8	Q969R8	ITFG2_HUMAN	1	PF15907	447	direct
Q969T4	Q969T4	UB2E3_HUMAN	1	PF00179	207	direct
Q969V6	Q969V6	MRTFA_HUMAN	2	PF02755;PF02037	931	direct
Q969X0	Q969X0	RIPL2_HUMAN	2	PF09744;PF11461	211	direct
Q969X1	Q969X1	LFG3_HUMAN	1	PF01027	311	direct
Q969X6	Q969X6	UTP4_HUMAN	1	PF00400	686	direct
Q96A37	Q96A37	RN166_HUMAN	3	PF05605;PF13445;PF18574	237	direct
Q96A54	Q96A54	PAQR1_HUMAN	1	PF03006	375	direct
Q96A57	Q96A57	TM230_HUMAN	1	PF05915	120	direct
Q96A58	Q96A58	RERG_HUMAN	1	PF00071	199	direct
Q96A61	Q96A61	TRI52_HUMAN	2	PF00643;PF15227	297	direct
Q96A65	Q96A65	EXOC4_HUMAN	2	PF20652;PF04048	974	direct
Q96A84	Q96A84	EMID1_HUMAN	2	PF01391;PF07546	441	direct
Q96AD5	Q96AD5	PLPL2_HUMAN	1	PF01734	504	direct
Q96AE4	Q96AE4	FUBP1_HUMAN	2	PF09005;PF00013	644	direct
Q96AQ6	Q96AQ6	PBIP1_HUMAN	2	PF27631;PF27636	731	direct
Q96AT9	Q96AT9	RPE_HUMAN	1	PF00834	228	direct
Q96AX1	Q96AX1	VP33A_HUMAN	1	PF00995	596	direct
Q96AX2	Q96AX2	RAB37_HUMAN	1	PF00071	223	direct
Q96AX9	Q96AX9	MIB2_HUMAN	6	PF00023;PF12796;PF06701;PF18346;PF13920;PF00569	955	direct
Q96B36	Q96B36	AKTS1_HUMAN	2	PF15798;PF22911	256	direct
Q96B67	Q96B67	ARRD3_HUMAN	2	PF02752;PF00339	414	direct
Q96B97	Q96B97	SH3K1_HUMAN	1	PF14604	665	direct
Q96BD0	Q96BD0	SO4A1_HUMAN	2	PF07648;PF03137	722	direct
Q96BD5	Q96BD5	PF21A_HUMAN	1	PF00628	680	direct
Q96BP3	Q96BP3	PPWD1_HUMAN	2	PF00160;PF00400	646	direct
Q96BR1	Q96BR1	SGK3_HUMAN	3	PF00069;PF00433;PF00787	496	direct
Q96BY2	Q96BY2	MOAP1_HUMAN	2	PF14893;PF20846	351	direct
Q96BY9	Q96BY9	SARAF_HUMAN	1	PF06682	339	direct
Q96CD2	Q96CD2	COAC_HUMAN	1	PF02441	204	direct
Q96CJ1	Q96CJ1	EAF2_HUMAN	1	PF09816	260	direct
Q96CM8	Q96CM8	ACSF2_HUMAN	2	PF00501;PF13193	615	direct
Q96CN5	Q96CN5	LRC45_HUMAN	1	PF13516	670	direct
Q96CN7	Q96CN7	ISOC1_HUMAN	2	PF00857;PF26960	298	direct
Q96CN9	Q96CN9	GCC1_HUMAN	1	PF01465	775	direct
Q96CP6	Q96CP6	ASTRA_HUMAN	2	PF02893;PF16016	724	direct
Q96CW5	Q96CW5	GCP3_HUMAN	2	PF04130;PF17681	907	direct
Q96D15	Q96D15	RCN3_HUMAN	2	PF13202;PF13499	328	direct
Q96DB2	Q96DB2	HDA11_HUMAN	1	PF00850	347	direct
Q96DB9	Q96DB9	FXYD5_HUMAN	1	PF02038	178	direct
Q96DC8	Q96DC8	ECHD3_HUMAN	1	PF00378	303	direct
Q96DE5	Q96DE5	APC16_HUMAN	1	PF17256	110	direct
Q96DI7	Q96DI7	SNR40_HUMAN	2	PF23098;PF00400	357	direct
Q96DM3	Q96DM3	RMC1_HUMAN	2	PF07035;PF21029	657	direct
Q96DN2	Q96DN2	VWCE_HUMAN	3	PF12662;PF00093;PF23334	955	direct
Q96DW6	Q96DW6	S2538_HUMAN	1	PF00153	304	direct
Q96DX5	Q96DX5	ASB9_HUMAN	2	PF12796;PF07525	294	direct
Q96DY7	Q96DY7	MTBP_HUMAN	3	PF14920;PF14919;PF14918	904	direct
Q96E11	Q96E11	RRFM_HUMAN	1	PF01765	262	direct
Q96EC8	Q96EC8	YIPF6_HUMAN	1	PF04893	236	direct
Q96ED9	Q96ED9	HOOK2_HUMAN	2	PF05622;PF19047	719	direct
Q96EN9	Q96EN9	REX1B_HUMAN	1	PF14966	201	direct
Q96EP0	Q96EP0	RNF31_HUMAN	6	PF18091;PF22191;PF09409;PF18486;PF16678;PF25163	1072	direct
Q96EQ8	Q96EQ8	RN125_HUMAN	3	PF13923;PF05605;PF18574	232	direct
Q96ER3	Q96ER3	SAAL1_HUMAN	1	PF28174	474	direct
Q96EU7	Q96EU7	C1GLC_HUMAN	0		318	direct
Q96EV2	Q96EV2	RBM33_HUMAN	0		1170	direct
Q96EX1	Q96EX1	SIM12_HUMAN	1	PF15990	92	direct
Q96EZ8	Q96EZ8	MCRS1_HUMAN	2	PF00498;PF13325	462	direct
Q96F05	Q96F05	CK024_HUMAN	1	PF17823	449	direct
Q96F07	Q96F07	CYFP2_HUMAN	2	PF07159;PF05994	1278	direct
Q96F44	Q96F44	TRI11_HUMAN	4	PF13765;PF00622;PF00643;PF15227	468	direct
Q96FB2	Q96FB2	Q96FB2_HUMAN	1	PF01733	361	direct
Q96FQ6	Q96FQ6	S10AG_HUMAN	1	PF01023	103	direct
Q96FW1	Q96FW1	OTUB1_HUMAN	1	PF10275	271	direct
Q96FZ5	Q96FZ5	CKLF7_HUMAN	1	PF01284	175	direct
Q96G23	Q96G23	CERS2_HUMAN	2	PF00046;PF03798	380	direct
Q96G28	Q96G28	CFA36_HUMAN	1	PF11527	342	direct
Q96G74	Q96G74	OTUD5_HUMAN	1	PF02338	571	direct
Q96G97	Q96G97	BSCL2_HUMAN	1	PF06775	398	direct
Q96GC9	Q96GC9	VMP1_HUMAN	1	PF27639	406	direct
Q96GE9	Q96GE9	DMAC1_HUMAN	1	PF15055	116	direct
Q96GI9	Q96GI9	Q96GI9_HUMAN	0		42	direct
Q96GS6	Q96GS6	AB17A_HUMAN	1	PF12146	310	direct
Q96GX9	Q96GX9	MTNB_HUMAN	1	PF00596	242	direct
Q96H41	Q96H41	Q96H41_HUMAN	2	PF17906;PF01359	429	direct
Q96HA1	Q96HA1	P121A_HUMAN	1	PF15229	1249	direct
Q96HC4	Q96HC4	PDLI5_HUMAN	2	PF00412;PF00595	596	direct
Q96HH9	Q96HH9	GRM2B_HUMAN	1	PF02893	432	direct
Q96HM7	Q96HM7	PED1B_HUMAN	0		432	direct
Q96HP4	Q96HP4	OXND1_HUMAN	1	PF00175	312	direct
Q96HP8	Q96HP8	T176A_HUMAN	1	PF04103	235	direct
Q96HQ2	Q96HQ2	C2AIL_HUMAN	1	PF11952	116	direct
Q96HT8	Q96HT8	MR1L1_HUMAN	1	PF15155	127	direct
Q96I15	Q96I15	SCLY_HUMAN	1	PF00266	445	direct
Q96I25	Q96I25	SPF45_HUMAN	2	PF01585;PF00076	401	direct
Q96I30	Q96I30	Q96I30_HUMAN	0		94	direct
Q96I76	Q96I76	GPTC3_HUMAN	1	PF01585	525	direct
Q96IX5	Q96IX5	ATPMK_HUMAN	1	PF14960	58	direct
Q96IZ6	Q96IZ6	MET2A_HUMAN	1	PF08242	378	direct
Q96J01	Q96J01	THOC3_HUMAN	1	PF25174	351	direct
Q96J02	Q96J02	ITCH_HUMAN	3	PF00168;PF00632;PF00397	903	direct
Q96J86	Q96J86	CYYR1_HUMAN	1	PF10873	154	direct
Q96J88	Q96J88	ESIP1_HUMAN	1	PF28372	318	direct
Q96JA1	Q96JA1	LRIG1_HUMAN	5	PF07679;PF13927;PF12799;PF13855;PF01463	1093	direct
Q96JB2	Q96JB2	COG3_HUMAN	2	PF20671;PF04136	828	direct
Q96JB5	Q96JB5	CK5P3_HUMAN	1	PF05600	506	direct
Q96JC1	Q96JC1	VPS39_HUMAN	3	PF00780;PF10366;PF10367	886	direct
Q96JH7	Q96JH7	VCIP1_HUMAN	3	PF02338;PF21403;PF19437	1222	direct
Q96JI7	Q96JI7	SPTCS_HUMAN	1	PF14649	2443	direct
Q96JJ6	Q96JJ6	JPH4_HUMAN	1	PF02493	628	direct
Q96JJ7	Q96JJ7	TMX3_HUMAN	2	PF00085;PF13848	454	direct
Q96JK9	Q96JK9	MAML3_HUMAN	2	PF09596;PF20801	1138	direct
Q96JM2	Q96JM2	ZN462_HUMAN	5	PF23224;PF23225;PF23223;PF23075;PF23077	2506	direct
Q96JQ0	Q96JQ0	PCD16_HUMAN	1	PF00028	3298	direct
Q96K30	Q96K30	RITA1_HUMAN	1	PF17066	269	direct
Q96K62	Q96K62	ZBT45_HUMAN	2	PF00651;PF00096	511	direct
Q96KG9	Q96KG9	SCYL1_HUMAN	1	PF00069	808	direct
Q96KP1	Q96KP1	EXOC2_HUMAN	2	PF15469;PF01833	924	direct
Q96KQ4	Q96KQ4	ASPP1_HUMAN	3	PF12796;PF21801;PF00018	1090	direct
Q96KR1	Q96KR1	ZFR_HUMAN	3	PF20965;PF07528;PF12874	1074	direct
Q96KR7	Q96KR7	PHAR3_HUMAN	1	PF02755	559	direct
Q96L73	Q96L73	NSD1_HUMAN	8	PF17907;PF17982;PF00628;PF23011;PF22908;PF23004;PF00855;PF00856	2696	direct
Q96L93	Q96L93	KI16B_HUMAN	3	PF00498;PF00225;PF00787	1317	direct
Q96LD4	Q96LD4	TRI47_HUMAN	3	PF25600;PF00643;PF13445	638	direct
Q96LI5	Q96LI5	CNO6L_HUMAN	2	PF03372;PF13855	555	direct
Q96LM7	Q96LM7	Q96LM7_HUMAN	1	PF00335	156	direct
Q96LR5	Q96LR5	UB2E2_HUMAN	1	PF00179	201	direct
Q96LT4	Q96LT4	SAMD8_HUMAN	2	PF14360;PF00536	415	direct
Q96LT9	Q96LT9	RNPC3_HUMAN	1	PF00076	517	direct
Q96LW1	Q96LW1	Z354B_HUMAN	2	PF01352;PF00096	612	direct
Q96LX7	Q96LX7	CCD17_HUMAN	2	PF28455;PF28454	622	direct
Q96LZ7	Q96LZ7	RMD2_HUMAN	1	PF21033	410	direct
Q96M27	Q96M27	PRRC1_HUMAN	1	PF01931	445	direct
Q96MT8	Q96MT8	CEP63_HUMAN	2	PF25771;PF17045	703	direct
Q96MU7	Q96MU7	YTDC1_HUMAN	1	PF04146	727	direct
Q96MW5	Q96MW5	COG8_HUMAN	1	PF04124	612	direct
Q96N16	Q96N16	JKIP1_HUMAN	1	PF16034	626	direct
Q96NA2	Q96NA2	RILP_HUMAN	2	PF09744;PF11461	401	direct
Q96NB1	Q96NB1	CEP20_HUMAN	1	PF09398	174	direct
Q96ND0	Q96ND0	MIMS1_HUMAN	1	PF06916	272	direct
Q96NL6	Q96NL6	SCLT1_HUMAN	1	PF28159	688	direct
Q96NT0	Q96NT0	VMA22_HUMAN	1	PF21730	180	direct
Q96P16	Q96P16	RPR1A_HUMAN	2	PF04818;PF16566	312	direct
Q96PD5	Q96PD5	PGRP2_HUMAN	1	PF01510	576	direct
Q96PQ7	Q96PQ7	KLHL5_HUMAN	3	PF07707;PF24981;PF00651	755	direct
Q96PU8	Q96PU8	QKI_HUMAN	3	PF22675;PF16551;PF16544	341	direct
Q96PV0	Q96PV0	SYGP1_HUMAN	4	PF00168;PF12004;PF25321;PF00616	1343	direct
Q96PV6	Q96PV6	LENG8_HUMAN	1	PF03399	800	direct
Q96PZ2	Q96PZ2	F111A_HUMAN	2	PF26749;PF13365	611	direct
Q96Q07	Q96Q07	BTBD9_HUMAN	3	PF07707;PF00651;PF00754	612	direct
Q96Q11	Q96Q11	TRNT1_HUMAN	2	PF01743;PF12627	434	direct
Q96Q15	Q96Q15	SMG1_HUMAN	4	PF02260;PF00454;PF15785;PF17229	3661	direct
Q96Q89	Q96Q89	KI20B_HUMAN	1	PF00225	1820	direct
Q96QB1	Q96QB1	RHG07_HUMAN	3	PF00620;PF07647;PF01852	1528	direct
Q96QC0	Q96QC0	PP1RA_HUMAN	2	PF08711;PF00642	940	direct
Q96QE0	Q96QE0	Q96QE0_HUMAN	0		231	direct
Q96QF7	Q96QF7	GCNA_HUMAN	1	PF10263	691	direct
Q96QH2	Q96QH2	PRAM_HUMAN	1	PF14603	670	direct
Q96QK1	Q96QK1	VPS35_HUMAN	1	PF03635	796	direct
Q96QT6	Q96QT6	PHF12_HUMAN	2	PF00628;PF16737	1004	direct
Q96QZ7	Q96QZ7	MAGI1_HUMAN	5	PF00625;PF16663;PF16666;PF00595;PF00397	1491	direct
Q96R05	Q96R05	RET7_HUMAN	1	PF00061	134	direct
Q96R06	Q96R06	SPAG5_HUMAN	0		1193	direct
Q96RE9	Q96RE9	ZN300_HUMAN	2	PF01352;PF00096	604	direct
Q96RK0	Q96RK0	CIC_HUMAN	3	PF16090;PF00505;PF25981	2517	direct
Q96RL1	Q96RL1	UIMC1_HUMAN	1	PF18282	719	direct
Q96RL6	Q96RL6	SIG11_HUMAN	4	PF07679;PF13927;PF27822;PF07686	698	direct
Q96RL7	Q96RL7	VP13A_HUMAN	4	PF25037;PF25033;PF12624;PF25036	3174	direct
Q96RP9	Q96RP9	EFGM_HUMAN	5	PF00679;PF14492;PF03764;PF00009;PF03144	751	direct
Q96RS0	Q96RS0	TGS1_HUMAN	1	PF09445	853	direct
Q96RT1	Q96RT1	ERBIN_HUMAN	3	PF23598;PF13855;PF00595	1412	direct
Q96RU2	Q96RU2	UBP28_HUMAN	3	PF22566;PF00443;PF21909	1077	direct
Q96RU3	Q96RU3	FNBP1_HUMAN	3	PF00611;PF25610;PF00018	617	direct
Q96RV3	Q96RV3	PCX1_HUMAN	1	PF05041	2341	direct
Q96RW7	Q96RW7	HMCN1_HUMAN	8	PF12662;PF07645;PF07474;PF23560;PF07679;PF13927;PF00090;PF25106	5635	direct
Q96S55	Q96S55	WRIP1_HUMAN	4	PF00004;PF16193;PF12002;PF18279	665	direct
Q96S59	Q96S59	RANB9_HUMAN	3	PF10607;PF08513;PF00622	729	direct
Q96S66	Q96S66	CLCC1_HUMAN	1	PF05934	551	direct
Q96S86	Q96S86	HPLN3_HUMAN	2	PF07686;PF00193	360	direct
Q96SB3	Q96SB3	NEB2_HUMAN	2	PF00595;PF17817	817	direct
Q96SB8	Q96SB8	SMC6_HUMAN	1	PF02463	1091	direct
Q96SE7	Q96SE7	ZN347_HUMAN	2	PF01352;PF00096	839	direct
Q96SJ8	Q96SJ8	TSN18_HUMAN	1	PF00335	248	direct
Q96SL8	Q96SL8	FIZ1_HUMAN	2	PF00096;PF23561	496	direct
Q96SN7	Q96SN7	ORAI2_HUMAN	1	PF07856	254	direct
Q96SN8	Q96SN8	CK5P2_HUMAN	3	PF23246;PF07989;PF26710	1893	direct
Q96ST2	Q96ST2	IWS1_HUMAN	1	PF08711	819	direct
Q96ST8	Q96ST8	CEP89_HUMAN	1	PF28159	783	direct
Q96SU4	Q96SU4	OSBL9_HUMAN	2	PF01237;PF00169	736	direct
Q96SV5	Q96SV5	Q96SV5_HUMAN	1	PF00096	516	direct
Q96SW2	Q96SW2	CRBN_HUMAN	2	PF02190;PF03226	442	direct
Q96T23	Q96T23	RSF1_HUMAN	2	PF00628;PF15612	1441	direct
Q96T58	Q96T58	MINT_HUMAN	5	PF20809;PF20808;PF20810;PF00076;PF07744	3664	direct
Q96T60	Q96T60	PNKP_HUMAN	3	PF13671;PF17913;PF08645	521	direct
Q96T76	Q96T76	MMS19_HUMAN	2	PF12460;PF14500	1030	direct
Q96TA2	Q96TA2	YMEL1_HUMAN	3	PF00004;PF17862;PF01434	773	direct
Q99075	Q99075	HBEGF_HUMAN	1	PF27818	208	direct
Q99102	Q99102	MUC4_HUMAN	3	PF23263;PF06119;PF00094	5412	direct
Q99418	Q99418	CYH2_HUMAN	2	PF00169;PF01369	400	direct
Q99426	Q99426	TBCB_HUMAN	2	PF01302;PF14560	244	direct
Q99435	Q99435	NELL2_HUMAN	4	PF12947;PF07645;PF02210;PF00093	816	direct
Q99436	Q99436	PSB7_HUMAN	2	PF12465;PF00227	277	direct
Q99459	Q99459	CDC5L_HUMAN	2	PF11831;PF13921	802	direct
Q99460	Q99460	PSMD1_HUMAN	4	PF13646;PF01851;PF18004;PF21505	953	direct
Q99463	Q99463	NPY6R_HUMAN	1	PF00001	290	direct
Q99471	Q99471	PFD5_HUMAN	1	PF02996	154	direct
Q99496	Q99496	RING2_HUMAN	2	PF16207;PF13923	336	direct
Q99518	Q99518	FMO2_HUMAN	1	PF00743	535	direct
Q99519	Q99519	NEUR1_HUMAN	1	PF13088	415	direct
Q99527	Q99527	GPER1_HUMAN	1	PF00001	375	direct
Q99541	Q99541	PLIN2_HUMAN	1	PF03036	437	direct
Q99542	Q99542	MMP19_HUMAN	3	PF00045;PF00413;PF01471	508	direct
Q99550	Q99550	MPP9_HUMAN	0		1183	direct
Q99570	Q99570	PI3R4_HUMAN	3	PF22956;PF00069;PF00400	1358	direct
Q99571	Q99571	P2RX4_HUMAN	1	PF00864	388	direct
Q99576	Q99576	T22D3_HUMAN	1	PF01166	134	direct
Q99584	Q99584	S10AD_HUMAN	1	PF01023	98	direct
Q99598	Q99598	TSNAX_HUMAN	1	PF01997	290	direct
Q99607	Q99607	ELF4_HUMAN	2	PF12310;PF00178	663	direct
Q99612	Q99612	KLF6_HUMAN	1	PF00096	283	direct
Q99613	Q99613	EIF3C_HUMAN	3	PF05470;PF26569;PF01399	913	direct
Q99614	Q99614	TTC1_HUMAN	2	PF00515;PF13181	292	direct
Q99622	Q99622	C10_HUMAN	1	PF14974	126	direct
Q99633	Q99633	PRP18_HUMAN	2	PF02840;PF08799	342	direct
Q99650	Q99650	OSMR_HUMAN	4	PF00041;PF21177;PF17971;PF25552	979	direct
Q99653	Q99653	CHP1_HUMAN	1	PF13499	195	direct
Q99685	Q99685	MGLL_HUMAN	1	PF12146	303	direct
Q99698	Q99698	LYST_HUMAN	3	PF02138;PF14844;PF00400	3801	direct
Q99700	Q99700	ATX2_HUMAN	3	PF06741;PF07145;PF14438	1313	direct
Q99714	Q99714	HCD2_HUMAN	1	PF00106	261	direct
Q99715	Q99715	COCA1_HUMAN	3	PF01391;PF00041;PF00092	3063	direct
Q99767	Q99767	APBA2_HUMAN	2	PF00595;PF00640	749	direct
Q99805	Q99805	TM9S2_HUMAN	1	PF02990	663	direct
Q99814	Q99814	EPAS1_HUMAN	5	PF23171;PF11413;PF08778;PF00989;PF14598	870	direct
Q99816	Q99816	TS101_HUMAN	2	PF05743;PF09454	390	direct
Q99828	Q99828	CIB1_HUMAN	1	PF13499	191	direct
Q99832	Q99832	TCPH_HUMAN	1	PF00118	543	direct
Q99836	Q99836	MYD88_HUMAN	2	PF00531;PF13676	296	direct
Q99873	Q99873	ANM1_HUMAN	2	PF13649;PF22528	371	direct
Q99933	Q99933	BAG1_HUMAN	2	PF02179;PF00240	345	direct
Q99941	Q99941	ATF6B_HUMAN	1	PF00170	703	direct
Q99961	Q99961	SH3G1_HUMAN	2	PF03114;PF00018	368	direct
Q99967	Q99967	CITE2_HUMAN	1	PF04487	270	direct
Q99996	Q99996	AKAP9_HUMAN	3	PF27603;PF27598;PF10495	3907	direct
Q9BPX1	Q9BPX1	DHB14_HUMAN	1	PF13561	270	direct
Q9BPX3	Q9BPX3	CND3_HUMAN	1	PF12719	1015	direct
Q9BPZ7	Q9BPZ7	SIN1_HUMAN	4	PF16978;PF25322;PF05422;PF16979	522	direct
Q9BQ24	Q9BQ24	ZFY21_HUMAN	2	PF01363;PF16696	234	direct
Q9BQ39	Q9BQ39	DDX50_HUMAN	4	PF26142;PF00270;PF08152;PF00271	737	direct
Q9BQ61	Q9BQ61	TRIR_HUMAN	0		176	direct
Q9BQ65	Q9BQ65	USB1_HUMAN	1	PF09749	265	direct
Q9BQ83	Q9BQ83	SLX1_HUMAN	2	PF01541;PF21202	275	direct
Q9BQD3	Q9BQD3	KXDL1_HUMAN	1	PF10241	176	direct
Q9BQI3	Q9BQI3	E2AK1_HUMAN	2	PF22949;PF00069	630	direct
Q9BQS8	Q9BQS8	FYCO1_HUMAN	2	PF01363;PF02759	1478	direct
Q9BR11	Q9BR11	ZSWM1_HUMAN	4	PF04434;PF19286;PF21600;PF21056	485	direct
Q9BR61	Q9BR61	ACBD6_HUMAN	2	PF00887;PF12796	282	direct
Q9BRB3	Q9BRB3	PIGQ_HUMAN	1	PF05024	760	direct
Q9BRG1	Q9BRG1	VPS25_HUMAN	1	PF05871	176	direct
Q9BRJ6	Q9BRJ6	CHOLN_HUMAN	1	PF10180	194	direct
Q9BRL5	Q9BRL5	Q9BRL5_HUMAN	2	PF13405;PF13499	147	direct
Q9BRP8	Q9BRP8	PYM1_HUMAN	1	PF09282	204	direct
Q9BRR6	Q9BRR6	ADPGK_HUMAN	1	PF04587	497	direct
Q9BRR9	Q9BRR9	RHG09_HUMAN	3	PF00169;PF00620;PF00018	750	direct
Q9BRV8	Q9BRV8	SIKE1_HUMAN	1	PF05769	207	direct
Q9BRW1	Q9BRW1	Q9BRW1_HUMAN	1	PF27913	448	direct
Q9BRX5	Q9BRX5	PSF3_HUMAN	2	PF22466;PF05916	216	direct
Q9BRZ2	Q9BRZ2	TRI56_HUMAN	2	PF00643;PF13445	755	direct
Q9BS26	Q9BS26	ERP44_HUMAN	2	PF00085;PF13848	406	direct
Q9BSE4	Q9BSE4	HERP2_HUMAN	1	PF00240	406	direct
Q9BSI4	Q9BSI4	TINF2_HUMAN	1	PF14973	451	direct
Q9BSJ2	Q9BSJ2	GCP2_HUMAN	2	PF04130;PF17681	902	direct
Q9BSJ5	Q9BSJ5	CQ080_HUMAN	1	PF28519	609	direct
Q9BSJ8	Q9BSJ8	ESYT1_HUMAN	2	PF00168;PF17047	1104	direct
Q9BST9	Q9BST9	RTKN_HUMAN	2	PF08174;PF00169	563	direct
Q9BT09	Q9BT09	CNPY3_HUMAN	1	PF11938	278	direct
Q9BT23	Q9BT23	LIMD2_HUMAN	1	PF00412	127	direct
Q9BT43	Q9BT43	RPC7L_HUMAN	1	PF11705	218	direct
Q9BT92	Q9BT92	TCHP_HUMAN	1	PF13868	498	direct
Q9BTA9	Q9BTA9	WAC_HUMAN	1	PF00397	647	direct
Q9BTC0	Q9BTC0	DIDO1_HUMAN	3	PF00628;PF07744;PF07500	2240	direct
Q9BTE1	Q9BTE1	DCTN5_HUMAN	1	PF21711	182	direct
Q9BTE6	Q9BTE6	AASD1_HUMAN	1	PF07973	412	direct
Q9BTL4	Q9BTL4	IER2_HUMAN	1	PF05760	223	direct
Q9BTM9	Q9BTM9	URM1_HUMAN	1	PF09138	101	direct
Q9BTT0	Q9BTT0	AN32E_HUMAN	1	PF14580	268	direct
Q9BU02	Q9BU02	THTPA_HUMAN	1	PF01928	230	direct
Q9BU40	Q9BU40	CRDL1_HUMAN	3	PF19548;PF00093;PF23334	456	direct
Q9BUD9	Q9BUD9	Q9BUD9_HUMAN	1	PF00069	474	direct
Q9BUE6	Q9BUE6	ISCA1_HUMAN	1	PF01521	129	direct
Q9BUH6	Q9BUH6	PAXX_HUMAN	1	PF15384	204	direct
Q9BUJ0	Q9BUJ0	ABHEA_HUMAN	1	PF12697	271	direct
Q9BUQ8	Q9BUQ8	DDX23_HUMAN	3	PF25430;PF00270;PF00271	820	direct
Q9BUU2	Q9BUU2	MET22_HUMAN	1	PF10294	404	direct
Q9BUV0	Q9BUV0	RSRP1_HUMAN	1	PF17069	290	direct
Q9BUW7	Q9BUW7	BBLN_HUMAN	1	PF03670	83	direct
Q9BV19	Q9BV19	CA050_HUMAN	1	PF10504	199	direct
Q9BV29	Q9BV29	CCD32_HUMAN	1	PF14989	185	direct
Q9BV68	Q9BV68	RN126_HUMAN	2	PF13639;PF14369	311	direct
Q9BV73	Q9BV73	CP250_HUMAN	2	PF25774;PF15035	2442	direct
Q9BV81	Q9BV81	EMC6_HUMAN	1	PF07019	110	direct
Q9BVC6	Q9BVC6	TM109_HUMAN	1	PF14965	243	direct
Q9BVL2	Q9BVL2	NUP58_HUMAN	1	PF15967	599	direct
Q9BVV8	Q9BVV8	F174C_HUMAN	1	PF06679	132	direct
Q9BVW5	Q9BVW5	TIPIN_HUMAN	1	PF07962	301	direct
Q9BVX2	Q9BVX2	T106C_HUMAN	2	PF07092;PF21002	250	direct
Q9BW66	Q9BW66	CINP_HUMAN	0		212	direct
Q9BW72	Q9BW72	HIG2A_HUMAN	1	PF04588	106	direct
Q9BWF3	Q9BWF3	RBM4_HUMAN	2	PF00076;PF00098	364	direct
Q9BWH2	Q9BWH2	FUND2_HUMAN	1	PF04930	189	direct
Q9BWQ6	Q9BWQ6	YIPF2_HUMAN	1	PF04893	316	direct
Q9BWV1	Q9BWV1	BOC_HUMAN	4	PF00041;PF07679;PF13927;PF16625	1114	direct
Q9BX26	Q9BX26	SYCP2_HUMAN	2	PF18581;PF18584	1530	direct
Q9BX40	Q9BX40	LS14B_HUMAN	2	PF09532;PF12701	385	direct
Q9BX70	Q9BX70	BTBD2_HUMAN	3	PF07707;PF00651;PF08005	525	direct
Q9BX82	Q9BX82	ZN471_HUMAN	2	PF01352;PF00096	626	direct
Q9BX97	Q9BX97	PLVAP_HUMAN	1	PF06637	442	direct
Q9BXC1	Q9BXC1	GP174_HUMAN	1	PF00001	333	direct
Q9BXF6	Q9BXF6	RFIP5_HUMAN	2	PF00168;PF09457	653	direct
Q9BXJ5	Q9BXJ5	C1QT2_HUMAN	2	PF00386;PF01391	285	direct
Q9BXJ8	Q9BXJ8	TACAN_HUMAN	1	PF07851	343	direct
Q9BXK5	Q9BXK5	B2L13_HUMAN	1	PF00452	485	direct
Q9BXM7	Q9BXM7	PINK1_HUMAN	1	PF00069	581	direct
Q9BXM9	Q9BXM9	FSD1L_HUMAN	2	PF00041;PF00622	530	direct
Q9BXP5	Q9BXP5	SRRT_HUMAN	2	PF04959;PF12066	876	direct
Q9BXR5	Q9BXR5	TLR10_HUMAN	2	PF13855;PF01582	811	direct
Q9BY32	Q9BY32	ITPA_HUMAN	1	PF01725	194	direct
Q9BY42	Q9BY42	RTF2_HUMAN	1	PF04641	306	direct
Q9BY44	Q9BY44	EIF2A_HUMAN	1	PF08662	585	direct
Q9BY50	Q9BY50	SC11C_HUMAN	1	PF00717	192	direct
Q9BY77	Q9BY77	PDIP3_HUMAN	1	PF00076	421	direct
Q9BYB0	Q9BYB0	SHAN3_HUMAN	4	PF12796;PF17820;PF00536;PF07653	1806	direct
Q9BYC5	Q9BYC5	FUT8_HUMAN	2	PF19745;PF14604	575	direct
Q9BYM8	Q9BYM8	HOIL1_HUMAN	2	PF25393;PF13445	510	direct
Q9BYV9	Q9BYV9	BACH2_HUMAN	2	PF00651;PF03131	841	direct
Q9BYW2	Q9BYW2	SETD2_HUMAN	4	PF17907;PF00856;PF08236;PF00397	2564	direct
Q9BZ71	Q9BZ71	PITM3_HUMAN	3	PF02862;PF24694;PF24695	974	direct
Q9BZ72	Q9BZ72	PITM2_HUMAN	4	PF02862;PF02121;PF24694;PF24695	1349	direct
Q9BZC7	Q9BZC7	ABCA2_HUMAN	4	PF12698;PF00005;PF26955;PF23321	2435	direct
Q9BZF1	Q9BZF1	OSBL8_HUMAN	2	PF01237;PF00169	889	direct
Q9BZG1	Q9BZG1	RAB34_HUMAN	1	PF00071	259	direct
Q9BZJ0	Q9BZJ0	CRNL1_HUMAN	1	PF23231	848	direct
Q9BZJ4	Q9BZJ4	S2539_HUMAN	1	PF00153	359	direct
Q9BZK7	Q9BZK7	TBL1R_HUMAN	2	PF08513;PF00400	514	direct
Q9BZL4	Q9BZL4	PP12C_HUMAN	2	PF12796;PF15898	782	direct
Q9BZR9	Q9BZR9	TRIM8_HUMAN	2	PF25600;PF13445	551	direct
Q9C000	Q9C000	NLRP1_HUMAN	9	PF00619;PF13553;PF00560;PF13516;PF05729;PF17776;PF02758;PF23679;PF17779	1473	direct
Q9C005	Q9C005	DPY30_HUMAN	1	PF05186	99	direct
Q9C029	Q9C029	TRIM7_HUMAN	4	PF13765;PF00622;PF00643;PF15227	511	direct
Q9C099	Q9C099	LRCC1_HUMAN	1	PF12799	1032	direct
Q9C0B5	Q9C0B5	ZDHC5_HUMAN	1	PF01529	715	direct
Q9C0C7	Q9C0C7	AMRA1_HUMAN	1	PF00400	1298	direct
Q9C0D7	Q9C0D7	ZC12C_HUMAN	3	PF18561;PF11977;PF18039	883	direct
Q9C0F1	Q9C0F1	CEP44_HUMAN	1	PF15007	390	direct
Q9C0H2	Q9C0H2	TTYH3_HUMAN	1	PF04906	523	direct
Q9C0I1	Q9C0I1	MTMRC_HUMAN	2	PF12578;PF06602	747	direct
Q9C0J8	Q9C0J8	WDR33_HUMAN	2	PF01391;PF00400	1336	direct
Q9GIY3	Q9GIY3	2B1E_HUMAN	0		0	direct
Q9GZM0	Q9GZM0	Q9GZM0_HUMAN	1	PF01237	367	direct
Q9GZM7	Q9GZM7	TINAL_HUMAN	1	PF00112	467	direct
Q9GZM8	Q9GZM8	NDEL1_HUMAN	1	PF04880	345	direct
Q9GZN7	Q9GZN7	ROGDI_HUMAN	1	PF10259	287	direct
Q9GZQ8	Q9GZQ8	MLP3B_HUMAN	1	PF02991	125	direct
Q9GZR1	Q9GZR1	SENP6_HUMAN	1	PF02902	1112	direct
Q9GZR2	Q9GZR2	REXO4_HUMAN	1	PF00929	422	direct
Q9GZR7	Q9GZR7	DDX24_HUMAN	2	PF00270;PF00271	859	direct
Q9GZT3	Q9GZT3	SLIRP_HUMAN	1	PF00076	109	direct
Q9GZT5	Q9GZT5	WN10A_HUMAN	1	PF00110	417	direct
Q9GZT6	Q9GZT6	CC90B_HUMAN	1	PF07798	254	direct
Q9GZT9	Q9GZT9	EGLN1_HUMAN	2	PF13640;PF01753	426	direct
Q9GZV5	Q9GZV5	WWTR1_HUMAN	1	PF00397	400	direct
Q9GZW8	Q9GZW8	MS4A7_HUMAN	1	PF04103	240	direct
Q9H019	Q9H019	MFR1L_HUMAN	1	PF05308	292	direct
Q9H049	Q9H049	Q9H049_HUMAN	1	PF23192	282	direct
Q9H074	Q9H074	PAIP1_HUMAN	2	PF02854;PF07145	479	direct
Q9H078	Q9H078	CLPB_HUMAN	3	PF07724;PF12796;PF10431	707	direct
Q9H098	Q9H098	F107B_HUMAN	1	PF06625	131	direct
Q9H0A8	Q9H0A8	COMD4_HUMAN	2	PF07258;PF21672	199	direct
Q9H0B6	Q9H0B6	KLC2_HUMAN	2	PF13374;PF13424	622	direct
Q9H0C5	Q9H0C5	BTBD1_HUMAN	3	PF07707;PF00651;PF08005	482	direct
Q9H0D6	Q9H0D6	XRN2_HUMAN	2	PF17846;PF03159	950	direct
Q9H0E9	Q9H0E9	BRD8_HUMAN	1	PF00439	1235	direct
Q9H0I2	Q9H0I2	ENKD1_HUMAN	1	PF13864	346	direct
Q9H0L4	Q9H0L4	CSTFT_HUMAN	3	PF14327;PF14304;PF00076	616	direct
Q9H0M0	Q9H0M0	WWP1_HUMAN	3	PF00168;PF00632;PF00397	922	direct
Q9H0M5	Q9H0M5	ZN700_HUMAN	2	PF01352;PF00096	742	direct
Q9H0N0	Q9H0N0	RAB6C_HUMAN	1	PF00071	254	direct
Q9H0Q3	Q9H0Q3	FXYD6_HUMAN	1	PF02038	95	direct
Q9H0R5	Q9H0R5	GBP3_HUMAN	2	PF02263;PF02841	595	direct
Q9H0R6	Q9H0R6	GATA_HUMAN	1	PF01425	528	direct
Q9H0S4	Q9H0S4	DDX47_HUMAN	2	PF00270;PF00271	455	direct
Q9H0U3	Q9H0U3	MAGT1_HUMAN	1	PF04756	335	direct
Q9H0U4	Q9H0U4	RAB1B_HUMAN	1	PF00071	201	direct
Q9H0W8	Q9H0W8	SMG9_HUMAN	0		520	direct
Q9H0Y0	Q9H0Y0	ATG10_HUMAN	1	PF03987	220	direct
Q9H0Z9	Q9H0Z9	RBM38_HUMAN	1	PF00076	239	direct
Q9H165	Q9H165	BC11A_HUMAN	3	PF25491;PF00096;PF23611	835	direct
Q9H173	Q9H173	SIL1_HUMAN	2	PF08609;PF28415	461	direct
Q9H1A3	Q9H1A3	METL9_HUMAN	1	PF05219	318	direct
Q9H1C8	Q9H1C8	Q9H1C8_HUMAN	1	PF17708	262	direct
Q9H1I8	Q9H1I8	ASCC2_HUMAN	1	PF02845	757	direct
Q9H1J1	Q9H1J1	REN3A_HUMAN	1	PF03467	476	direct
Q9H1K0	Q9H1K0	RBNS5_HUMAN	3	PF01363;PF16601;PF11464	784	direct
Q9H1P3	Q9H1P3	OSBL2_HUMAN	1	PF01237	480	direct
Q9H1Q7	Q9H1Q7	PED1A_HUMAN	0		454	direct
Q9H1Z4	Q9H1Z4	WDR13_HUMAN	1	PF00400	485	direct
Q9H204	Q9H204	MED28_HUMAN	1	PF11594	178	direct
Q9H223	Q9H223	EHD4_HUMAN	4	PF18150;PF00350;PF12763;PF16880	541	direct
Q9H269	Q9H269	VPS16_HUMAN	2	PF04840;PF04841	839	direct
Q9H270	Q9H270	VPS11_HUMAN	4	PF23341;PF23356;PF12451;PF13923	941	direct
Q9H2D6	Q9H2D6	TARA_HUMAN	1	PF00169	2365	direct
Q9H2F9	Q9H2F9	CCD68_HUMAN	0		335	direct
Q9H2G2	Q9H2G2	SLK_HUMAN	2	PF00069;PF12474	1235	direct
Q9H2G4	Q9H2G4	TSYL2_HUMAN	1	PF00956	693	direct
Q9H2K8	Q9H2K8	TAOK3_HUMAN	1	PF00069	898	direct
Q9H2L4	Q9H2L4	TMM60_HUMAN	1	PF10269	133	direct
Q9H2P0	Q9H2P0	ADNP_HUMAN	3	PF19627;PF00046;PF26748	1102	direct
Q9H2W1	Q9H2W1	M4A6A_HUMAN	1	PF04103	248	direct
Q9H2X0	Q9H2X0	CHRD_HUMAN	2	PF07452;PF00093	955	direct
Q9H2X6	Q9H2X6	HIPK2_HUMAN	1	PF00069	1198	direct
Q9H2X8	Q9H2X8	I27L2_HUMAN	1	PF06140	130	direct
Q9H2Y9	Q9H2Y9	SO5A1_HUMAN	2	PF07648;PF03137	848	direct
Q9H305	Q9H305	CDIP1_HUMAN	1	PF10601	208	direct
Q9H307	Q9H307	PININ_HUMAN	2	PF04696;PF04697	717	direct
Q9H330	Q9H330	TM245_HUMAN	1	PF01594	879	direct
Q9H334	Q9H334	FOXP1_HUMAN	2	PF00250;PF16159	677	direct
Q9H355	Q9H355	Q9H355_HUMAN	0		55	direct
Q9H3E2	Q9H3E2	SNX25_HUMAN	4	PF08628;PF00787;PF02194;PF00615	840	direct
Q9H3F6	Q9H3F6	BACD3_HUMAN	1	PF02214	313	direct
Q9H3G5	Q9H3G5	CPVL_HUMAN	1	PF00450	476	direct
Q9H3K2	Q9H3K2	GHITM_HUMAN	1	PF01027	345	direct
Q9H3M7	Q9H3M7	TXNIP_HUMAN	2	PF02752;PF00339	391	direct
Q9H3N1	Q9H3N1	TMX1_HUMAN	1	PF00085	280	direct
Q9H3P7	Q9H3P7	GCP60_HUMAN	2	PF00887;PF13897	528	direct
Q9H3R5	Q9H3R5	CENPH_HUMAN	1	PF05837	247	direct
Q9H3S7	Q9H3S7	PTN23_HUMAN	3	PF13949;PF03097;PF00102	1636	direct
Q9H3U2	Q9H3U2	Q9H3U2_HUMAN	1	PF13465	167	direct
Q9H400	Q9H400	LIME1_HUMAN	1	PF15332	295	direct
Q9H422	Q9H422	HIPK3_HUMAN	1	PF00069	1215	direct
Q9H4A3	Q9H4A3	WNK1_HUMAN	3	PF24889;PF12202;PF00069	2382	direct
Q9H4A9	Q9H4A9	DPEP2_HUMAN	1	PF01244	486	direct
Q9H4B6	Q9H4B6	SAV1_HUMAN	1	PF00397	383	direct
Q9H4E7	Q9H4E7	DEFI6_HUMAN	2	PF25530;PF00169	631	direct
Q9H4F8	Q9H4F8	SMOC1_HUMAN	4	PF07648;PF10591;PF16597;PF00086	434	direct
Q9H4G0	Q9H4G0	E41L1_HUMAN	6	PF05902;PF08736;PF09380;PF00373;PF09379;PF04382	881	direct
Q9H4I2	Q9H4I2	ZHX3_HUMAN	3	PF00046;PF11569;PF18387	956	direct
Q9H4P4	Q9H4P4	RNF41_HUMAN	2	PF08941;PF13923	317	direct
Q9H582	Q9H582	ZN644_HUMAN	2	PF00096;PF23015	1327	direct
Q9H583	Q9H583	HEAT1_HUMAN	3	PF08146;PF23243;PF12397	2144	direct
Q9H5I1	Q9H5I1	SUV92_HUMAN	3	PF00385;PF05033;PF00856	410	direct
Q9H632	Q9H632	Q9H632_HUMAN	0		163	direct
Q9H6A9	Q9H6A9	PCX3_HUMAN	1	PF05041	2034	direct
Q9H6E5	Q9H6E5	STPAP_HUMAN	4	PF22600;PF03828;PF00076;PF12874	874	direct
Q9H6S1	Q9H6S1	AZI2_HUMAN	1	PF12845	392	direct
Q9H6T3	Q9H6T3	RPAP3_HUMAN	4	PF13877;PF00515;PF13432;PF13181	665	direct
Q9H6U8	Q9H6U8	ALG9_HUMAN	1	PF03901	611	direct
Q9H6W3	Q9H6W3	RIOX1_HUMAN	2	PF08007;PF21233	641	direct
Q9H6X2	Q9H6X2	ANTR1_HUMAN	3	PF05586;PF05587;PF00092	564	direct
Q9H6Z4	Q9H6Z4	RANB3_HUMAN	1	PF00638	567	direct
Q9H707	Q9H707	ZN552_HUMAN	2	PF01352;PF00096	407	direct
Q9H741	Q9H741	SPRNG_HUMAN	1	PF10218	205	direct
Q9H792	Q9H792	PEAK1_HUMAN	1	PF00069	1746	direct
Q9H799	Q9H799	CPLN1_HUMAN	1	PF15392	3197	direct
Q9H7D0	Q9H7D0	DOCK5_HUMAN	7	PF06920;PF20422;PF20421;PF14429;PF16172;PF00018;PF23554	1870	direct
Q9H7P9	Q9H7P9	PKHG2_HUMAN	2	PF00621;PF22697	1386	direct
Q9H7Q5	Q9H7Q5	Q9H7Q5_HUMAN	1	PF00400	182	direct
Q9H7R5	Q9H7R5	ZN665_HUMAN	2	PF01352;PF00096	678	direct
Q9H7U2	Q9H7U2	Q9H7U2_HUMAN	2	PF00096;PF13465	262	direct
Q9H7Z7	Q9H7Z7	PGES2_HUMAN	1	PF13417	377	direct
Q9H869	Q9H869	YYAP1_HUMAN	0		796	direct
Q9H871	Q9H871	RMD5A_HUMAN	2	PF10607;PF13445	391	direct
Q9H8E8	Q9H8E8	CSR2B_HUMAN	1	PF00583	782	direct
Q9H8J5	Q9H8J5	MANS1_HUMAN	1	PF07502	431	direct
Q9H8Y5	Q9H8Y5	ANKZ1_HUMAN	3	PF00023;PF18826;PF18716	726	direct
Q9H8Y8	Q9H8Y8	GORS2_HUMAN	1	PF04495	452	direct
Q9H939	Q9H939	PPIP2_HUMAN	1	PF00611	334	direct
Q9H9A5	Q9H9A5	CNO10_HUMAN	1	PF27626	744	direct
Q9H9B1	Q9H9B1	EHMT1_HUMAN	5	PF12796;PF13637;PF21533;PF05033;PF00856	1298	direct
Q9H9E3	Q9H9E3	COG4_HUMAN	3	PF20662;PF08318;PF20663	785	direct
Q9H9F9	Q9H9F9	ARP5_HUMAN	1	PF00022	607	direct
Q9H9V4	Q9H9V4	RN122_HUMAN	1	PF13639	155	direct
Q9H9V9	Q9H9V9	JMJD4_HUMAN	1	PF02373	417	direct
Q9HA47	Q9HA47	UCK1_HUMAN	1	PF00485	277	direct
Q9HA92	Q9HA92	RSAD1_HUMAN	2	PF06969;PF04055	442	direct
Q9HAB8	Q9HAB8	PPCS_HUMAN	1	PF04127	311	direct
Q9HAD4	Q9HAD4	WDR41_HUMAN	1	PF25178	459	direct
Q9HAH7	Q9HAH7	FBRS_HUMAN	1	PF15336	460	direct
Q9HAP2	Q9HAP2	MLXIP_HUMAN	1	PF00010	919	direct
Q9HAU5	Q9HAU5	RENT2_HUMAN	2	PF02854;PF04050	1272	direct
Q9HAU8	Q9HAU8	RNPL1_HUMAN	3	PF09127;PF01433;PF17900	725	direct
Q9HAV4	Q9HAV4	XPO5_HUMAN	3	PF19273;PF03810;PF08389	1204	direct
Q9HAV7	Q9HAV7	GRPE1_HUMAN	1	PF01025	217	direct
Q9HB21	Q9HB21	PKHA1_HUMAN	1	PF00169	404	direct
Q9HB58	Q9HB58	SP110_HUMAN	2	PF03172;PF01342	689	direct
Q9HB63	Q9HB63	NET4_HUMAN	4	PF00053;PF24973;PF00055;PF01759	628	direct
Q9HB66	Q9HB66	Q9HB66_HUMAN	0		63	direct
Q9HB72	Q9HB72	Q9HB72_HUMAN	2	PF04419;PF12874	76	direct
Q9HB90	Q9HB90	RRAGC_HUMAN	1	PF04670	399	direct
Q9HBG6	Q9HBG6	IF122_HUMAN	6	PF23381;PF23377;PF25295;PF00400;PF25144;PF25143	1241	direct
Q9HBG7	Q9HBG7	LY9_HUMAN	0		655	direct
Q9HBH9	Q9HBH9	MKNK2_HUMAN	1	PF00069	465	direct
Q9HBI5	Q9HBI5	CEP15_HUMAN	1	PF15134	128	direct
Q9HBK9	Q9HBK9	AS3MT_HUMAN	1	PF13847	375	direct
Q9HBL8	Q9HBL8	NMRL1_HUMAN	1	PF05368	299	direct
Q9HBS4	Q9HBS4	Q9HBS4_HUMAN	1	PF07714	421	direct
Q9HBU0	Q9HBU0	Q9HBU0_HUMAN	0		0	direct
Q9HBU6	Q9HBU6	EKI1_HUMAN	1	PF01633	452	direct
Q9HC24	Q9HC24	LFG4_HUMAN	1	PF01027	238	direct
Q9HC77	Q9HC77	CPAP_HUMAN	2	PF07202;PF25779	1338	direct
Q9HC84	Q9HC84	MUC5B_HUMAN	5	PF08742;PF13330;PF01826;PF25962;PF00094	5762	direct
Q9HCA8	Q9HCA8	Q9HCA8_HUMAN	0		0	direct
Q9HCC8	Q9HCC8	GDE3_HUMAN	2	PF03009;PF13653	539	direct
Q9HCD5	Q9HCD5	NCOA5_HUMAN	0		579	direct
Q9HCG1	Q9HCG1	ZN160_HUMAN	2	PF01352;PF00096	818	direct
Q9HCG7	Q9HCG7	GBA2_HUMAN	2	PF04685;PF12215	927	direct
Q9HCG8	Q9HCG8	CWC22_HUMAN	2	PF02847;PF02854	908	direct
Q9HCI5	Q9HCI5	MAGE1_HUMAN	1	PF01454	957	direct
Q9HCI7	Q9HCI7	MSL2_HUMAN	2	PF16682;PF16685	577	direct
Q9HCK3	Q9HCK3	Q9HCK3_HUMAN	8	PF22060;PF22064;PF22067;PF22073;PF22074;PF22076;PF22065;PF22066	1140	direct
Q9HCK4	Q9HCK4	ROBO2_HUMAN	3	PF00041;PF07679;PF13927	1378	direct
Q9HCK8	Q9HCK8	CHD8_HUMAN	5	PF07533;PF00385;PF00271;PF23078;PF00176	2581	direct
Q9HCM1	Q9HCM1	RESF1_HUMAN	1	PF15395	1747	direct
Q9HCN4	Q9HCN4	GPN1_HUMAN	1	PF03029	374	direct
Q9HCU8	Q9HCU8	DPOD4_HUMAN	1	PF04081	107	direct
Q9HD26	Q9HD26	GOPC_HUMAN	1	PF00595	462	direct
Q9HD43	Q9HD43	PTPRH_HUMAN	2	PF00041;PF00102	1115	direct
Q9HD45	Q9HD45	TM9S3_HUMAN	1	PF02990	589	direct
Q9NNW5	Q9NNW5	WDR6_HUMAN	1	PF00400	1121	direct
Q9NP59	Q9NP59	S40A1_HUMAN	1	PF06963	571	direct
Q9NP61	Q9NP61	ARFG3_HUMAN	1	PF01412	516	direct
Q9NP66	Q9NP66	HM20A_HUMAN	1	PF00505	347	direct
Q9NP72	Q9NP72	RAB18_HUMAN	1	PF00071	206	direct
Q9NP73	Q9NP73	ALG13_HUMAN	2	PF04101;PF02338	1137	direct
Q9NP74	Q9NP74	PALMD_HUMAN	1	PF03285	551	direct
Q9NP79	Q9NP79	VTA1_HUMAN	2	PF04652;PF18097	307	direct
Q9NP84	Q9NP84	TNR12_HUMAN	1	PF12191	129	direct
Q9NP97	Q9NP97	DLRB1_HUMAN	1	PF03259	96	direct
Q9NPC3	Q9NPC3	CIP1_HUMAN	1	PF14634	277	direct
Q9NPC6	Q9NPC6	MYOZ2_HUMAN	1	PF05556	264	direct
Q9NPE2	Q9NPE2	NGRN_HUMAN	1	PF06413	291	direct
Q9NPF0	Q9NPF0	CD320_HUMAN	1	PF00057	282	direct
Q9NPH2	Q9NPH2	INO1_HUMAN	2	PF01658;PF07994	558	direct
Q9NPI1	Q9NPI1	BRD7_HUMAN	2	PF00439;PF12024	651	direct
Q9NPI7	Q9NPI7	KRCC1_HUMAN	0		259	direct
Q9NPI8	Q9NPI8	FANCF_HUMAN	1	PF11107	374	direct
Q9NPI9	Q9NPI9	KCJ16_HUMAN	2	PF01007;PF17655	418	direct
Q9NPJ3	Q9NPJ3	ACO13_HUMAN	1	PF03061	140	direct
Q9NPJ6	Q9NPJ6	MED4_HUMAN	1	PF10018	270	direct
Q9NPQ8	Q9NPQ8	RIC8A_HUMAN	1	PF10165	531	direct
Q9NQ29	Q9NQ29	LUC7L_HUMAN	1	PF03194	371	direct
Q9NQ48	Q9NQ48	LZTL1_HUMAN	1	PF15294	299	direct
Q9NQ94	Q9NQ94	A1CF_HUMAN	2	PF14709;PF00076	594	direct
Q9NQB0	Q9NQB0	TF7L2_HUMAN	3	PF08347;PF00505;PF27556	619	direct
Q9NQC1	Q9NQC1	JADE2_HUMAN	3	PF10513;PF13831;PF13832	790	direct
Q9NQC3	Q9NQC3	RTN4_HUMAN	1	PF02453	1192	direct
Q9NQC7	Q9NQC7	CYLD_HUMAN	3	PF01302;PF16607;PF00443	956	direct
Q9NQQ7	Q9NQQ7	S35H1_HUMAN	1	PF03151	365	direct
Q9NQR4	Q9NQR4	NIT2_HUMAN	1	PF00795	276	direct
Q9NQS3	Q9NQS3	NECT3_HUMAN	2	PF08205;PF07686	549	direct
Q9NQT5	Q9NQT5	EXOS3_HUMAN	3	PF15985;PF21261;PF21262	275	direct
Q9NQT8	Q9NQT8	KI13B_HUMAN	6	PF01302;PF12473;PF00498;PF12423;PF00225;PF16183	1826	direct
Q9NQX5	Q9NQX5	NPDC1_HUMAN	1	PF06809	325	direct
Q9NQZ2	Q9NQZ2	SAS10_HUMAN	2	PF09368;PF04000	479	direct
Q9NR00	Q9NR00	TCIM_HUMAN	1	PF15063	106	direct
Q9NR09	Q9NR09	BIRC6_HUMAN	3	PF00653;PF12356;PF00179	4857	direct
Q9NR12	Q9NR12	PDLI7_HUMAN	2	PF00412;PF00595	457	direct
Q9NR19	Q9NR19	ACSA_HUMAN	3	PF16177;PF00501;PF13193	701	direct
Q9NR28	Q9NR28	DBLOH_HUMAN	1	PF09057	239	direct
Q9NR48	Q9NR48	ASH1L_HUMAN	5	PF17907;PF01426;PF00439;PF20826;PF00856	2969	direct
Q9NR56	Q9NR56	MBNL1_HUMAN	3	PF00642;PF22628;PF14608	388	direct
Q9NRA0	Q9NRA0	SPHK2_HUMAN	2	PF00781;PF19279	654	direct
Q9NRA2	Q9NRA2	S17A5_HUMAN	1	PF07690	495	direct
Q9NRA8	Q9NRA8	4ET_HUMAN	1	PF10477	985	direct
Q9NRH2	Q9NRH2	SNRK_HUMAN	1	PF00069	765	direct
Q9NRM2	Q9NRM2	ZN277_HUMAN	1	PF12756	450	direct
Q9NRM6	Q9NRM6	I17RB_HUMAN	3	PF16556;PF16578;PF08357	502	direct
Q9NRQ2	Q9NRQ2	PLS4_HUMAN	1	PF03803	329	direct
Q9NRV9	Q9NRV9	HEBP1_HUMAN	1	PF04832	189	direct
Q9NRW3	Q9NRW3	ABC3C_HUMAN	1	PF18782	190	direct
Q9NRX5	Q9NRX5	SERC1_HUMAN	1	PF03348	453	direct
Q9NRY6	Q9NRY6	PLS3_HUMAN	1	PF03803	295	direct
Q9NRZ7	Q9NRZ7	PLCC_HUMAN	2	PF16076;PF01553	376	direct
Q9NRZ9	Q9NRZ9	HELLS_HUMAN	2	PF00271;PF00176	838	direct
Q9NS56	Q9NS56	TOPRS_HUMAN	2	PF26084;PF00097	1045	direct
Q9NS62	Q9NS62	THSD1_HUMAN	4	PF24310;PF24311;PF24306;PF00090	852	direct
Q9NS73	Q9NS73	MBIP1_HUMAN	1	PF27820	344	direct
Q9NS93	Q9NS93	TM7S3_HUMAN	3	PF27919;PF25992;PF13886	570	direct
Q9NSC5	Q9NSC5	HOME3_HUMAN	1	PF00568	361	direct
Q9NSC7	Q9NSC7	SIA7A_HUMAN	1	PF00777	600	direct
Q9NSI6	Q9NSI6	BRWD1_HUMAN	4	PF00439;PF25437;PF25313;PF00400	2320	direct
Q9NSI8	Q9NSI8	SAMN1_HUMAN	3	PF07647;PF07653;PF12485	373	direct
Q9NSK7	Q9NSK7	CS012_HUMAN	1	PF20721	141	direct
Q9NTI5	Q9NTI5	PDS5B_HUMAN	1	PF20168	1447	direct
Q9NTJ3	Q9NTJ3	SMC4_HUMAN	2	PF06470;PF02463	1288	direct
Q9NTM9	Q9NTM9	CUTC_HUMAN	1	PF03932	273	direct
Q9NTU6	Q9NTU6	Q9NTU6_HUMAN	1	PF15229	428	direct
Q9NTX5	Q9NTX5	ECHD1_HUMAN	1	PF00378	307	direct
Q9NTZ6	Q9NTZ6	RBM12_HUMAN	2	PF00076;PF28441	932	direct
Q9NU22	Q9NU22	MDN1_HUMAN	4	PF07728;PF17865;PF17867;PF21108	5596	direct
Q9NUG4	Q9NUG4	CCM2L_HUMAN	1	PF16545	571	direct
Q9NUL3	Q9NUL3	STAU2_HUMAN	2	PF00035;PF16482	570	direct
Q9NUL6	Q9NUL6	Q9NUL6_HUMAN	2	PF00169;PF01369	201	direct
Q9NUL7	Q9NUL7	DDX28_HUMAN	2	PF00270;PF00271	540	direct
Q9NUM3	Q9NUM3	S39A9_HUMAN	1	PF02535	307	direct
Q9NUN5	Q9NUN5	LMBD1_HUMAN	1	PF04791	540	direct
Q9NUU7	Q9NUU7	DD19A_HUMAN	2	PF00270;PF00271	478	direct
Q9NUV9	Q9NUV9	GIMA4_HUMAN	1	PF04548	329	direct
Q9NUX5	Q9NUX5	POTE1_HUMAN	3	PF02765;PF21375;PF16686	634	direct
Q9NUY8	Q9NUY8	TBC23_HUMAN	3	PF00566;PF00581;PF19430	699	direct
Q9NV12	Q9NV12	TM140_HUMAN	1	PF14985	185	direct
Q9NV31	Q9NV31	IMP3_HUMAN	2	PF00163;PF01479	184	direct
Q9NV66	Q9NV66	TYW1_HUMAN	3	PF00258;PF04055;PF08608	732	direct
Q9NV70	Q9NV70	EXOC1_HUMAN	3	PF15277;PF20654;PF09763	894	direct
Q9NV88	Q9NV88	INT9_HUMAN	3	PF10996;PF21382;PF16661	658	direct
Q9NV96	Q9NV96	CC50A_HUMAN	1	PF03381	361	direct
Q9NVD7	Q9NVD7	PARVA_HUMAN	1	PF00307	372	direct
Q9NVK5	Q9NVK5	FGOP2_HUMAN	1	PF05769	253	direct
Q9NVU7	Q9NVU7	SDA1_HUMAN	3	PF21638;PF05285;PF08158	687	direct
Q9NVV2	Q9NVV2	CS073_HUMAN	1	PF17692	129	direct
Q9NW64	Q9NW64	RBM22_HUMAN	3	PF00076;PF21369;PF25584	420	direct
Q9NW68	Q9NW68	BSDC1_HUMAN	1	PF03909	430	direct
Q9NWB6	Q9NWB6	ARGL1_HUMAN	1	PF15346	273	direct
Q9NWB7	Q9NWB7	IFT57_HUMAN	1	PF10498	429	direct
Q9NWF9	Q9NWF9	RN216_HUMAN	5	PF26200;PF26191;PF28408;PF28565;PF26112	866	direct
Q9NWH9	Q9NWH9	SLTM_HUMAN	2	PF00076;PF02037	1034	direct
Q9NWQ8	Q9NWQ8	PHAG1_HUMAN	1	PF15347	432	direct
Q9NWR8	Q9NWR8	MCUB_HUMAN	1	PF04678	336	direct
Q9NWS0	Q9NWS0	PIHD1_HUMAN	2	PF08190;PF18201	290	direct
Q9NWT8	Q9NWT8	AKIP_HUMAN	1	PF08213	199	direct
Q9NWW7	Q9NWW7	CB042_HUMAN	2	PF26708;PF14952	574	direct
Q9NWZ3	Q9NWZ3	IRAK4_HUMAN	1	PF07714	460	direct
Q9NWZ5	Q9NWZ5	UCKL1_HUMAN	2	PF00485;PF14681	548	direct
Q9NX09	Q9NX09	DDIT4_HUMAN	1	PF07809	232	direct
Q9NX31	Q9NX31	OSER1_HUMAN	1	PF05604	292	direct
Q9NX63	Q9NX63	MIC19_HUMAN	1	PF05300	227	direct
Q9NX76	Q9NX76	CKLF6_HUMAN	1	PF01284	183	direct
Q9NXD2	Q9NXD2	MTMRA_HUMAN	2	PF12578;PF06602	777	direct
Q9NXF7	Q9NXF7	DCA16_HUMAN	1	PF15349	216	direct
Q9NXF8	Q9NXF8	ZDHC7_HUMAN	1	PF01529	308	direct
Q9NXJ9	Q9NXJ9	Q9NXJ9_HUMAN	2	PF21227;PF02671	697	direct
Q9NXL6	Q9NXL6	SIDT1_HUMAN	1	PF13965	827	direct
Q9NXL9	Q9NXL9	MCM9_HUMAN	4	PF00493;PF26066;PF17855;PF17207	1143	direct
Q9NXR1	Q9NXR1	NDE1_HUMAN	1	PF04880	335	direct
Q9NXT0	Q9NXT0	ZN586_HUMAN	2	PF01352;PF00096	402	direct
Q9NY15	Q9NY15	STAB1_HUMAN	4	PF12947;PF24887;PF02469;PF00193	2570	direct
Q9NY61	Q9NY61	AATF_HUMAN	2	PF13339;PF08164	560	direct
Q9NY93	Q9NY93	DDX56_HUMAN	2	PF00270;PF00271	547	direct
Q9NYB0	Q9NYB0	TE2IP_HUMAN	3	PF16589;PF08914;PF11626	399	direct
Q9NYF8	Q9NYF8	BCLF1_HUMAN	1	PF15440	920	direct
Q9NYG2	Q9NYG2	ZDHC3_HUMAN	1	PF01529	299	direct
Q9NYH9	Q9NYH9	UTP6_HUMAN	2	PF08640;PF24892	597	direct
Q9NYI0	Q9NYI0	PSD3_HUMAN	2	PF15410;PF01369	1048	direct
Q9NYJ8	Q9NYJ8	TAB2_HUMAN	1	PF02845	693	direct
Q9NYK1	Q9NYK1	TLR7_HUMAN	2	PF13855;PF01582	1049	direct
Q9NYV4	Q9NYV4	CDK12_HUMAN	1	PF00069	1490	direct
Q9NYY3	Q9NYY3	PLK2_HUMAN	2	PF00069;PF00659	685	direct
Q9NYY8	Q9NYY8	FAKD2_HUMAN	3	PF06743;PF08368;PF08373	710	direct
Q9NZ08	Q9NZ08	ERAP1_HUMAN	3	PF11838;PF01433;PF17900	941	direct
Q9NZ32	Q9NZ32	ARP10_HUMAN	1	PF00022	417	direct
Q9NZ45	Q9NZ45	CISD1_HUMAN	2	PF10660;PF09360	108	direct
Q9NZ71	Q9NZ71	RTEL1_HUMAN	4	PF23109;PF06733;PF13307;PF23116	1219	direct
Q9NZB2	Q9NZB2	F120A_HUMAN	1	PF27242	1118	direct
Q9NZC3	Q9NZC3	GDE1_HUMAN	1	PF03009	331	direct
Q9NZD2	Q9NZD2	GLTP_HUMAN	1	PF08718	209	direct
Q9NZD8	Q9NZD8	SPG21_HUMAN	1	PF00561	308	direct
Q9NZE8	Q9NZE8	RM35_HUMAN	1	PF01632	188	direct
Q9NZJ4	Q9NZJ4	SACS_HUMAN	3	PF05168;PF25794;PF00240	4579	direct
Q9NZJ5	Q9NZJ5	E2AK3_HUMAN	1	PF00069	1116	direct
Q9NZM3	Q9NZM3	ITSN2_HUMAN	7	PF00168;PF12763;PF16652;PF00621;PF00018;PF07653;PF14604	1697	direct
Q9NZM4	Q9NZM4	BICRA_HUMAN	1	PF15249	1560	direct
Q9NZM5	Q9NZM5	NOP53_HUMAN	1	PF07767	478	direct
Q9NZN3	Q9NZN3	EHD3_HUMAN	4	PF18150;PF00350;PF12763;PF16880	535	direct
Q9NZN5	Q9NZN5	ARHGC_HUMAN	4	PF00595;PF17838;PF09128;PF00621	1544	direct
Q9NZN8	Q9NZN8	CNOT2_HUMAN	1	PF04153	540	direct
Q9NZQ3	Q9NZQ3	SPN90_HUMAN	2	PF00018;PF09431	722	direct
Q9NZS9	Q9NZS9	BFAR_HUMAN	2	PF00536;PF15227	450	direct
Q9NZV1	Q9NZV1	CRIM1_HUMAN	5	PF02822;PF19442;PF00219;PF00093;PF23334	1036	direct
Q9NZY0	Q9NZY0	Q9NZY0_HUMAN	1	PF00514	275	direct
Q9P007	Q9P007	Q9P007_HUMAN	0		154	direct
Q9P013	Q9P013	CWC15_HUMAN	1	PF04889	229	direct
Q9P021	Q9P021	CRIPT_HUMAN	1	PF10235	101	direct
Q9P031	Q9P031	TAP26_HUMAN	1	PF08524	241	direct
Q9P0J1	Q9P0J1	PDP1_HUMAN	1	PF00481	537	direct
Q9P0K7	Q9P0K7	RAI14_HUMAN	3	PF00023;PF12796;PF13857	980	direct
Q9P0K8	Q9P0K8	FOXJ2_HUMAN	1	PF00250	574	direct
Q9P0L0	Q9P0L0	VAPA_HUMAN	1	PF00635	249	direct
Q9P0M7	Q9P0M7	Q9P0M7_HUMAN	1	PF00651	323	direct
Q9P0Q9	Q9P0Q9	Q9P0Q9_HUMAN	0		170	direct
Q9P0U3	Q9P0U3	SENP1_HUMAN	1	PF02902	644	direct
Q9P0W2	Q9P0W2	HM20B_HUMAN	1	PF00505	317	direct
Q9P153	Q9P153	Q9P153_HUMAN	0		144	direct
Q9P1T7	Q9P1T7	MDFIC_HUMAN	1	PF15316	246	direct
Q9P1U0	Q9P1U0	RPA12_HUMAN	1	PF01096	126	direct
Q9P1U1	Q9P1U1	ARP3B_HUMAN	1	PF00022	418	direct
Q9P1Y0	Q9P1Y0	Q9P1Y0_HUMAN	0		0	direct
Q9P1Z2	Q9P1Z2	CACO1_HUMAN	3	PF07888;PF17751;PF18112	691	direct
Q9P202	Q9P202	WHRN_HUMAN	1	PF00595	907	direct
Q9P219	Q9P219	DAPLE_HUMAN	1	PF19047	2028	direct
Q9P253	Q9P253	VPS18_HUMAN	2	PF05131;PF26148	973	direct
Q9P260	Q9P260	RELCH_HUMAN	0		1216	direct
Q9P267	Q9P267	MBD5_HUMAN	0		1494	direct
Q9P291	Q9P291	ARMX1_HUMAN	1	PF04826	453	direct
Q9P296	Q9P296	C5AR2_HUMAN	1	PF00001	337	direct
Q9P2A4	Q9P2A4	ABI3_HUMAN	3	PF27594;PF07815;PF14604	366	direct
Q9P2D0	Q9P2D0	IBTK_HUMAN	3	PF12796;PF00651;PF00415	1353	direct
Q9P2D3	Q9P2D3	HTR5B_HUMAN	2	PF25468;PF20210	2071	direct
Q9P2E2	Q9P2E2	KIF17_HUMAN	1	PF00225	1029	direct
Q9P2E3	Q9P2E3	ZNFX1_HUMAN	4	PF13086;PF13087;PF20173;PF25396	1918	direct
Q9P2F8	Q9P2F8	SI1L2_HUMAN	4	PF00595;PF21022;PF02145;PF11881	1722	direct
Q9P2H3	Q9P2H3	IFT80_HUMAN	3	PF23335;PF23387;PF00400	777	direct
Q9P2I0	Q9P2I0	CPSF2_HUMAN	4	PF10996;PF13299;PF16661;PF07521	782	direct
Q9P2J5	Q9P2J5	SYLC_HUMAN	4	PF08264;PF24810;PF00133;PF22947	1176	direct
Q9P2M4	Q9P2M4	TBC14_HUMAN	1	PF00566	693	direct
Q9P2N5	Q9P2N5	RBM27_HUMAN	3	PF01480;PF00076;PF00642	1060	direct
Q9P2Q2	Q9P2Q2	FRM4A_HUMAN	4	PF11819;PF09380;PF00373;PF09379	1039	direct
Q9P2R3	Q9P2R3	ANFY1_HUMAN	5	PF00023;PF12796;PF13637;PF00651;PF01363	1169	direct
Q9P2T1	Q9P2T1	GMPR2_HUMAN	1	PF00478	348	direct
Q9P2X3	Q9P2X3	IMPCT_HUMAN	2	PF01205;PF05773	320	direct
Q9TQE0	Q9TQE0	2B19_HUMAN	0		0	direct
Q9TQE4	Q9TQE4	Q9TQE4_HUMAN	0		0	direct
Q9UBB9	Q9UBB9	TFP11_HUMAN	3	PF01585;PF07842;PF12457	837	direct
Q9UBC2	Q9UBC2	EP15R_HUMAN	1	PF12763	864	direct
Q9UBD5	Q9UBD5	ORC3_HUMAN	3	PF19675;PF07034;PF18137	711	direct
Q9UBE0	Q9UBE0	SAE1_HUMAN	1	PF00899	346	direct
Q9UBK5	Q9UBK5	HCST_HUMAN	1	PF07213	93	direct
Q9UBK9	Q9UBK9	UXT_HUMAN	1	PF02996	157	direct
Q9UBL3	Q9UBL3	ASH2L_HUMAN	3	PF21198;PF21257;PF00622	628	direct
Q9UBM7	Q9UBM7	DHCR7_HUMAN	1	PF01222	475	direct
Q9UBN7	Q9UBN7	HDAC6_HUMAN	2	PF00850;PF02148	1215	direct
Q9UBP0	Q9UBP0	SPAST_HUMAN	3	PF00004;PF17862;PF09336	616	direct
Q9UBQ0	Q9UBQ0	VPS29_HUMAN	1	PF12850	182	direct
Q9UBS4	Q9UBS4	DJB11_HUMAN	2	PF00226;PF01556	358	direct
Q9UBT6	Q9UBT6	POLK_HUMAN	3	PF00817;PF11799;PF11798	870	direct
Q9UBU8	Q9UBU8	MO4L1_HUMAN	2	PF05712;PF11717	362	direct
Q9UBU9	Q9UBU9	NXF1_HUMAN	4	PF24048;PF22602;PF09162;PF03943	619	direct
Q9UBV2	Q9UBV2	SE1L1_HUMAN	2	PF00040;PF08238	794	direct
Q9UBW5	Q9UBW5	BIN2_HUMAN	2	PF03114;PF21532	565	direct
Q9UBW7	Q9UBW7	ZMYM2_HUMAN	3	PF12012;PF25561;PF06467	1377	direct
Q9UDT6	Q9UDT6	CLIP2_HUMAN	2	PF01302;PF27241	1046	direct
Q9UDV7	Q9UDV7	ZN282_HUMAN	2	PF01352;PF00096	671	direct
Q9UEE5	Q9UEE5	ST17A_HUMAN	1	PF00069	414	direct
Q9UEF7	Q9UEF7	KLOT_HUMAN	1	PF00232	1012	direct
Q9UER7	Q9UER7	DAXX_HUMAN	2	PF03344;PF20920	740	direct
Q9UEY8	Q9UEY8	ADDG_HUMAN	1	PF00596	706	direct
Q9UF61	Q9UF61	Q9UF61_HUMAN	0		256	direct
Q9UF98	Q9UF98	Q9UF98_HUMAN	4	PF12947;PF23106;PF02469;PF00193	862	direct
Q9UFF9	Q9UFF9	CNOT8_HUMAN	1	PF04857	292	direct
Q9UFN0	Q9UFN0	NPS3A_HUMAN	1	PF07978	247	direct
Q9UFZ8	Q9UFZ8	Q9UFZ8_HUMAN	0		0	direct
Q9UG01	Q9UG01	IF172_HUMAN	3	PF24762;PF23387;PF00400	1749	direct
Q9UGI0	Q9UGI0	ZRAN1_HUMAN	3	PF18418;PF02338;PF00641	708	direct
Q9UGI8	Q9UGI8	TES_HUMAN	2	PF00412;PF06297	421	direct
Q9UGM3	Q9UGM3	DMBT1_HUMAN	4	PF00431;PF00530;PF00100;PF23344	2413	direct
Q9UGP4	Q9UGP4	LIMD1_HUMAN	1	PF00412	676	direct
Q9UGP8	Q9UGP8	SEC63_HUMAN	2	PF00226;PF02889	760	direct
Q9UGT4	Q9UGT4	SUSD2_HUMAN	4	PF03782;PF23263;PF00084;PF00094	822	direct
Q9UGV2	Q9UGV2	NDRG3_HUMAN	1	PF03096	375	direct
Q9UH99	Q9UH99	SUN2_HUMAN	2	PF18580;PF07738	717	direct
Q9UHB6	Q9UHB6	LIMA1_HUMAN	1	PF00412	759	direct
Q9UHB9	Q9UHB9	SRP68_HUMAN	1	PF16969	627	direct
Q9UHC6	Q9UHC6	CNTP2_HUMAN	2	PF00754;PF02210	1331	direct
Q9UHC7	Q9UHC7	MKRN1_HUMAN	5	PF15815;PF00097;PF00642;PF14608;PF18044	482	direct
Q9UHD2	Q9UHD2	TBK1_HUMAN	3	PF00069;PF18394;PF18396	729	direct
Q9UHE5	Q9UHE5	NAT8_HUMAN	1	PF00583	227	direct
Q9UHF1	Q9UHF1	EGFL7_HUMAN	3	PF07974;PF07546;PF14670	273	direct
Q9UHF7	Q9UHF7	TRPS1_HUMAN	6	PF00320;PF27058;PF27065;PF27047;PF27082;PF27088	1281	direct
Q9UHI8	Q9UHI8	ATS1_HUMAN	7	PF17771;PF19236;PF05986;PF01562;PF01421;PF19030;PF00090	967	direct
Q9UHL3	Q9UHL3	F153A_HUMAN	1	PF15722	310	direct
Q9UHL4	Q9UHL4	DPP2_HUMAN	1	PF05577	492	direct
Q9UHN6	Q9UHN6	CEIP2_HUMAN	4	PF24606;PF24605;PF10162;PF15711	1383	direct
Q9UHQ1	Q9UHQ1	NARF_HUMAN	2	PF02906;PF02256	456	direct
Q9UHR4	Q9UHR4	BI2L1_HUMAN	2	PF08397;PF14604	511	direct
Q9UHR5	Q9UHR5	S30BP_HUMAN	1	PF07818	308	direct
Q9UHV9	Q9UHV9	PFD2_HUMAN	1	PF01920	154	direct
Q9UHW9	Q9UHW9	S12A6_HUMAN	2	PF00324;PF03522	1150	direct
Q9UHX1	Q9UHX1	PUF60_HUMAN	1	PF00076	559	direct
Q9UHY1	Q9UHY1	NRBP_HUMAN	1	PF07714	535	direct
Q9UHY8	Q9UHY8	FEZ2_HUMAN	1	PF07763	353	direct
Q9UI12	Q9UI12	VATH_HUMAN	2	PF11698;PF03224	483	direct
Q9UI33	Q9UI33	SCNBA_HUMAN	3	PF00520;PF24609;PF06512	1791	direct
Q9UI68	Q9UI68	Q9UI68_HUMAN	1	PF20470	129	direct
Q9UI95	Q9UI95	MD2L2_HUMAN	1	PF02301	211	direct
Q9UIC8	Q9UIC8	LCMT1_HUMAN	1	PF04072	334	direct
Q9UID6	Q9UID6	ZN639_HUMAN	1	PF00096	485	direct
Q9UIE0	Q9UIE0	ZN230_HUMAN	2	PF01352;PF00096	474	direct
Q9UIH9	Q9UIH9	KLF15_HUMAN	1	PF00096	416	direct
Q9UII2	Q9UII2	ATIF1_HUMAN	1	PF04568	106	direct
Q9UIL1	Q9UIL1	SCOC_HUMAN	1	PF10224	159	direct
Q9UIL8	Q9UIL8	PHF11_HUMAN	1	PF13771	331	direct
Q9UIQ6	Q9UIQ6	LCAP_HUMAN	3	PF11838;PF01433;PF17900	1025	direct
Q9UJ04	Q9UJ04	TSYL4_HUMAN	1	PF00956	414	direct
Q9UJ70	Q9UJ70	NAGK_HUMAN	1	PF01869	344	direct
Q9UJ71	Q9UJ71	CLC4K_HUMAN	1	PF00059	328	direct
Q9UJ98	Q9UJ98	STAG3_HUMAN	3	PF24571;PF21581;PF08514	1225	direct
Q9UJF2	Q9UJF2	NGAP_HUMAN	4	PF00168;PF12004;PF25321;PF00616	1139	direct
Q9UJJ9	Q9UJJ9	GNPTG_HUMAN	1	PF07915	305	direct
Q9UJT9	Q9UJT9	FBXL7_HUMAN	2	PF12937;PF25372	491	direct
Q9UJV3	Q9UJV3	TRIM1_HUMAN	6	PF22586;PF18568;PF00041;PF00622;PF00643;PF13445	735	direct
Q9UJV9	Q9UJV9	DDX41_HUMAN	2	PF00270;PF00271	622	direct
Q9UJW9	Q9UJW9	SRTD3_HUMAN	1	PF06031	196	direct
Q9UJX2	Q9UJX2	CDC23_HUMAN	3	PF04049;PF13414;PF13181	597	direct
Q9UJY1	Q9UJY1	HSPB8_HUMAN	1	PF00011	196	direct
Q9UJY4	Q9UJY4	GGA2_HUMAN	4	PF02883;PF03127;PF18308;PF00790	613	direct
Q9UJY5	Q9UJY5	GGA1_HUMAN	4	PF02883;PF03127;PF18308;PF00790	639	direct
Q9UJZ1	Q9UJZ1	STML2_HUMAN	2	PF01145;PF16200	356	direct
Q9UK58	Q9UK58	CCNL1_HUMAN	2	PF00134;PF21797	526	direct
Q9UK59	Q9UK59	DBR1_HUMAN	2	PF05011;PF00149	544	direct
Q9UK61	Q9UK61	TASOR_HUMAN	3	PF12509;PF24630;PF23314	1670	direct
Q9UK73	Q9UK73	FEM1B_HUMAN	2	PF00023;PF12796	627	direct
Q9UK97	Q9UK97	FBX9_HUMAN	2	PF12937;PF19270	447	direct
Q9UKA1	Q9UKA1	FBXL5_HUMAN	3	PF12937;PF01814;PF13516	691	direct
Q9UKA2	Q9UKA2	FBXL4_HUMAN	2	PF12937;PF25372	621	direct
Q9UKI2	Q9UKI2	BORG2_HUMAN	2	PF14957;PF00786	254	direct
Q9UKI8	Q9UKI8	TLK1_HUMAN	1	PF00069	766	direct
Q9UKJ0	Q9UKJ0	PILRB_HUMAN	0		227	direct
Q9UKJ1	Q9UKJ1	PILRA_HUMAN	1	PF07686	303	direct
Q9UKJ3	Q9UKJ3	GPTC8_HUMAN	2	PF01585;PF27597	1502	direct
Q9UKK3	Q9UKK3	PARP4_HUMAN	6	PF00533;PF00644;PF26156;PF08487;PF00092;PF26166	1724	direct
Q9UKK9	Q9UKK9	NUDT5_HUMAN	1	PF00293	219	direct
Q9UKL3	Q9UKL3	C8AP2_HUMAN	1	PF21227	1982	direct
Q9UKN5	Q9UKN5	PRDM4_HUMAN	3	PF21549;PF00096;PF18445	801	direct
Q9UKT7	Q9UKT7	FBXL3_HUMAN	1	PF12937	428	direct
Q9UKT9	Q9UKT9	IKZF3_HUMAN	1	PF00096	509	direct
Q9UKV0	Q9UKV0	HDAC9_HUMAN	2	PF12203;PF00850	1011	direct
Q9UKY1	Q9UKY1	ZHX1_HUMAN	3	PF00046;PF11569;PF18387	873	direct
Q9UKZ1	Q9UKZ1	CNO11_HUMAN	2	PF27642;PF10155	510	direct
Q9UL45	Q9UL45	BL1S6_HUMAN	1	PF14712	172	direct
Q9UL46	Q9UL46	PSME2_HUMAN	2	PF02252;PF02251	239	direct
Q9UL54	Q9UL54	TAOK2_HUMAN	1	PF00069	1235	direct
Q9ULC5	Q9ULC5	ACSL5_HUMAN	1	PF00501	683	direct
Q9ULD2	Q9ULD2	MTUS1_HUMAN	1	PF27558	1270	direct
Q9ULD4	Q9ULD4	BRPF3_HUMAN	5	PF00439;PF10513;PF13831;PF00855;PF13832	1205	direct
Q9ULF5	Q9ULF5	S39AA_HUMAN	1	PF02535	831	direct
Q9ULG6	Q9ULG6	CCPG1_HUMAN	2	PF27631;PF27636	757	direct
Q9ULH0	Q9ULH0	KDIS_HUMAN	4	PF00023;PF12796;PF07693;PF23307	1771	direct
Q9ULJ1	Q9ULJ1	ODF2L_HUMAN	1	PF27605	636	direct
Q9ULJ6	Q9ULJ6	ZMIZ1_HUMAN	3	PF25527;PF02891;PF18028	1067	direct
Q9ULK4	Q9ULK4	MED23_HUMAN	1	PF11573	1368	direct
Q9ULL1	Q9ULL1	PKHG1_HUMAN	2	PF00621;PF22697	1385	direct
Q9ULL5	Q9ULL5	PRR12_HUMAN	1	PF13926	2036	direct
Q9ULM0	Q9ULM0	PKHH1_HUMAN	4	PF00373;PF00784;PF00169;PF21989	1364	direct
Q9ULS5	Q9ULS5	TMCC3_HUMAN	1	PF10267	477	direct
Q9ULT0	Q9ULT0	TTC7A_HUMAN	2	PF13181;PF19440	858	direct
Q9ULV3	Q9ULV3	CIZ1_HUMAN	2	PF23330;PF12171	898	direct
Q9ULV8	Q9ULV8	CBLC_HUMAN	4	PF02262;PF02761;PF02762;PF13920	474	direct
Q9ULX3	Q9ULX3	NOB1_HUMAN	3	PF17146;PF15017;PF08772	412	direct
Q9ULX6	Q9ULX6	AKP8L_HUMAN	1	PF04988	646	direct
Q9UM01	Q9UM01	YLAT1_HUMAN	1	PF13520	511	direct
Q9UM19	Q9UM19	HPCL4_HUMAN	2	PF00036;PF13499	191	direct
Q9UM44	Q9UM44	HHLA2_HUMAN	2	PF07654;PF07686	414	direct
Q9UM47	Q9UM47	NOTC3_HUMAN	8	PF00023;PF12796;PF00008;PF07645;PF12661;PF06816;PF07684;PF00066	2321	direct
Q9UMN6	Q9UMN6	KMT2B_HUMAN	6	PF05965;PF05964;PF00628;PF00856;PF02008;PF13771	2715	direct
Q9UMR2	Q9UMR2	DD19B_HUMAN	2	PF00270;PF00271	479	direct
Q9UMY1	Q9UMY1	UTP16_HUMAN	1	PF08157	257	direct
Q9UN86	Q9UN86	G3BP2_HUMAN	2	PF02136;PF00076	482	direct
Q9UNA0	Q9UNA0	ATS5_HUMAN	6	PF17771;PF19236;PF05986;PF01421;PF19030;PF00090	930	direct
Q9UNE2	Q9UNE2	RPH3L_HUMAN	1	PF02318	315	direct
Q9UNE7	Q9UNE7	CHIP_HUMAN	3	PF12895;PF18391;PF04564	303	direct
Q9UNF0	Q9UNF0	PACN2_HUMAN	2	PF00611;PF14604	486	direct
Q9UNF1	Q9UNF1	MAGD2_HUMAN	1	PF01454	606	direct
Q9UNH6	Q9UNH6	SNX7_HUMAN	1	PF00787	387	direct
Q9UNH7	Q9UNH7	SNX6_HUMAN	2	PF00787;PF09325	406	direct
Q9UNK0	Q9UNK0	STX8_HUMAN	1	PF05739	236	direct
Q9UNL4	Q9UNL4	ING4_HUMAN	1	PF12998	249	direct
Q9UNM6	Q9UNM6	PSD13_HUMAN	2	PF01399;PF22037	376	direct
Q9UNN5	Q9UNN5	FAF1_HUMAN	3	PF21021;PF14555;PF00789	650	direct
Q9UNZ5	Q9UNZ5	L10K_HUMAN	1	PF09495	99	direct
Q9UP83	Q9UP83	COG5_HUMAN	2	PF20649;PF10392	860	direct
Q9UPC5	Q9UPC5	GPR34_HUMAN	1	PF00001	381	direct
Q9UPC7	Q9UPC7	Q9UPC7_HUMAN	0		22	direct
Q9UPG8	Q9UPG8	PLAL2_HUMAN	2	PF00096;PF13912	496	direct
Q9UPN3	Q9UPN3	MACF1_HUMAN	11	PF00307;PF13499;PF02187;PF00681;PF17902;PF00435;PF18373;PF21019;PF21020;PF27015;PF21097	7388	direct
Q9UPN4	Q9UPN4	CP131_HUMAN	2	PF27695;PF27681	1083	direct
Q9UPN7	Q9UPN7	PP6R1_HUMAN	1	PF04499	881	direct
Q9UPQ0	Q9UPQ0	LIMC1_HUMAN	3	PF00307;PF15949;PF00412	1083	direct
Q9UPQ9	Q9UPQ9	TNR6B_HUMAN	2	PF10427;PF16608	1833	direct
Q9UPT5	Q9UPT5	EXOC7_HUMAN	2	PF03081;PF20669	735	direct
Q9UPU9	Q9UPU9	SMAG1_HUMAN	3	PF26034;PF00536;PF25479	718	direct
Q9UQ35	Q9UQ35	SRRM2_HUMAN	1	PF08312	2752	direct
Q9UQ53	Q9UQ53	MGT4B_HUMAN	2	PF04666;PF23524	548	direct
Q9UQ80	Q9UQ80	PA2G4_HUMAN	1	PF00557	394	direct
Q9UQB8	Q9UQB8	BAIP2_HUMAN	2	PF08397;PF07653	552	direct
Q9UQC1	Q9UQC1	Q9UQC1_HUMAN	1	PF00012	151	direct
Q9UQE7	Q9UQE7	SMC3_HUMAN	2	PF06470;PF02463	1217	direct
Q9UQM3	Q9UQM3	Q9UQM3_HUMAN	2	PF00091;PF03953	328	direct
Q9Y219	Q9Y219	JAG2_HUMAN	7	PF01414;PF00008;PF07645;PF21700;PF12661;PF23575;PF07657	1238	direct
Q9Y222	Q9Y222	DMTF1_HUMAN	2	PF20588;PF00249	760	direct
Q9Y224	Q9Y224	RTRAF_HUMAN	1	PF10036	244	direct
Q9Y227	Q9Y227	ENTP4_HUMAN	1	PF01150	616	direct
Q9Y228	Q9Y228	T3JAM_HUMAN	1	PF27557	551	direct
Q9Y239	Q9Y239	NOD1_HUMAN	5	PF00619;PF13516;PF05729;PF17776;PF17779	953	direct
Q9Y244	Q9Y244	POMP_HUMAN	1	PF05348	141	direct
Q9Y253	Q9Y253	POLH_HUMAN	4	PF00817;PF11799;PF21704;PF18439	713	direct
Q9Y286	Q9Y286	SIGL7_HUMAN	3	PF13895;PF27822;PF07686	467	direct
Q9Y287	Q9Y287	ITM2B_HUMAN	1	PF04089	266	direct
Q9Y296	Q9Y296	TPPC4_HUMAN	1	PF04099	219	direct
Q9Y2A7	Q9Y2A7	NCKP1_HUMAN	1	PF09735	1128	direct
Q9Y2B0	Q9Y2B0	CNPY2_HUMAN	1	PF11938	182	direct
Q9Y2C9	Q9Y2C9	TLR6_HUMAN	3	PF13855;PF01463;PF01582	796	direct
Q9Y2F5	Q9Y2F5	ICE1_HUMAN	1	PF25817	2266	direct
Q9Y2F9	Q9Y2F9	BTBD3_HUMAN	3	PF07707;PF00651;PF08005	522	direct
Q9Y2G2	Q9Y2G2	CARD8_HUMAN	3	PF00619;PF13553;PF23679	537	direct
Q9Y2G9	Q9Y2G9	SBNO2_HUMAN	3	PF13872;PF13871;PF25373	1366	direct
Q9Y2H0	Q9Y2H0	DLGP4_HUMAN	1	PF03359	992	direct
Q9Y2H6	Q9Y2H6	FND3A_HUMAN	1	PF00041	1198	direct
Q9Y2J2	Q9Y2J2	E41L3_HUMAN	6	PF05902;PF08736;PF09380;PF00373;PF09379;PF04382	1087	direct
Q9Y2K1	Q9Y2K1	ZBTB1_HUMAN	1	PF00651	713	direct
Q9Y2K5	Q9Y2K5	R3HD2_HUMAN	1	PF01424	976	direct
Q9Y2K7	Q9Y2K7	KDM2A_HUMAN	4	PF12937;PF17811;PF16866;PF02008	1162	direct
Q9Y2L1	Q9Y2L1	RRP44_HUMAN	5	PF17849;PF13638;PF00773;PF17216;PF17215	958	direct
Q9Y2L5	Q9Y2L5	TPPC8_HUMAN	5	PF24545;PF24544;PF24546;PF24542;PF12739	1435	direct
Q9Y2L8	Q9Y2L8	ZKSC5_HUMAN	3	PF01352;PF02023;PF00096	839	direct
Q9Y2L9	Q9Y2L9	LRCH1_HUMAN	2	PF00307;PF13855	728	direct
Q9Y2M2	Q9Y2M2	SSUH2_HUMAN	0		375	direct
Q9Y2M5	Q9Y2M5	KLH20_HUMAN	4	PF07707;PF00651;PF01344;PF24681	609	direct
Q9Y2R2	Q9Y2R2	PTN22_HUMAN	1	PF00102	807	direct
Q9Y2T2	Q9Y2T2	AP3M1_HUMAN	2	PF00928;PF01217	418	direct
Q9Y2U8	Q9Y2U8	MAN1_HUMAN	2	PF03020;PF09402	911	direct
Q9Y2U9	Q9Y2U9	KLDC2_HUMAN	1	PF24681	406	direct
Q9Y2W1	Q9Y2W1	TR150_HUMAN	1	PF15440	955	direct
Q9Y2W2	Q9Y2W2	WBP11_HUMAN	1	PF09429	641	direct
Q9Y2X7	Q9Y2X7	GIT1_HUMAN	5	PF12796;PF01412;PF12205;PF16559;PF08518	761	direct
Q9Y2X9	Q9Y2X9	ZN281_HUMAN	1	PF00096	895	direct
Q9Y2Z0	Q9Y2Z0	SGT1_HUMAN	3	PF04969;PF05002;PF13432	365	direct
Q9Y2Z2	Q9Y2Z2	MTO1_HUMAN	3	PF01134;PF21680;PF13932	717	direct
Q9Y2Z4	Q9Y2Z4	SYYM_HUMAN	1	PF00579	477	direct
Q9Y303	Q9Y303	NAGA_HUMAN	1	PF01979	409	direct
Q9Y305	Q9Y305	ACOT9_HUMAN	1	PF03061	439	direct
Q9Y371	Q9Y371	SHLB1_HUMAN	2	PF03114;PF14604	365	direct
Q9Y376	Q9Y376	CAB39_HUMAN	1	PF08569	341	direct
Q9Y383	Q9Y383	LC7L2_HUMAN	1	PF03194	392	direct
Q9Y394	Q9Y394	DHRS7_HUMAN	1	PF00106	339	direct
Q9Y3A2	Q9Y3A2	UTP11_HUMAN	1	PF03998	253	direct
Q9Y3A5	Q9Y3A5	SBDS_HUMAN	3	PF20268;PF09377;PF01172	250	direct
Q9Y3B2	Q9Y3B2	EXOS1_HUMAN	2	PF14382;PF10447	195	direct
Q9Y3C0	Q9Y3C0	WASC3_HUMAN	1	PF10152	194	direct
Q9Y3C5	Q9Y3C5	RNF11_HUMAN	1	PF13639	154	direct
Q9Y3C8	Q9Y3C8	UFC1_HUMAN	1	PF08694	167	direct
Q9Y3D0	Q9Y3D0	CIA2B_HUMAN	1	PF01883	163	direct
Q9Y3E1	Q9Y3E1	HDGR3_HUMAN	1	PF00855	203	direct
Q9Y3I1	Q9Y3I1	FBX7_HUMAN	2	PF12937;PF11566	522	direct
Q9Y3L5	Q9Y3L5	RAP2C_HUMAN	1	PF00071	183	direct
Q9Y3M2	Q9Y3M2	CBY1_HUMAN	1	PF14645	126	direct
Q9Y3P9	Q9Y3P9	RBGP1_HUMAN	3	PF12473;PF00640;PF00566	1069	direct
Q9Y3Q0	Q9Y3Q0	NALD2_HUMAN	3	PF02225;PF04389;PF04253	740	direct
Q9Y3Q8	Q9Y3Q8	T22D4_HUMAN	1	PF01166	395	direct
Q9Y3S1	Q9Y3S1	WNK2_HUMAN	3	PF24889;PF12202;PF00069	2297	direct
Q9Y3S2	Q9Y3S2	ZN330_HUMAN	1	PF06524	320	direct
Q9Y3T9	Q9Y3T9	NOC2L_HUMAN	1	PF03715	749	direct
Q9Y3X0	Q9Y3X0	CCDC9_HUMAN	1	PF15266	531	direct
Q9Y3Y2	Q9Y3Y2	CHTOP_HUMAN	1	PF13865	248	direct
Q9Y426	Q9Y426	C2CD2_HUMAN	2	PF00168;PF18696	696	direct
Q9Y450	Q9Y450	HBS1L_HUMAN	4	PF22594;PF00009;PF03144;PF08938	684	direct
Q9Y462	Q9Y462	ZN711_HUMAN	2	PF00096;PF04704	761	direct
Q9Y484	Q9Y484	WIPI4_HUMAN	1	PF21032	360	direct
Q9Y4A0	Q9Y4A0	JERKL_HUMAN	3	PF04218;PF03184;PF03221	524	direct
Q9Y4C4	Q9Y4C4	MFHA1_HUMAN	1	PF13855	1052	direct
Q9Y4D1	Q9Y4D1	DAAM1_HUMAN	3	PF06367;PF06371;PF02181	1078	direct
Q9Y4E1	Q9Y4E1	WAC2C_HUMAN	1	PF15255	1341	direct
Q9Y4F9	Q9Y4F9	RIPR2_HUMAN	1	PF15903	1068	direct
Q9Y4I1	Q9Y4I1	MYO5A_HUMAN	4	PF01843;PF00612;PF25966;PF00063	1855	direct
Q9Y4J8	Q9Y4J8	DTNA_HUMAN	3	PF09068;PF09069;PF00569	743	direct
Q9Y4K3	Q9Y4K3	TRAF6_HUMAN	4	PF21355;PF18048;PF13923;PF02176	522	direct
Q9Y4M8	Q9Y4M8	CH071_HUMAN	0		146	direct
Q9Y4P0	Q9Y4P0	Q9Y4P0_HUMAN	0		180	direct
Q9Y4P8	Q9Y4P8	WIPI2_HUMAN	1	PF21032	454	direct
Q9Y4R7	Q9Y4R7	TTLL3_HUMAN	1	PF03133	772	direct
Q9Y4W6	Q9Y4W6	AFG32_HUMAN	4	PF00004;PF17862;PF06480;PF01434	797	direct
Q9Y512	Q9Y512	SAM50_HUMAN	1	PF01103	469	direct
Q9Y520	Q9Y520	PRC2C_HUMAN	1	PF07001	2896	direct
Q9Y575	Q9Y575	ASB3_HUMAN	3	PF00023;PF12796;PF07525	518	direct
Q9Y5B0	Q9Y5B0	CTDP1_HUMAN	4	PF00533;PF26077;PF09309;PF03031	961	direct
Q9Y5B9	Q9Y5B9	SP16H_HUMAN	6	PF14826;PF00557;PF24824;PF08512;PF08644;PF21091	1047	direct
Q9Y5P3	Q9Y5P3	RAI2_HUMAN	1	PF15279	530	direct
Q9Y5P4	Q9Y5P4	CERT_HUMAN	2	PF00169;PF01852	624	direct
Q9Y5Q9	Q9Y5Q9	TF3C3_HUMAN	1	PF13181	886	direct
Q9Y5S2	Q9Y5S2	MRCKB_HUMAN	6	PF00130;PF00780;PF08826;PF15796;PF25346;PF00069	1711	direct
Q9Y5X1	Q9Y5X1	SNX9_HUMAN	3	PF10456;PF00787;PF07653	595	direct
Q9Y5X3	Q9Y5X3	SNX5_HUMAN	2	PF00787;PF09325	404	direct
Q9Y5X9	Q9Y5X9	LIPG_HUMAN	2	PF00151;PF01477	500	direct
Q9Y5Z7	Q9Y5Z7	HCFC2_HUMAN	1	PF13854	792	direct
Q9Y5Z9	Q9Y5Z9	UBIA1_HUMAN	1	PF01040	338	direct
Q9Y605	Q9Y605	MOFA1_HUMAN	1	PF15155	127	direct
Q9Y608	Q9Y608	LRRF2_HUMAN	1	PF09738	721	direct
Q9Y618	Q9Y618	NCOR2_HUMAN	2	PF15784;PF00249	2514	direct
Q9Y653	Q9Y653	AGRG1_HUMAN	4	PF00002;PF18619;PF01825;PF18587	693	direct
Q9Y655	Q9Y655	Q9Y655_HUMAN	1	PF00076	547	direct
Q9Y657	Q9Y657	SPIN1_HUMAN	1	PF02513	262	direct
Q9Y678	Q9Y678	COPG1_HUMAN	3	PF01602;PF16381;PF08752	874	direct
Q9Y679	Q9Y679	AUP1_HUMAN	1	PF02845	410	direct
Q9Y6A1	Q9Y6A1	POMT1_HUMAN	3	PF02815;PF02366;PF16192	747	direct
Q9Y6B2	Q9Y6B2	EID1_HUMAN	1	PF27924	187	direct
Q9Y6C2	Q9Y6C2	EMIL1_HUMAN	3	PF00386;PF01391;PF07546	1016	direct
Q9Y6D5	Q9Y6D5	BIG2_HUMAN	5	PF20252;PF16213;PF01369;PF09324;PF12783	1785	direct
Q9Y6D6	Q9Y6D6	BIG1_HUMAN	5	PF20252;PF16213;PF01369;PF09324;PF12783	1849	direct
Q9Y6G1	Q9Y6G1	TM14A_HUMAN	1	PF03647	99	direct
Q9Y6H1	Q9Y6H1	CHCH2_HUMAN	1	PF06747	151	direct
Q9Y6H5	Q9Y6H5	SNCAP_HUMAN	2	PF12796;PF16700	919	direct
Q9Y6I3	Q9Y6I3	EPN1_HUMAN	1	PF01417	576	direct
Q9Y6I7	Q9Y6I7	WSB1_HUMAN	2	PF07525;PF00400	421	direct
Q9Y6K0	Q9Y6K0	CEPT1_HUMAN	1	PF01066	416	direct
Q9Y6K1	Q9Y6K1	DNM3A_HUMAN	5	PF17980;PF00145;PF22855;PF21255;PF00855	912	direct
Q9Y6K9	Q9Y6K9	NEMO_HUMAN	3	PF16516;PF11577;PF18414	419	direct
Q9Y6M1	Q9Y6M1	IF2B2_HUMAN	2	PF00013;PF00076	599	direct
Q9Y6Q2	Q9Y6Q2	STON1_HUMAN	1	PF00928	735	direct
Q9Y6Q9	Q9Y6Q9	NCOA3_HUMAN	8	PF23172;PF07469;PF16279;PF16665;PF08815;PF00989;PF14598;PF08832	1424	direct
Q9Y6R0	Q9Y6R0	NUMBL_HUMAN	2	PF06311;PF00640	609	direct
Q9Y6R1	Q9Y6R1	S4A4_HUMAN	2	PF07565;PF00955	1079	direct
Q9Y6R7	Q9Y6R7	FCGBP_HUMAN	5	PF08742;PF17517;PF01826;PF12714;PF00094	5405	direct
Q9Y6W3	Q9Y6W3	CAN7_HUMAN	3	PF01067;PF04212;PF00648	813	direct
Q9Y6X2	Q9Y6X2	PIAS3_HUMAN	3	PF14324;PF02037;PF02891	628	direct
Q9Y6X8	Q9Y6X8	ZHX2_HUMAN	2	PF00046;PF18387	837	direct
Q9Y6Y9	Q9Y6Y9	LY96_HUMAN	1	PF02221	160	direct
